../internal/bits.h:622:27: warning: binary expression on capability types 'VALUE' (aka 'unsigned __intcap') and 'VALUE'; it is not clear which should be used as the source of provenance; currently provenance is inherited from the left-hand side [-Wcheri-provenance]
../internal/bits.h:646:28: warning: binary expression on capability types 'VALUE' (aka 'unsigned __intcap') and 'VALUE'; it is not clear which should be used as the source of provenance; currently provenance is inherited from the left-hand side [-Wcheri-provenance]
../internal/numeric.h:214:39: warning: binary expression on capability types 'unsigned __intcap' and 'unsigned __intcap'; it is not clear which should be used as the source of provenance; currently provenance is inherited from the left-hand side [-Wcheri-provenance]
../array.c:3078:22: warning: format specifies type 'long' but the argument has type 'VALUE' (aka 'unsigned __intcap') [-Wformat]
../array.c:3561:22: warning: format specifies type 'long' but the argument has type 'VALUE' (aka 'unsigned __intcap') [-Wformat]
../array.c:4459:18: warning: format specifies type 'long' but the argument has type 'VALUE' (aka 'unsigned __intcap') [-Wformat]
../internal/bits.h:622:27: warning: binary expression on capability types 'VALUE' (aka 'unsigned __intcap') and 'VALUE'; it is not clear which should be used as the source of provenance; currently provenance is inherited from the left-hand side [-Wcheri-provenance]
../internal/bits.h:646:28: warning: binary expression on capability types 'VALUE' (aka 'unsigned __intcap') and 'VALUE'; it is not clear which should be used as the source of provenance; currently provenance is inherited from the left-hand side [-Wcheri-provenance]
../internal/numeric.h:214:39: warning: binary expression on capability types 'unsigned __intcap' and 'unsigned __intcap'; it is not clear which should be used as the source of provenance; currently provenance is inherited from the left-hand side [-Wcheri-provenance]
../internal/bits.h:622:27: warning: binary expression on capability types 'VALUE' (aka 'unsigned __intcap') and 'VALUE'; it is not clear which should be used as the source of provenance; currently provenance is inherited from the left-hand side [-Wcheri-provenance]
../internal/bits.h:646:28: warning: binary expression on capability types 'VALUE' (aka 'unsigned __intcap') and 'VALUE'; it is not clear which should be used as the source of provenance; currently provenance is inherited from the left-hand side [-Wcheri-provenance]
../internal/numeric.h:214:39: warning: binary expression on capability types 'unsigned __intcap' and 'unsigned __intcap'; it is not clear which should be used as the source of provenance; currently provenance is inherited from the left-hand side [-Wcheri-provenance]
../bignum.c:3765:72: warning: format specifies type 'long' but the argument has type 'VALUE' (aka 'unsigned __intcap') [-Wformat]
../class.c:348:18: warning: format specifies type 'long' but the argument has type 'VALUE' (aka 'unsigned __intcap') [-Wformat]
../class.c:992:28: warning: format specifies type 'long' but the argument has type 'VALUE' (aka 'unsigned __intcap') [-Wformat]
../class.c:1029:22: warning: format specifies type 'long' but the argument has type 'VALUE' (aka 'unsigned __intcap') [-Wformat]
../class.c:1029:29: warning: format specifies type 'long' but the argument has type 'VALUE' (aka 'unsigned __intcap') [-Wformat]
../class.c:1029:44: warning: format specifies type 'long' but the argument has type 'VALUE' (aka 'unsigned __intcap') [-Wformat]
../class.c:1035:22: warning: format specifies type 'long' but the argument has type 'VALUE' (aka 'unsigned __intcap') [-Wformat]
../class.c:1035:29: warning: format specifies type 'long' but the argument has type 'VALUE' (aka 'unsigned __intcap') [-Wformat]
../class.c:1035:44: warning: format specifies type 'long' but the argument has type 'VALUE' (aka 'unsigned __intcap') [-Wformat]
../class.c:1035:65: warning: format specifies type 'long' but the argument has type 'VALUE' (aka 'unsigned __intcap') [-Wformat]
../class.c:1042:18: warning: format specifies type 'long' but the argument has type 'VALUE' (aka 'unsigned __intcap') [-Wformat]
../class.c:1042:40: warning: format specifies type 'long' but the argument has type 'VALUE' (aka 'unsigned __intcap') [-Wformat]
../class.c:1107:28: warning: format specifies type 'long' but the argument has type 'VALUE' (aka 'unsigned __intcap') [-Wformat]
../class.c:1136:22: warning: format specifies type 'long' but the argument has type 'VALUE' (aka 'unsigned __intcap') [-Wformat]
../class.c:1136:29: warning: format specifies type 'long' but the argument has type 'VALUE' (aka 'unsigned __intcap') [-Wformat]
../class.c:1136:44: warning: format specifies type 'long' but the argument has type 'VALUE' (aka 'unsigned __intcap') [-Wformat]
../class.c:1720:76: warning: format specifies type 'long' but the argument has type 'VALUE' (aka 'unsigned __intcap') [-Wformat]
../compar.c:39:14: warning: format specifies type 'long' but the argument has type 'VALUE' (aka 'unsigned __intcap') [-Wformat]
../compar.c:39:31: warning: format specifies type 'long' but the argument has type 'VALUE' (aka 'unsigned __intcap') [-Wformat]
../internal/bits.h:622:27: warning: binary expression on capability types 'VALUE' (aka 'unsigned __intcap') and 'VALUE'; it is not clear which should be used as the source of provenance; currently provenance is inherited from the left-hand side [-Wcheri-provenance]
../internal/bits.h:646:28: warning: binary expression on capability types 'VALUE' (aka 'unsigned __intcap') and 'VALUE'; it is not clear which should be used as the source of provenance; currently provenance is inherited from the left-hand side [-Wcheri-provenance]
../internal/numeric.h:214:39: warning: binary expression on capability types 'unsigned __intcap' and 'unsigned __intcap'; it is not clear which should be used as the source of provenance; currently provenance is inherited from the left-hand side [-Wcheri-provenance]
../vm_callinfo.h:140:50: warning: binary expression on capability types 'VALUE' (aka 'unsigned __intcap') and 'unsigned __intcap'; it is not clear which should be used as the source of provenance; currently provenance is inherited from the left-hand side [-Wcheri-provenance]
../vm_callinfo.h:151:67: warning: binary expression on capability types 'VALUE' (aka 'unsigned __intcap') and 'unsigned __intcap'; it is not clear which should be used as the source of provenance; currently provenance is inherited from the left-hand side [-Wcheri-provenance]
../vm_callinfo.h:162:67: warning: binary expression on capability types 'VALUE' (aka 'unsigned __intcap') and 'unsigned __intcap'; it is not clear which should be used as the source of provenance; currently provenance is inherited from the left-hand side [-Wcheri-provenance]
../vm_callinfo.h:216:25: warning: binary expression on capability types 'ID' (aka 'unsigned __intcap') and 'unsigned __intcap'; it is not clear which should be used as the source of provenance; currently provenance is inherited from the left-hand side [-Wcheri-provenance]
../compile.c:662:5: warning: overflow in expression; result is 9223372036854775807 with type 'long' [-Winteger-overflow]
../compile.c:662:5: warning: shift count >= width of type [-Wshift-count-overflow]
../compile.c:710:27: warning: format specifies type 'long' but the argument has type 'VALUE' (aka 'unsigned __intcap') [-Wformat]
../compile.c:3818:40: warning: binary expression on capability types 'VALUE' (aka 'unsigned __intcap') and 'unsigned __intcap'; it is not clear which should be used as the source of provenance; currently provenance is inherited from the left-hand side [-Wcheri-provenance]
../compile.c:4141:37: warning: binary expression on capability types 'VALUE' (aka 'unsigned __intcap') and 'unsigned __intcap'; it is not clear which should be used as the source of provenance; currently provenance is inherited from the left-hand side [-Wcheri-provenance]
../compile.c:4164:37: warning: binary expression on capability types 'VALUE' (aka 'unsigned __intcap') and 'unsigned __intcap'; it is not clear which should be used as the source of provenance; currently provenance is inherited from the left-hand side [-Wcheri-provenance]
../compile.c:4203:40: warning: binary expression on capability types 'VALUE' (aka 'unsigned __intcap') and 'unsigned __intcap'; it is not clear which should be used as the source of provenance; currently provenance is inherited from the left-hand side [-Wcheri-provenance]
../compile.c:6258:50: warning: format specifies type 'long' but the argument has type 'VALUE' (aka 'unsigned __intcap') [-Wformat]
../compile.c:6261:69: warning: format specifies type 'long' but the argument has type 'VALUE' (aka 'unsigned __intcap') [-Wformat]
../compile.c:7532:117: warning: format specifies type 'long' but the argument has type 'VALUE' (aka 'unsigned __intcap') [-Wformat]
../compile.c:7650:31: warning: format specifies type 'long' but the argument has type 'VALUE' (aka 'unsigned __intcap') [-Wformat]
../compile.c:7669:31: warning: format specifies type 'long' but the argument has type 'VALUE' (aka 'unsigned __intcap') [-Wformat]
../compile.c:7676:27: warning: format specifies type 'long' but the argument has type 'VALUE' (aka 'unsigned __intcap') [-Wformat]
../compile.c:9486:43: warning: binary expression on capability types 'VALUE' (aka 'unsigned __intcap') and 'unsigned __intcap'; it is not clear which should be used as the source of provenance; currently provenance is inherited from the left-hand side [-Wcheri-provenance]
../compile.c:9527:43: warning: binary expression on capability types 'VALUE' (aka 'unsigned __intcap') and 'unsigned __intcap'; it is not clear which should be used as the source of provenance; currently provenance is inherited from the left-hand side [-Wcheri-provenance]
../compile.c:10226:40: warning: binary expression on capability types 'VALUE' (aka 'unsigned __intcap') and 'unsigned __intcap'; it is not clear which should be used as the source of provenance; currently provenance is inherited from the left-hand side [-Wcheri-provenance]
../compile.c:10230:40: warning: binary expression on capability types 'VALUE' (aka 'unsigned __intcap') and 'unsigned __intcap'; it is not clear which should be used as the source of provenance; currently provenance is inherited from the left-hand side [-Wcheri-provenance]
../compile.c:10763:27: warning: format specifies type 'long' but the argument has type 'VALUE' (aka 'unsigned __intcap') [-Wformat]
../compile.c:10885:31: warning: format specifies type 'long' but the argument has type 'VALUE' (aka 'unsigned __intcap') [-Wformat]
../compile.c:11229:103: warning: format specifies type 'long' but the argument has type 'VALUE' (aka 'unsigned __intcap') [-Wformat]
../compile.c:11246:105: warning: format specifies type 'long' but the argument has type 'VALUE' (aka 'unsigned __intcap') [-Wformat]
../compile.c:11494:71: warning: format specifies type 'long' but the argument has type 'VALUE' (aka 'unsigned __intcap') [-Wformat]
../compile.c:11647:72: warning: format specifies type 'long' but the argument has type 'VALUE' (aka 'unsigned __intcap') [-Wformat]
../compile.c:11835:67: warning: format specifies type 'long' but the argument has type 'VALUE' (aka 'unsigned __intcap') [-Wformat]
../compile.c:11989:18: warning: format specifies type 'long' but the argument has type 'VALUE' (aka 'unsigned __intcap') [-Wformat]
../compile.c:11989:23: warning: format specifies type 'long' but the argument has type 'VALUE' (aka 'unsigned __intcap') [-Wformat]
../compile.c:12051:88: warning: format specifies type 'long' but the argument has type 'VALUE' (aka 'unsigned __intcap') [-Wformat]
../compile.c:12187:18: warning: format specifies type 'long' but the argument has type 'VALUE' (aka 'unsigned __intcap') [-Wformat]
../compile.c:12195:18: warning: format specifies type 'long' but the argument has type 'VALUE' (aka 'unsigned __intcap') [-Wformat]
../compile.c:13585:30: warning: format specifies type 'unsigned long' but the argument has type 'VALUE' (aka 'unsigned __intcap') [-Wformat]
../compile.c:13585:56: warning: format specifies type 'long' but the argument has type 'VALUE' (aka 'unsigned __intcap') [-Wformat]
../compile.c:14067:18: warning: format specifies type 'long' but the argument has type 'VALUE' (aka 'unsigned __intcap') [-Wformat]
../prism_compile.c:2870:96: warning: format specifies type 'long' but the argument has type 'VALUE' (aka 'unsigned __intcap') [-Wformat]
../prism_compile.c:2995:110: warning: format specifies type 'long' but the argument has type 'VALUE' (aka 'unsigned __intcap') [-Wformat]
../prism_compile.c:8429:77: warning: format specifies type 'long' but the argument has type 'VALUE' (aka 'unsigned __intcap') [-Wformat]
../prism_compile.c:9449:79: warning: format specifies type 'long' but the argument has type 'VALUE' (aka 'unsigned __intcap') [-Wformat]
../internal/bits.h:622:27: warning: binary expression on capability types 'VALUE' (aka 'unsigned __intcap') and 'VALUE'; it is not clear which should be used as the source of provenance; currently provenance is inherited from the left-hand side [-Wcheri-provenance]
../internal/bits.h:646:28: warning: binary expression on capability types 'VALUE' (aka 'unsigned __intcap') and 'VALUE'; it is not clear which should be used as the source of provenance; currently provenance is inherited from the left-hand side [-Wcheri-provenance]
../internal/numeric.h:214:39: warning: binary expression on capability types 'unsigned __intcap' and 'unsigned __intcap'; it is not clear which should be used as the source of provenance; currently provenance is inherited from the left-hand side [-Wcheri-provenance]
../complex.c:1310:14: warning: format specifies type 'long' but the argument has type 'VALUE' (aka 'unsigned __intcap') [-Wformat]
../complex.c:1310:35: warning: format specifies type 'long' but the argument has type 'VALUE' (aka 'unsigned __intcap') [-Wformat]
../complex.c:1806:18: warning: format specifies type 'long' but the argument has type 'VALUE' (aka 'unsigned __intcap') [-Wformat]
../complex.c:1830:18: warning: format specifies type 'long' but the argument has type 'VALUE' (aka 'unsigned __intcap') [-Wformat]
../complex.c:1863:22: warning: format specifies type 'long' but the argument has type 'VALUE' (aka 'unsigned __intcap') [-Wformat]
../complex.c:1910:17: warning: format specifies type 'long' but the argument has type 'VALUE' (aka 'unsigned __intcap') [-Wformat]
../complex.c:2236:18: warning: format specifies type 'long' but the argument has type 'VALUE' (aka 'unsigned __intcap') [-Wformat]
../vm_callinfo.h:140:50: warning: binary expression on capability types 'VALUE' (aka 'unsigned __intcap') and 'unsigned __intcap'; it is not clear which should be used as the source of provenance; currently provenance is inherited from the left-hand side [-Wcheri-provenance]
../vm_callinfo.h:151:67: warning: binary expression on capability types 'VALUE' (aka 'unsigned __intcap') and 'unsigned __intcap'; it is not clear which should be used as the source of provenance; currently provenance is inherited from the left-hand side [-Wcheri-provenance]
../vm_callinfo.h:162:67: warning: binary expression on capability types 'VALUE' (aka 'unsigned __intcap') and 'unsigned __intcap'; it is not clear which should be used as the source of provenance; currently provenance is inherited from the left-hand side [-Wcheri-provenance]
../vm_callinfo.h:216:25: warning: binary expression on capability types 'ID' (aka 'unsigned __intcap') and 'unsigned __intcap'; it is not clear which should be used as the source of provenance; currently provenance is inherited from the left-hand side [-Wcheri-provenance]
../debug.c:93:38: warning: shift count >= width of type [-Wshift-count-overflow]
../debug.c:93:38: warning: overflow in expression; result is 9223372036854775807 with type 'long' [-Winteger-overflow]
../dir.c:1179:25: warning: format specifies type 'long' but the argument has type 'VALUE' (aka 'unsigned __intcap') [-Wformat]
../encoding.c:228:14: warning: format specifies type 'long' but the argument has type 'VALUE' (aka 'unsigned __intcap') [-Wformat]
../encoding.c:311:70: warning: format specifies type 'long' but the argument has type 'VALUE' (aka 'unsigned __intcap') [-Wformat]
../encoding.c:1284:53: warning: format specifies type 'long' but the argument has type 'VALUE' (aka 'unsigned __intcap') [-Wformat]
../internal/bits.h:622:27: warning: binary expression on capability types 'VALUE' (aka 'unsigned __intcap') and 'VALUE'; it is not clear which should be used as the source of provenance; currently provenance is inherited from the left-hand side [-Wcheri-provenance]
../internal/bits.h:646:28: warning: binary expression on capability types 'VALUE' (aka 'unsigned __intcap') and 'VALUE'; it is not clear which should be used as the source of provenance; currently provenance is inherited from the left-hand side [-Wcheri-provenance]
../internal/numeric.h:214:39: warning: binary expression on capability types 'unsigned __intcap' and 'unsigned __intcap'; it is not clear which should be used as the source of provenance; currently provenance is inherited from the left-hand side [-Wcheri-provenance]
../enum.c:3527:26: warning: format specifies type 'long' but the argument has type 'VALUE' (aka 'unsigned __intcap') [-Wformat]
../internal/bits.h:622:27: warning: binary expression on capability types 'VALUE' (aka 'unsigned __intcap') and 'VALUE'; it is not clear which should be used as the source of provenance; currently provenance is inherited from the left-hand side [-Wcheri-provenance]
../internal/bits.h:646:28: warning: binary expression on capability types 'VALUE' (aka 'unsigned __intcap') and 'VALUE'; it is not clear which should be used as the source of provenance; currently provenance is inherited from the left-hand side [-Wcheri-provenance]
../internal/numeric.h:214:39: warning: binary expression on capability types 'unsigned __intcap' and 'unsigned __intcap'; it is not clear which should be used as the source of provenance; currently provenance is inherited from the left-hand side [-Wcheri-provenance]
../enumerator.c:1108:61: warning: format specifies type 'long' but the argument has type 'VALUE' (aka 'unsigned __intcap') [-Wformat]
../enumerator.c:1112:50: warning: format specifies type 'long' but the argument has type 'VALUE' (aka 'unsigned __intcap') [-Wformat]
../enumerator.c:1125:64: warning: format specifies type 'long' but the argument has type 'VALUE' (aka 'unsigned __intcap') [-Wformat]
../enumerator.c:1125:86: warning: format specifies type 'long' but the argument has type 'VALUE' (aka 'unsigned __intcap') [-Wformat]
../enumerator.c:1128:60: warning: format specifies type 'long' but the argument has type 'VALUE' (aka 'unsigned __intcap') [-Wformat]
../enumerator.c:1128:67: warning: format specifies type 'long' but the argument has type 'VALUE' (aka 'unsigned __intcap') [-Wformat]
../enumerator.c:1141:53: warning: format specifies type 'long' but the argument has type 'VALUE' (aka 'unsigned __intcap') [-Wformat]
../enumerator.c:1141:75: warning: format specifies type 'long' but the argument has type 'VALUE' (aka 'unsigned __intcap') [-Wformat]
../enumerator.c:1161:55: warning: format specifies type 'long' but the argument has type 'VALUE' (aka 'unsigned __intcap') [-Wformat]
../enumerator.c:1161:60: warning: format specifies type 'long' but the argument has type 'VALUE' (aka 'unsigned __intcap') [-Wformat]
../enumerator.c:1499:22: warning: format specifies type 'long' but the argument has type 'VALUE' (aka 'unsigned __intcap') [-Wformat]
../enumerator.c:2437:30: warning: format specifies type 'long' but the argument has type 'VALUE' (aka 'unsigned __intcap') [-Wformat]
../enumerator.c:3336:61: warning: format specifies type 'long' but the argument has type 'VALUE' (aka 'unsigned __intcap') [-Wformat]
../enumerator.c:3340:51: warning: format specifies type 'long' but the argument has type 'VALUE' (aka 'unsigned __intcap') [-Wformat]
../enumerator.c:3343:57: warning: format specifies type 'long' but the argument has type 'VALUE' (aka 'unsigned __intcap') [-Wformat]
../enumerator.c:3343:79: warning: format specifies type 'long' but the argument has type 'VALUE' (aka 'unsigned __intcap') [-Wformat]
../enumerator.c:3692:61: warning: format specifies type 'long' but the argument has type 'VALUE' (aka 'unsigned __intcap') [-Wformat]
../enumerator.c:3696:51: warning: format specifies type 'long' but the argument has type 'VALUE' (aka 'unsigned __intcap') [-Wformat]
../enumerator.c:3699:57: warning: format specifies type 'long' but the argument has type 'VALUE' (aka 'unsigned __intcap') [-Wformat]
../enumerator.c:3699:79: warning: format specifies type 'long' but the argument has type 'VALUE' (aka 'unsigned __intcap') [-Wformat]
../enumerator.c:3889:60: warning: format specifies type 'long' but the argument has type 'VALUE' (aka 'unsigned __intcap') [-Wformat]
../enumerator.c:4211:64: warning: format specifies type 'long' but the argument has type 'VALUE' (aka 'unsigned __intcap') [-Wformat]
../error.c:178:64: warning: format specifies type 'long' but the argument has type 'VALUE' (aka 'unsigned __intcap') [-Wformat]
../error.c:1323:27: warning: format specifies type 'long' but the argument has type 'VALUE' (aka 'unsigned __intcap') [-Wformat]
../error.c:1417:14: warning: format specifies type 'long' but the argument has type 'VALUE' (aka 'unsigned __intcap') [-Wformat]
../error.c:1665:47: warning: format specifies type 'long' but the argument has type 'VALUE' (aka 'unsigned __intcap') [-Wformat]
../error.c:1851:42: warning: format specifies type 'long' but the argument has type 'VALUE' (aka 'unsigned __intcap') [-Wformat]
../error.c:2787:71: warning: format specifies type 'long' but the argument has type 'VALUE' (aka 'unsigned __intcap') [-Wformat]
../error.c:2966:26: warning: format specifies type 'long' but the argument has type 'VALUE' (aka 'unsigned __intcap') [-Wformat]
../error.c:2970:26: warning: format specifies type 'long' but the argument has type 'VALUE' (aka 'unsigned __intcap') [-Wformat]
../error.c:2972:26: warning: format specifies type 'long' but the argument has type 'VALUE' (aka 'unsigned __intcap') [-Wformat]
../error.c:3136:64: warning: format specifies type 'long' but the argument has type 'VALUE' (aka 'unsigned __intcap') [-Wformat]
../error.c:3137:46: warning: format specifies type 'long' but the argument has type 'VALUE' (aka 'unsigned __intcap') [-Wformat]
../error.c:3812:14: warning: format specifies type 'long' but the argument has type 'VALUE' (aka 'unsigned __intcap') [-Wformat]
../error.c:4134:29: warning: format specifies type 'long' but the argument has type 'VALUE' (aka 'unsigned __intcap') [-Wformat]
../error.c:4143:59: warning: format specifies type 'long' but the argument has type 'VALUE' (aka 'unsigned __intcap') [-Wformat]
../eval_error.c:47:49: warning: format specifies type 'long' but the argument has type 'VALUE' (aka 'unsigned __intcap') [-Wformat]
../eval_error.c:51:31: warning: format specifies type 'long' but the argument has type 'VALUE' (aka 'unsigned __intcap') [-Wformat]
../eval_error.c:52:31: warning: format specifies type 'long' but the argument has type 'VALUE' (aka 'unsigned __intcap') [-Wformat]
../eval_error.c:55:52: warning: format specifies type 'long' but the argument has type 'VALUE' (aka 'unsigned __intcap') [-Wformat]
../eval_error.c:259:76: warning: format specifies type 'long' but the argument has type 'VALUE' (aka 'unsigned __intcap') [-Wformat]
../eval_error.c:259:76: warning: format specifies type 'long' but the argument has type 'VALUE' (aka 'unsigned __intcap') [-Wformat]
../eval.c:461:82: warning: format specifies type 'long' but the argument has type 'VALUE' (aka 'unsigned __intcap') [-Wformat]
../eval.c:592:32: warning: format specifies type 'long' but the argument has type 'VALUE' (aka 'unsigned __intcap') [-Wformat]
../eval.c:592:64: warning: format specifies type 'long' but the argument has type 'VALUE' (aka 'unsigned __intcap') [-Wformat]
../eval.c:596:32: warning: format specifies type 'long' but the argument has type 'VALUE' (aka 'unsigned __intcap') [-Wformat]
../eval.c:596:58: warning: format specifies type 'long' but the argument has type 'VALUE' (aka 'unsigned __intcap') [-Wformat]
../eval.c:600:32: warning: format specifies type 'long' but the argument has type 'VALUE' (aka 'unsigned __intcap') [-Wformat]
../eval.c:600:52: warning: format specifies type 'long' but the argument has type 'VALUE' (aka 'unsigned __intcap') [-Wformat]
../eval.c:1292:18: warning: format specifies type 'long' but the argument has type 'VALUE' (aka 'unsigned __intcap') [-Wformat]
../eval.c:1706:116: warning: format specifies type 'long' but the argument has type 'VALUE' (aka 'unsigned __intcap') [-Wformat]
../eval.c:1706:144: warning: format specifies type 'long' but the argument has type 'VALUE' (aka 'unsigned __intcap') [-Wformat]
../eval.c:1728:111: warning: format specifies type 'long' but the argument has type 'VALUE' (aka 'unsigned __intcap') [-Wformat]
../file.c:206:36: warning: format specifies type 'long' but the argument has type 'VALUE' (aka 'unsigned __intcap') [-Wformat]
../file.c:3709:67: warning: format specifies type 'long' but the argument has type 'VALUE' (aka 'unsigned __intcap') [-Wformat]
../file.c:3876:47: warning: format specifies type 'long' but the argument has type 'VALUE' (aka 'unsigned __intcap') [-Wformat]
../internal/bits.h:622:27: warning: binary expression on capability types 'VALUE' (aka 'unsigned __intcap') and 'VALUE'; it is not clear which should be used as the source of provenance; currently provenance is inherited from the left-hand side [-Wcheri-provenance]
../internal/bits.h:646:28: warning: binary expression on capability types 'VALUE' (aka 'unsigned __intcap') and 'VALUE'; it is not clear which should be used as the source of provenance; currently provenance is inherited from the left-hand side [-Wcheri-provenance]
../internal/numeric.h:214:39: warning: binary expression on capability types 'unsigned __intcap' and 'unsigned __intcap'; it is not clear which should be used as the source of provenance; currently provenance is inherited from the left-hand side [-Wcheri-provenance]
../vm_callinfo.h:140:50: warning: binary expression on capability types 'VALUE' (aka 'unsigned __intcap') and 'unsigned __intcap'; it is not clear which should be used as the source of provenance; currently provenance is inherited from the left-hand side [-Wcheri-provenance]
../vm_callinfo.h:151:67: warning: binary expression on capability types 'VALUE' (aka 'unsigned __intcap') and 'unsigned __intcap'; it is not clear which should be used as the source of provenance; currently provenance is inherited from the left-hand side [-Wcheri-provenance]
../vm_callinfo.h:162:67: warning: binary expression on capability types 'VALUE' (aka 'unsigned __intcap') and 'unsigned __intcap'; it is not clear which should be used as the source of provenance; currently provenance is inherited from the left-hand side [-Wcheri-provenance]
../vm_callinfo.h:216:25: warning: binary expression on capability types 'ID' (aka 'unsigned __intcap') and 'unsigned __intcap'; it is not clear which should be used as the source of provenance; currently provenance is inherited from the left-hand side [-Wcheri-provenance]
../gc.c:288:59: warning: format specifies type 'long' but the argument has type 'VALUE' (aka 'unsigned __intcap') [-Wformat]
../gc/default/default.c:1579:67: warning: format specifies type 'long' but the argument has type 'VALUE' (aka 'unsigned __intcap') [-Wformat]
../gc/default/default.c:1582:70: warning: format specifies type 'long' but the argument has type 'VALUE' (aka 'unsigned __intcap') [-Wformat]
../gc/default/default.c:1960:88: warning: format specifies type 'unsigned long' but the argument has type 'unsigned __intcap __attribute__((cheri_no_provenance))' [-Wformat]
../gc/default/default.c:4085:26: warning: binary expression on capability types 'bits_t' (aka 'unsigned __intcap') and 'bits_t'; it is not clear which should be used as the source of provenance; currently provenance is inherited from the left-hand side [-Wcheri-provenance]
../gc/default/default.c:4093:30: warning: binary expression on capability types 'bits_t' (aka 'unsigned __intcap') and 'bits_t'; it is not clear which should be used as the source of provenance; currently provenance is inherited from the left-hand side [-Wcheri-provenance]
../gc/default/default.c:5345:36: warning: binary expression on capability types 'bits_t' (aka 'unsigned __intcap') and 'bits_t'; it is not clear which should be used as the source of provenance; currently provenance is inherited from the left-hand side [-Wcheri-provenance]
../gc/default/default.c:5351:40: warning: binary expression on capability types 'bits_t' (aka 'unsigned __intcap') and 'bits_t'; it is not clear which should be used as the source of provenance; currently provenance is inherited from the left-hand side [-Wcheri-provenance]
../gc/default/default.c:5630:28: warning: binary expression on capability types 'bits_t' (aka 'unsigned __intcap') and 'bits_t'; it is not clear which should be used as the source of provenance; currently provenance is inherited from the left-hand side [-Wcheri-provenance]
../gc/default/default.c:5639:32: warning: binary expression on capability types 'bits_t' (aka 'unsigned __intcap') and 'bits_t'; it is not clear which should be used as the source of provenance; currently provenance is inherited from the left-hand side [-Wcheri-provenance]
../gc/default/default.c:5972:71: warning: binary expression on capability types 'bits_t' (aka 'unsigned __intcap') and 'bits_t'; it is not clear which should be used as the source of provenance; currently provenance is inherited from the left-hand side [-Wcheri-provenance]
../gc/default/default.c:5972:46: warning: binary expression on capability types 'bits_t' (aka 'unsigned __intcap') and 'unsigned __intcap'; it is not clear which should be used as the source of provenance; currently provenance is inherited from the left-hand side [-Wcheri-provenance]
../gc/default/default.c:6085:94: warning: format specifies type 'unsigned long' but the argument has type 'VALUE' (aka 'unsigned __intcap') [-Wformat]
../gc/default/default.c:6086:94: warning: format specifies type 'unsigned long' but the argument has type 'VALUE' (aka 'unsigned __intcap') [-Wformat]
../gc.c:1074:72: warning: format specifies type 'long' but the argument has type 'VALUE' (aka 'unsigned __intcap') [-Wformat]
../gc.c:1448:9: warning: format specifies type 'unsigned long' but the argument has type 'VALUE __attribute__((cheri_no_provenance))' (aka 'unsigned __intcap') [-Wformat]
../gc.c:1472:47: warning: format specifies type 'unsigned long' but the argument has type 'VALUE __attribute__((cheri_no_provenance))' (aka 'unsigned __intcap') [-Wformat]
../gc.c:1498:13: warning: format specifies type 'unsigned long' but the argument has type 'VALUE __attribute__((cheri_no_provenance))' (aka 'unsigned __intcap') [-Wformat]
../gc.c:1634:18: warning: format specifies type 'long' but the argument has type 'VALUE' (aka 'unsigned __intcap') [-Wformat]
../gc.c:1813:71: warning: format specifies type 'long' but the argument has type 'VALUE' (aka 'unsigned __intcap') [-Wformat]
../gc.c:1822:99: warning: format specifies type 'long' but the argument has type 'VALUE' (aka 'unsigned __intcap') [-Wformat]
../gc.c:2023:9: warning: format specifies type 'unsigned long' but the argument has type 'VALUE __attribute__((cheri_no_provenance))' (aka 'unsigned __intcap') [-Wformat]
../gc.c:2693:9: warning: format specifies type 'unsigned long' but the argument has type 'VALUE __attribute__((cheri_no_provenance))' (aka 'unsigned __intcap') [-Wformat]
../gc.c:3015:17: warning: format specifies type 'long' but the argument has type 'VALUE' (aka 'unsigned __intcap') [-Wformat]
../gc.c:3738:59: warning: format specifies type 'long' but the argument has type 'VALUE' (aka 'unsigned __intcap') [-Wformat]
../gc.c:3759:59: warning: format specifies type 'long' but the argument has type 'VALUE' (aka 'unsigned __intcap') [-Wformat]
../gc.c:3777:59: warning: format specifies type 'long' but the argument has type 'VALUE' (aka 'unsigned __intcap') [-Wformat]
../gc.c:3814:59: warning: format specifies type 'long' but the argument has type 'VALUE' (aka 'unsigned __intcap') [-Wformat]
../gc.c:4154:13: warning: format specifies type 'unsigned long' but the argument has type 'VALUE __attribute__((cheri_no_provenance))' (aka 'unsigned __intcap') [-Wformat]
../internal/bits.h:622:27: warning: binary expression on capability types 'VALUE' (aka 'unsigned __intcap') and 'VALUE'; it is not clear which should be used as the source of provenance; currently provenance is inherited from the left-hand side [-Wcheri-provenance]
../internal/bits.h:646:28: warning: binary expression on capability types 'VALUE' (aka 'unsigned __intcap') and 'VALUE'; it is not clear which should be used as the source of provenance; currently provenance is inherited from the left-hand side [-Wcheri-provenance]
../hash.c:326:1: warning: non-void function does not return a value [-Wreturn-type]
../hash.c:1484:54: warning: binary expression on capability types 'unsigned __intcap' and 'VALUE' (aka 'unsigned __intcap'); it is not clear which should be used as the source of provenance; currently provenance is inherited from the left-hand side [-Wcheri-provenance]
../hash.c:1484:54: warning: binary expression on capability types 'unsigned __intcap' and 'VALUE' (aka 'unsigned __intcap'); it is not clear which should be used as the source of provenance; currently provenance is inherited from the left-hand side [-Wcheri-provenance]
../hash.c:1484:54: warning: binary expression on capability types 'unsigned __intcap' and 'VALUE' (aka 'unsigned __intcap'); it is not clear which should be used as the source of provenance; currently provenance is inherited from the left-hand side [-Wcheri-provenance]
../hash.c:2187:70: warning: format specifies type 'long' but the argument has type 'VALUE' (aka 'unsigned __intcap') [-Wformat]
../hash.c:5064:76: warning: format specifies type 'long' but the argument has type 'VALUE' (aka 'unsigned __intcap') [-Wformat]
../vm_callinfo.h:140:50: warning: binary expression on capability types 'VALUE' (aka 'unsigned __intcap') and 'unsigned __intcap'; it is not clear which should be used as the source of provenance; currently provenance is inherited from the left-hand side [-Wcheri-provenance]
../vm_callinfo.h:151:67: warning: binary expression on capability types 'VALUE' (aka 'unsigned __intcap') and 'unsigned __intcap'; it is not clear which should be used as the source of provenance; currently provenance is inherited from the left-hand side [-Wcheri-provenance]
../vm_callinfo.h:162:67: warning: binary expression on capability types 'VALUE' (aka 'unsigned __intcap') and 'unsigned __intcap'; it is not clear which should be used as the source of provenance; currently provenance is inherited from the left-hand side [-Wcheri-provenance]
../vm_callinfo.h:216:25: warning: binary expression on capability types 'ID' (aka 'unsigned __intcap') and 'unsigned __intcap'; it is not clear which should be used as the source of provenance; currently provenance is inherited from the left-hand side [-Wcheri-provenance]
../internal/bits.h:622:27: warning: binary expression on capability types 'VALUE' (aka 'unsigned __intcap') and 'VALUE'; it is not clear which should be used as the source of provenance; currently provenance is inherited from the left-hand side [-Wcheri-provenance]
../internal/bits.h:646:28: warning: binary expression on capability types 'VALUE' (aka 'unsigned __intcap') and 'VALUE'; it is not clear which should be used as the source of provenance; currently provenance is inherited from the left-hand side [-Wcheri-provenance]
../internal/numeric.h:214:39: warning: binary expression on capability types 'unsigned __intcap' and 'unsigned __intcap'; it is not clear which should be used as the source of provenance; currently provenance is inherited from the left-hand side [-Wcheri-provenance]
../io.c:569:43: warning: binary expression on capability types 'unsigned __intcap' and 'unsigned __intcap'; it is not clear which should be used as the source of provenance; currently provenance is inherited from the left-hand side [-Wcheri-provenance]
../io.c:2311:17: warning: format specifies type 'long' but the argument has type 'VALUE' (aka 'unsigned __intcap') [-Wformat]
../io.c:2906:75: warning: format specifies type 'long' but the argument has type 'VALUE' (aka 'unsigned __intcap') [-Wformat]
../io.c:6767:21: warning: format specifies type 'long' but the argument has type 'VALUE' (aka 'unsigned __intcap') [-Wformat]
../io.c:8520:67: warning: format specifies type 'long' but the argument has type 'VALUE' (aka 'unsigned __intcap') [-Wformat]
../io.c:8524:71: warning: format specifies type 'long' but the argument has type 'VALUE' (aka 'unsigned __intcap') [-Wformat]
../io.c:8528:71: warning: format specifies type 'long' but the argument has type 'VALUE' (aka 'unsigned __intcap') [-Wformat]
../io.c:9197:18: warning: format specifies type 'long' but the argument has type 'VALUE' (aka 'unsigned __intcap') [-Wformat]
../io.c:9197:33: warning: format specifies type 'long' but the argument has type 'VALUE' (aka 'unsigned __intcap') [-Wformat]
../io.c:9198:18: warning: format specifies type 'long' but the argument has type 'VALUE' (aka 'unsigned __intcap') [-Wformat]
../io.c:9677:17: warning: format specifies type 'long' but the argument has type 'VALUE' (aka 'unsigned __intcap') [-Wformat]
../io.c:9677:24: warning: format specifies type 'long' but the argument has type 'VALUE' (aka 'unsigned __intcap') [-Wformat]
../io.c:9870:60: warning: format specifies type 'long' but the argument has type 'VALUE' (aka 'unsigned __intcap') [-Wformat]
../io.c:10183:37: warning: format specifies type 'long' but the argument has type 'VALUE' (aka 'unsigned __intcap') [-Wformat]
../io.c:10183:47: warning: format specifies type 'long' but the argument has type 'VALUE' (aka 'unsigned __intcap') [-Wformat]
../io.c:10195:37: warning: format specifies type 'long' but the argument has type 'VALUE' (aka 'unsigned __intcap') [-Wformat]
../io.c:10219:37: warning: format specifies type 'long' but the argument has type 'VALUE' (aka 'unsigned __intcap') [-Wformat]
../io.c:10219:47: warning: format specifies type 'long' but the argument has type 'VALUE' (aka 'unsigned __intcap') [-Wformat]
../io.c:10878:36: warning: format specifies type 'long' but the argument has type 'VALUE' (aka 'unsigned __intcap') [-Wformat]
../io.c:10878:62: warning: format specifies type 'long' but the argument has type 'VALUE' (aka 'unsigned __intcap') [-Wformat]
../io.c:10899:70: warning: format specifies type 'long' but the argument has type 'VALUE' (aka 'unsigned __intcap') [-Wformat]
../io.c:11691:68: warning: format specifies type 'long' but the argument has type 'VALUE' (aka 'unsigned __intcap') [-Wformat]
../internal/bits.h:622:27: warning: binary expression on capability types 'VALUE' (aka 'unsigned __intcap') and 'VALUE'; it is not clear which should be used as the source of provenance; currently provenance is inherited from the left-hand side [-Wcheri-provenance]
../internal/bits.h:646:28: warning: binary expression on capability types 'VALUE' (aka 'unsigned __intcap') and 'VALUE'; it is not clear which should be used as the source of provenance; currently provenance is inherited from the left-hand side [-Wcheri-provenance]
../internal/numeric.h:214:39: warning: binary expression on capability types 'unsigned __intcap' and 'unsigned __intcap'; it is not clear which should be used as the source of provenance; currently provenance is inherited from the left-hand side [-Wcheri-provenance]
../internal/bits.h:622:27: warning: binary expression on capability types 'VALUE' (aka 'unsigned __intcap') and 'VALUE'; it is not clear which should be used as the source of provenance; currently provenance is inherited from the left-hand side [-Wcheri-provenance]
../internal/bits.h:646:28: warning: binary expression on capability types 'VALUE' (aka 'unsigned __intcap') and 'VALUE'; it is not clear which should be used as the source of provenance; currently provenance is inherited from the left-hand side [-Wcheri-provenance]
../internal/numeric.h:214:39: warning: binary expression on capability types 'unsigned __intcap' and 'unsigned __intcap'; it is not clear which should be used as the source of provenance; currently provenance is inherited from the left-hand side [-Wcheri-provenance]
../vm_callinfo.h:140:50: warning: binary expression on capability types 'VALUE' (aka 'unsigned __intcap') and 'unsigned __intcap'; it is not clear which should be used as the source of provenance; currently provenance is inherited from the left-hand side [-Wcheri-provenance]
../vm_callinfo.h:151:67: warning: binary expression on capability types 'VALUE' (aka 'unsigned __intcap') and 'unsigned __intcap'; it is not clear which should be used as the source of provenance; currently provenance is inherited from the left-hand side [-Wcheri-provenance]
../vm_callinfo.h:162:67: warning: binary expression on capability types 'VALUE' (aka 'unsigned __intcap') and 'unsigned __intcap'; it is not clear which should be used as the source of provenance; currently provenance is inherited from the left-hand side [-Wcheri-provenance]
../vm_callinfo.h:216:25: warning: binary expression on capability types 'ID' (aka 'unsigned __intcap') and 'unsigned __intcap'; it is not clear which should be used as the source of provenance; currently provenance is inherited from the left-hand side [-Wcheri-provenance]
../iseq.c:1197:66: warning: format specifies type 'long' but the argument has type 'VALUE' (aka 'unsigned __intcap') [-Wformat]
../iseq.c:1501:22: warning: format specifies type 'long' but the argument has type 'VALUE' (aka 'unsigned __intcap') [-Wformat]
../iseq.c:1934:61: warning: format specifies type 'long' but the argument has type 'VALUE' (aka 'unsigned __intcap') [-Wformat]
../iseq.c:1938:27: warning: format specifies type 'long' but the argument has type 'VALUE' (aka 'unsigned __intcap') [-Wformat]
../iseq.c:1939:27: warning: format specifies type 'long' but the argument has type 'VALUE' (aka 'unsigned __intcap') [-Wformat]
../iseq.c:1939:49: warning: format specifies type 'long' but the argument has type 'VALUE' (aka 'unsigned __intcap') [-Wformat]
../iseq.c:2407:40: warning: format specifies type 'long' but the argument has type 'VALUE' (aka 'unsigned __intcap') [-Wformat]
../iseq.c:2435:40: warning: format specifies type 'unsigned long' but the argument has type 'VALUE' (aka 'unsigned __intcap') [-Wformat]
../iseq.c:2518:63: warning: format specifies type 'long' but the argument has type 'VALUE' (aka 'unsigned __intcap') [-Wformat]
../iseq.c:2526:66: warning: format specifies type 'long' but the argument has type 'VALUE' (aka 'unsigned __intcap') [-Wformat]
../iseq.c:2549:57: warning: format specifies type 'long' but the argument has type 'VALUE' (aka 'unsigned __intcap') [-Wformat]
../iseq.c:2701:27: warning: format specifies type 'long' but the argument has type 'VALUE' (aka 'unsigned __intcap') [-Wformat]
../iseq.c:2701:49: warning: format specifies type 'long' but the argument has type 'VALUE' (aka 'unsigned __intcap') [-Wformat]
../iseq.c:2823:30: warning: format specifies type 'long' but the argument has type 'VALUE' (aka 'unsigned __intcap') [-Wformat]
../internal/bits.h:622:27: warning: binary expression on capability types 'VALUE' (aka 'unsigned __intcap') and 'VALUE'; it is not clear which should be used as the source of provenance; currently provenance is inherited from the left-hand side [-Wcheri-provenance]
../internal/bits.h:646:28: warning: binary expression on capability types 'VALUE' (aka 'unsigned __intcap') and 'VALUE'; it is not clear which should be used as the source of provenance; currently provenance is inherited from the left-hand side [-Wcheri-provenance]
../internal/numeric.h:214:39: warning: binary expression on capability types 'unsigned __intcap' and 'unsigned __intcap'; it is not clear which should be used as the source of provenance; currently provenance is inherited from the left-hand side [-Wcheri-provenance]
../load.c:949:34: warning: format specifies type 'long' but the argument has type 'VALUE' (aka 'unsigned __intcap') [-Wformat]
../load.c:1613:23: warning: cast from provenance-free integer type to pointer type will give pointer that can not be dereferenced [-Wcheri-capability-misuse]
../internal/bits.h:622:27: warning: binary expression on capability types 'VALUE' (aka 'unsigned __intcap') and 'VALUE'; it is not clear which should be used as the source of provenance; currently provenance is inherited from the left-hand side [-Wcheri-provenance]
../internal/bits.h:646:28: warning: binary expression on capability types 'VALUE' (aka 'unsigned __intcap') and 'VALUE'; it is not clear which should be used as the source of provenance; currently provenance is inherited from the left-hand side [-Wcheri-provenance]
../internal/numeric.h:214:39: warning: binary expression on capability types 'unsigned __intcap' and 'unsigned __intcap'; it is not clear which should be used as the source of provenance; currently provenance is inherited from the left-hand side [-Wcheri-provenance]
../marshal.c:186:18: warning: format specifies type 'long' but the argument has type 'VALUE' (aka 'unsigned __intcap') [-Wformat]
../marshal.c:242:24: warning: format specifies type 'long' but the argument has type 'VALUE' (aka 'unsigned __intcap') [-Wformat]
../marshal.c:246:24: warning: format specifies type 'long' but the argument has type 'VALUE' (aka 'unsigned __intcap') [-Wformat]
../marshal.c:258:71: warning: format specifies type 'long' but the argument has type 'VALUE' (aka 'unsigned __intcap') [-Wformat]
../marshal.c:471:75: warning: format specifies type 'long' but the argument has type 'VALUE' (aka 'unsigned __intcap') [-Wformat]
../marshal.c:604:21: warning: format specifies type 'long' but the argument has type 'VALUE' (aka 'unsigned __intcap') [-Wformat]
../marshal.c:608:21: warning: format specifies type 'long' but the argument has type 'VALUE' (aka 'unsigned __intcap') [-Wformat]
../marshal.c:720:21: warning: format specifies type 'long' but the argument has type 'VALUE' (aka 'unsigned __intcap') [-Wformat]
../marshal.c:724:21: warning: format specifies type 'long' but the argument has type 'VALUE' (aka 'unsigned __intcap') [-Wformat]
../marshal.c:1076:30: warning: format specifies type 'long' but the argument has type 'VALUE' (aka 'unsigned __intcap') [-Wformat]
../marshal.c:1086:22: warning: format specifies type 'long' but the argument has type 'VALUE' (aka 'unsigned __intcap') [-Wformat]
../marshal.c:1561:59: warning: format specifies type 'long' but the argument has type 'VALUE' (aka 'unsigned __intcap') [-Wformat]
../marshal.c:1695:13: warning: format specifies type 'long' but the argument has type 'VALUE' (aka 'unsigned __intcap') [-Wformat]
../marshal.c:1698:13: warning: format specifies type 'long' but the argument has type 'VALUE' (aka 'unsigned __intcap') [-Wformat]
../marshal.c:1709:79: warning: format specifies type 'long' but the argument has type 'VALUE' (aka 'unsigned __intcap') [-Wformat]
../marshal.c:1718:107: warning: format specifies type 'long' but the argument has type 'VALUE' (aka 'unsigned __intcap') [-Wformat]
../marshal.c:1734:72: warning: format specifies type 'long' but the argument has type 'VALUE' (aka 'unsigned __intcap') [-Wformat]
../marshal.c:1745:73: warning: format specifies type 'long' but the argument has type 'VALUE' (aka 'unsigned __intcap') [-Wformat]
../marshal.c:1847:30: warning: format specifies type 'long' but the argument has type 'VALUE' (aka 'unsigned __intcap') [-Wformat]
../marshal.c:1847:36: warning: format specifies type 'long' but the argument has type 'VALUE' (aka 'unsigned __intcap') [-Wformat]
../marshal.c:2078:76: warning: format specifies type 'long' but the argument has type 'VALUE' (aka 'unsigned __intcap') [-Wformat]
../marshal.c:2083:26: warning: format specifies type 'long' but the argument has type 'VALUE' (aka 'unsigned __intcap') [-Wformat]
../marshal.c:2102:34: warning: format specifies type 'long' but the argument has type 'VALUE' (aka 'unsigned __intcap') [-Wformat]
../marshal.c:2103:34: warning: format specifies type 'long' but the argument has type 'VALUE' (aka 'unsigned __intcap') [-Wformat]
../marshal.c:2103:40: warning: format specifies type 'long' but the argument has type 'VALUE' (aka 'unsigned __intcap') [-Wformat]
../marshal.c:2129:26: warning: format specifies type 'long' but the argument has type 'VALUE' (aka 'unsigned __intcap') [-Wformat]
../marshal.c:2165:26: warning: format specifies type 'long' but the argument has type 'VALUE' (aka 'unsigned __intcap') [-Wformat]
../marshal.c:2211:26: warning: format specifies type 'long' but the argument has type 'VALUE' (aka 'unsigned __intcap') [-Wformat]
../marshal.c:2224:13: warning: format specifies type 'long' but the argument has type 'VALUE' (aka 'unsigned __intcap') [-Wformat]
../marshal.c:2235:13: warning: format specifies type 'long' but the argument has type 'VALUE' (aka 'unsigned __intcap') [-Wformat]
../marshal.c:2246:13: warning: format specifies type 'long' but the argument has type 'VALUE' (aka 'unsigned __intcap') [-Wformat]
../memory_view.c:137:76: warning: format specifies type 'long' but the argument has type 'VALUE' (aka 'unsigned __intcap') [-Wformat]
../node.c:80:5: warning: binary expression on capability types 'unsigned __intcap' and 'unsigned __intcap'; it is not clear which should be used as the source of provenance; currently provenance is inherited from the left-hand side [-Wcheri-provenance]
../node.c:439:12: warning: binary expression on capability types 'unsigned __intcap' and 'unsigned __intcap'; it is not clear which should be used as the source of provenance; currently provenance is inherited from the left-hand side [-Wcheri-provenance]
../internal/bits.h:622:27: warning: binary expression on capability types 'VALUE' (aka 'unsigned __intcap') and 'VALUE'; it is not clear which should be used as the source of provenance; currently provenance is inherited from the left-hand side [-Wcheri-provenance]
../internal/bits.h:646:28: warning: binary expression on capability types 'VALUE' (aka 'unsigned __intcap') and 'VALUE'; it is not clear which should be used as the source of provenance; currently provenance is inherited from the left-hand side [-Wcheri-provenance]
../internal/numeric.h:214:39: warning: binary expression on capability types 'unsigned __intcap' and 'unsigned __intcap'; it is not clear which should be used as the source of provenance; currently provenance is inherited from the left-hand side [-Wcheri-provenance]
../node_dump.c:119:52: warning: format specifies type 'long' but the argument has type 'VALUE' (aka 'unsigned __intcap') [-Wformat]
../node_dump.c:147:69: warning: format specifies type 'long' but the argument has type 'ID' (aka 'unsigned __intcap') [-Wformat]
../internal/bits.h:622:27: warning: binary expression on capability types 'VALUE' (aka 'unsigned __intcap') and 'VALUE'; it is not clear which should be used as the source of provenance; currently provenance is inherited from the left-hand side [-Wcheri-provenance]
../internal/bits.h:646:28: warning: binary expression on capability types 'VALUE' (aka 'unsigned __intcap') and 'VALUE'; it is not clear which should be used as the source of provenance; currently provenance is inherited from the left-hand side [-Wcheri-provenance]
../internal/numeric.h:214:39: warning: binary expression on capability types 'unsigned __intcap' and 'unsigned __intcap'; it is not clear which should be used as the source of provenance; currently provenance is inherited from the left-hand side [-Wcheri-provenance]
../numeric.c:249:70: warning: format specifies type 'long' but the argument has type 'VALUE' (aka 'unsigned __intcap') [-Wformat]
../numeric.c:339:27: warning: format specifies type 'long' but the argument has type 'VALUE' (aka 'unsigned __intcap') [-Wformat]
../numeric.c:339:30: warning: format specifies type 'long' but the argument has type 'VALUE' (aka 'unsigned __intcap') [-Wformat]
../numeric.c:343:36: warning: format specifies type 'long' but the argument has type 'VALUE' (aka 'unsigned __intcap') [-Wformat]
../numeric.c:347:27: warning: format specifies type 'long' but the argument has type 'VALUE' (aka 'unsigned __intcap') [-Wformat]
../numeric.c:347:41: warning: format specifies type 'long' but the argument has type 'VALUE' (aka 'unsigned __intcap') [-Wformat]
../numeric.c:367:23: warning: format specifies type 'long' but the argument has type 'VALUE' (aka 'unsigned __intcap') [-Wformat]
../numeric.c:367:26: warning: format specifies type 'long' but the argument has type 'VALUE' (aka 'unsigned __intcap') [-Wformat]
../numeric.c:367:40: warning: format specifies type 'long' but the argument has type 'VALUE' (aka 'unsigned __intcap') [-Wformat]
../numeric.c:371:23: warning: format specifies type 'long' but the argument has type 'VALUE' (aka 'unsigned __intcap') [-Wformat]
../numeric.c:371:26: warning: format specifies type 'long' but the argument has type 'VALUE' (aka 'unsigned __intcap') [-Wformat]
../numeric.c:371:40: warning: format specifies type 'long' but the argument has type 'VALUE' (aka 'unsigned __intcap') [-Wformat]
../numeric.c:451:14: warning: format specifies type 'long' but the argument has type 'VALUE' (aka 'unsigned __intcap') [-Wformat]
../numeric.c:451:17: warning: format specifies type 'long' but the argument has type 'VALUE' (aka 'unsigned __intcap') [-Wformat]
../numeric.c:528:14: warning: format specifies type 'long' but the argument has type 'VALUE' (aka 'unsigned __intcap') [-Wformat]
../numeric.c:529:14: warning: format specifies type 'long' but the argument has type 'VALUE' (aka 'unsigned __intcap') [-Wformat]
../numeric.c:4420:53: warning: binary expression on capability types 'VALUE' (aka 'unsigned __intcap') and 'VALUE'; it is not clear which should be used as the source of provenance; currently provenance is inherited from the left-hand side [-Wcheri-provenance]
../internal/bits.h:622:27: warning: binary expression on capability types 'VALUE' (aka 'unsigned __intcap') and 'VALUE'; it is not clear which should be used as the source of provenance; currently provenance is inherited from the left-hand side [-Wcheri-provenance]
../internal/bits.h:646:28: warning: binary expression on capability types 'VALUE' (aka 'unsigned __intcap') and 'VALUE'; it is not clear which should be used as the source of provenance; currently provenance is inherited from the left-hand side [-Wcheri-provenance]
../internal/numeric.h:214:39: warning: binary expression on capability types 'unsigned __intcap' and 'unsigned __intcap'; it is not clear which should be used as the source of provenance; currently provenance is inherited from the left-hand side [-Wcheri-provenance]
../object.c:155:32: warning: binary expression on capability types 'VALUE' (aka 'unsigned __intcap') and 'VALUE'; it is not clear which should be used as the source of provenance; currently provenance is inherited from the left-hand side [-Wcheri-provenance]
../object.c:155:50: warning: binary expression on capability types 'unsigned __intcap' and 'unsigned __intcap'; it is not clear which should be used as the source of provenance; currently provenance is inherited from the left-hand side [-Wcheri-provenance]
../object.c:435:75: warning: format specifies type 'long' but the argument has type 'VALUE' (aka 'unsigned __intcap') [-Wformat]
../object.c:482:18: warning: format specifies type 'long' but the argument has type 'VALUE' (aka 'unsigned __intcap') [-Wformat]
../object.c:733:44: warning: format specifies type 'long' but the argument has type 'VALUE' (aka 'unsigned __intcap') [-Wformat]
../object.c:770:39: warning: format specifies type 'long' but the argument has type 'VALUE' (aka 'unsigned __intcap') [-Wformat]
../object.c:825:47: warning: format specifies type 'long' but the argument has type 'VALUE' (aka 'unsigned __intcap') [-Wformat]
../object.c:2076:14: warning: format specifies type 'long' but the argument has type 'VALUE' (aka 'unsigned __intcap') [-Wformat]
../object.c:2110:18: warning: format specifies type 'long' but the argument has type 'VALUE' (aka 'unsigned __intcap') [-Wformat]
../object.c:2519:22: warning: format specifies type 'long' but the argument has type 'VALUE' (aka 'unsigned __intcap') [-Wformat]
../object.c:2732:22: warning: format specifies type 'long' but the argument has type 'VALUE' (aka 'unsigned __intcap') [-Wformat]
../object.c:2874:26: warning: format specifies type 'long' but the argument has type 'VALUE' (aka 'unsigned __intcap') [-Wformat]
../object.c:3151:22: warning: format specifies type 'long' but the argument has type 'VALUE' (aka 'unsigned __intcap') [-Wformat]
../object.c:3176:14: warning: format specifies type 'long' but the argument has type 'VALUE' (aka 'unsigned __intcap') [-Wformat]
../object.c:3176:28: warning: format specifies type 'long' but the argument has type 'VALUE' (aka 'unsigned __intcap') [-Wformat]
../object.c:3176:43: warning: format specifies type 'long' but the argument has type 'VALUE' (aka 'unsigned __intcap') [-Wformat]
../object.c:3377:55: warning: format specifies type 'long' but the argument has type 'VALUE' (aka 'unsigned __intcap') [-Wformat]
../object.c:3379:39: warning: format specifies type 'long' but the argument has type 'VALUE' (aka 'unsigned __intcap') [-Wformat]
../object.c:3517:74: warning: format specifies type 'long' but the argument has type 'VALUE' (aka 'unsigned __intcap') [-Wformat]
../object.c:3710:18: warning: format specifies type 'long' but the argument has type 'VALUE' (aka 'unsigned __intcap') [-Wformat]
../object.c:3951:18: warning: format specifies type 'long' but the argument has type 'VALUE' (aka 'unsigned __intcap') [-Wformat]
../internal/bits.h:622:27: warning: binary expression on capability types 'VALUE' (aka 'unsigned __intcap') and 'VALUE'; it is not clear which should be used as the source of provenance; currently provenance is inherited from the left-hand side [-Wcheri-provenance]
../internal/bits.h:646:28: warning: binary expression on capability types 'VALUE' (aka 'unsigned __intcap') and 'VALUE'; it is not clear which should be used as the source of provenance; currently provenance is inherited from the left-hand side [-Wcheri-provenance]
../pack.c:173:28: warning: format specifies type 'long' but the argument has type 'VALUE' (aka 'unsigned __intcap') [-Wformat]
../internal/bits.h:622:27: warning: binary expression on capability types 'VALUE' (aka 'unsigned __intcap') and 'VALUE'; it is not clear which should be used as the source of provenance; currently provenance is inherited from the left-hand side [-Wcheri-provenance]
../internal/bits.h:646:28: warning: binary expression on capability types 'VALUE' (aka 'unsigned __intcap') and 'VALUE'; it is not clear which should be used as the source of provenance; currently provenance is inherited from the left-hand side [-Wcheri-provenance]
../internal/numeric.h:214:39: warning: binary expression on capability types 'unsigned __intcap' and 'unsigned __intcap'; it is not clear which should be used as the source of provenance; currently provenance is inherited from the left-hand side [-Wcheri-provenance]
parse.y:1354:9: warning: overflow in expression; result is 9223372036854775807 with type 'long' [-Winteger-overflow]
parse.y:1354:9: warning: shift count >= width of type [-Wshift-count-overflow]
parse.y:1362:5: warning: overflow in expression; result is 9223372036854775807 with type 'long' [-Winteger-overflow]
parse.y:1362:5: warning: shift count >= width of type [-Wshift-count-overflow]
parse.y:1636:5: warning: overflow in expression; result is 9223372036854775807 with type 'long' [-Winteger-overflow]
parse.y:1636:5: warning: shift count >= width of type [-Wshift-count-overflow]
parse.y:1973:29: warning: binary expression on capability types 'st_index_t' (aka 'unsigned __intcap') and 'st_index_t'; it is not clear which should be used as the source of provenance; currently provenance is inherited from the left-hand side [-Wcheri-provenance]
parse.y:2621:39: warning: format specifies type 'long' but the argument has type 'VALUE' (aka 'unsigned __intcap') [-Wformat]
parse.y:2621:39: warning: format specifies type 'long' but the argument has type 'VALUE' (aka 'unsigned __intcap') [-Wformat]
parse.y:2621:39: warning: format specifies type 'long' but the argument has type 'VALUE' (aka 'unsigned __intcap') [-Wformat]
parse.y:2621:39: warning: format specifies type 'long' but the argument has type 'VALUE' (aka 'unsigned __intcap') [-Wformat]
parse.y:2621:39: warning: format specifies type 'long' but the argument has type 'VALUE' (aka 'unsigned __intcap') [-Wformat]
parse.y:2621:39: warning: format specifies type 'long' but the argument has type 'VALUE' (aka 'unsigned __intcap') [-Wformat]
parse.y:2621:39: warning: format specifies type 'long' but the argument has type 'VALUE' (aka 'unsigned __intcap') [-Wformat]
parse.y:2621:39: warning: format specifies type 'long' but the argument has type 'VALUE' (aka 'unsigned __intcap') [-Wformat]
parse.y:2621:39: warning: format specifies type 'long' but the argument has type 'VALUE' (aka 'unsigned __intcap') [-Wformat]
parse.y:2621:39: warning: format specifies type 'long' but the argument has type 'VALUE' (aka 'unsigned __intcap') [-Wformat]
parse.y:2621:39: warning: format specifies type 'long' but the argument has type 'VALUE' (aka 'unsigned __intcap') [-Wformat]
parse.y:2621:39: warning: format specifies type 'long' but the argument has type 'VALUE' (aka 'unsigned __intcap') [-Wformat]
parse.y:2621:39: warning: format specifies type 'long' but the argument has type 'VALUE' (aka 'unsigned __intcap') [-Wformat]
parse.y:2621:39: warning: format specifies type 'long' but the argument has type 'VALUE' (aka 'unsigned __intcap') [-Wformat]
parse.y:2621:39: warning: format specifies type 'long' but the argument has type 'VALUE' (aka 'unsigned __intcap') [-Wformat]
parse.y:2621:39: warning: format specifies type 'long' but the argument has type 'VALUE' (aka 'unsigned __intcap') [-Wformat]
parse.y:2621:39: warning: format specifies type 'long' but the argument has type 'VALUE' (aka 'unsigned __intcap') [-Wformat]
parse.y:2621:39: warning: format specifies type 'long' but the argument has type 'VALUE' (aka 'unsigned __intcap') [-Wformat]
parse.y:2621:39: warning: format specifies type 'long' but the argument has type 'VALUE' (aka 'unsigned __intcap') [-Wformat]
parse.y:2621:39: warning: format specifies type 'long' but the argument has type 'VALUE' (aka 'unsigned __intcap') [-Wformat]
parse.y:2621:39: warning: format specifies type 'long' but the argument has type 'VALUE' (aka 'unsigned __intcap') [-Wformat]
parse.y:2621:39: warning: format specifies type 'long' but the argument has type 'VALUE' (aka 'unsigned __intcap') [-Wformat]
parse.y:2621:39: warning: format specifies type 'long' but the argument has type 'VALUE' (aka 'unsigned __intcap') [-Wformat]
parse.y:2621:39: warning: format specifies type 'long' but the argument has type 'VALUE' (aka 'unsigned __intcap') [-Wformat]
parse.y:2621:39: warning: format specifies type 'long' but the argument has type 'VALUE' (aka 'unsigned __intcap') [-Wformat]
parse.y:2621:39: warning: format specifies type 'long' but the argument has type 'VALUE' (aka 'unsigned __intcap') [-Wformat]
parse.y:2621:39: warning: format specifies type 'long' but the argument has type 'VALUE' (aka 'unsigned __intcap') [-Wformat]
parse.y:2621:39: warning: format specifies type 'long' but the argument has type 'VALUE' (aka 'unsigned __intcap') [-Wformat]
parse.y:2621:39: warning: format specifies type 'long' but the argument has type 'VALUE' (aka 'unsigned __intcap') [-Wformat]
parse.y:2621:39: warning: format specifies type 'long' but the argument has type 'VALUE' (aka 'unsigned __intcap') [-Wformat]
parse.y:2621:39: warning: format specifies type 'long' but the argument has type 'VALUE' (aka 'unsigned __intcap') [-Wformat]
parse.y:2621:39: warning: format specifies type 'long' but the argument has type 'VALUE' (aka 'unsigned __intcap') [-Wformat]
parse.y:2621:39: warning: format specifies type 'long' but the argument has type 'VALUE' (aka 'unsigned __intcap') [-Wformat]
parse.y:2621:39: warning: format specifies type 'long' but the argument has type 'VALUE' (aka 'unsigned __intcap') [-Wformat]
parse.y:2621:39: warning: format specifies type 'long' but the argument has type 'VALUE' (aka 'unsigned __intcap') [-Wformat]
parse.y:2621:39: warning: format specifies type 'long' but the argument has type 'VALUE' (aka 'unsigned __intcap') [-Wformat]
parse.y:2621:39: warning: format specifies type 'long' but the argument has type 'VALUE' (aka 'unsigned __intcap') [-Wformat]
parse.y:2621:39: warning: format specifies type 'long' but the argument has type 'VALUE' (aka 'unsigned __intcap') [-Wformat]
parse.y:2621:39: warning: format specifies type 'long' but the argument has type 'VALUE' (aka 'unsigned __intcap') [-Wformat]
parse.y:2621:39: warning: format specifies type 'long' but the argument has type 'VALUE' (aka 'unsigned __intcap') [-Wformat]
parse.y:2621:39: warning: format specifies type 'long' but the argument has type 'VALUE' (aka 'unsigned __intcap') [-Wformat]
parse.y:2621:39: warning: format specifies type 'long' but the argument has type 'VALUE' (aka 'unsigned __intcap') [-Wformat]
parse.y:2621:39: warning: format specifies type 'long' but the argument has type 'VALUE' (aka 'unsigned __intcap') [-Wformat]
parse.y:2621:39: warning: format specifies type 'long' but the argument has type 'VALUE' (aka 'unsigned __intcap') [-Wformat]
parse.y:2621:39: warning: format specifies type 'long' but the argument has type 'VALUE' (aka 'unsigned __intcap') [-Wformat]
parse.y:2621:39: warning: format specifies type 'long' but the argument has type 'VALUE' (aka 'unsigned __intcap') [-Wformat]
parse.y:2621:39: warning: format specifies type 'long' but the argument has type 'VALUE' (aka 'unsigned __intcap') [-Wformat]
parse.y:2621:39: warning: format specifies type 'long' but the argument has type 'VALUE' (aka 'unsigned __intcap') [-Wformat]
parse.y:2621:39: warning: format specifies type 'long' but the argument has type 'VALUE' (aka 'unsigned __intcap') [-Wformat]
parse.y:2621:39: warning: format specifies type 'long' but the argument has type 'VALUE' (aka 'unsigned __intcap') [-Wformat]
parse.y:2621:39: warning: format specifies type 'long' but the argument has type 'VALUE' (aka 'unsigned __intcap') [-Wformat]
parse.y:2621:39: warning: format specifies type 'long' but the argument has type 'VALUE' (aka 'unsigned __intcap') [-Wformat]
parse.y:2621:39: warning: format specifies type 'long' but the argument has type 'VALUE' (aka 'unsigned __intcap') [-Wformat]
parse.y:2621:39: warning: format specifies type 'long' but the argument has type 'VALUE' (aka 'unsigned __intcap') [-Wformat]
parse.y:2621:39: warning: format specifies type 'long' but the argument has type 'VALUE' (aka 'unsigned __intcap') [-Wformat]
parse.y:2621:39: warning: format specifies type 'long' but the argument has type 'VALUE' (aka 'unsigned __intcap') [-Wformat]
parse.y:2626:44: warning: format specifies type 'long' but the argument has type 'VALUE' (aka 'unsigned __intcap') [-Wformat]
parse.y:2629:44: warning: format specifies type 'long' but the argument has type 'VALUE' (aka 'unsigned __intcap') [-Wformat]
parse.y:2632:44: warning: format specifies type 'long' but the argument has type 'VALUE' (aka 'unsigned __intcap') [-Wformat]
parse.y:2635:44: warning: format specifies type 'long' but the argument has type 'VALUE' (aka 'unsigned __intcap') [-Wformat]
parse.y:2626:44: warning: format specifies type 'long' but the argument has type 'VALUE' (aka 'unsigned __intcap') [-Wformat]
parse.y:2629:44: warning: format specifies type 'long' but the argument has type 'VALUE' (aka 'unsigned __intcap') [-Wformat]
parse.y:2632:44: warning: format specifies type 'long' but the argument has type 'VALUE' (aka 'unsigned __intcap') [-Wformat]
parse.y:2635:44: warning: format specifies type 'long' but the argument has type 'VALUE' (aka 'unsigned __intcap') [-Wformat]
parse.y:2626:44: warning: format specifies type 'long' but the argument has type 'VALUE' (aka 'unsigned __intcap') [-Wformat]
parse.y:2629:44: warning: format specifies type 'long' but the argument has type 'VALUE' (aka 'unsigned __intcap') [-Wformat]
parse.y:2632:44: warning: format specifies type 'long' but the argument has type 'VALUE' (aka 'unsigned __intcap') [-Wformat]
parse.y:2635:44: warning: format specifies type 'long' but the argument has type 'VALUE' (aka 'unsigned __intcap') [-Wformat]
parse.y:2626:44: warning: format specifies type 'long' but the argument has type 'VALUE' (aka 'unsigned __intcap') [-Wformat]
parse.y:2629:44: warning: format specifies type 'long' but the argument has type 'VALUE' (aka 'unsigned __intcap') [-Wformat]
parse.y:2632:44: warning: format specifies type 'long' but the argument has type 'VALUE' (aka 'unsigned __intcap') [-Wformat]
parse.y:2635:44: warning: format specifies type 'long' but the argument has type 'VALUE' (aka 'unsigned __intcap') [-Wformat]
parse.y:2626:44: warning: format specifies type 'long' but the argument has type 'VALUE' (aka 'unsigned __intcap') [-Wformat]
parse.y:2629:44: warning: format specifies type 'long' but the argument has type 'VALUE' (aka 'unsigned __intcap') [-Wformat]
parse.y:2632:44: warning: format specifies type 'long' but the argument has type 'VALUE' (aka 'unsigned __intcap') [-Wformat]
parse.y:2635:44: warning: format specifies type 'long' but the argument has type 'VALUE' (aka 'unsigned __intcap') [-Wformat]
parse.y:2626:44: warning: format specifies type 'long' but the argument has type 'VALUE' (aka 'unsigned __intcap') [-Wformat]
parse.y:2629:44: warning: format specifies type 'long' but the argument has type 'VALUE' (aka 'unsigned __intcap') [-Wformat]
parse.y:2632:44: warning: format specifies type 'long' but the argument has type 'VALUE' (aka 'unsigned __intcap') [-Wformat]
parse.y:2635:44: warning: format specifies type 'long' but the argument has type 'VALUE' (aka 'unsigned __intcap') [-Wformat]
parse.y:2621:39: warning: format specifies type 'long' but the argument has type 'VALUE' (aka 'unsigned __intcap') [-Wformat]
parse.y:2621:39: warning: format specifies type 'long' but the argument has type 'VALUE' (aka 'unsigned __intcap') [-Wformat]
parse.y:2621:39: warning: format specifies type 'long' but the argument has type 'VALUE' (aka 'unsigned __intcap') [-Wformat]
parse.y:2621:39: warning: format specifies type 'long' but the argument has type 'VALUE' (aka 'unsigned __intcap') [-Wformat]
parse.y:2621:39: warning: format specifies type 'long' but the argument has type 'VALUE' (aka 'unsigned __intcap') [-Wformat]
parse.y:2621:39: warning: format specifies type 'long' but the argument has type 'VALUE' (aka 'unsigned __intcap') [-Wformat]
parse.y:2621:39: warning: format specifies type 'long' but the argument has type 'VALUE' (aka 'unsigned __intcap') [-Wformat]
parse.y:2621:39: warning: format specifies type 'long' but the argument has type 'VALUE' (aka 'unsigned __intcap') [-Wformat]
parse.y:2621:39: warning: format specifies type 'long' but the argument has type 'VALUE' (aka 'unsigned __intcap') [-Wformat]
parse.y:2621:39: warning: format specifies type 'long' but the argument has type 'VALUE' (aka 'unsigned __intcap') [-Wformat]
parse.y:2621:39: warning: format specifies type 'long' but the argument has type 'VALUE' (aka 'unsigned __intcap') [-Wformat]
parse.y:2621:39: warning: format specifies type 'long' but the argument has type 'VALUE' (aka 'unsigned __intcap') [-Wformat]
parse.y:2621:39: warning: format specifies type 'long' but the argument has type 'VALUE' (aka 'unsigned __intcap') [-Wformat]
parse.y:2621:39: warning: format specifies type 'long' but the argument has type 'VALUE' (aka 'unsigned __intcap') [-Wformat]
parse.y:2621:39: warning: format specifies type 'long' but the argument has type 'VALUE' (aka 'unsigned __intcap') [-Wformat]
parse.y:2621:39: warning: format specifies type 'long' but the argument has type 'VALUE' (aka 'unsigned __intcap') [-Wformat]
parse.y:2621:39: warning: format specifies type 'long' but the argument has type 'VALUE' (aka 'unsigned __intcap') [-Wformat]
parse.y:2621:39: warning: format specifies type 'long' but the argument has type 'VALUE' (aka 'unsigned __intcap') [-Wformat]
parse.y:2621:39: warning: format specifies type 'long' but the argument has type 'VALUE' (aka 'unsigned __intcap') [-Wformat]
parse.y:2621:39: warning: format specifies type 'long' but the argument has type 'VALUE' (aka 'unsigned __intcap') [-Wformat]
parse.y:2621:39: warning: format specifies type 'long' but the argument has type 'VALUE' (aka 'unsigned __intcap') [-Wformat]
parse.y:2621:39: warning: format specifies type 'long' but the argument has type 'VALUE' (aka 'unsigned __intcap') [-Wformat]
parse.y:2621:39: warning: format specifies type 'long' but the argument has type 'VALUE' (aka 'unsigned __intcap') [-Wformat]
parse.y:2621:39: warning: format specifies type 'long' but the argument has type 'VALUE' (aka 'unsigned __intcap') [-Wformat]
parse.y:2621:39: warning: format specifies type 'long' but the argument has type 'VALUE' (aka 'unsigned __intcap') [-Wformat]
parse.y:2621:39: warning: format specifies type 'long' but the argument has type 'VALUE' (aka 'unsigned __intcap') [-Wformat]
parse.y:2621:39: warning: format specifies type 'long' but the argument has type 'VALUE' (aka 'unsigned __intcap') [-Wformat]
parse.y:2621:39: warning: format specifies type 'long' but the argument has type 'VALUE' (aka 'unsigned __intcap') [-Wformat]
parse.y:2621:39: warning: format specifies type 'long' but the argument has type 'VALUE' (aka 'unsigned __intcap') [-Wformat]
parse.y:2621:39: warning: format specifies type 'long' but the argument has type 'VALUE' (aka 'unsigned __intcap') [-Wformat]
parse.y:2621:39: warning: format specifies type 'long' but the argument has type 'VALUE' (aka 'unsigned __intcap') [-Wformat]
parse.y:2621:39: warning: format specifies type 'long' but the argument has type 'VALUE' (aka 'unsigned __intcap') [-Wformat]
parse.y:2621:39: warning: format specifies type 'long' but the argument has type 'VALUE' (aka 'unsigned __intcap') [-Wformat]
parse.y:2621:39: warning: format specifies type 'long' but the argument has type 'VALUE' (aka 'unsigned __intcap') [-Wformat]
parse.y:2621:39: warning: format specifies type 'long' but the argument has type 'VALUE' (aka 'unsigned __intcap') [-Wformat]
parse.y:2621:39: warning: format specifies type 'long' but the argument has type 'VALUE' (aka 'unsigned __intcap') [-Wformat]
parse.y:2621:39: warning: format specifies type 'long' but the argument has type 'VALUE' (aka 'unsigned __intcap') [-Wformat]
parse.y:2621:39: warning: format specifies type 'long' but the argument has type 'VALUE' (aka 'unsigned __intcap') [-Wformat]
parse.y:2621:39: warning: format specifies type 'long' but the argument has type 'VALUE' (aka 'unsigned __intcap') [-Wformat]
parse.y:2621:39: warning: format specifies type 'long' but the argument has type 'VALUE' (aka 'unsigned __intcap') [-Wformat]
parse.y:2621:39: warning: format specifies type 'long' but the argument has type 'VALUE' (aka 'unsigned __intcap') [-Wformat]
parse.y:2621:39: warning: format specifies type 'long' but the argument has type 'VALUE' (aka 'unsigned __intcap') [-Wformat]
parse.y:2621:39: warning: format specifies type 'long' but the argument has type 'VALUE' (aka 'unsigned __intcap') [-Wformat]
parse.y:2621:39: warning: format specifies type 'long' but the argument has type 'VALUE' (aka 'unsigned __intcap') [-Wformat]
parse.y:2621:39: warning: format specifies type 'long' but the argument has type 'VALUE' (aka 'unsigned __intcap') [-Wformat]
parse.y:4402:25: warning: overflow in expression; result is 9223372036854775807 with type 'long' [-Winteger-overflow]
parse.y:4607:25: warning: overflow in expression; result is 9223372036854775807 with type 'long' [-Winteger-overflow]
parse.y:4609:25: warning: overflow in expression; result is 9223372036854775807 with type 'long' [-Winteger-overflow]
parse.y:4625:25: warning: overflow in expression; result is 9223372036854775807 with type 'long' [-Winteger-overflow]
parse.y:4643:25: warning: overflow in expression; result is 9223372036854775807 with type 'long' [-Winteger-overflow]
parse.y:4645:25: warning: overflow in expression; result is 9223372036854775807 with type 'long' [-Winteger-overflow]
parse.y:5197:29: warning: overflow in expression; result is 9223372036854775807 with type 'long' [-Winteger-overflow]
parse.y:5198:29: warning: overflow in expression; result is 9223372036854775807 with type 'long' [-Winteger-overflow]
parse.y:5298:25: warning: overflow in expression; result is 9223372036854775807 with type 'long' [-Winteger-overflow]
parse.y:5307:25: warning: overflow in expression; result is 9223372036854775807 with type 'long' [-Winteger-overflow]
parse.y:5318:25: warning: overflow in expression; result is 9223372036854775807 with type 'long' [-Winteger-overflow]
parse.y:5324:25: warning: overflow in expression; result is 9223372036854775807 with type 'long' [-Winteger-overflow]
parse.y:5890:86: warning: format specifies type 'long' but the argument has type 'VALUE' (aka 'unsigned __intcap') [-Wformat]
parse.y:6176:25: warning: overflow in expression; result is 9223372036854775807 with type 'long' [-Winteger-overflow]
parse.y:4402:25: warning: shift count >= width of type [-Wshift-count-overflow]
parse.y:4607:25: warning: shift count >= width of type [-Wshift-count-overflow]
parse.y:4609:25: warning: shift count >= width of type [-Wshift-count-overflow]
parse.y:4625:25: warning: shift count >= width of type [-Wshift-count-overflow]
parse.y:4643:25: warning: shift count >= width of type [-Wshift-count-overflow]
parse.y:4645:25: warning: shift count >= width of type [-Wshift-count-overflow]
parse.y:5197:29: warning: shift count >= width of type [-Wshift-count-overflow]
parse.y:5198:29: warning: shift count >= width of type [-Wshift-count-overflow]
parse.y:5298:25: warning: shift count >= width of type [-Wshift-count-overflow]
parse.y:5307:25: warning: shift count >= width of type [-Wshift-count-overflow]
parse.y:5318:25: warning: shift count >= width of type [-Wshift-count-overflow]
parse.y:5324:25: warning: shift count >= width of type [-Wshift-count-overflow]
parse.y:6176:25: warning: shift count >= width of type [-Wshift-count-overflow]
parse.y:9403:66: warning: format specifies type 'long' but the argument has type 'VALUE' (aka 'unsigned __intcap') [-Wformat]
parse.y:11331:5: warning: overflow in expression; result is 9223372036854775807 with type 'long' [-Winteger-overflow]
parse.y:11331:5: warning: shift count >= width of type [-Wshift-count-overflow]
parse.y:12549:5: warning: overflow in expression; result is 9223372036854775807 with type 'long' [-Winteger-overflow]
parse.y:12549:5: warning: shift count >= width of type [-Wshift-count-overflow]
parse.y:12782:5: warning: overflow in expression; result is 9223372036854775807 with type 'long' [-Winteger-overflow]
parse.y:12782:5: warning: shift count >= width of type [-Wshift-count-overflow]
parse.y:12854:5: warning: overflow in expression; result is 9223372036854775807 with type 'long' [-Winteger-overflow]
parse.y:12854:5: warning: shift count >= width of type [-Wshift-count-overflow]
parse.y:12864:5: warning: overflow in expression; result is 9223372036854775807 with type 'long' [-Winteger-overflow]
parse.y:12864:5: warning: shift count >= width of type [-Wshift-count-overflow]
parse.y:12872:5: warning: overflow in expression; result is 9223372036854775807 with type 'long' [-Winteger-overflow]
parse.y:12872:5: warning: shift count >= width of type [-Wshift-count-overflow]
parse.y:12910:17: warning: overflow in expression; result is 9223372036854775807 with type 'long' [-Winteger-overflow]
parse.y:12920:21: warning: overflow in expression; result is 9223372036854775807 with type 'long' [-Winteger-overflow]
parse.y:12938:5: warning: overflow in expression; result is 9223372036854775807 with type 'long' [-Winteger-overflow]
parse.y:12910:17: warning: shift count >= width of type [-Wshift-count-overflow]
parse.y:12920:21: warning: shift count >= width of type [-Wshift-count-overflow]
parse.y:12938:5: warning: shift count >= width of type [-Wshift-count-overflow]
parse.y:13080:69: warning: format specifies type 'long' but the argument has type 'VALUE' (aka 'unsigned __intcap') [-Wformat]
parse.y:13387:32: warning: binary expression on capability types 'stack_type' (aka 'unsigned __intcap') and 'stack_type'; it is not clear which should be used as the source of provenance; currently provenance is inherited from the left-hand side [-Wcheri-provenance]
parse.y:13388:57: warning: binary expression on capability types 'stack_type' (aka 'unsigned __intcap') and 'stack_type'; it is not clear which should be used as the source of provenance; currently provenance is inherited from the left-hand side [-Wcheri-provenance]
parse.y:13416:47: warning: format specifies type 'long' but the argument has type 'VALUE' (aka 'unsigned __intcap') [-Wformat]
parse.y:13419:48: warning: format specifies type 'long' but the argument has type 'VALUE' (aka 'unsigned __intcap') [-Wformat]
parse.y:13422:50: warning: format specifies type 'long' but the argument has type 'VALUE' (aka 'unsigned __intcap') [-Wformat]
parse.y:13550:73: warning: format specifies type 'long' but the argument has type 'VALUE' (aka 'unsigned __intcap') [-Wformat]
parse.y:13626:23: warning: format specifies type 'long' but the argument has type 'VALUE' (aka 'unsigned __intcap') [-Wformat]
parse.y:14366:9: warning: overflow in expression; result is 9223372036854775807 with type 'long' [-Winteger-overflow]
parse.y:14371:5: warning: overflow in expression; result is 9223372036854775807 with type 'long' [-Winteger-overflow]
parse.y:14366:9: warning: shift count >= width of type [-Wshift-count-overflow]
parse.y:14371:5: warning: shift count >= width of type [-Wshift-count-overflow]
parse.y:14726:17: warning: format specifies type 'long' but the argument has type 'VALUE' (aka 'unsigned __intcap') [-Wformat]
parse.y:14882:9: warning: overflow in expression; result is 9223372036854775807 with type 'long' [-Winteger-overflow]
parse.y:14882:9: warning: shift count >= width of type [-Wshift-count-overflow]
parse.y:14907:9: warning: format specifies type 'long' but the argument has type 'VALUE' (aka 'unsigned __intcap') [-Wformat]
parse.y:15392:40: warning: format specifies type 'long' but the argument has type 'VALUE' (aka 'unsigned __intcap') [-Wformat]
parse.y:15497:40: warning: format specifies type 'long' but the argument has type 'VALUE' (aka 'unsigned __intcap') [-Wformat]
../parser_bits.h:536:27: warning: binary expression on capability types 'VALUE' (aka 'unsigned __intcap') and 'VALUE'; it is not clear which should be used as the source of provenance; currently provenance is inherited from the left-hand side [-Wcheri-provenance]
../parser_bits.h:560:28: warning: binary expression on capability types 'VALUE' (aka 'unsigned __intcap') and 'VALUE'; it is not clear which should be used as the source of provenance; currently provenance is inherited from the left-hand side [-Wcheri-provenance]
../st.c:1632:31: warning: cast from provenance-free integer type to pointer type will give pointer that can not be dereferenced [-Wcheri-capability-misuse]
../st.c:1774:10: warning: shift count >= width of type [-Wshift-count-overflow]
../st.c:1776:9: warning: shift count >= width of type [-Wshift-count-overflow]
../st.c:1800:12: warning: shift count >= width of type [-Wshift-count-overflow]
../st.c:1802:12: warning: shift count >= width of type [-Wshift-count-overflow]
../st.c:1831:9: warning: 'UNALIGNED_ADD_ALL' macro redefined [-Wmacro-redefined]
../st.c:1951:22: warning: shift count >= width of type [-Wshift-count-overflow]
../st.c:1974:26: warning: shift count >= width of type [-Wshift-count-overflow]
../st.c:1997:35: warning: cast from provenance-free integer type to pointer type will give pointer that can not be dereferenced [-Wcheri-capability-misuse]
../st.c:2054:22: warning: cast from provenance-free integer type to pointer type will give pointer that can not be dereferenced [-Wcheri-capability-misuse]
../st.c:2055:22: warning: cast from provenance-free integer type to pointer type will give pointer that can not be dereferenced [-Wcheri-capability-misuse]
../st.c:2062:22: warning: cast from provenance-free integer type to pointer type will give pointer that can not be dereferenced [-Wcheri-capability-misuse]
../st.c:2063:22: warning: cast from provenance-free integer type to pointer type will give pointer that can not be dereferenced [-Wcheri-capability-misuse]
../st.c:2071:35: warning: cast from provenance-free integer type to pointer type will give pointer that can not be dereferenced [-Wcheri-capability-misuse]
../proc.c:1565:47: warning: format specifies type 'long' but the argument has type 'VALUE' (aka 'unsigned __intcap') [-Wformat]
../proc.c:1576:25: warning: format specifies type 'long' but the argument has type 'VALUE' (aka 'unsigned __intcap') [-Wformat]
../proc.c:1581:62: warning: format specifies type 'long' but the argument has type 'VALUE' (aka 'unsigned __intcap') [-Wformat]
../proc.c:2282:26: warning: format specifies type 'long' but the argument has type 'VALUE' (aka 'unsigned __intcap') [-Wformat]
../proc.c:2638:22: warning: format specifies type 'long' but the argument has type 'VALUE' (aka 'unsigned __intcap') [-Wformat]
../proc.c:3175:43: warning: format specifies type 'long' but the argument has type 'VALUE' (aka 'unsigned __intcap') [-Wformat]
../proc.c:3233:49: warning: format specifies type 'long' but the argument has type 'VALUE' (aka 'unsigned __intcap') [-Wformat]
../proc.c:3240:21: warning: format specifies type 'long' but the argument has type 'VALUE' (aka 'unsigned __intcap') [-Wformat]
../proc.c:3294:48: warning: format specifies type 'long' but the argument has type 'VALUE' (aka 'unsigned __intcap') [-Wformat]
../proc.c:3297:54: warning: format specifies type 'long' but the argument has type 'VALUE' (aka 'unsigned __intcap') [-Wformat]
../proc.c:3300:51: warning: format specifies type 'long' but the argument has type 'VALUE' (aka 'unsigned __intcap') [-Wformat]
../proc.c:3303:55: warning: format specifies type 'long' but the argument has type 'VALUE' (aka 'unsigned __intcap') [-Wformat]
../proc.c:3310:53: warning: format specifies type 'long' but the argument has type 'VALUE' (aka 'unsigned __intcap') [-Wformat]
../proc.c:3315:54: warning: format specifies type 'long' but the argument has type 'VALUE' (aka 'unsigned __intcap') [-Wformat]
../proc.c:3334:53: warning: format specifies type 'long' but the argument has type 'VALUE' (aka 'unsigned __intcap') [-Wformat]
../proc.c:3352:25: warning: format specifies type 'long' but the argument has type 'VALUE' (aka 'unsigned __intcap') [-Wformat]
../proc.c:3352:46: warning: format specifies type 'long' but the argument has type 'VALUE' (aka 'unsigned __intcap') [-Wformat]
../internal/bits.h:622:27: warning: binary expression on capability types 'VALUE' (aka 'unsigned __intcap') and 'VALUE'; it is not clear which should be used as the source of provenance; currently provenance is inherited from the left-hand side [-Wcheri-provenance]
../internal/bits.h:646:28: warning: binary expression on capability types 'VALUE' (aka 'unsigned __intcap') and 'VALUE'; it is not clear which should be used as the source of provenance; currently provenance is inherited from the left-hand side [-Wcheri-provenance]
../internal/numeric.h:214:39: warning: binary expression on capability types 'unsigned __intcap' and 'unsigned __intcap'; it is not clear which should be used as the source of provenance; currently provenance is inherited from the left-hand side [-Wcheri-provenance]
../process.c:2043:36: warning: format specifies type 'long' but the argument has type 'VALUE' (aka 'unsigned __intcap') [-Wformat]
../process.c:2309:22: warning: format specifies type 'long' but the argument has type 'VALUE' (aka 'unsigned __intcap') [-Wformat]
../process.c:2444:82: warning: format specifies type 'long' but the argument has type 'VALUE' (aka 'unsigned __intcap') [-Wformat]
../process.c:5539:66: warning: format specifies type 'long' but the argument has type 'VALUE' (aka 'unsigned __intcap') [-Wformat]
../process.c:5580:66: warning: format specifies type 'long' but the argument has type 'VALUE' (aka 'unsigned __intcap') [-Wformat]
../process.c:6073:70: warning: format specifies type 'long' but the argument has type 'VALUE' (aka 'unsigned __intcap') [-Wformat]
../process.c:6174:71: warning: format specifies type 'long' but the argument has type 'VALUE' (aka 'unsigned __intcap') [-Wformat]
../process.c:8159:63: warning: format specifies type 'long' but the argument has type 'VALUE' (aka 'unsigned __intcap') [-Wformat]
../process.c:8535:13: warning: format specifies type 'long' but the argument has type 'VALUE' (aka 'unsigned __intcap') [-Wformat]
../process.c:8545:5: warning: format specifies type 'long' but the argument has type 'VALUE' (aka 'unsigned __intcap') [-Wformat]
../process.c:8706:13: warning: format specifies type 'long' but the argument has type 'VALUE' (aka 'unsigned __intcap') [-Wformat]
../process.c:8716:5: warning: format specifies type 'long' but the argument has type 'VALUE' (aka 'unsigned __intcap') [-Wformat]
../internal/bits.h:622:27: warning: binary expression on capability types 'VALUE' (aka 'unsigned __intcap') and 'VALUE'; it is not clear which should be used as the source of provenance; currently provenance is inherited from the left-hand side [-Wcheri-provenance]
../internal/bits.h:646:28: warning: binary expression on capability types 'VALUE' (aka 'unsigned __intcap') and 'VALUE'; it is not clear which should be used as the source of provenance; currently provenance is inherited from the left-hand side [-Wcheri-provenance]
../internal/numeric.h:214:39: warning: binary expression on capability types 'unsigned __intcap' and 'unsigned __intcap'; it is not clear which should be used as the source of provenance; currently provenance is inherited from the left-hand side [-Wcheri-provenance]
../ractor.c:3088:87: warning: format specifies type 'long' but the argument has type 'VALUE' (aka 'unsigned __intcap') [-Wformat]
../ractor.c:3135:36: warning: format specifies type 'long' but the argument has type 'VALUE' (aka 'unsigned __intcap') [-Wformat]
../ractor.c:3506:52: warning: format specifies type 'long' but the argument has type 'VALUE' (aka 'unsigned __intcap') [-Wformat]
../ractor.c:3580:27: warning: binary expression on capability types 'VALUE' (aka 'unsigned __intcap') and 'VALUE'; it is not clear which should be used as the source of provenance; currently provenance is inherited from the left-hand side [-Wcheri-provenance]
../ractor.c:3611:30: warning: binary expression on capability types 'VALUE' (aka 'unsigned __intcap') and 'VALUE'; it is not clear which should be used as the source of provenance; currently provenance is inherited from the left-hand side [-Wcheri-provenance]
../ractor.c:3611:57: warning: binary expression on capability types 'VALUE' (aka 'unsigned __intcap') and 'VALUE'; it is not clear which should be used as the source of provenance; currently provenance is inherited from the left-hand side [-Wcheri-provenance]
../ractor.c:3611:43: warning: binary expression on capability types 'unsigned __intcap' and 'unsigned __intcap'; it is not clear which should be used as the source of provenance; currently provenance is inherited from the left-hand side [-Wcheri-provenance]
../internal/bits.h:622:27: warning: binary expression on capability types 'VALUE' (aka 'unsigned __intcap') and 'VALUE'; it is not clear which should be used as the source of provenance; currently provenance is inherited from the left-hand side [-Wcheri-provenance]
../internal/bits.h:646:28: warning: binary expression on capability types 'VALUE' (aka 'unsigned __intcap') and 'VALUE'; it is not clear which should be used as the source of provenance; currently provenance is inherited from the left-hand side [-Wcheri-provenance]
../internal/numeric.h:214:39: warning: binary expression on capability types 'unsigned __intcap' and 'unsigned __intcap'; it is not clear which should be used as the source of provenance; currently provenance is inherited from the left-hand side [-Wcheri-provenance]
../random.c:1410:61: warning: format specifies type 'long' but the argument has type 'VALUE' (aka 'unsigned __intcap') [-Wformat]
../random.c:1748:45: warning: binary expression on capability types 'st_index_t' (aka 'unsigned __intcap') and 'st_index_t'; it is not clear which should be used as the source of provenance; currently provenance is inherited from the left-hand side [-Wcheri-provenance]
../internal/bits.h:622:27: warning: binary expression on capability types 'VALUE' (aka 'unsigned __intcap') and 'VALUE'; it is not clear which should be used as the source of provenance; currently provenance is inherited from the left-hand side [-Wcheri-provenance]
../internal/bits.h:646:28: warning: binary expression on capability types 'VALUE' (aka 'unsigned __intcap') and 'VALUE'; it is not clear which should be used as the source of provenance; currently provenance is inherited from the left-hand side [-Wcheri-provenance]
../internal/numeric.h:214:39: warning: binary expression on capability types 'unsigned __intcap' and 'unsigned __intcap'; it is not clear which should be used as the source of provenance; currently provenance is inherited from the left-hand side [-Wcheri-provenance]
../range.c:764:9: warning: format specifies type 'long' but the argument has type 'VALUE' (aka 'unsigned __intcap') [-Wformat]
../range.c:842:9: warning: format specifies type 'long' but the argument has type 'VALUE' (aka 'unsigned __intcap') [-Wformat]
../range.c:849:9: warning: format specifies type 'long' but the argument has type 'VALUE' (aka 'unsigned __intcap') [-Wformat]
../range.c:861:13: warning: format specifies type 'long' but the argument has type 'VALUE' (aka 'unsigned __intcap') [-Wformat]
../range.c:864:21: warning: format specifies type 'long' but the argument has type 'VALUE' (aka 'unsigned __intcap') [-Wformat]
../range.c:879:13: warning: format specifies type 'long' but the argument has type 'VALUE' (aka 'unsigned __intcap') [-Wformat]
../range.c:882:21: warning: format specifies type 'long' but the argument has type 'VALUE' (aka 'unsigned __intcap') [-Wformat]
../range.c:1897:64: warning: format specifies type 'long' but the argument has type 'VALUE' (aka 'unsigned __intcap') [-Wformat]
../range.c:2506:18: warning: format specifies type 'long' but the argument has type 'VALUE' (aka 'unsigned __intcap') [-Wformat]
../internal/bits.h:622:27: warning: binary expression on capability types 'VALUE' (aka 'unsigned __intcap') and 'VALUE'; it is not clear which should be used as the source of provenance; currently provenance is inherited from the left-hand side [-Wcheri-provenance]
../internal/bits.h:646:28: warning: binary expression on capability types 'VALUE' (aka 'unsigned __intcap') and 'VALUE'; it is not clear which should be used as the source of provenance; currently provenance is inherited from the left-hand side [-Wcheri-provenance]
../internal/numeric.h:214:39: warning: binary expression on capability types 'unsigned __intcap' and 'unsigned __intcap'; it is not clear which should be used as the source of provenance; currently provenance is inherited from the left-hand side [-Wcheri-provenance]
../rational.c:2491:18: warning: format specifies type 'long' but the argument has type 'VALUE' (aka 'unsigned __intcap') [-Wformat]
../internal/bits.h:622:27: warning: binary expression on capability types 'VALUE' (aka 'unsigned __intcap') and 'VALUE'; it is not clear which should be used as the source of provenance; currently provenance is inherited from the left-hand side [-Wcheri-provenance]
../internal/bits.h:646:28: warning: binary expression on capability types 'VALUE' (aka 'unsigned __intcap') and 'VALUE'; it is not clear which should be used as the source of provenance; currently provenance is inherited from the left-hand side [-Wcheri-provenance]
../re.c:687:54: warning: format specifies type 'long' but the argument has type 'VALUE' (aka 'unsigned __intcap') [-Wformat]
../re.c:1197:14: warning: format specifies type 'long' but the argument has type 'VALUE' (aka 'unsigned __intcap') [-Wformat]
../re.c:2602:49: warning: format specifies type 'long' but the argument has type 'VALUE' (aka 'unsigned __intcap') [-Wformat]
../re.c:2606:27: warning: format specifies type 'long' but the argument has type 'VALUE' (aka 'unsigned __intcap') [-Wformat]
../re.c:2606:34: warning: format specifies type 'long' but the argument has type 'VALUE' (aka 'unsigned __intcap') [-Wformat]
../re.c:3902:73: warning: format specifies type 'long' but the argument has type 'VALUE' (aka 'unsigned __intcap') [-Wformat]
../re.c:3914:63: warning: format specifies type 'long' but the argument has type 'VALUE' (aka 'unsigned __intcap') [-Wformat]
../regparse.c:412:14: warning: binary expression on capability types 'st_index_t' (aka 'unsigned __intcap') and 'st_index_t'; it is not clear which should be used as the source of provenance; currently provenance is inherited from the left-hand side [-Wcheri-provenance]
../internal/bits.h:622:27: warning: binary expression on capability types 'VALUE' (aka 'unsigned __intcap') and 'VALUE'; it is not clear which should be used as the source of provenance; currently provenance is inherited from the left-hand side [-Wcheri-provenance]
../internal/bits.h:646:28: warning: binary expression on capability types 'VALUE' (aka 'unsigned __intcap') and 'VALUE'; it is not clear which should be used as the source of provenance; currently provenance is inherited from the left-hand side [-Wcheri-provenance]
../internal/numeric.h:214:39: warning: binary expression on capability types 'unsigned __intcap' and 'unsigned __intcap'; it is not clear which should be used as the source of provenance; currently provenance is inherited from the left-hand side [-Wcheri-provenance]
../ruby.c:1169:56: warning: format specifies type 'long' but the argument has type 'VALUE' (aka 'unsigned __intcap') [-Wformat]
../internal/bits.h:622:27: warning: binary expression on capability types 'VALUE' (aka 'unsigned __intcap') and 'VALUE'; it is not clear which should be used as the source of provenance; currently provenance is inherited from the left-hand side [-Wcheri-provenance]
../internal/bits.h:646:28: warning: binary expression on capability types 'VALUE' (aka 'unsigned __intcap') and 'VALUE'; it is not clear which should be used as the source of provenance; currently provenance is inherited from the left-hand side [-Wcheri-provenance]
../internal/numeric.h:214:39: warning: binary expression on capability types 'unsigned __intcap' and 'unsigned __intcap'; it is not clear which should be used as the source of provenance; currently provenance is inherited from the left-hand side [-Wcheri-provenance]
../shape.c:741:25: warning: format specifies type 'long' but the argument has type 'VALUE' (aka 'unsigned __intcap') [-Wformat]
../signal.c:237:73: warning: format specifies type 'long' but the argument has type 'VALUE' (aka 'unsigned __intcap') [-Wformat]
../signal.c:278:38: warning: format specifies type 'long' but the argument has type 'VALUE' (aka 'unsigned __intcap') [-Wformat]
../internal/bits.h:622:27: warning: binary expression on capability types 'VALUE' (aka 'unsigned __intcap') and 'VALUE'; it is not clear which should be used as the source of provenance; currently provenance is inherited from the left-hand side [-Wcheri-provenance]
../internal/bits.h:646:28: warning: binary expression on capability types 'VALUE' (aka 'unsigned __intcap') and 'VALUE'; it is not clear which should be used as the source of provenance; currently provenance is inherited from the left-hand side [-Wcheri-provenance]
../internal/numeric.h:214:39: warning: binary expression on capability types 'unsigned __intcap' and 'unsigned __intcap'; it is not clear which should be used as the source of provenance; currently provenance is inherited from the left-hand side [-Wcheri-provenance]
../sprintf.c:376:46: warning: format specifies type 'long' but the argument has type 'VALUE' (aka 'unsigned __intcap') [-Wformat]
../internal/bits.h:622:27: warning: binary expression on capability types 'VALUE' (aka 'unsigned __intcap') and 'VALUE'; it is not clear which should be used as the source of provenance; currently provenance is inherited from the left-hand side [-Wcheri-provenance]
../internal/bits.h:646:28: warning: binary expression on capability types 'VALUE' (aka 'unsigned __intcap') and 'VALUE'; it is not clear which should be used as the source of provenance; currently provenance is inherited from the left-hand side [-Wcheri-provenance]
../st.c:449:23: warning: binary expression on capability types 'st_hash_t' (aka 'unsigned __intcap') and 'st_index_t' (aka 'unsigned __intcap'); it is not clear which should be used as the source of provenance; currently provenance is inherited from the left-hand side [-Wcheri-provenance]
../st.c:672:12: warning: binary expression on capability types 'unsigned __intcap' and 'unsigned __intcap'; it is not clear which should be used as the source of provenance; currently provenance is inherited from the left-hand side [-Wcheri-provenance]
../st.c:826:22: warning: binary expression on capability types 'st_index_t' (aka 'unsigned __intcap') and 'st_index_t'; it is not clear which should be used as the source of provenance; currently provenance is inherited from the left-hand side [-Wcheri-provenance]
../st.c:826:28: warning: binary expression on capability types 'unsigned __intcap' and 'st_index_t' (aka 'unsigned __intcap'); it is not clear which should be used as the source of provenance; currently provenance is inherited from the left-hand side [-Wcheri-provenance]
../st.c:1774:10: warning: binary expression on capability types 'st_index_t' (aka 'unsigned __intcap') and 'st_index_t'; it is not clear which should be used as the source of provenance; currently provenance is inherited from the left-hand side [-Wcheri-provenance]
../st.c:1776:9: warning: binary expression on capability types 'st_index_t' (aka 'unsigned __intcap') and 'st_index_t'; it is not clear which should be used as the source of provenance; currently provenance is inherited from the left-hand side [-Wcheri-provenance]
../st.c:1831:9: warning: 'UNALIGNED_ADD_ALL' macro redefined [-Wmacro-redefined]
../st.c:1872:31: warning: binary expression on capability types 'st_index_t' (aka 'unsigned __intcap') and 'st_index_t'; it is not clear which should be used as the source of provenance; currently provenance is inherited from the left-hand side [-Wcheri-provenance]
../st.c:1896:27: warning: binary expression on capability types 'st_index_t' (aka 'unsigned __intcap') and 'st_index_t'; it is not clear which should be used as the source of provenance; currently provenance is inherited from the left-hand side [-Wcheri-provenance]
../st.c:1951:22: warning: binary expression on capability types 'st_index_t' (aka 'unsigned __intcap') and 'st_index_t'; it is not clear which should be used as the source of provenance; currently provenance is inherited from the left-hand side [-Wcheri-provenance]
../st.c:2098:31: warning: binary expression on capability types 'st_data_t' (aka 'unsigned __intcap') and 'st_data_t'; it is not clear which should be used as the source of provenance; currently provenance is inherited from the left-hand side [-Wcheri-provenance]
../st.c:2098:41: warning: binary expression on capability types 'unsigned __intcap' and 'st_data_t' (aka 'unsigned __intcap'); it is not clear which should be used as the source of provenance; currently provenance is inherited from the left-hand side [-Wcheri-provenance]
../st.c:2300:28: warning: binary expression on capability types 'st_index_t' (aka 'unsigned __intcap') and 'st_index_t'; it is not clear which should be used as the source of provenance; currently provenance is inherited from the left-hand side [-Wcheri-provenance]
../internal/bits.h:622:27: warning: binary expression on capability types 'VALUE' (aka 'unsigned __intcap') and 'VALUE'; it is not clear which should be used as the source of provenance; currently provenance is inherited from the left-hand side [-Wcheri-provenance]
../internal/bits.h:646:28: warning: binary expression on capability types 'VALUE' (aka 'unsigned __intcap') and 'VALUE'; it is not clear which should be used as the source of provenance; currently provenance is inherited from the left-hand side [-Wcheri-provenance]
../internal/numeric.h:214:39: warning: binary expression on capability types 'unsigned __intcap' and 'unsigned __intcap'; it is not clear which should be used as the source of provenance; currently provenance is inherited from the left-hand side [-Wcheri-provenance]
../string.c:2158:16: warning: binary expression on capability types 'uintptr_t' (aka 'unsigned __intcap') and 'uintptr_t'; it is not clear which should be used as the source of provenance; currently provenance is inherited from the left-hand side [-Wcheri-provenance]
../string.c:2192:61: warning: binary expression on capability types 'uintptr_t' (aka 'unsigned __intcap') and 'uintptr_t'; it is not clear which should be used as the source of provenance; currently provenance is inherited from the left-hand side [-Wcheri-provenance]
../string.c:2192:45: warning: binary expression on capability types 'uintptr_t' (aka 'unsigned __intcap') and 'unsigned __intcap'; it is not clear which should be used as the source of provenance; currently provenance is inherited from the left-hand side [-Wcheri-provenance]
../string.c:2193:45: warning: binary expression on capability types 'uintptr_t' (aka 'unsigned __intcap') and 'uintptr_t'; it is not clear which should be used as the source of provenance; currently provenance is inherited from the left-hand side [-Wcheri-provenance]
../string.c:2968:57: warning: binary expression on capability types 'uintptr_t' (aka 'unsigned __intcap') and 'uintptr_t'; it is not clear which should be used as the source of provenance; currently provenance is inherited from the left-hand side [-Wcheri-provenance]
../string.c:2968:41: warning: binary expression on capability types 'uintptr_t' (aka 'unsigned __intcap') and 'unsigned __intcap'; it is not clear which should be used as the source of provenance; currently provenance is inherited from the left-hand side [-Wcheri-provenance]
../string.c:2969:41: warning: binary expression on capability types 'uintptr_t' (aka 'unsigned __intcap') and 'uintptr_t'; it is not clear which should be used as the source of provenance; currently provenance is inherited from the left-hand side [-Wcheri-provenance]
../string.c:3793:17: warning: format specifies type 'long' but the argument has type 'VALUE' (aka 'unsigned __intcap') [-Wformat]
../string.c:11314:73: warning: format specifies type 'long' but the argument has type 'VALUE' (aka 'unsigned __intcap') [-Wformat]
../string.c:11326:18: warning: format specifies type 'long' but the argument has type 'VALUE' (aka 'unsigned __intcap') [-Wformat]
../string.c:11492:91: warning: format specifies type 'long' but the argument has type 'VALUE' (aka 'unsigned __intcap') [-Wformat]
../string.c:12456:22: warning: format specifies type 'long' but the argument has type 'VALUE' (aka 'unsigned __intcap') [-Wformat]
../struct.c:273:65: warning: format specifies type 'long' but the argument has type 'VALUE' (aka 'unsigned __intcap') [-Wformat]
../struct.c:273:72: warning: format specifies type 'long' but the argument has type 'VALUE' (aka 'unsigned __intcap') [-Wformat]
../struct.c:676:73: warning: format specifies type 'long' but the argument has type 'VALUE' (aka 'unsigned __intcap') [-Wformat]
../struct.c:679:68: warning: format specifies type 'long' but the argument has type 'VALUE' (aka 'unsigned __intcap') [-Wformat]
../struct.c:1102:18: warning: format specifies type 'long' but the argument has type 'VALUE' (aka 'unsigned __intcap') [-Wformat]
../struct.c:1679:71: warning: format specifies type 'long' but the argument has type 'VALUE' (aka 'unsigned __intcap') [-Wformat]
../struct.c:1682:68: warning: format specifies type 'long' but the argument has type 'VALUE' (aka 'unsigned __intcap') [-Wformat]
../symbol.c:132:23: warning: format specifies type 'long' but the argument has type 'VALUE' (aka 'unsigned __intcap') [-Wformat]
../symbol.c:146:42: warning: format specifies type 'long' but the argument has type 'VALUE' (aka 'unsigned __intcap') [-Wformat]
../symbol.c:150:46: warning: format specifies type 'unsigned long' but the argument has type 'VALUE' (aka 'unsigned __intcap') [-Wformat]
../symbol.c:169:66: warning: format specifies type 'unsigned long' but the argument has type 'VALUE' (aka 'unsigned __intcap') [-Wformat]
../symbol.c:530:18: warning: format specifies type 'long' but the argument has type 'VALUE' (aka 'unsigned __intcap') [-Wformat]
../symbol.c:530:31: warning: format specifies type 'unsigned long' but the argument has type 'VALUE' (aka 'unsigned __intcap') [-Wformat]
../symbol.c:609:48: warning: format specifies type 'long' but the argument has type 'VALUE' (aka 'unsigned __intcap') [-Wformat]
../symbol.c:709:48: warning: format specifies type 'unsigned long' but the argument has type 'VALUE' (aka 'unsigned __intcap') [-Wformat]
../symbol.c:709:53: warning: format specifies type 'long' but the argument has type 'VALUE' (aka 'unsigned __intcap') [-Wformat]
../symbol.c:808:18: warning: format specifies type 'long' but the argument has type 'VALUE' (aka 'unsigned __intcap') [-Wformat]
../symbol.c:1138:22: warning: format specifies type 'long' but the argument has type 'VALUE' (aka 'unsigned __intcap') [-Wformat]
../symbol.c:1199:22: warning: format specifies type 'long' but the argument has type 'VALUE' (aka 'unsigned __intcap') [-Wformat]
../internal/bits.h:622:27: warning: binary expression on capability types 'VALUE' (aka 'unsigned __intcap') and 'VALUE'; it is not clear which should be used as the source of provenance; currently provenance is inherited from the left-hand side [-Wcheri-provenance]
../internal/bits.h:646:28: warning: binary expression on capability types 'VALUE' (aka 'unsigned __intcap') and 'VALUE'; it is not clear which should be used as the source of provenance; currently provenance is inherited from the left-hand side [-Wcheri-provenance]
../thread_pthread.c:2821:16: warning: cast from provenance-free integer type to pointer type will give pointer that can not be dereferenced [-Wcheri-capability-misuse]
../thread_sync.c:828:66: warning: format specifies type 'long' but the argument has type 'VALUE' (aka 'unsigned __intcap') [-Wformat]
../thread_sync.c:1179:61: warning: format specifies type 'long' but the argument has type 'VALUE' (aka 'unsigned __intcap') [-Wformat]
../thread_sync.c:1590:54: warning: format specifies type 'long' but the argument has type 'VALUE' (aka 'unsigned __intcap') [-Wformat]
../thread.c:766:28: warning: format specifies type 'unsigned long' but the argument has type 'VALUE' (aka 'unsigned __intcap') [-Wformat]
../thread.c:920:18: warning: format specifies type 'long' but the argument has type 'VALUE' (aka 'unsigned __intcap') [-Wformat]
../thread.c:971:22: warning: format specifies type 'long' but the argument has type 'VALUE' (aka 'unsigned __intcap') [-Wformat]
../thread.c:971:43: warning: format specifies type 'long' but the argument has type 'VALUE' (aka 'unsigned __intcap') [-Wformat]
../thread.c:3538:43: warning: format specifies type 'long' but the argument has type 'VALUE' (aka 'unsigned __intcap') [-Wformat]
../thread.c:3540:41: warning: format specifies type 'long' but the argument has type 'VALUE' (aka 'unsigned __intcap') [-Wformat]
../thread.c:3544:21: warning: format specifies type 'long' but the argument has type 'VALUE' (aka 'unsigned __intcap') [-Wformat]
../thread.c:3544:42: warning: format specifies type 'long' but the argument has type 'VALUE' (aka 'unsigned __intcap') [-Wformat]
../thread.c:3689:67: warning: format specifies type 'long' but the argument has type 'VALUE' (aka 'unsigned __intcap') [-Wformat]
../thread.c:5323:14: warning: format specifies type 'long' but the argument has type 'VALUE' (aka 'unsigned __intcap') [-Wformat]
../thread.c:5323:19: warning: format specifies type 'long' but the argument has type 'VALUE' (aka 'unsigned __intcap') [-Wformat]
../thread.c:5583:21: warning: format specifies type 'long' but the argument has type 'VALUE' (aka 'unsigned __intcap') [-Wformat]
../internal/bits.h:622:27: warning: binary expression on capability types 'VALUE' (aka 'unsigned __intcap') and 'VALUE'; it is not clear which should be used as the source of provenance; currently provenance is inherited from the left-hand side [-Wcheri-provenance]
../internal/bits.h:646:28: warning: binary expression on capability types 'VALUE' (aka 'unsigned __intcap') and 'VALUE'; it is not clear which should be used as the source of provenance; currently provenance is inherited from the left-hand side [-Wcheri-provenance]
../internal/numeric.h:214:39: warning: binary expression on capability types 'unsigned __intcap' and 'unsigned __intcap'; it is not clear which should be used as the source of provenance; currently provenance is inherited from the left-hand side [-Wcheri-provenance]
../time.c:202:18: warning: format specifies type 'long' but the argument has type 'VALUE' (aka 'unsigned __intcap') [-Wformat]
../time.c:563:14: warning: format specifies type 'long' but the argument has type 'VALUE' (aka 'unsigned __intcap') [-Wformat]
../time.c:1882:61: warning: format specifies type 'long' but the argument has type 'VALUE' (aka 'unsigned __intcap') [-Wformat]
../time.c:1893:67: warning: format specifies type 'long' but the argument has type 'VALUE' (aka 'unsigned __intcap') [-Wformat]
../time.c:2155:14: warning: format specifies type 'long' but the argument has type 'VALUE' (aka 'unsigned __intcap') [-Wformat]
../time.c:2578:60: warning: format specifies type 'long' but the argument has type 'VALUE' (aka 'unsigned __intcap') [-Wformat]
../time.c:2582:60: warning: format specifies type 'long' but the argument has type 'VALUE' (aka 'unsigned __intcap') [-Wformat]
../time.c:2871:22: warning: format specifies type 'long' but the argument has type 'VALUE' (aka 'unsigned __intcap') [-Wformat]
../time.c:2947:63: warning: format specifies type 'long' but the argument has type 'VALUE' (aka 'unsigned __intcap') [-Wformat]
../time.c:5125:18: warning: format specifies type 'long' but the argument has type 'VALUE' (aka 'unsigned __intcap') [-Wformat]
../time.c:5218:72: warning: format specifies type 'long' but the argument has type 'VALUE' (aka 'unsigned __intcap') [-Wformat]
../time.c:5442:56: warning: format specifies type 'long' but the argument has type 'VALUE' (aka 'unsigned __intcap') [-Wformat]
../transcode.c:2528:83: warning: format specifies type 'long' but the argument has type 'VALUE' (aka 'unsigned __intcap') [-Wformat]
../transcode.c:2554:22: warning: format specifies type 'long' but the argument has type 'VALUE' (aka 'unsigned __intcap') [-Wformat]
../variable.c:260:49: warning: format specifies type 'long' but the argument has type 'VALUE' (aka 'unsigned __intcap') [-Wformat]
../variable.c:375:18: warning: format specifies type 'long' but the argument has type 'VALUE' (aka 'unsigned __intcap') [-Wformat]
../variable.c:392:22: warning: format specifies type 'long' but the argument has type 'VALUE' (aka 'unsigned __intcap') [-Wformat]
../variable.c:401:14: warning: format specifies type 'long' but the argument has type 'VALUE' (aka 'unsigned __intcap') [-Wformat]
../variable.c:556:66: warning: format specifies type 'long' but the argument has type 'VALUE' (aka 'unsigned __intcap') [-Wformat]
../variable.c:635:63: warning: format specifies type 'long' but the argument has type 'VALUE' (aka 'unsigned __intcap') [-Wformat]
../variable.c:823:74: warning: format specifies type 'long' but the argument has type 'VALUE' (aka 'unsigned __intcap') [-Wformat]
../variable.c:826:69: warning: format specifies type 'long' but the argument has type 'VALUE' (aka 'unsigned __intcap') [-Wformat]
../variable.c:2667:81: warning: format specifies type 'long' but the argument has type 'VALUE' (aka 'unsigned __intcap') [-Wformat]
../variable.c:2976:17: warning: format specifies type 'long' but the argument has type 'VALUE' (aka 'unsigned __intcap') [-Wformat]
../variable.c:2977:17: warning: format specifies type 'long' but the argument has type 'unsigned __intcap' [-Wformat]
../variable.c:2983:17: warning: format specifies type 'long' but the argument has type 'VALUE' (aka 'unsigned __intcap') [-Wformat]
../variable.c:2984:17: warning: format specifies type 'long' but the argument has type 'VALUE' (aka 'unsigned __intcap') [-Wformat]
../variable.c:2985:17: warning: format specifies type 'long' but the argument has type 'unsigned __intcap' [-Wformat]
../variable.c:3063:100: warning: format specifies type 'long' but the argument has type 'VALUE' (aka 'unsigned __intcap') [-Wformat]
../variable.c:3067:21: warning: format specifies type 'long' but the argument has type 'VALUE' (aka 'unsigned __intcap') [-Wformat]
../variable.c:3067:43: warning: format specifies type 'long' but the argument has type 'VALUE' (aka 'unsigned __intcap') [-Wformat]
../variable.c:3079:141: warning: format specifies type 'long' but the argument has type 'VALUE' (aka 'unsigned __intcap') [-Wformat]
../variable.c:3571:18: warning: format specifies type 'long' but the argument has type 'VALUE' (aka 'unsigned __intcap') [-Wformat]
../variable.c:3698:70: warning: format specifies type 'long' but the argument has type 'VALUE' (aka 'unsigned __intcap') [-Wformat]
../variable.c:3701:25: warning: format specifies type 'long' but the argument has type 'VALUE' (aka 'unsigned __intcap') [-Wformat]
../variable.c:3701:47: warning: format specifies type 'long' but the argument has type 'VALUE' (aka 'unsigned __intcap') [-Wformat]
../variable.c:3704:81: warning: format specifies type 'long' but the argument has type 'VALUE' (aka 'unsigned __intcap') [-Wformat]
../variable.c:3759:20: warning: format specifies type 'long' but the argument has type 'VALUE' (aka 'unsigned __intcap') [-Wformat]
../variable.c:3908:24: warning: format specifies type 'long' but the argument has type 'unsigned __intcap' [-Wformat]
../variable.c:3908:36: warning: format specifies type 'long' but the argument has type 'VALUE' (aka 'unsigned __intcap') [-Wformat]
../variable.c:3909:24: warning: format specifies type 'long' but the argument has type 'VALUE' (aka 'unsigned __intcap') [-Wformat]
../internal/bits.h:622:27: warning: binary expression on capability types 'VALUE' (aka 'unsigned __intcap') and 'VALUE'; it is not clear which should be used as the source of provenance; currently provenance is inherited from the left-hand side [-Wcheri-provenance]
../internal/bits.h:646:28: warning: binary expression on capability types 'VALUE' (aka 'unsigned __intcap') and 'VALUE'; it is not clear which should be used as the source of provenance; currently provenance is inherited from the left-hand side [-Wcheri-provenance]
../internal/numeric.h:214:39: warning: binary expression on capability types 'unsigned __intcap' and 'unsigned __intcap'; it is not clear which should be used as the source of provenance; currently provenance is inherited from the left-hand side [-Wcheri-provenance]
../vm_callinfo.h:140:50: warning: binary expression on capability types 'VALUE' (aka 'unsigned __intcap') and 'unsigned __intcap'; it is not clear which should be used as the source of provenance; currently provenance is inherited from the left-hand side [-Wcheri-provenance]
../vm_callinfo.h:151:67: warning: binary expression on capability types 'VALUE' (aka 'unsigned __intcap') and 'unsigned __intcap'; it is not clear which should be used as the source of provenance; currently provenance is inherited from the left-hand side [-Wcheri-provenance]
../vm_callinfo.h:162:67: warning: binary expression on capability types 'VALUE' (aka 'unsigned __intcap') and 'unsigned __intcap'; it is not clear which should be used as the source of provenance; currently provenance is inherited from the left-hand side [-Wcheri-provenance]
../vm_callinfo.h:216:25: warning: binary expression on capability types 'ID' (aka 'unsigned __intcap') and 'unsigned __intcap'; it is not clear which should be used as the source of provenance; currently provenance is inherited from the left-hand side [-Wcheri-provenance]
../vm_insnhelper.c:1046:72: warning: format specifies type 'long' but the argument has type 'VALUE' (aka 'unsigned __intcap') [-Wformat]
../vm_insnhelper.c:1112:135: warning: format specifies type 'long' but the argument has type 'VALUE' (aka 'unsigned __intcap') [-Wformat]
../vm_insnhelper.c:3088:21: warning: format specifies type 'long' but the argument has type 'VALUE' (aka 'unsigned __intcap') [-Wformat]
../vm_insnhelper.c:3088:27: warning: format specifies type 'long' but the argument has type 'VALUE' (aka 'unsigned __intcap') [-Wformat]
../vm_insnhelper.c:3088:50: warning: format specifies type 'long' but the argument has type 'VALUE' (aka 'unsigned __intcap') [-Wformat]
../vm_insnhelper.c:3091:93: warning: format specifies type 'long' but the argument has type 'VALUE' (aka 'unsigned __intcap') [-Wformat]
../vm_insnhelper.c:5026:22: warning: format specifies type 'long' but the argument has type 'VALUE' (aka 'unsigned __intcap') [-Wformat]
../vm_insnhelper.c:5026:42: warning: format specifies type 'long' but the argument has type 'VALUE' (aka 'unsigned __intcap') [-Wformat]
../vm_insnhelper.c:5732:22: warning: format specifies type 'long' but the argument has type 'VALUE' (aka 'unsigned __intcap') [-Wformat]
../vm_insnhelper.c:5786:32: warning: format specifies type 'long' but the argument has type 'VALUE' (aka 'unsigned __intcap') [-Wformat]
../vm_insnhelper.c:5791:21: warning: format specifies type 'long' but the argument has type 'VALUE' (aka 'unsigned __intcap') [-Wformat]
../vm_insnhelper.c:5791:48: warning: format specifies type 'long' but the argument has type 'VALUE' (aka 'unsigned __intcap') [-Wformat]
../vm_insnhelper.c:5791:75: warning: format specifies type 'long' but the argument has type 'VALUE' (aka 'unsigned __intcap') [-Wformat]
../vm_insnhelper.c:5804:18: warning: format specifies type 'long' but the argument has type 'VALUE' (aka 'unsigned __intcap') [-Wformat]
../vm_insnhelper.c:6826:21: warning: binary expression on capability types 'VALUE' (aka 'unsigned __intcap') and 'VALUE'; it is not clear which should be used as the source of provenance; currently provenance is inherited from the left-hand side [-Wcheri-provenance]
../vm_exec.c:105:5: warning: format specifies type 'long' but the argument has type 'VALUE' (aka 'unsigned __intcap') [-Wformat]
../vm_method.c:1043:21: warning: format specifies type 'long' but the argument has type 'VALUE' (aka 'unsigned __intcap') [-Wformat]
../vm_method.c:1046:21: warning: format specifies type 'long' but the argument has type 'VALUE' (aka 'unsigned __intcap') [-Wformat]
../vm_method.c:1050:75: warning: format specifies type 'long' but the argument has type 'VALUE' (aka 'unsigned __intcap') [-Wformat]
../vm_method.c:1896:54: warning: format specifies type 'long' but the argument has type 'VALUE' (aka 'unsigned __intcap') [-Wformat]
../vm_method.c:2407:20: warning: format specifies type 'long' but the argument has type 'VALUE' (aka 'unsigned __intcap') [-Wformat]
../vm_method.c:2608:152: warning: format specifies type 'long' but the argument has type 'VALUE' (aka 'unsigned __intcap') [-Wformat]
../vm_method.c:2627:156: warning: format specifies type 'long' but the argument has type 'VALUE' (aka 'unsigned __intcap') [-Wformat]
../vm_method.c:2634:110: warning: format specifies type 'long' but the argument has type 'VALUE' (aka 'unsigned __intcap') [-Wformat]
../vm_method.c:2639:118: warning: format specifies type 'long' but the argument has type 'VALUE' (aka 'unsigned __intcap') [-Wformat]
../vm_method.c:2924:25: warning: format specifies type 'long' but the argument has type 'unsigned __intcap' [-Wformat]
../vm_method.c:2926:25: warning: format specifies type 'long' but the argument has type 'VALUE' (aka 'unsigned __intcap') [-Wformat]
../vm_eval.c:405:25: warning: binary expression on capability types 'VALUE' (aka 'unsigned __intcap') and 'VALUE'; it is not clear which should be used as the source of provenance; currently provenance is inherited from the left-hand side [-Wcheri-provenance]
../vm_eval.c:778:18: warning: format specifies type 'long' but the argument has type 'VALUE' (aka 'unsigned __intcap') [-Wformat]
../vm_eval.c:783:18: warning: format specifies type 'long' but the argument has type 'VALUE' (aka 'unsigned __intcap') [-Wformat]
../vm_eval.c:789:18: warning: format specifies type 'long' but the argument has type 'VALUE' (aka 'unsigned __intcap') [-Wformat]
../vm_eval.c:789:45: warning: format specifies type 'unsigned long' but the argument has type 'VALUE' (aka 'unsigned __intcap') [-Wformat]
../vm_eval.c:795:18: warning: format specifies type 'long' but the argument has type 'VALUE' (aka 'unsigned __intcap') [-Wformat]
../vm_eval.c:795:48: warning: format specifies type 'unsigned long' but the argument has type 'VALUE' (aka 'unsigned __intcap') [-Wformat]
../vm_eval.c:801:18: warning: format specifies type 'long' but the argument has type 'VALUE' (aka 'unsigned __intcap') [-Wformat]
../vm_eval.c:801:48: warning: format specifies type 'unsigned long' but the argument has type 'VALUE' (aka 'unsigned __intcap') [-Wformat]
../vm_eval.c:957:18: warning: format specifies type 'long' but the argument has type 'VALUE' (aka 'unsigned __intcap') [-Wformat]
../vm_eval.c:1644:38: warning: format specifies type 'long' but the argument has type 'VALUE' (aka 'unsigned __intcap') [-Wformat]
../vm.c:749:59: warning: format specifies type 'long' but the argument has type 'VALUE' (aka 'unsigned __intcap') [-Wformat]
../vm.c:1291:93: warning: format specifies type 'long' but the argument has type 'VALUE' (aka 'unsigned __intcap') [-Wformat]
../vm.c:1293:75: warning: format specifies type 'long' but the argument has type 'VALUE' (aka 'unsigned __intcap') [-Wformat]
../vm.c:1403:22: warning: format specifies type 'long' but the argument has type 'VALUE' (aka 'unsigned __intcap') [-Wformat]
../vm_backtrace.c:214:66: warning: format specifies type 'long' but the argument has type 'VALUE' (aka 'unsigned __intcap') [-Wformat]
../vm_backtrace.c:214:69: warning: format specifies type 'long' but the argument has type 'VALUE' (aka 'unsigned __intcap') [-Wformat]
../vm_backtrace.c:221:62: warning: format specifies type 'long' but the argument has type 'VALUE' (aka 'unsigned __intcap') [-Wformat]
../vm_backtrace.c:221:69: warning: format specifies type 'long' but the argument has type 'VALUE' (aka 'unsigned __intcap') [-Wformat]
../vm_backtrace.c:252:54: warning: format specifies type 'long' but the argument has type 'VALUE' (aka 'unsigned __intcap') [-Wformat]
../vm_backtrace.c:255:73: warning: format specifies type 'long' but the argument has type 'VALUE' (aka 'unsigned __intcap') [-Wformat]
../vm_backtrace.c:1163:58: warning: format specifies type 'long' but the argument has type 'VALUE' (aka 'unsigned __intcap') [-Wformat]
../vm_backtrace.c:1169:47: warning: format specifies type 'long' but the argument has type 'VALUE' (aka 'unsigned __intcap') [-Wformat]
../vm_backtrace.c:1955:31: warning: format specifies type 'long' but the argument has type 'VALUE' (aka 'unsigned __intcap') [-Wformat]
../vm_backtrace.c:1955:76: warning: format specifies type 'long' but the argument has type 'VALUE' (aka 'unsigned __intcap') [-Wformat]
../vm_backtrace.c:1996:77: warning: format specifies type 'long' but the argument has type 'VALUE' (aka 'unsigned __intcap') [-Wformat]
../vm_dump.c:262:53: warning: format specifies type 'unsigned long' but the argument has type 'VALUE' (aka 'unsigned __intcap') [-Wformat]
../internal/bits.h:622:27: warning: binary expression on capability types 'VALUE' (aka 'unsigned __intcap') and 'VALUE'; it is not clear which should be used as the source of provenance; currently provenance is inherited from the left-hand side [-Wcheri-provenance]
../internal/bits.h:646:28: warning: binary expression on capability types 'VALUE' (aka 'unsigned __intcap') and 'VALUE'; it is not clear which should be used as the source of provenance; currently provenance is inherited from the left-hand side [-Wcheri-provenance]
../vm_trace.c:834:57: warning: format specifies type 'long' but the argument has type 'VALUE' (aka 'unsigned __intcap') [-Wformat]
../vm_trace.c:1534:35: warning: format specifies type 'long' but the argument has type 'VALUE' (aka 'unsigned __intcap') [-Wformat]
../vm_trace.c:1535:35: warning: format specifies type 'long' but the argument has type 'VALUE' (aka 'unsigned __intcap') [-Wformat]
../vm_trace.c:1537:35: warning: format specifies type 'long' but the argument has type 'VALUE' (aka 'unsigned __intcap') [-Wformat]
../vm_trace.c:1544:31: warning: format specifies type 'long' but the argument has type 'VALUE' (aka 'unsigned __intcap') [-Wformat]
../vm_trace.c:1545:31: warning: format specifies type 'long' but the argument has type 'VALUE' (aka 'unsigned __intcap') [-Wformat]
../vm_trace.c:1546:31: warning: format specifies type 'long' but the argument has type 'VALUE' (aka 'unsigned __intcap') [-Wformat]
../vm_trace.c:1551:31: warning: format specifies type 'long' but the argument has type 'VALUE' (aka 'unsigned __intcap') [-Wformat]
../vm_trace.c:1552:31: warning: format specifies type 'long' but the argument has type 'VALUE' (aka 'unsigned __intcap') [-Wformat]
../vm_trace.c:1557:27: warning: format specifies type 'long' but the argument has type 'VALUE' (aka 'unsigned __intcap') [-Wformat]
../vm_trace.c:1558:27: warning: format specifies type 'long' but the argument has type 'VALUE' (aka 'unsigned __intcap') [-Wformat]
../weakmap.c:293:49: warning: format specifies type 'long' but the argument has type 'VALUE' (aka 'unsigned __intcap') [-Wformat]
../prism/extension.c:53:89: warning: format specifies type 'long' but the argument has type 'VALUE' (aka 'unsigned __intcap') [-Wformat]
../prism/extension.c:67:89: warning: format specifies type 'long' but the argument has type 'VALUE' (aka 'unsigned __intcap') [-Wformat]
../prism/extension.c:84:86: warning: format specifies type 'long' but the argument has type 'VALUE' (aka 'unsigned __intcap') [-Wformat]
../prism/extension.c:100:90: warning: format specifies type 'long' but the argument has type 'VALUE' (aka 'unsigned __intcap') [-Wformat]
../prism/extension.c:117:95: warning: format specifies type 'long' but the argument has type 'VALUE' (aka 'unsigned __intcap') [-Wformat]
../prism/extension.c:155:72: warning: format specifies type 'long' but the argument has type 'VALUE' (aka 'unsigned __intcap') [-Wformat]
../prism/extension.c:184:64: warning: format specifies type 'long' but the argument has type 'VALUE' (aka 'unsigned __intcap') [-Wformat]
../prism/extension.c:234:91: warning: format specifies type 'long' but the argument has type 'VALUE' (aka 'unsigned __intcap') [-Wformat]
../addr2line.c:1946:62: warning: binary expression on capability types 'unsigned __intcap' and 'uintptr_t' (aka 'unsigned __intcap'); it is not clear which should be used as the source of provenance; currently provenance is inherited from the left-hand side [-Wcheri-provenance]
../addr2line.c:1963:40: warning: binary expression on capability types 'uintptr_t' (aka 'unsigned __intcap') and 'uintptr_t'; it is not clear which should be used as the source of provenance; currently provenance is inherited from the left-hand side [-Wcheri-provenance]
../internal/bits.h:622:27: warning: binary expression on capability types 'VALUE' (aka 'unsigned __intcap') and 'VALUE'; it is not clear which should be used as the source of provenance; currently provenance is inherited from the left-hand side [-Wcheri-provenance]
../internal/bits.h:646:28: warning: binary expression on capability types 'VALUE' (aka 'unsigned __intcap') and 'VALUE'; it is not clear which should be used as the source of provenance; currently provenance is inherited from the left-hand side [-Wcheri-provenance]
../internal/numeric.h:214:39: warning: binary expression on capability types 'unsigned __intcap' and 'unsigned __intcap'; it is not clear which should be used as the source of provenance; currently provenance is inherited from the left-hand side [-Wcheri-provenance]
../../../../ext/-test-/fatal/invalid.c:14:14: warning: cast from provenance-free integer type to pointer type will give pointer that can not be dereferenced [-Wcheri-capability-misuse]
../../../../ext/-test-/fatal/invalid.c:20:13: warning: cast from provenance-free integer type to pointer type will give pointer that can not be dereferenced [-Wcheri-capability-misuse]
../../../../internal/bits.h:622:27: warning: binary expression on capability types 'VALUE' (aka 'unsigned __intcap') and 'VALUE'; it is not clear which should be used as the source of provenance; currently provenance is inherited from the left-hand side [-Wcheri-provenance]
../../../../internal/bits.h:646:28: warning: binary expression on capability types 'VALUE' (aka 'unsigned __intcap') and 'VALUE'; it is not clear which should be used as the source of provenance; currently provenance is inherited from the left-hand side [-Wcheri-provenance]
../../../../internal/numeric.h:214:39: warning: binary expression on capability types 'unsigned __intcap' and 'unsigned __intcap'; it is not clear which should be used as the source of provenance; currently provenance is inherited from the left-hand side [-Wcheri-provenance]
../../../../ext/-test-/printf/printf.c:7:68: warning: format specifies type 'long' but the argument has type 'VALUE' (aka 'unsigned __intcap') [-Wformat]
../../../../ext/-test-/printf/printf.c:13:69: warning: format specifies type 'long' but the argument has type 'VALUE' (aka 'unsigned __intcap') [-Wformat]
../../../../ext/-test-/printf/printf.c:19:69: warning: format specifies type 'long' but the argument has type 'VALUE' (aka 'unsigned __intcap') [-Wformat]
../../../../internal/bits.h:622:27: warning: binary expression on capability types 'VALUE' (aka 'unsigned __intcap') and 'VALUE'; it is not clear which should be used as the source of provenance; currently provenance is inherited from the left-hand side [-Wcheri-provenance]
../../../../internal/bits.h:646:28: warning: binary expression on capability types 'VALUE' (aka 'unsigned __intcap') and 'VALUE'; it is not clear which should be used as the source of provenance; currently provenance is inherited from the left-hand side [-Wcheri-provenance]
../../../../internal/numeric.h:214:39: warning: binary expression on capability types 'unsigned __intcap' and 'unsigned __intcap'; it is not clear which should be used as the source of provenance; currently provenance is inherited from the left-hand side [-Wcheri-provenance]
../../../../../ext/-test-/st/foreach/foreach.c:27:72: warning: format specifies type 'unsigned long' but the argument has type 'VALUE' (aka 'unsigned __intcap') [-Wformat]
../../../../../ext/-test-/st/foreach/foreach.c:27:84: warning: format specifies type 'unsigned long' but the argument has type 'VALUE' (aka 'unsigned __intcap') [-Wformat]
../../../../../ext/-test-/st/foreach/foreach.c:30:72: warning: format specifies type 'unsigned long' but the argument has type 'VALUE' (aka 'unsigned __intcap') [-Wformat]
../../../../../ext/-test-/st/foreach/foreach.c:30:84: warning: format specifies type 'unsigned long' but the argument has type 'VALUE' (aka 'unsigned __intcap') [-Wformat]
../../../../../ext/-test-/st/foreach/foreach.c:66:79: warning: format specifies type 'unsigned long' but the argument has type 'VALUE' (aka 'unsigned __intcap') [-Wformat]
../../../../../ext/-test-/st/foreach/foreach.c:72:59: warning: format specifies type 'long' but the argument has type 'VALUE' (aka 'unsigned __intcap') [-Wformat]
../../../../../ext/-test-/st/foreach/foreach.c:93:71: warning: format specifies type 'unsigned long' but the argument has type 'VALUE' (aka 'unsigned __intcap') [-Wformat]
../../../../../ext/-test-/st/foreach/foreach.c:98:17: warning: format specifies type 'unsigned long' but the argument has type 'VALUE' (aka 'unsigned __intcap') [-Wformat]
../../../../../ext/-test-/st/foreach/foreach.c:98:30: warning: format specifies type 'unsigned long' but the argument has type 'VALUE' (aka 'unsigned __intcap') [-Wformat]
../../../../../ext/-test-/st/foreach/foreach.c:126:79: warning: format specifies type 'unsigned long' but the argument has type 'VALUE' (aka 'unsigned __intcap') [-Wformat]
../../../../../ext/-test-/st/foreach/foreach.c:133:59: warning: format specifies type 'long' but the argument has type 'VALUE' (aka 'unsigned __intcap') [-Wformat]
../../../../../ext/-test-/st/foreach/foreach.c:154:71: warning: format specifies type 'unsigned long' but the argument has type 'VALUE' (aka 'unsigned __intcap') [-Wformat]
../../../../../ext/-test-/st/foreach/foreach.c:159:17: warning: format specifies type 'unsigned long' but the argument has type 'VALUE' (aka 'unsigned __intcap') [-Wformat]
../../../../../ext/-test-/st/foreach/foreach.c:159:30: warning: format specifies type 'unsigned long' but the argument has type 'VALUE' (aka 'unsigned __intcap') [-Wformat]
../../../../ext/-test-/struct/member.c:9:74: warning: format specifies type 'long' but the argument has type 'VALUE' (aka 'unsigned __intcap') [-Wformat]
../../../../../ext/-test-/thread/instrumentation/instrumentation.c:144:9: warning: cast from provenance-free integer type to pointer type will give pointer that can not be dereferenced [-Wcheri-capability-misuse]
../../../../internal/bits.h:622:27: warning: binary expression on capability types 'VALUE' (aka 'unsigned __intcap') and 'VALUE'; it is not clear which should be used as the source of provenance; currently provenance is inherited from the left-hand side [-Wcheri-provenance]
../../../../internal/bits.h:646:28: warning: binary expression on capability types 'VALUE' (aka 'unsigned __intcap') and 'VALUE'; it is not clear which should be used as the source of provenance; currently provenance is inherited from the left-hand side [-Wcheri-provenance]
../../../ext/date/date_core.c:7038:6: warning: format specifies type 'long' but the argument has type 'VALUE' (aka 'unsigned __intcap') [-Wformat]
../../../ext/date/date_core.c:7038:13: warning: format specifies type 'long' but the argument has type 'VALUE' (aka 'unsigned __intcap') [-Wformat]
../../../ext/date/date_core.c:7039:6: warning: format specifies type 'long' but the argument has type 'VALUE' (aka 'unsigned __intcap') [-Wformat]
../../../ext/date/date_core.c:7039:29: warning: format specifies type 'long' but the argument has type 'VALUE' (aka 'unsigned __intcap') [-Wformat]
../../../ext/date/date_core.c:7443:18: warning: format specifies type 'long' but the argument has type 'VALUE' (aka 'unsigned __intcap') [-Wformat]
../../../ext/digest/digest.c:591:22: warning: format specifies type 'long' but the argument has type 'VALUE' (aka 'unsigned __intcap') [-Wformat]
../../../ext/digest/digest.c:594:22: warning: format specifies type 'long' but the argument has type 'VALUE' (aka 'unsigned __intcap') [-Wformat]
../../../ext/digest/digest.c:594:29: warning: format specifies type 'long' but the argument has type 'VALUE' (aka 'unsigned __intcap') [-Wformat]
../../../ext/etc/etc.c:270:76: warning: format specifies type 'long' but the argument has type 'VALUE' (aka 'unsigned __intcap') [-Wformat]
../../../ext/etc/etc.c:524:77: warning: format specifies type 'long' but the argument has type 'VALUE' (aka 'unsigned __intcap') [-Wformat]
../../../../ext/io/console/console.c:240:8: warning: format specifies type 'long' but the argument has type 'VALUE' (aka 'unsigned __intcap') [-Wformat]
../../../../ext/io/console/console.c:1040:64: warning: format specifies type 'long' but the argument has type 'VALUE' (aka 'unsigned __intcap') [-Wformat]
../../../../ext/json/generator/generator.c:997:76: warning: format specifies type 'long' but the argument has type 'VALUE' (aka 'unsigned __intcap') [-Wformat]
../../../../ext/json/generator/generator.c:1045:84: warning: format specifies type 'long' but the argument has type 'VALUE' (aka 'unsigned __intcap') [-Wformat]
../../../ext/objspace/objspace.c:557:73: warning: format specifies type 'long' but the argument has type 'VALUE' (aka 'unsigned __intcap') [-Wformat]
../../../vm_callinfo.h:140:50: warning: binary expression on capability types 'VALUE' (aka 'unsigned __intcap') and 'unsigned __intcap'; it is not clear which should be used as the source of provenance; currently provenance is inherited from the left-hand side [-Wcheri-provenance]
../../../vm_callinfo.h:151:67: warning: binary expression on capability types 'VALUE' (aka 'unsigned __intcap') and 'unsigned __intcap'; it is not clear which should be used as the source of provenance; currently provenance is inherited from the left-hand side [-Wcheri-provenance]
../../../vm_callinfo.h:162:67: warning: binary expression on capability types 'VALUE' (aka 'unsigned __intcap') and 'unsigned __intcap'; it is not clear which should be used as the source of provenance; currently provenance is inherited from the left-hand side [-Wcheri-provenance]
../../../vm_callinfo.h:216:25: warning: binary expression on capability types 'ID' (aka 'unsigned __intcap') and 'unsigned __intcap'; it is not clear which should be used as the source of provenance; currently provenance is inherited from the left-hand side [-Wcheri-provenance]
../../../ext/openssl/ossl_asn1.c:258:71: warning: format specifies type 'long' but the argument has type 'VALUE' (aka 'unsigned __intcap') [-Wformat]
../../../ext/openssl/ossl_cipher.c:68:54: warning: format specifies type 'long' but the argument has type 'VALUE' (aka 'unsigned __intcap') [-Wformat]
../../../ext/openssl/ossl_cipher.c:125:78: warning: format specifies type 'long' but the argument has type 'VALUE' (aka 'unsigned __intcap') [-Wformat]
../../../ext/openssl/ossl_cipher.c:216:17: warning: format specifies type 'long' but the argument has type 'VALUE' (aka 'unsigned __intcap') [-Wformat]
../../../ext/openssl/ossl_cipher.c:216:24: warning: format specifies type 'long' but the argument has type 'VALUE' (aka 'unsigned __intcap') [-Wformat]
../../../ext/openssl/ossl_cipher.c:216:31: warning: format specifies type 'long' but the argument has type 'VALUE' (aka 'unsigned __intcap') [-Wformat]
../../../ext/openssl/ossl_digest.c:60:90: warning: format specifies type 'long' but the argument has type 'VALUE' (aka 'unsigned __intcap') [-Wformat]
../../../ext/openssl/ossl_ocsp.c:836:6: warning: format specifies type 'long' but the argument has type 'VALUE' (aka 'unsigned __intcap') [-Wformat]
../../../ext/openssl/ossl_ocsp.c:836:6: warning: format specifies type 'long' but the argument has type 'VALUE' (aka 'unsigned __intcap') [-Wformat]
../../../ext/openssl/ossl_pkcs12.c:124:67: warning: format specifies type 'long' but the argument has type 'VALUE' (aka 'unsigned __intcap') [-Wformat]
../../../ext/openssl/ossl_pkcs12.c:128:67: warning: format specifies type 'long' but the argument has type 'VALUE' (aka 'unsigned __intcap') [-Wformat]
../../../ext/openssl/ossl_pkcs12.c:138:71: warning: format specifies type 'long' but the argument has type 'VALUE' (aka 'unsigned __intcap') [-Wformat]
../../../ext/openssl/ossl_pkcs7.c:441:63: warning: format specifies type 'long' but the argument has type 'VALUE' (aka 'unsigned __intcap') [-Wformat]
../../../ext/openssl/ossl_pkey.c:257:20: warning: format specifies type 'long' but the argument has type 'VALUE' (aka 'unsigned __intcap') [-Wformat]
../../../ext/openssl/ossl_pkey.c:257:25: warning: format specifies type 'long' but the argument has type 'VALUE' (aka 'unsigned __intcap') [-Wformat]
../../../ext/openssl/ossl_pkey.c:658:68: warning: format specifies type 'long' but the argument has type 'VALUE' (aka 'unsigned __intcap') [-Wformat]
../../../ext/openssl/ossl_pkey.c:691:68: warning: format specifies type 'long' but the argument has type 'VALUE' (aka 'unsigned __intcap') [-Wformat]
../../../ext/openssl/ossl_pkey.c:736:23: warning: format specifies type 'long' but the argument has type 'VALUE' (aka 'unsigned __intcap') [-Wformat]
../../../ext/openssl/ossl_pkey_ec.c:659:80: warning: format specifies type 'long' but the argument has type 'VALUE' (aka 'unsigned __intcap') [-Wformat]
../../../ext/openssl/ossl_pkey_ec.c:663:84: warning: format specifies type 'long' but the argument has type 'VALUE' (aka 'unsigned __intcap') [-Wformat]
../../../ext/openssl/ossl_pkey_ec.c:986:60: warning: format specifies type 'long' but the argument has type 'VALUE' (aka 'unsigned __intcap') [-Wformat]
../../../ext/openssl/ossl_provider.c:179:64: warning: format specifies type 'long' but the argument has type 'VALUE' (aka 'unsigned __intcap') [-Wformat]
../../../ext/openssl/ossl_provider.c:184:23: warning: format specifies type 'long' but the argument has type 'VALUE' (aka 'unsigned __intcap') [-Wformat]
../../../ext/openssl/ossl_ssl.c:150:64: warning: format specifies type 'long' but the argument has type 'VALUE' (aka 'unsigned __intcap') [-Wformat]
../../../ext/openssl/ossl_ssl.c:1823:26: warning: format specifies type 'long' but the argument has type 'VALUE' (aka 'unsigned __intcap') [-Wformat]
../../../ext/openssl/ossl_ssl.c:1825:26: warning: format specifies type 'long' but the argument has type 'VALUE' (aka 'unsigned __intcap') [-Wformat]
../../../ext/openssl/ossl_x509attr.c:206:5: warning: format specifies type 'long' but the argument has type 'VALUE' (aka 'unsigned __intcap') [-Wformat]
../../../ext/openssl/ossl_x509attr.c:206:5: warning: format specifies type 'long' but the argument has type 'VALUE' (aka 'unsigned __intcap') [-Wformat]
../../../ext/openssl/ossl_x509cert.c:646:2: warning: format specifies type 'long' but the argument has type 'VALUE' (aka 'unsigned __intcap') [-Wformat]
../../../ext/openssl/ossl_x509cert.c:646:2: warning: format specifies type 'long' but the argument has type 'VALUE' (aka 'unsigned __intcap') [-Wformat]
../../../ext/openssl/ossl_x509cert.c:686:9: warning: format specifies type 'long' but the argument has type 'VALUE' (aka 'unsigned __intcap') [-Wformat]
../../../ext/openssl/ossl_x509cert.c:687:9: warning: format specifies type 'long' but the argument has type 'VALUE' (aka 'unsigned __intcap') [-Wformat]
../../../ext/openssl/ossl_x509cert.c:688:9: warning: format specifies type 'long' but the argument has type 'VALUE' (aka 'unsigned __intcap') [-Wformat]
../../../ext/openssl/ossl_x509cert.c:689:9: warning: format specifies type 'long' but the argument has type 'VALUE' (aka 'unsigned __intcap') [-Wformat]
../../../ext/openssl/ossl_x509cert.c:690:9: warning: format specifies type 'long' but the argument has type 'VALUE' (aka 'unsigned __intcap') [-Wformat]
../../../ext/openssl/ossl_x509cert.c:691:9: warning: format specifies type 'long' but the argument has type 'VALUE' (aka 'unsigned __intcap') [-Wformat]
../../../ext/openssl/ossl_x509crl.c:308:2: warning: format specifies type 'long' but the argument has type 'VALUE' (aka 'unsigned __intcap') [-Wformat]
../../../ext/openssl/ossl_x509crl.c:308:2: warning: format specifies type 'long' but the argument has type 'VALUE' (aka 'unsigned __intcap') [-Wformat]
../../../ext/openssl/ossl_x509crl.c:478:2: warning: format specifies type 'long' but the argument has type 'VALUE' (aka 'unsigned __intcap') [-Wformat]
../../../ext/openssl/ossl_x509crl.c:478:2: warning: format specifies type 'long' but the argument has type 'VALUE' (aka 'unsigned __intcap') [-Wformat]
../../../ext/openssl/ossl_x509ext.c:240:57: warning: format specifies type 'long' but the argument has type 'VALUE' (aka 'unsigned __intcap') [-Wformat]
../../../ext/openssl/ossl_x509ext.c:240:62: warning: format specifies type 'long' but the argument has type 'VALUE' (aka 'unsigned __intcap') [-Wformat]
../../../ext/openssl/ossl_x509name.c:334:6: warning: format specifies type 'long' but the argument has type 'VALUE' (aka 'unsigned __intcap') [-Wformat]
../../../ext/openssl/ossl_x509name.c:334:26: warning: format specifies type 'long' but the argument has type 'VALUE' (aka 'unsigned __intcap') [-Wformat]
../../../ext/openssl/ossl_x509req.c:384:2: warning: format specifies type 'long' but the argument has type 'VALUE' (aka 'unsigned __intcap') [-Wformat]
../../../ext/openssl/ossl_x509req.c:384:2: warning: format specifies type 'long' but the argument has type 'VALUE' (aka 'unsigned __intcap') [-Wformat]
../../../ext/openssl/ossl_x509revoked.c:223:2: warning: format specifies type 'long' but the argument has type 'VALUE' (aka 'unsigned __intcap') [-Wformat]
../../../ext/openssl/ossl_x509revoked.c:223:2: warning: format specifies type 'long' but the argument has type 'VALUE' (aka 'unsigned __intcap') [-Wformat]
../../../ext/pathname/pathname.c:226:48: warning: format specifies type 'long' but the argument has type 'VALUE' (aka 'unsigned __intcap') [-Wformat]
../../../internal/bits.h:622:27: warning: binary expression on capability types 'VALUE' (aka 'unsigned __intcap') and 'VALUE'; it is not clear which should be used as the source of provenance; currently provenance is inherited from the left-hand side [-Wcheri-provenance]
../../../internal/bits.h:646:28: warning: binary expression on capability types 'VALUE' (aka 'unsigned __intcap') and 'VALUE'; it is not clear which should be used as the source of provenance; currently provenance is inherited from the left-hand side [-Wcheri-provenance]
../../../internal/numeric.h:214:39: warning: binary expression on capability types 'unsigned __intcap' and 'unsigned __intcap'; it is not clear which should be used as the source of provenance; currently provenance is inherited from the left-hand side [-Wcheri-provenance]
ripper.y:623:61: warning: format specifies type 'long' but the argument has type 'VALUE' (aka 'unsigned __intcap') [-Wformat]
ripper.y:642:70: warning: format specifies type 'long' but the argument has type 'VALUE' (aka 'unsigned __intcap') [-Wformat]
ripper.y:646:67: warning: format specifies type 'long' but the argument has type 'VALUE' (aka 'unsigned __intcap') [-Wformat]
ripper.y:667:73: warning: format specifies type 'long' but the argument has type 'VALUE' (aka 'unsigned __intcap') [-Wformat]
ripper.y:1354:9: warning: overflow in expression; result is 9223372036854775807 with type 'long' [-Winteger-overflow]
ripper.y:1354:9: warning: shift count >= width of type [-Wshift-count-overflow]
ripper.y:1362:5: warning: overflow in expression; result is 9223372036854775807 with type 'long' [-Winteger-overflow]
ripper.y:1362:5: warning: shift count >= width of type [-Wshift-count-overflow]
ripper.y:1636:5: warning: overflow in expression; result is 9223372036854775807 with type 'long' [-Winteger-overflow]
ripper.y:1636:5: warning: shift count >= width of type [-Wshift-count-overflow]
ripper.y:1973:29: warning: binary expression on capability types 'st_index_t' (aka 'unsigned __intcap') and 'st_index_t'; it is not clear which should be used as the source of provenance; currently provenance is inherited from the left-hand side [-Wcheri-provenance]
ripper.y:2621:39: warning: format specifies type 'long' but the argument has type 'VALUE' (aka 'unsigned __intcap') [-Wformat]
ripper.y:2621:39: warning: format specifies type 'long' but the argument has type 'VALUE' (aka 'unsigned __intcap') [-Wformat]
ripper.y:2621:39: warning: format specifies type 'long' but the argument has type 'VALUE' (aka 'unsigned __intcap') [-Wformat]
ripper.y:2621:39: warning: format specifies type 'long' but the argument has type 'VALUE' (aka 'unsigned __intcap') [-Wformat]
ripper.y:2621:39: warning: format specifies type 'long' but the argument has type 'VALUE' (aka 'unsigned __intcap') [-Wformat]
ripper.y:2621:39: warning: format specifies type 'long' but the argument has type 'VALUE' (aka 'unsigned __intcap') [-Wformat]
ripper.y:2621:39: warning: format specifies type 'long' but the argument has type 'VALUE' (aka 'unsigned __intcap') [-Wformat]
ripper.y:2621:39: warning: format specifies type 'long' but the argument has type 'VALUE' (aka 'unsigned __intcap') [-Wformat]
ripper.y:2621:39: warning: format specifies type 'long' but the argument has type 'VALUE' (aka 'unsigned __intcap') [-Wformat]
ripper.y:2621:39: warning: format specifies type 'long' but the argument has type 'VALUE' (aka 'unsigned __intcap') [-Wformat]
ripper.y:2621:39: warning: format specifies type 'long' but the argument has type 'VALUE' (aka 'unsigned __intcap') [-Wformat]
ripper.y:2621:39: warning: format specifies type 'long' but the argument has type 'VALUE' (aka 'unsigned __intcap') [-Wformat]
ripper.y:2621:39: warning: format specifies type 'long' but the argument has type 'VALUE' (aka 'unsigned __intcap') [-Wformat]
ripper.y:2621:39: warning: format specifies type 'long' but the argument has type 'VALUE' (aka 'unsigned __intcap') [-Wformat]
ripper.y:2621:39: warning: format specifies type 'long' but the argument has type 'VALUE' (aka 'unsigned __intcap') [-Wformat]
ripper.y:2621:39: warning: format specifies type 'long' but the argument has type 'VALUE' (aka 'unsigned __intcap') [-Wformat]
ripper.y:2621:39: warning: format specifies type 'long' but the argument has type 'VALUE' (aka 'unsigned __intcap') [-Wformat]
ripper.y:2621:39: warning: format specifies type 'long' but the argument has type 'VALUE' (aka 'unsigned __intcap') [-Wformat]
ripper.y:2621:39: warning: format specifies type 'long' but the argument has type 'VALUE' (aka 'unsigned __intcap') [-Wformat]
ripper.y:2621:39: warning: format specifies type 'long' but the argument has type 'VALUE' (aka 'unsigned __intcap') [-Wformat]
ripper.y:2621:39: warning: format specifies type 'long' but the argument has type 'VALUE' (aka 'unsigned __intcap') [-Wformat]
ripper.y:2621:39: warning: format specifies type 'long' but the argument has type 'VALUE' (aka 'unsigned __intcap') [-Wformat]
ripper.y:2621:39: warning: format specifies type 'long' but the argument has type 'VALUE' (aka 'unsigned __intcap') [-Wformat]
ripper.y:2621:39: warning: format specifies type 'long' but the argument has type 'VALUE' (aka 'unsigned __intcap') [-Wformat]
ripper.y:2621:39: warning: format specifies type 'long' but the argument has type 'VALUE' (aka 'unsigned __intcap') [-Wformat]
ripper.y:2621:39: warning: format specifies type 'long' but the argument has type 'VALUE' (aka 'unsigned __intcap') [-Wformat]
ripper.y:2621:39: warning: format specifies type 'long' but the argument has type 'VALUE' (aka 'unsigned __intcap') [-Wformat]
ripper.y:2621:39: warning: format specifies type 'long' but the argument has type 'VALUE' (aka 'unsigned __intcap') [-Wformat]
ripper.y:2621:39: warning: format specifies type 'long' but the argument has type 'VALUE' (aka 'unsigned __intcap') [-Wformat]
ripper.y:2621:39: warning: format specifies type 'long' but the argument has type 'VALUE' (aka 'unsigned __intcap') [-Wformat]
ripper.y:2621:39: warning: format specifies type 'long' but the argument has type 'VALUE' (aka 'unsigned __intcap') [-Wformat]
ripper.y:2621:39: warning: format specifies type 'long' but the argument has type 'VALUE' (aka 'unsigned __intcap') [-Wformat]
ripper.y:2621:39: warning: format specifies type 'long' but the argument has type 'VALUE' (aka 'unsigned __intcap') [-Wformat]
ripper.y:2621:39: warning: format specifies type 'long' but the argument has type 'VALUE' (aka 'unsigned __intcap') [-Wformat]
ripper.y:2621:39: warning: format specifies type 'long' but the argument has type 'VALUE' (aka 'unsigned __intcap') [-Wformat]
ripper.y:2621:39: warning: format specifies type 'long' but the argument has type 'VALUE' (aka 'unsigned __intcap') [-Wformat]
ripper.y:2621:39: warning: format specifies type 'long' but the argument has type 'VALUE' (aka 'unsigned __intcap') [-Wformat]
ripper.y:2621:39: warning: format specifies type 'long' but the argument has type 'VALUE' (aka 'unsigned __intcap') [-Wformat]
ripper.y:2621:39: warning: format specifies type 'long' but the argument has type 'VALUE' (aka 'unsigned __intcap') [-Wformat]
ripper.y:2621:39: warning: format specifies type 'long' but the argument has type 'VALUE' (aka 'unsigned __intcap') [-Wformat]
ripper.y:2621:39: warning: format specifies type 'long' but the argument has type 'VALUE' (aka 'unsigned __intcap') [-Wformat]
ripper.y:2621:39: warning: format specifies type 'long' but the argument has type 'VALUE' (aka 'unsigned __intcap') [-Wformat]
ripper.y:2621:39: warning: format specifies type 'long' but the argument has type 'VALUE' (aka 'unsigned __intcap') [-Wformat]
ripper.y:2621:39: warning: format specifies type 'long' but the argument has type 'VALUE' (aka 'unsigned __intcap') [-Wformat]
ripper.y:2621:39: warning: format specifies type 'long' but the argument has type 'VALUE' (aka 'unsigned __intcap') [-Wformat]
ripper.y:2621:39: warning: format specifies type 'long' but the argument has type 'VALUE' (aka 'unsigned __intcap') [-Wformat]
ripper.y:2621:39: warning: format specifies type 'long' but the argument has type 'VALUE' (aka 'unsigned __intcap') [-Wformat]
ripper.y:2621:39: warning: format specifies type 'long' but the argument has type 'VALUE' (aka 'unsigned __intcap') [-Wformat]
ripper.y:2621:39: warning: format specifies type 'long' but the argument has type 'VALUE' (aka 'unsigned __intcap') [-Wformat]
ripper.y:2621:39: warning: format specifies type 'long' but the argument has type 'VALUE' (aka 'unsigned __intcap') [-Wformat]
ripper.y:2621:39: warning: format specifies type 'long' but the argument has type 'VALUE' (aka 'unsigned __intcap') [-Wformat]
ripper.y:2621:39: warning: format specifies type 'long' but the argument has type 'VALUE' (aka 'unsigned __intcap') [-Wformat]
ripper.y:2621:39: warning: format specifies type 'long' but the argument has type 'VALUE' (aka 'unsigned __intcap') [-Wformat]
ripper.y:2621:39: warning: format specifies type 'long' but the argument has type 'VALUE' (aka 'unsigned __intcap') [-Wformat]
ripper.y:2621:39: warning: format specifies type 'long' but the argument has type 'VALUE' (aka 'unsigned __intcap') [-Wformat]
ripper.y:2621:39: warning: format specifies type 'long' but the argument has type 'VALUE' (aka 'unsigned __intcap') [-Wformat]
ripper.y:2626:44: warning: format specifies type 'long' but the argument has type 'VALUE' (aka 'unsigned __intcap') [-Wformat]
ripper.y:2629:44: warning: format specifies type 'long' but the argument has type 'VALUE' (aka 'unsigned __intcap') [-Wformat]
ripper.y:2632:44: warning: format specifies type 'long' but the argument has type 'VALUE' (aka 'unsigned __intcap') [-Wformat]
ripper.y:2635:44: warning: format specifies type 'long' but the argument has type 'VALUE' (aka 'unsigned __intcap') [-Wformat]
ripper.y:2626:44: warning: format specifies type 'long' but the argument has type 'VALUE' (aka 'unsigned __intcap') [-Wformat]
ripper.y:2629:44: warning: format specifies type 'long' but the argument has type 'VALUE' (aka 'unsigned __intcap') [-Wformat]
ripper.y:2632:44: warning: format specifies type 'long' but the argument has type 'VALUE' (aka 'unsigned __intcap') [-Wformat]
ripper.y:2635:44: warning: format specifies type 'long' but the argument has type 'VALUE' (aka 'unsigned __intcap') [-Wformat]
ripper.y:2626:44: warning: format specifies type 'long' but the argument has type 'VALUE' (aka 'unsigned __intcap') [-Wformat]
ripper.y:2629:44: warning: format specifies type 'long' but the argument has type 'VALUE' (aka 'unsigned __intcap') [-Wformat]
ripper.y:2632:44: warning: format specifies type 'long' but the argument has type 'VALUE' (aka 'unsigned __intcap') [-Wformat]
ripper.y:2635:44: warning: format specifies type 'long' but the argument has type 'VALUE' (aka 'unsigned __intcap') [-Wformat]
ripper.y:2626:44: warning: format specifies type 'long' but the argument has type 'VALUE' (aka 'unsigned __intcap') [-Wformat]
ripper.y:2629:44: warning: format specifies type 'long' but the argument has type 'VALUE' (aka 'unsigned __intcap') [-Wformat]
ripper.y:2632:44: warning: format specifies type 'long' but the argument has type 'VALUE' (aka 'unsigned __intcap') [-Wformat]
ripper.y:2635:44: warning: format specifies type 'long' but the argument has type 'VALUE' (aka 'unsigned __intcap') [-Wformat]
ripper.y:2626:44: warning: format specifies type 'long' but the argument has type 'VALUE' (aka 'unsigned __intcap') [-Wformat]
ripper.y:2629:44: warning: format specifies type 'long' but the argument has type 'VALUE' (aka 'unsigned __intcap') [-Wformat]
ripper.y:2632:44: warning: format specifies type 'long' but the argument has type 'VALUE' (aka 'unsigned __intcap') [-Wformat]
ripper.y:2635:44: warning: format specifies type 'long' but the argument has type 'VALUE' (aka 'unsigned __intcap') [-Wformat]
ripper.y:2626:44: warning: format specifies type 'long' but the argument has type 'VALUE' (aka 'unsigned __intcap') [-Wformat]
ripper.y:2629:44: warning: format specifies type 'long' but the argument has type 'VALUE' (aka 'unsigned __intcap') [-Wformat]
ripper.y:2632:44: warning: format specifies type 'long' but the argument has type 'VALUE' (aka 'unsigned __intcap') [-Wformat]
ripper.y:2635:44: warning: format specifies type 'long' but the argument has type 'VALUE' (aka 'unsigned __intcap') [-Wformat]
ripper.y:2621:39: warning: format specifies type 'long' but the argument has type 'VALUE' (aka 'unsigned __intcap') [-Wformat]
ripper.y:2621:39: warning: format specifies type 'long' but the argument has type 'VALUE' (aka 'unsigned __intcap') [-Wformat]
ripper.y:2621:39: warning: format specifies type 'long' but the argument has type 'VALUE' (aka 'unsigned __intcap') [-Wformat]
ripper.y:2621:39: warning: format specifies type 'long' but the argument has type 'VALUE' (aka 'unsigned __intcap') [-Wformat]
ripper.y:2621:39: warning: format specifies type 'long' but the argument has type 'VALUE' (aka 'unsigned __intcap') [-Wformat]
ripper.y:2621:39: warning: format specifies type 'long' but the argument has type 'VALUE' (aka 'unsigned __intcap') [-Wformat]
ripper.y:2621:39: warning: format specifies type 'long' but the argument has type 'VALUE' (aka 'unsigned __intcap') [-Wformat]
ripper.y:2621:39: warning: format specifies type 'long' but the argument has type 'VALUE' (aka 'unsigned __intcap') [-Wformat]
ripper.y:2621:39: warning: format specifies type 'long' but the argument has type 'VALUE' (aka 'unsigned __intcap') [-Wformat]
ripper.y:2621:39: warning: format specifies type 'long' but the argument has type 'VALUE' (aka 'unsigned __intcap') [-Wformat]
ripper.y:2621:39: warning: format specifies type 'long' but the argument has type 'VALUE' (aka 'unsigned __intcap') [-Wformat]
ripper.y:2621:39: warning: format specifies type 'long' but the argument has type 'VALUE' (aka 'unsigned __intcap') [-Wformat]
ripper.y:2621:39: warning: format specifies type 'long' but the argument has type 'VALUE' (aka 'unsigned __intcap') [-Wformat]
ripper.y:2621:39: warning: format specifies type 'long' but the argument has type 'VALUE' (aka 'unsigned __intcap') [-Wformat]
ripper.y:2621:39: warning: format specifies type 'long' but the argument has type 'VALUE' (aka 'unsigned __intcap') [-Wformat]
ripper.y:2621:39: warning: format specifies type 'long' but the argument has type 'VALUE' (aka 'unsigned __intcap') [-Wformat]
ripper.y:2621:39: warning: format specifies type 'long' but the argument has type 'VALUE' (aka 'unsigned __intcap') [-Wformat]
ripper.y:2621:39: warning: format specifies type 'long' but the argument has type 'VALUE' (aka 'unsigned __intcap') [-Wformat]
ripper.y:2621:39: warning: format specifies type 'long' but the argument has type 'VALUE' (aka 'unsigned __intcap') [-Wformat]
ripper.y:2621:39: warning: format specifies type 'long' but the argument has type 'VALUE' (aka 'unsigned __intcap') [-Wformat]
ripper.y:2621:39: warning: format specifies type 'long' but the argument has type 'VALUE' (aka 'unsigned __intcap') [-Wformat]
ripper.y:2621:39: warning: format specifies type 'long' but the argument has type 'VALUE' (aka 'unsigned __intcap') [-Wformat]
ripper.y:2621:39: warning: format specifies type 'long' but the argument has type 'VALUE' (aka 'unsigned __intcap') [-Wformat]
ripper.y:2621:39: warning: format specifies type 'long' but the argument has type 'VALUE' (aka 'unsigned __intcap') [-Wformat]
ripper.y:2621:39: warning: format specifies type 'long' but the argument has type 'VALUE' (aka 'unsigned __intcap') [-Wformat]
ripper.y:2621:39: warning: format specifies type 'long' but the argument has type 'VALUE' (aka 'unsigned __intcap') [-Wformat]
ripper.y:2621:39: warning: format specifies type 'long' but the argument has type 'VALUE' (aka 'unsigned __intcap') [-Wformat]
ripper.y:2621:39: warning: format specifies type 'long' but the argument has type 'VALUE' (aka 'unsigned __intcap') [-Wformat]
ripper.y:2621:39: warning: format specifies type 'long' but the argument has type 'VALUE' (aka 'unsigned __intcap') [-Wformat]
ripper.y:2621:39: warning: format specifies type 'long' but the argument has type 'VALUE' (aka 'unsigned __intcap') [-Wformat]
ripper.y:2621:39: warning: format specifies type 'long' but the argument has type 'VALUE' (aka 'unsigned __intcap') [-Wformat]
ripper.y:2621:39: warning: format specifies type 'long' but the argument has type 'VALUE' (aka 'unsigned __intcap') [-Wformat]
ripper.y:2621:39: warning: format specifies type 'long' but the argument has type 'VALUE' (aka 'unsigned __intcap') [-Wformat]
ripper.y:2621:39: warning: format specifies type 'long' but the argument has type 'VALUE' (aka 'unsigned __intcap') [-Wformat]
ripper.y:2621:39: warning: format specifies type 'long' but the argument has type 'VALUE' (aka 'unsigned __intcap') [-Wformat]
ripper.y:2621:39: warning: format specifies type 'long' but the argument has type 'VALUE' (aka 'unsigned __intcap') [-Wformat]
ripper.y:2621:39: warning: format specifies type 'long' but the argument has type 'VALUE' (aka 'unsigned __intcap') [-Wformat]
ripper.y:2621:39: warning: format specifies type 'long' but the argument has type 'VALUE' (aka 'unsigned __intcap') [-Wformat]
ripper.y:2621:39: warning: format specifies type 'long' but the argument has type 'VALUE' (aka 'unsigned __intcap') [-Wformat]
ripper.y:2621:39: warning: format specifies type 'long' but the argument has type 'VALUE' (aka 'unsigned __intcap') [-Wformat]
ripper.y:2621:39: warning: format specifies type 'long' but the argument has type 'VALUE' (aka 'unsigned __intcap') [-Wformat]
ripper.y:2621:39: warning: format specifies type 'long' but the argument has type 'VALUE' (aka 'unsigned __intcap') [-Wformat]
ripper.y:2621:39: warning: format specifies type 'long' but the argument has type 'VALUE' (aka 'unsigned __intcap') [-Wformat]
ripper.y:2621:39: warning: format specifies type 'long' but the argument has type 'VALUE' (aka 'unsigned __intcap') [-Wformat]
ripper.y:2621:39: warning: format specifies type 'long' but the argument has type 'VALUE' (aka 'unsigned __intcap') [-Wformat]
ripper.y:4402:25: warning: overflow in expression; result is 9223372036854775807 with type 'long' [-Winteger-overflow]
ripper.y:4607:25: warning: overflow in expression; result is 9223372036854775807 with type 'long' [-Winteger-overflow]
ripper.y:4609:25: warning: overflow in expression; result is 9223372036854775807 with type 'long' [-Winteger-overflow]
ripper.y:4625:25: warning: overflow in expression; result is 9223372036854775807 with type 'long' [-Winteger-overflow]
ripper.y:4643:25: warning: overflow in expression; result is 9223372036854775807 with type 'long' [-Winteger-overflow]
ripper.y:4645:25: warning: overflow in expression; result is 9223372036854775807 with type 'long' [-Winteger-overflow]
ripper.y:5197:29: warning: overflow in expression; result is 9223372036854775807 with type 'long' [-Winteger-overflow]
ripper.y:5198:29: warning: overflow in expression; result is 9223372036854775807 with type 'long' [-Winteger-overflow]
ripper.y:5298:25: warning: overflow in expression; result is 9223372036854775807 with type 'long' [-Winteger-overflow]
ripper.y:5307:25: warning: overflow in expression; result is 9223372036854775807 with type 'long' [-Winteger-overflow]
ripper.y:5318:25: warning: overflow in expression; result is 9223372036854775807 with type 'long' [-Winteger-overflow]
ripper.y:5324:25: warning: overflow in expression; result is 9223372036854775807 with type 'long' [-Winteger-overflow]
ripper.y:5890:86: warning: format specifies type 'long' but the argument has type 'VALUE' (aka 'unsigned __intcap') [-Wformat]
ripper.y:6176:25: warning: overflow in expression; result is 9223372036854775807 with type 'long' [-Winteger-overflow]
ripper.y:4402:25: warning: shift count >= width of type [-Wshift-count-overflow]
ripper.y:4607:25: warning: shift count >= width of type [-Wshift-count-overflow]
ripper.y:4609:25: warning: shift count >= width of type [-Wshift-count-overflow]
ripper.y:4625:25: warning: shift count >= width of type [-Wshift-count-overflow]
ripper.y:4643:25: warning: shift count >= width of type [-Wshift-count-overflow]
ripper.y:4645:25: warning: shift count >= width of type [-Wshift-count-overflow]
ripper.y:5197:29: warning: shift count >= width of type [-Wshift-count-overflow]
ripper.y:5198:29: warning: shift count >= width of type [-Wshift-count-overflow]
ripper.y:5298:25: warning: shift count >= width of type [-Wshift-count-overflow]
ripper.y:5307:25: warning: shift count >= width of type [-Wshift-count-overflow]
ripper.y:5318:25: warning: shift count >= width of type [-Wshift-count-overflow]
ripper.y:5324:25: warning: shift count >= width of type [-Wshift-count-overflow]
ripper.y:6176:25: warning: shift count >= width of type [-Wshift-count-overflow]
ripper.y:9403:66: warning: format specifies type 'long' but the argument has type 'VALUE' (aka 'unsigned __intcap') [-Wformat]
ripper.y:11331:5: warning: overflow in expression; result is 9223372036854775807 with type 'long' [-Winteger-overflow]
ripper.y:11331:5: warning: shift count >= width of type [-Wshift-count-overflow]
ripper.y:12549:5: warning: overflow in expression; result is 9223372036854775807 with type 'long' [-Winteger-overflow]
ripper.y:12549:5: warning: shift count >= width of type [-Wshift-count-overflow]
ripper.y:12782:5: warning: overflow in expression; result is 9223372036854775807 with type 'long' [-Winteger-overflow]
ripper.y:12782:5: warning: shift count >= width of type [-Wshift-count-overflow]
ripper.y:12854:5: warning: overflow in expression; result is 9223372036854775807 with type 'long' [-Winteger-overflow]
ripper.y:12854:5: warning: shift count >= width of type [-Wshift-count-overflow]
ripper.y:12864:5: warning: overflow in expression; result is 9223372036854775807 with type 'long' [-Winteger-overflow]
ripper.y:12864:5: warning: shift count >= width of type [-Wshift-count-overflow]
ripper.y:12872:5: warning: overflow in expression; result is 9223372036854775807 with type 'long' [-Winteger-overflow]
ripper.y:12872:5: warning: shift count >= width of type [-Wshift-count-overflow]
ripper.y:12910:17: warning: overflow in expression; result is 9223372036854775807 with type 'long' [-Winteger-overflow]
ripper.y:12920:21: warning: overflow in expression; result is 9223372036854775807 with type 'long' [-Winteger-overflow]
ripper.y:12938:5: warning: overflow in expression; result is 9223372036854775807 with type 'long' [-Winteger-overflow]
ripper.y:12910:17: warning: shift count >= width of type [-Wshift-count-overflow]
ripper.y:12920:21: warning: shift count >= width of type [-Wshift-count-overflow]
ripper.y:12938:5: warning: shift count >= width of type [-Wshift-count-overflow]
ripper.y:13080:69: warning: format specifies type 'long' but the argument has type 'VALUE' (aka 'unsigned __intcap') [-Wformat]
ripper.y:13302:69: warning: format specifies type 'long' but the argument has type 'VALUE' (aka 'unsigned __intcap') [-Wformat]
ripper.y:13550:73: warning: format specifies type 'long' but the argument has type 'VALUE' (aka 'unsigned __intcap') [-Wformat]
ripper.y:13626:23: warning: format specifies type 'long' but the argument has type 'VALUE' (aka 'unsigned __intcap') [-Wformat]
ripper.y:14366:9: warning: overflow in expression; result is 9223372036854775807 with type 'long' [-Winteger-overflow]
ripper.y:14371:5: warning: overflow in expression; result is 9223372036854775807 with type 'long' [-Winteger-overflow]
ripper.y:14366:9: warning: shift count >= width of type [-Wshift-count-overflow]
ripper.y:14371:5: warning: shift count >= width of type [-Wshift-count-overflow]
ripper.y:14882:9: warning: overflow in expression; result is 9223372036854775807 with type 'long' [-Winteger-overflow]
ripper.y:14882:9: warning: shift count >= width of type [-Wshift-count-overflow]
ripper.y:15497:40: warning: format specifies type 'long' but the argument has type 'VALUE' (aka 'unsigned __intcap') [-Wformat]
../../../internal/bits.h:622:27: warning: binary expression on capability types 'VALUE' (aka 'unsigned __intcap') and 'VALUE'; it is not clear which should be used as the source of provenance; currently provenance is inherited from the left-hand side [-Wcheri-provenance]
../../../internal/bits.h:646:28: warning: binary expression on capability types 'VALUE' (aka 'unsigned __intcap') and 'VALUE'; it is not clear which should be used as the source of provenance; currently provenance is inherited from the left-hand side [-Wcheri-provenance]
../../../internal/numeric.h:214:39: warning: binary expression on capability types 'unsigned __intcap' and 'unsigned __intcap'; it is not clear which should be used as the source of provenance; currently provenance is inherited from the left-hand side [-Wcheri-provenance]
../../../ext/ripper/ripper_init.c:89:18: warning: format specifies type 'long' but the argument has type 'VALUE' (aka 'unsigned __intcap') [-Wformat]
../../../ext/socket/socket.c:31:32: warning: format specifies type 'long' but the argument has type 'VALUE' (aka 'unsigned __intcap') [-Wformat]
../../../ext/socket/socket.c:31:38: warning: format specifies type 'long' but the argument has type 'VALUE' (aka 'unsigned __intcap') [-Wformat]
../../../ext/socket/socket.c:52:60: warning: format specifies type 'long' but the argument has type 'VALUE' (aka 'unsigned __intcap') [-Wformat]
../../../ext/socket/socket.c:88:55: warning: format specifies type 'long' but the argument has type 'VALUE' (aka 'unsigned __intcap') [-Wformat]
../../../ext/socket/option.c:1252:45: warning: format specifies type 'long' but the argument has type 'VALUE' (aka 'unsigned __intcap') [-Wformat]
../../../ext/socket/ancdata.c:1000:45: warning: format specifies type 'long' but the argument has type 'VALUE' (aka 'unsigned __intcap') [-Wformat]
../../../ext/socket/ancdata.c:1359:12: warning: cast from provenance-free integer type to pointer type will give pointer that can not be dereferenced [-Wcheri-capability-misuse]
../../../ext/stringio/stringio.c:376:3: warning: format specifies type 'long' but the argument has type 'VALUE' (aka 'unsigned __intcap') [-Wformat]
../../../ext/stringio/stringio.c:376:10: warning: format specifies type 'long' but the argument has type 'VALUE' (aka 'unsigned __intcap') [-Wformat]
../../../ext/stringio/stringio.c:1650:80: warning: format specifies type 'long' but the argument has type 'VALUE' (aka 'unsigned __intcap') [-Wformat]
../../../ext/stringio/stringio.c:1661:87: warning: format specifies type 'long' but the argument has type 'VALUE' (aka 'unsigned __intcap') [-Wformat]
../../../ext/strscan/strscan.c:2113:52: warning: format specifies type 'long' but the argument has type 'VALUE' (aka 'unsigned __intcap') [-Wformat]
../../../ext/strscan/strscan.c:2117:40: warning: format specifies type 'long' but the argument has type 'VALUE' (aka 'unsigned __intcap') [-Wformat]
../../../ext/strscan/strscan.c:2123:10: warning: format specifies type 'long' but the argument has type 'VALUE' (aka 'unsigned __intcap') [-Wformat]
../../../ext/strscan/strscan.c:2125:10: warning: format specifies type 'long' but the argument has type 'VALUE' (aka 'unsigned __intcap') [-Wformat]
../../../ext/strscan/strscan.c:2131:6: warning: format specifies type 'long' but the argument has type 'VALUE' (aka 'unsigned __intcap') [-Wformat]
../../../ext/strscan/strscan.c:2133:6: warning: format specifies type 'long' but the argument has type 'VALUE' (aka 'unsigned __intcap') [-Wformat]
../../../ext/strscan/strscan.c:2133:9: warning: format specifies type 'long' but the argument has type 'VALUE' (aka 'unsigned __intcap') [-Wformat]
../../../../../../.bundle/gems/bigdecimal-3.1.8/ext/bigdecimal/bigdecimal.c:872:68: warning: format specifies type 'long' but the argument has type 'VALUE' (aka 'unsigned __intcap') [-Wformat]
../../../../../../.bundle/gems/bigdecimal-3.1.8/ext/bigdecimal/bigdecimal.c:891:72: warning: format specifies type 'long' but the argument has type 'VALUE' (aka 'unsigned __intcap') [-Wformat]
../../../../../../.bundle/gems/bigdecimal-3.1.8/ext/bigdecimal/bigdecimal.c:896:76: warning: format specifies type 'long' but the argument has type 'VALUE' (aka 'unsigned __intcap') [-Wformat]
../../../../../../.bundle/gems/bigdecimal-3.1.8/ext/bigdecimal/bigdecimal.c:3091:4: warning: format specifies type 'long' but the argument has type 'VALUE' (aka 'unsigned __intcap') [-Wformat]
../../../../../../.bundle/gems/bigdecimal-3.1.8/ext/bigdecimal/bigdecimal.c:3464:18: warning: format specifies type 'long' but the argument has type 'VALUE' (aka 'unsigned __intcap') [-Wformat]
../../../../../../.bundle/gems/bigdecimal-3.1.8/ext/bigdecimal/bigdecimal.c:3599:18: warning: format specifies type 'long' but the argument has type 'VALUE' (aka 'unsigned __intcap') [-Wformat]
../../../../../../.bundle/gems/bigdecimal-3.1.8/ext/bigdecimal/bigdecimal.c:3689:68: warning: format specifies type 'long' but the argument has type 'VALUE' (aka 'unsigned __intcap') [-Wformat]
../../../../../../.bundle/gems/bigdecimal-3.1.8/ext/bigdecimal/bigdecimal.c:5470:84: warning: format specifies type 'long' but the argument has type 'VALUE' (aka 'unsigned __intcap') [-Wformat]
../../../../../../../.bundle/gems/racc-1.8.1/ext/racc/cparse/cparse.c:427:18: warning: format specifies type 'long' but the argument has type 'VALUE' (aka 'unsigned __intcap') [-Wformat]
../../../../../../.bundle/gems/rbs-3.8.0/ext/rbs_extension/parser.c:214:7: warning: format specifies type 'long' but the argument has type 'VALUE' (aka 'unsigned __intcap') [-Wformat]
../../../../../../.bundle/gems/rbs-3.8.0/ext/rbs_extension/parserstate.c:345:16: warning: format specifies type 'long' but the argument has type 'VALUE' (aka 'unsigned __intcap') [-Wformat]
../../../../../../.bundle/gems/syslog-0.2.0/ext/syslog/syslog.c:312:70: warning: format specifies type 'long' but the argument has type 'VALUE' (aka 'unsigned __intcap') [-Wformat]
../../../../../../.bundle/gems/syslog-0.2.0/ext/syslog/syslog.c:327:60: warning: format specifies type 'long' but the argument has type 'VALUE' (aka 'unsigned __intcap') [-Wformat]
../../../../../../.bundle/gems/syslog-0.2.0/ext/syslog/syslog.c:330:23: warning: format specifies type 'long' but the argument has type 'VALUE' (aka 'unsigned __intcap') [-Wformat]
