[ 1975/27579] TestCall#test_call_bmethod_proc = 0.01 s
[ 1976/27579] TestCall#test_call_splat_kw_order = 0.01 s
[ 1977/27579] TestCall#test_call_cfunc_splat_large_array_bug_4040In-address space security exception
 (core dumped)
root@cheribsd-riscv64-purecap:~/ruby-3.4.1/build # rm ../test/ruby/test_call.rb
root@cheribsd-riscv64-purecap:~/ruby-3.4.1/build # rm ../test/json/json_generator_test.rb
root@cheribsd-riscv64-purecap:~/ruby-3.4.1/build # rm ../test/objspace/test_objspace.rb
root@cheribsd-riscv64-purecap:~/ruby-3.4.1/build # rm ../test/ruby/test_hash.rb
root@cheribsd-riscv64-purecap:~/ruby-3.4.1/build #
root@cheribsd-riscv64-purecap:~/ruby-3.4.1/build # ./trunnerallnorevoke.sh
/root/ruby-3.4.1/lib/yaml.rb:3: warning: It seems your ruby installation is missing psych (for YAML
output).
To eliminate this warning, please install libyaml and reinstall your ruby.
/root/ruby-3.4.1/test/did_you_mean/test_tree_spell_checker.rb: cannot load such file -- psych
/root/ruby-3.4.1/lib/yaml.rb:3: warning: It seems your ruby installation is missing psych (for YAML
output).
To eliminate this warning, please install libyaml and reinstall your ruby.
/root/ruby-3.4.1/lib/yaml.rb:3: warning: It seems your ruby installation is missing psych (for YAML
output).
To eliminate this warning, please install libyaml and reinstall your ruby.
/root/ruby-3.4.1/lib/yaml.rb:3: warning: It seems your ruby installation is missing psych (for YAML
output).
To eliminate this warning, please install libyaml and reinstall your ruby.
Run options:
  "--ruby=./miniruby -I../lib -I. -I.ext/common  ../tool/runruby.rb --extout=.ext  -- --disable-gems
"
  --excludes-dir=../test/.excludes
  --name=!/memory_leak/
  -s
  3216
  --timeout-scale
  10
  --worker-timeout=100
  -v
  --test-order=random

# Running tests:

[    1/27128] EvalTest#test_rb_eval_string = 0.03 s
[    2/27128] Reline::KillRing::Test#test_append_three_with_max_two = 0.04 s
[    3/27128] Reline::KillRing::Test#test_append_complex_chain = 0.04 s
[    4/27128] Reline::KillRing::Test#test_append_three = 0.04 s
[    5/27128] Reline::KillRing::Test#test_append_after = 0.02 s
[    6/27128] Reline::KillRing::Test#test_append_chain_two = 0.03 s
[    7/27128] Reline::KillRing::Test#test_append_two = 0.02 s
[    8/27128] Reline::KillRing::Test#test_append_four_with_max_two = 0.03 s
[    9/27128] Reline::KillRing::Test#test_append_one = 0.02 s
[   10/27128] Reline::KillRing::Test#test_enumerable = 0.01 s
[   11/27128] Reline::KillRing::Test#test_append_before = 0.02 s
[   12/27128] TestGemCommandsSignoutCommand#test_execute_when_user_is_signed_in = 0.76 s
[   13/27128] TestGemCommandsSignoutCommand#test_execute_when_not_signed_in = 0.69 s
[   14/27128] TestGemCommandsSourcesCommand#test_execute_add_redundant_source_trailing_slash = 1.96
s
[   15/27128] TestGemCommandsSourcesCommand#test_execute_add_nonexistent_source = 1.50 s
[   16/27128] TestGemCommandsSourcesCommand#test_execute_add_http_rubygems_org = 1.62 s
[   17/27128] TestGemCommandsSourcesCommand#test_execute_add_allow_typo_squatting_source = 1.83 s
[   18/27128] TestGemCommandsSourcesCommand#test_execute_add_existent_source_invalid_uri_with_error_
by_chance_including_the_uri_password = 1.48 s
[   19/27128] TestGemCommandsSourcesCommand#test_execute_add_deny_typo_squatting_source = 1.60 s
[   20/27128] TestGemCommandsSourcesCommand#test_execute = 1.32 s
[   21/27128] TestGemCommandsSourcesCommand#test_execute_add_https_rubygems_org = 1.62 s
[   22/27128] TestGemCommandsSourcesCommand#test_execute_add_redundant_source = 1.45 s
[   23/27128] TestGemCommandsSourcesCommand#test_execute_remove_no_network = 1.41 s
[   24/27128] TestGemCommandsSourcesCommand#test_execute_clear_all = 1.30 s
[   25/27128] TestGemCommandsSourcesCommand#test_execute_update = 1.64 s
[   26/27128] TestGemCommandsSourcesCommand#test_initialize_proxy = 1.29 s
[   27/27128] TestGemCommandsSourcesCommand#test_execute_add = 1.78 s
[   28/27128] TestGemCommandsSourcesCommand#test_execute_add_bad_uri = 1.31 s
[   29/27128] TestGemCommandsSourcesCommand#test_execute_add_allow_typo_squatting_source_forced = 1.
73 s
[   30/27128] TestGemCommandsSourcesCommand#test_execute_list = 1.29 s
[   31/27128] TestGemCommandsSourcesCommand#test_execute_add_http_rubygems_org_forced = 1.78 s
[   32/27128] TestGemCommandsSourcesCommand#test_execute_add_existent_source_invalid_uri = 1.50 s
[   33/27128] TestGemCommandsSourcesCommand#test_execute_remove = 1.34 s
[   34/27128] TestMarshal#test_range_cyclic = 0.02 s
[   35/27128] TestMarshal#test_undumpable_message = 0.03 s
[   36/27128] TestMarshal#test_object_subclass = 0.03 s
[   37/27128] TestMarshal#test_symbol2 = 0.01 s
[   38/27128] TestMarshal#test_anonymous = 0.02 s
[   39/27128] TestMarshal#test_change_class_name = 0.02 s
[   40/27128] TestMarshal#test_invalid_byte_sequence_symbol = 0.01 s
[   41/27128] TestMarshal#test_marshal = 0.03 s
[   42/27128] TestMarshal#test_string_subclass = 0.03 s
[   43/27128] TestMarshal#test_marshal_nameerror = 0.04 s
[   44/27128] TestMarshal#test_symlink = 0.01 s
[   45/27128] TestMarshal#test_class_nonascii = 0.04 s
[   46/27128] TestMarshal#test_object_prepend = 0.04 s
[   47/27128] TestMarshal#test_marshal_dump_excess_encoding = 0.01 s
[   48/27128] TestMarshal#test_marshal_dump_struct_ivar = 0.01 s
[   49/27128] TestMarshal#test_too_long_string = 0.02 s
[   50/27128] TestMarshal#test_struct_subclass_extend = 0.05 s
[   51/27128] TestMarshal#test_time = 0.22 s
[   52/27128] TestMarshal#test_share = 0.01 s
[   53/27128] TestMarshal#test_load_range_as_struct = 0.01 s
[   54/27128] TestMarshal#test_time_subclass = 0.04 s
[   55/27128] TestMarshal#test_time_ivar = 0.03 s
[   56/27128] TestMarshal#test_false = 0.02 s
[   57/27128] TestMarshal#test_nil = 0.02 s
[   58/27128] TestMarshal#test_gc = 175.74 s
[   59/27128] TestMarshal#test_bignum = 0.07 s
[   60/27128] TestMarshal#test_float = 0.05 s
[   61/27128] TestMarshal#test_userdef_encoding = 0.01 s
[   62/27128] TestMarshal#test_exception = 0.07 s
[   63/27128] TestMarshal#test_marshal_regexp_encoding = 0.01 s
[   64/27128] TestMarshal#test_marshal_load_ivar = 0.02 s
[   65/27128] TestMarshal#test_regexp = 0.09 s
[   66/27128] TestMarshal#test_marshal_dump_extra_iv = 0.01 s
[   67/27128] TestMarshal#test_symbol = 0.47 s
[   68/27128] TestMarshal#test_object = 0.03 s
[   69/27128] TestMarshal#test_fixnum = 0.10 s
[   70/27128] TestMarshal#test_unloadable_userdef = 0.03 s
[   71/27128] TestMarshal#test_marshal_integers = 0.10 s
[   72/27128] TestMarshal#test_dump_buffer = 0.01 s
[   73/27128] TestMarshal#test_marshal_load_r_prepare_reference_crash = 8.86 s
[   74/27128] TestMarshal#test_hash = 0.03 s
[   75/27128] TestMarshal#test_extend = 0.07 s
[   76/27128] TestMarshal#test_hash_compared_by_identity = 0.02 s
[   77/27128] TestMarshal#test_string = 0.03 s
[   78/27128] TestMarshal#test_array_subclass = 0.04 s
[   79/27128] TestMarshal#test_exception_subclass = 0.04 s
[   80/27128] TestMarshal#test_struct = 0.03 s
[   81/27128] TestMarshal#test_hash_default_compared_by_identity = 0.02 s
[   82/27128] TestMarshal#test_hash_extend = 0.05 s
[   83/27128] TestMarshal#test_class = 0.02 s
[   84/27128] TestMarshal#test_marshal_proc_freeze = 0.02 s
[   85/27128] TestMarshal#test_array = 0.05 s
[   86/27128] TestMarshal#test_module_ivar = 0.02 s
[   87/27128] TestMarshal#test_symlink_in_ivar = 0.01 s
[   88/27128] TestMarshal#test_struct_subclass = 0.04 s
[   89/27128] TestMarshal#test_object_subclass_extend = 0.07 s
[   90/27128] TestMarshal#test_true = 0.03 s
[   91/27128] TestMarshal#test_struct_ivar = 0.05 s
[   92/27128] TestMarshal#test_marshal_dump_ivar = 0.02 s
[   93/27128] TestMarshal#test_string_crlf = 0.03 s
[   94/27128] TestMarshal#test_marshal_with_ruby2_keywords_hash = 0.05 s
[   95/27128] TestMarshal#test_marshal_honor_post_proc_value_for_link = 0.01 s
[   96/27128] TestMarshal#test_float_inf_nan = 0.09 s
[   97/27128] TestMarshal#test_method_missing_without_respond_to = 0.02 s
[   98/27128] TestMarshal#test_hash_subclass = 0.04 s
[   99/27128] TestMarshal#test_hash_subclass_extend = 0.07 s
[  100/27128] TestMarshal#test_marshal_cloned_class = 0.01 s
[  101/27128] TestMarshal#test_string_subclass_cycle = 0.04 s
[  102/27128] TestMarshal#test_undumpable_data = 0.03 s
[  103/27128] TestMarshal#test_singleton = 0.03 s
[  104/27128] TestMarshal#test_unloadable_data = 0.03 s
[  105/27128] TestMarshal#test_marshal_symbol_ascii8bit = 0.01 s
[  106/27128] TestMarshal#test_class_ivar = 0.02 s
[  107/27128] TestMarshal#test_struct_invalid_members = 0.02 s
[  108/27128] TestMarshal#test_array_ivar = 0.03 s
[  109/27128] TestMarshal#test_struct_toplevel = 0.03 s
[  110/27128] TestMarshal#test_string_subclass_extend = 0.04 s
[  111/27128] TestMarshal#test_packed_string = 0.01 s
[  112/27128] TestMarshal#test_marshal_respond_to_arity = 0.01 s
[  113/27128] TestMarshal#test_inconsistent_struct = 0.02 s
[  114/27128] TestMarshal#test_range_subclass = 0.04 s
[  115/27128] TestMarshal#test_marshal_exception = 0.04 s
[  116/27128] TestMarshal#test_marshal_encoding_encoding = 0.01 s
[  117/27128] TestMarshal#test_range = 0.05 s
[  118/27128] TestMarshal#test_marshal_proc_string_encoding = 0.01 s
[  119/27128] TestMarshal#test_string_ivar = 0.03 s
[  120/27128] TestMarshal#test_string_escape = 0.02 s
[  121/27128] TestMarshal#test_hash_default = 0.03 s
[  122/27128] TestMarshal#test_marshal_dump_removing_instance_variable = 0.03 s
[  123/27128] TestMarshal#test_marshal_complex = 0.02 s
[  124/27128] TestMarshal#test_userdef_invalid = 0.01 s
[  125/27128] TestMarshal#test_marshal_keyword_init_struct = 0.01 s
[  126/27128] TestMarshal#test_limit = 0.01 s
[  127/27128] TestMarshal#test_marshal_dump_recursion = 0.02 s
[  128/27128] TestMarshal#test_continuation = 0.16 s
[  129/27128] TestMarshal#test_time_in_array = 0.01 s
[  130/27128] TestMarshal#test_context_switch = 18.07 s
[  131/27128] TestMarshal#test_pipe = 0.06 s
[  132/27128] TestMarshal#test_unloadable_usrmarshal = 0.03 s
[  133/27128] TestMarshal#test_marshal_private_class = 0.01 s
[  134/27128] TestMarshal#test_marshal_small_bignum_backref = 0.01 s
[  135/27128] TestMarshal#test_change_struct = 0.03 s
[  136/27128] TestMarshal#test_hash_ivar = 0.03 s
[  137/27128] TestMarshal#test_no_internal_ids = 4.52 s
[  138/27128] TestMarshal#test_regexp2 = 0.03 s
[  139/27128] TestMarshal#test_marshal_string_encoding = 0.01 s
[  140/27128] TestMarshal#test_marshal_dump = 0.02 s
[  141/27128] TestMarshal#test_marshal_flonum_reference = 0.01 s
[  142/27128] TestMarshal#test_extend_string = 0.07 s
[  143/27128] TestMarshal#test_object_extend = 0.06 s
[  144/27128] TestMarshal#test_modify_array_during_dump = 0.02 s
[  145/27128] TestMarshal#test_string_empty = 0.03 s
[  146/27128] TestMarshal#test_marshal_dump_adding_instance_variable = 0.03 s
[  147/27128] TestMarshal#test_marshal_load_extended_class_crash = 8.85 s
[  148/27128] TestMarshal#test_regexp_subclass = 0.06 s
[  149/27128] TestMarshal#test_marshal_rational = 0.03 s
[  150/27128] TestMarshal#test_hash_default_proc = 0.01 s
[  151/27128] TestGemPackageTarHeader#test_from_bad_octal = 0.70 s
[  152/27128] TestGemPackageTarHeader#test_self_from = 0.56 s
[  153/27128] TestGemPackageTarHeader#test_big_uid_gid = 0.52 s
[  154/27128] TestGemPackageTarHeader#test_spaces_in_headers = 0.50 s
[  155/27128] TestGemPackageTarHeader#test_initialize = 0.51 s
[  156/27128] TestGemPackageTarHeader#test_update_checksum = 0.50 s
[  157/27128] TestGemPackageTarHeader#test_to_s = 0.52 s
[  158/27128] TestGemPackageTarHeader#test_initialize_bad = 0.50 s
[  159/27128] TestGemPackageTarHeader#test_equals2 = 0.49 s
[  160/27128] TestGemPackageTarHeader#test_empty = 0.50 s
[  161/27128] TestGemPackageTarHeader#test_empty_eh = 0.49 s
[  162/27128] TestGemPackageTarHeader#test_initialize_typeflag = 0.49 s
[  163/27128] TestRDocGeneratorRI#test_generate_dry_run = 2.49 s
[  164/27128] TestRDocGeneratorRI#test_generate = 0.28 s
[  165/27128] TestMkmfHaveLibrary#test_not_have_library_with_name = 0.53 s
[  166/27128] TestMkmfHaveLibrary#test_have_library = 0.49 s
[  167/27128] TestMkmfHaveLibrary#test_not_have_library = 0.65 s
[  168/27128] TestMkmfHaveLibrary#test_have_library_with_name = 0.51 s
[  169/27128] TestGemResolverInstalledSpecification#test_install = 0.56 s
[  170/27128] TestGemResolverInstalledSpecification#test_initialize = 0.56 s
[  171/27128] TestGemResolverInstalledSpecification#test_installable_platform_eh = 0.92 s
[  172/27128] Emoji::TestSoftBank#test_to_sjis = 0.21 s
[  173/27128] Emoji::TestSoftBank#test_from_sjis = 0.02 s
[  174/27128] Emoji::TestSoftBank#test_from_utf8 = 0.02 s
[  175/27128] Emoji::TestSoftBank#test_encoding_name = 0.05 s
[  176/27128] Emoji::TestSoftBank#test_to_docomo = 0.11 s
[  177/27128] Emoji::TestSoftBank#test_to_utf8 = 0.02 s
[  178/27128] Emoji::TestSoftBank#test_comparison = 0.02 s
[  179/27128] Emoji::TestSoftBank#test_softbank = 0.02 s
[  180/27128] Emoji::TestSoftBank#test_to_kddi = 0.13 s
[  181/27128] Emoji::TestSoftBank#test_to_eucjp = 0.03 s
[  182/27128] TestEnsureAndCallcc#test_bug20655_dir_chdir_using_rb_ensure = 0.05 s
[  183/27128] TestEnsureAndCallcc#test_bug20655_extension_using_rb_ensure = 0.39 s
[  184/27128] TestRDocMarkupFormatter#test_add_regexp_handling_TIDYLINK = 0.52 s
[  185/27128] TestRDocMarkupFormatter#test_parse_url_link_id = 0.04 s
[  186/27128] TestRDocMarkupFormatter#test_parse_url = 0.04 s
[  187/27128] TestRDocMarkupFormatter#test_convert_tt_regexp_handling = 0.08 s
[  188/27128] TestRDocMarkupFormatter#test_parse_url_anchor = 0.03 s
[  189/27128] TestRDocMarkupFormatter#test_class_gen_relative_url = 0.24 s
[  190/27128] TestRDocMarkupFormatter#test_add_regexp_handling_RDOCLINK = 0.07 s
[  191/27128] TestRDocMarkupFormatter#test_parse_url_scheme = 0.04 s
[  192/27128] TestRDocMarkupFormatter#test_parse_url_rdoc_label = 0.04 s
[  193/27128] TestRDocMarkupFormatter#test_parse_url_link = 0.04 s
[  194/27128] TestRDocMarkupParagraph#test_text = 0.03 s
[  195/27128] TestRDocMarkupParagraph#test_text_break = 0.03 s
[  196/27128] TestRDocMarkupParagraph#test_accept = 0.03 s
[  197/27128] TestMkmfSizeof#test_sizeof_builtin = 0.49 s
[  198/27128] TestMkmfSizeof#test_sizeof_struct = 0.46 s
[  199/27128] Prism::AttributeWriteTest#test_named_call_with_operator = 0.05 s
[  200/27128] Prism::AttributeWriteTest#test_named_call_without_operator = 0.02 s
[  201/27128] Prism::AttributeWriteTest#test_comparison_operators = 0.03 s
[  202/27128] Prism::AttributeWriteTest#test_indexed_call_with_operator = 0.02 s
[  203/27128] Prism::AttributeWriteTest#test_indexed_call_without_operator = 0.02 s
[  204/27128] TC_Set#test_freeze_dup = 0.02 s
[  205/27128] TC_Set#test_proper_superset? = 0.09 s
[  206/27128] TC_Set#test_xor = 0.04 s
[  207/27128] TC_Set#test_freeze = 0.03 s
[  208/27128] TC_Set#test_spacecraft_operator = 0.06 s
[  209/27128] TC_Set#test_minus = 0.02 s
[  210/27128] TC_Set#test_freeze_clone = 0.03 s
[  211/27128] TC_Set#test_empty? = 0.02 s
[  212/27128] TC_Set#test_select! = 0.04 s
[  213/27128] TC_Set#test_delete_if = 0.03 s
[  214/27128] TC_Set#test_clear = 0.01 s
[  215/27128] TC_Set#test_merge = 0.03 s
[  216/27128] TC_Set#test_dup = 0.01 s
[  217/27128] TC_Set#test_inspect = 0.03 s
[  218/27128] TC_Set#test_eq = 0.03 s
[  219/27128] TC_Set#test_intersect? = 0.10 s
[  220/27128] TC_Set#test_delete = 0.23 s
[  221/27128] TC_Set#test_divide = 0.09 s
[  222/27128] TC_Set#test_reset = 0.02 s
[  223/27128] TC_Set#test_and = 0.01 s
[  224/27128] TC_Set#test_reject! = 0.03 s
[  225/27128] TC_Set#test_subset? = 0.07 s
[  226/27128] TC_Set#test_flatten = 0.08 s
[  227/27128] TC_Set#test_plus = 0.01 s
[  228/27128] TC_Set#test_proper_subset? = 0.16 s
[  229/27128] TC_Set#test_compare_by_identity = 0.02 s
[  230/27128] TC_Set#test_add = 0.02 s
[  231/27128] TC_Set#test_to_a = 0.01 s
[  232/27128] TC_Set#test_filter! = 0.03 s
[  233/27128] TC_Set#test_eqq = 0.02 s
[  234/27128] TC_Set#test_superset? = 0.06 s
[  235/27128] TC_Set#test_aref = 0.02 s
[  236/27128] TC_Set#test_replace = 0.02 s
[  237/27128] TC_Set#test_keep_if = 0.12 s
[  238/27128] TC_Set#test_collect! = 0.03 s
[  239/27128] TC_Set#test_to_s = 0.02 s
[  240/27128] TC_Set#test_s_new = 0.05 s
[  241/27128] TC_Set#test_each = 0.01 s
[  242/27128] TC_Set#test_freeze_clone_false = 0.02 s
[  243/27128] TC_Set#test_size = 0.01 s
[  244/27128] TC_Set#test_classify = 0.04 s
[  245/27128] TC_Set#test_subtract = 0.01 s
[  246/27128] TC_Set#test_join = 0.01 s
[  247/27128] TC_Set#test_clone = 0.01 s
[  248/27128] TC_Set#test_include? = 0.02 s
[  249/27128] TestRipper::Ripper::TestInput#test_column = 0.06 s
[  250/27128] TestRipper::Ripper::TestInput#test_invalid_gets = 0.02 s
[  251/27128] TestRipper::Ripper::TestInput#test_yydebug_ident = 0.07 s
[  252/27128] TestRipper::Ripper::TestInput#test_yydebug = 0.01 s
[  253/27128] TestRipper::Ripper::TestInput#test_end_seen_eh = 0.02 s
[  254/27128] TestRipper::Ripper::TestInput#test_yydebug_equals = 0.01 s
[  255/27128] TestRipper::Ripper::TestInput#test_parse = 0.01 s
[  256/27128] TestRipper::Ripper::TestInput#test_encoding = 0.02 s
[  257/27128] TestRipper::Ripper::TestInput#test_assignable_in_regexp = 9.98 s
[  258/27128] TestRipper::Ripper::TestInput#test_yydebug_string = 0.11 s
[  259/27128] TestRipper::Ripper::TestInput#test_regexp_enc_error = 10.57 s
[  260/27128] TestRipper::Ripper::TestInput#test_lineno = 0.01 s
[  261/27128] TestRipper::Ripper::TestInput#test_regexp_with_option = 0.03 s
[  262/27128] TestRipper::Ripper::TestInput#test_state = 0.01 s
[  263/27128] TestRipper::Ripper::TestInput#test_dedent_string = 0.06 s
[  264/27128] TestRipper::Ripper::TestInput#test_filename = 0.01 s
[  265/27128] TestRipper::Ripper::TestInput#test_new = 17.22 s
[  266/27128] TestGemSourceVendor#test_spaceship = 0.57 s
[  267/27128] TestGemSourceVendor#test_initialize = 0.51 s
[  268/27128] TestFiberTimeout#test_timeout_after = 0.07 s
[  269/27128] TestFiberTimeout#test_timeout_on_main_fiber = 0.06 s
[  270/27128] JSONExtParserTest#test_error_messages = 0.03 s
[  271/27128] JSONExtParserTest#test_gc_stress = 0.02 s
[  272/27128] JSONExtParserTest#test_gc_stress_parser_new = 0.02 s
[  273/27128] JSONExtParserTest#test_allocate = 0.02 s
[  274/27128] TestRDocParserChangeLog#test_scan_git = 10.69 s
[  275/27128] TestRDocParserChangeLog#test_continue_entry_body = 0.04 s
[  276/27128] TestRDocParserChangeLog#test_class_can_parse = 0.08 s
[  277/27128] TestRDocParserChangeLog#test_parse_entries_bad_time = 0.05 s
[  278/27128] TestRDocParserChangeLog#test_parse_entries = 0.06 s
[  279/27128] TestRDocParserChangeLog#test_parse_entries_git = 0.05 s
[  280/27128] TestRDocParserChangeLog#test_scan = 0.08 s
[  281/27128] TestRDocParserChangeLog#test_create_items = 0.05 s
[  282/27128] TestRDocParserChangeLog#test_continue_entry_body_empty = 0.04 s
[  283/27128] TestRDocParserChangeLog#test_parse_entries_gnu = 0.06 s
[  284/27128] TestRDocParserChangeLog#test_continue_entry_body_function = 0.04 s
[  285/27128] TestRDocParserChangeLog#test_group_entries = 0.05 s
[  286/27128] TestRDocParserChangeLog#test_create_entries = 0.06 s
[  287/27128] TestRDocParserChangeLog#test_create_entries_colons = 0.05 s
[  288/27128] TestRDocParserChangeLog#test_create_document = 0.07 s
[  289/27128] TestRDocParserChangeLog#test_scan_git_commit_date = 2.51 s
[  290/27128] OpenSSL::TestEOF1LowlevelSocket#test_readbyte_eof = 1.41 s
[  291/27128] OpenSSL::TestEOF1LowlevelSocket#test_eof_3 = 1.30 s
[  292/27128] OpenSSL::TestEOF1LowlevelSocket#test_eof_1 = 14.58 s
[  293/27128] OpenSSL::TestEOF1LowlevelSocket#test_eof_0 = 2.39 s
[  294/27128] OpenSSL::TestEOF1LowlevelSocket#test_eof_2 = 1.24 s
[  295/27128] OpenSSL::TestEOF1LowlevelSocket#test_eof_0_rw = 0.79 s
[  296/27128] OpenSSL::TestEOF1LowlevelSocket#test_getbyte_eof = 1.75 s
[  297/27128] TestGemExtCmakeBuilder#test_self_build_fail = 0.84 s
[  298/27128] TestGemExtCmakeBuilder#test_self_build = 0.88 s
[  299/27128] TestGemExtCmakeBuilder#test_self_build_has_makefile = 0.90 s
[  300/27128] PPTestModule::PPDelegateTest#test_delegate_cycle = 0.25 s
[  301/27128] PPTestModule::PPDelegateTest#test_delegate = 0.07 s
[  302/27128] TestRand#test_mt = 0.22 s
[  303/27128] TestRand#test_0x4000000000000001 = 0.22 s
[  304/27128] TestRand#test_marshal = 0.01 s
[  305/27128] TestRand#test_broken_marshal = 0.02 s
[  306/27128] TestRand#test_default_seed = 8.83 s
[  307/27128] TestRand#test_0x100000001 = 0.22 s
[  308/27128] TestRand#test_0x3fffffff = 0.21 s
[  309/27128] TestRand#test_random_argument_error = 0.04 s
[  310/27128] TestRand#test_types = 0.05 s
[  311/27128] TestRand#test_0x3fffffffffffffff = 0.21 s
[  312/27128] TestRand#test_seed = 0.02 s
[  313/27128] TestRand#test_random_float = 0.06 s
[  314/27128] TestRand#test_0x10000000000 = 0.21 s
[  315/27128] TestRand#test_rand_0x100000000 = 0.20 s
[  316/27128] TestRand#test_random_ulong_limited = 0.08 s
[  317/27128] TestRand#test_0x1000000000000 = 0.21 s
[  318/27128] TestRand#test_random_equal = 0.01 s
[  319/27128] TestRand#test_random_seed = 0.01 s
[  320/27128] TestRand#test_fork_shuffle = 5.08 s
[  321/27128] TestRand#test_random_dup = 0.03 s
[  322/27128] TestRand#test_0x40000001 = 0.22 s
[  323/27128] TestRand#test_0x40000000 = 0.21 s
[  324/27128] TestRand#test_seed_leading_zero_guard = 0.02 s
[  325/27128] TestRand#test_0x1000000000001 = 0.21 s
[  326/27128] TestRand#test_random_type_error = 0.02 s
[  327/27128] TestRand#test_random_gc = 9.34 s
[  328/27128] TestRand#test_big_seed = 7.04 s
[  329/27128] TestRand#test_urandom = 0.01 s
[  330/27128] TestRand#test_random_bytes = 0.01 s
[  331/27128] TestRand#test_shuffle = 0.01 s
[  332/27128] TestRand#test_0xffffffff = 0.21 s
[  333/27128] TestRand#test_random_ulong_limited_no_rand = 0.02 s
[  334/27128] TestRand#test_rand_reseed_on_fork = 57.53 s
[  335/27128] TestRand#test_random_range = 0.09 s
[  336/27128] TestRand#test_srand = 0.04 s
[  337/27128] TestRand#test_initialize_frozen = 0.02 s
[  338/27128] TestRand#test_new_seed = 0.02 s
[  339/27128] TestRand#test_0x10000 = 0.22 s
[  340/27128] TestRand#test_0x4000000000000000 = 0.22 s
[  341/27128] TestRand#test_marshal_load_frozen = 0.01 s
[  342/27128] TestRand#test_0x100000000 = 0.21 s
[  343/27128] TestGemValidator#test_alien = 0.99 s
[  344/27128] TestGemValidator#test_alien_default = 0.91 s
[  345/27128] PatternKeyNameCheckTest#test_corrects_hash_key_name_with_single_pattern_match = 0.09 s
[  346/27128] TestPatternMatching::TestPatternMatchingRefinements#test_refinements = 0.02 s
[  347/27128] TestDateCompat#test_compat = 0.04 s
[  348/27128] TestGemSourceSubpathProblem#test_dependency_resolver_set = 1.78 s
[  349/27128] TestGemSourceSubpathProblem#test_fetch_spec = 1.76 s
[  350/27128] TestGemSourceSubpathProblem#test_load_specs = 1.73 s
[  351/27128] TestGemProjectSanity#test_manifest_is_up_to_date = 0.04 s
[  352/27128] TestGemProjectSanity#test_require_rubygems_package = 7.66 s
[  353/27128] TestGemGemcutterUtilities#test_sign_in_with_host_nil = 1.15 s
[  354/27128] TestGemGemcutterUtilities#test_host_RUBYGEMS_HOST_empty = 0.74 s
[  355/27128] TestGemGemcutterUtilities#test_api_key_override = 0.92 s
[  356/27128] TestGemGemcutterUtilities#test_sign_in_with_webauthn_enabled_with_error = 1.07 s
[  357/27128] TestGemGemcutterUtilities#test_sign_in_with_bad_credentials = 0.93 s
[  358/27128] TestGemGemcutterUtilities#test_alternate_key_alternate_host = 0.77 s
[  359/27128] TestGemGemcutterUtilities#test_signin_with_env_otp_code = 0.97 s
[  360/27128] TestGemGemcutterUtilities#test_api_key = 1.05 s
[  361/27128] TestGemGemcutterUtilities#test_sign_in_with_incorrect_otp_code = 1.11 s
[  362/27128] TestGemGemcutterUtilities#test_sign_in_skips_with_key_override = 0.83 s
[  363/27128] TestGemGemcutterUtilities#test_sign_in_with_other_credentials_doesnt_overwrite_other_k
eys = 1.09 s
[  364/27128] TestGemGemcutterUtilities#test_sign_in_with_host = 0.96 s
[  365/27128] TestGemGemcutterUtilities#test_sign_in_with_webauthn_enabled_with_polling_failure = 1.
14 s
[  366/27128] TestGemGemcutterUtilities#test_host_RUBYGEMS_HOST = 0.78 s
[  367/27128] TestGemGemcutterUtilities#test_sign_in_with_webauthn_enabled_with_polling = 1.18 s
[  368/27128] TestGemGemcutterUtilities#test_sign_in_with_host_ENV = 0.94 s
[  369/27128] TestGemGemcutterUtilities#test_sign_in_with_webauthn_enabled = 1.11 s
[  370/27128] TestGemGemcutterUtilities#test_sign_in = 0.99 s
[  371/27128] TestGemGemcutterUtilities#test_sign_in_skips_with_existing_credentials = 0.82 s
[  372/27128] TestGemGemcutterUtilities#test_verify_api_key = 0.81 s
[  373/27128] TestGemGemcutterUtilities#test_sign_in_with_correct_otp_code = 1.00 s
[  374/27128] TestGemGemcutterUtilities#test_verify_missing_api_key = 0.80 s
[  375/27128] TestGemGemcutterUtilities#test_host = 0.72 s
[  376/27128] TestGemAvailableSet#test_find_all = 0.98 s
[  377/27128] TestGemAvailableSet#test_best = 0.95 s
[  378/27128] TestGemAvailableSet#test_add_and_empty = 0.96 s
[  379/27128] TestGemAvailableSet#test_remove_installed_bang = 0.90 s
[  380/27128] TestGemAvailableSet#test_match_platform = 0.96 s
[  381/27128] TestGemAvailableSet#test_sorted_normal_versions = 0.95 s
[  382/27128] TestGemAvailableSet#test_sorted_respect_pre = 0.95 s
[  383/27128] TestIRB::HelpTest#test_help = 0.05 s
[  384/27128] TestIRB::HelpTest#test_command_help = 0.04 s
[  385/27128] TestIRB::HelpTest#test_help_lists_user_aliases = 0.04 s
[  386/27128] TestIRB::HelpTest#test_help_lists_helper_methods = 0.04 s
[  387/27128] TestIRB::HelpTest#test_command_help_not_found = 0.04 s
[  388/27128] TestIRB::HelpTest#test_show_cmds = 0.04 s
[  389/27128] TestArgf#test_readbyte = 7.50 s
[  390/27128] TestArgf#test_close_replace = 7.45 s
[  391/27128] TestArgf#test_readlines_chomp = 2.36 s
[  392/27128] TestArgf#test_each_char = 7.49 s
[  393/27128] TestArgf#test_readlines_limit_0 = 0.06 s
[  394/27128] TestArgf#test_putc = 7.50 s
[  395/27128] TestArgf#test_file = 7.46 s
[  396/27128] TestArgf#test_wrong_type = 8.93 s
[  397/27128] TestArgf#test_each_line_paragraph = 2.42 s
[  398/27128] TestArgf#test_set_pos = 7.61 s
[  399/27128] TestArgf#test_readpartial2 = 7.54 s
[  400/27128] TestArgf#test_tell = 7.64 s
[  401/27128] TestArgf#test_lineno2 = 7.82 s
[  402/27128] TestArgf#test_puts = 7.61 s
[  403/27128] TestArgf#test_printf = 7.59 s
[  404/27128] TestArgf#test_read3 = 7.52 s
[  405/27128] TestArgf#test_skip_in_each_line = 14.96 s
[  406/27128] TestArgf#test_read2_with_not_empty_buffer = 7.62 s
[  407/27128] TestArgf#test_readchar = 7.47 s
[  408/27128] TestArgf#test_getbyte = 7.54 s
[  409/27128] TestArgf#test_readline_chomp = 2.40 s
[  410/27128] TestArgf#test_each_codepoint = 7.61 s
[  411/27128] TestArgf#test_each_byte = 7.71 s
[  412/27128] TestArgf#test_inplace2 = 2.47 s
[  413/27128] TestArgf#test_read = 7.49 s
[  414/27128] TestArgf#test_to_io = 7.66 s
[  415/27128] TestArgf#test_gets_chomp = 2.45 s
[  416/27128] TestArgf#test_encoding = 7.57 s
[  417/27128] TestArgf#test_inplace_bug_17117 = 102.42 s
[  418/27128] TestArgf#test_inplace_to_path = 0.25 s
[  419/27128] TestArgf#test_print = 7.45 s
[  420/27128] TestArgf#test_skip_in_each_codepoint = 7.70 s
[  421/27128] TestArgf#test_inplace_nonascii = 2.52 s
[  422/27128] TestArgf#test_skip_in_each_byte = 7.42 s
[  423/27128] TestArgf#test_inplace_ascii_incompatible_path = 0.17 s
[  424/27128] TestArgf#test_closed = 7.52 s
[  425/27128] TestArgf#test_close = 7.68 s
[  426/27128] TestArgf#test_new_lineno_each_char = 0.15 s
[  427/27128] TestArgf#test_filename2 = 7.55 s
[  428/27128] TestArgf#test_inplace_dup = 2.50 s
[  429/27128] TestArgf#test_inplace_suffix_encoding = 0.28 s
[  430/27128] TestArgf#test_each_line_limit_0 = 0.27 s
[  431/27128] TestArgf#test_eof = 14.83 s
[  432/27128] TestArgf#test_lineno_after_shebang = 12.94 s
[  433/27128] TestArgf#test_sized_read = 7.44 s
[  434/27128] TestArgf#test_binmode = 7.43 s
[  435/27128] TestArgf#test_inplace3 = 2.37 s
[  436/27128] TestArgf#test_lineno = 7.56 s
[  437/27128] TestArgf#test_inplace_invalid_backup = 0.05 s
[  438/27128] TestArgf#test_fileno = 7.43 s
[  439/27128] TestArgf#test_inplace_stdin = 2.30 s
[  440/27128] TestArgf#test_unreadable = 0.13 s
[  441/27128] TestArgf#test_inplace = 2.34 s
[  442/27128] TestArgf#test_lineno3 = 2.30 s
[  443/27128] TestArgf#test_inplace_stdin2 = 2.29 s
[  444/27128] TestArgf#test_seek = 7.46 s
[  445/27128] TestArgf#test_argf = 7.50 s
[  446/27128] TestArgf#test_getc = 7.41 s
[  447/27128] TestArgf#test_readpartial_eof_twice = 7.42 s
[  448/27128] TestArgf#test_read2 = 7.42 s
[  449/27128] TestArgf#test_each_line_chomp = 4.55 s
[  450/27128] TestArgf#test_inplace_no_backup = 2.75 s
[  451/27128] TestArgf#test_skip_in_each_char = 7.44 s
[  452/27128] TestArgf#test_read_nonblock = 7.44 s
[  453/27128] TestArgf#test_argv = 7.41 s
[  454/27128] TestArgf#test_filename = 7.45 s
[  455/27128] TestArgf#test_inplace_rename_impossible = 2.35 s
[  456/27128] TestArgf#test_readlines_twice = 7.46 s
[  457/27128] TestArgf#test_each_line = 7.41 s
[  458/27128] TestArgf#test_new_lineno_each = 0.05 s
[  459/27128] TestArgf#test_readpartial = 7.44 s
[  460/27128] TestArgf#test_rewind = 7.46 s
[  461/27128] TestArgf#test_skip = 7.40 s
[  462/27128] TestGemCommandsCertCommand#test_handle_options_key_bad = 1.83 s
[  463/27128] TestGemCommandsCertCommand#test_execute_sign_no_key = 1.23 s
[  464/27128] TestGemCommandsCertCommand#test_execute_remove_multiple = 1.32 s
[  465/27128] TestGemCommandsCertCommand#test_execute_sign_encrypted_key = 1.78 s
[  466/27128] TestGemCommandsCertCommand#test_execute_encrypted_private_key = 1.45 s
[  467/27128] TestGemCommandsCertCommand#test_execute_build_expiration_days = 49.29 s
[  468/27128] TestGemCommandsCertCommand#test_execute_build_bad_passphrase_confirmation = 1.44 s
[  469/27128] TestGemCommandsCertCommand#test_execute_sign_default_encrypted_key = 1.82 s
[  470/27128] TestGemCommandsCertCommand#test_execute_sign = 1.70 s
[  471/27128] TestGemCommandsCertCommand#test_execute_build_key_algorithm_ec_key = 1.79 s
[  472/27128] TestGemCommandsCertCommand#test_certificates_matching_filter = 0.73 s
[  473/27128] TestGemCommandsCertCommand#test_execute_re_sign_with_cert_expiration_length_days = 1.8
8 s
[  474/27128] TestGemCommandsCertCommand#test_handle_options_sign = 1.75 s
[  475/27128] TestGemCommandsCertCommand#test_execute_build_encrypted_key = 1.76 s
[  476/27128] TestGemCommandsCertCommand#test_execute_certificate = 1.18 s
[  477/27128] TestGemCommandsCertCommand#test_execute_add_twice = 1.79 s
[  478/27128] TestGemCommandsCertCommand#test_certificates_matching = 1.07 s
[  479/27128] TestGemCommandsCertCommand#test_handle_options = 2.16 s
[  480/27128] TestGemCommandsCertCommand#test_handle_options_add_bad = 2.28 s
[  481/27128] TestGemCommandsCertCommand#test_execute_build_key = 2.90 s
[  482/27128] TestGemCommandsCertCommand#test_execute_build = 63.66 s
[  483/27128] TestGemCommandsCertCommand#test_execute_build_ec_key = 2.93 s
[  484/27128] TestGemCommandsCertCommand#test_execute_list_filter = 2.23 s
[  485/27128] TestGemCommandsCertCommand#test_execute_remove_twice = 2.81 s
[  486/27128] TestGemCommandsCertCommand#test_handle_options_sign_nonexistent = 1.92 s
[  487/27128] TestGemCommandsCertCommand#test_execute_add = 1.37 s
[  488/27128] TestGemCommandsCertCommand#test_execute_re_sign = 1.93 s
[  489/27128] TestGemCommandsCertCommand#test_execute_list = 1.33 s
[  490/27128] TestGemCommandsCertCommand#test_execute_build_bad_email_address = 1.39 s
[  491/27128] TestGemCommandsCertCommand#test_execute_sign_default = 1.75 s
[  492/27128] TestGemCommandsCertCommand#test_handle_options_certificate = 1.25 s
[  493/27128] TestGemCommandsCertCommand#test_handle_options_sign_encrypted_key = 1.79 s
[  494/27128] TestGemCommandsCertCommand#test_execute_sign_no_cert = 1.21 s
[  495/27128] TestGemCommandsCertCommand#test_execute_remove = 1.29 s
[  496/27128] TestGemCommandsCertCommand#test_execute_private_key = 1.53 s
[  497/27128] TestGemDoctor#test_doctor_badly_named_plugins = 0.83 s
[  498/27128] TestGemDoctor#test_doctor = 1.05 s
[  499/27128] TestGemDoctor#test_doctor_dry_run = 1.05 s
[  500/27128] TestGemDoctor#test_doctor_non_gem_home = 0.74 s
[  501/27128] TestGemDoctor#test_doctor_child_missing = 0.55 s
[  502/27128] TestGemDoctor#test_gem_repository_eh = 0.72 s
[  503/27128] TestGemResolverVendorSpecification#test_install = 0.56 s
[  504/27128] TestGemResolverVendorSpecification#test_name = 0.47 s
[  505/27128] TestGemResolverVendorSpecification#test_full_name = 0.47 s
[  506/27128] TestGemResolverVendorSpecification#test_platform = 0.47 s
[  507/27128] TestGemResolverVendorSpecification#test_equals2 = 0.66 s
[  508/27128] TestGemResolverVendorSpecification#test_version = 0.55 s
[  509/27128] TestGemResolverVendorSpecification#test_dependencies = 0.49 s
[  510/27128] TestIRB::WhereamiTest#test_whereami = 0.23 s
[  511/27128] TestIRB::WhereamiTest#test_whereami_alias = 0.13 s
[  512/27128] Test_DotDot#test_load_dot_dot = 0.09 s
[  513/27128] TestRDocMarkupAttributeManager#test_basic = 0.44 s
[  514/27128] TestRDocMarkupAttributeManager#test_regexp_handling = 0.34 s
[  515/27128] TestRDocMarkupAttributeManager#test_add_word_pair_map = 0.05 s
[  516/27128] TestRDocMarkupAttributeManager#test_convert_attrs = 0.07 s
[  517/27128] TestRDocMarkupAttributeManager#test_convert_attrs_ignores_code = 0.08 s
[  518/27128] TestRDocMarkupAttributeManager#test_exclude_tag = 0.15 s
[  519/27128] TestRDocMarkupAttributeManager#test_exclude_tag_flow = 0.12 s
[  520/27128] TestRDocMarkupAttributeManager#test_mask_protected_sequence = 0.06 s
[  521/27128] TestRDocMarkupAttributeManager#test_convert_attrs_does_not_ignore_after_tt = 0.08 s
[  522/27128] TestRDocMarkupAttributeManager#test_html_like_em_bold_nested_mixed_case = 0.08 s
[  523/27128] TestRDocMarkupAttributeManager#test_tt_html = 0.07 s
[  524/27128] TestRDocMarkupAttributeManager#test_initial_html = 0.05 s
[  525/27128] TestRDocMarkupAttributeManager#test_add_regexp_handling = 0.05 s
[  526/27128] TestRDocMarkupAttributeManager#test_html_like_teletype_em_bold_SGML = 0.09 s
[  527/27128] TestRDocMarkupAttributeManager#test_add_html_tag = 0.05 s
[  528/27128] TestRDocMarkupAttributeManager#test_html_like_em_bold_nested_1 = 0.10 s
[  529/27128] TestRDocMarkupAttributeManager#test_add_word_pair_invalid = 0.05 s
[  530/27128] TestRDocMarkupAttributeManager#test_convert_attrs_ignores_tt = 0.10 s
[  531/27128] TestRDocMarkupAttributeManager#test_lost_tag_for_the_second_time = 0.15 s
[  532/27128] TestRDocMarkupAttributeManager#test_html_like_em_bold_nested_2 = 0.11 s
[  533/27128] TestRDocMarkupAttributeManager#test_add_word_pair = 0.07 s
[  534/27128] TestRDocMarkupAttributeManager#test_combined = 0.11 s
[  535/27128] TestRDocMarkupAttributeManager#test_add_word_pair_matching = 0.05 s
[  536/27128] TestRDocMarkupAttributeManager#test_bold = 0.11 s
[  537/27128] TestRDocMarkupAttributeManager#test_bold_html_escaped = 0.07 s
[  538/27128] TestRDocMarkupAttributeManager#test_escapes = 0.62 s
[  539/27128] TestRDocMarkupAttributeManager#test_adding = 0.07 s
[  540/27128] TestRDocMarkupAttributeManager#test_html_like_em_bold_SGML = 0.09 s
[  541/27128] TestRDocMarkupAttributeManager#test_convert_attrs_preserves_double = 0.10 s
[  542/27128] TestRDocMarkupAttributeManager#test_html_like_em_bold = 0.08 s
[  543/27128] TestRDocMarkupAttributeManager#test_initial_word_pairs = 0.05 s
[  544/27128] TestRDocMarkupAttributeManager#test_protect = 0.19 s
[  545/27128] TestRDocMarkupAttributeManager#test_html_like_teletype = 0.07 s
[  546/27128] TestRDocMarkupAttributeManager#test_add_word_pair_angle = 0.06 s
[  547/27128] TestRDocMarkupAttributeManager#test_html_like_em_bold_mixed_case = 0.08 s
[  548/27128] TestRubyKaigi2023🥢#test_chopsticks_1 = 2.28 s
[  549/27128] TestRubyKaigi2023🥢#test_chopsticks_0_1 = 2.25 s
[  550/27128] TestRubyKaigi2023🥢#test_chopsticks_0 = 2.24 s
[  551/27128] TestRubyKaigi2023🥢#test_chopsticks_1_0 = 2.25 s
[  552/27128] Prism::LocationTest#test_adjoin = 0.04 s
[  553/27128] Prism::LocationTest#test_character_offsets = 0.05 s
[  554/27128] Prism::LocationTest#test_code_units_binary_invalid_utf8 = 0.02 s
[  555/27128] Prism::LocationTest#test_cached_code_units = 0.06 s
[  556/27128] Prism::LocationTest#test_slice_lines = 0.02 s
[  557/27128] Prism::LocationTest#test_code_units_binary_valid_utf8 = 0.02 s
[  558/27128] Prism::LocationTest#test_chop = 0.02 s
[  559/27128] Prism::LocationTest#test_code_units = 0.13 s
[  560/27128] Prism::LocationTest#test_join = 0.03 s
[  561/27128] TestAssignment#test_yield = 0.10 s
[  562/27128] TestAssignment#test_assign_ary = 0.02 s
[  563/27128] TestAssignment#test_massign_splat = 0.02 s
[  564/27128] TestAssignment#test_multi = 0.01 s
[  565/27128] TestAssignment#test_massign_in_cond = 0.02 s
[  566/27128] TestAssignment#test_break = 0.07 s
[  567/27128] TestAssignment#test_to_ary_splat = 0.01 s
[  568/27128] TestAssignment#test_assign_abbreviated = 0.01 s
[  569/27128] TestAssignment#test_assign_private_self = 0.02 s
[  570/27128] TestAssignment#test_assign_splat = 0.01 s
[  571/27128] TestAssignment#test_next = 0.05 s
[  572/27128] TestAssignment#test_massign_simple = 0.02 s
[  573/27128] TestAssignment#test_assign = 0.01 s
[  574/27128] TestAssignment#test_const_massign = 0.01 s
[  575/27128] TestAssignment#test_assign_simple = 0.02 s
[  576/27128] TestAssignment#test_massign_order = 0.04 s
[  577/27128] TestAssignment#test_lambda = 0.02 s
[  578/27128] TestAssignment#test_const_assign_order = 0.02 s
[  579/27128] TestAssignment#test_assign_rescue = 0.01 s
[  580/27128] TestAssignment#test_nested_massign = 0.02 s
[  581/27128] TestAssignment#test_assign_ary_splat = 0.01 s
[  582/27128] TestAssignment#test_massign_const_order = 0.15 s
[  583/27128] TestAssignment#test_massign = 0.03 s
[  584/27128] TestAssignment#test_return = 0.11 s
[  585/27128] TestCondition#test_condition = 0.01 s
[  586/27128] OpenSSL::TestX509CRL#test_basic = 0.98 s
[  587/27128] OpenSSL::TestX509CRL#test_revoked = 4.71 s
[  588/27128] OpenSSL::TestX509CRL#test_marshal = 0.86 s
[  589/27128] OpenSSL::TestX509CRL#test_eq = 0.86 s
[  590/27128] OpenSSL::TestX509CRL#test_crlnumber = 1.08 s
[  591/27128] OpenSSL::TestX509CRL#test_sign_and_verify_ed25519 = 0.85 s
[  592/27128] OpenSSL::TestX509CRL#test_extension = 1.12 s
[  593/27128] OpenSSL::TestX509CRL#test_sign_and_verify = 1.02 s
[  594/27128] OpenSSL::TestX509CRL#test_revoked_to_der = 0.79 s
[  595/27128] TestRubyPrimitive#test_constatant_cache4 = 0.01 s
[  596/27128] TestRubyPrimitive#test_aset = 0.01 s
[  597/27128] TestRubyPrimitive#test_cvar_from_instance_method = 0.01 s
[  598/27128] TestRubyPrimitive#test_opassign = 0.03 s
[  599/27128] TestRubyPrimitive#test_concatarray_ruby_dev_41933 = 0.01 s
[  600/27128] TestRubyPrimitive#test_cvar_from_singleton_method2 = 0.01 s
[  601/27128] TestRubyPrimitive#test_lvar = 0.01 s
[  602/27128] TestRubyPrimitive#test_fact = 0.07 s
[  603/27128] TestRubyPrimitive#test_list_expand = 0.01 s
[  604/27128] TestRubyPrimitive#test_cvar_from_singleton_method = 0.01 s
[  605/27128] TestRubyPrimitive#test_constant_cache = 0.01 s
[  606/27128] TestRubyPrimitive#test_constant_cache2 = 0.01 s
[  607/27128] TestRubyPrimitive#test_attr_setter = 0.01 s
[  608/27128] TestRubyPrimitive#test_constant_cache5 = 0.01 s
[  609/27128] TestRubyPrimitive#test_constant_cache3 = 0.01 s
[  610/27128] TestRubyPrimitive#test_aref = 0.02 s
[  611/27128] TestRubyPrimitive#test_gvar = 0.01 s
[  612/27128] TestRubyPrimitive#test_constant = 0.02 s
[  613/27128] TestRubyPrimitive#test_mod = 0.01 s
[  614/27128] TestRubyPrimitive#test_length = 0.01 s
[  615/27128] TestRubyPrimitive#test_backref = 0.02 s
[  616/27128] TestRubyPrimitive#test_opassign_and_or = 0.01 s
[  617/27128] TestRubyPrimitive#test_mul = 0.01 s
[  618/27128] TestRubyPrimitive#test_not = 0.01 s
[  619/27128] TestRubyPrimitive#test_div = 0.01 s
[  620/27128] TestAutoload#test_autoload_private_constant_before_autoload = 17.58 s
[  621/27128] TestAutoload#test_override_autoload = 0.90 s
[  622/27128] TestAutoload#test_require_implemented_in_ruby_is_called = 0.08 s
[  623/27128] TestAutoload#test_autoload_so = 2.36 s
[  624/27128] TestAutoload#test_non_realpath_in_loadpath = 3.96 s
[  625/27128] TestAutoload#test_autoload_p_with_static_extensions = 0.03 s
[  626/27128] TestAutoload#test_override_while_autoloading = 0.61 s
[  627/27128] TestAutoload#test_autoload_fork = 21.25 s
[  628/27128] TestAutoload#test_autoload_module_gc = 13.54 s
[  629/27128] TestAutoload#test_autoload_while_autoloading = 0.90 s
[  630/27128] TestAutoload#test_autoload_parallel_race = 345.95 s
[  631/27128] TestAutoload#test_require_explicit = 0.90 s
[  632/27128] TestAutoload#test_bug_13526 = 70.44 s
[  633/27128] TestAutoload#test_autoload_parent_namespace = 9.16 s
[  634/27128] TestAutoload#test_autoload_after_failed_and_removed_from_loaded_features = 8.86 s
[  635/27128] TestAutoload#test_nameerror_when_autoload_did_not_define_the_constant = 0.09 s
[  636/27128] TestAutoload#test_autoload_private_constant = 8.89 s
[  637/27128] TestAutoload#test_source_location = 8.81 s
[  638/27128] TestAutoload#test_autoload_deprecate_constant_before_autoload = 17.73 s
[  639/27128] TestAutoload#test_autoload_same_file = 26.61 s
[  640/27128] TestAutoload#test_threaded_accessing_inner_constant = 1.53 s
[  641/27128] TestAutoload#test_source_location_after_require = 8.81 s
[  642/27128] TestAutoload#test_autoload_p = 0.86 s
[  643/27128] TestAutoload#test_autoload_same_file_with_raise = 9.41 s
[  644/27128] TestAutoload#test_threaded_accessing_constant = 0.65 s
[  645/27128] TestAutoload#test_autoload_with_unqualified_file_name = 1.02 s
[  646/27128] TestAutoload#test_autoload_deprecate_constant = 8.87 s
[  647/27128] TestDigestRactor::TestSHA256Ractor#test_s_hexdigest = 2.66 s
[  648/27128] TestGemSourceInstalled#test_pretty_print = 1.58 s
[  649/27128] TestGemSourceInstalled#test_spaceship = 0.98 s
[  650/27128] TestComprehensiveCaseMapping#test_data_files_available = 0.04 s
[  651/27128] Bug::Struct::Test_Duplicate#test_new_duplicate_under = 0.03 s
[  652/27128] Bug::Struct::Test_Duplicate#test_new_duplicate = 0.03 s
[  653/27128] PrettyPrintTest::StrictPrettyExample#test_06 = 0.06 s
[  654/27128] PrettyPrintTest::StrictPrettyExample#test_08 = 0.05 s
[  655/27128] PrettyPrintTest::StrictPrettyExample#test_00_04 = 0.08 s
[  656/27128] PrettyPrintTest::StrictPrettyExample#test_11_31 = 0.12 s
[  657/27128] PrettyPrintTest::StrictPrettyExample#test_32 = 0.04 s
[  658/27128] PrettyPrintTest::StrictPrettyExample#test_05 = 0.04 s
[  659/27128] PrettyPrintTest::StrictPrettyExample#test_07 = 0.04 s
[  660/27128] PrettyPrintTest::StrictPrettyExample#test_09 = 0.04 s
[  661/27128] PrettyPrintTest::StrictPrettyExample#test_10 = 0.04 s
[  662/27128] TestWarning#test_warn_called_only_when_category_enabled = 17.51 s
[  663/27128] TestNetHTTPKeepAlive#test_keep_alive_get_auto_retry = 1.80 s
[  664/27128] TestNetHTTPKeepAlive#test_keep_alive_server_close = 0.15 s
[  665/27128] TestNetHTTPKeepAlive#test_keep_alive_reset_on_new_connection = 1.68 s
[  666/27128] TestNetHTTPKeepAlive#test_http_retry_failed_with_block = 0.12 s
[  667/27128] TestNetHTTPKeepAlive#test_keep_alive_get_auto_reconnect = 1.66 s
[  668/27128] TestNetHTTPKeepAlive#test_http_retry_success = 0.13 s
[  669/27128] TestNetHTTPKeepAlive#test_server_closed_connection_auto_reconnect = 1.69 s
[  670/27128] TestNetHTTPKeepAlive#test_http_retry_failed = 0.15 s
[  671/27128] Test_BUG_3571#test_block_call_id = 2.30 s
[  672/27128] Bug::Marshal::TestInternalIVar#test_marshal = 0.04 s
[  673/27128] TestUri#test_redacted_does_not_modify_uri = 0.61 s
[  674/27128] TestUri#test_redacted_without_credential = 0.49 s
[  675/27128] TestUri#test_redacted_with_token = 0.50 s
[  676/27128] TestUri#test_redacted_with_user_pass = 0.50 s
[  677/27128] TestUri#test_redacted_with_user_x_oauth_basic = 0.50 s
[  678/27128] TestUri#test_to_s_not_string = 0.49 s
[  679/27128] TestUri#test_redacted_with_invalid_uri = 0.50 s
[  680/27128] TestUri#test_to_s_invalid_uri = 0.49 s
[  681/27128] Prism::DesugarCompilerTest#test_operator_write = 1.83 s
[  682/27128] Prism::DesugarCompilerTest#test_and_write = 0.22 s
[  683/27128] Prism::DesugarCompilerTest#test_or_write = 0.27 s
[  684/27128] TestCoverage#test_coverage_optimized_branch = 3.00 s
[  685/27128] TestCoverage#test_branch_coverage_for_safe_method_invocation = 2.49 s
[  686/27128] TestCoverage#test_line_coverage_for_multiple_lines = 2.42 s
[  687/27128] TestCoverage#test_branch_coverage_for_if_statement = 2.52 s
[  688/27128] TestCoverage#test_peek_result_without_start = 2.30 s
[  689/27128] TestCoverage#test_method_coverage_for_define_method = 2.49 s
[  690/27128] TestCoverage#test_coverage_with_asan = 2.38 s
[  691/27128] TestCoverage#test_tag_break_with_branch_coverage = 2.43 s
[  692/27128] TestCoverage#test_branch_coverage_for_pattern_matching = 3.38 s
[  693/27128] TestCoverage#test_method_coverage_for_singleton_class = 2.49 s
[  694/27128] TestCoverage#test_coverage_state = 4.74 s
[  695/27128] TestCoverage#test_result_after_suspend = 2.35 s
[  696/27128] TestCoverage#test_nocoverage_optimized_line = 7.43 s
[  697/27128] TestCoverage#test_line_stub = 0.06 s
[  698/27128] TestCoverage#test_result_without_start = 2.30 s
[  699/27128] TestCoverage#test_branch_coverage_in_ensure_clause = 2.45 s
[  700/27128] TestCoverage#test_clear_with_methods = 3.11 s
[  701/27128] TestCoverage#test_coverage_in_main_script = 2.42 s
[  702/27128] TestCoverage#test_double_resume = 2.33 s
[  703/27128] TestCoverage#test_branch_coverage_for_case_statement = 2.50 s
[  704/27128] TestCoverage#test_coverage_ensure_if_return = 2.46 s
[  705/27128] TestCoverage#test_method_coverage_for_alias = 5.00 s
[  706/27128] TestCoverage#test_clear_with_branches = 2.46 s
[  707/27128] TestCoverage#test_result_without_resume = 2.31 s
[  708/27128] TestCoverage#test_clear_with_oneshot_lines = 2.40 s
[  709/27128] TestCoverage#test_restarting_coverage = 2.45 s
[  710/27128] TestCoverage#test_clear_with_lines = 2.80 s
[  711/27128] TestCoverage#test_coverage_running? = 2.35 s
[  712/27128] TestCoverage#test_result_with_nothing = 2.31 s
[  713/27128] TestCoverage#test_suspend_without_setup = 2.29 s
[  714/27128] TestCoverage#test_oneshot_line_coverage = 2.41 s
[  715/27128] TestCoverage#test_coverage_snapshot = 2.40 s
[  716/27128] TestCoverage#test_coverage_suspendable = 27.57 s
[  717/27128] TestCoverage#test_double_suspend = 2.41 s
[  718/27128] TestCoverage#test_eval_coverage = 2.46 s
[  719/27128] TestCoverage#test_big_code = 6.19 s
[  720/27128] TestCoverage#test_stop_wrong_peephole_optimization = 2.50 s
[  721/27128] TestCoverage#test_resume_without_setup = 2.29 s
[  722/27128] TestCoverage#test_coverage_supported = 0.02 s
[  723/27128] TestCoverage#test_method_coverage = 2.64 s
[  724/27128] TestCoverage#test_branch_coverage_for_while_statement = 2.56 s
[  725/27128] TestCoverage#test_eval = 4.33 s
[  726/27128] TestRDocComment#test_extract_call_seq = 0.06 s
[  727/27128] TestRDocComment#test_normalize_eh = 0.04 s
[  728/27128] TestRDocComment#test_text = 0.03 s
[  729/27128] TestRDocComment#test_extract_call_seq_c_separator = 0.04 s
[  730/27128] TestRDocComment#test_extract_call_seq_c = 0.04 s
[  731/27128] TestRDocComment#test_text_equals = 0.03 s
[  732/27128] TestRDocComment#test_text_equals_no_text = 0.04 s
[  733/27128] TestRDocComment#test_format = 0.03 s
[  734/27128] TestRDocComment#test_initialize_copy = 0.03 s
[  735/27128] TestRDocComment#test_normalize = 0.04 s
[  736/27128] TestRDocComment#test_extract_call_seq_commented = 0.03 s
[  737/27128] TestRDocComment#test_remove_private_star2 = 0.03 s
[  738/27128] TestRDocComment#test_parse = 0.05 s
[  739/27128] TestRDocComment#test_extract_call_seq_undent = 0.03 s
[  740/27128] TestRDocComment#test_extract_call_seq_blank = 0.03 s
[  741/27128] TestRDocComment#test_remove_private_encoding = 0.03 s
[  742/27128] TestRDocComment#test_remove_private_long = 0.03 s
[  743/27128] TestRDocComment#test_format_equals = 0.05 s
[  744/27128] TestRDocComment#test_remove_private_toggle_encoding_ruby_bug? = 0.03 s
[  745/27128] TestRDocComment#test_remove_private_rule = 0.03 s
[  746/27128] TestRDocComment#test_tomdoc_eh = 0.03 s
[  747/27128] TestRDocComment#test_remove_private_toggle_encoding = 0.03 s
[  748/27128] TestRDocComment#test_remove_private_star = 0.03 s
[  749/27128] TestRDocComment#test_remove_private_hash = 0.03 s
[  750/27128] TestRDocComment#test_remove_private_hash_trail = 0.03 s
[  751/27128] TestRDocComment#test_extract_call_seq_c_no_blank = 0.04 s
[  752/27128] TestRDocComment#test_normalize_document = 0.03 s
[  753/27128] TestRDocComment#test_force_encoding = 0.03 s
[  754/27128] TestRDocComment#test_remove_private_toggle = 0.03 s
[  755/27128] TestRDocComment#test_parse_rd = 3.08 s
[  756/27128] TestRDocComment#test_equals2 = 0.03 s
[  757/27128] TestRDocComment#test_empty_eh = 0.03 s
[  758/27128] TestRDocComment#test_location = 0.03 s
[  759/27128] TestRDocComment#test_normalize_twice = 0.03 s
[  760/27128] TestRDocComment#test_extract_call_seq_no_blank = 0.03 s
[  761/27128] TestRDocComment#test_extract_call_linear_performance = 4.83 s
[  762/27128] TestRDocComment#test_text_equals_parsed = 0.05 s
[  763/27128] TestFile::NewlineConvTests#test_c_rb_io_fdopen_bin_mode_read_lf_with_utf8_encoding = 0
.05 s
[  764/27128] TestFile::NewlineConvTests#test_c_rb_io_fdopen_bin_mode_write_lf = 0.04 s
[  765/27128] TestFile::NewlineConvTests#test_c_rb_io_fdopen_text_mode_read_crlf = 0.04 s
[  766/27128] TestFile::NewlineConvTests#test_c_rb_io_fdopen_bin_mode_write_crlf = 0.04 s
[  767/27128] TestFile::NewlineConvTests#test_ruby_file_open_text_mode_read_lf_with_utf8_encoding =
0.04 s
[  768/27128] TestFile::NewlineConvTests#test_ruby_file_open_bin_mode_read_crlf = 0.04 s
[  769/27128] TestFile::NewlineConvTests#test_c_rb_io_fdopen_text_mode_read_lf = 0.04 s
[  770/27128] TestFile::NewlineConvTests#test_c_rb_file_open_text_mode_read_crlf_with_utf8_encoding
= 0.04 s
[  771/27128] TestFile::NewlineConvTests#test_c_rb_file_open_bin_mode_read_crlf_with_utf8_encoding =
 0.04 s
[  772/27128] TestFile::NewlineConvTests#test_c_rb_io_fdopen_text_mode_write_lf = 0.04 s
[  773/27128] TestFile::NewlineConvTests#test_c_rb_file_open_bin_mode_read_crlf = 0.04 s
[  774/27128] TestFile::NewlineConvTests#test_ruby_file_open_bin_mode_read_lf = 0.04 s
[  775/27128] TestFile::NewlineConvTests#test_ruby_file_open_text_mode_read_crlf_with_utf8_encoding
= 0.04 s
[  776/27128] TestFile::NewlineConvTests#test_ruby_file_open_bin_mode_write_crlf = 0.04 s
[  777/27128] TestFile::NewlineConvTests#test_c_rb_file_open_bin_mode_read_lf_with_utf8_encoding = 0
.04 s
[  778/27128] TestFile::NewlineConvTests#test_ruby_file_open_text_mode_read_crlf = 0.04 s
[  779/27128] TestFile::NewlineConvTests#test_c_rb_file_open_text_mode_read_lf_with_utf8_encoding =
0.04 s
[  780/27128] TestFile::NewlineConvTests#test_c_rb_io_fdopen_bin_mode_read_lf = 0.04 s
[  781/27128] TestFile::NewlineConvTests#test_c_rb_io_fdopen_text_mode_read_lf_with_utf8_encoding =
0.04 s
[  782/27128] TestFile::NewlineConvTests#test_ruby_file_open_text_mode_write_lf = 0.04 s
[  783/27128] TestFile::NewlineConvTests#test_c_rb_file_open_text_mode_read_lf = 0.04 s
[  784/27128] TestFile::NewlineConvTests#test_ruby_file_open_text_mode_read_lf = 0.04 s
[  785/27128] TestFile::NewlineConvTests#test_c_rb_file_open_text_mode_write_lf = 0.04 s
[  786/27128] TestFile::NewlineConvTests#test_c_rb_io_fdopen_bin_mode_read_crlf = 0.04 s
[  787/27128] TestFile::NewlineConvTests#test_c_rb_file_open_bin_mode_write_lf = 0.04 s
[  788/27128] TestFile::NewlineConvTests#test_ruby_file_open_bin_mode_write_lf = 0.04 s
[  789/27128] TestFile::NewlineConvTests#test_c_rb_io_fdopen_text_mode_read_crlf_with_utf8_encoding
= 0.04 s
[  790/27128] TestFile::NewlineConvTests#test_c_rb_io_fdopen_bin_mode_read_crlf_with_utf8_encoding =
 0.04 s
[  791/27128] TestFile::NewlineConvTests#test_ruby_file_open_bin_mode_read_crlf_with_utf8_encoding =
 0.04 s
[  792/27128] TestFile::NewlineConvTests#test_c_rb_file_open_bin_mode_read_lf = 0.05 s
[  793/27128] TestFile::NewlineConvTests#test_ruby_file_open_bin_mode_read_lf_with_utf8_encoding = 0
.04 s
[  794/27128] TestFile::NewlineConvTests#test_c_rb_file_open_bin_mode_write_crlf = 0.04 s
[  795/27128] TestFile::NewlineConvTests#test_c_rb_file_open_text_mode_read_crlf = 0.04 s
[  796/27128] OpenSSL::TestPKCS12#test_create_with_chain_decode = 2.76 s
[  797/27128] OpenSSL::TestPKCS12#test_create_with_mac_itr = 2.39 s
[  798/27128] OpenSSL::TestPKCS12#test_new_with_no_keys = 2.32 s
[  799/27128] OpenSSL::TestPKCS12#test_dup = 2.39 s
[  800/27128] OpenSSL::TestPKCS12#test_create_with_keytype = 2.39 s
[  801/27128] OpenSSL::TestPKCS12#test_create_no_pass = 2.64 s
[  802/27128] OpenSSL::TestPKCS12#test_create_with_chain = 2.39 s
[  803/27128] OpenSSL::TestPKCS12#test_new_with_no_certs = 2.81 s
[  804/27128] OpenSSL::TestPKCS12#test_create_with_bad_nid = 2.21 s
[  805/27128] OpenSSL::TestPKCS12#test_create_with_itr = 2.38 s
[  806/27128] OpenSSL::TestPKCS12#test_create_single_key_single_cert = 2.67 s
[  807/27128] OpenSSL::TestPKCS12#test_set_mac_pkcs12kdf = 2.81 s
[  808/27128] JaroWinklerTest#test_jaro_winkler_distance = 0.07 s
[  809/27128] JaroWinklerTest#test_jarowinkler_distance_with_utf8_strings = 0.03 s
[  810/27128] TestWait#test_wait_for_closed_pipe = 0.02 s
[  811/27128] TestWait#test_wait_for_valid_fd = 0.01 s
[  812/27128] TestWait#test_wait_for_invalid_fd = 8.85 s
[  813/27128] Prism::RelocationTest#test_columns = 0.32 s
[  814/27128] Prism::RelocationTest#test_code_unit_offsets = 0.03 s
[  815/27128] Prism::RelocationTest#test_lines = 0.03 s
[  816/27128] Prism::RelocationTest#test_character_offsets = 0.02 s
[  817/27128] Prism::RelocationTest#test_leading_comments = 0.12 s
[  818/27128] Prism::RelocationTest#test_filepath = 0.78 s
[  819/27128] Prism::RelocationTest#test_comments = 0.03 s
[  820/27128] Prism::RelocationTest#test_character_columns = 0.02 s
[  821/27128] Prism::RelocationTest#test_repository_filepath = 0.77 s
[  822/27128] Prism::RelocationTest#test_trailing_comments = 0.03 s
[  823/27128] Prism::RelocationTest#test_missing_values = 0.02 s
[  824/27128] Prism::RelocationTest#test_misconfiguration = 0.02 s
[  825/27128] Prism::RelocationTest#test_code_unit_columns = 0.03 s
[  826/27128] Prism::RelocationTest#test_offsets = 0.02 s
[  827/27128] TestFiberEnumerator#test_read_characters = 0.10 s
[  828/27128] TestIRB::NestedBindingIrbTest#test_current_context_restore = 0.05 s
[  829/27128] TestSocket_UNIXSocket#test_abstract_namespace = 0.01 s
[  830/27128] TestSocket_UNIXSocket#test_abstract_unix_socket_econnrefused = 0.01 s
[  831/27128] TestSocket_UNIXSocket#test_dgram_pair_sendrecvmsg_errno_set = 0.04 s
[  832/27128] TestSocket_UNIXSocket#test_fd_passing_race_condition = 2.10 s
[  833/27128] TestSocket_UNIXSocket#test_stream_pair = 0.03 s
[  834/27128] TestSocket_UNIXSocket#test_getcred_ucred = 0.01 s
[  835/27128] TestSocket_UNIXSocket#test_sendmsg_ancillarydata_unix_rights = 0.02 s
[  836/27128] TestSocket_UNIXSocket#test_getcred_xucred = 0.05 s
[  837/27128] TestSocket_UNIXSocket#test_epipe = 0.02 s
[  838/27128] TestSocket_UNIXSocket#test_autobind = 0.01 s
[  839/27128] TestSocket_UNIXSocket#test_sendcred_cmsgcred = 0.05 s
[  840/27128] TestSocket_UNIXSocket#test_fd_passing = 0.02 s
[  841/27128] TestSocket_UNIXSocket#test_fd_passing_n2 = 0.12 s
[  842/27128] TestSocket_UNIXSocket#test_sendmsg = 0.02 s
[  843/27128] TestSocket_UNIXSocket#test_open_nul_byte = 0.03 s
[  844/27128] TestSocket_UNIXSocket#test_unix_socket_pair_with_block = 0.01 s
[  845/27128] TestSocket_UNIXSocket#test_noname_unpack_sockaddr_un = 0.02 s
[  846/27128] TestSocket_UNIXSocket#test_dgram_pair = 0.03 s
[  847/27128] TestSocket_UNIXSocket#test_cloexec = 0.03 s
[  848/27128] TestSocket_UNIXSocket#test_abstract_unix_server_socket = 0.01 s
[  849/27128] TestSocket_UNIXSocket#test_noname_recvfrom = 0.01 s
[  850/27128] TestSocket_UNIXSocket#test_sendcred_ucred = 0.01 s
[  851/27128] TestSocket_UNIXSocket#test_sendmsg_ancillarydata_int = 0.02 s
[  852/27128] TestSocket_UNIXSocket#test_fd_passing_class_mode = 0.02 s
[  853/27128] TestSocket_UNIXSocket#test_addr = 0.03 s
[  854/27128] TestSocket_UNIXSocket#test_too_long_path = 0.01 s
[  855/27128] TestSocket_UNIXSocket#test_recvmsg = 0.03 s
[  856/27128] TestSocket_UNIXSocket#test_abstract_unix_server = 0.01 s
[  857/27128] TestSocket_UNIXSocket#test_initialize = 0.04 s
[  858/27128] TestSocket_UNIXSocket#test_seqpacket_pair = 0.02 s
[  859/27128] TestSocket_UNIXSocket#test_accept_nonblock = 0.03 s
[  860/27128] TestSocket_UNIXSocket#test_unix_server_socket = 0.03 s
[  861/27128] TestSocket_UNIXSocket#test_unix_socket_pair_close_on_exec = 0.01 s
[  862/27128] TestSocket_UNIXSocket#test_noname_path = 0.01 s
[  863/27128] TestSocket_UNIXSocket#test_socket_pair_with_block = 0.01 s
[  864/27128] TestSocket_UNIXSocket#test_fd_passing_n = 0.12 s
[  865/27128] TestSocket_UNIXSocket#test_sendcred_sockcred = 0.05 s
[  866/27128] TestSocket_UNIXSocket#test_noname_addr = 0.01 s
[  867/27128] TestSocket_UNIXSocket#test_noname_peeraddr = 0.01 s
[  868/27128] TestSocket_UNIXSocket#test_getpeereid = 0.03 s
[  869/27128] TestSocket_UNIXSocket#test_noname_recv_nonblock = 0.01 s
[  870/27128] TestRDocMarkupToTableOfContents#test_accept_paragraph_break = 0.11 s
[  871/27128] TestRDocMarkupToTableOfContents#test_accept_block_quote = 0.05 s
[  872/27128] TestRDocMarkupToTableOfContents#test_accept_heading_1 = 0.05 s
[  873/27128] TestRDocMarkupToTableOfContents#test_accept_heading_suppressed_crossref = 0.04 s
[  874/27128] TestRDocMarkupToTableOfContents#test_accept_heading_3 = 0.05 s
[  875/27128] TestRDocMarkupToTableOfContents#test_accept_list_start_ualpha = 0.05 s
[  876/27128] TestRDocMarkupToTableOfContents#test_accept_list_end_label = 0.05 s
[  877/27128] TestRDocMarkupToTableOfContents#test_accept_heading = 0.05 s
[  878/27128] TestRDocMarkupToTableOfContents#test_accept_list_start_lalpha = 0.05 s
[  879/27128] TestRDocMarkupToTableOfContents#test_accept_list_end_bullet = 0.05 s
[  880/27128] TestRDocMarkupToTableOfContents#test_accept_list_item_start_label = 0.05 s
[  881/27128] TestRDocMarkupToTableOfContents#test_accept_list_item_end_bullet = 0.05 s
[  882/27128] TestRDocMarkupToTableOfContents#test_accept_rule = 0.07 s
[  883/27128] TestRDocMarkupToTableOfContents#test_suppressed_eh = 0.05 s
[  884/27128] TestRDocMarkupToTableOfContents#test_accept_paragraph_underscore = 0.05 s
[  885/27128] TestRDocMarkupToTableOfContents#test_accept_list_item_start_bullet = 0.05 s
[  886/27128] TestRDocMarkupToTableOfContents#test_accept_document = 0.05 s
[  887/27128] TestRDocMarkupToTableOfContents#test_accept_heading_b = 0.05 s
[  888/27128] TestRDocMarkupToTableOfContents#test_accept_list_item_start_number = 0.05 s
[  889/27128] TestRDocMarkupToTableOfContents#test_accept_list_item_end_number = 0.05 s
[  890/27128] TestRDocMarkupToTableOfContents#test_accept_list_end_number = 0.05 s
[  891/27128] TestRDocMarkupToTableOfContents#test_list_nested = 0.05 s
[  892/27128] TestRDocMarkupToTableOfContents#test_list_verbatim = 0.05 s
[  893/27128] TestRDocMarkupToTableOfContents#test_accept_paragraph_i = 0.05 s
[  894/27128] TestRDocMarkupToTableOfContents#test_accept_verbatim = 0.05 s
[  895/27128] TestRDocMarkupToTableOfContents#test_accept_paragraph_b = 0.05 s
[  896/27128] TestRDocMarkupToTableOfContents#test_accept_list_end_ualpha = 0.05 s
[  897/27128] TestRDocMarkupToTableOfContents#test_accept_list_item_end_ualpha = 0.05 s
[  898/27128] TestRDocMarkupToTableOfContents#test_accept_list_item_start_ualpha = 0.05 s
[  899/27128] TestRDocMarkupToTableOfContents#test_accept_list_end_lalpha = 0.05 s
[  900/27128] TestRDocMarkupToTableOfContents#test_accept_list_start_note = 0.05 s
[  901/27128] TestRDocMarkupToTableOfContents#test_accept_raw = 0.05 s
[  902/27128] TestRDocMarkupToTableOfContents#test_accept_list_item_end_lalpha = 0.06 s
[  903/27128] TestRDocMarkupToTableOfContents#test_accept_list_item_start_note = 0.06 s
[  904/27128] TestRDocMarkupToTableOfContents#test_accept_list_item_start_lalpha = 0.05 s
[  905/27128] TestRDocMarkupToTableOfContents#test_end_accepting = 0.05 s
[  906/27128] TestRDocMarkupToTableOfContents#test_accept_paragraph_plus = 0.06 s
[  907/27128] TestRDocMarkupToTableOfContents#test_accept_list_start_bullet = 0.05 s
[  908/27128] TestRDocMarkupToTableOfContents#test_accept_list_item_end_label = 0.06 s
[  909/27128] TestRDocMarkupToTableOfContents#test_accept_document_omit_headings_below = 0.07 s
[  910/27128] TestRDocMarkupToTableOfContents#test_accept_list_start_number = 0.06 s
[  911/27128] TestRDocMarkupToTableOfContents#test_accept_list_end_note = 0.05 s
[  912/27128] TestRDocMarkupToTableOfContents#test_accept_heading_suppressed = 0.05 s
[  913/27128] TestRDocMarkupToTableOfContents#test_accept_list_item_start_note_multi_label = 0.05 s
[  914/27128] TestRDocMarkupToTableOfContents#test_accept_list_item_start_note_multi_description = 0
.05 s
[  915/27128] TestRDocMarkupToTableOfContents#test_accept_list_item_start_note_2 = 0.05 s
[  916/27128] TestRDocMarkupToTableOfContents#test_accept_paragraph_br = 0.05 s
[  917/27128] TestRDocMarkupToTableOfContents#test_accept_list_item_end_note = 0.05 s
[  918/27128] TestRDocMarkupToTableOfContents#test_start_accepting = 0.05 s
[  919/27128] TestRDocMarkupToTableOfContents#test_accept_heading_4 = 0.05 s
[  920/27128] TestRDocMarkupToTableOfContents#test_accept_list_start_label = 0.05 s
[  921/27128] TestRDocMarkupToTableOfContents#test_accept_heading_2 = 0.05 s
[  922/27128] TestRDocMarkupToTableOfContents#test_accept_paragraph = 0.05 s
[  923/27128] TestRDocMarkupToTableOfContents#test_accept_blank_line = 0.05 s
[  924/27128] TestRDocMarkupToTableOfContents#test_accept_paragraph_star = 0.05 s
[  925/27128] TestFiberThread#test_thread_join = 0.04 s
[  926/27128] TestFiberThread#test_thread_join_hang = 0.05 s
[  927/27128] TestFiberThread#test_thread_join_timeout = 0.15 s
[  928/27128] TestFiberThread#test_thread_join_blocking = 0.49 s
[  929/27128] TestFiberThread#test_thread_join_implicit = 0.14 s
[  930/27128] TestFiberThread#test_broken_unblock = 0.04 s
[  931/27128] TestLogDevice#test_shifting_monthly = 3.46 s
[  932/27128] TestLogDevice#test_shifting_age_in_multiprocess = 6.91 s
[  933/27128] TestLogDevice#test_shifting_dst_change = 3.41 s
[  934/27128] TestLogDevice#test_shifting_monthly_dst_change = 9.43 s
[  935/27128] TestLogDevice#test_reopen_file_by_file = 0.08 s
[  936/27128] TestLogDevice#test_write = 0.04 s
[  937/27128] TestLogDevice#test_shifting_size = 0.31 s
[  938/27128] TestLogDevice#test_shifting_weekly_exist_file = 3.41 s
[  939/27128] TestLogDevice#test_shifting_midnight = 3.40 s
[  940/27128] TestLogDevice#test_close = 0.05 s
[  941/27128] TestLogDevice#test_reopen_io_by_file = 0.04 s
[  942/27128] TestLogDevice#test_initialize = 0.09 s
[  943/27128] TestLogDevice#test_shifting_weekly = 3.39 s
[  944/27128] TestLogDevice#test_reopen_io = 0.03 s
[  945/27128] TestLogDevice#test_shifting_size_in_multiprocess = 6.79 s
[  946/27128] TestLogDevice#test_shifting_age_variants = 0.07 s
[  947/27128] TestLogDevice#test_shifting_size_not_rotate_too_much = 0.75 s
[  948/27128] TestLogDevice#test_invalid_shifting_age = 0.03 s
[  949/27128] TestLogDevice#test_reopen_file = 0.04 s
[  950/27128] TestLogDevice#test_shifting_period_suffix = 0.21 s
[  951/27128] TestLogDevice#test_shifting_weekly_dst_change = 9.35 s
[  952/27128] TestLogDevice#test_shifting_monthly_exist_file = 3.39 s
[  953/27128] TestLogDevice#test_shifting_midnight_exist_file = 3.94 s
[  954/27128] TestLogDevice#test_reopen_io_by_io = 0.03 s
[  955/27128] TestLogDevice#test_open_logfile_in_multiprocess = 128.10 s
[  956/27128] TestLogDevice#test_reopen_file_by_io = 0.04 s
[  957/27128] TestLogDevice#test_shifting_age = 0.14 s
[  958/27128] TestRDocParserSimple#test_remove_coding_comment = 0.09 s
[  959/27128] TestRDocParserSimple#test_initialize_metadata = 0.05 s
[  960/27128] TestRDocParserSimple#test_scan = 0.05 s
[  961/27128] TestRDocParserSimple#test_remove_private_comments_star = 0.05 s
[  962/27128] TestRDocParserSimple#test_remove_private_comments = 0.05 s
[  963/27128] TestRDocParserSimple#test_remove_private_comments_rule = 0.05 s
[  964/27128] TestNetHTTPSwitchingProtocols#test_info = 0.18 s
[  965/27128] TestIRB::RubyLexTest#test_code_block_open_with_should_continue = 0.25 s
[  966/27128] TestIRB::RubyLexTest#test_broken_percent_literal = 0.02 s
[  967/27128] TestIRB::RubyLexTest#test_indent_level_with_heredoc_and_embdoc = 0.25 s
[  968/27128] TestIRB::RubyLexTest#test_unterminated_code = 0.04 s
[  969/27128] TestIRB::RubyLexTest#test_initialising_the_old_top_level_ruby_lex = 17.10 s
[  970/27128] TestIRB::RubyLexTest#test_interpolate_token_with_heredoc_and_unclosed_embexpr = 0.19 s
[  971/27128] TestIRB::RubyLexTest#test_broken_percent_literal_in_method = 0.06 s
[  972/27128] TestIRB::RubyLexTest#test_should_continue = 0.26 s
[  973/27128] TestIRB::RubyLexTest#test_literal_ends_with_newline = 0.04 s
[  974/27128] TestIRB::RubyLexTest#test_unterminated_heredoc_string_literal = 0.14 s
[  975/27128] TestIRB::RubyLexTest#test_assignment_expression_with_local_variable = 0.05 s
[  976/27128] TestIRB::RubyLexTest#test_assignment_expression = 0.17 s
[  977/27128] TestIRB::RubyLexTest#test_local_variables_dependent_code = 0.21 s
[  978/27128] TestIRB::RubyLexTest#test_literal_ends_with_space = 0.05 s
[  979/27128] PrettyPrintTest::TailGroup#test_1 = 0.03 s
[  980/27128] TestAllRubyQuine#test_all_ruby_quine = 0.91 s
[  981/27128] JSONEncodingTest#test_chars = 0.28 s
[  982/27128] JSONEncodingTest#test_parse = 0.02 s
[  983/27128] JSONEncodingTest#test_generate = 0.01 s
[  984/27128] JSONEncodingTest#test_unicode = 0.05 s
[  985/27128] Test_StringModifyExpand#test_integer_overflow = 0.02 s
[  986/27128] TestNetHTTPForceEncoding#test_response_body_encoding_true_with_content_type = 0.14 s
[  987/27128] TestNetHTTPForceEncoding#test_response_body_encoding_encoding_without_content_type = 0
.09 s
[  988/27128] TestNetHTTPForceEncoding#test_response_body_encoding_true_without_content_type = 0.09
s
[  989/27128] TestNetHTTPForceEncoding#test_response_body_encoding_string_without_content_type = 0.0
9 s
[  990/27128] TestNetHTTPForceEncoding#test_response_body_encoding_false = 0.08 s
[  991/27128] TestResolvAddr#test_valid_ipv6_link_local_address = 0.04 s
[  992/27128] TestResolvAddr#test_valid_socket_ip_address_list = 0.04 s
[  993/27128] TestResolvAddr#test_invalid_byte_comment = 0.03 s
[  994/27128] TestResolvAddr#test_hosts_by_command = 0.03 s
[  995/27128] TestResolvAddr#test_invalid_ipv4_address = 1.82 s
[  996/27128] TestConst#test_redefinition = 0.02 s
[  997/27128] TestConst#test_const = 0.03 s
[  998/27128] TestConst#test_const_access_from_nil = 0.05 s
[  999/27128] TestConst#test_toplevel_lookup = 0.01 s
[ 1000/27128] TestOpenURI#test_max_redirects_too_many = 0.28 s
[ 1001/27128] TestOpenURI#test_read_timeout = 0.33 s
[ 1002/27128] TestOpenURI#test_content_encoding = 0.37 s
[ 1003/27128] TestOpenURI#test_multiple_cookies = 0.34 s
[ 1004/27128] TestOpenURI#test_max_redirects_success = 0.87 s
[ 1005/27128] TestOpenURI#test_close_in_block_big = 0.25 s
[ 1006/27128] TestOpenURI#test_last_modified = 0.14 s
[ 1007/27128] TestOpenURI#test_redirect_relative = 0.17 s
[ 1008/27128] TestOpenURI#test_redirect_with_request_specific_fields_hash = 0.17 s
[ 1009/27128] TestOpenURI#test_redirect_invalid = 0.09 s
[ 1010/27128] TestOpenURI#test_open_too_many_arg = 0.02 s
[ 1011/27128] TestOpenURI#test_redirect_without_request_specific_fields_hash = 0.18 s
[ 1012/27128] TestOpenURI#test_multi_proxy_opt = 0.02 s
[ 1013/27128] TestOpenURI#test_header = 0.10 s
[ 1014/27128] TestOpenURI#test_404 = 0.39 s
[ 1015/27128] TestOpenURI#test_progress_chunked = 0.21 s
[ 1016/27128] TestOpenURI#test_redirect_auth_failure_r2 = 0.10 s
[ 1017/27128] TestOpenURI#test_encoding = 0.47 s
[ 1018/27128] TestOpenURI#test_redirect = 0.33 s
[ 1019/27128] TestOpenURI#test_open_uri = 0.09 s
[ 1020/27128] TestOpenURI#test_non_http_proxy = 0.03 s
[ 1021/27128] TestOpenURI#test_redirect_auth_success = 0.10 s
[ 1022/27128] TestOpenURI#test_redirect_auth_failure_r1 = 0.38 s
[ 1023/27128] TestOpenURI#test_without_block = 0.10 s
[ 1024/27128] TestOpenURI#test_quoted_attvalue = 0.14 s
[ 1025/27128] TestOpenURI#test_redirect_loop = 0.31 s
[ 1026/27128] TestOpenURI#test_uri_read = 0.12 s
[ 1027/27128] TestOpenURI#test_pass_keywords = 0.02 s
[ 1028/27128] TestOpenURI#test_mode = 0.83 s
[ 1029/27128] TestOpenURI#test_200 = 0.10 s
[ 1030/27128] TestOpenURI#test_meta_init_doesnt_bump_global_constant_state = 0.03 s
[ 1031/27128] TestOpenURI#test_redirect_with_invalid_request_specific_fields_format = 0.05 s
[ 1032/27128] TestOpenURI#test_close_in_block_small = 0.10 s
[ 1033/27128] TestOpenURI#test_200_uri_open = 0.09 s
[ 1034/27128] TestOpenURI#test_open_timeout = 0.36 s
[ 1035/27128] TestOpenURI#test_progress = 0.16 s
[ 1036/27128] TestOpenURI#test_invalid_option = 0.01 s
[ 1037/27128] TestOpenURI#test_200big = 0.16 s
[ 1038/27128] TestOpenURI#test_redirect_with_request_specific_fields_proc = 0.17 s
[ 1039/27128] TestOpenURI#test_userinfo = 0.02 s
[ 1040/27128] TestNetHTTPContinue#test_expect_continue = 0.12 s
[ 1041/27128] TestNetHTTPContinue#test_expect_continue_error_before_body = 0.11 s
[ 1042/27128] TestNetHTTPContinue#test_expect_continue_timeout = 0.31 s
[ 1043/27128] TestNetHTTPContinue#test_expect_continue_error = 0.10 s
[ 1044/27128] TestNetHTTPContinue#test_expect_continue_error_while_waiting = 0.10 s
[ 1045/27128] JSONAdditionTest#test_core = 0.13 s
[ 1046/27128] JSONAdditionTest#test_extended_json_default = 0.01 s
[ 1047/27128] JSONAdditionTest#test_extended_json_fail2 = 0.02 s
[ 1048/27128] JSONAdditionTest#test_raw_strings = 0.05 s
[ 1049/27128] JSONAdditionTest#test_extended_json = 0.01 s
[ 1050/27128] JSONAdditionTest#test_set = 0.02 s
[ 1051/27128] JSONAdditionTest#test_deprecated_load_create_additions = 0.02 s
[ 1052/27128] JSONAdditionTest#test_ostruct = 0.03 s
[ 1053/27128] JSONAdditionTest#test_extended_json_disabled = 0.01 s
[ 1054/27128] JSONAdditionTest#test_utc_datetime = 0.07 s
[ 1055/27128] JSONAdditionTest#test_extended_json_fail1 = 0.01 s
[ 1056/27128] JSONAdditionTest#test_rational_complex = 0.02 s
[ 1057/27128] TestIRB::LsTest#test_ls_module = 1.25 s
[ 1058/27128] TestIRB::LsTest#test_ls = 2.28 s
[ 1059/27128] TestIRB::LsTest#test_ls_grep_empty = 27.10 s
[ 1060/27128] TestIRB::LsTest#test_ls_grep = 5.06 s
[ 1061/27128] TestIRB::LsTest#test_ls_instance = 0.27 s
[ 1062/27128] TestIRB::LsTest#test_ls_class = 1.83 s
[ 1063/27128] TestIRB::LsTest#test_ls_with_eval_error = 0.33 s
[ 1064/27128] TestIRB::LsTest#test_ls_with_no_singleton_class = 5.12 s
[ 1065/27128] TestRDocContext#test_child_name = 4.56 s
[ 1066/27128] TestRDocContext#test_add_section = 4.25 s
[ 1067/27128] TestRDocContext#test_add_method_alias = 4.29 s
[ 1068/27128] TestRDocContext#test_methods_by_type = 4.27 s
[ 1069/27128] TestRDocContext#test_add_method = 4.26 s
[ 1070/27128] TestRDocContext#test_each_method_enumerator = 4.27 s
[ 1071/27128] TestRDocContext#test_find_class_method_named = 4.25 s
[ 1072/27128] TestRDocContext#test_remove_invisible_public_force = 4.30 s
[ 1073/27128] TestRDocContext#test_sort_sections = 4.76 s
[ 1074/27128] TestRDocContext#test_methods_matching = 4.49 s
[ 1075/27128] TestRDocContext#test_add_to_done_documenting = 4.55 s
[ 1076/27128] TestRDocContext#test_add_alias_method_attr = 4.42 s
[ 1077/27128] TestRDocContext#test_section_contents_only_default = 4.53 s
[ 1078/27128] TestRDocContext#test_visibility_def = 4.52 s
[ 1079/27128] TestRDocContext#test_remove_invisible_protected = 4.54 s
[ 1080/27128] TestRDocContext#test_add_to_temporary_section = 4.24 s
[ 1081/27128] TestRDocContext#test_section_contents_unused = 4.25 s
[ 1082/27128] TestRDocContext#test_find_enclosing_module_named = 4.31 s
[ 1083/27128] TestRDocContext#test_find_method = 4.75 s
[ 1084/27128] TestRDocContext#test_find_symbol_module = 4.50 s
[ 1085/27128] TestRDocContext#test_remove_invisible_in_public = 4.43 s
[ 1086/27128] TestRDocContext#test_add_extend = 4.50 s
[ 1087/27128] TestRDocContext#test_section_contents_no_default = 4.42 s
[ 1088/27128] TestRDocContext#test_remove_invisible_private = 4.48 s
[ 1089/27128] TestRDocContext#test_add_class_object = 4.51 s
[ 1090/27128] TestRDocContext#test_current_section = 4.22 s
[ 1091/27128] TestRDocContext#test_add_require = 4.26 s
[ 1092/27128] TestRDocContext#test_add_alias = 4.60 s
[ 1093/27128] TestRDocContext#test_find_symbol = 4.48 s
[ 1094/27128] TestRDocContext#test_find_constant_named = 4.40 s
[ 1095/27128] TestRDocContext#test_add_alias_method_singleton = 4.47 s
[ 1096/27128] TestRDocContext#test_methods_by_type_section = 4.42 s
[ 1097/27128] TestRDocContext#test_add_module_alias = 4.53 s
[ 1098/27128] TestRDocContext#test_remove_invisible_in_protected = 4.52 s
[ 1099/27128] TestRDocContext#test_add_to_no_document_self = 4.23 s
[ 1100/27128] TestRDocContext#test_add_class = 4.23 s
[ 1101/27128] TestRDocContext#test_each_section_enumerator = 4.22 s
[ 1102/27128] TestRDocContext#test_add_to = 4.65 s
[ 1103/27128] TestRDocContext#test_add_module_class = 4.48 s
[ 1104/27128] TestRDocContext#test_find_attribute_named = 4.41 s
[ 1105/27128] TestRDocContext#test_each_section = 4.48 s
[ 1106/27128] TestRDocContext#test_add_class_upgrade = 4.43 s
[ 1107/27128] TestRDocContext#test_each_section_only_display = 4.49 s
[ 1108/27128] TestRDocContext#test_add = 4.45 s
[ 1109/27128] TestRDocContext#test_add_module = 4.28 s
[ 1110/27128] TestRDocContext#test_sort_sections_tomdoc_missing = 4.27 s
[ 1111/27128] TestRDocContext#test_add_module_alias_top_level = 4.60 s
[ 1112/27128] TestRDocContext#test_sort_sections_tomdoc = 4.47 s
[ 1113/27128] TestRDocContext#test_add_method_duplicate = 4.53 s
[ 1114/27128] TestRDocContext#test_fully_documented_eh = 4.49 s
[ 1115/27128] TestRDocContext#test_spaceship = 4.40 s
[ 1116/27128] TestRDocContext#test_initialize = 4.49 s
[ 1117/27128] TestRDocContext#test_find_module_named = 4.49 s
[ 1118/27128] TestRDocContext#test_find_file_named = 4.22 s
[ 1119/27128] TestRDocContext#test_add_class_singleton = 4.23 s
[ 1120/27128] TestRDocContext#test_add_section_no_comment = 4.26 s
[ 1121/27128] TestRDocContext#test_add_alias_method = 4.68 s
[ 1122/27128] TestRDocContext#test_add_class_superclass = 4.49 s
[ 1123/27128] TestRDocContext#test_find_local_symbol = 4.42 s
[ 1124/27128] TestRDocContext#test_find_instance_method_named = 4.46 s
[ 1125/27128] TestRDocContext#test_add_constant = 4.39 s
[ 1126/27128] TestRDocContext#test_methods_matching_singleton = 4.53 s
[ 1127/27128] TestRDocContext#test_find_symbol_method = 4.23 s
[ 1128/27128] TestRDocContext#test_add_class_basic_object = 4.23 s
[ 1129/27128] TestRDocContext#test_classes = 4.22 s
[ 1130/27128] TestRDocContext#test_remove_invisible_in_public_force = 4.50 s
[ 1131/27128] TestRDocContext#test_equals2 = 4.53 s
[ 1132/27128] TestRDocContext#test_add_method_duplicate_loading = 4.47 s
[ 1133/27128] TestRDocContext#test_remove_invisible_nodoc = 4.48 s
[ 1134/27128] TestRDocContext#test_remove_invisible_in_protected_force = 4.45 s
[ 1135/27128] TestRDocContext#test_methods_matching_inherit = 4.49 s
[ 1136/27128] TestRDocContext#test_defined_in_eh = 4.50 s
[ 1137/27128] TestRDocContext#test_remove_invisible_public = 4.24 s
[ 1138/27128] TestRDocContext#test_section_contents = 4.23 s
[ 1139/27128] TestRDocContext#test_set_current_section = 4.23 s
[ 1140/27128] TestRDocContext#test_add_include = 4.62 s
[ 1141/27128] TestRDocContext#test_find_method_named = 4.42 s
[ 1142/27128] TestIRB::NestingParserTest#test_ruby_syntax = 1.47 s
[ 1143/27128] TestIRB::NestingParserTest#test_oneliner_def = 1.11 s
[ 1144/27128] TestIRB::NestingParserTest#test_for_in = 0.50 s
[ 1145/27128] TestIRB::NestingParserTest#test_open_tokens = 0.15 s
[ 1146/27128] TestIRB::NestingParserTest#test_while_until = 0.86 s
[ 1147/27128] TestIRB::NestingParserTest#test_undef_alias = 0.58 s
[ 1148/27128] TestIRB::NestingParserTest#test_case_in = 0.10 s
[ 1149/27128] TestIRB::NestingParserTest#test_heredoc_embexpr = 0.22 s
[ 1150/27128] TestIRB::NestingParserTest#test_multiline_string = 0.05 s
[ 1151/27128] TestIRB::NestingParserTest#test_backslash_continued_nested_symbol = 0.13 s
[ 1152/27128] TestIRB::NestingParserTest#test_parse_by_line = 0.10 s
[ 1153/27128] TestGemCommandsLockCommand#test_execute = 1.20 s
[ 1154/27128] TestGemCommandsLockCommand#test_execute_missing_dependency = 1.18 s
[ 1155/27128] TestGemCommandsLockCommand#test_execute_strict = 1.14 s
[ 1156/27128] TestGemPackageOld#test_verify = 0.82 s
[ 1157/27128] TestGemPackageOld#test_spec = 0.80 s
[ 1158/27128] TestGemPackageOld#test_spec_security_policy = 0.81 s
[ 1159/27128] TestGemPackageOld#test_contents_security_policy = 0.80 s
[ 1160/27128] TestGemPackageOld#test_contents = 0.81 s
[ 1161/27128] TestGemPackageOld#test_extract_files = 0.80 s
[ 1162/27128] TestGemPackageOld#test_extract_files_security_policy = 0.80 s
[ 1163/27128] TestRDocRdInlineParser#test_parse_verb = 0.05 s
[ 1164/27128] TestRDocRdInlineParser#test_parse_ref_substitute_multi_content3 = 0.10 s
[ 1165/27128] TestRDocRdInlineParser#test_parse_ref_quote_content = 0.06 s
[ 1166/27128] TestRDocRdInlineParser#test_parse_ref_substitute_quote = 0.07 s
[ 1167/27128] TestRDocRdInlineParser#test_parse_var = 0.04 s
[ 1168/27128] TestRDocRdInlineParser#test_parse_footnote = 0.05 s
[ 1169/27128] TestRDocRdInlineParser#test_parse_verb_emphasis = 0.05 s
[ 1170/27128] TestRDocRdInlineParser#test_parse_verb_backslash_backslash = 0.05 s
[ 1171/27128] TestRDocRdInlineParser#test_parse_index = 0.04 s
[ 1172/27128] TestRDocRdInlineParser#test_parse_kbd = 0.04 s
[ 1173/27128] TestRDocRdInlineParser#test_parse_ref_substitute_url = 0.07 s
[ 1174/27128] TestRDocRdInlineParser#test_parse_ref_substitute_filename_quote = 0.06 s
[ 1175/27128] TestRDocRdInlineParser#test_parse_ref_substitute_multi_content = 0.07 s
[ 1176/27128] TestRDocRdInlineParser#test_parse = 0.05 s
[ 1177/27128] TestRDocRdInlineParser#test_parse_verb_multiple = 0.05 s
[ 1178/27128] TestRDocRdInlineParser#test_parse_ref_quote_content_multi = 0.08 s
[ 1179/27128] TestRDocRdInlineParser#test_parse_newline = 0.04 s
[ 1180/27128] TestRDocRdInlineParser#test_parse_ref = 0.04 s
[ 1181/27128] TestRDocRdInlineParser#test_parse_ref_substitute_filename = 0.05 s
[ 1182/27128] TestRDocRdInlineParser#test_parse_ref_filename_quote = 0.06 s
[ 1183/27128] TestRDocRdInlineParser#test_parse_verb_backslash_quote = 0.05 s
[ 1184/27128] TestRDocRdInlineParser#test_parse_em = 0.04 s
[ 1185/27128] TestRDocRdInlineParser#test_parse_ref_substitute_quote_content = 0.06 s
[ 1186/27128] TestRDocRdInlineParser#test_parse_multiple = 0.06 s
[ 1187/27128] TestRDocRdInlineParser#test_parse_verb_backslash = 0.05 s
[ 1188/27128] TestRDocRdInlineParser#test_parse_ref_url = 0.06 s
[ 1189/27128] TestRDocRdInlineParser#test_parse_ref_substitute_element_quote = 0.06 s
[ 1190/27128] TestRDocRdInlineParser#test_parse_ref_em = 0.05 s
[ 1191/27128] TestRDocRdInlineParser#test_parse_code = 0.04 s
[ 1192/27128] TestRDocRdInlineParser#test_parse_ref_filename = 0.04 s
[ 1193/27128] TestRDocRdInlineParser#test_parse_ref_quote = 0.06 s
[ 1194/27128] TestRDocRdInlineParser#test_parse_quote = 0.05 s
[ 1195/27128] TestRDocRdInlineParser#test_parse_ref_substitute = 0.05 s
[ 1196/27128] TestRDocRdInlineParser#test_parse_ref_substitute_multi_content2 = 0.09 s
[ 1197/27128] TestRDocRdInlineParser#test_parse_ref_substitute_filename_label = 0.06 s
[ 1198/27128] TestGemResolverAPISet#test_find_all_not_found = 0.76 s
[ 1199/27128] TestGemResolverAPISet#test_initialize_uri = 0.58 s
[ 1200/27128] TestGemResolverAPISet#test_initialize_deeper_uri = 0.51 s
[ 1201/27128] TestGemResolverAPISet#test_find_all = 0.71 s
[ 1202/27128] TestGemResolverAPISet#test_prefetch = 0.75 s
[ 1203/27128] TestGemResolverAPISet#test_find_all_cache = 0.74 s
[ 1204/27128] TestGemResolverAPISet#test_prefetch_cache_missing = 0.72 s
[ 1205/27128] TestGemResolverAPISet#test_find_all_prereleases = 0.76 s
[ 1206/27128] TestGemResolverAPISet#test_find_all_local = 0.56 s
[ 1207/27128] TestGemResolverAPISet#test_find_all_missing = 0.65 s
[ 1208/27128] TestGemResolverAPISet#test_prefetch_cache = 0.72 s
[ 1209/27128] TestGemResolverAPISet#test_initialize = 0.58 s
[ 1210/27128] TestGemResolverAPISet#test_prefetch_local = 0.65 s
[ 1211/27128] TestProfileFrames#test_profile_thread_frames = 0.15 s
[ 1212/27128] TestProfileFrames#test_ifunc_frame = 7.46 s
[ 1213/27128] TestProfileFrames#test_profile_frames = 0.14 s
[ 1214/27128] TestProfileFrames#test_matches_backtrace_locations_main_thread = 0.15 s
[ 1215/27128] TestProfileFrames#test_start = 0.03 s
[ 1216/27128] Prism::NewlineTest#"test_newline_test.rb" = 0.81 s
[ 1217/27128] Prism::NewlineTest#"test_result/integer_parse_test.rb" = 0.26 s
[ 1218/27128] Prism::NewlineTest#"test_result/static_inspect_test.rb" = 0.50 s
[ 1219/27128] Prism::NewlineTest#"test_ruby/ripper_test.rb" = 0.17 s
[ 1220/27128] Prism::NewlineTest#"test_api/parse_stream_test.rb" = 0.43 s
[ 1221/27128] Prism::NewlineTest#"test_ruby/location_test.rb" = 1.58 s
[ 1222/27128] Prism::NewlineTest#"test_encoding/symbol_encoding_test.rb" = 0.60 s
[ 1223/27128] Prism::NewlineTest#"test_fixtures_test.rb" = 0.11 s
[ 1224/27128] Prism::NewlineTest#"test_api/command_line_test.rb" = 0.57 s
[ 1225/27128] Prism::NewlineTest#"test_ruby/compiler_test.rb" = 0.16 s
[ 1226/27128] Prism::NewlineTest#"test_ruby/pattern_test.rb" = 0.67 s
[ 1227/27128] Prism::NewlineTest#"test_library_symbols_test.rb" = 0.61 s
[ 1228/27128] Prism::NewlineTest#"test_api/parse_comments_test.rb" = 0.16 s
[ 1229/27128] Prism::NewlineTest#"test_ruby/desugar_compiler_test.rb" = 0.49 s
[ 1230/27128] Prism::NewlineTest#"test_bom_test.rb" = 0.25 s
[ 1231/27128] Prism::NewlineTest#"test_result/attribute_write_test.rb" = 0.23 s
[ 1232/27128] Prism::NewlineTest#"test_api/dump_test.rb" = 0.55 s
[ 1233/27128] Prism::NewlineTest#"test_ruby/dispatcher_test.rb" = 0.21 s
[ 1234/27128] Prism::NewlineTest#"test_result/numeric_value_test.rb" = 0.16 s
[ 1235/27128] Prism::NewlineTest#"test_result/comments_test.rb" = 0.81 s
[ 1236/27128] Prism::NewlineTest#"test_result/constant_path_node_test.rb" = 0.32 s
[ 1237/27128] Prism::NewlineTest#"test_ruby/string_query_test.rb" = 0.48 s
[ 1238/27128] Prism::NewlineTest#"test_result/index_write_test.rb" = 0.22 s
[ 1239/27128] Prism::NewlineTest#"test_snippets_test.rb" = 0.18 s
[ 1240/27128] Prism::NewlineTest#"test_result/node_id_test.rb" = 0.14 s
[ 1241/27128] Prism::NewlineTest#"test_magic_comment_test.rb" = 0.53 s
[ 1242/27128] Prism::NewlineTest#"test_encoding/encodings_test.rb" = 0.61 s
[ 1243/27128] Prism::NewlineTest#"test_result/equality_test.rb" = 0.14 s
[ 1244/27128] Prism::NewlineTest#"test_result/heredoc_test.rb" = 0.11 s
[ 1245/27128] Prism::NewlineTest#"test_api/parse_test.rb" = 0.93 s
[ 1246/27128] Prism::NewlineTest#"test_result/implicit_array_test.rb" = 0.26 s
[ 1247/27128] Prism::NewlineTest#"test_result/regular_expression_options_test.rb" = 0.27 s
[ 1248/27128] Prism::NewlineTest#"test_onigmo_test.rb" = 0.31 s
[ 1249/27128] Prism::NewlineTest#"test_fuzzer_test.rb" = 0.29 s
[ 1250/27128] Prism::NewlineTest#"test_result/integer_base_flags_test.rb" = 0.22 s
[ 1251/27128] Prism::NewlineTest#"test_result/overlap_test.rb" = 0.20 s
[ 1252/27128] Prism::NewlineTest#"test_api/lex_test.rb" = 0.11 s
[ 1253/27128] Prism::NewlineTest#"test_newline_offsets_test.rb" = 0.13 s
[ 1254/27128] Prism::NewlineTest#"test_version_test.rb" = 0.05 s
[ 1255/27128] Prism::NewlineTest#"test_api/parse_success_test.rb" = 0.07 s
[ 1256/27128] Prism::NewlineTest#"test_ruby/relocation_test.rb" = 1.18 s
[ 1257/27128] Prism::NewlineTest#"test_result/source_location_test.rb" = 5.95 s
[ 1258/27128] Prism::NewlineTest#"test_ruby/reflection_test.rb" = 0.22 s
[ 1259/27128] Prism::NewlineTest#"test_percent_delimiter_string_test.rb" = 0.39 s
[ 1260/27128] Prism::NewlineTest#"test_ruby/parameters_signature_test.rb" = 0.55 s
[ 1261/27128] Prism::NewlineTest#"test_lex_test.rb" = 0.38 s
[ 1262/27128] Prism::NewlineTest#"test_ruby/tunnel_test.rb" = 0.14 s
[ 1263/27128] Prism::NewlineTest#"test_heredoc_dedent_test.rb" = 0.56 s
[ 1264/27128] CGIMultipartTest#test_cgi_multipart_badbody = 0.30 s
[ 1265/27128] CGIMultipartTest#test_cgi_multipart_maxmultipartlength = 0.08 s
[ 1266/27128] CGIMultipartTest#test_cgi_multipart_stringio = 0.32 s
[ 1267/27128] CGIMultipartTest#test_cgi_multipart_tempfile = 0.29 s
[ 1268/27128] CGIMultipartTest#test_cgi_multipart_without_tempfile = 3.07 s
[ 1269/27128] CGIMultipartTest#test_cgi_multipart_maxmultipartcount = 3.31 s
[ 1270/27128] CGIMultipartTest#test_cgi_multipart_boundary_10240 = 0.13 s
[ 1271/27128] CGIMultipartTest#test_cgi_multipart_quoteboundary = 0.28 s
[ 1272/27128] CGIMultipartTest#test_cgi_multipart_maxmultipartlength_lambda = 0.09 s
[ 1273/27128] Reline::LineEditor::StringProcessingTest#test_calculate_width_with_escape_sequence = 0
.32 s
[ 1274/27128] Reline::LineEditor::StringProcessingTest#test_calculate_width = 0.45 s
[ 1275/27128] Reline::LineEditor::StringProcessingTest#test_completion_proc_with_preposing_and_postp
osing = 0.47 s
[ 1276/27128] TestRDocMarkup#test_convert = 0.24 s
[ 1277/27128] TestRDocMarkup#test_convert_custom_markup = 0.07 s
[ 1278/27128] TestRDocMarkup#test_class_parse = 0.03 s
[ 1279/27128] TestRDocMarkup#test_convert_document = 0.14 s
[ 1280/27128] TestTRICK2018#test_02_mame = 5.31 s
[ 1281/27128] TestTRICK2018#test_05_tompng = 1.79 s
[ 1282/27128] TestTRICK2018#test_01_kinaba = 2.30 s
[ 1283/27128] TestTRICK2018#test_03_tompng = 2.64 s
[ 1284/27128] TestTRICK2018#test_04_colin = 2.32 s
[ 1285/27128] TestGemCommandsUninstallCommand#test_execute_removes_executable = 0.99 s
[ 1286/27128] TestGemCommandsUninstallCommand#test_execute_does_not_error_on_shadowed_default_gems =
 1.12 s
[ 1287/27128] TestGemCommandsUninstallCommand#test_execute_with_gem_uninstall_error = 0.98 s
[ 1288/27128] TestGemCommandsUninstallCommand#test_execute_does_not_remove_default_gem_executables =
 1.36 s
[ 1289/27128] TestGemCommandsUninstallCommand#test_uninstall_selection_multiple_gems = 1.66 s
[ 1290/27128] TestGemCommandsUninstallCommand#test_execute_with_force_and_without_version_uninstalls
_everything = 0.99 s
[ 1291/27128] TestGemCommandsUninstallCommand#test_execute_with_version_specified_as_colon = 0.98 s
[ 1292/27128] TestGemCommandsUninstallCommand#test_execute_all = 1.60 s
[ 1293/27128] TestGemCommandsUninstallCommand#test_execute_with_gem_not_installed = 0.60 s
[ 1294/27128] TestGemCommandsUninstallCommand#test_execute_dependency_order = 0.91 s
[ 1295/27128] TestGemCommandsUninstallCommand#test_execute_with_force_ignores_dependencies = 0.98 s
[ 1296/27128] TestGemCommandsUninstallCommand#test_uninstall_selection = 1.66 s
[ 1297/27128] TestGemCommandsUninstallCommand#test_handle_options = 1.09 s
[ 1298/27128] TestGemCommandsUninstallCommand#test_execute_removes_formatted_executable = 0.91 s
[ 1299/27128] TestGemCommandsUninstallCommand#test_execute_all_named = 0.98 s
[ 1300/27128] TestGemCommandsUninstallCommand#test_execute_outside_gem_home = 1.00 s
[ 1301/27128] TestGemCommandsUninstallCommand#test_execute_prerelease = 0.89 s
[ 1302/27128] TestGemCommandsUninstallCommand#test_execute_two_version = 0.58 s
[ 1303/27128] TestGemCommandsUninstallCommand#test_handle_options_vendor = 1.02 s
[ 1304/27128] TestGemCommandsUninstallCommand#test_execute_all_named_default_multiple = 1.10 s
[ 1305/27128] TestGemCommandsUninstallCommand#test_execute_all_named_default_single = 0.89 s
[ 1306/27128] TestGemCommandsUninstallCommand#test_execute_with_version_leaves_non_matching_versions
 = 1.00 s
[ 1307/27128] TestGemCommandsUninstallCommand#test_execute_with_multiple_version_specified_as_colon
= 1.01 s
[ 1308/27128] TestGemCommandsUninstallCommand#test_handle_options_vendor_missing = 1.12 s
[ 1309/27128] TestGemCommandsUninstallCommand#test_execute_outside_gem_home_when_install_dir_given =
 0.88 s
[ 1310/27128] Test_Integer#test_positive_pow = 8.87 s
[ 1311/27128] Test_Integer#test_fixnum_range = 0.02 s
[ 1312/27128] OpenSSL::TestKDF#test_pbkdf2_hmac_sha1_rfc6070_c_4096_len_16 = 0.15 s
[ 1313/27128] OpenSSL::TestKDF#test_scrypt_rfc7914_second = 1.35 s
[ 1314/27128] OpenSSL::TestKDF#test_pbkdf2_hmac_sha256_c_20000_len_32 = 1.85 s
[ 1315/27128] OpenSSL::TestKDF#test_pkcs5_pbkdf2_hmac_compatibility = 0.02 s
[ 1316/27128] OpenSSL::TestKDF#test_hkdf_rfc5869_test_case_4 = 0.02 s
[ 1317/27128] OpenSSL::TestKDF#test_pbkdf2_hmac_sha1_rfc6070_c_4096_len_25 = 0.25 s
[ 1318/27128] OpenSSL::TestKDF#test_pbkdf2_hmac_sha1_rfc6070_c_1_len_20 = 0.01 s
[ 1319/27128] OpenSSL::TestKDF#test_pbkdf2_hmac_sha1_rfc6070_c_4096_len_20 = 0.13 s
[ 1320/27128] OpenSSL::TestKDF#test_hkdf_rfc5869_test_case_1 = 0.02 s
[ 1321/27128] OpenSSL::TestKDF#test_scrypt_rfc7914_first = 0.01 s
[ 1322/27128] OpenSSL::TestKDF#test_hkdf_rfc5869_test_case_3 = 0.01 s
[ 1323/27128] OpenSSL::TestKDF#test_pbkdf2_hmac_sha1_rfc6070_c_2_len_20 = 0.01 s
[ 1324/27128] TestGemConfig#test_good_rake_path_is_escaped = 0.62 s
[ 1325/27128] TestGemConfig#test_datadir = 1.85 s
[ 1326/27128] TestGemConfig#test_bad_rake_path_is_escaped = 0.88 s
[ 1327/27128] TestKeywordArguments#test_gced_object_in_stack = 23.40 s
[ 1328/27128] TestKeywordArguments#test_non_keyword_hash_subclass = 0.03 s
[ 1329/27128] TestKeywordArguments#test_do_not_use_newarraykwsplat = 0.01 s
[ 1330/27128] TestKeywordArguments#test_anon_splat_ruby2_keywords = 0.02 s
[ 1331/27128] TestKeywordArguments#test_ruby2_keywords_bug_20679 = 0.01 s
[ 1332/27128] TestKeywordArguments#test_required_keyword_with_newline = 0.03 s
[ 1333/27128] TestKeywordArguments#test_unknown_keyword_with_block = 0.04 s
[ 1334/27128] TestKeywordArguments#test_method_missing_kwsplat = 0.34 s
[ 1335/27128] TestKeywordArguments#test_zsuper_only_anonymous_kwrest = 0.01 s
[ 1336/27128] TestKeywordArguments#test_p5 = 0.03 s
[ 1337/27128] TestKeywordArguments#test_define_method_method_kwsplat = 0.40 s
[ 1338/27128] TestKeywordArguments#test_Fiber_resume_kwsplat = 0.12 s
[ 1339/27128] TestKeywordArguments#test_p3 = 0.02 s
[ 1340/27128] TestKeywordArguments#test_explicit_super_kwsplat = 0.35 s
[ 1341/27128] TestKeywordArguments#test_p1 = 0.04 s
[ 1342/27128] TestKeywordArguments#test_kwrest_overwritten = 0.03 s
[ 1343/27128] TestKeywordArguments#test_splat_hash_conversion = 0.01 s
[ 1344/27128] TestKeywordArguments#test_top_ruby2_keywords = 2.27 s
[ 1345/27128] TestKeywordArguments#test_precedence_of_keyword_arguments = 0.02 s
[ 1346/27128] TestKeywordArguments#test_anon_splat_ruby2_keywords_bug_20388 = 0.02 s
[ 1347/27128] TestKeywordArguments#test_keyword_splat_nil = 0.04 s
[ 1348/27128] TestKeywordArguments#test_UnboundMethod_bindcall_kwsplat_call = 0.36 s
[ 1349/27128] TestKeywordArguments#test_ruby2_keywords = 0.30 s
[ 1350/27128] TestKeywordArguments#test_splat_hash = 0.07 s
[ 1351/27128] TestKeywordArguments#test_unknown_keyword = 0.04 s
[ 1352/27128] TestKeywordArguments#test_f10 = 0.01 s
[ 1353/27128] TestKeywordArguments#test_f12 = 0.02 s
[ 1354/27128] TestKeywordArguments#test_super_with_keyword_kwrest = 0.01 s
[ 1355/27128] TestKeywordArguments#test_splat_empty_hash_with_block_passing = 0.02 s
[ 1356/27128] TestKeywordArguments#test_f9 = 0.01 s
[ 1357/27128] TestKeywordArguments#test_rb_call_super_kw_method_missing_kwsplat = 0.35 s
[ 1358/27128] TestKeywordArguments#test_keyword_no_split = 0.08 s
[ 1359/27128] TestKeywordArguments#test_attr_reader_kwsplat = 0.02 s
[ 1360/27128] TestKeywordArguments#test_define_method_kwsplat = 0.36 s
[ 1361/27128] TestKeywordArguments#test_f5 = 0.03 s
[ 1362/27128] TestKeywordArguments#test_f7 = 0.02 s
[ 1363/27128] TestKeywordArguments#test_f1 = 0.05 s
[ 1364/27128] TestKeywordArguments#test_dig_method_missing_kwsplat = 0.76 s
[ 1365/27128] TestKeywordArguments#test_splat_keyword_nondestructive = 0.01 s
[ 1366/27128] TestKeywordArguments#test_proc_ruby2_keywords = 0.08 s
[ 1367/27128] TestKeywordArguments#test_f3 = 0.04 s
[ 1368/27128] TestKeywordArguments#test_keyword_with_anonymous_keyword_splat = 0.02 s
[ 1369/27128] TestKeywordArguments#test_method_parameters = 0.03 s
[ 1370/27128] TestKeywordArguments#test_unset_hash_flag = 0.03 s
[ 1371/27128] TestKeywordArguments#test_Class_new_method_kwsplat_call = 0.46 s
[ 1372/27128] TestKeywordArguments#test_Enumerator_Yielder_yield_kwsplat = 0.34 s
[ 1373/27128] TestKeywordArguments#test_block_required_keyword = 0.19 s
[ 1374/27128] TestKeywordArguments#test_attr_writer_method_kwsplat = 0.04 s
[ 1375/27128] TestKeywordArguments#test_to_hash_call_during_setup_complex_parameters = 0.02 s
[ 1376/27128] TestKeywordArguments#test_send_kwsplat = 0.38 s
[ 1377/27128] TestKeywordArguments#test_nonsymbol_key = 0.01 s
[ 1378/27128] TestKeywordArguments#test_send_method_kwsplat = 0.77 s
[ 1379/27128] TestKeywordArguments#test_enumerator_size_kwsplat = 0.34 s
[ 1380/27128] TestKeywordArguments#test_precedence_of_keyword_arguments_with_post_argument = 0.02 s
[ 1381/27128] TestKeywordArguments#test_attr_reader_method_kwsplat = 0.02 s
[ 1382/27128] TestKeywordArguments#test_instance_exec_kwsplat = 0.32 s
[ 1383/27128] TestKeywordArguments#test_large_kwsplat_to_method_taking_kw_and_kwsplat = 69.06 s
[ 1384/27128] TestKeywordArguments#test_sym_proc_kwsplat = 0.98 s
[ 1385/27128] TestKeywordArguments#test_lambda_kwsplat_call = 0.27 s
[ 1386/27128] TestKeywordArguments#test_instance_exec_define_method_kwsplat = 0.59 s
[ 1387/27128] TestKeywordArguments#test_bare_kwrest = 0.03 s
[ 1388/27128] TestKeywordArguments#test_required_keyword_with_reserved = 0.02 s
[ 1389/27128] TestKeywordArguments#test_sym_proc_method_kwsplat = 0.30 s
[ 1390/27128] TestKeywordArguments#test_zsuper_only_named_kwrest = 0.02 s
[ 1391/27128] TestKeywordArguments#test_f8 = 0.01 s
[ 1392/27128] TestKeywordArguments#test_f13 = 0.02 s
[ 1393/27128] TestKeywordArguments#test_keyword_splat_to_non_keyword_method = 0.03 s
[ 1394/27128] TestKeywordArguments#test_f11 = 0.01 s
[ 1395/27128] TestKeywordArguments#test_required_keyword = 0.26 s
[ 1396/27128] TestKeywordArguments#test_f2 = 0.02 s
[ 1397/27128] TestKeywordArguments#test_super_with_keyword = 0.01 s
[ 1398/27128] TestKeywordArguments#test_f6 = 0.02 s
[ 1399/27128] TestKeywordArguments#test_lambda_method_kwsplat_call = 0.29 s
[ 1400/27128] TestKeywordArguments#test_lambda = 0.01 s
[ 1401/27128] TestKeywordArguments#test_proc_parameters = 0.02 s
[ 1402/27128] TestKeywordArguments#test_block = 0.01 s
[ 1403/27128] TestKeywordArguments#test_f4 = 0.04 s
[ 1404/27128] TestKeywordArguments#test_regular_kwsplat = 0.56 s
[ 1405/27128] TestKeywordArguments#test_Thread_new_kwsplat = 0.93 s
[ 1406/27128] TestKeywordArguments#test_attr_set_method_cache = 0.02 s
[ 1407/27128] TestKeywordArguments#test_dynamic_symbol_keyword = 9.64 s
[ 1408/27128] TestKeywordArguments#test_without_paren = 0.05 s
[ 1409/27128] TestKeywordArguments#test_super_method_missing_kwsplat = 0.38 s
[ 1410/27128] TestKeywordArguments#test_dig_kwsplat = 0.32 s
[ 1411/27128] TestKeywordArguments#test_rest_keyrest = 0.02 s
[ 1412/27128] TestKeywordArguments#test_attr_writer_kwsplat = 0.04 s
[ 1413/27128] TestKeywordArguments#test_keyword_splat_new = 0.42 s
[ 1414/27128] TestKeywordArguments#test_many_kwargs = 0.15 s
[ 1415/27128] TestKeywordArguments#test_no_implicit_hash_conversion = 0.03 s
[ 1416/27128] TestKeywordArguments#test_implicit_super_kwsplat = 0.37 s
[ 1417/27128] TestKeywordArguments#test_arity_error_message = 0.08 s
[ 1418/27128] TestKeywordArguments#test_Method_call_kwsplat_call = 0.38 s
[ 1419/27128] TestKeywordArguments#test_super_with_anon_restkeywords = 0.01 s
[ 1420/27128] TestKeywordArguments#test_public_send_kwsplat = 0.39 s
[ 1421/27128] TestKeywordArguments#test_Enumerator_Generator_each_kwsplat = 0.37 s
[ 1422/27128] TestKeywordArguments#test_p2 = 0.01 s
[ 1423/27128] TestKeywordArguments#test_instance_exec_sym_proc_kwsplat = 0.38 s
[ 1424/27128] TestKeywordArguments#test_Class_new_kwsplat_call = 0.73 s
[ 1425/27128] TestKeywordArguments#test_p4 = 0.03 s
[ 1426/27128] TestKeywordArguments#test_rb_yield_block_kwsplat = 0.38 s
[ 1427/27128] TestKeywordArguments#test_instance_exec_method_kwsplat = 0.47 s
[ 1428/27128] TestKeywordArguments#test_p6 = 0.02 s
[ 1429/27128] Test_StringExternalNew#test_external_new_with_enc = 0.11 s
[ 1430/27128] Test_StringExternalNew#test_buf_new = 0.01 s
[ 1431/27128] TestGemCommandsOpenCommand#test_default_gem = 0.85 s
[ 1432/27128] TestGemCommandsOpenCommand#test_wrong_version = 0.81 s
[ 1433/27128] TestGemCommandsOpenCommand#test_execute_bad_gem = 0.62 s
[ 1434/27128] TestGemCommandsOpenCommand#test_execute = 9.07 s
[ 1435/27128] TestGemSourceGit#test_checkout_submodules = 0.69 s
[ 1436/27128] TestGemSourceGit#test_root_dir = 0.56 s
[ 1437/27128] TestGemSourceGit#test_checkout = 0.55 s
[ 1438/27128] TestGemSourceGit#test_pretty_print = 0.54 s
[ 1439/27128] TestGemSourceGit#test_uri = 0.56 s
[ 1440/27128] TestGemSourceGit#test_rev_parse = 0.56 s
[ 1441/27128] TestGemSourceGit#test_cache = 0.56 s
[ 1442/27128] TestGemSourceGit#test_checkout_local = 0.56 s
[ 1443/27128] TestGemSourceGit#test_specs_local = 0.56 s
[ 1444/27128] TestGemSourceGit#test_spaceship = 0.56 s
[ 1445/27128] TestGemSourceGit#test_cache_local = 0.55 s
[ 1446/27128] TestGemSourceGit#test_install_dir_local = 0.55 s
[ 1447/27128] TestGemSourceGit#test_checkout_default = 0.56 s
[ 1448/27128] TestGemSourceGit#test_repo_cache_dir = 0.55 s
[ 1449/27128] TestGemSourceGit#test_specs = 0.55 s
[ 1450/27128] TestGemSourceGit#test_dir_shortref = 0.56 s
[ 1451/27128] TestGemSourceGit#test_base_dir = 0.56 s
[ 1452/27128] TestGemSourceGit#test_download = 0.55 s
[ 1453/27128] TestGemSourceGit#test_checkout_local_cached = 0.55 s
[ 1454/27128] TestGemSourceGit#test_equals2 = 0.55 s
[ 1455/27128] TestGemSourceGit#test_install_dir = 0.56 s
[ 1456/27128] TestGemSourceGit#test_uri_hash = 0.56 s
[ 1457/27128] TestThreadFdClose#test_thread_fd_close = 0.05 s
[ 1458/27128] TestFiberIOBuffer#test_write_nonblock = 0.07 s
[ 1459/27128] TestFiberIOBuffer#test_timeout_after = 0.18 s
[ 1460/27128] TestFiberIOBuffer#test_io_buffer_pread_pwrite = 0.07 s
[ 1461/27128] TestFiberIOBuffer#test_read_write_blocking = 0.07 s
[ 1462/27128] TestFiberIOBuffer#test_io_buffer_read_write = 0.03 s
[ 1463/27128] TestFiberIOBuffer#test_read_nonblock = 0.04 s
[ 1464/27128] TestRDocEncoding#test_class_detect_encoding = 0.06 s
[ 1465/27128] TestRDocEncoding#test_class_read_file_encoding_with_signature = 0.05 s
[ 1466/27128] TestRDocEncoding#test_class_read_file_encoding_invalid = 0.11 s
[ 1467/27128] TestRDocEncoding#test_class_read_file_encoding_iso_2022_jp = 0.05 s
[ 1468/27128] TestRDocEncoding#test_class_read_file_encoding_fancy = 0.05 s
[ 1469/27128] TestRDocEncoding#test_class_read_file = 0.04 s
[ 1470/27128] TestRDocEncoding#test_class_read_file_encoding_convert = 0.05 s
[ 1471/27128] TestRDocEncoding#test_class_read_file_encoding_guess = 0.04 s
[ 1472/27128] TestRDocEncoding#test_class_set_encoding_bad = 0.22 s
[ 1473/27128] TestRDocEncoding#test_class_read_file_encoding_force_transcode = 0.06 s
[ 1474/27128] TestRDocEncoding#test_class_read_file_encoding_fail = 0.11 s
[ 1475/27128] TestRDocEncoding#test_class_read_file_encoding = 0.04 s
[ 1476/27128] TestRDocEncoding#test_sanity = 0.04 s
[ 1477/27128] TestRational::TestGCD#test_gcd_gmp_brute_force = 0.02 s
[ 1478/27128] TestRational::TestGCD#test_gcd_gmp = 0.01 s
[ 1479/27128] TestRational::TestGCD#test_gcd_normal = 0.01 s
[ 1480/27128] TestNoMethodError#test_new_name_args = 0.02 s
[ 1481/27128] TestNoMethodError#test_new_name = 0.01 s
[ 1482/27128] TestNoMethodError#test_new_name_args_priv = 0.01 s
[ 1483/27128] TestNoMethodError#test_message_encoding = 0.03 s
[ 1484/27128] TestNoMethodError#test_to_s = 0.02 s
[ 1485/27128] TestNoMethodError#test_new_default = 0.01 s
[ 1486/27128] TestNoMethodError#test_new_receiver = 0.04 s
[ 1487/27128] TestNoMethodError#test_new_message = 0.01 s
[ 1488/27128] TestStruct::SubStruct#test_attrset_id = 0.02 s
[ 1489/27128] TestStruct::SubStruct#test_initialize_with_kw = 0.02 s
[ 1490/27128] TestStruct::SubStruct#test_deconstruct_keys = 0.02 s
[ 1491/27128] TestStruct::SubStruct#test_aset = 0.06 s
[ 1492/27128] TestStruct::SubStruct#test_each_pair = 0.01 s
[ 1493/27128] TestStruct::SubStruct#test_redefinition_warning = 0.02 s
[ 1494/27128] TestStruct::SubStruct#test_ref = 0.01 s
[ 1495/27128] TestStruct::SubStruct#test_public_send = 0.01 s
[ 1496/27128] TestStruct::SubStruct#test_dig = 0.01 s
[ 1497/27128] TestStruct::SubStruct#test_hash = 0.01 s
[ 1498/27128] TestStruct::SubStruct#test_to_h_block = 0.02 s
[ 1499/27128] TestStruct::SubStruct#test_big_struct = 0.03 s
[ 1500/27128] TestStruct::SubStruct#test_inherit = 0.01 s
[ 1501/27128] TestStruct::SubStruct#test_small_structs = 0.05 s
[ 1502/27128] TestStruct::SubStruct#test_eql = 0.02 s
[ 1503/27128] TestStruct::SubStruct#test_struct = 0.03 s
[ 1504/27128] TestStruct::SubStruct#test_keyword_args_warning = 0.07 s
[ 1505/27128] TestStruct::SubStruct#test_values_at = 0.02 s
[ 1506/27128] TestStruct::SubStruct#test_nonascii = 0.03 s
[ 1507/27128] TestStruct::SubStruct#test_larger_than_largest_pool = 0.15 s
[ 1508/27128] TestStruct::SubStruct#test_struct_new_with_keyword_init = 0.04 s
[ 1509/27128] TestStruct::SubStruct#test_inspect = 0.04 s
[ 1510/27128] TestStruct::SubStruct#test_comparison_when_recursive = 0.04 s
[ 1511/27128] TestStruct::SubStruct#test_to_h = 0.01 s
[ 1512/27128] TestStruct::SubStruct#test_parameters = 0.02 s
[ 1513/27128] TestStruct::SubStruct#test_equal = 0.02 s
[ 1514/27128] TestStruct::SubStruct#test_overridden_aref = 0.03 s
[ 1515/27128] TestStruct::SubStruct#test_set = 0.01 s
[ 1516/27128] TestStruct::SubStruct#test_bang_mark_in_member = 0.01 s
[ 1517/27128] TestStruct::SubStruct#test_struct_keyword_init_p = 0.02 s
[ 1518/27128] TestStruct::SubStruct#test_struct_new = 0.03 s
[ 1519/27128] TestStruct::SubStruct#test_new_duplicate = 0.02 s
[ 1520/27128] TestStruct::SubStruct#test_initialize = 0.02 s
[ 1521/27128] TestStruct::SubStruct#test_aref = 0.05 s
[ 1522/27128] TestStruct::SubStruct#test_setter_method_returns_value = 0.01 s
[ 1523/27128] TestStruct::SubStruct#test_struct_new_with_hash = 0.03 s
[ 1524/27128] TestStruct::SubStruct#test_members = 0.01 s
[ 1525/27128] TestStruct::SubStruct#test_struct_new_with_keyword_init_and_block = 0.01 s
[ 1526/27128] TestStruct::SubStruct#test_named_structs_are_not_rooted = 103.33 s
[ 1527/27128] TestStruct::SubStruct#test_arity = 0.02 s
[ 1528/27128] TestStruct::SubStruct#test_overridden_aset = 0.03 s
[ 1529/27128] TestStruct::SubStruct#test_init_copy = 0.01 s
[ 1530/27128] TestStruct::SubStruct#test_each = 0.01 s
[ 1531/27128] TestStruct::SubStruct#test_error = 0.01 s
[ 1532/27128] TestStruct::SubStruct#test_junk = 0.01 s
[ 1533/27128] TestStruct::SubStruct#test_filter = 0.02 s
[ 1534/27128] TestStruct::SubStruct#test_question_mark_in_member = 0.02 s
[ 1535/27128] TestStruct::SubStruct#test_morethan10members = 0.35 s
[ 1536/27128] TestStruct::SubStruct#test_size = 0.01 s
[ 1537/27128] TestStruct::SubStruct#test_select = 0.02 s
[ 1538/27128] TestIRB::BacktraceFilteringTest#test_backtrace_filtering = 0.05 s
[ 1539/27128] TestIRB::BacktraceFilteringTest#test_backtrace_filtering_with_backtrace_filter = 0.04
s
[ 1540/27128] TestRDocClassModule#test_update_includes_trim = 4.46 s
[ 1541/27128] TestRDocClassModule#test_find_class_named = 4.31 s
[ 1542/27128] TestRDocClassModule#test_from_module_comment = 4.39 s
[ 1543/27128] TestRDocClassModule#test_merge_comment_version_0 = 4.38 s
[ 1544/27128] TestRDocClassModule#test_update_includes = 4.37 s
[ 1545/27128] TestRDocClassModule#test_merge_attributes = 4.52 s
[ 1546/27128] TestRDocClassModule#test_superclass = 4.29 s
[ 1547/27128] TestRDocClassModule#test_update_includes_with_colons = 4.39 s
[ 1548/27128] TestRDocClassModule#test_update_aliases_module = 4.40 s
[ 1549/27128] TestRDocClassModule#test_add_comment_comment = 5.08 s
[ 1550/27128] TestRDocClassModule#test_merge_sections = 4.49 s
[ 1551/27128] TestRDocClassModule#test_update_extends_with_colons = 4.50 s
[ 1552/27128] TestRDocClassModule#test_parse_comment = 4.46 s
[ 1553/27128] TestRDocClassModule#test_parse_comment_location = 4.58 s
[ 1554/27128] TestRDocClassModule#test_merge = 5.02 s
[ 1555/27128] TestRDocClassModule#test_search_record_merged = 8.21 s
[ 1556/27128] TestRDocClassModule#test_comment_equals_comment = 7.84 s
[ 1557/27128] TestRDocClassModule#test_parse = 6.73 s
[ 1558/27128] TestRDocClassModule#test_add_comment_duplicate = 4.50 s
[ 1559/27128] TestRDocClassModule#test_marshal_load_version_1 = 4.58 s
[ 1560/27128] TestRDocClassModule#test_merge_collections_drop = 4.56 s
[ 1561/27128] TestRDocClassModule#test_marshal_load_version_3 = 4.88 s
[ 1562/27128] TestRDocClassModule#test_merge_includes = 4.37 s
[ 1563/27128] TestRDocClassModule#test_parse_comment_format = 4.42 s
[ 1564/27128] TestRDocClassModule#test_update_extends_trim = 4.29 s
[ 1565/27128] TestRDocClassModule#test_update_extends = 4.31 s
[ 1566/27128] TestRDocClassModule#test_merge_methods = 4.39 s
[ 1567/27128] TestRDocClassModule#test_add_comment = 4.37 s
[ 1568/27128] TestRDocClassModule#test_store_equals = 4.41 s
[ 1569/27128] TestRDocClassModule#test_marshal_load_version_2 = 4.46 s
[ 1570/27128] TestRDocClassModule#test_marshal_dump_visibility = 4.47 s
[ 1571/27128] TestRDocClassModule#test_update_aliases_reparent = 4.38 s
[ 1572/27128] TestRDocClassModule#test_marshal_load_version_0 = 4.43 s
[ 1573/27128] TestRDocClassModule#test_merge_constants_version_0 = 4.44 s
[ 1574/27128] TestRDocClassModule#test_merge_extends = 4.48 s
[ 1575/27128] TestRDocClassModule#test_comment_equals = 4.45 s
[ 1576/27128] TestRDocClassModule#test_merge_sections_overlap = 4.45 s
[ 1577/27128] TestRDocClassModule#test_search_record = 4.39 s
[ 1578/27128] TestRDocClassModule#test_update_aliases_class = 4.33 s
[ 1579/27128] TestRDocClassModule#test_update_aliases_reparent_root = 4.37 s
[ 1580/27128] TestRDocClassModule#test_documented_eh = 4.36 s
[ 1581/27128] TestRDocClassModule#test_each_ancestor_cycle = 4.36 s
[ 1582/27128] TestRDocClassModule#test_ancestors = 5.05 s
[ 1583/27128] TestRDocClassModule#test_merge_methods_version_0 = 4.65 s
[ 1584/27128] TestRDocClassModule#test_document_self_or_methods = 4.58 s
[ 1585/27128] TestRDocClassModule#test_merge_includes_version_0 = 4.63 s
[ 1586/27128] TestRDocClassModule#test_merge_attributes_version_0 = 4.55 s
[ 1587/27128] TestRDocClassModule#test_add_comment_stopdoc = 4.53 s
[ 1588/27128] TestRDocClassModule#test_remove_nodoc_children = 4.56 s
[ 1589/27128] TestRDocClassModule#test_marshal_dump = 4.58 s
[ 1590/27128] TestRDocClassModule#test_merge_constants = 4.47 s
[ 1591/27128] TestRDocClassModule#test_setting_superclass = 4.46 s
[ 1592/27128] TestRDocClassModule#test_each_ancestor = 4.38 s
[ 1593/27128] TestRDocClassModule#test_super_classes = 4.38 s
[ 1594/27128] TestRDocClassModule#test_merge_comment = 4.53 s
[ 1595/27128] OpenSSL::TestTimestamp#test_request_mandatory_fields = 0.02 s
[ 1596/27128] OpenSSL::TestTimestamp#test_response_creation = 1.40 s
[ 1597/27128] OpenSSL::TestTimestamp#test_response_mandatory_fields = 1.25 s
[ 1598/27128] OpenSSL::TestTimestamp#test_verify_ee_cert_inclusion_not_requested = 1.22 s
[ 1599/27128] OpenSSL::TestTimestamp#test_verify_ee_intermediate = 1.21 s
[ 1600/27128] OpenSSL::TestTimestamp#test_reusable = 1.26 s
[ 1601/27128] OpenSSL::TestTimestamp#test_verify_direct_no_cert_no_intermediate = 0.98 s
[ 1602/27128] OpenSSL::TestTimestamp#test_token_info_creation = 1.22 s
[ 1603/27128] OpenSSL::TestTimestamp#test_response_default_policy = 1.22 s
[ 1604/27128] OpenSSL::TestTimestamp#test_request_serialization = 0.02 s
[ 1605/27128] OpenSSL::TestTimestamp#test_token_info_invalid_asn1 = 0.01 s
[ 1606/27128] OpenSSL::TestTimestamp#test_verify_ee_nonce_mismatch = 1.22 s
[ 1607/27128] OpenSSL::TestTimestamp#test_request_assignment = 0.04 s
[ 1608/27128] OpenSSL::TestTimestamp#test_response_no_policy_defined = 1.18 s
[ 1609/27128] OpenSSL::TestTimestamp#test_verify_direct_redundant_untrusted = 1.01 s
[ 1610/27128] OpenSSL::TestTimestamp#test_request_re_assignment = 0.01 s
[ 1611/27128] OpenSSL::TestTimestamp#test_verify_ee_wrong_root_wrong_intermediate = 1.21 s
[ 1612/27128] OpenSSL::TestTimestamp#test_verify_ee_additional_certs_array = 1.31 s
[ 1613/27128] OpenSSL::TestTimestamp#test_verify_ee_no_cert = 1.22 s
[ 1614/27128] OpenSSL::TestTimestamp#test_verify_ee_intermediate_type_error = 1.21 s
[ 1615/27128] OpenSSL::TestTimestamp#test_no_cert_requested = 1.21 s
[ 1616/27128] OpenSSL::TestTimestamp#test_response_allowed_digests = 1.23 s
[ 1617/27128] OpenSSL::TestTimestamp#test_verify_ee_no_cert_no_intermediate = 1.21 s
[ 1618/27128] OpenSSL::TestTimestamp#test_verify_ee_def_policy = 1.21 s
[ 1619/27128] OpenSSL::TestTimestamp#test_response_failure_info = 0.01 s
[ 1620/27128] OpenSSL::TestTimestamp#test_response_bad_purpose = 1.14 s
[ 1621/27128] OpenSSL::TestTimestamp#test_request_invalid_asn1 = 0.01 s
[ 1622/27128] OpenSSL::TestTimestamp#test_verify_ee_additional_certs_with_root = 1.29 s
[ 1623/27128] OpenSSL::TestTimestamp#test_response_invalid_asn1 = 0.01 s
[ 1624/27128] OpenSSL::TestTimestamp#test_verify_ee_no_store = 1.21 s
[ 1625/27128] OpenSSL::TestTimestamp#test_verify_ee_intermediate_missing = 1.21 s
[ 1626/27128] OpenSSL::TestTimestamp#test_verify_direct_wrong_root = 1.52 s
[ 1627/27128] OpenSSL::TestTimestamp#test_request_encode_decode = 0.03 s
[ 1628/27128] OpenSSL::TestTimestamp#test_verify_ee_no_req = 1.20 s
[ 1629/27128] OpenSSL::TestTimestamp#test_verify_ee_wrong_root_no_intermediate = 1.20 s
[ 1630/27128] OpenSSL::TestTimestamp#test_verify_direct_unrelated_untrusted = 1.53 s
[ 1631/27128] OpenSSL::TestTimestamp#test_verify_direct = 0.98 s
[ 1632/27128] OpenSSL::TestTimestamp#test_response_constants = 0.01 s
[ 1633/27128] TC_IPAddr#test_reverse = 0.04 s
[ 1634/27128] TC_IPAddr#test_s_new_ntoh = 0.06 s
[ 1635/27128] TC_IPAddr#test_to_range = 0.06 s
[ 1636/27128] TC_IPAddr#test_as_json = 0.06 s
[ 1637/27128] TC_IPAddr#test_ip6_int = 0.03 s
[ 1638/27128] TC_IPAddr#test_zone_id = 0.03 s
[ 1639/27128] TC_IPAddr#test_netmask = 0.02 s
[ 1640/27128] TC_IPAddr#test_ntop = 0.03 s
[ 1641/27128] TC_IPAddr#test_to_s = 0.03 s
[ 1642/27128] TC_IPAddr#test_s_new = 1.92 s
[ 1643/27128] TC_IPAddr#test_wildcard_mask = 0.05 s
[ 1644/27128] TC_IPAddr#test_ipv4_mapped = 0.04 s
[ 1645/27128] TC_IPAddr#test_ip6_arpa = 0.03 s
[ 1646/27128] TC_IPAddr#test_to_json = 0.06 s
[ 1647/27128] TC_IPAddr#test_prefix_writer = 0.07 s
[ 1648/27128] TC_IPAddr#test_ipv4_compat = 0.06 s
[ 1649/27128] Bug::Test_ExceptionAT#test_exception_at_throwing = 9.01 s
[ 1650/27128] Random::Formatter::TestClassMethods#test_base64 = 0.04 s
[ 1651/27128] Random::Formatter::TestClassMethods#test_uuid_v7 = 0.28 s
[ 1652/27128] Random::Formatter::TestClassMethods#test_hex_encoding = 0.01 s
[ 1653/27128] Random::Formatter::TestClassMethods#test_random_number_float_by_zero = 0.19 s
[ 1654/27128] Random::Formatter::TestClassMethods#test_alphanumeric_chars = 0.13 s
[ 1655/27128] Random::Formatter::TestClassMethods#test_alphanumeric = 0.49 s
[ 1656/27128] Random::Formatter::TestClassMethods#test_uuid = 0.01 s
[ 1657/27128] Random::Formatter::TestClassMethods#test_urlsafe_base64 = 0.14 s
[ 1658/27128] Random::Formatter::TestClassMethods#test_alphanumeric_frozen = 0.02 s
[ 1659/27128] Random::Formatter::TestClassMethods#test_random_bytes = 0.07 s
[ 1660/27128] Random::Formatter::TestClassMethods#test_random_number_float = 0.19 s
[ 1661/27128] Random::Formatter::TestClassMethods#test_hex = 0.09 s
[ 1662/27128] Random::Formatter::TestClassMethods#test_random_number_int = 0.15 s
[ 1663/27128] TestRDocMarkdownTest#test_tidiness = 2.39 s
[ 1664/27128] TestRDocMarkdownTest#test_code_spans = 2.60 s
[ 1665/27128] TestRDocMarkdownTest#test_inline_html_advanced = 2.66 s
[ 1666/27128] TestRDocMarkdownTest#test_links_reference_style = 14.85 s
[ 1667/27128] TestRDocMarkdownTest#test_amps_and_angle_encoding = 6.65 s
[ 1668/27128] TestRDocMarkdownTest#test_links_shortcut_references = 3.97 s
[ 1669/27128] TestRDocMarkdownTest#test_nested_blockquotes = 1.67 s
[ 1670/27128] TestRDocMarkdownTest#test_ordered_and_unordered_lists = 37.20 s
[ 1671/27128] TestRDocMarkdownTest#test_markdown_documentation_basics = 61.70 s
[ 1672/27128] TestRDocMarkdownTest#test_auto_links = 4.19 s
[ 1673/27128] TestRDocMarkdownTest#test_hard_wrapped_paragraphs_with_list_like_lines = 2.76 s
[ 1674/27128] TestRDocMarkdownTest#test_tabs = 4.43 s
[ 1675/27128] TestRDocMarkdownTest#test_horizontal_rules = 7.00 s
[ 1676/27128] TestRDocMarkdownTest#test_strong_and_em_together = 2.57 s
[ 1677/27128] TestRDocMarkdownTest#test_code_blocks = 2.77 s
[ 1678/27128] TestRDocMarkdownTest#test_blockquotes_with_code_blocks = 1.40 s
[ 1679/27128] TestRDocMarkdownTest#test_inline_html_comments = 2.65 s
[ 1680/27128] TestRDocMarkdownTest#test_inline_html_simple = 11.66 s
[ 1681/27128] TestRDocMarkdownTest#test_literal_quotes_in_titles = 1.51 s
[ 1682/27128] TestRDocMarkdownTest#test_links_inline_style = 3.45 s
[ 1683/27128] TestRDocMarkdownTest#test_markdown_documentation_syntax = 251.40 s
[ 1684/27128] TestRDocMarkdownTest#test_backslash_escapes = 27.64 s
[ 1685/27128] TestGemPackageTarReader#test_read_in_gem_data = 0.59 s
[ 1686/27128] TestGemPackageTarReader#test_seek_in_gem_data = 0.55 s
[ 1687/27128] TestGemPackageTarReader#test_each_entry = 0.54 s
[ 1688/27128] TestGemPackageTarReader#test_each_with_not_a_tar = 0.50 s
[ 1689/27128] TestGemPackageTarReader#test_seek_missing = 0.53 s
[ 1690/27128] TestGemPackageTarReader#test_seek = 0.53 s
[ 1691/27128] TestGemPackageTarReader#test_rewind = 0.54 s
[ 1692/27128] TestDefaultGems#test_validate_gemspec = 14.56 s
[ 1693/27128] TestGemLocalRemoteOptions#test_add_local_remote_options = 0.79 s
[ 1694/27128] TestGemLocalRemoteOptions#test_local_eh = 0.48 s
[ 1695/27128] TestGemLocalRemoteOptions#test_both_eh = 0.48 s
[ 1696/27128] TestGemLocalRemoteOptions#test_source_option_bad = 0.63 s
[ 1697/27128] TestGemLocalRemoteOptions#test_update_sources_option = 0.62 s
[ 1698/27128] TestGemLocalRemoteOptions#test_clear_sources_option_idiot_proof = 0.93 s
[ 1699/27128] TestGemLocalRemoteOptions#test_short_source_option = 0.72 s
[ 1700/27128] TestGemLocalRemoteOptions#test_remote_eh = 0.49 s
[ 1701/27128] TestGemLocalRemoteOptions#test_source_option = 0.74 s
[ 1702/27128] TestGemLocalRemoteOptions#test_clear_sources_option = 0.77 s
[ 1703/27128] TestNetHTTPSIdentityVerifyFailure#test_identity_verify_failure = 0.88 s
[ 1704/27128] TestOptionParserNoArg::Def1#test_order = 0.10 s
[ 1705/27128] TestOptionParserNoArg::Def1#test_abbrev = 0.33 s
[ 1706/27128] TestOptionParserNoArg::Def1#test_hyphenize = 0.06 s
[ 1707/27128] TestOptionParserNoArg::Def1#test_regexp = 0.03 s
[ 1708/27128] TestOptionParserNoArg::Def1#test_short = 0.12 s
[ 1709/27128] TestOptionParserNoArg::Def1#test_exact_option = 0.42 s
[ 1710/27128] TestOptionParserNoArg::Def1#test_nonopt_pattern = 0.07 s
[ 1711/27128] TestOptionParserNoArg::Def1#test_into = 0.16 s
[ 1712/27128] TestOptionParserNoArg::Def1#test_long = 0.09 s
[ 1713/27128] TestOptionParserNoArg::Def1#test_ambiguous = 0.16 s
[ 1714/27128] TestOptionParserNoArg::Def1#test_permute = 0.09 s
[ 1715/27128] TestOptionParserNoArg::Def1#test_require_exact = 0.42 s
[ 1716/27128] TestOptionParserNoArg::Def1#test_help_pager = 12.50 s
[ 1717/27128] TestOptionParserNoArg::Def1#test_raise_unknown = 0.16 s
[ 1718/27128] TestRDocMarkupParser#test_parse_note = 0.07 s
[ 1719/27128] TestRDocMarkupParser#test_parse_heading_note = 0.03 s
[ 1720/27128] TestRDocMarkupParser#test_parse_verbatim_merge2 = 0.06 s
[ 1721/27128] TestRDocMarkupParser#test_tokenize_ualpha = 0.04 s
[ 1722/27128] TestRDocMarkupParser#test_parse_bullet_heading = 0.04 s
[ 1723/27128] TestRDocMarkupParser#test_parse_heading_three = 0.03 s
[ 1724/27128] TestRDocMarkupParser#test_parse_note_empty = 0.04 s
[ 1725/27128] TestRDocMarkupParser#test_tokenize_verbatim_heading = 0.03 s
[ 1726/27128] TestRDocMarkupParser#test_parse_verbatim_lalpha = 0.04 s
[ 1727/27128] TestRDocMarkupParser#test_parse_dash = 0.05 s
[ 1728/27128] TestRDocMarkupParser#test_parse_list_list_1 = 0.07 s
[ 1729/27128] TestRDocMarkupParser#test_parse_verbatim_rule2 = 0.04 s
[ 1730/27128] TestRDocMarkupParser#test_parse_heading = 0.03 s
[ 1731/27128] TestRDocMarkupParser#test_parse_verbatim_note = 0.04 s
[ 1732/27128] TestRDocMarkupParser#test_tokenize_line_break = 0.04 s
[ 1733/27128] TestRDocMarkupParser#test_tokenize_paragraphs = 0.04 s
[ 1734/27128] TestRDocMarkupParser#test_parse_heading_ualpha = 0.03 s
[ 1735/27128] TestRDocMarkupParser#test_parse_verbatim_dash = 0.04 s
[ 1736/27128] TestRDocMarkupParser#test_parse_paragraph_multiline = 0.04 s
[ 1737/27128] TestRDocMarkupParser#test_parse_number_bullet = 0.06 s
[ 1738/27128] TestRDocMarkupParser#test_parse_verbatim_heading = 0.04 s
[ 1739/27128] TestRDocMarkupParser#test_parse_heading_heading = 0.03 s
[ 1740/27128] TestRDocMarkupParser#test_parse_bullet_indent_verbatim = 0.08 s
[ 1741/27128] TestRDocMarkupParser#test_parse_label_bullet = 0.06 s
[ 1742/27128] TestRDocMarkupParser#test_parse_heading_label = 0.03 s
[ 1743/27128] TestRDocMarkupParser#test_tokenize_rule = 0.03 s
[ 1744/27128] TestRDocMarkupParser#test_parse_lists = 0.08 s
[ 1745/27128] TestRDocMarkupParser#test_parse_heading_lalpha = 0.03 s
[ 1746/27128] TestRDocMarkupParser#test_tokenize_lalpha = 0.04 s
[ 1747/27128] TestRDocMarkupParser#test_tokenize_note_not = 0.03 s
[ 1748/27128] TestRDocMarkupParser#test_parse_bullet_multiparagraph = 0.04 s
[ 1749/27128] TestRDocMarkupParser#test_parse_bullet_multiline = 0.05 s
[ 1750/27128] TestRDocMarkupParser#test_parse_trailing_cr = 0.03 s
[ 1751/27128] TestRDocMarkupParser#test_parse_verbatim_ualpha = 0.04 s
[ 1752/27128] TestRDocMarkupParser#test_parse_lalpha_ualpha = 0.07 s
[ 1753/27128] TestRDocMarkupParser#test_parse_bullet = 0.04 s
[ 1754/27128] TestRDocMarkupParser#test_tokenize_heading_empty = 0.03 s
[ 1755/27128] TestRDocMarkupParser#test_parse_heading_empty = 0.04 s
[ 1756/27128] TestRDocMarkupParser#test_tokenize_label = 0.03 s
[ 1757/27128] TestRDocMarkupParser#test_tokenize_label_note = 0.03 s
[ 1758/27128] TestRDocMarkupParser#test_parse_block_quote = 0.09 s
[ 1759/27128] TestRDocMarkupParser#test_tokenize_note_newline_windows = 0.03 s
[ 1760/27128] TestRDocMarkupParser#test_tokenize_heading = 0.03 s
[ 1761/27128] TestRDocMarkupParser#test_tokenize_label_newline_windows = 0.03 s
[ 1762/27128] TestRDocMarkupParser#test_parse_label = 0.05 s
[ 1763/27128] TestRDocMarkupParser#test_parse_bullet_utf_8 = 0.05 s
[ 1764/27128] TestRDocMarkupParser#test_tokenize_heading_heading = 0.03 s
[ 1765/27128] TestRDocMarkupParser#test_parse_verbatim_markup_example = 0.04 s
[ 1766/27128] TestRDocMarkupParser#test_parse_note_note = 0.04 s
[ 1767/27128] TestRDocMarkupParser#test_parse_verbatim_merge = 0.05 s
[ 1768/27128] TestRDocMarkupParser#test_tokenize_verbatim_rule_fancy = 0.04 s
[ 1769/27128] TestRDocMarkupParser#test_parse_verbatim_trim = 0.05 s
[ 1770/27128] TestRDocMarkupParser#test_parse_whitespace = 0.15 s
[ 1771/27128] TestRDocMarkupParser#test_parse_bullet_indent = 0.06 s
[ 1772/27128] TestRDocMarkupParser#test_get = 0.04 s
[ 1773/27128] TestRDocMarkupParser#test_parse_verbatim_label = 0.03 s
[ 1774/27128] TestRDocMarkupParser#test_tokenize_number_period_continue = 0.05 s
[ 1775/27128] TestRDocMarkupParser#test_parse_verbatim_multiline = 0.05 s
[ 1776/27128] TestRDocMarkupParser#test_parse_verbatim_bullet = 0.03 s
[ 1777/27128] TestRDocMarkupParser#test_tokenize_bullet_indent = 0.04 s
[ 1778/27128] TestRDocMarkupParser#test_parse_lalpha_utf_8 = 0.04 s
[ 1779/27128] TestRDocMarkupParser#test_build_heading = 0.03 s
[ 1780/27128] TestRDocMarkupParser#test_tokenize_bullet = 0.03 s
[ 1781/27128] TestRDocMarkupParser#test_tokenize_number_period = 0.04 s
[ 1782/27128] TestRDocMarkupParser#test_parse_verbatim_fold = 0.05 s
[ 1783/27128] TestRDocMarkupParser#test_tokenize_note_utf_8 = 0.04 s
[ 1784/27128] TestRDocMarkupParser#test_tokenize_heading_no_space = 0.03 s
[ 1785/27128] TestRDocMarkupParser#test_parse_verbatim_heading2 = 0.04 s
[ 1786/27128] TestRDocMarkupParser#test_parse_paragraph_verbatim = 0.05 s
[ 1787/27128] TestRDocMarkupParser#test_parse_heading_bullet = 0.03 s
[ 1788/27128] TestRDocMarkupParser#test_parse_bullet_paragraph = 0.06 s
[ 1789/27128] TestRDocMarkupParser#test_parse_heading_number = 0.03 s
[ 1790/27128] TestRDocMarkupParser#test_parse_line_break = 0.04 s
[ 1791/27128] TestRDocMarkupParser#test_peek_token = 0.04 s
[ 1792/27128] TestRDocMarkupParser#test_parse_label_multi_label = 0.04 s
[ 1793/27128] TestRDocMarkupParser#test_parse_list_verbatim = 0.05 s
[ 1794/27128] TestRDocMarkupParser#test_tokenize_note_newline = 0.03 s
[ 1795/27128] TestRDocMarkupParser#test_parse_verbatim_rule = 0.04 s
[ 1796/27128] TestRDocMarkupParser#test_parse_label_multi_line = 0.05 s
[ 1797/27128] TestRDocMarkupParser#test_tokenize_verbatim_rule = 0.03 s
[ 1798/27128] TestRDocMarkupParser#test_tokenize_note_empty = 0.03 s
[ 1799/27128] TestRDocMarkupParser#test_parse_paragraph = 0.04 s
[ 1800/27128] TestRDocMarkupParser#test_parse_lalpha = 0.05 s
[ 1801/27128] TestRDocMarkupParser#test_tokenize_number = 0.04 s
[ 1802/27128] TestRDocMarkupParser#test_parse_rule = 0.04 s
[ 1803/27128] TestRDocMarkupParser#test_parse_verbatim_number = 0.03 s
[ 1804/27128] TestRDocMarkupParser#test_unget = 0.04 s
[ 1805/27128] TestRDocMarkupParser#test_tokenize_rule_windows = 0.03 s
[ 1806/27128] TestRDocMarkupParser#test_parse_ualpha = 0.04 s
[ 1807/27128] TestRDocMarkupParser#test_verbatim_normalize = 0.03 s
[ 1808/27128] TestRDocMarkupParser#test_tokenize_label_newline = 0.03 s
[ 1809/27128] TestRDocMarkupParser#test_parse_verbatim_multilevel = 0.05 s
[ 1810/27128] TestRDocMarkupParser#test_parse_label_newline = 0.05 s
[ 1811/27128] TestRDocMarkupParser#test_tokenize_line_break_long = 0.04 s
[ 1812/27128] TestRDocMarkupParser#test_parse_verbatim = 0.04 s
[ 1813/27128] TestRDocMarkupParser#test_tokenize_note = 0.03 s
[ 1814/27128] TestRDocMarkupParser#test_skip = 0.05 s
[ 1815/27128] TestRDocMarkupParser#test_parse_bullet_verbatim_heading = 0.05 s
[ 1816/27128] TestRDocMarkupParser#test_parse_list_list_2 = 0.06 s
[ 1817/27128] TestRDocMarkupParser#test_tokenize_line_break_no_short = 0.03 s
[ 1818/27128] TestOptionParserCClass#test_order = 0.06 s
[ 1819/27128] TestOptionParserCClass#test_regexp = 0.01 s
[ 1820/27128] TestOptionParserCClass#test_required_argument = 0.04 s
[ 1821/27128] TestOptionParserCClass#test_exact_option = 0.41 s
[ 1822/27128] TestOptionParserCClass#test_nonopt_pattern = 0.05 s
[ 1823/27128] TestOptionParserCClass#test_into = 0.14 s
[ 1824/27128] TestOptionParserCClass#test_no_argument = 0.03 s
[ 1825/27128] TestOptionParserCClass#test_permute = 0.07 s
[ 1826/27128] TestOptionParserCClass#test_require_exact = 0.41 s
[ 1827/27128] TestOptionParserCClass#test_help_pager = 12.33 s
[ 1828/27128] TestOptionParserCClass#test_raise_unknown = 0.13 s
[ 1829/27128] TestAlias#test_cyclic_zsuper = 0.03 s
[ 1830/27128] TestAlias#test_alias_inspect = 0.03 s
[ 1831/27128] TestAlias#test_zsuper_alias_visibility = 0.01 s
[ 1832/27128] TestAlias#test_alias = 0.02 s
[ 1833/27128] TestAlias#test_alias_in_module = 8.86 s
[ 1834/27128] TestAlias#test_send_alias = 0.01 s
[ 1835/27128] TestAlias#test_special_const_alias = 0.01 s
[ 1836/27128] TestAlias#test_alias_method_equation = 0.01 s
[ 1837/27128] TestAlias#test_super_in_aliased_module_method = 0.01 s
[ 1838/27128] TestAlias#test_alias_class_method_added = 0.01 s
[ 1839/27128] TestAlias#test_alias_suppressing_redefinition = 2.77 s
[ 1840/27128] TestAlias#test_alias_wb_miss = 10.29 s
[ 1841/27128] TestAlias#test_alias_module_method_added = 0.02 s
[ 1842/27128] TestAlias#test_alias_complemented_method = 2.32 s
[ 1843/27128] TestAlias#test_alias_with_zsuper_method = 0.02 s
[ 1844/27128] TestAlias#test_nonexistmethod = 0.02 s
[ 1845/27128] TestGemResolverConflict#test_explanation_user_request = 0.58 s
[ 1846/27128] TestGemResolverConflict#test_request_path = 0.52 s
[ 1847/27128] TestGemResolverConflict#test_explanation = 0.53 s
[ 1848/27128] TestGemDependencyList#test_why_not_ok_eh_old_dependency = 0.64 s
[ 1849/27128] TestGemDependencyList#test_ok_to_remove_eh = 0.55 s
[ 1850/27128] TestGemDependencyList#test_active_count = 0.54 s
[ 1851/27128] TestGemDependencyList#test_dependency_order_development = 0.62 s
[ 1852/27128] TestGemDependencyList#test_tsort_each_child = 0.55 s
[ 1853/27128] TestGemDependencyList#test_find_name = 0.55 s
[ 1854/27128] TestGemDependencyList#test_tsort_each_node = 0.55 s
[ 1855/27128] TestGemDependencyList#test_ok_eh = 0.58 s
[ 1856/27128] TestGemDependencyList#test_ok_to_remove_eh_after_sibling_removed = 0.56 s
[ 1857/27128] TestGemDependencyList#test_dependency_order = 0.58 s
[ 1858/27128] TestGemDependencyList#test_add = 0.56 s
[ 1859/27128] TestGemDependencyList#test_ok_eh_mismatch = 0.62 s
[ 1860/27128] TestGemDependencyList#test_ok_eh_redundant = 0.56 s
[ 1861/27128] TestGemDependencyList#test_remove_by_name = 0.55 s
[ 1862/27128] TestGemDependencyList#test_dependency_order_circle = 0.55 s
[ 1863/27128] TestGemDependencyList#test_why_not_ok_eh = 0.56 s
[ 1864/27128] TestGemDependencyList#test_dependency_order_diamond = 0.60 s
[ 1865/27128] TestGemDependencyList#test_dependency_order_no_dependencies = 0.54 s
[ 1866/27128] TestRubyYield#test_yield2 = 0.02 s
[ 1867/27128] TestRubyYield#test_ary_each = 0.01 s
[ 1868/27128] TestRubyYield#test_hash_each = 0.01 s
[ 1869/27128] TestRubyYield#test_with_enum = 0.01 s
[ 1870/27128] TestRubyYield#test_yield_1 = 0.02 s
[ 1871/27128] TestRubyYield#test_yield_0 = 0.01 s
[ 1872/27128] TestRubyYield#test_block_args_unleashed = 0.01 s
[ 1873/27128] TestRubyYield#test_yield_nested = 0.01 s
[ 1874/27128] TestMethodCache#test_undef_with_subclasses_complicated = 0.02 s
[ 1875/27128] TestMethodCache#test_negative_cache_with_and_without_subclasses = 0.01 s
[ 1876/27128] TestMethodCache#test_undef_with_subclasses = 0.01 s
[ 1877/27128] TestMethodCache#test_undef = 0.01 s
[ 1878/27128] TestMkmfHaveMacro#test_not_have_macro_opt = 0.27 s
[ 1879/27128] TestMkmfHaveMacro#test_not_have_macro_header = 0.25 s
[ 1880/27128] TestMkmfHaveMacro#test_have_macro_header = 0.24 s
[ 1881/27128] TestMkmfHaveMacro#test_have_macro_opt = 0.23 s
[ 1882/27128] TestGemInstallUpdateOptions#test_security_policy_unknown = 1.75 s
[ 1883/27128] TestGemInstallUpdateOptions#test_minimal_deps_no = 1.15 s
[ 1884/27128] TestGemInstallUpdateOptions#test_doc_no = 1.15 s
[ 1885/27128] TestGemInstallUpdateOptions#test_vendor = 1.13 s
[ 1886/27128] TestGemInstallUpdateOptions#test_user_install_enabled = 0.94 s
[ 1887/27128] TestGemInstallUpdateOptions#test_build_root = 1.21 s
[ 1888/27128] TestGemInstallUpdateOptions#test_post_install_message_no = 1.14 s
[ 1889/27128] TestGemInstallUpdateOptions#test_doc_rdoc = 1.18 s
[ 1890/27128] TestGemInstallUpdateOptions#test_user_install_disabled_read_only = 0.53 s
[ 1891/27128] TestGemInstallUpdateOptions#test_document = 1.14 s
[ 1892/27128] TestGemInstallUpdateOptions#test_document_rdoc = 1.15 s
[ 1893/27128] TestGemInstallUpdateOptions#test_minimal_deps = 1.13 s
[ 1894/27128] TestGemInstallUpdateOptions#test_vendor_missing = 1.16 s
[ 1895/27128] TestGemInstallUpdateOptions#test_document_no = 1.14 s
[ 1896/27128] TestGemInstallUpdateOptions#test_post_install_message = 1.14 s
[ 1897/27128] TestGemInstallUpdateOptions#test_doc = 1.16 s
[ 1898/27128] TestGemInstallUpdateOptions#test_doc_rdoc_ri = 1.18 s
[ 1899/27128] TestGemInstallUpdateOptions#test_add_install_update_options = 1.19 s
[ 1900/27128] TestGemInstallUpdateOptions#test_security_policy = 1.17 s
[ 1901/27128] Prism::ParseCommentsTest#test_parse_file_comments_error = 0.02 s
[ 1902/27128] Prism::ParseCommentsTest#test_parse_file_comments = 0.02 s
[ 1903/27128] Prism::ParseCommentsTest#test_parse_comments = 0.01 s
[ 1904/27128] Prism::IndexWriteTest#test_keywords_latest = 0.02 s
[ 1905/27128] Prism::IndexWriteTest#test_keywords_3_3 = 0.01 s
[ 1906/27128] Prism::IndexWriteTest#test_block_latest = 0.01 s
[ 1907/27128] Prism::IndexWriteTest#test_block_3_3 = 0.01 s
[ 1908/27128] TestGemCommandsQueryCommandWithInstalledGems#test_execute_remote_notty = 2.00 s
[ 1909/27128] TestGemCommandsQueryCommandWithInstalledGems#test_execute_installed_inverse = 1.70 s
[ 1910/27128] TestGemCommandsQueryCommandWithInstalledGems#test_execute_prerelease_local = 2.03 s
[ 1911/27128] TestGemCommandsQueryCommandWithInstalledGems#test_execute_installed_inverse_not_instal
led = 1.66 s
[ 1912/27128] TestGemCommandsQueryCommandWithInstalledGems#test_execute_installed_not_installed = 1.
66 s
[ 1913/27128] TestGemCommandsQueryCommandWithInstalledGems#test_execute_installed_version_not_instal
led = 1.67 s
[ 1914/27128] TestGemCommandsQueryCommandWithInstalledGems#test_execute_details_cleans_text = 2.34 s
[ 1915/27128] TestGemCommandsQueryCommandWithInstalledGems#test_execute_multiple_args = 2.05 s
[ 1916/27128] TestGemCommandsQueryCommandWithInstalledGems#test_execute_all_prerelease = 2.03 s
[ 1917/27128] TestGemCommandsQueryCommandWithInstalledGems#test_show_gems = 1.09 s
[ 1918/27128] TestGemCommandsQueryCommandWithInstalledGems#test_execute = 2.02 s
[ 1919/27128] TestGemCommandsQueryCommandWithInstalledGems#test_execute_notty = 2.02 s
[ 1920/27128] TestGemCommandsQueryCommandWithInstalledGems#test_execute_all = 2.09 s
[ 1921/27128] TestGemCommandsQueryCommandWithInstalledGems#test_execute_installed_no_name = 1.70 s
[ 1922/27128] TestGemCommandsQueryCommandWithInstalledGems#test_execute_details_truncates_summary =
2.90 s
[ 1923/27128] TestGemCommandsQueryCommandWithInstalledGems#test_execute_local_quiet = 1.44 s
[ 1924/27128] TestGemCommandsQueryCommandWithInstalledGems#test_make_entry = 1.09 s
[ 1925/27128] TestGemCommandsQueryCommandWithInstalledGems#test_execute_no_versions = 2.06 s
[ 1926/27128] TestGemCommandsQueryCommandWithInstalledGems#test_execute_remote_quiet = 1.52 s
[ 1927/27128] TestGemCommandsQueryCommandWithInstalledGems#test_execute_remote = 1.43 s
[ 1928/27128] TestGemCommandsQueryCommandWithInstalledGems#test_execute_installed_version = 1.69 s
[ 1929/27128] TestGemCommandsQueryCommandWithInstalledGems#test_execute_installed = 1.68 s
[ 1930/27128] TestGemCommandsQueryCommandWithInstalledGems#test_execute_prerelease = 1.68 s
[ 1931/27128] TestGemCommandsQueryCommandWithInstalledGems#test_execute_local_notty = 2.03 s
[ 1932/27128] TestGemCommandsQueryCommandWithInstalledGems#test_execute_local = 1.46 s
[ 1933/27128] TestGemCommandsQueryCommandWithInstalledGems#test_execute_details = 2.33 s
[ 1934/27128] TestGemCommandsQueryCommandWithInstalledGems#test_execute_no_prerelease_local = 2.01 s
[ 1935/27128] TestGemUnsatisfiableDependencyError#test_name = 0.59 s
[ 1936/27128] TestGemUnsatisfiableDependencyError#test_errors = 0.50 s
[ 1937/27128] TestGemUnsatisfiableDependencyError#test_version = 0.50 s
[ 1938/27128] TestRipper::Filter#test_filter_lineno = 1.51 s
[ 1939/27128] TestRipper::Filter#test_filter_state = 1.50 s
[ 1940/27128] TestRipper::Filter#test_filter_lineno_set = 1.50 s
[ 1941/27128] TestRipper::Filter#test_filter_token = 0.03 s
[ 1942/27128] TestRipper::Filter#test_filter_filename = 1.50 s
[ 1943/27128] TestRipper::Filter#test_filter_column = 1.53 s
[ 1944/27128] TestRipper::Filter#test_filter_filename_unset = 1.50 s
[ 1945/27128] TestIRB::PushwsTest#test_pushws_switches_to_new_workspace_and_pushes_the_current_one_t
o_the_stack = 0.60 s
[ 1946/27128] TestIRB::PushwsTest#test_pushws_prints_workspace_stack_when_no_arg_is_given = 0.14 s
[ 1947/27128] TestIRB::PushwsTest#test_pushws_extends_the_new_workspace_with_command_bundle = 0.42 s
[ 1948/27128] TestIRB::PushwsTest#test_pushws_without_argument_swaps_the_top_two_workspaces = 0.33 s
[ 1949/27128] TestStack#test_machine_stack_size = 38.37 s
[ 1950/27128] TestStack#test_vm_stack_size = 80.40 s
[ 1951/27128] TestStack#test_relative_stack_sizes = 22.51 s
[ 1952/27128] TestBugReporter#test_bug_reporter_add = 4.20 s
[ 1953/27128] TestNameError#test_info_method_missing = 0.04 s
[ 1954/27128] TestNameError#test_new_name = 0.01 s
[ 1955/27128] TestNameError#test_info_local_variables = 0.02 s
[ 1956/27128] TestNameError#test_info_const = 0.03 s
[ 1957/27128] TestNameError#test_info_const_name = 0.03 s
[ 1958/27128] TestNameError#test_large_receiver_inspect = 0.02 s
[ 1959/27128] TestNameError#test_info_method = 0.03 s
[ 1960/27128] TestNameError#test_info_parent_iseq_mark = 22.66 s
[ 1961/27128] TestNameError#test_new_default = 0.01 s
[ 1962/27128] TestNameError#test_new_receiver = 0.02 s
[ 1963/27128] TestNameError#test_new_message = 0.01 s
[ 1964/27128] TestSocketOption#test_ipv4_multicast_ttl_size = 0.03 s
[ 1965/27128] TestSocketOption#test_bool = 0.03 s
[ 1966/27128] TestSocketOption#test_ipv4_multicast_loop = 0.02 s
[ 1967/27128] TestSocketOption#test_unpack = 0.01 s
[ 1968/27128] TestSocketOption#test_ipv4_multicast_loop_size = 0.01 s
[ 1969/27128] TestSocketOption#test_ipv4_multicast_ttl = 0.02 s
[ 1970/27128] TestSocketOption#test_new = 0.01 s
[ 1971/27128] Bug::StNumHash::Test_NumHash#test_check = 0.02 s
[ 1972/27128] Bug::StNumHash::Test_NumHash#test_update = 0.01 s
[ 1973/27128] Bug::StNumHash::Test_NumHash#test_delete_safe_on_iteration = 0.07 s
[ 1974/27128] Bug::StNumHash::Test_NumHash#test_size_after_delete_safe = 0.04 s
[ 1975/27128] TestProtocol#test_write0_timeout_multi2 = 0.15 s
[ 1976/27128] TestProtocol#test_write0_success_multi2 = 0.02 s
[ 1977/27128] TestProtocol#test_shareable_buffer_leak = 0.02 s
[ 1978/27128] TestProtocol#test_write0_success = 0.01 s
[ 1979/27128] TestProtocol#test_should_properly_dot_stuff_period_with_no_endline = 0.04 s
[ 1980/27128] TestProtocol#test_readuntil = 0.07 s
[ 1981/27128] TestProtocol#test_write0_success2 = 0.01 s
[ 1982/27128] TestProtocol#test_write0_success_multi1 = 0.01 s
[ 1983/27128] TestProtocol#test_each_crlf_line = 0.08 s
[ 1984/27128] TestProtocol#test_write0_multibyte = 0.02 s
[ 1985/27128] TestProtocol#test_write0_timeout_multi1 = 0.14 s
[ 1986/27128] TestProtocol#test_write0_timeout = 0.13 s
[ 1987/27128] Test_StForeachUnpack#test_st_foreach_unpack = 0.02 s
[ 1988/27128] Test_StForeachUnpack#test_st_foreach_check_unpack = 0.01 s
[ 1989/27128] TestIterator#test_iter_test2 = 0.02 s
[ 1990/27128] TestIterator#test_itertest = 0.04 s
[ 1991/27128] TestIterator#test_collect = 0.01 s
[ 1992/27128] TestIterator#test_break_from_enum = 0.01 s
[ 1993/27128] TestIterator#test_assoc_yield = 0.03 s
[ 1994/27128] TestIterator#test_argument = 0.07 s
[ 1995/27128] TestIterator#test_block_passing = 0.01 s
[ 1996/27128] TestIterator#test_array_for_masgn = 0.02 s
[ 1997/27128] TestIterator#test_yield_vs_call = 0.01 s
[ 1998/27128] TestIterator#test_break = 0.01 s
[ 1999/27128] TestIterator#test_return_trace_func = 11.25 s
[ 2000/27128] TestIterator#test_enumerator = 0.03 s
[ 2001/27128] TestIterator#test_break__nested_loop2 = 0.01 s
[ 2002/27128] TestIterator#test_return2 = 0.01 s
[ 2003/27128] TestIterator#test_array = 0.01 s
[ 2004/27128] TestIterator#test_block_given_within_iterator = 0.01 s
[ 2005/27128] TestIterator#test_proc_return2 = 0.01 s
[ 2006/27128] TestIterator#test_yield_at_toplevel = 8.87 s
[ 2007/27128] TestIterator#test_marity = 0.01 s
[ 2008/27128] TestIterator#test_return1 = 0.01 s
[ 2009/27128] TestIterator#test_proc_return1 = 0.01 s
[ 2010/27128] TestIterator#test_block_argument_without_paren = 0.01 s
[ 2011/27128] TestIterator#test_append_method_to_built_in_class = 0.02 s
[ 2012/27128] TestIterator#test_block_given = 0.01 s
[ 2013/27128] TestIterator#test_break__nested_loop3 = 0.01 s
[ 2014/27128] TestIterator#test_break__nested_loop1 = 0.01 s
[ 2015/27128] TestIterator#test_block = 0.01 s
[ 2016/27128] TestIterator#test_ljump = 0.03 s
[ 2017/27128] TestIterator#test_nested_iterator = 0.01 s
[ 2018/27128] TestIterator#test_iter4 = 0.02 s
[ 2019/27128] TestIterator#test_get_block = 0.06 s
[ 2020/27128] TestIterator#test_proc = 0.01 s
 = 0.21 s
[ 2022/27128] TestStringScannerFixedAnchor#test_match_p = 0.02 s
[ 2023/27128] TestStringScannerFixedAnchor#test_scan_byte = 0.02 s
[ 2024/27128] TestStringScannerFixedAnchor#test_named_captures = 0.01 s
[ 2025/27128] TestStringScannerFixedAnchor#test_check = 0.01 s
[ 2026/27128] TestStringScannerFixedAnchor#test_string_set_is_equal = 0.01 s
[ 2027/27128] TestStringScannerFixedAnchor#test_invalid_encoding_string = 0.01 s
[ 2028/27128] TestStringScannerFixedAnchor#test_set_pos = 0.01 s
[ 2029/27128] TestStringScannerFixedAnchor#test_scan_integer = 0.04 s
[ 2030/27128] TestStringScannerFixedAnchor#test_skip_with_begenning_of_line_anchor_match = 0.01 s
[ 2031/27128] TestStringScannerFixedAnchor#test_empty_encoding_utf8 = 0.01 s
[ 2032/27128] TestStringScannerFixedAnchor#test_captures = 0.01 s
[ 2033/27128] TestStringScannerFixedAnchor#test_getch = 0.02 s
[ 2034/27128] TestStringScannerFixedAnchor#test_scan_integer_unmatch = 0.01 s
[ 2035/27128] TestStringScannerFixedAnchor#test_scan_full = 0.02 s
[ 2036/27128] TestStringScannerFixedAnchor#test_s_mustc = 0.01 s
[ 2037/27128] TestStringScannerFixedAnchor#test_exist_p = 0.01 s
[ 2038/27128] TestStringScannerFixedAnchor#test_check_until = 0.01 s
[ 2039/27128] TestStringScannerFixedAnchor#test_scan_integer_encoding = 0.01 s
[ 2040/27128] TestStringScannerFixedAnchor#test_rest_size = 0.01 s
[ 2041/27128] TestStringScannerFixedAnchor#test_aref_without_regex = 0.01 s
[ 2042/27128] TestStringScannerFixedAnchor#test_check_until_string = 0.01 s
[ 2043/27128] TestStringScannerFixedAnchor#test_string = 0.01 s
[ 2044/27128] TestStringScannerFixedAnchor#test_encoding_string = 0.01 s
[ 2045/27128] TestStringScannerFixedAnchor#test_search_full_string = 0.02 s
[ 2046/27128] TestStringScannerFixedAnchor#test_string_append = 0.01 s
[ 2047/27128] TestStringScannerFixedAnchor#test_pos_unicode = 0.01 s
[ 2048/27128] TestStringScannerFixedAnchor#test_values_at = 0.01 s
[ 2049/27128] TestStringScannerFixedAnchor#test_dup = 0.03 s
[ 2050/27128] TestStringScannerFixedAnchor#test_inspect = 0.02 s
[ 2051/27128] TestStringScannerFixedAnchor#test_scan_until = 0.01 s
[ 2052/27128] TestStringScannerFixedAnchor#test_terminate = 0.01 s
[ 2053/27128] TestStringScannerFixedAnchor#test_reset = 0.01 s
[ 2054/27128] TestStringScannerFixedAnchor#test_skip_until = 0.01 s
[ 2055/27128] TestStringScannerFixedAnchor#test_encoding = 0.01 s
[ 2056/27128] TestStringScannerFixedAnchor#test_get_byte = 0.02 s
[ 2057/27128] TestStringScannerFixedAnchor#test_skip_with_begenning_of_string_anchor_match = 0.01 s
[ 2058/27128] TestStringScannerFixedAnchor#test_scan_string = 0.02 s
[ 2059/27128] TestStringScannerFixedAnchor#test_peek = 0.01 s
[ 2060/27128] TestStringScannerFixedAnchor#test_scan = 0.03 s
[ 2061/27128] TestStringScannerFixedAnchor#test_rest = 0.01 s
[ 2062/27128] TestStringScannerFixedAnchor#test_skip_with_begenning_of_line_anchor_not_match = 0.01
s
[ 2063/27128] TestStringScannerFixedAnchor#test_empty_encoding_ascii_8bit = 0.01 s
[ 2064/27128] TestStringScannerFixedAnchor#test_unscan = 0.02 s
[ 2065/27128] TestStringScannerFixedAnchor#test_bol? = 0.02 s
[ 2066/27128] TestStringScannerFixedAnchor#test_scan_shared_string = 0.01 s
[ 2067/27128] TestStringScannerFixedAnchor#test_s_allocate = 0.02 s
[ 2068/27128] TestStringScannerFixedAnchor#test_exist_p_string = 0.01 s
[ 2069/27128] TestStringScannerFixedAnchor#test_const_Version = 0.01 s
[ 2070/27128] TestStringScannerFixedAnchor#test_inspect2 = 0.01 s
[ 2071/27128] TestStringScannerFixedAnchor#test_post_match = 0.02 s
[ 2072/27128] TestStringScannerFixedAnchor#test_peek_byte = 0.01 s
[ 2073/27128] TestStringScannerFixedAnchor#test_s_new = 0.01 s
[ 2074/27128] TestStringScannerFixedAnchor#test_concat = 0.01 s
[ 2075/27128] TestStringScannerFixedAnchor#test_skip_with_begenning_of_string_anchor_not_match = 0.0
1 s
[ 2076/27128] TestStringScannerFixedAnchor#test_pre_match = 0.02 s
[ 2077/27128] TestStringScannerFixedAnchor#test_scan_aref_repeatedly = 0.02 s
[ 2078/27128] TestStringScannerFixedAnchor#test_matched_size = 0.02 s
[ 2079/27128] TestStringScannerFixedAnchor#test_skip_until_string = 0.01 s
[ 2080/27128] TestStringScannerFixedAnchor#test_eos? = 0.02 s
[ 2081/27128] TestStringScannerFixedAnchor#test_charpos_not_use_string_methods = 0.05 s
[ 2082/27128] TestStringScannerFixedAnchor#test_const_Id = 0.01 s
[ 2083/27128] TestStringScannerFixedAnchor#test_scan_until_string = 0.02 s
[ 2084/27128] TestStringScannerFixedAnchor#test_size = 0.01 s
[ 2085/27128] TestStringScannerFixedAnchor#test_matched = 0.02 s
[ 2086/27128] TestStringScannerFixedAnchor#test_scan_integer_base_16 = 0.05 s
[ 2087/27128] TestStringScannerFixedAnchor#test_generic_regexp = 0.01 s
[ 2088/27128] TestStringScannerFixedAnchor#test_search_full = 0.01 s
[ 2089/27128] TestStringScannerFixedAnchor#test_exist_p_invalid_argument = 0.01 s
[ 2090/27128] TestStringScannerFixedAnchor#test_skip = 0.02 s
[ 2091/27128] TestStringScannerFixedAnchor#test_AREF = 0.06 s
[ 2092/27128] TestStringScannerFixedAnchor#test_pos = 0.01 s
[ 2093/27128] TestIRB::CustomCommandIntegrationTest#test_command_registration_can_happen_after_irb_r
equire = 0.05 s
[ 2094/27128] TestIRB::CustomCommandIntegrationTest#test_arguments_propagation = 0.04 s
[ 2095/27128] TestIRB::CustomCommandIntegrationTest#test_command_name_local_variable = 0.04 s
[ 2096/27128] TestIRB::CustomCommandIntegrationTest#test_command_registration_accepts_string_too = 0
.04 s
[ 2097/27128] TestIRB::CustomCommandIntegrationTest#test_def_extend_command_still_works = 0.04 s
[ 2098/27128] TestIRB::CustomCommandIntegrationTest#test_no_meta_command_also_works = 0.04 s
[ 2099/27128] HTTPResponsesTest#test_status_code_classes = 0.09 s
[ 2100/27128] TestIOTimeout#test_timeout_puts = 0.02 s
[ 2101/27128] TestIOTimeout#test_timeout_read_exception = 0.02 s
[ 2102/27128] TestIOTimeout#test_timeout_attribute = 0.01 s
[ 2103/27128] TestIOTimeout#test_timeout_gets_exception = 0.01 s
[ 2104/27128] OpenSSL::TestPKeyRSA#test_private_encoding = 0.53 s
[ 2105/27128] OpenSSL::TestPKeyRSA#test_marshal = 0.37 s
[ 2106/27128] OpenSSL::TestPKeyRSA#test_encrypt_decrypt = 0.86 s
[ 2107/27128] OpenSSL::TestPKeyRSA#test_new_public_exponent = 0.33 s
[ 2108/27128] OpenSSL::TestPKeyRSA#test_private = 0.71 s
[ 2109/27128] OpenSSL::TestPKeyRSA#test_sign_verify = 0.36 s
[ 2110/27128] OpenSSL::TestPKeyRSA#test_verify_empty_rsa = 0.01 s
[ 2111/27128] OpenSSL::TestPKeyRSA#test_dup = 0.22 s
[ 2112/27128] OpenSSL::TestPKeyRSA#test_sign_verify_raw_legacy = 1.31 s
[ 2113/27128] OpenSSL::TestPKeyRSA#test_to_der = 0.35 s
[ 2114/27128] OpenSSL::TestPKeyRSA#test_RSAPrivateKey = 1.54 s
[ 2115/27128] OpenSSL::TestPKeyRSA#test_private_encoding_encrypted = 29.27 s
[ 2116/27128] OpenSSL::TestPKeyRSA#test_PUBKEY = 0.65 s
[ 2117/27128] OpenSSL::TestPKeyRSA#test_sign_verify_options = 0.37 s
[ 2118/27128] OpenSSL::TestPKeyRSA#test_RSAPublicKey = 0.32 s
[ 2119/27128] OpenSSL::TestPKeyRSA#test_new_break = 0.04 s
[ 2120/27128] OpenSSL::TestPKeyRSA#test_RSAPrivateKey_encrypted = 1.13 s
[ 2121/27128] OpenSSL::TestPKeyRSA#test_s_generate_public_exponent = 0.48 s
[ 2122/27128] OpenSSL::TestPKeyRSA#test_encrypt_decrypt_legacy = 1.59 s
[ 2123/27128] OpenSSL::TestPKeyRSA#test_sign_verify_raw = 1.03 s
[ 2124/27128] OpenSSL::TestPKeyRSA#test_export = 0.32 s
[ 2125/27128] OpenSSL::TestPKeyRSA#test_pem_passwd = 0.92 s
[ 2126/27128] OpenSSL::TestPKeyRSA#test_new = 4.04 s
[ 2127/27128] OpenSSL::TestPKeyRSA#test_sign_verify_pss = 0.48 s
[ 2128/27128] OpenSSL::TestPKeyRSA#test_s_generate = 14.53 s
[ 2129/27128] TestGemSourceLock#test_spaceship_remote = 0.55 s
[ 2130/27128] TestGemSourceLock#test_spaceship_vendor = 0.51 s
[ 2131/27128] TestGemSourceLock#test_uri = 0.52 s
[ 2132/27128] TestGemSourceLock#test_spaceship_git = 0.51 s
[ 2133/27128] TestGemSourceLock#test_spaceship_local = 0.51 s
[ 2134/27128] TestGemSourceLock#test_spaceship_specific_file = 0.92 s
[ 2135/27128] TestGemSourceLock#test_spaceship_installed = 0.58 s
[ 2136/27128] TestGemSourceLock#test_spaceship = 0.52 s
[ 2137/27128] TestGemSourceLock#test_fetch_spec = 1.05 s
[ 2138/27128] TestGemSourceLock#test_equals2 = 0.59 s
[ 2139/27128] Reline::Face::Test::WithSetupTest#test_now_there_are_four_configs = 0.05 s
[ 2140/27128] Reline::Face::Test::WithSetupTest#test_my_config_enhanced = 0.03 s
[ 2141/27128] Reline::Face::Test::WithSetupTest#test_my_configs = 0.03 s
[ 2142/27128] Reline::Face::Test::WithSetupTest#test_my_config_line = 0.03 s
[ 2143/27128] Reline::Face::Test::WithSetupTest#test_not_respond_to_another_label = 0.03 s
[ 2144/27128] Reline::Face::Test::WithSetupTest#test_resetting_config_discards_user_defined_configs
= 0.05 s
[ 2145/27128] TestIOWaitInRactor#test_ractor = 2.53 s
[ 2146/27128] TestVariable#test_local_variables2 = 0.02 s
[ 2147/27128] TestVariable#test_external_ivars = 0.02 s
[ 2148/27128] TestVariable#test_local_variables = 0.01 s
[ 2149/27128] TestVariable#test_local_variables_with_kwarg = 0.01 s
[ 2150/27128] TestVariable#test_setting_class_variable_on_module_through_inheritance = 0.03 s
[ 2151/27128] TestVariable#test_set_class_variable_on_frozen_object = 0.03 s
[ 2152/27128] TestVariable#test_cvar_overtaken_by_module = 0.03 s
[ 2153/27128] TestVariable#test_global_variable_0 = 2.36 s
[ 2154/27128] TestVariable#test_constant_popped = 0.02 s
[ 2155/27128] TestVariable#test_special_constant_ivars = 0.14 s
[ 2156/27128] TestVariable#test_cvar_overtaken_by_parent_class = 0.04 s
[ 2157/27128] TestVariable#test_global_variable_popped = 0.01 s
[ 2158/27128] TestVariable#test_include_refined_module_class_variable = 0.02 s
[ 2159/27128] TestVariable#test_cloned_classes_copy_cvar_cache = 0.01 s
[ 2160/27128] TestVariable#test_variable = 15.76 s
[ 2161/27128] TestVariable#test_singleton_class_included_class_variable = 0.04 s
[ 2162/27128] TestVariable#test_global_variables = 0.05 s
[ 2163/27128] TestVariable#test_many_instance_variables = 4.44 s
[ 2164/27128] TestVariable#test_shadowing_local_variables = 0.01 s
[ 2165/27128] TestVariable#test_svar_with_ifunc = 0.05 s
[ 2166/27128] TestVariable#test_shadowing_block_local_variables = 0.01 s
[ 2167/27128] TestVariable#test_cloned_allows_setting_cvar = 0.01 s
[ 2168/27128] TestVariable#test_local_variables3 = 0.01 s
[ 2169/27128] TestGemCommandsQueryCommandWithoutInstalledGems#test_execute_local_details = 0.99 s
[ 2170/27128] TestGemCommandsQueryCommandWithoutInstalledGems#test_depprecated = 1.01 s
[ 2171/27128] TestGemCommandsQueryCommandWithoutInstalledGems#test_execute_default_details = 0.99 s
[ 2172/27128] TestGemCommandsQueryCommandWithoutInstalledGems#test_execute_platform = 0.99 s
[ 2173/27128] TestGemCommandsQueryCommandWithoutInstalledGems#test_execute_exact_multiple = 0.99 s
[ 2174/27128] TestGemCommandsQueryCommandWithoutInstalledGems#test_execute_show_default_gems = 0.99
s
[ 2175/27128] TestGemCommandsQueryCommandWithoutInstalledGems#test_execute_exact_remote = 1.00 s
[ 2176/27128] TestGemCommandsQueryCommandWithoutInstalledGems#test_execute_exact_local = 0.99 s
[ 2177/27128] TestGemCommandsQueryCommandWithoutInstalledGems#test_execute_show_default_gems_with_pl
atform = 1.00 s
[ 2178/27128] TestDelegateClass#test_marshal = 0.03 s
[ 2179/27128] TestDelegateClass#test_instance_methods = 0.06 s
[ 2180/27128] TestDelegateClass#test_simpledelegator_clone = 0.02 s
[ 2181/27128] TestDelegateClass#test_unset_simple_delegator = 0.02 s
[ 2182/27128] TestDelegateClass#test_eql? = 0.02 s
[ 2183/27128] TestDelegateClass#test_delegate_class_block = 0.11 s
[ 2184/27128] TestDelegateClass#test_public_instance_methods = 0.05 s
[ 2185/27128] TestDelegateClass#test_extend = 0.10 s
[ 2186/27128] TestDelegateClass#test_instance_method = 0.02 s
[ 2187/27128] TestDelegateClass#test_copy_frozen = 0.02 s
[ 2188/27128] TestDelegateClass#test_DelegateClass_public_instance_method = 0.17 s
[ 2189/27128] TestDelegateClass#test_dir_in_delegator_class = 0.01 s
[ 2190/27128] TestDelegateClass#test_DelegateClass_instance_method = 0.12 s
[ 2191/27128] TestDelegateClass#test_method_in_simple_delegator = 0.01 s
[ 2192/27128] TestDelegateClass#test_send_method_in_delegator = 0.01 s
[ 2193/27128] TestDelegateClass#test_callee_in_simple_delegator = 0.01 s
[ 2194/27128] TestDelegateClass#test_module_methods_vs_kernel_methods = 0.01 s
[ 2195/27128] TestDelegateClass#test_private_method = 0.02 s
[ 2196/27128] TestDelegateClass#test_systemcallerror_eq = 0.01 s
[ 2197/27128] TestDelegateClass#test_frozen = 0.01 s
[ 2198/27128] TestDelegateClass#test_global_method_if_no_target = 0.01 s
[ 2199/27128] TestDelegateClass#test_basicobject = 0.02 s
[ 2200/27128] TestDelegateClass#test_protected_instance_methods = 0.04 s
[ 2201/27128] TestDelegateClass#test_simpledelegator_class = 0.01 s
[ 2202/27128] TestDelegateClass#test_override = 0.02 s
[ 2203/27128] TestDelegateClass#test_delegateclass_class = 0.01 s
[ 2204/27128] TestDelegateClass#test_keyword_and_hash = 0.02 s
[ 2205/27128] TestDelegateClass#test_keyword_argument = 0.04 s
[ 2206/27128] TestDelegateClass#test_dir_in_simple_delegator = 0.01 s
[ 2207/27128] TestDelegateClass#test_basicobject_respond_to = 0.01 s
[ 2208/27128] TestDelegateClass#test_callee_in_delegator_class = 0.01 s
[ 2209/27128] TestDelegateClass#test_method_in_delegator_class = 0.01 s
[ 2210/27128] TestDelegateClass#test_global_function = 0.01 s
[ 2211/27128] TestDelegateClass#test_methods = 0.01 s
[ 2212/27128] TestDelegateClass#test_unset_delegate_class = 0.02 s
[ 2213/27128] Prism::IntegerParseTest#test_integer_parse = 0.09 s
[ 2214/27128] TestOpenURIProxy#test_proxy_http_basic_authentication_failure = 1.17 s
[ 2215/27128] TestOpenURIProxy#test_proxy_http_basic_authentication_success = 0.24 s
[ 2216/27128] TestOpenURIProxy#test_authenticated_proxy_http_basic_authentication_success = 0.24 s
[ 2217/27128] TestOpenURIProxy#test_proxy = 0.59 s
[ 2218/27128] Bug::Test_ExceptionE#test_ensured = 9.18 s
[ 2219/27128] TestStringchar#test_string = 0.08 s
[ 2220/27128] TestStringchar#test_dump = 43.18 s
[ 2221/27128] TestStringchar#test_char = 0.43 s
[ 2222/27128] TestStringchar#test_bang = 0.10 s
[ 2223/27128] Prism::TunnelTest#test_tunnel = 0.13 s
[ 2224/27128] TestERB#test_html_escape_extension = 0.02 s
[ 2225/27128] TestERB#test_without_filename_with_safe_level = 0.07 s
[ 2226/27128] TestERB#test_with_location = 0.04 s
[ 2227/27128] TestERB#test_html_escape_to_s = 0.01 s
[ 2228/27128] TestERB#test_with_filename = 0.04 s
[ 2229/27128] TestERB#test_without_filename = 0.04 s
[ 2230/27128] TestERB#test_with_filename_lineno = 0.04 s
[ 2231/27128] TestERB#test_html_escape = 0.01 s
[ 2232/27128] TestERB#test_concurrent_default_binding = 0.04 s
[ 2233/27128] TestERB#test_with_filename_and_safe_level = 0.04 s
[ 2234/27128] TestStringScanner#test_match_p = 0.02 s
[ 2235/27128] TestStringScanner#test_scan_byte = 0.01 s
[ 2236/27128] TestStringScanner#test_named_captures = 0.01 s
[ 2237/27128] TestStringScanner#test_check = 0.01 s
[ 2238/27128] TestStringScanner#test_string_set_is_equal = 0.01 s
[ 2239/27128] TestStringScanner#test_invalid_encoding_string = 0.01 s
[ 2240/27128] TestStringScanner#test_set_pos = 0.01 s
[ 2241/27128] TestStringScanner#test_scan_integer = 0.04 s
[ 2242/27128] TestStringScanner#test_skip_with_begenning_of_line_anchor_match = 0.01 s
[ 2243/27128] TestStringScanner#test_empty_encoding_utf8 = 0.01 s
[ 2244/27128] TestStringScanner#test_captures = 0.01 s
[ 2245/27128] TestStringScanner#test_fixed_anchor_false = 0.02 s
[ 2246/27128] TestStringScanner#test_getch = 0.02 s
[ 2247/27128] TestStringScanner#test_scan_integer_unmatch = 0.01 s
[ 2248/27128] TestStringScanner#test_scan_full = 0.02 s
[ 2249/27128] TestStringScanner#test_s_mustc = 0.01 s
[ 2250/27128] TestStringScanner#test_exist_p = 0.01 s
[ 2251/27128] TestStringScanner#test_check_until = 0.01 s
[ 2252/27128] TestStringScanner#test_scan_integer_encoding = 0.01 s
[ 2253/27128] TestStringScanner#test_rest_size = 0.01 s
[ 2254/27128] TestStringScanner#test_aref_without_regex = 0.01 s
[ 2255/27128] TestStringScanner#test_check_until_string = 0.01 s
[ 2256/27128] TestStringScanner#test_string = 0.01 s
[ 2257/27128] TestStringScanner#test_encoding_string = 0.01 s
[ 2258/27128] TestStringScanner#test_fixed_anchor_true = 0.01 s
[ 2259/27128] TestStringScanner#test_search_full_string = 0.01 s
[ 2260/27128] TestStringScanner#test_string_append = 0.01 s
[ 2261/27128] TestStringScanner#test_pos_unicode = 0.01 s
[ 2262/27128] TestStringScanner#test_values_at = 0.01 s
[ 2263/27128] TestStringScanner#test_dup = 0.03 s
[ 2264/27128] TestStringScanner#test_inspect = 0.02 s
[ 2265/27128] TestStringScanner#test_scan_until = 0.02 s
[ 2266/27128] TestStringScanner#test_terminate = 0.01 s
[ 2267/27128] TestStringScanner#test_reset = 0.01 s
[ 2268/27128] TestStringScanner#test_skip_until = 0.01 s
[ 2269/27128] TestStringScanner#test_encoding = 0.01 s
[ 2270/27128] TestStringScanner#test_get_byte = 0.02 s
[ 2271/27128] TestStringScanner#test_skip_with_begenning_of_string_anchor_match = 0.01 s
[ 2272/27128] TestStringScanner#test_scan_string = 0.02 s
[ 2273/27128] TestStringScanner#test_peek = 0.01 s
[ 2274/27128] TestStringScanner#test_scan = 0.02 s
[ 2275/27128] TestStringScanner#test_rest = 0.01 s
[ 2276/27128] TestStringScanner#test_empty_encoding_ascii_8bit = 0.01 s
[ 2277/27128] TestStringScanner#test_unscan = 0.01 s
[ 2278/27128] TestStringScanner#test_bol? = 0.02 s
[ 2279/27128] TestStringScanner#test_s_allocate = 0.02 s
[ 2280/27128] TestStringScanner#test_exist_p_string = 0.01 s
[ 2281/27128] TestStringScanner#test_const_Version = 0.01 s
[ 2282/27128] TestStringScanner#test_inspect2 = 0.01 s
[ 2283/27128] TestStringScanner#test_post_match = 0.02 s
[ 2284/27128] TestStringScanner#test_peek_byte = 0.01 s
[ 2285/27128] TestStringScanner#test_s_new = 0.01 s
[ 2286/27128] TestStringScanner#test_concat = 0.02 s
[ 2287/27128] TestStringScanner#test_pre_match = 0.02 s
[ 2288/27128] TestStringScanner#test_scan_aref_repeatedly = 0.02 s
[ 2289/27128] TestStringScanner#test_matched_size = 0.02 s
[ 2290/27128] TestStringScanner#test_skip_until_string = 0.01 s
[ 2291/27128] TestStringScanner#test_eos? = 0.02 s
[ 2292/27128] TestStringScanner#test_charpos_not_use_string_methods = 0.05 s
[ 2293/27128] TestStringScanner#test_const_Id = 0.01 s
[ 2294/27128] TestStringScanner#test_scan_until_string = 0.02 s
[ 2295/27128] TestStringScanner#test_size = 0.01 s
[ 2296/27128] TestStringScanner#test_matched = 0.02 s
[ 2297/27128] TestStringScanner#test_scan_integer_base_16 = 0.05 s
[ 2298/27128] TestStringScanner#test_generic_regexp = 0.01 s
[ 2299/27128] TestStringScanner#test_search_full = 0.02 s
[ 2300/27128] TestStringScanner#test_exist_p_invalid_argument = 0.01 s
[ 2301/27128] TestStringScanner#test_skip = 0.02 s
[ 2302/27128] TestStringScanner#test_AREF = 0.06 s
[ 2303/27128] TestStringScanner#test_pos = 0.01 s
[ 2304/27128] TestString#test_match_p_regexp = 0.03 s
[ 2305/27128] TestString#test_gsub = 0.03 s
[ 2306/27128] TestString#test_inspect_next_line = 0.01 s
[ 2307/27128] TestString#test_gsub! = 0.02 s
[ 2308/27128] TestString#test_each_char = 0.02 s
[ 2309/27128] TestString#test_lstrip = 0.01 s
[ 2310/27128] TestString#test_strip = 0.01 s
[ 2311/27128] TestString#test_VERY_EQUAL = 0.01 s
[ 2312/27128] TestString#test_reverse = 0.01 s
[ 2313/27128] TestString#test_downcase2 = 0.01 s
[ 2314/27128] TestString#test_delete_prefix_clear_coderange = 0.01 s
[ 2315/27128] TestString#test_byterindex = 0.12 s
[ 2316/27128] TestString#test_delete_suffix_clear_coderange = 0.01 s
[ 2317/27128] TestString#test_sub = 0.08 s
[ 2318/27128] TestString#test_times = 0.01 s
[ 2319/27128] TestString#test_downcase = 0.01 s
[ 2320/27128] TestString#test_string_interpolations_across_heaps_get_embedded = 0.02 s
[ 2321/27128] TestString#test_split_lookbehind = 0.01 s
[ 2322/27128] TestString#test_match_method = 0.02 s
[ 2323/27128] TestString#test_prepend = 0.02 s
[ 2324/27128] TestString#test_squeeze = 0.01 s
[ 2325/27128] TestString#test_dummy_inspect = 0.01 s
[ 2326/27128] TestString#test_AREF_invalid_encoding = 0.01 s
[ 2327/27128] TestString#test_squeeze! = 0.02 s
[ 2328/27128] TestString#test_eql? = 0.01 s
[ 2329/27128] TestString#test_append_bytes_into_binary = 0.01 s
[ 2330/27128] TestString#test_chilled_string_substring = 0.01 s
[ 2331/27128] TestString#test_PLUS = 0.01 s
[ 2332/27128] TestString#test_slice! = 0.05 s
[ 2333/27128] TestString#test_grapheme_clusters = 0.62 s
[ 2334/27128] TestString#test_str_new4 = 0.04 s
[ 2335/27128] TestString#test_ord = 0.01 s
[ 2336/27128] TestString#test_MUL = 0.01 s
[ 2337/27128] TestString#test_upcase2 = 0.01 s
[ 2338/27128] TestString#test_delete_suffix_bang_clear_coderange = 0.01 s
[ 2339/27128] TestString#test_tr! = 0.03 s
[ 2340/27128] TestString#test_delete_suffix_bang_newline = 0.01 s
[ 2341/27128] TestString#test_intern = 0.01 s
[ 2342/27128] TestString#test_split = 0.04 s
[ 2343/27128] TestString#test_delete_suffix_newline = 0.01 s
[ 2344/27128] TestString#test_lines = 0.01 s
[ 2345/27128] TestString#test_strip! = 0.02 s
[ 2346/27128] TestString#test_delete_prefix_type_error = 0.02 s
[ 2347/27128] TestString#test_delete_prefix_bang_clear_coderange = 0.01 s
[ 2348/27128] TestString#test_uplus_minus = 0.02 s
[ 2349/27128] TestString#test_split_encoding = 0.16 s
[ 2350/27128] TestString#test_succ = 0.04 s
[ 2351/27128] TestString#test_inspect_nul = 0.01 s
[ 2352/27128] TestString#test_empty? = 0.01 s
[ 2353/27128] TestString#test_scan_gc_compact_stress/root/ruby-3.4.1/test/ruby/test_string.rb:1682:
[BUG] Couldn't unprotect page 0x0000000000000000000000007a4f0000, errno: Memory protection violation
ruby 3.4.1 (2025-06-14 revision 742e381c9f) +PRISM [riscv64-freebsd]

-- Control frame information -----------------------------------------------
c:0031 p:0003 s:0176 e:000174 BLOCK  /root/ruby-3.4.1/test/ruby/test_string.rb:1682
c:0030 p:0024 s:0172 e:000171 METHOD /root/ruby-3.4.1/tool/lib/envutil.rb:254
c:0029 p:0046 s:0167 e:000166 METHOD /root/ruby-3.4.1/tool/lib/envutil.rb:268
c:0028 p:0019 s:0160 e:000159 METHOD /root/ruby-3.4.1/test/ruby/test_string.rb:1682
c:0027 p:0037 s:0156 e:000155 METHOD /root/ruby-3.4.1/tool/lib/test/unit/testcase.rb:202
c:0026 p:0052 s:0150 E:0002b0 METHOD /root/ruby-3.4.1/tool/lib/test/unit/testcase.rb:170
c:0025 p:0083 s:0141 e:000140 BLOCK  /root/ruby-3.4.1/tool/lib/test/unit.rb:1671 [FINISH]
c:0024 p:---- s:0134 e:000133 CFUNC  :map
c:0023 p:0103 s:0130 e:000129 METHOD /root/ruby-3.4.1/tool/lib/test/unit.rb:1658
c:0022 p:0035 s:0118 e:000117 METHOD /root/ruby-3.4.1/tool/lib/test/unit.rb:1362
c:0021 p:0010 s:0111 e:000109 BLOCK  /root/ruby-3.4.1/tool/lib/test/unit.rb:823 [FINISH]
c:0020 p:---- s:0105 e:000104 CFUNC  :each
c:0019 p:0047 s:0101 E:002680 METHOD /root/ruby-3.4.1/tool/lib/test/unit.rb:821
c:0018 p:0008 s:0094 E:0026f0 METHOD /root/ruby-3.4.1/tool/lib/test/unit.rb:858
c:0017 p:0130 s:0087 E:001740 METHOD /root/ruby-3.4.1/tool/lib/test/unit.rb:1604
c:0016 p:0016 s:0074 E:002400 METHOD /root/ruby-3.4.1/tool/lib/test/unit.rb:1299
c:0015 p:0005 s:0069 E:000930 METHOD /root/ruby-3.4.1/tool/lib/test/unit.rb:1769
c:0014 p:0006 s:0065 E:002540 BLOCK  /root/ruby-3.4.1/tool/lib/test/unit.rb:1756 [FINISH]
c:0013 p:---- s:0061 e:000060 CFUNC  :each
c:0012 p:0042 s:0057 E:0024a0 METHOD /root/ruby-3.4.1/tool/lib/test/unit.rb:1755
c:0011 p:0013 s:0052 E:002630 METHOD /root/ruby-3.4.1/tool/lib/test/unit.rb:1799
c:0010 p:0008 s:0047 E:001100 METHOD /root/ruby-3.4.1/tool/lib/test/unit.rb:1046
c:0009 p:0008 s:0041 E:001160 METHOD /root/ruby-3.4.1/tool/lib/test/unit.rb:891
c:0008 p:0017 s:0035 E:000010 METHOD /root/ruby-3.4.1/tool/lib/test/unit.rb:145
c:0007 p:0008 s:0030 E:000100 METHOD /root/ruby-3.4.1/tool/lib/test/unit.rb:1283
c:0006 p:0032 s:0025 E:001ab0 METHOD /root/ruby-3.4.1/tool/lib/test/unit.rb:1882
c:0005 p:0009 s:0021 E:0001f0 METHOD /root/ruby-3.4.1/tool/lib/test/unit.rb:1886
c:0004 p:0065 s:0016 E:0002e0 TOP    /root/ruby-3.4.1/tool/test/runner.rb:14 [FINISH]
c:0003 p:---- s:0011 e:000010 CFUNC  :require_relative
c:0002 p:0005 s:0006 E:001af0 EVAL   ../test/runner.rb:5 [FINISH]
c:0001 p:0000 s:0003 E:000fd0 DUMMY  [FINISH]

-- Ruby level backtrace information ----------------------------------------
../test/runner.rb:5:in '<main>'
../test/runner.rb:5:in 'require_relative'
/root/ruby-3.4.1/tool/test/runner.rb:14:in '<top (required)>'
/root/ruby-3.4.1/tool/lib/test/unit.rb:1886:in 'run'
/root/ruby-3.4.1/tool/lib/test/unit.rb:1882:in 'run'
/root/ruby-3.4.1/tool/lib/test/unit.rb:1283:in 'run'
/root/ruby-3.4.1/tool/lib/test/unit.rb:145:in 'run'
/root/ruby-3.4.1/tool/lib/test/unit.rb:891:in 'run'
/root/ruby-3.4.1/tool/lib/test/unit.rb:1046:in 'run'
/root/ruby-3.4.1/tool/lib/test/unit.rb:1799:in 'run'
/root/ruby-3.4.1/tool/lib/test/unit.rb:1755:in '_run'
/root/ruby-3.4.1/tool/lib/test/unit.rb:1755:in 'each'
/root/ruby-3.4.1/tool/lib/test/unit.rb:1756:in 'block in _run'
/root/ruby-3.4.1/tool/lib/test/unit.rb:1769:in 'run_tests'
/root/ruby-3.4.1/tool/lib/test/unit.rb:1299:in '_run_anything'
/root/ruby-3.4.1/tool/lib/test/unit.rb:1604:in '_run_anything'
/root/ruby-3.4.1/tool/lib/test/unit.rb:858:in '_run_suites'
/root/ruby-3.4.1/tool/lib/test/unit.rb:821:in '_run_suites'
/root/ruby-3.4.1/tool/lib/test/unit.rb:821:in 'each'
/root/ruby-3.4.1/tool/lib/test/unit.rb:823:in 'block in _run_suites'
/root/ruby-3.4.1/tool/lib/test/unit.rb:1362:in '_run_suite'
/root/ruby-3.4.1/tool/lib/test/unit.rb:1658:in '_run_suite'
/root/ruby-3.4.1/tool/lib/test/unit.rb:1658:in 'map'
/root/ruby-3.4.1/tool/lib/test/unit.rb:1671:in 'block in _run_suite'
/root/ruby-3.4.1/tool/lib/test/unit/testcase.rb:170:in 'run'
/root/ruby-3.4.1/tool/lib/test/unit/testcase.rb:202:in 'run_test'
/root/ruby-3.4.1/test/ruby/test_string.rb:1682:in 'test_scan_gc_compact_stress'
/root/ruby-3.4.1/tool/lib/envutil.rb:268:in 'under_gc_compact_stress'
/root/ruby-3.4.1/tool/lib/envutil.rb:254:in 'under_gc_stress'
/root/ruby-3.4.1/test/ruby/test_string.rb:1682:in 'block in test_scan_gc_compact_stress'

-- Threading information ---------------------------------------------------
Total ractor count: 1
Ruby thread count for this ractor: 3

-- C level backtrace information -------------------------------------------
In-address space security exception (core dumped)
root@cheribsd-riscv64-purecap:~/ruby-3.4.1/build #
