root@cheribsd-riscv64-purecap:~ # cd ruby-3.4.1/build
root@cheribsd-riscv64-purecap:~/ruby-3.4.1/build # ./trunnerallnorevoke.sh
start time: 2025-06-21T17:43:17
Running tests with miniruby without cherirevoke...
/root/ruby-3.4.1/lib/yaml.rb:3: warning: It seems your ruby installation is missing psych (for YAML
output).
To eliminate this warning, please install libyaml and reinstall your ruby.
/root/ruby-3.4.1/test/did_you_mean/test_tree_spell_checker.rb: cannot load such file -- psych
/root/ruby-3.4.1/lib/yaml.rb:3: warning: It seems your ruby installation is missing psych (for YAML
output).
To eliminate this warning, please install libyaml and reinstall your ruby.
/root/ruby-3.4.1/lib/yaml.rb:3: warning: It seems your ruby installation is missing psych (for YAML
output).
To eliminate this warning, please install libyaml and reinstall your ruby.
/root/ruby-3.4.1/lib/yaml.rb:3: warning: It seems your ruby installation is missing psych (for YAML
output).
To eliminate this warning, please install libyaml and reinstall your ruby.
Run options:
  --seed=42149
  "--ruby=./miniruby -I../lib -I. -I.ext/common  ../tool/runruby.rb --extout=.ext  -- --disable-gems
"
  --excludes-dir=../test/.excludes
  --name=!/memory_leak/
  --timeout-scale
  10
  --worker-timeout=100
  -v
  --test-order=random

# Running tests:

[    1/23688] TestIRB::CompletionTest::MethodCompletionTest#test_complete_reserved_words = 0.38 s
[    2/23688] TestIRB::CompletionTest::MethodCompletionTest#test_complete_hash_and_proc = 0.19 s
[    3/23688] TestIRB::CompletionTest::MethodCompletionTest#test_complete_numeric = 0.24 s
[    4/23688] TestIRB::CompletionTest::MethodCompletionTest#test_complete_invalid_three_colons = 0.3
1 s
[    5/23688] TestIRB::CompletionTest::MethodCompletionTest#test_complete_class = 0.17 s
[    6/23688] TestIRB::CompletionTest::MethodCompletionTest#test_complete_absolute_constants_with_sp
ecial_characters = 0.81 s
[    7/23688] TestIRB::CompletionTest::MethodCompletionTest#test_complete_array = 0.07 s
[    8/23688] TestIRB::CompletionTest::MethodCompletionTest#test_complete_string = 0.14 s
[    9/23688] TestIRB::CompletionTest::MethodCompletionTest#test_not_completing_empty_string = 0.06
s
[   10/23688] TestIRB::CompletionTest::MethodCompletionTest#test_complete_regexp = 0.09 s
[   11/23688] TestIRB::CompletionTest::MethodCompletionTest#test_complete_symbol = 0.06 s
[   12/23688] TestIRB::CompletionTest::MethodCompletionTest#test_complete_methods = 1.09 s
[   13/23688] TestIRB::DisableIRBTest#test_disable_irb_disable_further_irb_breakpoints = 0.06 s
[   14/23688] Reline::Test#test_auto_indent_proc = 0.04 s
[   15/23688] Reline::Test#test_read_eof_returns_input = 15.45 s
[   16/23688] Reline::Test#test_pre_input_hook = 0.30 s
[   17/23688] Reline::Test#test_completion_case_fold = 0.25 s
[   18/23688] Reline::Test#test_require_reline_should_not_trigger_winsize = 14.70 s
[   19/23688] Reline::Test#test_completer_word_break_characters = 0.25 s
[   20/23688] Reline::Test#test_print_prompt_before_everything_else = 15.40 s
[   21/23688] Reline::Test#test_readline = 0.28 s
[   22/23688] Reline::Test#test_dumb_terminal = 14.44 s
[   23/23688] Reline::Test#test_completion_proc = 0.27 s
[   24/23688] Reline::Test#test_filename_quote_characters = 0.25 s
[   25/23688] Reline::Test#test_read_eof_returns_nil_if_empty = 15.39 s
[   26/23688] Reline::Test#test_set_input_and_output = 0.66 s
[   27/23688] Reline::Test#test_special_prefixes = 0.23 s
[   28/23688] Reline::Test#test_completer_quote_characters = 0.23 s
[   29/23688] Reline::Test#test_output_modifier_proc = 0.24 s
[   30/23688] Reline::Test#test_vi_editing_mode = 0.23 s
[   31/23688] Reline::Test#test_add_dialog_proc_with_context = 0.23 s
[   32/23688] Reline::Test#test_read_io = 0.23 s
[   33/23688] Reline::Test#test_prompt_proc = 0.24 s
[   34/23688] Reline::Test#test_completion_append_character = 0.24 s
[   35/23688] Reline::Test#test_dig_perfect_match_proc = 0.24 s
[   36/23688] Reline::Test#test_emacs_editing_mode = 0.23 s
[   37/23688] Reline::Test#test_delete_text = 0.26 s
[   38/23688] Reline::Test#test_add_dialog_proc = 0.24 s
[   39/23688] Reline::Test#test_insert_text = 0.24 s
[   40/23688] Reline::Test#test_basic_word_break_characters = 0.23 s
[   41/23688] Reline::Test#test_tty_amibuous_width = 44.47 s
[   42/23688] Reline::Test#test_basic_quote_characters = 0.26 s
[   43/23688] Reline::Test#test_readmultiline = 0.25 s
[   44/23688] TestRipper::Generic#"test_parse_files:sample" = 17.37 s
[   45/23688] TestRipper::Generic#"test_parse_files:lib/reline" = 110.09 s
[   46/23688] TestRipper::Generic#"test_parse_files:test/erb" = 23.95 s
[   47/23688] TestRipper::Generic#"test_parse_files:test/etc" = 15.06 s
[   48/23688] TestRipper::Generic#"test_parse_files:test/irb" = 17.45 s
[   49/23688] TestRipper::Generic#"test_parse_files:lib/uri" = 50.42 s
[   50/23688] TestRipper::Generic#"test_parse_files:lib/error_highlight" = 23.11 s
[   51/23688] TestRipper::Generic#"test_parse_files:lib" = 16.46 s
[   52/23688] TestRipper::Generic#"test_parse_files:test/socket" = 74.60 s
[   53/23688] TestRipper::Generic#"test_parse_files:test/lib" = 12.26 s
[   54/23688] TestRipper::Generic#"test_parse_files:lib/prism" = 11.41 s
[   55/23688] TestRipper::Generic#"test_parse_files:test/pathname" = 52.75 s
[   56/23688] TestRipper::Generic#"test_parse_files:lib/net" = 58.92 s
[   57/23688] TestRipper::Generic#"test_parse_files:test/fiddle" = 59.94 s
[   58/23688] TestRipper::Generic#"test_parse_files:test/yaml" = 15.49 s
[   59/23688] TestRipper::Generic#"test_parse_files:test/ripper" = 97.11 s
[   60/23688] TestRipper::Generic#"test_parse_files:test/stringio" = 33.46 s
[   61/23688] TestRipper::Generic#"test_parse_files:test/monitor" = 16.29 s
[   62/23688] TestRipper::Generic#"test_parse_files:lib/bundler" = 43.20 s
[   63/23688] TestRipper::Generic#"test_parse_files:test/psych" = 16.47 s
[   64/23688] TestRipper::Generic#"test_parse_files:lib/random" = 14.66 s
[   65/23688] TestRipper::Generic#"test_parse_files:lib/cgi" = 41.42 s
[   66/23688] TestRipper::Generic#"test_parse_files:test/dtrace" = 21.24 s
[   67/23688] TestRipper::Generic#"test_parse_files:lib/yaml" = 15.09 s
[   68/23688] TestRipper::Generic#"test_parse_files:test/set" = 29.06 s
[   69/23688] TestRipper::Generic#"test_parse_files:test/digest" = 18.99 s
[   70/23688] TestRipper::Generic#"test_parse_files:test/reline" = 128.56 s
[   71/23688] TestRipper::Generic#"test_parse_files:test/openssl" = 20.12 s
[   72/23688] TestRipper::Generic#"test_parse_files:lib/did_you_mean" = 22.05 s
[   73/23688] TestRipper::Generic#"test_parse_files:lib/optparse" = 15.59 s
[   74/23688] TestRipper::Generic#"test_parse_files:test/win32" = 16.76 s
[   75/23688] TestRipper::Generic#"test_parse_files:test/objspace" = 11.46 s
[   76/23688] TestRipper::Generic#"test_parse_files:test/optparse" = 38.87 s
[   77/23688] TestRipper::Generic#"test_parse_files:test/fiber" = 37.15 s
[   78/23688] TestRipper::Generic#"test_parse_files:lib/open3" = 11.37 s
[   79/23688] TestRipper::Generic#"test_parse_files:test/error_highlight" = 19.90 s
[   80/23688] TestRipper::Generic#"test_parse_files:lib/logger" = 17.27 s
[   81/23688] TestRipper::Generic#"test_parse_files:lib/ruby_vm" = 162.47 s
[   82/23688] TestRipper::Generic#"test_parse_files:test/json" = 40.52 s
[   83/23688] TestRipper::Generic#"test_parse_files:test/ruby" = 41.11 s
[   84/23688] TestRipper::Generic#"test_parse_files:test/io" = 27.93 s
[   85/23688] TestRipper::Generic#"test_parse_files:lib/rdoc" = 29.62 s
[   86/23688] TestRipper::Generic#"test_parse_files:test/open-uri" = 41.70 s
[   87/23688] TestRipper::Generic#"test_parse_files:test" = 14.57 s
[   88/23688] TestRipper::Generic#"test_parse_files:test/coverage" = 24.30 s
[   89/23688] TestRipper::Generic#"test_parse_files:test/strscan" = 34.47 s
[   90/23688] TestRipper::Generic#"test_parse_files:test/mkmf" = 27.63 s
[   91/23688] TestRipper::Generic#"test_parse_files:test/benchmark" = 14.68 s
[   92/23688] TestRipper::Generic#"test_parse_files:test/prism" = 16.17 s
[   93/23688] TestRipper::Generic#"test_parse_files:test/zlib" = 11.15 s
[   94/23688] TestRipper::Generic#"test_parse_files:lib/set" = 11.50 s
[   95/23688] TestRipper::Generic#"test_parse_files:test/resolv" = 35.11 s
[   96/23688] TestRipper::Generic#"test_parse_files:test/win32ole" = 13.91 s
[   97/23688] TestRipper::Generic#"test_parse_files:lib/forwardable" = 11.60 s
[   98/23688] TestRipper::Generic#"test_parse_files:test/fileutils" = 47.47 s
[   99/23688] TestRipper::Generic#"test_parse_files:test/rubygems" = 45.88 s
[  100/23688] TestRipper::Generic#"test_parse_files:test/did_you_mean" = 36.05 s
[  101/23688] TestRipper::Generic#"test_parse_files:test/logger" = 34.04 s
[  102/23688] TestRipper::Generic#"test_parse_files:test/cgi" = 52.05 s
[  103/23688] TestRipper::Generic#"test_parse_files:test/ostruct" = 19.47 s
[  104/23688] TestRipper::Generic#"test_parse_files:test/-ext-" = 12.29 s
[  105/23688] TestRipper::Generic#"test_parse_files:lib/rubygems" = 65.02 s
[  106/23688] TestRipper::Generic#"test_parse_files:ext" = 17.49 s
[  107/23688] TestRipper::Generic#"test_parse_files:lib/unicode_normalize" = 158.76 s
[  108/23688] TestRipper::Generic#"test_parse_files:test/net" = 68.30 s
[  109/23688] TestRipper::Generic#"test_parse_files:test/rdoc" = 26.20 s
[  110/23688] TestRipper::Generic#"test_parse_files:test/uri" = 45.79 s
[  111/23688] TestRipper::Generic#"test_parse_files:test/date" = 148.09 s
[  112/23688] TestRipper::Generic#"test_parse_files:lib/syntax_suggest" = 11.84 s
[  113/23688] TestRipper::Generic#"test_parse_files:lib/irb" = 12.36 s
[  114/23688] TestRipper::Generic#"test_parse_files:lib/erb" = 18.77 s
[  115/23688] TestRDocMarkupToHtmlSnippet#test_accept_list_item_start_ualpha = 2.94 s
[  116/23688] TestRDocMarkupToHtmlSnippet#test_convert_limit = 0.40 s
[  117/23688] TestRDocMarkupToHtmlSnippet#test_accept_list_end_ualpha = 0.08 s
[  118/23688] TestRDocMarkupToHtmlSnippet#test_accept_list_item_end_ualpha = 0.08 s
[  119/23688] TestRDocMarkupToHtmlSnippet#test_accept_paragraph_b = 0.12 s
[  120/23688] TestRDocMarkupToHtmlSnippet#test_convert_RDOCLINK_ref = 0.11 s
[  121/23688] TestRDocMarkupToHtmlSnippet#test_accept_paragraph_plus = 0.11 s
[  122/23688] TestRDocMarkupToHtmlSnippet#test_convert_RDOCLINK_label_label = 0.11 s
[  123/23688] TestRDocMarkupToHtmlSnippet#test_accept_list_item_end_label = 0.10 s
[  124/23688] TestRDocMarkupToHtmlSnippet#test_accept_list_start_bullet = 0.08 s
[  125/23688] TestRDocMarkupToHtmlSnippet#test_convert_limit_in_tag = 0.14 s
[  126/23688] TestRDocMarkupToHtmlSnippet#test_convert_limit_over = 0.13 s
[  127/23688] TestRDocMarkupToHtmlSnippet#test_list_verbatim_2 = 0.24 s
[  128/23688] TestRDocMarkupToHtmlSnippet#test_end_accepting = 0.07 s
[  129/23688] TestRDocMarkupToHtmlSnippet#test_accept_list_item_start_lalpha = 0.08 s
[  130/23688] TestRDocMarkupToHtmlSnippet#test_accept_list_start_note = 0.07 s
[  131/23688] TestRDocMarkupToHtmlSnippet#test_accept_list_end_lalpha = 0.08 s
[  132/23688] TestRDocMarkupToHtmlSnippet#test_convert_limit_verbatim_2 = 0.23 s
[  133/23688] TestRDocMarkupToHtmlSnippet#test_accept_list_item_start_note = 0.10 s
[  134/23688] TestRDocMarkupToHtmlSnippet#test_accept_list_item_end_lalpha = 0.08 s
[  135/23688] TestRDocMarkupToHtmlSnippet#test_accept_raw = 0.08 s
[  136/23688] TestRDocMarkupToHtmlSnippet#test_accept_list_item_start_note_multi_label = 0.15 s
[  137/23688] TestRDocMarkupToHtmlSnippet#test_accept_list_item_start_note_multi_description = 0.16
s
[  138/23688] TestRDocMarkupToHtmlSnippet#test_accept_verbatim_ruby_error = 0.09 s
[  139/23688] TestRDocMarkupToHtmlSnippet#test_convert_RDOCLINK_label_footmark = 0.11 s
[  140/23688] TestRDocMarkupToHtmlSnippet#test_convert_RDOCLINK_label_foottext = 0.12 s
[  141/23688] TestRDocMarkupToHtmlSnippet#test_accept_list_end_note = 0.08 s
[  142/23688] TestRDocMarkupToHtmlSnippet#test_accept_heading_aref_method = 0.26 s
[  143/23688] TestRDocMarkupToHtmlSnippet#test_accept_list_start_number = 0.08 s
[  144/23688] TestRDocMarkupToHtmlSnippet#test_accept_heading_2 = 0.11 s
[  145/23688] TestRDocMarkupToHtmlSnippet#test_accept_paragraph = 0.11 s
[  146/23688] TestRDocMarkupToHtmlSnippet#test_accept_blank_line = 0.08 s
[  147/23688] TestRDocMarkupToHtmlSnippet#test_accept_paragraph_star = 0.12 s
[  148/23688] TestRDocMarkupToHtmlSnippet#test_to_html = 0.12 s
[  149/23688] TestRDocMarkupToHtmlSnippet#test_handle_regexp_HYPERLINK_link = 0.08 s
[  150/23688] TestRDocMarkupToHtmlSnippet#test_accept_list_start_label = 0.08 s
[  151/23688] TestRDocMarkupToHtmlSnippet#test_accept_heading_4 = 0.11 s
[  152/23688] TestRDocMarkupToHtmlSnippet#test_accept_list_item_end_note = 0.11 s
[  153/23688] TestRDocMarkupToHtmlSnippet#test_accept_verbatim_ruby = 0.13 s
[  154/23688] TestRDocMarkupToHtmlSnippet#test_start_accepting = 0.07 s
[  155/23688] TestRDocMarkupToHtmlSnippet#test_convert_string = 0.07 s
[  156/23688] TestRDocMarkupToHtmlSnippet#test_accept_list_item_start_note_2 = 0.14 s
[  157/23688] TestRDocMarkupToHtmlSnippet#test_accept_paragraph_br = 0.11 s
[  158/23688] TestRDocMarkupToHtmlSnippet#test_accept_list_start_ualpha = 0.08 s
[  159/23688] TestRDocMarkupToHtmlSnippet#test_accept_heading_7 = 0.10 s
[  160/23688] TestRDocMarkupToHtmlSnippet#test_accept_heading_1 = 0.10 s
[  161/23688] TestRDocMarkupToHtmlSnippet#test_accept_heading_3 = 0.10 s
[  162/23688] TestRDocMarkupToHtmlSnippet#test_accept_heading_suppressed_crossref = 0.10 s
[  163/23688] TestRDocMarkupToHtmlSnippet#test_convert_limit_2 = 0.24 s
[  164/23688] TestRDocMarkupToHtmlSnippet#test_convert_limit_verbatim = 0.20 s
[  165/23688] TestRDocMarkupToHtmlSnippet#test_accept_paragraph_break = 0.11 s
[  166/23688] TestRDocMarkupToHtmlSnippet#test_accept_block_quote = 0.10 s
[  167/23688] TestRDocMarkupToHtmlSnippet#test_accept_list_item_start_bullet = 0.07 s
[  168/23688] TestRDocMarkupToHtmlSnippet#test_accept_paragraph_underscore = 0.11 s
[  169/23688] TestRDocMarkupToHtmlSnippet#test_accept_list_end_bullet = 0.08 s
[  170/23688] TestRDocMarkupToHtmlSnippet#test_accept_list_item_start_label = 0.10 s
[  171/23688] TestRDocMarkupToHtmlSnippet#test_accept_list_item_end_bullet = 0.08 s
[  172/23688] TestRDocMarkupToHtmlSnippet#test_accept_rule = 0.10 s
[  173/23688] TestRDocMarkupToHtmlSnippet#test_accept_heading = 0.11 s
[  174/23688] TestRDocMarkupToHtmlSnippet#test_accept_list_end_label = 0.08 s
[  175/23688] TestRDocMarkupToHtmlSnippet#test_convert_limit_verbatim_multiline = 0.20 s
[  176/23688] TestRDocMarkupToHtmlSnippet#test_accept_list_start_lalpha = 0.08 s
[  177/23688] TestRDocMarkupToHtmlSnippet#test_convert_TIDYLINK_rdoc_label = 0.13 s
[  178/23688] TestRDocMarkupToHtmlSnippet#test_off_tags = 0.08 s
[  179/23688] TestRDocMarkupToHtmlSnippet#test_list_nested = 0.17 s
[  180/23688] TestRDocMarkupToHtmlSnippet#test_accept_list_item_end_number = 0.08 s
[  181/23688] TestRDocMarkupToHtmlSnippet#test_add_paragraph = 0.31 s
[  182/23688] TestRDocMarkupToHtmlSnippet#test_accept_list_end_number = 0.08 s
[  183/23688] TestRDocMarkupToHtmlSnippet#test_accept_document = 0.12 s
[  184/23688] TestRDocMarkupToHtmlSnippet#test_accept_list_item_start_number = 0.10 s
[  185/23688] TestRDocMarkupToHtmlSnippet#test_accept_heading_b = 0.15 s
[  186/23688] TestRDocMarkupToHtmlSnippet#test_convert_limit_paragraphs = 0.82 s
[  187/23688] TestRDocMarkupToHtmlSnippet#test_on_tags = 0.07 s
[  188/23688] TestRDocMarkupToHtmlSnippet#test_accept_paragraph_i = 0.11 s
[  189/23688] TestRDocMarkupToHtmlSnippet#test_accept_heading_aref_class = 0.37 s
[  190/23688] TestRDocMarkupToHtmlSnippet#test_accept_verbatim = 0.10 s
[  191/23688] TestRDocMarkupToHtmlSnippet#test_list_verbatim = 0.10 s
[  192/23688] TestGemStreamUI#test_ask_for_password = 0.73 s
[  193/23688] TestGemStreamUI#test_ask_for_password_no_tty = 0.56 s
[  194/23688] TestGemStreamUI#test_ask_yes_no_no_tty_without_default = 0.50 s
[  195/23688] TestGemStreamUI#test_verbose_download_reporter_progress_nil_length = 0.48 s
[  196/23688] TestGemStreamUI#test_verbose_download_reporter_progress_complete = 0.49 s
[  197/23688] TestGemStreamUI#test_choose_from_list_negative = 0.48 s
[  198/23688] TestGemStreamUI#test_download_reporter_silent_false = 0.48 s
[  199/23688] TestGemStreamUI#test_progress_reporter_simple = 0.47 s
[  200/23688] TestGemStreamUI#test_ask_no_tty = 0.48 s
[  201/23688] TestGemStreamUI#test_ask = 0.49 s
[  202/23688] TestGemStreamUI#test_threaded_download_reporter = 0.48 s
[  203/23688] TestGemStreamUI#test_verbose_download_reporter_progress_zero_length = 0.47 s
[  204/23688] TestGemStreamUI#test_progress_reporter_silent_nil = 0.49 s
[  205/23688] TestGemStreamUI#test_progress_reporter_verbose = 0.49 s
[  206/23688] TestGemStreamUI#test_choose_from_list_EOF = 0.49 s
[  207/23688] TestGemStreamUI#test_choose_from_list = 0.49 s
[  208/23688] TestGemStreamUI#test_ask_yes_no_no_tty_with_default = 0.48 s
[  209/23688] TestGemStreamUI#test_verbose_download_reporter_progress_once = 0.49 s
[  210/23688] TestGemStreamUI#test_verbose_download_reporter_no_tty = 0.49 s
[  211/23688] TestGemStreamUI#test_download_reporter_silent_nil = 0.49 s
[  212/23688] TestGemStreamUI#test_choose_from_list_0 = 0.50 s
[  213/23688] TestGemStreamUI#test_verbose_download_reporter_progress = 0.48 s
[  214/23688] TestGemStreamUI#test_choose_from_list_over = 0.48 s
[  215/23688] TestGemStreamUI#test_download_reporter_anything = 0.48 s
[  216/23688] TestGemStreamUI#test_progress_reporter_silent_false = 0.49 s
[  217/23688] TestFiberIO#test_backquote = 8.55 s
[  218/23688] TestFiberIO#test_puts_empty = 0.08 s
[  219/23688] TestFiberIO#test_read_write_blocking = 0.07 s
[  220/23688] TestFiberIO#test_heavy_read = 12.32 s
[  221/23688] TestFiberIO#test_io_select = 0.04 s
[  222/23688] TestFiberIO#test_tcp_connect = 0.14 s
[  223/23688] TestFiberIO#test_read = 0.26 s
[  224/23688] TestFiberIO#test_tcp_accept = 0.07 s
[  225/23688] TestFiberIO#test_epipe_on_read = 0.13 s
[  226/23688] TestFiberIO#test_close_while_reading_on_thread = 0.07 s
[  227/23688] TestBig5#test_left_adjust_char_head = 0.01 s
[  228/23688] TestBig5#test_mbc_enc_len = 0.01 s
[  229/23688] TestBig5#test_mbc_case_fold = 0.01 s
[  230/23688] TestBig5#test_mbc_to_code = 0.01 s
[  231/23688] TestBig5#test_code_to_mbc = 0.01 s
[  232/23688] TestEUC_JP#test_mbc_case_fold = 0.02 s
[  233/23688] TestEUC_JP#test_charboundary = 0.01 s
[  234/23688] TestEUC_JP#test_property = 0.02 s
[  235/23688] Bug::Test_ExceptionDE#test_cleanup_data_error = 8.05 s
[  236/23688] Prism::ConstantPathNodeTest#test_full_name_for_constant_path_with_self = 0.06 s
[  237/23688] Prism::ConstantPathNodeTest#test_full_name_for_constant_path_target_with_non_constant_
parent = 0.03 s
[  238/23688] Prism::ConstantPathNodeTest#test_full_name_for_constant_read_node = 0.01 s
[  239/23688] Prism::ConstantPathNodeTest#test_full_name_for_constant_path_with_variable = 0.02 s
[  240/23688] Prism::ConstantPathNodeTest#test_full_name_for_constant_path = 0.02 s
[  241/23688] Prism::ConstantPathNodeTest#test_full_name_for_constant_path_target = 0.02 s
[  242/23688] Prism::ConstantPathNodeTest#test_full_name_for_constant_path_with_stovetop_start = 0.0
2 s
[  243/23688] TestGemBundlerVersionFinder#test_prioritize = 0.94 s
[  244/23688] TestGemBundlerVersionFinder#test_bundler_version = 0.57 s
[  245/23688] TestGemBundlerVersionFinder#test_deleted_directory = 0.63 s
[  246/23688] TestGemBundlerVersionFinder#test_bundler_version_with_lockfile = 0.63 s
[  247/23688] TestGemBundlerVersionFinder#test_bundler_version_with_env_var = 0.52 s
[  248/23688] TestGemBundlerVersionFinder#test_bundler_version_with_bundle_update_bundler = 0.64 s
[  249/23688] TestGemBundlerVersionFinder#test_bundler_version_defaults_to_nil = 0.52 s
[  250/23688] TestRDocGeneratorJsonIndex#test_generate = 0.78 s
[  251/23688] TestRDocGeneratorJsonIndex#test_generate_utf_8 = 0.57 s
[  252/23688] TestRDocGeneratorJsonIndex#test_file_dir = 0.16 s
[  253/23688] TestRDocGeneratorJsonIndex#test_class_dir = 0.17 s
[  254/23688] TestRDocGeneratorJsonIndex#test_index_classes_nodoc = 0.17 s
[  255/23688] TestRDocGeneratorJsonIndex#test_generate_search_index_with_reproducible_builds = 0.38
s
[  256/23688] TestRDocGeneratorJsonIndex#test_search_string = 0.16 s
[  257/23688] TestRDocGeneratorJsonIndex#test_generate_gzipped = 0.58 s
[  258/23688] TestRDocGeneratorJsonIndex#test_index_methods = 0.24 s
[  259/23688] TestRDocGeneratorJsonIndex#test_build_index = 0.35 s
[  260/23688] TestRDocGeneratorJsonIndex#test_index_pages = 0.21 s
[  261/23688] TestRDocGeneratorJsonIndex#test_index_classes = 0.24 s
[  262/23688] OpenSSL::TestPKeyDH#test_DHparams = 0.60 s
[  263/23688] OpenSSL::TestPKeyDH#test_public_key = 0.19 s
[  264/23688] OpenSSL::TestPKeyDH#test_marshal = 0.19 s
[  265/23688] OpenSSL::TestPKeyDH#test_params_ok? = 0.20 s
[  266/23688] OpenSSL::TestPKeyDH#test_new_break_on_non_fips = 0.05 s
[  267/23688] OpenSSL::TestPKeyDH#test_dup = 0.42 s
[  268/23688] OpenSSL::TestPKeyDH#test_new_empty = 0.01 s
[  269/23688] OpenSSL::TestPKeyDH#test_derive_key = 1.26 s
[  270/23688] OpenSSL::TestPKeyDH#test_new_break_on_fips = 0.04 s
[  271/23688] TestRDocMarkupToLabel#test_convert_crossref = 0.38 s
[  272/23688] TestRDocMarkupToLabel#test_accept_list_item_start_ualpha = 0.06 s
[  273/23688] TestRDocMarkupToLabel#test_accept_list_end_ualpha = 0.06 s
[  274/23688] TestRDocMarkupToLabel#test_accept_list_item_end_ualpha = 0.05 s
[  275/23688] TestRDocMarkupToLabel#test_accept_paragraph_b = 0.06 s
[  276/23688] TestRDocMarkupToLabel#test_accept_paragraph_plus = 0.06 s
[  277/23688] TestRDocMarkupToLabel#test_accept_list_item_end_label = 0.06 s
[  278/23688] TestRDocMarkupToLabel#test_accept_list_start_bullet = 0.06 s
[  279/23688] TestRDocMarkupToLabel#test_end_accepting = 0.07 s
[  280/23688] TestRDocMarkupToLabel#test_accept_list_item_start_lalpha = 0.06 s
[  281/23688] TestRDocMarkupToLabel#test_accept_list_start_note = 0.05 s
[  282/23688] TestRDocMarkupToLabel#test_accept_list_end_lalpha = 0.06 s
[  283/23688] TestRDocMarkupToLabel#test_accept_list_item_start_note = 0.06 s
[  284/23688] TestRDocMarkupToLabel#test_accept_list_item_end_lalpha = 0.05 s
[  285/23688] TestRDocMarkupToLabel#test_accept_raw = 0.05 s
[  286/23688] TestRDocMarkupToLabel#test_accept_list_item_start_note_multi_label = 0.05 s
[  287/23688] TestRDocMarkupToLabel#test_accept_list_item_start_note_multi_description = 0.05 s
[  288/23688] TestRDocMarkupToLabel#test_convert_em = 0.10 s
[  289/23688] TestRDocMarkupToLabel#test_accept_list_end_note = 0.05 s
[  290/23688] TestRDocMarkupToLabel#test_convert_bold = 0.10 s
[  291/23688] TestRDocMarkupToLabel#test_accept_list_start_number = 0.05 s
[  292/23688] TestRDocMarkupToLabel#test_convert_em_dash = 0.07 s
[  293/23688] TestRDocMarkupToLabel#test_accept_heading_2 = 0.05 s
[  294/23688] TestRDocMarkupToLabel#test_accept_paragraph = 0.05 s
[  295/23688] TestRDocMarkupToLabel#test_accept_blank_line = 0.05 s
[  296/23688] TestRDocMarkupToLabel#test_accept_paragraph_star = 0.05 s
[  297/23688] TestRDocMarkupToLabel#test_accept_list_start_label = 0.05 s
[  298/23688] TestRDocMarkupToLabel#test_accept_heading_4 = 0.05 s
[  299/23688] TestRDocMarkupToLabel#test_accept_list_item_end_note = 0.05 s
[  300/23688] TestRDocMarkupToLabel#test_start_accepting = 0.05 s
[  301/23688] TestRDocMarkupToLabel#test_accept_list_item_start_note_2 = 0.05 s
[  302/23688] TestRDocMarkupToLabel#test_accept_paragraph_br = 0.05 s
[  303/23688] TestRDocMarkupToLabel#test_accept_list_start_ualpha = 0.05 s
[  304/23688] TestRDocMarkupToLabel#test_accept_heading_1 = 0.05 s
[  305/23688] TestRDocMarkupToLabel#test_accept_heading_3 = 0.05 s
[  306/23688] TestRDocMarkupToLabel#test_accept_heading_suppressed_crossref = 0.05 s
[  307/23688] TestRDocMarkupToLabel#test_accept_paragraph_break = 0.05 s
[  308/23688] TestRDocMarkupToLabel#test_accept_block_quote = 0.05 s
[  309/23688] TestRDocMarkupToLabel#test_accept_list_item_start_bullet = 0.05 s
[  310/23688] TestRDocMarkupToLabel#test_accept_paragraph_underscore = 0.05 s
[  311/23688] TestRDocMarkupToLabel#test_accept_list_end_bullet = 0.05 s
[  312/23688] TestRDocMarkupToLabel#test_accept_list_item_start_label = 0.05 s
[  313/23688] TestRDocMarkupToLabel#test_accept_list_item_end_bullet = 0.05 s
[  314/23688] TestRDocMarkupToLabel#test_accept_rule = 0.05 s
[  315/23688] TestRDocMarkupToLabel#test_accept_heading = 0.05 s
[  316/23688] TestRDocMarkupToLabel#test_accept_list_end_label = 0.05 s
[  317/23688] TestRDocMarkupToLabel#test_accept_list_start_lalpha = 0.05 s
[  318/23688] TestRDocMarkupToLabel#test_convert_tidylink = 0.11 s
[  319/23688] TestRDocMarkupToLabel#test_list_nested = 0.06 s
[  320/23688] TestRDocMarkupToLabel#test_accept_list_item_end_number = 0.05 s
[  321/23688] TestRDocMarkupToLabel#test_accept_list_end_number = 0.05 s
[  322/23688] TestRDocMarkupToLabel#test_accept_document = 0.06 s
[  323/23688] TestRDocMarkupToLabel#test_accept_list_item_start_number = 0.05 s
[  324/23688] TestRDocMarkupToLabel#test_accept_heading_b = 0.05 s
[  325/23688] TestRDocMarkupToLabel#test_convert_tt = 0.09 s
[  326/23688] TestRDocMarkupToLabel#test_accept_paragraph_i = 0.07 s
[  327/23688] TestRDocMarkupToLabel#test_convert_escape = 0.09 s
[  328/23688] TestRDocMarkupToLabel#test_accept_verbatim = 0.08 s
[  329/23688] TestRDocMarkupToLabel#test_list_verbatim = 0.08 s
[  330/23688] PPTestModule::PPInheritedTest#test_hash_override = 0.12 s
[  331/23688] TestThread#test_mutex_synchronize = 5.04 s
[  332/23688] TestThread#test_exit = 0.02 s
[  333/23688] TestThread#test_thread_join_main_thread = 0.02 s
[  334/23688] TestThread#test_mutex_deadlock = 0.01 s
[  335/23688] TestThread#test_handle_interrupt_with_break = 0.01 s
[  336/23688] TestThread#test_thread_native_thread_id = 0.02 s
[  337/23688] TestThread#test_join_limit_negative_INT64_MIN = 0.03 s
[  338/23688] TestThread#test_main_thread_variable_in_enumerator = 0.01 s
[  339/23688] TestThread#test_thread_variable_strings_and_symbols_are_the_same_key = 0.23 s
[  340/23688] TestThread#test_status_and_stop_p = 0.04 s
[  341/23688] TestThread#test_handle_interrupt_with_return = 0.01 s
[  342/23688] TestThread#test_kill_main_thread = 2.30 s
[  343/23688] TestThread#test_thread_local_security = 0.05 s
[  344/23688] TestThread#test_mutex_owned = 0.01 s
[  345/23688] TestThread#test_handle_interrupt_and_p = 2.41 s
[  346/23688] TestThread#test_yield_across_thread_through_enum = 0.06 s
[  347/23688] TestThread#test_priority = 0.94 s
[  348/23688] TestThread#test_thread_variables = 0.03 s
[  349/23688] TestThread#test_handle_interrupt = 0.30 s
[  350/23688] TestThread#test_list = 2.36 s
[  351/23688] TestThread#test_thread_variable_frozen = 0.02 s
[  352/23688] TestThread#test_thread_local_dynamic_symbol = 0.03 s
[  353/23688] TestThread#test_handle_interrupt_and_io = 2.40 s
[  354/23688] TestThread#test_thread_status_raise_after_kill = 0.05 s
[  355/23688] TestThread#test_join = 0.09 s
[  356/23688] TestThread#test_join_limit_negative_minus_INFINITY = 0.03 s
[  357/23688] TestThread#test_new = 0.03 s
[  358/23688] TestThread#test_main_thread_status_at_exit = 2.84 s
[  359/23688] TestThread#test_inspect_with_fiber = 0.03 s
[  360/23688] TestThread#test_pending_interrupt? = 0.02 s
[  361/23688] TestThread#test_thread_invalid_name = 0.03 s
[  362/23688] TestThread#test_thread_variable_in_enumerator = 0.02 s
[  363/23688] TestThread#test_switch_while_busy_loop = 0.34 s
[  364/23688] TestThread#test_thread_local = 0.03 s
[  365/23688] TestThread#test_join_limit_negative_FIXNUM_MIN = 0.02 s
[  366/23688] TestThread#test_no_valid_cfp = 0.03 s
[  367/23688] TestThread#test_mutex_fifo_like_lock = 0.01 s
[  368/23688] TestThread#test_subclass_no_initialize = 0.04 s
[  369/23688] TestThread#test_join_limit_negative_minus_0_1 = 0.02 s
[  370/23688] TestThread#test_thread_interrupt_for_killed_thread = 50.46 s
[  371/23688] TestThread#test_thread_instance_variable = 2.27 s
[  372/23688] TestThread#test_handle_interrupt_invalid_argument = 0.03 s
[  373/23688] TestThread#test_fork_while_parent_locked = 0.73 s
[  374/23688] TestThread#test_handle_interrupt_blocking = 0.07 s
[  375/23688] TestThread#test_mutex_interrupt = 0.03 s
[  376/23688] TestThread#test_backtrace = 0.05 s
[  377/23688] TestThread#test_select_wait = 0.25 s
[  378/23688] TestThread#test_thread_local_fetch = 0.04 s
[  379/23688] TestThread#test_signal_at_join = 0.03 s
[  380/23688] TestThread#test_mutex_owned2 = 0.02 s
[  381/23688] TestThread#test_uninitialized = 0.03 s
[  382/23688] TestThread#test_blocking_mutex_unlocked_on_fork = 4.62 s
[  383/23688] TestThread#test_local_barrier = 24.20 s
[  384/23688] TestThread#test_kill_wrong_argument = 0.02 s
[  385/23688] TestThread#test_thread_native_thread_id_across_fork_on_linux = 0.27 s
[  386/23688] TestThread#test_handle_interrupted? = 0.04 s
[  387/23688] TestThread#test_thread_setname_in_initialize = 0.03 s
[  388/23688] TestThread#test_new_symbol_proc = 7.42 s
[  389/23688] TestThread#test_thread_join_current = 0.02 s
[  390/23688] TestThread#test_mutex_illegal_unlock = 0.03 s
[  391/23688] TestThread#test_report_on_exception = 9.02 s
[  392/23688] TestThread#test_ignore_deadlock = 10.59 s
[  393/23688] TestThread#test_abort_on_exception = 9.35 s
[  394/23688] TestThread#test_inspect = 0.14 s
[  395/23688] TestThread#test_fork_value = 4.59 s
[  396/23688] TestThread#test_join_argument_conversion = 0.04 s
[  397/23688] TestThread#test_join2 = 0.07 s
[  398/23688] TestThread#test_wakeup = 0.03 s
[  399/23688] TestThread#test_thread_status_in_trap = 10.58 s
[  400/23688] TestThread#test_thread_variable? = 0.04 s
[  401/23688] TestThread#test_join_limit_FIXNUM_MAX = 0.02 s
[  402/23688] TestThread#test_join_limit_UINT64_MAX = 0.02 s
[  403/23688] TestThread#test_fork_in_thread = 4.73 s
[  404/23688] TestThread#test_fork_while_mutex_locked_by_forker = 0.64 s
[  405/23688] TestThread#test_thread_name = 0.04 s
[  406/23688] TestThread#test_thread_timer_and_interrupt = 0.04 s
[  407/23688] TestThread#test_join_limit_INFINITY = 0.02 s
[  408/23688] TestThread#test_thread_join_in_trap = 8.82 s
[  409/23688] TestThread#test_mutex_synchronize_yields_no_block_params = 0.01 s
[  410/23688] TestThread#test_thread_invalid_object = 0.07 s
[  411/23688] TestThread#test_join_limit_negative_minus_1 = 0.03 s
[  412/23688] TestThread#test_mutex_trylock = 0.03 s
[  413/23688] TestThread#test_thread_timer_and_ensure = 7.50 s
[  414/23688] TestThread#test_stop = 2.25 s
[  415/23688] TestThread#test_recursive_outer = 0.02 s
[  416/23688] TestThread#test_thread_value_in_trap = 9.07 s
[  417/23688] TestThread#test_mutex_unlock_on_trap = 2.27 s
[  418/23688] TestThread#test_kill_thread_subclass = 0.42 s
[  419/23688] TestThread#test_main = 2.27 s
[  420/23688] TestThread#test_fork_while_locked = 14.10 s
[  421/23688] Prism::PercentDelimiterRegexpTest#test_cr_crlf = 0.03 s
[  422/23688] Prism::PercentDelimiterRegexpTest#test_newline_terminator_with_cr_cr = 0.01 s
[  423/23688] Prism::PercentDelimiterRegexpTest#test_lf_crlf = 0.02 s
[  424/23688] Prism::PercentDelimiterRegexpTest#test_newline_terminator_with_crlf_crlf_with_extra_cr
 = 0.01 s
[  425/23688] Prism::PercentDelimiterRegexpTest#test_newline_terminator_with_lf_crlf_with_extra_cr =
 0.01 s
[  426/23688] Prism::PercentDelimiterRegexpTest#test_lf_lf = 0.01 s
[  427/23688] Prism::PercentDelimiterRegexpTest#test_newline_terminator_with_crlf_pair = 0.01 s
[  428/23688] Prism::PercentDelimiterRegexpTest#test_newline_terminator_with_crlf_lf = 0.01 s
[  429/23688] Prism::PercentDelimiterRegexpTest#test_newline_terminator_with_lf_crlf = 0.01 s
[  430/23688] TestIRB::RaiseExceptionTest#test_raise_exception_with_nil_backtrace = 17.93 s
[  431/23688] TestIRB::RaiseExceptionTest#test_raise_exception_with_different_encoding_containing_in
valid_byte_sequence = 18.07 s
[  432/23688] TestIRB::RaiseExceptionTest#test_raise_exception_with_invalid_byte_sequence = 17.86 s
[  433/23688] TestIRB::RaiseExceptionTest#test_raise_exception_with_message_exception = 18.09 s
[  434/23688] TestIRB::RaiseExceptionTest#test_raise_exception_with_message_inspect_exception = 18.2
0 s
[  435/23688] TestSocket_TCPSocket#test_initialize_fast_fallback_is_false = 0.06 s
[  436/23688] TestSocket_TCPSocket#test_initialize_failure = 0.04 s
[  437/23688] TestSocket_TCPSocket#test_initialize_resolv_timeout_with_connection_failure = 0.04 s
[  438/23688] TestSocket_TCPSocket#test_accept_nonblock = 0.04 s
[  439/23688] TestSocket_TCPSocket#test_accept_multithread = 11.95 s
[  440/23688] TestSocket_TCPSocket#test_initialize_with_connection_failure_after_hostname_resolution
_failure = 0.27 s
[  441/23688] TestSocket_TCPSocket#test_initialize_v6_hostname_resolved_later_and_v6_server_is_not_l
istening = 0.11 s
[  442/23688] TestSocket_TCPSocket#test_initialize_v6_hostname_resolution_failed_and_v4_hostname_res
olution_is_success = 0.06 s
[  443/23688] TestSocket_TCPSocket#test_initialize_v6_hostname_resolved_earlier = 0.06 s
[  444/23688] TestSocket_TCPSocket#test_initialize_v4_connected_socket_with_v4_address = 0.03 s
[  445/23688] TestSocket_TCPSocket#test_initialize_with_hostname_resolution_failure_after_connection
_failure = 0.25 s
[  446/23688] TestSocket_TCPSocket#test_initialize_v4_hostname_resolved_earlier = 0.11 s
[  447/23688] TestSocket_TCPSocket#test_initialize_connect_timeout = 0.02 s
[  448/23688] TestSocket_TCPSocket#test_recvfrom = 0.04 s
[  449/23688] TestSocket_TCPSocket#test_initialize_resolv_timeout = 0.03 s
[  450/23688] TestSocket_TCPSocket#test_inspect = 0.04 s
[  451/23688] TestSocket_TCPSocket#test_initialize_v6_hostname_resolved_in_resolution_delay = 0.14 s
[  452/23688] TestSocket_TCPSocket#test_initialize_v6_hostname_resolved_earlier_and_v6_server_is_not
_listening = 0.32 s
[  453/23688] TestSocket_TCPSocket#test_encoding = 0.04 s
[  454/23688] TestSocket_TCPSocket#test_initialize_v6_connected_socket_with_v6_address = 0.12 s
[  455/23688] TestEnumeratorKw#test_enumerator_kw = 0.02 s
[  456/23688] TestKeyError#test_default = 0.01 s
[  457/23688] TestKeyError#test_message = 0.01 s
[  458/23688] TestKeyError#test_receiver_and_key = 0.01 s
[  459/23688] TestKeyError#test_receiver = 0.01 s
[  460/23688] TestKeyError#test_all = 0.01 s
[  461/23688] TestKeyError#test_key = 0.01 s
[  462/23688] URI::TestMailTo#test_to_s = 0.05 s
[  463/23688] URI::TestMailTo#test_to_mailtext = 0.10 s
[  464/23688] URI::TestMailTo#test_select = 0.02 s
[  465/23688] URI::TestMailTo#test_initializer = 0.01 s
[  466/23688] URI::TestMailTo#test_check_to = 0.02 s
[  467/23688] URI::TestMailTo#test_build = 0.50 s
[  468/23688] TestMkmfEgrepCpp#test_not_have_func = 0.54 s
[  469/23688] TestMkmfEgrepCpp#test_egrep_cpp = 0.48 s
[  470/23688] TestIRB::EditTest#test_edit_with_instance_method = 0.45 s
[  471/23688] TestIRB::EditTest#test_edit_with_constant = 0.36 s
[  472/23688] TestIRB::EditTest#test_edit_without_arg = 0.34 s
[  473/23688] TestIRB::EditTest#test_edit_with_non_existing_path = 0.16 s
[  474/23688] TestIRB::EditTest#test_edit_with_path = 0.33 s
[  475/23688] TestIRB::EditTest#test_edit_without_arg_and_non_existing_irb_path = 0.13 s
[  476/23688] TestIRB::EditTest#test_edit_with_class_method = 0.33 s
[  477/23688] TestIRB::EditTest#test_edit_with_editor_env_var = 0.33 s
[  478/23688] Test_MyInteger#test_my_integer_to_f = 0.03 s
[  479/23688] Test_MyInteger#test_my_integer_cmp = 0.01 s
[  480/23688] OpenSSL::TestX509Extension#test_create_by_factory = 0.08 s
[  481/23688] OpenSSL::TestX509Extension#test_value_der = 0.02 s
[  482/23688] OpenSSL::TestX509Extension#test_factory_create_extension_oid = 0.02 s
[  483/23688] OpenSSL::TestX509Extension#test_new = 0.02 s
[  484/23688] OpenSSL::TestX509Extension#test_factory_create_extension_sn_ln = 0.02 s
[  485/23688] OpenSSL::TestX509Extension#test_marshal = 0.02 s
[  486/23688] OpenSSL::TestX509Extension#test_eq = 0.02 s
[  487/23688] OpenSSL::TestX509Extension#test_dup = 0.02 s
[  488/23688] Bug::Test_ExceptionER#test_enc_raise = 0.32 s
[  489/23688] TestGemRDoc#test_initialize = 0.93 s
[  490/23688] TestGemRDoc#test_new_rdoc = 0.92 s
[  491/23688] TestGemRDoc#test_generate_disabled = 0.93 s
[  492/23688] TestGemRDoc#test_ri_installed? = 0.92 s
[  493/23688] TestGemRDoc#test_remove_unwritable = 0.91 s
[  494/23688] TestGemRDoc#test_setup = 0.91 s
[  495/23688] TestGemRDoc#test_setup_unwritable = 0.92 s
[  496/23688] TestGemRDoc#test_delete_legacy_args = 0.94 s
[  497/23688] TestGemRDoc#test_remove = 0.93 s
[  498/23688] TestGemRDoc#test_rdoc_installed? = 0.91 s
[  499/23688] CGIHeaderTest#test_cgi_http_header_argerr = 0.04 s
[  500/23688] CGIHeaderTest#test_cgi_http_header_simple = 0.03 s
[  501/23688] CGIHeaderTest#test_cgi_http_header_nph = 0.09 s
[  502/23688] CGIHeaderTest#test_cgi_http_header_complex = 0.03 s
[  503/23688] CGIHeaderTest#test_cgi_http_header_cookie = 0.05 s
[  504/23688] CGIHeaderTest#test_cgi_http_header_crlf_injection = 0.03 s
[  505/23688] CGIHeaderTest#test_cgi_http_header_output_cookies = 0.03 s
[  506/23688] TestSprintfComb#"test_format_integer(% +00x)" = 0.48 s
[  507/23688] TestSprintfComb#"test_format_integer(%05.0d)" = 0.38 s
[  508/23688] TestSprintfComb#"test_format_integer(% +020.20b)" = 0.45 s
[  509/23688] TestSprintfComb#"test_format_integer(%B)" = 0.58 s
[  510/23688] TestSprintfComb#"test_format_float(%020.200f)" = 0.47 s
[  511/23688] TestSprintfComb#"test_format_float(% -05.9999G)" = 2.51 s
[  512/23688] TestSprintfComb#"test_format_integer(% +020.0x)" = 0.40 s
[  513/23688] TestSprintfComb#"test_format_float(%#-0E)" = 0.54 s
[  514/23688] TestSprintfComb#"test_format_float(% #5.f)" = 0.83 s
[  515/23688] TestSprintfComb#"test_format_float(%+0.200G)" = 0.77 s
[  516/23688] TestSprintfComb#"test_format_integer(%0.20X)" = 0.57 s
[  517/23688] TestSprintfComb#"test_format_integer(% #+-0.b)" = 0.46 s
[  518/23688] TestSprintfComb#"test_format_float(%020.e)" = 0.49 s
[  519/23688] TestSprintfComb#"test_format_integer(%#-0.8x)" = 0.45 s
[  520/23688] TestSprintfComb#"test_format_float(% 0.8e)" = 0.51 s
[  521/23688] TestSprintfComb#"test_format_integer(% +00.20x)" = 0.48 s
[  522/23688] TestSprintfComb#"test_format_integer(% #+-20.8o)" = 0.38 s
[  523/23688] TestSprintfComb#"test_format_integer(%5.20d)" = 0.43 s
[  524/23688] TestSprintfComb#"test_format_float(%+-05.20e)" = 0.52 s
[  525/23688] TestSprintfComb#"test_format_integer(%#-05.8b)" = 0.65 s
[  526/23688] TestSprintfComb#"test_format_float(%-00f)" = 0.44 s
[  527/23688] TestSprintfComb#"test_format_integer(%5.0B)" = 0.57 s
[  528/23688] TestSprintfComb#"test_format_float(%+-5.8G)" = 0.62 s
[  529/23688] TestSprintfComb#"test_format_integer(%.20B)" = 0.59 s
[  530/23688] TestSprintfComb#"test_format_integer(%#-0.b)" = 0.57 s
[  531/23688] TestSprintfComb#"test_format_integer(% +00b)" = 0.41 s
[  532/23688] TestSprintfComb#"test_format_integer(% #+-20d)" = 0.31 s
[  533/23688] TestSprintfComb#"test_format_float(% +05E)" = 0.44 s
[  534/23688] TestSprintfComb#"test_format_float(% #+.9999f)" = 0.86 s
[  535/23688] TestSprintfComb#"test_format_float(%#-0.9999E)" = 1.29 s
[  536/23688] TestSprintfComb#"test_format_integer(%5.0d)" = 0.32 s
[  537/23688] TestSprintfComb#"test_format_integer(% #+-020.8o)" = 0.34 s
[  538/23688] TestSprintfComb#"test_format_integer(%.0X)" = 0.46 s
[  539/23688] TestSprintfComb#"test_format_float(% -5.200g)" = 0.56 s
[  540/23688] TestSprintfComb#"test_format_float(% #05.0g)" = 0.48 s
[  541/23688] TestSprintfComb#"test_format_float(%#+20.9999g)" = 1.70 s
[  542/23688] TestSprintfComb#"test_format_integer(%0B)" = 0.56 s
[  543/23688] TestSprintfComb#"test_format_float(%#-5.200E)" = 0.50 s
[  544/23688] TestSprintfComb#"test_format_integer(%.20X)" = 0.54 s
[  545/23688] TestSprintfComb#"test_format_float(%#00.0G)" = 0.49 s
[  546/23688] TestSprintfComb#"test_format_float(%+0.200E)" = 0.49 s
[  547/23688] TestSprintfComb#"test_format_integer(%d)" = 0.31 s
[  548/23688] TestSprintfComb#"test_format_float(%+-.8g)" = 0.51 s
[  549/23688] TestSprintfComb#"test_format_integer(%.0d)" = 0.32 s
[  550/23688] TestSprintfComb#"test_format_integer(% #+-0x)" = 0.37 s
[  551/23688] TestSprintfComb#"test_format_integer(% +00.0o)" = 0.32 s
[  552/23688] TestSprintfComb#"test_format_integer(% #+-20.8B)" = 0.43 s
[  553/23688] TestSprintfComb#"test_format_float(% #.200e)" = 0.49 s
[  554/23688] TestSprintfComb#"test_format_float(% -20.0E)" = 0.46 s
[  555/23688] TestSprintfComb#"test_format_integer(% #+-00x)" = 0.36 s
[  556/23688] TestSprintfComb#"test_format_float(%e)" = 0.46 s
[  557/23688] TestSprintfComb#"test_format_integer(% +020o)" = 0.32 s
[  558/23688] TestSprintfComb#"test_format_integer(%#-0.o)" = 0.38 s
[  559/23688] TestSprintfComb#"test_format_float(% #+-020.8e)" = 0.46 s
[  560/23688] TestSprintfComb#"test_format_float(% #+-00.e)" = 0.47 s
[  561/23688] TestSprintfComb#"test_format_float(% +0.0E)" = 0.45 s
[  562/23688] TestSprintfComb#"test_format_integer(%#-05.x)" = 0.41 s
[  563/23688] TestSprintfComb#"test_format_float(%-00.9999e)" = 1.26 s
[  564/23688] TestSprintfComb#"test_format_integer(% #+-20.X)" = 0.45 s
[  565/23688] TestSprintfComb#"test_format_integer(%#-0b)" = 0.58 s
[  566/23688] TestSprintfComb#"test_format_integer(% #+-0.B)" = 0.42 s
[  567/23688] TestSprintfComb#"test_format_float(%#05.8E)" = 0.46 s
[  568/23688] TestSprintfComb#"test_format_integer(%#-0.8o)" = 0.39 s
[  569/23688] TestSprintfComb#"test_format_integer(%5X)" = 0.48 s
[  570/23688] TestSprintfComb#"test_format_float(% #+5e)" = 0.47 s
[  571/23688] TestSprintfComb#"test_format_float(% 0.8f)" = 0.45 s
[  572/23688] TestSprintfComb#"test_format_integer(% #+-00.b)" = 0.43 s
[  573/23688] TestSprintfComb#"test_format_integer(% #+-0B)" = 0.42 s
[  574/23688] TestSprintfComb#"test_format_integer(% +00.0b)" = 0.42 s
[  575/23688] TestSprintfComb#"test_format_integer(% +00.20o)" = 0.37 s
[  576/23688] TestSprintfComb#"test_format_float(% #+-00.200e)" = 0.50 s
[  577/23688] TestSprintfComb#"test_format_float(%5.0e)" = 0.45 s
[  578/23688] TestSprintfComb#"test_format_float(%#0.8E)" = 0.46 s
[  579/23688] TestSprintfComb#"test_format_float(%.20e)" = 0.46 s
[  580/23688] TestSprintfComb#"test_format_float(% -0g)" = 0.50 s
[  581/23688] TestSprintfComb#"test_format_float(%+05.E)" = 0.46 s
[  582/23688] TestSprintfComb#"test_format_float(%#00.20g)" = 0.48 s
[  583/23688] TestSprintfComb#"test_format_integer(% #+-0.d)" = 0.33 s
[  584/23688] TestSprintfComb#"test_format_integer(% #+-0.8X)" = 0.45 s
[  585/23688] TestSprintfComb#"test_format_integer(%#-0x)" = 0.40 s
[  586/23688] TestSprintfComb#"test_format_float(% -.G)" = 0.55 s
[  587/23688] TestSprintfComb#"test_format_float(% #0.20G)" = 0.59 s
[  588/23688] TestSprintfComb#"test_format_float(%#+20G)" = 0.52 s
[  589/23688] TestSprintfComb#"test_format_float(%5.9999e)" = 1.30 s
[  590/23688] TestSprintfComb#"test_format_float(%+0.g)" = 0.51 s
[  591/23688] TestSprintfComb#"test_format_float(%#+-.0e)" = 0.49 s
[  592/23688] TestSprintfComb#"test_format_integer(%#-05o)" = 0.42 s
[  593/23688] TestSprintfComb#"test_format_integer(% #+-0.8d)" = 0.36 s
[  594/23688] TestSprintfComb#"test_format_float(%#+-5.20f)" = 0.48 s
[  595/23688] TestSprintfComb#"test_format_float(% +0.20E)" = 0.50 s
[  596/23688] TestSprintfComb#"test_format_float(% +0.9999E)" = 1.29 s
[  597/23688] TestSprintfComb#"test_format_float(% -20.20E)" = 0.55 s
[  598/23688] TestSprintfComb#"test_format_float(%#-.E)" = 0.50 s
[  599/23688] TestSprintfComb#"test_format_integer(% #+-0X)" = 0.46 s
[  600/23688] TestSprintfComb#"test_format_float(%+-0.0f)" = 0.53 s
[  601/23688] OpenSSL::TestPairLowlevelSocket#test_connect_accept_nonblock = 1.81 s
[  602/23688] OpenSSL::TestPairLowlevelSocket#test_write_multiple_arguments = 1.34 s
[  603/23688] OpenSSL::TestPairLowlevelSocket#test_readline = 1.24 s
[  604/23688] OpenSSL::TestPairLowlevelSocket#test_write_zero = 1.22 s
[  605/23688] OpenSSL::TestPairLowlevelSocket#test_puts_empty = 1.21 s
[  606/23688] OpenSSL::TestPairLowlevelSocket#test_read_with_outbuf = 1.22 s
[  607/23688] OpenSSL::TestPairLowlevelSocket#test_read_nonblock = 1.23 s
[  608/23688] OpenSSL::TestPairLowlevelSocket#test_partial_tls_record_read_nonblock = 1.20 s
[  609/23688] OpenSSL::TestPairLowlevelSocket#test_getc = 1.21 s
[  610/23688] OpenSSL::TestPairLowlevelSocket#test_read_nonblock_no_exception = 1.21 s
[  611/23688] OpenSSL::TestPairLowlevelSocket#test_gets_eof_limit = 1.24 s
[  612/23688] OpenSSL::TestPairLowlevelSocket#test_readpartial = 1.32 s
[  613/23688] OpenSSL::TestPairLowlevelSocket#test_gets = 1.21 s
[  614/23688] OpenSSL::TestPairLowlevelSocket#test_readbyte_eof = 1.21 s
[  615/23688] OpenSSL::TestPairLowlevelSocket#test_readbyte = 1.42 s
[  616/23688] OpenSSL::TestPairLowlevelSocket#test_connect_accept_nonblock_no_exception = 1.15 s
[  617/23688] OpenSSL::TestPairLowlevelSocket#test_write_nonblock_retry = 1.39 s
[  618/23688] OpenSSL::TestPairLowlevelSocket#test_multibyte_read_write = 1.21 s
[  619/23688] OpenSSL::TestPairLowlevelSocket#test_write_nonblock = 1.31 s
[  620/23688] OpenSSL::TestPairLowlevelSocket#test_write_nonblock_with_buffered_data_no_exceptions =
 1.30 s
[  621/23688] OpenSSL::TestPairLowlevelSocket#test_write_nonblock_with_buffered_data = 1.32 s
[  622/23688] OpenSSL::TestPairLowlevelSocket#test_write_nonblock_no_exceptions = 1.34 s
[  623/23688] OpenSSL::TestPairLowlevelSocket#test_getbyte = 1.26 s
[  624/23688] OpenSSL::TestPairLowlevelSocket#test_gets_chomp = 1.21 s
[  625/23688] OpenSSL::TestPairLowlevelSocket#test_readall = 1.23 s
[  626/23688] TestDigest::TestDigestParen#test_sha2 = 9.04 s
[  627/23688] TestDigest::TestDigestParen#test_no_lib_no_def = 9.00 s
[  628/23688] TestDigest::TestDigestParen#test_race = 9.95 s
[  629/23688] TestDigest::TestDigestParen#test_race_mixed = 9.94 s
[  630/23688] TestDigest::TestDigestParen#test_no_lib = 9.01 s
[  631/23688] TestRDocTomDoc#test_tokenize_returns = 0.06 s
[  632/23688] TestRDocTomDoc#test_parse_returns_multiline = 0.06 s
[  633/23688] TestRDocTomDoc#test_tokenize_paragraph = 0.04 s
[  634/23688] TestRDocTomDoc#test_class_rdoc = 0.03 s
[  635/23688] TestRDocTomDoc#test_tokenize_arguments_array = 0.04 s
[  636/23688] TestRDocTomDoc#test_tokenize_examples = 0.04 s
[  637/23688] TestRDocTomDoc#test_class_signature = 0.07 s
[  638/23688] TestRDocTomDoc#test_parse_paragraph = 0.04 s
[  639/23688] TestRDocTomDoc#test_parse_returns = 0.05 s
[  640/23688] TestRDocTomDoc#test_parse_returns_multiline_and_raises = 0.07 s
[  641/23688] TestRDocTomDoc#test_parse_returns_with_raises = 0.05 s
[  642/23688] TestRDocTomDoc#test_parse_arguments_array = 0.05 s
[  643/23688] TestRDocTomDoc#test_class_signature_none = 0.03 s
[  644/23688] TestRDocTomDoc#test_parse_signature = 0.05 s
[  645/23688] TestRDocTomDoc#test_parse_arguments = 0.06 s
[  646/23688] TestRDocTomDoc#test_class_signature_no_space = 0.06 s
[  647/23688] TestRDocTomDoc#test_tokenize_multiline_paragraph = 0.04 s
[  648/23688] TestRDocTomDoc#test_parse_examples = 0.05 s
[  649/23688] TestRDocTomDoc#test_class_add_post_processor = 0.06 s
[  650/23688] TestRDocTomDoc#test_parse_examples_signature = 0.07 s
[  651/23688] TestRDocTomDoc#test_tokenize_arguments_multiline = 0.05 s
[  652/23688] TestRDocTomDoc#test_parse_multiline_paragraph = 0.04 s
[  653/23688] TestRDocTomDoc#test_class_signature_two_space = 0.06 s
[  654/23688] TestRDocTomDoc#test_parse_raises_without_returns = 0.04 s
[  655/23688] TestRDocTomDoc#test_tokenize_arguments = 0.04 s
[  656/23688] TestRDocTomDoc#test_tokenize_arguments_nested = 0.04 s
[  657/23688] TestRDocTomDoc#test_tokenize_returns_multiline = 0.04 s
[  658/23688] TestRDocTomDoc#test_parse_arguments_multiline = 0.05 s
[  659/23688] TestRDocTomDoc#test_parse_arguments_nested = 0.06 s
[  660/23688] TestDateMarshal#test_marshal = 0.09 s
[  661/23688] TestDateMarshal#test_memsize = 0.09 s
[  662/23688] TestIRB::DebuggerIntegrationTest#test_exit = 0.05 s
[  663/23688] TestIRB::DebuggerIntegrationTest#test_step = 0.04 s
[  664/23688] TestIRB::DebuggerIntegrationTest#test_next = 0.04 s
[  665/23688] TestIRB::DebuggerIntegrationTest#test_info = 0.04 s
[  666/23688] TestIRB::DebuggerIntegrationTest#test_help_command_is_delegated_to_the_debugger = 0.04
 s
[  667/23688] TestIRB::DebuggerIntegrationTest#test_debug_command_can_only_be_called_from_binding_ir
b = 0.04 s
[  668/23688] TestIRB::DebuggerIntegrationTest#test_help_display_different_content_when_debugger_is_
enabled = 0.04 s
[  669/23688] TestIRB::DebuggerIntegrationTest#test_irb_commands_are_available_after_moving_around_w
ith_the_debugger = 0.04 s
[  670/23688] TestIRB::DebuggerIntegrationTest#test_catch = 0.04 s
[  671/23688] TestIRB::DebuggerIntegrationTest#test_irb_switches_debugger_interface_if_debug_was_alr
eady_activated = 0.04 s
[  672/23688] TestIRB::DebuggerIntegrationTest#test_backtrace = 0.04 s
[  673/23688] TestIRB::DebuggerIntegrationTest#test_debugger_cant_be_activated_while_multi_irb_is_ac
tive = 0.04 s
[  674/23688] TestIRB::DebuggerIntegrationTest#test_prompt_line_number_continues = 0.04 s
[  675/23688] TestIRB::DebuggerIntegrationTest#test_continue = 0.04 s
[  676/23688] TestIRB::DebuggerIntegrationTest#test_debug = 0.04 s
[  677/23688] TestIRB::DebuggerIntegrationTest#test_input_is_evaluated_in_the_context_of_the_current
_thread = 0.04 s
[  678/23688] TestIRB::DebuggerIntegrationTest#test_irb_command_can_check_local_variables = 0.04 s
[  679/23688] TestIRB::DebuggerIntegrationTest#test_debug_command_only_runs_once = 0.04 s
[  680/23688] TestIRB::DebuggerIntegrationTest#test_finish = 0.04 s
[  681/23688] TestIRB::DebuggerIntegrationTest#test_long_stepping = 0.04 s
[  682/23688] TestIRB::DebuggerIntegrationTest#test_break = 0.04 s
[  683/23688] TestIRB::DebuggerIntegrationTest#test_force_exit = 0.04 s
[  684/23688] TestIRB::DebuggerIntegrationTest#test_multi_irb_commands_are_not_available_after_activ
ating_the_debugger = 0.04 s
[  685/23688] TestIRB::DebuggerIntegrationTest#test_quit = 0.04 s
[  686/23688] TestIRB::DebuggerIntegrationTest#test_irb_passes_empty_input_to_debugger_to_repeat_the
_last_command = 0.04 s
[  687/23688] TestIRB::DebuggerIntegrationTest#test_delete = 0.04 s
[  688/23688] TestIRB::DebuggerIntegrationTest#test_prompt_irb_name_is_kept = 0.04 s
[  689/23688] TestGBK#test_left_adjust_char_head = 0.01 s
[  690/23688] TestGBK#test_mbc_enc_len = 0.01 s
[  691/23688] TestGBK#test_mbc_case_fold = 0.01 s
[  692/23688] TestGBK#test_mbc_to_code = 0.01 s
[  693/23688] TestGBK#test_code_to_mbc = 0.01 s
[  694/23688] TestMemoryView#test_rb_memory_view_extract_item_members_doble = 0.02 s
[  695/23688] TestMemoryView#test_rb_memory_view_get_item_pointer_multiple_members = 0.02 s
[  696/23688] TestMemoryView#test_ref_count_with_exported_object = 0.01 s
[  697/23688] TestMemoryView#test_rb_memory_view_get_item_pointer_single_member = 0.01 s
[  698/23688] TestMemoryView#test_rb_memory_view_extract_item_members_doble_endianness = 0.01 s
[  699/23688] TestMemoryView#test_rb_memory_view_extract_item_members_float_endianness = 0.01 s
[  700/23688] TestMemoryView#test_rb_memory_view_item_size_from_format_composed = 0.01 s
[  701/23688] TestMemoryView#test_rb_memory_view_register_duplicated = 0.04 s
[  702/23688] TestMemoryView#test_rb_memory_view_item_size_from_format_error = 0.02 s
[  703/23688] TestMemoryView#test_rb_memory_view_parse_item_format_with_alignment_compound = 0.02 s
[  704/23688] TestMemoryView#test_rb_memory_view_item_size_from_format = 0.06 s
[  705/23688] TestMemoryView#test_ractor = 2.61 s
[  706/23688] TestMemoryView#test_rb_memory_view_parse_item_format = 0.02 s
[  707/23688] TestMemoryView#test_rb_memory_view_fill_contiguous_strides = 0.01 s
[  708/23688] TestMemoryView#test_rb_memory_view_parse_item_format_with_alignment_signle = 0.14 s
[  709/23688] TestMemoryView#test_rb_memory_view_available_p = 0.01 s
[  710/23688] TestMemoryView#test_rb_memory_view_extract_item_members_float = 0.01 s
[  711/23688] TestMemoryView#test_rb_memory_view_item_size_from_format_with_spaces = 0.01 s
[  712/23688] TestMemoryView#test_rb_memory_view_parse_item_format_with_alignment_total_size_with_ta
il_padding = 0.01 s
[  713/23688] TestMemoryView#test_rb_memory_view_register_nonclass = 0.01 s
[  714/23688] TestMemoryView#test_rb_memory_view_get_with_memory_view_unavailable_object = 0.01 s
[  715/23688] TestMemoryView#test_rb_memory_view_init_as_byte_array = 0.01 s
[  716/23688] TestMemoryView#test_rb_memory_view_extract_item_members = 0.01 s
[  717/23688] TestMemoryView#test_rb_memory_view_extract_item_members_endianness = 0.02 s
[  718/23688] Reline::KeyStroke::Test#test_expand = 0.55 s
[  719/23688] Reline::KeyStroke::Test#test_multibyte_matching = 0.27 s
[  720/23688] Reline::KeyStroke::Test#test_match_unknown = 0.33 s
[  721/23688] Reline::KeyStroke::Test#test_oneshot_key_bindings = 0.25 s
[  722/23688] Reline::KeyStroke::Test#test_match_status = 0.25 s
[  723/23688] TestStringIOInRactor#test_ractor = 2.50 s
[  724/23688] TestIRB::RelineInputMethodTest#test_initialization_with_use_autocomplete = 0.08 s
[  725/23688] TestIRB::RelineInputMethodTest#test_initialization_with_use_autocomplete_but_without_r
doc = 0.26 s
[  726/23688] TestIRB::RelineInputMethodTest#test_initialization = 0.25 s
[  727/23688] TestIRB::RelineInputMethodTest#test_initialization_without_use_autocomplete = 0.24 s
[  728/23688] TestIRB::RelineInputMethodTest#test_colorize = 0.55 s
[  729/23688] Test_Proc::TestBMethod#test_super_in_bmethod = 0.02 s
[  730/23688] Test_Proc::TestBMethod#test_block_super = 0.01 s
[  731/23688] Test_Proc::TestBMethod#test_receiver_in_bmethod = 0.01 s
[  732/23688] TestOptionParserGetopts#test_short_arg = 0.08 s
[  733/23688] TestOptionParserGetopts#test_long_noarg = 0.05 s
[  734/23688] TestOptionParserGetopts#test_long_arg = 0.06 s
[  735/23688] TestOptionParserGetopts#test_short_noarg = 0.05 s
[  736/23688] Emoji::TestKDDI#test_to_docomo = 0.25 s
[  737/23688] Emoji::TestKDDI#test_to_utf8 = 0.03 s
[  738/23688] Emoji::TestKDDI#test_from_iso2022jp = 0.03 s
[  739/23688] Emoji::TestKDDI#test_from_utf8 = 0.02 s
[  740/23688] Emoji::TestKDDI#test_encoding_name = 0.09 s
[  741/23688] Emoji::TestKDDI#test_comparison = 0.02 s
[  742/23688] Emoji::TestKDDI#test_to_eucjp = 0.03 s
[  743/23688] Emoji::TestKDDI#test_to_softbank = 0.13 s
[  744/23688] Emoji::TestKDDI#test_from_sjis = 0.02 s
[  745/23688] Emoji::TestKDDI#test_to_sjis = 0.03 s
[  746/23688] Emoji::TestKDDI#test_kddi = 0.03 s
[  747/23688] TestRDocRdBlockParser#test_parse_itemlist_paragraphs = 3.03 s
[  748/23688] TestRDocRdBlockParser#test_parse_verbatim_indent = 0.07 s
[  749/23688] TestRDocRdBlockParser#test_parse_enumlist_verbatim = 0.08 s
[  750/23688] TestRDocRdBlockParser#test_parse_itemlist_multiline = 0.08 s
[  751/23688] TestRDocRdBlockParser#test_parse_enumlist_verbatim_continue = 0.10 s
[  752/23688] TestRDocRdBlockParser#test_parse_itemlist_verbatim_continue = 0.11 s
[  753/23688] TestRDocRdBlockParser#test_parse_enumlist_multiline = 0.08 s
[  754/23688] TestRDocRdBlockParser#test_parse_lists_nest_verbatim = 0.21 s
[  755/23688] TestRDocRdBlockParser#test_parse_itemlist = 0.10 s
[  756/23688] TestRDocRdBlockParser#test_parse_textblock = 0.06 s
[  757/23688] TestRDocRdBlockParser#test_parse_methodlist_paragraph = 0.08 s
[  758/23688] TestRDocRdBlockParser#test_parse_methodlist_paragraph2 = 0.10 s
[  759/23688] TestRDocRdBlockParser#test_parse_verbatim_blankline = 0.06 s
[  760/23688] TestRDocRdBlockParser#test_parse_lists_nest_verbatim2 = 0.21 s
[  761/23688] TestRDocRdBlockParser#test_parse_include_subtree = 0.13 s
[  762/23688] TestRDocRdBlockParser#test_parse_verbatim = 0.05 s
[  763/23688] TestRDocRdBlockParser#test_parse_footnote = 0.07 s
[  764/23688] TestRDocRdBlockParser#test_parse_heading = 0.22 s
[  765/23688] TestRDocRdBlockParser#test_parse_methodlist_paragraph_verbatim = 0.09 s
[  766/23688] TestRDocRdBlockParser#test_add_footnote = 0.03 s
[  767/23688] TestRDocRdBlockParser#test_parse_verbatim_multi = 0.06 s
[  768/23688] TestRDocRdBlockParser#test_parse_methodlist_empty = 0.06 s
[  769/23688] TestRDocRdBlockParser#test_parse_include = 0.08 s
[  770/23688] TestRDocRdBlockParser#test_parse_lists = 0.20 s
[  771/23688] TestRDocRdBlockParser#test_parse_itemlist_nest = 0.12 s
[  772/23688] TestRDocRdBlockParser#test_parse_textblock_multi = 0.06 s
[  773/23688] TestRDocRdBlockParser#test_parse_lists_nest = 0.20 s
[  774/23688] TestRDocRdBlockParser#test_parse_desclist = 0.15 s
[  775/23688] TestRDocRdBlockParser#test_parse_methodlist = 0.13 s
[  776/23688] TestRDocRdBlockParser#test_parse_enumlist_paragraphs = 0.09 s
[  777/23688] TestRDocRdBlockParser#test_parse_enumlist = 0.10 s
[  778/23688] TestRDocRdBlockParser#test_parse_itemlist_verbatim = 0.08 s
[  779/23688] Complex_Test2#test_kumi = 0.80 s
[  780/23688] Complex_Test2#test_kumi2 = 0.10 s
[  781/23688] TestOptionParserAutoConf#test_enable_value = 0.05 s
[  782/23688] TestOptionParserAutoConf#test_disable = 0.04 s
[  783/23688] TestOptionParserAutoConf#test_with = 0.04 s
[  784/23688] TestOptionParserAutoConf#test_enable = 0.04 s
[  785/23688] TestOptionParserAutoConf#test_help = 0.05 s
[  786/23688] TestOptionParserAutoConf#test_without = 0.07 s
[  787/23688] TestIter::IterBreak#test_iter_break = 0.01 s
[  788/23688] OpenSSL::TestPair#test_connect_accept_nonblock = 1.65 s
[  789/23688] OpenSSL::TestPair#test_write_multiple_arguments = 1.31 s
[  790/23688] OpenSSL::TestPair#test_readline = 1.22 s
[  791/23688] OpenSSL::TestPair#test_write_zero = 1.24 s
[  792/23688] OpenSSL::TestPair#test_puts_empty = 1.25 s
[  793/23688] OpenSSL::TestPair#test_read_with_outbuf = 1.90 s
[  794/23688] OpenSSL::TestPair#test_read_nonblock = 1.22 s
[  795/23688] OpenSSL::TestPair#test_partial_tls_record_read_nonblock = 1.26 s
[  796/23688] OpenSSL::TestPair#test_getc = 1.19 s
[  797/23688] OpenSSL::TestPair#test_read_nonblock_no_exception = 1.21 s
[  798/23688] OpenSSL::TestPair#test_gets_eof_limit = 1.20 s
[  799/23688] OpenSSL::TestPair#test_readpartial = 1.40 s
[  800/23688] OpenSSL::TestPair#test_gets = 1.21 s
[  801/23688] OpenSSL::TestPair#test_readbyte_eof = 1.21 s
[  802/23688] OpenSSL::TestPair#test_readbyte = 1.21 s
[  803/23688] OpenSSL::TestPair#test_connect_accept_nonblock_no_exception = 1.15 s
[  804/23688] OpenSSL::TestPair#test_write_nonblock_retry = 1.41 s
[  805/23688] OpenSSL::TestPair#test_multibyte_read_write = 1.21 s
[  806/23688] OpenSSL::TestPair#test_write_nonblock = 1.30 s
[  807/23688] OpenSSL::TestPair#test_write_nonblock_with_buffered_data_no_exceptions = 1.32 s
[  808/23688] OpenSSL::TestPair#test_write_nonblock_with_buffered_data = 1.28 s
[  809/23688] OpenSSL::TestPair#test_write_nonblock_no_exceptions = 1.31 s
[  810/23688] OpenSSL::TestPair#test_getbyte = 1.34 s
[  811/23688] OpenSSL::TestPair#test_gets_chomp = 2.68 s
[  812/23688] OpenSSL::TestPair#test_readall = 1.21 s
[  813/23688] Test_SPrintf#"test_format_integer(%#+05.d)" = 0.09 s
[  814/23688] Test_SPrintf#"test_format_integer(%#+05d)" = 0.07 s
[  815/23688] Test_SPrintf#"test_format_integer(%+-05.0d)" = 0.08 s
[  816/23688] Test_SPrintf#"test_format_integer(% #-00.d)" = 0.07 s
[  817/23688] Test_SPrintf#"test_format_integer(%+-0d)" = 0.07 s
[  818/23688] Test_SPrintf#"test_format_integer(% +-20.0d)" = 0.07 s
[  819/23688] Test_SPrintf#"test_format_integer(% +-0d)" = 0.07 s
[  820/23688] Test_SPrintf#"test_format_integer(% #-020.d)" = 0.07 s
[  821/23688] Test_SPrintf#"test_format_integer(%#+0.d)" = 0.07 s
[  822/23688] Test_SPrintf#"test_format_integer(%5.0d)" = 0.07 s
[  823/23688] Test_SPrintf#"test_format_integer(% #+-00.d)" = 0.07 s
[  824/23688] Test_SPrintf#"test_format_integer(% #0.d)" = 0.07 s
[  825/23688] Test_SPrintf#"test_format_integer(%d)" = 0.07 s
[  826/23688] Test_SPrintf#test_string_prec = 0.01 s
[  827/23688] Test_SPrintf#"test_format_integer(%.0d)" = 0.07 s
[  828/23688] Test_SPrintf#"test_format_integer(% +-20d)" = 0.07 s
[  829/23688] Test_SPrintf#test_quote = 0.01 s
[  830/23688] Test_SPrintf#"test_format_integer(%5d)" = 0.07 s
[  831/23688] Test_SPrintf#"test_format_integer(% #-020d)" = 0.07 s
[  832/23688] Test_SPrintf#test_snprintf_count = 0.01 s
[  833/23688] Test_SPrintf#test_inspect = 0.01 s
[  834/23688] Test_SPrintf#"test_format_integer(% #-00d)" = 0.07 s
[  835/23688] Test_SPrintf#"test_format_integer(%#+0d)" = 0.07 s
[  836/23688] Test_SPrintf#"test_format_integer(% #+-020d)" = 0.07 s
[  837/23688] Test_SPrintf#"test_format_integer(% +-0.0d)" = 0.07 s
[  838/23688] Test_SPrintf#"test_format_integer(% #20d)" = 0.07 s
[  839/23688] Test_SPrintf#test_encoding = 0.01 s
[  840/23688] Test_SPrintf#test_to_str = 0.01 s
[  841/23688] TestSprintf#test_nan = 0.03 s
[  842/23688] TestSprintf#test_integer = 0.03 s
[  843/23688] TestSprintf#test_percent_sign_at_end = 0.02 s
[  844/23688] TestSprintf#test_coderange = 0.01 s
[  845/23688] TestSprintf#test_rational_precision = 0.02 s
[  846/23688] TestSprintf#test_float_hex = 0.04 s
[  847/23688] TestSprintf#test_binary_format_coderange = 0.86 s
[  848/23688] TestSprintf#test_named_with_nil = 0.01 s
[  849/23688] TestSprintf#test_float2 = 0.01 s
[  850/23688] TestSprintf#test_char = 0.02 s
[  851/23688] TestSprintf#test_negative_width_overflow = 0.02 s
[  852/23688] TestSprintf#test_negative_hex = 0.01 s
[  853/23688] TestSprintf#test_rb_sprintf = 0.01 s
[  854/23688] TestSprintf#test_named_untyped_enc = 0.07 s
[  855/23688] TestSprintf#test_binary = 0.06 s
[  856/23688] TestSprintf#test_escape = 0.01 s
[  857/23688] TestSprintf#test_named_default = 0.01 s
[  858/23688] TestSprintf#test_skip = 0.01 s
[  859/23688] TestSprintf#test_named_untyped = 0.03 s
[  860/23688] TestSprintf#test_invalid = 0.07 s
[  861/23688] TestSprintf#test_named_typed_enc = 0.06 s
[  862/23688] TestSprintf#test_width_underflow = 0.01 s
[  863/23688] TestSprintf#test_rational = 81.24 s
[  864/23688] TestSprintf#test_hash = 0.01 s
[  865/23688] TestSprintf#test_star = 0.03 s
[  866/23688] TestSprintf#test_named_typed = 0.03 s
[  867/23688] TestSprintf#test_bignum = 0.01 s
[  868/23688] TestSprintf#test_float = 0.01 s
[  869/23688] TestSprintf#test_inspect = 0.01 s
[  870/23688] TestSprintf#test_float_prec = 0.02 s
[  871/23688] TestSprintf#test_string = 0.01 s
[  872/23688] TestSprintf#test_positional = 0.01 s
[  873/23688] TestSprintf#test_inf = 0.11 s
[  874/23688] TestClone#test_user_flags = 26.37 s
[  875/23688] TestClone#test_ivars_retained_on_extended_obj_clone = 0.02 s
[  876/23688] TestClone#test_ivar_retained_on_clone = 0.01 s
[  877/23688] TestClone#test_clone = 0.02 s
[  878/23688] TestClone#test_proc_obj_id_flag_reset = 0.01 s
[  879/23688] TestClone#test_frozen_properties_and_ivars_retained_on_clone_with_ivar = 0.01 s
[  880/23688] TestClone#test_frozen_properties_retained_on_clone = 0.01 s
[  881/23688] OpenSSL::TestPKey#test_x25519 = 0.35 s
[  882/23688] OpenSSL::TestPKey#test_ed25519 = 0.39 s
[  883/23688] OpenSSL::TestPKey#test_s_generate_parameters_with_block = 0.02 s
[  884/23688] OpenSSL::TestPKey#test_hmac_sign_verify = 0.02 s
[  885/23688] OpenSSL::TestPKey#test_to_text = 0.23 s
[  886/23688] OpenSSL::TestPKey#test_s_generate_parameters = 0.03 s
[  887/23688] OpenSSL::TestPKey#test_compare? = 1.06 s
[  888/23688] OpenSSL::TestPKey#test_generic_oid_inspect = 0.59 s
[  889/23688] OpenSSL::TestPKey#test_s_generate_key = 0.13 s
[  890/23688] Test_StringEncStrBufCat#test_unknown = 0.02 s
[  891/23688] Test_StringEncStrBufCat#test_str_conv_enc = 0.02 s
[  892/23688] TestGemCommand#test_show_lookup_failure_suggestions_none = 0.92 s
[  893/23688] TestGemCommand#test_invoke = 0.62 s
[  894/23688] TestGemCommand#test_self_extra_args = 0.49 s
[  895/23688] TestGemCommand#test_invoke_with_bad_options = 0.66 s
[  896/23688] TestGemCommand#test_defaults = 0.57 s
[  897/23688] TestGemCommand#test_deprecate_option = 0.55 s
[  898/23688] TestGemCommand#test_invoke_with_help = 0.58 s
[  899/23688] TestGemCommand#test_add_option = 0.50 s
[  900/23688] TestGemCommand#test_invoke_with_options = 0.56 s
[  901/23688] TestGemCommand#test_invoke_with_build_args = 0.52 s
[  902/23688] TestGemCommand#test_self_add_specific_extra_args = 0.54 s
[  903/23688] TestGemCommand#test_self_add_specific_extra_args_unknown = 0.56 s
[  904/23688] TestGemCommand#test_option_recognition = 0.75 s
[  905/23688] TestGemCommand#test_deprecate_option_extra_message_and_no_version = 0.54 s
[  906/23688] TestGemCommand#test_common_option_in_class = 0.49 s
[  907/23688] TestGemCommand#test_invoke_with_common_options = 0.57 s
[  908/23688] TestGemCommand#test_show_lookup_failure_suggestions_remote = 0.78 s
[  909/23688] TestGemCommand#test_deprecate_option_no_version = 0.63 s
[  910/23688] TestGemCommand#test_basic_accessors = 0.48 s
[  911/23688] TestGemCommand#test_deprecate_option_extra_message = 0.54 s
[  912/23688] TestGemCommand#test_add_option_with_empty = 0.48 s
[  913/23688] TestGemCommand#test_show_lookup_failure_suggestions_local = 0.75 s
[  914/23688] TestWeakKeyMap#test_aset_const = 0.04 s
[  915/23688] TestWeakKeyMap#test_map = 0.01 s
[  916/23688] TestWeakKeyMap#test_gc_compact_stress = 140.08 s
[  917/23688] TestWeakKeyMap#test_no_hash_method = 0.01 s
[  918/23688] TestWeakKeyMap#test_key? = 0.02 s
[  919/23688] TestWeakKeyMap#test_clear_bug_20691 = 100.61 s
[  920/23688] TestWeakKeyMap#test_getkey = 0.01 s
[  921/23688] TestWeakKeyMap#test_frozen_object = 0.01 s
[  922/23688] TestWeakKeyMap#test_inspect = 0.66 s
[  923/23688] TestWeakKeyMap#test_clear = 0.01 s
[  924/23688] TestWeakKeyMap#test_compaction = 11.65 s
[  925/23688] TestWeakKeyMap#test_delete = 0.02 s
[  926/23688] TestRDocParserRd#test_file = 0.65 s
[  927/23688] TestRDocParserRd#test_class_can_parse = 0.08 s
[  928/23688] TestRDocParserRd#test_scan = 0.12 s
[  929/23688] Reline::MacroTest#test_simple_input = 0.48 s
[  930/23688] Reline::MacroTest#test_alias = 0.47 s
[  931/23688] TestRDocParserRuby#test_parse_postfix_nodoc = 0.33 s
[  932/23688] TestRDocParserRuby#test_get_class_or_module = 0.21 s
[  933/23688] TestRDocParserRuby#test_scan_tomdoc_meta = 0.27 s
[  934/23688] TestRDocParserRuby#test_parse_class_single = 0.41 s
[  935/23688] TestRDocParserRuby#test_parse_statements_identifier_module_function = 0.20 s
[  936/23688] TestRDocParserRuby#test_parse_statements_method_oneliner_with_regexp = 0.20 s
[  937/23688] TestRDocParserRuby#test_parse_class_single_gvar = 0.17 s
[  938/23688] TestRDocParserRuby#test_parse_attr = 0.19 s
[  939/23688] TestRDocParserRuby#test_parse_method_false = 0.14 s
[  940/23688] TestRDocParserRuby#test_stopdoc_after_comment = 0.27 s
[  941/23688] TestRDocParserRuby#test_parse_method_toplevel_class = 0.14 s
[  942/23688] TestRDocParserRuby#test_parse_symbol_in_arg = 0.14 s
[  943/23688] TestRDocParserRuby#test_parse_module_nodoc = 0.10 s
[  944/23688] TestRDocParserRuby#test_parse_alias_stopdoc = 0.11 s
[  945/23688] TestRDocParserRuby#test_parse_constant_attrasgn = 0.19 s
[  946/23688] TestRDocParserRuby#test_parse_statements_alias_method = 0.27 s
[  947/23688] TestRDocParserRuby#test_parse_method_utf8 = 0.17 s
[  948/23688] TestRDocParserRuby#test_parse_statements_postfix_if_unless_with_expr_mid = 0.30 s
[  949/23688] TestRDocParserRuby#test_parse_method_star = 0.11 s
[  950/23688] TestRDocParserRuby#test_read_directive_no_comment = 0.07 s
[  951/23688] TestRDocParserRuby#test_parse_attr_accessor_nodoc_track = 0.13 s
[  952/23688] TestRDocParserRuby#test_scan_constant_nodoc_block = 0.18 s
[  953/23688] TestRDocParserRuby#test_parse_statements_enddoc = 0.09 s
[  954/23688] TestRDocParserRuby#test_sanity_symbol_interpolation = 0.08 s
[  955/23688] TestRDocParserRuby#test_parse_meta_method_unknown = 0.14 s
[  956/23688] TestRDocParserRuby#test_read_documentation_modifiers_notnew = 0.07 s
[  957/23688] TestRDocParserRuby#test_scan_cr = 0.20 s
[  958/23688] TestRDocParserRuby#test_parse_class_in_a_file_repeatedly = 0.19 s
[  959/23688] TestRDocParserRuby#test_get_class_or_module_ignore_constants = 0.10 s
[  960/23688] TestRDocParserRuby#test_parse_attr_accessor_writer = 0.12 s
[  961/23688] TestRDocParserRuby#test_scan_markup_override = 0.20 s
[  962/23688] TestRDocParserRuby#test_scan_visibility_count = 0.50 s
[  963/23688] TestRDocParserRuby#test_parse_top_level_statements_enddoc = 0.14 s
[  964/23688] TestRDocParserRuby#test_parse_statements_identifier_public_class_method = 0.30 s
[  965/23688] TestRDocParserRuby#test_sanity_interpolation_curly = 0.09 s
[  966/23688] TestRDocParserRuby#test_parse_alias = 0.11 s
[  967/23688] TestRDocParserRuby#test_parse_method_gvar_insane = 0.20 s
[  968/23688] TestRDocParserRuby#test_scan_duplicate_module = 0.18 s
[  969/23688] TestRDocParserRuby#test_parse_class_lower_name_warning = 0.15 s
[  970/23688] TestRDocParserRuby#test_parse_comment_attr_stopdoc = 0.08 s
[  971/23688] TestRDocParserRuby#test_parse_meta_method_singleton_name = 0.13 s
[  972/23688] TestRDocParserRuby#test_scan_stopdoc_class_alias = 0.16 s
[  973/23688] TestRDocParserRuby#test_parse_comment_method_args = 0.09 s
[  974/23688] TestRDocParserRuby#test_parse_yield_in_braces_with_parens = 0.22 s
[  975/23688] TestRDocParserRuby#test_parse_class_nested_superclass = 0.12 s
[  976/23688] TestRDocParserRuby#test_scan_markup_first_comment = 0.21 s
[  977/23688] TestRDocParserRuby#test_scan_block_comment = 0.21 s
[  978/23688] TestRDocParserRuby#test_get_class_or_module_document_children = 0.11 s
[  979/23688] TestRDocParserRuby#test_parse_class = 0.11 s
[  980/23688] TestRDocParserRuby#test_scan_rails_routes = 0.17 s
[  981/23688] TestRDocParserRuby#test_parse_comment_nested = 0.14 s
[  982/23688] TestRDocParserRuby#test_parse_class_colon3 = 0.15 s
[  983/23688] TestRDocParserRuby#test_parse_constant_rescue = 0.09 s
[  984/23688] TestRDocParserRuby#test_parse_top_level_statements_stopdoc_integration = 0.18 s
[  985/23688] TestRDocParserRuby#test_parse_statements_identifier_require = 0.13 s
[  986/23688] TestRDocParserRuby#test_parse_constant_stopdoc = 0.09 s
[  987/23688] TestRDocParserRuby#test_parse_include_by_dynamic_definition_with_brace = 0.41 s
[  988/23688] TestRDocParserRuby#test_parse_meta_attr = 0.12 s
[  989/23688] TestRDocParserRuby#test_parse_heredoc_end = 0.24 s
[  990/23688] TestRDocParserRuby#test_sanity_interpolation = 0.12 s
[  991/23688] TestRDocParserRuby#test_parse_redefined_op_with_constant = 0.65 s
[  992/23688] TestRDocParserRuby#test_parse_statements_while_begin = 0.29 s
[  993/23688] TestRDocParserRuby#test_parse_multi_ghost_methods = 0.37 s
[  994/23688] TestRDocParserRuby#test_parse_method_or_yield_parameters_hash = 0.08 s
[  995/23688] TestRDocParserRuby#test_parse_class_object = 0.25 s
[  996/23688] TestRDocParserRuby#test_scan_meta_method_block = 0.31 s
[  997/23688] TestRDocParserRuby#test_parse_method_parameters_comment_continue = 0.14 s
[  998/23688] TestRDocParserRuby#test_parse_method_true = 0.13 s
[  999/23688] TestRDocParserRuby#test_parse_statements_enddoc_top_level = 0.14 s
[ 1000/23688] TestRDocParserRuby#test_parse_on_ignored_nl_with_nil_text = 0.23 s
[ 1001/23688] TestRDocParserRuby#test_parse_const_fail_w_meta = 0.22 s
[ 1002/23688] TestRDocParserRuby#test_parse_meta_method_string_name = 0.10 s
[ 1003/23688] TestRDocParserRuby#test_parse_const_third_party = 0.29 s
[ 1004/23688] TestRDocParserRuby#test_parse_statements_super_no_method = 0.07 s
[ 1005/23688] TestRDocParserRuby#test_parse_method_ampersand = 0.11 s
[ 1006/23688] TestRDocParserRuby#test_parse_module = 0.11 s
[ 1007/23688] TestRDocParserRuby#test_parse_statements_class_nested = 0.16 s
[ 1008/23688] TestRDocParserRuby#test_parse_include_by_dynamic_definition_via_variable = 0.44 s
[ 1009/23688] TestRDocParserRuby#test_parse_constant = 0.10 s
[ 1010/23688] TestRDocParserRuby#test_parse_statements_identifier_private_class_method = 0.30 s
[ 1011/23688] TestRDocParserRuby#test_parse_statements_def_percent_string_pound = 0.25 s
[ 1012/23688] TestRDocParserRuby#test_collect_first_comment_encoding = 0.10 s
[ 1013/23688] TestRDocParserRuby#test_parse_method_with_args_directive = 0.24 s
[ 1014/23688] TestRDocParserRuby#test_parse_statements_nodoc_identifier_alias = 0.12 s
[ 1015/23688] TestRDocParserRuby#test_scan_constant_in_method = 0.22 s
[ 1016/23688] TestRDocParserRuby#test_parse_meta_method_block = 0.17 s
[ 1017/23688] TestRDocParserRuby#test_parse_module_stopdoc = 0.09 s
[ 1018/23688] TestRDocParserRuby#test_sanity_integer = 0.07 s
[ 1019/23688] TestRDocParserRuby#test_parse_extend_or_include_include = 0.09 s
[ 1020/23688] TestRDocParserRuby#test_collect_first_comment = 0.09 s
[ 1021/23688] TestRDocParserRuby#test_parse_meta_attr_stopdoc = 0.11 s
[ 1022/23688] TestRDocParserRuby#test_parse_constant_in_method = 0.11 s
[ 1023/23688] TestRDocParserRuby#test_parse_attr_accessor = 0.12 s
[ 1024/23688] TestRDocParserRuby#test_parse_included = 0.29 s
[ 1025/23688] TestRDocParserRuby#test_parse_top_level_statements_stopdoc = 0.07 s
[ 1026/23688] TestRDocParserRuby#test_parse_statements_identifier_alias_method_before_original_metho
d = 0.38 s
[ 1027/23688] TestRDocParserRuby#test_parse_method_nil = 0.13 s
[ 1028/23688] TestRDocParserRuby#test_parse_class_singleton = 0.15 s
[ 1029/23688] TestRDocParserRuby#test_parse_meta_attr_named = 0.12 s
[ 1030/23688] TestRDocParserRuby#test_parse_class_single_root = 0.12 s
[ 1031/23688] TestRDocParserRuby#test_sanity_interpolation_crazy = 0.11 s
[ 1032/23688] TestRDocParserRuby#test_parse_instance_operation_method = 0.18 s
[ 1033/23688] TestRDocParserRuby#test_parse_percent_symbol = 0.07 s
[ 1034/23688] TestRDocParserRuby#test_parse_method_bracket = 0.33 s
[ 1035/23688] TestRDocParserRuby#test_parse_comment_method_stopdoc = 0.08 s
[ 1036/23688] TestRDocParserRuby#test_look_for_directives_in_commented = 0.07 s
[ 1037/23688] TestRDocParserRuby#test_read_directive_one_liner = 0.09 s
[ 1038/23688] TestRDocParserRuby#test_parse_class_mistaken_for_module = 0.22 s
[ 1039/23688] TestRDocParserRuby#test_parse_statements_stopdoc_identifier_alias_method = 0.12 s
[ 1040/23688] TestRDocParserRuby#test_parse_method_constant = 0.12 s
[ 1041/23688] TestRDocParserRuby#test_scan_stopdoc = 0.16 s
[ 1042/23688] TestRDocParserRuby#test_parse_statements_identifier_private = 0.16 s
[ 1043/23688] TestRDocParserRuby#test_parse_symbol_in_paren_arg = 0.19 s
[ 1044/23688] TestRDocParserRuby#test_parse_method_nodoc = 0.11 s
[ 1045/23688] TestRDocParserRuby#test_parse_method_alias = 0.14 s
[ 1046/23688] TestRDocParserRuby#test_look_for_directives_in_attr = 0.07 s
[ 1047/23688] TestRDocParserRuby#test_look_for_directives_in_method = 0.07 s
[ 1048/23688] TestRDocParserRuby#test_parse_statements_identifier_meta_method = 0.16 s
[ 1049/23688] TestRDocParserRuby#test_parse_class_ghost_method = 0.14 s
[ 1050/23688] TestRDocParserRuby#test_suppress_parents = 0.08 s
[ 1051/23688] TestRDocParserRuby#test_parse_constant_the_same_of_outside = 0.33 s
[ 1052/23688] TestRDocParserRuby#test_parse_statements_stopdoc_alias = 0.11 s
[ 1053/23688] TestRDocParserRuby#test_parse_attr_accessor_stopdoc = 0.11 s
[ 1054/23688] TestRDocParserRuby#test_parse_method_internal_gvar = 0.17 s
[ 1055/23688] TestRDocParserRuby#test_parse_class_nodoc = 0.10 s
[ 1056/23688] TestRDocParserRuby#test_scan_method_semi_method = 0.34 s
[ 1057/23688] TestRDocParserRuby#test_parse_method_internal_ivar = 0.17 s
[ 1058/23688] TestRDocParserRuby#test_parse_statements_class_if = 0.24 s
[ 1059/23688] TestRDocParserRuby#test_parse_class_ghost_method_yields = 0.16 s
[ 1060/23688] TestRDocParserRuby#test_parse_method_parameters_with_paren_comment_continue = 0.14 s
[ 1061/23688] TestRDocParserRuby#test_parse_meta_attr_reader = 0.12 s
[ 1062/23688] TestRDocParserRuby#test_parse_method_no_parens = 0.14 s
[ 1063/23688] TestRDocParserRuby#test_look_for_directives_in_unhandled = 0.07 s
[ 1064/23688] TestRDocParserRuby#test_parse_mutable_heredocbeg = 0.24 s
[ 1065/23688] TestRDocParserRuby#test_scan_visibility = 0.34 s
[ 1066/23688] TestRDocParserRuby#test_parse_require_dynamic_string = 0.16 s
[ 1067/23688] TestRDocParserRuby#test_parse_alias_singleton = 0.10 s
[ 1068/23688] TestRDocParserRuby#test_get_symbol_or_name = 0.11 s
[ 1069/23688] TestRDocParserRuby#test_read_directive_allow = 0.07 s
[ 1070/23688] TestRDocParserRuby#test_parse_meta_method_name = 0.12 s
[ 1071/23688] TestRDocParserRuby#test_parse_method_stopdoc = 0.12 s
[ 1072/23688] TestRDocParserRuby#test_parse_method_gvar = 0.12 s
[ 1073/23688] TestRDocParserRuby#test_read_documentation_modifiers_not_dash_new = 0.07 s
[ 1074/23688] TestRDocParserRuby#test_parse_statements_postfix_if_after_heredocbeg = 0.24 s
[ 1075/23688] TestRDocParserRuby#test_parse_method_internal_lvar = 0.17 s
[ 1076/23688] TestRDocParserRuby#test_parse_statements_identifier_yields = 0.19 s
[ 1077/23688] TestRDocParserRuby#test_read_documentation_modifiers = 0.07 s
[ 1078/23688] TestRDocParserRuby#test_parse_attr_stopdoc = 0.11 s
[ 1079/23688] TestRDocParserRuby#test_parse_extend_or_include_extend = 0.09 s
[ 1080/23688] TestRDocParserRuby#test_read_directive_linear_performance = 4.04 s
[ 1081/23688] TestRDocParserRuby#test_parse_meta_method = 0.14 s
[ 1082/23688] TestRDocParserRuby#test_collect_first_comment_rd_hash = 0.10 s
[ 1083/23688] TestRDocParserRuby#test_parse_statements_super = 0.07 s
[ 1084/23688] TestRDocParserRuby#test_parse_const_alias_defined_far_away = 0.30 s
[ 1085/23688] TestRDocParserRuby#test_parse_meta_method_stopdoc = 0.12 s
[ 1086/23688] TestRDocParserRuby#test_suppress_parents_documented = 0.08 s
[ 1087/23688] TestRDocParserRuby#test_parse_comment_attr_attr_reader = 0.08 s
[ 1088/23688] TestRDocParserRuby#test_parse_statements_stopdoc_def = 0.13 s
[ 1089/23688] TestRDocParserRuby#test_parse_statements_postfix_if_unless = 0.28 s
[ 1090/23688] TestRDocParserRuby#test_look_for_directives_in_section = 0.07 s
[ 1091/23688] TestRDocParserRuby#test_parse_statements_nodoc_identifier_alias_method = 0.12 s
[ 1092/23688] TestRDocParserRuby#test_scan_constant_nodoc = 0.15 s
[ 1093/23688] TestRDocParserRuby#test_parse_meta_method_define_method = 0.11 s
[ 1094/23688] TestRDocParserRuby#test_parse_statements_identifier_include = 0.12 s
[ 1095/23688] TestRDocParserRuby#test_parse_include_by_dynamic_definition_without_paren = 0.33 s
[ 1096/23688] TestRDocParserRuby#test_parse_syntax_error_code = 0.20 s
[ 1097/23688] TestRDocParserRuby#test_parse_statements_stopdoc_identifier_metaprogrammed = 0.09 s
[ 1098/23688] TestRDocParserRuby#test_parse_class_the_same_of_outside = 0.16 s
[ 1099/23688] TestRDocParserRuby#test_read_directive = 0.07 s
[ 1100/23688] TestRDocParserRuby#test_scan_block_comment_nested = 0.19 s
[ 1101/23688] TestRDocParserRuby#test_parse_include_by_dynamic_definition = 0.34 s
[ 1102/23688] TestRDocParserRuby#test_parse_statements_encoding = 0.16 s
[ 1103/23688] TestRDocParserRuby#test_parse_comment_method = 0.10 s
[ 1104/23688] TestRDocParserRuby#test_read_documentation_modifiers_not_new = 0.07 s
[ 1105/23688] TestRDocParserRuby#test_parse_method_funky = 0.13 s
[ 1106/23688] TestRDocParserRuby#test_parse_module_relative_to_top_level_namespace = 0.18 s
[ 1107/23688] TestRDocParserRuby#test_scan_block_comment_notflush = 0.31 s
[ 1108/23688] TestRDocParserRuby#test_parse_statements_embdoc_in_document = 0.34 s
[ 1109/23688] TestRDocParserRuby#test_parse_statements_identifier_alias_method = 0.21 s
[ 1110/23688] TestRDocParserRuby#test_parse_top_level_statements_constant_nodoc_integration = 0.15 s
[ 1111/23688] TestRDocParserRuby#test_parse_statements_identifier_attr_accessor = 0.14 s
[ 1112/23688] TestRDocParserRuby#test_parse_statements_identifier_constant = 1.21 s
[ 1113/23688] TestRDocParserRuby#test_parse_method_toplevel = 0.13 s
[ 1114/23688] TestRDocParserRuby#test_scan_class_nested_nodoc = 0.43 s
[ 1115/23688] TestRDocParserRuby#test_parse_method_dummy = 0.09 s
[ 1116/23688] TestRDocParserRuby#test_parse_statements_stopdoc_constant = 0.11 s
[ 1117/23688] TestRDocParserRuby#test_singleton_method_via_eigenclass = 0.21 s
[ 1118/23688] TestRDocParserRuby#test_read_directive_empty = 0.07 s
[ 1119/23688] TestRDocParserRuby#test_parse_method = 0.15 s
[ 1120/23688] TestRDocParserRuby#test_parse_statements_identifier_define_method = 0.26 s
[ 1121/23688] TestRDocParserRuby#test_parse_method_parameters_comment = 0.12 s
[ 1122/23688] TestRDocParserRuby#test_sanity_interpolation_format = 0.09 s
[ 1123/23688] TestRDocParserRuby#test_parse_statements_identifier_args = 0.18 s
[ 1124/23688] TestRDocParserRuby#test_parse_comment_attr = 0.09 s
[ 1125/23688] TestRDocParserRuby#test_parse_attr_accessor_with_newline = 0.16 s
[ 1126/23688] TestRDocParserRuby#test_parse_call_syntax_sugar_for_constant = 0.15 s
[ 1127/23688] TestRDocParserRuby#test_parse_class_stopdoc = 0.09 s
[ 1128/23688] TestRDocParserRuby#test_parse_attr_accessor_nodoc = 0.11 s
[ 1129/23688] TestRDocParserRuby#test_parse_statements_identifier_attr = 0.13 s
[ 1130/23688] TestRDocParserRuby#test_parse_meta_attr_accessor = 0.11 s
[ 1131/23688] TestRDocParserRuby#test_get_class_specification = 0.12 s
[ 1132/23688] TestRDocParserRuby#test_parse_redefinable_methods = 1.27 s
[ 1133/23688] TestRDocParserRuby#test_parse_class_definition_encountered_after_class_reference = 0.2
0 s
[ 1134/23688] TestRDocParserRuby#test_parse_class_colon3_self_reference = 0.16 s
[ 1135/23688] TestRDocParserRuby#test_parse_statements_complex_condition_in_for = 0.38 s
[ 1136/23688] TestRDocParserRuby#test_end_that_doesnt_belong_to_class_doesnt_change_visibility = 0.2
3 s
[ 1137/23688] TestRDocParserRuby#test_parenthesized_cdecl = 0.21 s
[ 1138/23688] TestRDocParserRuby#test_scan_constant_visibility = 0.28 s
[ 1139/23688] TestRDocParserRuby#test_parse_meta_attr_writer = 0.11 s
[ 1140/23688] TestRDocParserRuby#test_scan_constant_in_rescue = 0.54 s
[ 1141/23688] TestRDocParserRuby#test_parse_constant_alias = 0.10 s
[ 1142/23688] TestRDocParserRuby#test_parse_const_alias_defined_elsewhere = 0.23 s
[ 1143/23688] TestRDocParserRuby#test_parse_meta_method_singleton = 0.12 s
[ 1144/23688] TestRDocParserRuby#test_parse_method_nodoc_track = 0.11 s
[ 1145/23688] TestRDocParserRuby#test_document_after_rescue_inside_paren = 0.27 s
[ 1146/23688] TestRDocParserRuby#test_parse_include_by_dynamic_definition_directly = 0.33 s
[ 1147/23688] TestRDocParserRuby#test_parse_for_in = 0.27 s
[ 1148/23688] TestRDocParserRuby#test_scan_struct_self_brackets = 0.19 s
[ 1149/23688] TestRDocParserRuby#test_parse_alias_meta = 0.10 s
[ 1150/23688] TestRDocParserRuby#test_parse_constant_alias_same_name = 0.11 s
[ 1151/23688] TestRDocParserRuby#test_parse_constant_with_bracket = 0.32 s
[ 1152/23688] TestRDocParserRuby#test_parse_class_multi_ghost_methods = 0.35 s
[ 1153/23688] TestRDocParserRuby#test_scan_stopdoc_nested = 0.13 s
[ 1154/23688] TestPipe::WithConversion#test_eof_0 = 0.03 s
[ 1155/23688] TestPipe::WithConversion#test_eof_2 = 0.01 s
[ 1156/23688] TestPipe::WithConversion#test_stdout_epipe = 9.10 s
[ 1157/23688] TestPipe::WithConversion#test_eof_0_rw = 0.01 s
[ 1158/23688] TestPipe::WithConversion#test_eof_3 = 0.01 s
[ 1159/23688] TestPipe::WithConversion#test_eof_1 = 0.06 s
[ 1160/23688] Prism::NewlineOffsetsTest#"test_whitequark/if_nl_then.txt" = 0.04 s
[ 1161/23688] Prism::NewlineOffsetsTest#"test_seattlerb/unary_plus.txt" = 0.02 s
[ 1162/23688] Prism::NewlineOffsetsTest#"test_xstring.txt" = 0.03 s
[ 1163/23688] Prism::NewlineOffsetsTest#"test_whitequark/ruby_bug_11380.txt" = 0.03 s
[ 1164/23688] Prism::NewlineOffsetsTest#"test_seattlerb/difficult1_line_numbers.txt" = 0.04 s
[ 1165/23688] Prism::NewlineOffsetsTest#"test_unparser/corpus/literal/dstr.txt" = 0.07 s
[ 1166/23688] Prism::NewlineOffsetsTest#"test_dash_heredocs.txt" = 0.06 s
[ 1167/23688] Prism::NewlineOffsetsTest#"test_seattlerb/case_in_array_pat_paren_assign.txt" = 0.03 s
[ 1168/23688] Prism::NewlineOffsetsTest#"test_whitequark/arg_label.txt" = 0.02 s
[ 1169/23688] Prism::NewlineOffsetsTest#"test_seattlerb/bug169.txt" = 0.02 s
[ 1170/23688] Prism::NewlineOffsetsTest#"test_whitequark/send_attr_asgn.txt" = 0.02 s
[ 1171/23688] Prism::NewlineOffsetsTest#"test_whitequark/casgn_scoped.txt" = 0.02 s
[ 1172/23688] Prism::NewlineOffsetsTest#"test_unparser/corpus/literal/undef.txt" = 0.02 s
[ 1173/23688] Prism::NewlineOffsetsTest#"test_unparser/corpus/literal/empty_begin.txt" = 0.01 s
[ 1174/23688] Prism::NewlineOffsetsTest#"test_whitequark/defined.txt" = 0.02 s
[ 1175/23688] Prism::NewlineOffsetsTest#"test_whitequark/rescue_without_begin_end.txt" = 0.02 s
[ 1176/23688] Prism::NewlineOffsetsTest#"test_whitequark/send_lambda_args_shadow.txt" = 0.02 s
[ 1177/23688] Prism::NewlineOffsetsTest#"test_whitequark/if_masgn__24.txt" = 0.02 s
[ 1178/23688] Prism::NewlineOffsetsTest#"test_seattlerb/difficult6__7.txt" = 0.02 s
[ 1179/23688] Prism::NewlineOffsetsTest#"test_seattlerb/pipe_semicolon.txt" = 0.02 s
[ 1180/23688] Prism::NewlineOffsetsTest#"test_seattlerb/eq_begin_line_numbers.txt" = 0.02 s
[ 1181/23688] Prism::NewlineOffsetsTest#"test_seattlerb/defn_kwarg_val.txt" = 0.02 s
[ 1182/23688] Prism::NewlineOffsetsTest#"test_unparser/corpus/literal/range.txt" = 0.02 s
[ 1183/23688] Prism::NewlineOffsetsTest#"test_seattlerb/call_div.txt" = 0.02 s
[ 1184/23688] Prism::NewlineOffsetsTest#"test_seattlerb/rescue_do_end_rescued.txt" = 0.02 s
[ 1185/23688] Prism::NewlineOffsetsTest#"test_seattlerb/difficult3__12.txt" = 0.02 s
[ 1186/23688] Prism::NewlineOffsetsTest#"test_seattlerb/bug_not_parens.txt" = 0.02 s
[ 1187/23688] Prism::NewlineOffsetsTest#"test_whitequark/args_args_assocs_comma.txt" = 0.02 s
[ 1188/23688] Prism::NewlineOffsetsTest#"test_seattlerb/parse_pattern_076.txt" = 0.02 s
[ 1189/23688] Prism::NewlineOffsetsTest#"test_seattlerb/block_decomp_arg_splat_arg.txt" = 0.02 s
[ 1190/23688] Prism::NewlineOffsetsTest#"test_heredoc_with_carriage_returns.txt" = 0.02 s
[ 1191/23688] Prism::NewlineOffsetsTest#"test_whitequark/regex_interp.txt" = 0.02 s
[ 1192/23688] Prism::NewlineOffsetsTest#"test_seattlerb/uminus_float.txt" = 0.02 s
[ 1193/23688] Prism::NewlineOffsetsTest#"test_seattlerb/iter_args_11_1.txt" = 0.02 s
[ 1194/23688] Prism::NewlineOffsetsTest#"test_whitequark/bug_481.txt" = 0.02 s
[ 1195/23688] Prism::NewlineOffsetsTest#"test_whitequark/non_lvar_injecting_match.txt" = 0.02 s
[ 1196/23688] Prism::NewlineOffsetsTest#"test_repeat_parameters.txt" = 0.06 s
[ 1197/23688] Prism::NewlineOffsetsTest#"test_seattlerb/difficult2_.txt" = 0.02 s
[ 1198/23688] Prism::NewlineOffsetsTest#"test_whitequark/rescue.txt" = 0.02 s
[ 1199/23688] Prism::NewlineOffsetsTest#"test_unparser/corpus/literal/class.txt" = 0.05 s
[ 1200/23688] Prism::NewlineOffsetsTest#"test_whitequark/array_words_interp.txt" = 0.02 s
[ 1201/23688] Prism::NewlineOffsetsTest#"test_whitequark/ruby_bug_15789.txt" = 0.02 s
[ 1202/23688] Prism::NewlineOffsetsTest#"test_whitequark/casgn_toplevel.txt" = 0.02 s
[ 1203/23688] Prism::NewlineOffsetsTest#"test_whitequark/dedenting_interpolating_heredoc_fake_line_c
ontinuation.txt" = 0.02 s
[ 1204/23688] Prism::NewlineOffsetsTest#"test_symbols.txt" = 0.11 s
[ 1205/23688] Prism::NewlineOffsetsTest#"test_whitequark/args_args_star.txt" = 0.02 s
[ 1206/23688] Prism::NewlineOffsetsTest#"test_whitequark/ivar.txt" = 0.01 s
[ 1207/23688] Prism::NewlineOffsetsTest#"test_seattlerb/block_decomp_arg_splat.txt" = 0.02 s
[ 1208/23688] Prism::NewlineOffsetsTest#"test_not.txt" = 0.05 s
[ 1209/23688] Prism::NewlineOffsetsTest#"test_seattlerb/bug_hash_interp_array.txt" = 0.02 s
[ 1210/23688] Prism::NewlineOffsetsTest#"test_whitequark/xstring_plain.txt" = 0.02 s
[ 1211/23688] Prism::NewlineOffsetsTest#"test_seattlerb/masgn_colon3.txt" = 0.02 s
[ 1212/23688] Prism::NewlineOffsetsTest#"test_spanning_heredoc.txt" = 0.07 s
[ 1213/23688] Prism::NewlineOffsetsTest#"test_whitequark/character.txt" = 0.02 s
[ 1214/23688] Prism::NewlineOffsetsTest#"test_whitequark/ambiuous_quoted_label_in_ternary_operator.t
xt" = 0.02 s
[ 1215/23688] Prism::NewlineOffsetsTest#"test_whitequark/nil_expression.txt" = 0.02 s
[ 1216/23688] Prism::NewlineOffsetsTest#"test_seattlerb/call_colon_parens.txt" = 0.02 s
[ 1217/23688] Prism::NewlineOffsetsTest#"test_unparser/corpus/literal/assignment.txt" = 0.13 s
[ 1218/23688] Prism::NewlineOffsetsTest#"test_whitequark/send_block_chain_cmd.txt" = 0.04 s
[ 1219/23688] Prism::NewlineOffsetsTest#"test_whitequark/args_star.txt" = 0.02 s
[ 1220/23688] Prism::NewlineOffsetsTest#"test_unparser/corpus/literal/opasgn.txt" = 0.06 s
[ 1221/23688] Prism::NewlineOffsetsTest#"test_seattlerb/defn_endless_command_rescue.txt" = 0.02 s
[ 1222/23688] Prism::NewlineOffsetsTest#"test_seattlerb/alias_resword.txt" = 0.02 s
[ 1223/23688] Prism::NewlineOffsetsTest#"test_seattlerb/iter_args_9_2.txt" = 0.02 s
[ 1224/23688] Prism::NewlineOffsetsTest#"test_seattlerb/call_unary_bang.txt" = 0.01 s
[ 1225/23688] Prism::NewlineOffsetsTest#"test_whitequark/zsuper.txt" = 0.02 s
[ 1226/23688] Prism::NewlineOffsetsTest#"test_whitequark/trailing_forward_arg.txt" = 0.02 s
[ 1227/23688] Prism::NewlineOffsetsTest#"test_whitequark/bug_cmdarg.txt" = 0.03 s
[ 1228/23688] Prism::NewlineOffsetsTest#"test_seattlerb/parse_def_special_name.txt" = 0.02 s
[ 1229/23688] Prism::NewlineOffsetsTest#"test_seattlerb/multiline_hash_declaration.txt" = 0.02 s
[ 1230/23688] Prism::NewlineOffsetsTest#"test_seattlerb/block_arg_opt_splat.txt" = 0.02 s
[ 1231/23688] Prism::NewlineOffsetsTest#"test_seattlerb/defn_kwarg_kwarg.txt" = 0.02 s
[ 1232/23688] Prism::NewlineOffsetsTest#"test_seattlerb/block_call_dot_op2_cmd_args_do_block.txt" =
0.02 s
[ 1233/23688] Prism::NewlineOffsetsTest#"test_integer_operations.txt" = 0.09 s
[ 1234/23688] Prism::NewlineOffsetsTest#"test_seattlerb/block_arg_kwsplat.txt" = 0.02 s
[ 1235/23688] Prism::NewlineOffsetsTest#"test_whitequark/and_asgn.txt" = 0.02 s
[ 1236/23688] Prism::NewlineOffsetsTest#"test_seattlerb/case_in_array_pat_const2.txt" = 0.02 s
[ 1237/23688] Prism::NewlineOffsetsTest#"test_whitequark/when_multi.txt" = 0.02 s
[ 1238/23688] Prism::NewlineOffsetsTest#"test_whitequark/bang.txt" = 0.02 s
[ 1239/23688] Prism::NewlineOffsetsTest#"test_seattlerb/difficult3_3.txt" = 0.02 s
[ 1240/23688] Prism::NewlineOffsetsTest#"test_heredocs_with_ignored_newlines_and_non_empty.txt" = 0.
02 s
[ 1241/23688] Prism::NewlineOffsetsTest#"test_seattlerb/defn_forward_args__no_parens.txt" = 0.02 s
[ 1242/23688] Prism::NewlineOffsetsTest#"test_whitequark/if.txt" = 0.02 s
[ 1243/23688] Prism::NewlineOffsetsTest#"test_whitequark/__ENCODING__.txt" = 0.02 s
[ 1244/23688] Prism::NewlineOffsetsTest#"test_whitequark/pattern_matching_single_line_allowed_omissi
on_of_parentheses.txt" = 0.04 s
[ 1245/23688] Prism::NewlineOffsetsTest#"test_whitequark/unless_else.txt" = 0.02 s
[ 1246/23688] Prism::NewlineOffsetsTest#"test_whitequark/when_then.txt" = 0.02 s
[ 1247/23688] Prism::NewlineOffsetsTest#"test_whitequark/symbol_plain.txt" = 0.02 s
[ 1248/23688] Prism::NewlineOffsetsTest#"test_whitequark/keyword_argument_omission.txt" = 0.02 s
[ 1249/23688] Prism::NewlineOffsetsTest#"test_seattlerb/unary_plus_on_literal.txt" = 0.02 s
[ 1250/23688] Prism::NewlineOffsetsTest#"test_whitequark/rescue_mod_masgn.txt" = 0.02 s
[ 1251/23688] Prism::NewlineOffsetsTest#"test_seattlerb/call_array_lit_inline_hash.txt" = 0.02 s
[ 1252/23688] Prism::NewlineOffsetsTest#"test_seattlerb/str_newline_hash_line_number.txt" = 0.02 s
[ 1253/23688] Prism::NewlineOffsetsTest#"test_seattlerb/iter_args_4.txt" = 0.02 s
[ 1254/23688] Prism::NewlineOffsetsTest#"test_whitequark/true.txt" = 0.02 s
[ 1255/23688] Prism::NewlineOffsetsTest#"test_seattlerb/qw_escape.txt" = 0.02 s
[ 1256/23688] Prism::NewlineOffsetsTest#"test_seattlerb/op_asgn_primary_colon_const_command_call.txt
" = 0.02 s
[ 1257/23688] Prism::NewlineOffsetsTest#"test_seattlerb/masgn_splat_arg_arg.txt" = 0.02 s
[ 1258/23688] Prism::NewlineOffsetsTest#"test_whitequark/send_plain_cmd.txt" = 0.02 s
[ 1259/23688] Prism::NewlineOffsetsTest#"test_seattlerb/mlhs_keyword.txt" = 0.02 s
[ 1260/23688] Prism::NewlineOffsetsTest#"test_seattlerb/heredoc_trailing_slash_continued_call.txt" =
 0.02 s
[ 1261/23688] Prism::NewlineOffsetsTest#"test_whitequark/rescue_mod_asgn.txt" = 0.02 s
[ 1262/23688] Prism::NewlineOffsetsTest#"test_whitequark/arg_duplicate_ignored.txt" = 0.02 s
[ 1263/23688] Prism::NewlineOffsetsTest#"test_seattlerb/defs_kwarg.txt" = 0.02 s
[ 1264/23688] Prism::NewlineOffsetsTest#"test_seattlerb/begin_rescue_else_ensure_no_bodies.txt" = 0.
02 s
[ 1265/23688] Prism::NewlineOffsetsTest#"test_whitequark/cond_begin.txt" = 0.02 s
[ 1266/23688] Prism::NewlineOffsetsTest#"test_unparser/corpus/literal/hookexe.txt" = 0.02 s
[ 1267/23688] Prism::NewlineOffsetsTest#"test_seattlerb/parse_line_rescue.txt" = 0.02 s
[ 1268/23688] Prism::NewlineOffsetsTest#"test_whitequark/array_words.txt" = 0.02 s
[ 1269/23688] Prism::NewlineOffsetsTest#"test_seattlerb/BEGIN.txt" = 0.02 s
[ 1270/23688] Prism::NewlineOffsetsTest#"test_seattlerb/attrasgn_array_lhs.txt" = 0.02 s
[ 1271/23688] Prism::NewlineOffsetsTest#"test_whitequark/lparenarg_after_lvar__since_25.txt" = 0.02
s
[ 1272/23688] Prism::NewlineOffsetsTest#"test_seattlerb/dsym_to_sym.txt" = 0.02 s
[ 1273/23688] Prism::NewlineOffsetsTest#"test_arrays.txt" = 0.17 s
[ 1274/23688] Prism::NewlineOffsetsTest#"test_seattlerb/str_double_escaped_newline.txt" = 0.02 s
[ 1275/23688] Prism::NewlineOffsetsTest#"test_seattlerb/op_asgn_primary_colon_identifier1.txt" = 0.0
2 s
[ 1276/23688] Prism::NewlineOffsetsTest#"test_whitequark/bug_do_block_in_call_args.txt" = 0.02 s
[ 1277/23688] Prism::NewlineOffsetsTest#"test_seattlerb/call_stabby_do_end_with_block.txt" = 0.02 s
[ 1278/23688] Prism::NewlineOffsetsTest#"test_whitequark/for.txt" = 0.02 s
[ 1279/23688] Prism::NewlineOffsetsTest#"test_seattlerb/str_backslashes.txt" = 0.02 s
[ 1280/23688] Prism::NewlineOffsetsTest#"test_seattlerb/parse_until_not_noncanonical.txt" = 0.02 s
[ 1281/23688] Prism::NewlineOffsetsTest#"test_seattlerb/parse_line_multiline_str_literal_n.txt" = 0.
02 s
[ 1282/23688] Prism::NewlineOffsetsTest#"test_whitequark/send_index_cmd.txt" = 0.02 s
[ 1283/23688] Prism::NewlineOffsetsTest#"test_seattlerb/rescue_do_end_no_raise.txt" = 0.02 s
[ 1284/23688] Prism::NewlineOffsetsTest#"test_seattlerb/heredoc_backslash_nl.txt" = 0.02 s
[ 1285/23688] Prism::NewlineOffsetsTest#"test_seattlerb/masgn_arg_splat_arg.txt" = 0.02 s
[ 1286/23688] Prism::NewlineOffsetsTest#"test_seattlerb/thingy.txt" = 0.02 s
[ 1287/23688] Prism::NewlineOffsetsTest#"test_seattlerb/parse_while_not_noncanonical.txt" = 0.02 s
[ 1288/23688] Prism::NewlineOffsetsTest#"test_seattlerb/pipe_space.txt" = 0.02 s
[ 1289/23688] Prism::NewlineOffsetsTest#"test_strings.txt" = 0.12 s
[ 1290/23688] Prism::NewlineOffsetsTest#"test_seattlerb/bug_249.txt" = 0.02 s
[ 1291/23688] Prism::NewlineOffsetsTest#"test_seattlerb/dot2_nil__26.txt" = 0.02 s
[ 1292/23688] Prism::NewlineOffsetsTest#"test_seattlerb/defn_kwarg_kwsplat_anon.txt" = 0.02 s
[ 1293/23688] Prism::NewlineOffsetsTest#"test_seattlerb/dstr_lex_state.txt" = 0.02 s
[ 1294/23688] Prism::NewlineOffsetsTest#"test_whitequark/super.txt" = 0.02 s
[ 1295/23688] Prism::NewlineOffsetsTest#"test_seattlerb/cond_unary_minus.txt" = 0.02 s
[ 1296/23688] Prism::NewlineOffsetsTest#"test_whitequark/not_masgn__24.txt" = 0.02 s
[ 1297/23688] Prism::NewlineOffsetsTest#"test_whitequark/hash_label.txt" = 0.02 s
[ 1298/23688] Prism::NewlineOffsetsTest#"test_seattlerb/heredoc_squiggly_empty.txt" = 0.02 s
[ 1299/23688] Prism::NewlineOffsetsTest#"test_seattlerb/iter_kwarg.txt" = 0.02 s
[ 1300/23688] Prism::NewlineOffsetsTest#"test_seattlerb/qw_escape_term.txt" = 0.02 s
[ 1301/23688] Prism::NewlineOffsetsTest#"test_seattlerb/block_splat_reg.txt" = 0.02 s
[ 1302/23688] Prism::NewlineOffsetsTest#"test_seattlerb/bug_cond_pct.txt" = 0.02 s
[ 1303/23688] Prism::NewlineOffsetsTest#"test_whitequark/bang_cmd.txt" = 0.02 s
[ 1304/23688] Prism::NewlineOffsetsTest#"test_seattlerb/rescue_do_end_ensure_result.txt" = 0.02 s
[ 1305/23688] Prism::NewlineOffsetsTest#"test_seattlerb/case_in_86.txt" = 0.02 s
[ 1306/23688] Prism::NewlineOffsetsTest#"test_seattlerb/defn_oneliner_eq2.txt" = 0.02 s
[ 1307/23688] Prism::NewlineOffsetsTest#"test_seattlerb/masgn_arg_colon_arg.txt" = 0.02 s
[ 1308/23688] Prism::NewlineOffsetsTest#"test_seattlerb/parse_if_not_noncanonical.txt" = 0.02 s
[ 1309/23688] Prism::NewlineOffsetsTest#"test_seattlerb/f_kw__required.txt" = 0.02 s
[ 1310/23688] Prism::NewlineOffsetsTest#"test_whitequark/hash_hashrocket.txt" = 0.02 s
[ 1311/23688] Prism::NewlineOffsetsTest#"test_seattlerb/defs_oneliner_rescue.txt" = 0.03 s
[ 1312/23688] Prism::NewlineOffsetsTest#"test_unparser/corpus/literal/kwbegin.txt" = 0.08 s
[ 1313/23688] Prism::NewlineOffsetsTest#"test_xstring_with_backslash.txt" = 0.01 s
[ 1314/23688] Prism::NewlineOffsetsTest#"test_until.txt" = 0.04 s
[ 1315/23688] Prism::NewlineOffsetsTest#"test_seattlerb/index_0_opasgn.txt" = 0.02 s
[ 1316/23688] Prism::NewlineOffsetsTest#"test_seattlerb/block_args_opt1.txt" = 0.02 s
[ 1317/23688] Prism::NewlineOffsetsTest#"test_whitequark/forwarded_argument_with_restarg.txt" = 0.02
 s
[ 1318/23688] Prism::NewlineOffsetsTest#"test_lambda.txt" = 0.04 s
[ 1319/23688] Prism::NewlineOffsetsTest#"test_seattlerb/block_kwarg_lvar.txt" = 0.02 s
[ 1320/23688] Prism::NewlineOffsetsTest#"test_seattlerb/defn_arg_asplat_arg.txt" = 0.02 s
[ 1321/23688] Prism::NewlineOffsetsTest#"test_seattlerb/defn_kwarg_env.txt" = 0.02 s
[ 1322/23688] Prism::NewlineOffsetsTest#"test_methods.txt" = 0.23 s
[ 1323/23688] Prism::NewlineOffsetsTest#"test_whitequark/bug_lambda_leakage.txt" = 0.02 s
[ 1324/23688] Prism::NewlineOffsetsTest#"test_seattlerb/mlhs_front_anonsplat.txt" = 0.02 s
[ 1325/23688] Prism::NewlineOffsetsTest#"test_seattlerb/const_op_asgn_and1.txt" = 0.02 s
[ 1326/23688] Prism::NewlineOffsetsTest#"test_seattlerb/parse_line_str_with_newline_escape.txt" = 0.
02 s
[ 1327/23688] Prism::NewlineOffsetsTest#"test_whitequark/ruby_bug_11107.txt" = 0.02 s
[ 1328/23688] Prism::NewlineOffsetsTest#"test_whitequark/args_args_assocs.txt" = 0.02 s
[ 1329/23688] Prism::NewlineOffsetsTest#"test_global_variables.txt" = 0.09 s
[ 1330/23688] Prism::NewlineOffsetsTest#"test_whitequark/space_args_block.txt" = 0.02 s
[ 1331/23688] Prism::NewlineOffsetsTest#"test_seattlerb/parse_line_defn_complex.txt" = 0.02 s
[ 1332/23688] Prism::NewlineOffsetsTest#"test_seattlerb/iter_args_7_2.txt" = 0.02 s
[ 1333/23688] Prism::NewlineOffsetsTest#"test_seattlerb/call_assoc_new.txt" = 0.02 s
[ 1334/23688] Prism::NewlineOffsetsTest#"test_seattlerb/safe_calls.txt" = 0.02 s
[ 1335/23688] Prism::NewlineOffsetsTest#"test_whitequark/send_index_legacy.txt" = 0.02 s
[ 1336/23688] Prism::NewlineOffsetsTest#"test_whitequark/space_args_arg_block.txt" = 0.02 s
[ 1337/23688] Prism::NewlineOffsetsTest#"test_seattlerb/block_call_defn_call_block_call.txt" = 0.02
s
[ 1338/23688] Prism::NewlineOffsetsTest#"test_seattlerb/block_decomp_anon_splat_arg.txt" = 0.02 s
[ 1339/23688] Prism::NewlineOffsetsTest#"test_unparser/corpus/literal/since/30.txt" = 0.02 s
[ 1340/23688] Prism::NewlineOffsetsTest#"test_seattlerb/regexp_esc_C_slash.txt" = 0.02 s
[ 1341/23688] Prism::NewlineOffsetsTest#"test_unless.txt" = 0.03 s
[ 1342/23688] Prism::NewlineOffsetsTest#"test_whitequark/hash_empty.txt" = 0.02 s
[ 1343/23688] Prism::NewlineOffsetsTest#"test_seattlerb/call_env.txt" = 0.02 s
[ 1344/23688] Prism::NewlineOffsetsTest#"test_seattlerb/defn_oneliner_noargs_parentheses.txt" = 0.02
 s
[ 1345/23688] Prism::NewlineOffsetsTest#"test_seattlerb/masgn_splat_arg.txt" = 0.02 s
[ 1346/23688] Prism::NewlineOffsetsTest#"test_seattlerb/masgn_anon_splat_arg.txt" = 0.02 s
[ 1347/23688] Prism::NewlineOffsetsTest#"test_whitequark/op_asgn_index_cmd.txt" = 0.02 s
[ 1348/23688] Prism::NewlineOffsetsTest#"test_whitequark/bug_cmd_string_lookahead.txt" = 0.02 s
[ 1349/23688] Prism::NewlineOffsetsTest#"test_seattlerb/call_not.txt" = 0.02 s
[ 1350/23688] Prism::NewlineOffsetsTest#"test_seattlerb/call_trailing_comma.txt" = 0.01 s
[ 1351/23688] Prism::NewlineOffsetsTest#"test_dstring.txt" = 0.04 s
[ 1352/23688] Prism::NewlineOffsetsTest#"test_whitequark/send_op_asgn_conditional.txt" = 0.02 s
[ 1353/23688] Prism::NewlineOffsetsTest#"test_seattlerb/integer_with_if_modifier.txt" = 0.02 s
[ 1354/23688] Prism::NewlineOffsetsTest#"test_range_end_open_exclusive.txt" = 0.02 s
[ 1355/23688] Prism::NewlineOffsetsTest#"test_seattlerb/case_in_else.txt" = 0.02 s
[ 1356/23688] Prism::NewlineOffsetsTest#"test_heredocs_with_ignored_newlines.txt" = 0.02 s
[ 1357/23688] Prism::NewlineOffsetsTest#"test_dsym_str.txt" = 0.02 s
[ 1358/23688] Prism::NewlineOffsetsTest#"test_next.txt" = 0.05 s
[ 1359/23688] Prism::NewlineOffsetsTest#"test_seattlerb/dot3_nil__26.txt" = 0.02 s
[ 1360/23688] Prism::NewlineOffsetsTest#"test_seattlerb/dstr_evstr.txt" = 0.02 s
[ 1361/23688] Prism::NewlineOffsetsTest#"test_whitequark/class_super_label.txt" = 0.02 s
[ 1362/23688] Prism::NewlineOffsetsTest#"test_whitequark/forwarded_restarg.txt" = 0.02 s
[ 1363/23688] Prism::NewlineOffsetsTest#"test_whitequark/send_index.txt" = 0.02 s
[ 1364/23688] Prism::NewlineOffsetsTest#"test_seattlerb/heredoc_with_extra_carriage_horrible_mix.txt
" = 0.02 s
[ 1365/23688] Prism::NewlineOffsetsTest#"test_seattlerb/block_command_operation_dot.txt" = 0.02 s
[ 1366/23688] Prism::NewlineOffsetsTest#"test_unparser/corpus/semantic/block.txt" = 0.04 s
[ 1367/23688] Prism::NewlineOffsetsTest#"test_whitequark/ruby_bug_14690.txt" = 0.02 s
[ 1368/23688] Prism::NewlineOffsetsTest#"test_seattlerb/case_in_find.txt" = 0.02 s
[ 1369/23688] Prism::NewlineOffsetsTest#"test_seattlerb/qwords_empty.txt" = 0.01 s
[ 1370/23688] Prism::NewlineOffsetsTest#"test_whitequark/cvar.txt" = 0.02 s
[ 1371/23688] Prism::NewlineOffsetsTest#"test_seattlerb/bug_215.txt" = 0.02 s
[ 1372/23688] Prism::NewlineOffsetsTest#"test_whitequark/send_index_asgn.txt" = 0.02 s
[ 1373/23688] Prism::NewlineOffsetsTest#"test_ternary_operator.txt" = 0.04 s
[ 1374/23688] Prism::NewlineOffsetsTest#"test_seattlerb/parse_if_not_canonical.txt" = 0.02 s
[ 1375/23688] Prism::NewlineOffsetsTest#"test_seattlerb/qWords_space.txt" = 0.02 s
[ 1376/23688] Prism::NewlineOffsetsTest#"test_boolean_operators.txt" = 0.02 s
[ 1377/23688] Prism::NewlineOffsetsTest#"test_whitequark/string_concat.txt" = 0.02 s
[ 1378/23688] Prism::NewlineOffsetsTest#"test_seattlerb/block_arg_opt_arg_block.txt" = 0.02 s
[ 1379/23688] Prism::NewlineOffsetsTest#"test_whitequark/masgn_nested.txt" = 0.02 s
[ 1380/23688] Prism::NewlineOffsetsTest#"test_nils.txt" = 0.02 s
[ 1381/23688] Prism::NewlineOffsetsTest#"test_seattlerb/in_expr_no_case.txt" = 0.02 s
[ 1382/23688] Prism::NewlineOffsetsTest#"test_seattlerb/rhs_asgn.txt" = 0.02 s
[ 1383/23688] Prism::NewlineOffsetsTest#"test_seattlerb/difficult7_.txt" = 0.02 s
[ 1384/23688] Prism::NewlineOffsetsTest#"test_newline_terminated.txt" = 0.05 s
[ 1385/23688] Prism::NewlineOffsetsTest#"test_seattlerb/method_call_trailing_comma.txt" = 0.02 s
[ 1386/23688] Prism::NewlineOffsetsTest#"test_seattlerb/safe_call_newline.txt" = 0.02 s
[ 1387/23688] Prism::NewlineOffsetsTest#"test_seattlerb/difficult3__9.txt" = 0.02 s
[ 1388/23688] Prism::NewlineOffsetsTest#"test_whitequark/sclass.txt" = 0.02 s
[ 1389/23688] Prism::NewlineOffsetsTest#"test_whitequark/slash_newline_in_heredocs.txt" = 0.02 s
[ 1390/23688] Prism::NewlineOffsetsTest#"test_whitequark/optarg.txt" = 0.02 s
[ 1391/23688] Prism::NewlineOffsetsTest#"test_seattlerb/defn_kwarg_lvar.txt" = 0.02 s
[ 1392/23688] Prism::NewlineOffsetsTest#"test_seattlerb/parse_line_call_no_args.txt" = 0.02 s
[ 1393/23688] Prism::NewlineOffsetsTest#"test_whitequark/dedenting_heredoc.txt" = 0.07 s
[ 1394/23688] Prism::NewlineOffsetsTest#"test_seattlerb/parse_line_dot2_open.txt" = 0.02 s
[ 1395/23688] Prism::NewlineOffsetsTest#"test_whitequark/var_or_asgn.txt" = 0.01 s
[ 1396/23688] Prism::NewlineOffsetsTest#"test_seattlerb/bug_args_masgn_outer_parens__19.txt" = 0.02
s
[ 1397/23688] Prism::NewlineOffsetsTest#"test_unparser/corpus/literal/send.txt" = 0.17 s
[ 1398/23688] Prism::NewlineOffsetsTest#"test_heredoc_with_trailing_newline.txt" = 0.01 s
[ 1399/23688] Prism::NewlineOffsetsTest#"test_whitequark/parser_bug_507.txt" = 0.02 s
[ 1400/23688] Prism::NewlineOffsetsTest#"test_seattlerb/begin_ensure_no_bodies.txt" = 0.02 s
[ 1401/23688] Prism::NewlineOffsetsTest#"test_seattlerb/defn_oneliner.txt" = 0.02 s
[ 1402/23688] Prism::NewlineOffsetsTest#"test_whitequark/symbol_interp.txt" = 0.02 s
[ 1403/23688] Prism::NewlineOffsetsTest#"test_seattlerb/iter_args_2__19.txt" = 0.02 s
[ 1404/23688] Prism::NewlineOffsetsTest#"test_seattlerb/heredoc_with_carriage_return_escapes.txt" =
0.02 s
[ 1405/23688] Prism::NewlineOffsetsTest#"test_whitequark/cond_iflipflop_with_beginless_range.txt" =
0.02 s
[ 1406/23688] Prism::NewlineOffsetsTest#"test_seattlerb/safe_call_dot_parens.txt" = 0.02 s
[ 1407/23688] Prism::NewlineOffsetsTest#"test_seattlerb/safe_attrasgn_constant.txt" = 0.02 s
[ 1408/23688] Prism::NewlineOffsetsTest#"test_unparser/corpus/semantic/while.txt" = 0.04 s
[ 1409/23688] Prism::NewlineOffsetsTest#"test_seattlerb/mlhs_mid_splat.txt" = 0.02 s
[ 1410/23688] Prism::NewlineOffsetsTest#"test_whitequark/parser_bug_830.txt" = 0.02 s
[ 1411/23688] Prism::NewlineOffsetsTest#"test_seattlerb/symbol_list.txt" = 0.02 s
[ 1412/23688] Prism::NewlineOffsetsTest#"test_seattlerb/parse_line_postexe.txt" = 0.02 s
[ 1413/23688] Prism::NewlineOffsetsTest#"test_seattlerb/difficult4__leading_dots.txt" = 0.02 s
[ 1414/23688] Prism::NewlineOffsetsTest#"test_keyword_method_names.txt" = 0.04 s
[ 1415/23688] Prism::NewlineOffsetsTest#"test_seattlerb/heredoc_squiggly_blank_line_plus_interpolati
on.txt" = 0.02 s
[ 1416/23688] Prism::NewlineOffsetsTest#"test_seattlerb/block_args_no_kwargs.txt" = 0.02 s
[ 1417/23688] Prism::NewlineOffsetsTest#"test_whitequark/array_symbols_empty.txt" = 0.02 s
[ 1418/23688] Prism::NewlineOffsetsTest#"test_booleans.txt" = 0.02 s
[ 1419/23688] Prism::NewlineOffsetsTest#"test_whitequark/case_cond_else.txt" = 0.02 s
[ 1420/23688] Prism::NewlineOffsetsTest#"test_whitequark/while_post.txt" = 0.02 s
[ 1421/23688] Prism::NewlineOffsetsTest#"test_seattlerb/str_str_str.txt" = 0.02 s
[ 1422/23688] Prism::NewlineOffsetsTest#"test_whitequark/anonymous_blockarg.txt" = 0.02 s
[ 1423/23688] Prism::NewlineOffsetsTest#"test_seattlerb/defn_kwarg_kwsplat.txt" = 0.02 s
[ 1424/23688] Prism::NewlineOffsetsTest#"test_seattlerb/bug202.txt" = 0.02 s
[ 1425/23688] Prism::NewlineOffsetsTest#"test_seattlerb/bug_masgn_right.txt" = 0.02 s
[ 1426/23688] Prism::NewlineOffsetsTest#"test_seattlerb/mlhs_back_anonsplat.txt" = 0.02 s
[ 1427/23688] Prism::NewlineOffsetsTest#"test_whitequark/var_op_asgn.txt" = 0.02 s
[ 1428/23688] Prism::NewlineOffsetsTest#"test_seattlerb/call_carat.txt" = 0.02 s
[ 1429/23688] Prism::NewlineOffsetsTest#"test_seattlerb/backticks_interpolation_line.txt" = 0.02 s
[ 1430/23688] Prism::NewlineOffsetsTest#"test_seattlerb/attrasgn_array_arg.txt" = 0.02 s
[ 1431/23688] Prism::NewlineOffsetsTest#"test_whitequark/return.txt" = 0.02 s
[ 1432/23688] Prism::NewlineOffsetsTest#"test_begin_rescue.txt" = 0.09 s
[ 1433/23688] Prism::NewlineOffsetsTest#"test_seattlerb/defn_args_forward_args.txt" = 0.02 s
[ 1434/23688] Prism::NewlineOffsetsTest#"test_unparser/corpus/semantic/opasgn.txt" = 0.02 s
[ 1435/23688] Prism::NewlineOffsetsTest#"test_seattlerb/call_array_arg.txt" = 0.02 s
[ 1436/23688] Prism::NewlineOffsetsTest#"test_whitequark/array_plain.txt" = 0.01 s
[ 1437/23688] Prism::NewlineOffsetsTest#"test_whitequark/gvar.txt" = 0.51 s
[ 1438/23688] Prism::NewlineOffsetsTest#"test_seattlerb/class_comments.txt" = 0.02 s
[ 1439/23688] Prism::NewlineOffsetsTest#"test_seattlerb/block_arg_opt_splat_arg_block_omfg.txt" = 0.
02 s
[ 1440/23688] Prism::NewlineOffsetsTest#"test_seattlerb/str_evstr_escape.txt" = 0.02 s
[ 1441/23688] Prism::NewlineOffsetsTest#"test_whitequark/forward_arg.txt" = 0.02 s
[ 1442/23688] Prism::NewlineOffsetsTest#"test_unparser/corpus/literal/def.txt" = 0.13 s
[ 1443/23688] Prism::NewlineOffsetsTest#"test_seattlerb/symbol_empty.txt" = 0.01 s
[ 1444/23688] Prism::NewlineOffsetsTest#"test_seattlerb/defn_endless_command.txt" = 0.02 s
[ 1445/23688] Prism::NewlineOffsetsTest#"test_whitequark/ruby_bug_11990.txt" = 0.02 s
[ 1446/23688] Prism::NewlineOffsetsTest#"test_seattlerb/heredoc_bad_hex_escape.txt" = 0.02 s
[ 1447/23688] Prism::NewlineOffsetsTest#"test_whitequark/const_unscoped.txt" = 0.02 s
[ 1448/23688] Prism::NewlineOffsetsTest#"test_whitequark/xstring_interp.txt" = 0.02 s
[ 1449/23688] Prism::NewlineOffsetsTest#"test_seattlerb/bug236.txt" = 0.02 s
[ 1450/23688] Prism::NewlineOffsetsTest#"test_whitequark/or.txt" = 0.02 s
[ 1451/23688] Prism::NewlineOffsetsTest#"test_whitequark/cond_iflipflop.txt" = 0.02 s
[ 1452/23688] Prism::NewlineOffsetsTest#"test_whitequark/begin_cmdarg.txt" = 0.02 s
[ 1453/23688] Prism::NewlineOffsetsTest#"test_whitequark/array_splat.txt" = 0.02 s
[ 1454/23688] Prism::NewlineOffsetsTest#"test_seattlerb/const_op_asgn_and2.txt" = 0.02 s
[ 1455/23688] Prism::NewlineOffsetsTest#"test_whitequark/pattern_matching_else.txt" = 0.02 s
[ 1456/23688] Prism::NewlineOffsetsTest#"test_seattlerb/case_in_find_array.txt" = 0.02 s
[ 1457/23688] Prism::NewlineOffsetsTest#"test_seattlerb/regexp_esc_u.txt" = 0.02 s
[ 1458/23688] Prism::NewlineOffsetsTest#"test_whitequark/pattern_matching_single_line.txt" = 0.02 s
[ 1459/23688] Prism::NewlineOffsetsTest#"test_whitequark/cond_begin_masgn.txt" = 0.02 s
[ 1460/23688] Prism::NewlineOffsetsTest#"test_seattlerb/op_asgn_dot_ident_command_call.txt" = 0.02 s
[ 1461/23688] Prism::NewlineOffsetsTest#"test_whitequark/send_binary_op.txt" = 0.13 s
[ 1462/23688] Prism::NewlineOffsetsTest#"test_single_method_call_with_bang.txt" = 0.01 s
[ 1463/23688] Prism::NewlineOffsetsTest#"test_whitequark/ruby_bug_12073.txt" = 0.02 s
[ 1464/23688] Prism::NewlineOffsetsTest#"test_seattlerb/iter_args_7_1.txt" = 0.02 s
[ 1465/23688] Prism::NewlineOffsetsTest#"test_seattlerb/difficult6__8.txt" = 0.02 s
[ 1466/23688] Prism::NewlineOffsetsTest#"test_seattlerb/case_in_hash_pat_paren_true.txt" = 0.02 s
[ 1467/23688] Prism::NewlineOffsetsTest#"test_whitequark/ruby_bug_9669.txt" = 0.02 s
[ 1468/23688] Prism::NewlineOffsetsTest#"test_seattlerb/heredoc_with_extra_carriage_returns.txt" = 0
.02 s
[ 1469/23688] Prism::NewlineOffsetsTest#"test_whitequark/array_symbols_interp.txt" = 0.02 s
[ 1470/23688] Prism::NewlineOffsetsTest#"test_whitequark/alias.txt" = 0.01 s
[ 1471/23688] Prism::NewlineOffsetsTest#"test_whitequark/case_cond.txt" = 0.02 s
[ 1472/23688] Prism::NewlineOffsetsTest#"test_whitequark/asgn_cmd.txt" = 0.02 s
[ 1473/23688] Prism::NewlineOffsetsTest#"test_whitequark/args_block_pass.txt" = 0.02 s
[ 1474/23688] Prism::NewlineOffsetsTest#"test_whitequark/bug_heredoc_do.txt" = 0.02 s
[ 1475/23688] Prism::NewlineOffsetsTest#"test_seattlerb/lambda_do_vs_brace.txt" = 0.02 s
[ 1476/23688] Prism::NewlineOffsetsTest#"test_single_quote_heredocs.txt" = 0.02 s
[ 1477/23688] Prism::NewlineOffsetsTest#"test_seattlerb/bug_call_arglist_parens.txt" = 0.03 s
[ 1478/23688] Prism::NewlineOffsetsTest#"test_seattlerb/block_args_opt2.txt" = 0.02 s
[ 1479/23688] Prism::NewlineOffsetsTest#"test_seattlerb/case_in_67.txt" = 0.02 s
[ 1480/23688] Prism::NewlineOffsetsTest#"test_unescaping.txt" = 0.02 s
[ 1481/23688] Prism::NewlineOffsetsTest#"test_seattlerb/case_in_hash_pat.txt" = 0.02 s
[ 1482/23688] Prism::NewlineOffsetsTest#"test_whitequark/op_asgn_cmd.txt" = 0.03 s
[ 1483/23688] Prism::NewlineOffsetsTest#"test_seattlerb/difficult4__leading_dots2.txt" = 0.02 s
[ 1484/23688] Prism::NewlineOffsetsTest#"test_seattlerb/call_args_assoc_trailing_comma.txt" = 0.02 s
[ 1485/23688] Prism::NewlineOffsetsTest#"test_seattlerb/block_call_dot_op2_brace_block.txt" = 0.02 s
[ 1486/23688] Prism::NewlineOffsetsTest#"test_embdoc_no_newline_at_end.txt" = 0.02 s
[ 1487/23688] Prism::NewlineOffsetsTest#"test_seattlerb/regexp_escape_extended.txt" = 0.02 s
[ 1488/23688] Prism::NewlineOffsetsTest#"test_whitequark/bug_do_block_in_hash_brace.txt" = 0.05 s
[ 1489/23688] Prism::NewlineOffsetsTest#"test_seattlerb/masgn_lhs_splat.txt" = 0.02 s
[ 1490/23688] Prism::NewlineOffsetsTest#"test_whitequark/rescue_else_ensure.txt" = 0.02 s
[ 1491/23688] Prism::NewlineOffsetsTest#"test_undef.txt" = 0.03 s
[ 1492/23688] Prism::NewlineOffsetsTest#"test_whitequark/var_op_asgn_cmd.txt" = 0.02 s
[ 1493/23688] Prism::NewlineOffsetsTest#"test_unparser/corpus/semantic/literal.txt" = 0.04 s
[ 1494/23688] Prism::NewlineOffsetsTest#"test_seattlerb/parse_line_dot3.txt" = 0.02 s
[ 1495/23688] Prism::NewlineOffsetsTest#"test_whitequark/asgn_mrhs.txt" = 0.02 s
[ 1496/23688] Prism::NewlineOffsetsTest#"test_whitequark/not_cmd.txt" = 0.02 s
[ 1497/23688] Prism::NewlineOffsetsTest#"test_seattlerb/dsym_esc_to_sym.txt" = 0.02 s
[ 1498/23688] Prism::NewlineOffsetsTest#"test_whitequark/ruby_bug_11989.txt" = 0.02 s
[ 1499/23688] Prism::NewlineOffsetsTest#"test_whitequark/masgn_attr.txt" = 0.02 s
[ 1500/23688] Prism::NewlineOffsetsTest#"test_seattlerb/defn_kwarg_no_parens.txt" = 0.02 s
[ 1501/23688] Prism::NewlineOffsetsTest#"test_whitequark/send_lambda_args_noparen.txt" = 0.03 s
[ 1502/23688] Prism::NewlineOffsetsTest#"test_seattlerb/lasgn_env.txt" = 0.02 s
[ 1503/23688] Prism::NewlineOffsetsTest#"test_whitequark/forwarded_kwrestarg_with_additional_kwarg.t
xt" = 0.02 s
[ 1504/23688] Prism::NewlineOffsetsTest#"test_seattlerb/parse_line_return.txt" = 0.02 s
[ 1505/23688] Prism::NewlineOffsetsTest#"test_unparser/corpus/literal/pragma.txt" = 0.02 s
[ 1506/23688] Prism::NewlineOffsetsTest#"test_whitequark/space_args_arg.txt" = 0.02 s
[ 1507/23688] Prism::NewlineOffsetsTest#"test_heredoc_with_comment.txt" = 0.02 s
[ 1508/23688] Prism::NewlineOffsetsTest#"test_yield.txt" = 0.02 s
[ 1509/23688] Prism::NewlineOffsetsTest#"test_seattlerb/if_elsif.txt" = 0.02 s
[ 1510/23688] Prism::NewlineOffsetsTest#"test_hashes.txt" = 0.05 s
[ 1511/23688] Prism::NewlineOffsetsTest#"test_seattlerb/call_leading_dots.txt" = 0.02 s
[ 1512/23688] Prism::NewlineOffsetsTest#"test_seattlerb/call_stabby_with_braces_block.txt" = 0.02 s
[ 1513/23688] Prism::NewlineOffsetsTest#"test_seattlerb/defs_endless_command_rescue.txt" = 0.02 s
[ 1514/23688] Prism::NewlineOffsetsTest#"test_whitequark/rational.txt" = 0.02 s
[ 1515/23688] Prism::NewlineOffsetsTest#"test_seattlerb/str_single_double_escaped_newline.txt" = 0.0
2 s
[ 1516/23688] Prism::NewlineOffsetsTest#"test_seattlerb/masgn_arg_ident.txt" = 0.02 s
[ 1517/23688] Prism::NewlineOffsetsTest#"test_seattlerb/call_kwsplat.txt" = 0.01 s
[ 1518/23688] Prism::NewlineOffsetsTest#"test_whitequark/and_or_masgn.txt" = 0.02 s
[ 1519/23688] Prism::NewlineOffsetsTest#"test_whitequark/postexe.txt" = 0.01 s
[ 1520/23688] Prism::NewlineOffsetsTest#"test_seattlerb/defn_opt_reg.txt" = 0.02 s
[ 1521/23688] Prism::NewlineOffsetsTest#"test_seattlerb/heredoc_with_only_carriage_returns.txt" = 0.
02 s
[ 1522/23688] Prism::NewlineOffsetsTest#"test_method_calls.txt" = 0.22 s
[ 1523/23688] Prism::NewlineOffsetsTest#"test_seattlerb/call_colon2.txt" = 0.01 s
[ 1524/23688] Prism::NewlineOffsetsTest#"test_seattlerb/heredoc_squiggly_visually_blank_lines.txt" =
 0.06 s
[ 1525/23688] Prism::NewlineOffsetsTest#"test_seattlerb/call_arg_assoc.txt" = 0.02 s
[ 1526/23688] Prism::NewlineOffsetsTest#"test_whitequark/kwnilarg.txt" = 0.02 s
[ 1527/23688] Prism::NewlineOffsetsTest#"test_whitequark/while.txt" = 0.02 s
[ 1528/23688] Prism::NewlineOffsetsTest#"test_whitequark/case_expr_else.txt" = 0.02 s
[ 1529/23688] Prism::NewlineOffsetsTest#"test_seattlerb/call_and.txt" = 0.02 s
[ 1530/23688] Prism::NewlineOffsetsTest#"test_seattlerb/block_paren_splat.txt" = 0.02 s
[ 1531/23688] Prism::NewlineOffsetsTest#"test_whitequark/self.txt" = 0.02 s
[ 1532/23688] Prism::NewlineOffsetsTest#"test_seattlerb/symbols_interp.txt" = 0.02 s
[ 1533/23688] Prism::NewlineOffsetsTest#"test_seattlerb/parse_pattern_058.txt" = 0.02 s
[ 1534/23688] Prism::NewlineOffsetsTest#"test_seattlerb/assoc_label.txt" = 0.02 s
[ 1535/23688] Prism::NewlineOffsetsTest#"test_seattlerb/bug191.txt" = 0.02 s
[ 1536/23688] Prism::NewlineOffsetsTest#"test_seattlerb/defn_reg_opt_reg.txt" = 0.02 s
[ 1537/23688] Prism::NewlineOffsetsTest#"test_unparser/corpus/literal/rescue.txt" = 0.02 s
[ 1538/23688] Prism::NewlineOffsetsTest#"test_seattlerb/const_2_op_asgn_or2.txt" = 0.02 s
[ 1539/23688] Prism::NewlineOffsetsTest#"test_seattlerb/case_in_37.txt" = 0.02 s
[ 1540/23688] Prism::NewlineOffsetsTest#"test_seattlerb/parse_line_defn_no_parens_args.txt" = 0.02 s
[ 1541/23688] Prism::NewlineOffsetsTest#"test_whitequark/ternary.txt" = 0.02 s
[ 1542/23688] Prism::NewlineOffsetsTest#"test_seattlerb/words_interp.txt" = 0.02 s
[ 1543/23688] Prism::NewlineOffsetsTest#"test_seattlerb/call_bang_command_call.txt" = 0.02 s
[ 1544/23688] Prism::NewlineOffsetsTest#"test_whitequark/gvasgn.txt" = 0.02 s
[ 1545/23688] Prism::NewlineOffsetsTest#"test_seattlerb/safe_call.txt" = 0.01 s
[ 1546/23688] Prism::NewlineOffsetsTest#"test_seattlerb/case_in_or.txt" = 0.02 s
[ 1547/23688] Prism::NewlineOffsetsTest#"test_whitequark/unless_mod.txt" = 0.02 s
[ 1548/23688] Prism::NewlineOffsetsTest#"test_whitequark/forward_arg_with_open_args.txt" = 0.05 s
[ 1549/23688] Prism::NewlineOffsetsTest#"test_whitequark/send_index_asgn_legacy.txt" = 0.02 s
[ 1550/23688] Prism::NewlineOffsetsTest#"test_heredocs_leading_whitespace.txt" = 0.03 s
[ 1551/23688] Prism::NewlineOffsetsTest#"test_seattlerb/rescue_do_end_raised.txt" = 0.02 s
[ 1552/23688] Prism::NewlineOffsetsTest#"test_seattlerb/begin_rescue_ensure_no_bodies.txt" = 0.02 s
[ 1553/23688] Prism::NewlineOffsetsTest#"test_whitequark/back_ref.txt" = 0.01 s
[ 1554/23688] Prism::NewlineOffsetsTest#"test_whitequark/ruby_bug_12669.txt" = 0.02 s
[ 1555/23688] Prism::NewlineOffsetsTest#"test_whitequark/masgn_cmd.txt" = 0.02 s
[ 1556/23688] Prism::NewlineOffsetsTest#"test_whitequark/__ENCODING___legacy_.txt" = 0.01 s
[ 1557/23688] Prism::NewlineOffsetsTest#"test_defined.txt" = 0.02 s
[ 1558/23688] Prism::NewlineOffsetsTest#"test_whitequark/parser_bug_604.txt" = 0.02 s
[ 1559/23688] Prism::NewlineOffsetsTest#"test_whitequark/kwrestarg_unnamed.txt" = 0.01 s
[ 1560/23688] Prism::NewlineOffsetsTest#"test_seattlerb/heredoc_squiggly_blank_lines.txt" = 0.02 s
[ 1561/23688] Prism::NewlineOffsetsTest#"test_range_end_open_inclusive.txt" = 0.01 s
[ 1562/23688] Prism::NewlineOffsetsTest#"test_seattlerb/stabby_block_kw__required.txt" = 0.02 s
[ 1563/23688] Prism::NewlineOffsetsTest#"test_seattlerb/quoted_symbol_hash_arg.txt" = 0.02 s
[ 1564/23688] Prism::NewlineOffsetsTest#"test_seattlerb/bug_hash_args_trailing_comma.txt" = 0.09 s
[ 1565/23688] Prism::NewlineOffsetsTest#"test_seattlerb/difficult3__6.txt" = 0.02 s
[ 1566/23688] Prism::NewlineOffsetsTest#"test_seattlerb/symbols.txt" = 0.01 s
[ 1567/23688] Prism::NewlineOffsetsTest#"test_seattlerb/parse_line_iter_call_parens.txt" = 0.02 s
[ 1568/23688] Prism::NewlineOffsetsTest#"test_seattlerb/heredoc_nested.txt" = 0.02 s
[ 1569/23688] Prism::NewlineOffsetsTest#"test_whitequark/args_args_comma.txt" = 0.02 s
[ 1570/23688] Prism::NewlineOffsetsTest#"test_seattlerb/safe_op_asgn.txt" = 0.02 s
[ 1571/23688] Prism::NewlineOffsetsTest#"test_whitequark/array_words_empty.txt" = 0.02 s
[ 1572/23688] Prism::NewlineOffsetsTest#"test_keywords.txt" = 0.02 s
[ 1573/23688] Prism::NewlineOffsetsTest#"test_whitequark/hash_label_end.txt" = 0.02 s
[ 1574/23688] Prism::NewlineOffsetsTest#"test_whitequark/send_self_block.txt" = 0.02 s
[ 1575/23688] Prism::NewlineOffsetsTest#"test_seattlerb/call_gt.txt" = 0.02 s
[ 1576/23688] Prism::NewlineOffsetsTest#"test_seattlerb/block_scope.txt" = 0.02 s
[ 1577/23688] Prism::NewlineOffsetsTest#"test_whitequark/string___FILE__.txt" = 0.01 s
[ 1578/23688] Prism::NewlineOffsetsTest#"test_tilde_heredocs.txt" = 0.08 s
[ 1579/23688] Prism::NewlineOffsetsTest#"test_whitequark/procarg0.txt" = 0.02 s
[ 1580/23688] Prism::NewlineOffsetsTest#"test_seattlerb/iter_args_9_1.txt" = 0.02 s
[ 1581/23688] Prism::NewlineOffsetsTest#"test_seattlerb/mlhs_back_splat.txt" = 0.02 s
[ 1582/23688] Prism::NewlineOffsetsTest#"test_whitequark/ruby_bug_11873.txt" = 0.06 s
[ 1583/23688] Prism::NewlineOffsetsTest#"test_whitequark/endless_method.txt" = 0.02 s
[ 1584/23688] Prism::NewlineOffsetsTest#"test_seattlerb/parse_pattern_019.txt" = 0.02 s
[ 1585/23688] Prism::NewlineOffsetsTest#"test_seattlerb/iter_args_3.txt" = 0.02 s
[ 1586/23688] Prism::NewlineOffsetsTest#"test_seattlerb/str_pct_q.txt" = 0.01 s
[ 1587/23688] Prism::NewlineOffsetsTest#"test_whitequark/multiple_pattern_matches.txt" = 0.03 s
[ 1588/23688] Prism::NewlineOffsetsTest#"test_seattlerb/iter_args_11_2.txt" = 0.02 s
[ 1589/23688] Prism::NewlineOffsetsTest#"test_whitequark/when_splat.txt" = 0.02 s
[ 1590/23688] Prism::NewlineOffsetsTest#"test_whitequark/blockargs.txt" = 0.11 s
[ 1591/23688] Prism::NewlineOffsetsTest#"test_indented_file_end.txt" = 0.02 s
[ 1592/23688] Prism::NewlineOffsetsTest#"test_whitequark/restarg_named.txt" = 0.02 s
[ 1593/23688] Prism::NewlineOffsetsTest#"test_whitequark/if_else.txt" = 0.02 s
[ 1594/23688] Prism::NewlineOffsetsTest#"test_whitequark/string_plain.txt" = 0.02 s
[ 1595/23688] Prism::NewlineOffsetsTest#"test_seattlerb/parse_until_not_canonical.txt" = 0.02 s
[ 1596/23688] Prism::NewlineOffsetsTest#"test_whitequark/lbrace_arg_after_command_args.txt" = 0.02 s
[ 1597/23688] Prism::NewlineOffsetsTest#"test_seattlerb/masgn_star.txt" = 0.01 s
[ 1598/23688] Prism::NewlineOffsetsTest#"test_seattlerb/call_trailing_dots.txt" = 0.02 s
[ 1599/23688] Prism::NewlineOffsetsTest#"test_whitequark/parser_bug_525.txt" = 0.02 s
[ 1600/23688] Prism::NewlineOffsetsTest#"test_whitequark/forward_args_legacy.txt" = 0.02 s
[ 1601/23688] Prism::NewlineOffsetsTest#"test_seattlerb/block_call_operation_dot.txt" = 0.09 s
[ 1602/23688] Prism::NewlineOffsetsTest#"test_seattlerb/parse_line_trailing_newlines.txt" = 0.02 s
[ 1603/23688] Prism::NewlineOffsetsTest#"test_seattlerb/difficult3_4.txt" = 0.02 s
[ 1604/23688] Prism::NewlineOffsetsTest#"test_heredoc_with_escaped_newline_at_start.txt" = 0.02 s
[ 1605/23688] Prism::NewlineOffsetsTest#"test_seattlerb/label_vs_string.txt" = 0.02 s
[ 1606/23688] Prism::NewlineOffsetsTest#"test_whitequark/space_args_arg_call.txt" = 0.02 s
[ 1607/23688] Prism::NewlineOffsetsTest#"test_variables.txt" = 0.07 s
[ 1608/23688] Prism::NewlineOffsetsTest#"test_whitequark/endless_comparison_method.txt" = 0.03 s
[ 1609/23688] Prism::NewlineOffsetsTest#"test_regex_char_width.txt" = 0.02 s
[ 1610/23688] Prism::NewlineOffsetsTest#"test_seattlerb/case_in_42.txt" = 0.02 s
[ 1611/23688] Prism::NewlineOffsetsTest#"test_seattlerb/difficult3__11.txt" = 0.02 s
[ 1612/23688] Prism::NewlineOffsetsTest#"test_seattlerb/bdot2.txt" = 0.02 s
[ 1613/23688] Prism::NewlineOffsetsTest#"test_whitequark/parser_bug_645.txt" = 0.02 s
[ 1614/23688] Prism::NewlineOffsetsTest#"test_emoji_method_calls.txt" = 0.02 s
[ 1615/23688] Prism::NewlineOffsetsTest#"test_classes.txt" = 0.05 s
[ 1616/23688] Prism::NewlineOffsetsTest#"test_whitequark/bug_regex_verification.txt" = 0.02 s
[ 1617/23688] Prism::NewlineOffsetsTest#"test_whitequark/masgn_splat.txt" = 0.04 s
[ 1618/23688] Prism::NewlineOffsetsTest#"test_whitequark/super_block.txt" = 0.02 s
[ 1619/23688] Prism::NewlineOffsetsTest#"test_seattlerb/parse_line_iter_call_no_parens.txt" = 0.02 s
[ 1620/23688] Prism::NewlineOffsetsTest#"test_whitequark/beginless_erange_after_newline.txt" = 0.02
s
[ 1621/23688] Prism::NewlineOffsetsTest#"test_seattlerb/lasgn_call_bracket_rescue_arg.txt" = 0.02 s
[ 1622/23688] Prism::NewlineOffsetsTest#"test_whitequark/ruby_bug_10653.txt" = 0.03 s
[ 1623/23688] Prism::NewlineOffsetsTest#"test_seattlerb/parse_line_dstr_escaped_newline.txt" = 0.02
s
[ 1624/23688] Prism::NewlineOffsetsTest#"test_seattlerb/const_op_asgn_or.txt" = 0.02 s
[ 1625/23688] Prism::NewlineOffsetsTest#"test_seattlerb/heredoc_bad_oct_escape.txt" = 0.02 s
[ 1626/23688] Prism::NewlineOffsetsTest#"test_whitequark/if_mod.txt" = 0.02 s
[ 1627/23688] Prism::NewlineOffsetsTest#"test_seattlerb/defn_comments.txt" = 0.02 s
[ 1628/23688] Prism::NewlineOffsetsTest#"test_seattlerb/parse_line_to_ary.txt" = 0.02 s
[ 1629/23688] Prism::NewlineOffsetsTest#"test_whitequark/bug_rescue_empty_else.txt" = 0.02 s
[ 1630/23688] Prism::NewlineOffsetsTest#"test_whitequark/bug_ascii_8bit_in_literal.txt" = 0.02 s
[ 1631/23688] Prism::NewlineOffsetsTest#"test_unparser/corpus/literal/empty.txt" = 0.01 s
[ 1632/23688] Prism::NewlineOffsetsTest#"test_whitequark/ruby_bug_12402.txt" = 0.05 s
[ 1633/23688] Prism::NewlineOffsetsTest#"test_seattlerb/lasgn_arg_rescue_arg.txt" = 0.02 s
[ 1634/23688] Prism::NewlineOffsetsTest#"test_whitequark/bug_466.txt" = 0.02 s
[ 1635/23688] Prism::NewlineOffsetsTest#"test_seattlerb/alias_gvar_backref.txt" = 0.02 s
[ 1636/23688] Prism::NewlineOffsetsTest#"test_for.txt" = 0.03 s
[ 1637/23688] Prism::NewlineOffsetsTest#"test_whitequark/def.txt" = 0.02 s
[ 1638/23688] Prism::NewlineOffsetsTest#"test_whitequark/unless.txt" = 0.02 s
[ 1639/23688] Prism::NewlineOffsetsTest#"test_command_method_call.txt" = 0.16 s
[ 1640/23688] Prism::NewlineOffsetsTest#"test_seattlerb/rescue_parens.txt" = 0.02 s
[ 1641/23688] Prism::NewlineOffsetsTest#"test_seattlerb/bug_args_masgn2.txt" = 0.02 s
[ 1642/23688] Prism::NewlineOffsetsTest#"test_whitequark/ensure.txt" = 0.02 s
[ 1643/23688] Prism::NewlineOffsetsTest#"test_seattlerb/difficult6_.txt" = 0.02 s
[ 1644/23688] Prism::NewlineOffsetsTest#"test_whitequark/parser_bug_490.txt" = 0.02 s
[ 1645/23688] Prism::NewlineOffsetsTest#"test_seattlerb/required_kwarg_no_value.txt" = 0.02 s
[ 1646/23688] Prism::NewlineOffsetsTest#"test_seattlerb/qsymbols.txt" = 0.01 s
[ 1647/23688] Prism::NewlineOffsetsTest#"test_whitequark/float.txt" = 0.02 s
[ 1648/23688] Prism::NewlineOffsetsTest#"test_whitequark/const_scoped.txt" = 0.02 s
[ 1649/23688] Prism::NewlineOffsetsTest#"test_range_beginless.txt" = 0.02 s
[ 1650/23688] Prism::NewlineOffsetsTest#"test_whitequark/while_mod.txt" = 0.02 s
[ 1651/23688] Prism::NewlineOffsetsTest#"test_seattlerb/bug_187.txt" = 0.02 s
[ 1652/23688] Prism::NewlineOffsetsTest#"test_seattlerb/ruby21_numbers.txt" = 0.02 s
[ 1653/23688] Prism::NewlineOffsetsTest#"test_break.txt" = 0.05 s
[ 1654/23688] Prism::NewlineOffsetsTest#"test_seattlerb/block_kw__required.txt" = 0.02 s
[ 1655/23688] Prism::NewlineOffsetsTest#"test_whitequark/args.txt" = 0.09 s
[ 1656/23688] Prism::NewlineOffsetsTest#"test_whitequark/resbody_var.txt" = 0.02 s
[ 1657/23688] Prism::NewlineOffsetsTest#"test_seattlerb/lasgn_call_nobracket_rescue_arg.txt" = 0.02
s
[ 1658/23688] Prism::NewlineOffsetsTest#"test_whitequark/bug_452.txt" = 0.02 s
[ 1659/23688] Prism::NewlineOffsetsTest#"test_seattlerb/messy_op_asgn_lineno.txt" = 0.02 s
[ 1660/23688] Prism::NewlineOffsetsTest#"test_seattlerb/str_single_newline.txt" = 0.02 s
[ 1661/23688] Prism::NewlineOffsetsTest#"test_whitequark/forwarded_argument_with_kwrestarg.txt" = 0.
02 s
[ 1662/23688] Prism::NewlineOffsetsTest#"test_seattlerb/bang_eq.txt" = 0.02 s
[ 1663/23688] Prism::NewlineOffsetsTest#"test_regex.txt" = 0.16 s
[ 1664/23688] Prism::NewlineOffsetsTest#"test_seattlerb/heredoc_squiggly_no_indent.txt" = 0.02 s
[ 1665/23688] Prism::NewlineOffsetsTest#"test_seattlerb/str_double_double_escaped_newline.txt" = 0.0
2 s
[ 1666/23688] Prism::NewlineOffsetsTest#"test_seattlerb/attrasgn_primary_dot_constant.txt" = 0.02 s
[ 1667/23688] Prism::NewlineOffsetsTest#"test_whitequark/numparam_outside_block.txt" = 0.02 s
[ 1668/23688] Prism::NewlineOffsetsTest#"test_seattlerb/iter_args_5.txt" = 0.02 s
[ 1669/23688] Prism::NewlineOffsetsTest#"test_seattlerb/block_arg_scope2.txt" = 0.02 s
[ 1670/23688] Prism::NewlineOffsetsTest#"test_whitequark/hash_kwsplat.txt" = 0.02 s
[ 1671/23688] Prism::NewlineOffsetsTest#"test_seattlerb/case_in_const.txt" = 0.02 s
[ 1672/23688] Prism::NewlineOffsetsTest#"test_seattlerb/dstr_evstr_empty_end.txt" = 0.02 s
[ 1673/23688] Prism::NewlineOffsetsTest#"test_seattlerb/op_asgn_command_call.txt" = 0.02 s
[ 1674/23688] Prism::NewlineOffsetsTest#"test_whitequark/bug_while_not_parens_do.txt" = 0.02 s
[ 1675/23688] Prism::NewlineOffsetsTest#"test_seattlerb/defn_unary_not.txt" = 0.01 s
[ 1676/23688] Prism::NewlineOffsetsTest#"test_whitequark/send_lambda_args.txt" = 0.02 s
[ 1677/23688] Prism::NewlineOffsetsTest#"test_unparser/corpus/literal/flipflop.txt" = 0.03 s
[ 1678/23688] Prism::NewlineOffsetsTest#"test_seattlerb/case_in_hash_pat_rest.txt" = 0.02 s
[ 1679/23688] Prism::NewlineOffsetsTest#"test_seattlerb/str_evstr.txt" = 0.02 s
[ 1680/23688] Prism::NewlineOffsetsTest#"test_seattlerb/aref_args_assocs.txt" = 0.02 s
[ 1681/23688] Prism::NewlineOffsetsTest#"test_seattlerb/heredoc_squiggly_interp.txt" = 0.02 s
[ 1682/23688] Prism::NewlineOffsetsTest#"test_seattlerb/case_in_if_unless_post_mod.txt" = 0.02 s
[ 1683/23688] Prism::NewlineOffsetsTest#"test_seattlerb/case_in_multiple.txt" = 0.02 s
[ 1684/23688] Prism::NewlineOffsetsTest#"test_whitequark/cvasgn.txt" = 0.02 s
[ 1685/23688] Prism::NewlineOffsetsTest#"test_seattlerb/difficult1_line_numbers2.txt" = 0.02 s
[ 1686/23688] Prism::NewlineOffsetsTest#"test_seattlerb/lasgn_middle_splat.txt" = 0.02 s
[ 1687/23688] Prism::NewlineOffsetsTest#"test_whitequark/regex_plain.txt" = 0.01 s
[ 1688/23688] Prism::NewlineOffsetsTest#"test_seattlerb/difficult3_2.txt" = 0.02 s
[ 1689/23688] Prism::NewlineOffsetsTest#"test_seattlerb/call_array_lambda_block_call.txt" = 0.02 s
[ 1690/23688] Prism::NewlineOffsetsTest#"test_seattlerb/stabby_block_kw.txt" = 0.05 s
[ 1691/23688] Prism::NewlineOffsetsTest#"test_whitequark/or_asgn.txt" = 0.02 s
[ 1692/23688] Prism::NewlineOffsetsTest#"test_seattlerb/block_call_operation_colon.txt" = 0.02 s
[ 1693/23688] Prism::NewlineOffsetsTest#"test_seattlerb/call_arg_kwsplat.txt" = 0.02 s
[ 1694/23688] Prism::NewlineOffsetsTest#"test_whitequark/op_asgn_index.txt" = 0.02 s
[ 1695/23688] Prism::NewlineOffsetsTest#"test_seattlerb/lasgn_ivar_env.txt" = 0.01 s
[ 1696/23688] Prism::NewlineOffsetsTest#"test_whitequark/ternary_ambiguous_symbol.txt" = 0.02 s
[ 1697/23688] Prism::NewlineOffsetsTest#"test_seattlerb/case_in.txt" = 0.12 s
[ 1698/23688] Prism::NewlineOffsetsTest#"test_whitequark/string_interp.txt" = 0.02 s
[ 1699/23688] Prism::NewlineOffsetsTest#"test_seattlerb/masgn_var_star_var.txt" = 0.02 s
[ 1700/23688] Prism::NewlineOffsetsTest#"test_seattlerb/block_reg_optarg.txt" = 0.02 s
[ 1701/23688] Prism::NewlineOffsetsTest#"test_seattlerb/parse_line_heredoc_evstr.txt" = 0.02 s
[ 1702/23688] Prism::NewlineOffsetsTest#"test_seattlerb/str_double_newline.txt" = 0.05 s
[ 1703/23688] Prism::NewlineOffsetsTest#"test_unparser/corpus/literal/variables.txt" = 0.03 s
[ 1704/23688] Prism::NewlineOffsetsTest#"test_whitequark/kwoptarg.txt" = 0.02 s
[ 1705/23688] Prism::NewlineOffsetsTest#"test_seattlerb/eq_begin_why_wont_people_use_their_spacebar.
txt" = 0.02 s
[ 1706/23688] Prism::NewlineOffsetsTest#"test_seattlerb/call_star.txt" = 0.02 s
[ 1707/23688] Prism::NewlineOffsetsTest#"test_seattlerb/iter_args_1.txt" = 0.02 s
[ 1708/23688] Prism::NewlineOffsetsTest#"test_seattlerb/heredoc_with_interpolation_and_carriage_retu
rn_escapes_windows.txt" = 0.02 s
[ 1709/23688] Prism::NewlineOffsetsTest#"test_unparser/corpus/literal/alias.txt" = 0.02 s
[ 1710/23688] Prism::NewlineOffsetsTest#"test_seattlerb/block_kwarg_lvar_multiple.txt" = 0.02 s
[ 1711/23688] Prism::NewlineOffsetsTest#"test_seattlerb/stabby_proc_scope.txt" = 0.02 s
[ 1712/23688] Prism::NewlineOffsetsTest#"test_seattlerb/args_kw_block.txt" = 0.02 s
[ 1713/23688] Prism::NewlineOffsetsTest#"test_seattlerb/masgn_paren.txt" = 0.02 s
[ 1714/23688] Prism::NewlineOffsetsTest#"test_seattlerb/aref_args_lit_assocs.txt" = 0.02 s
[ 1715/23688] Prism::NewlineOffsetsTest#"test_unparser/corpus/literal/singletons.txt" = 0.02 s
[ 1716/23688] Prism::NewlineOffsetsTest#"test_seattlerb/heredoc_with_extra_carriage_returns_windows.
txt" = 0.02 s
[ 1717/23688] Prism::NewlineOffsetsTest#"test_whitequark/bug_480.txt" = 0.02 s
[ 1718/23688] Prism::NewlineOffsetsTest#"test_whitequark/send_plain.txt" = 0.02 s
[ 1719/23688] Prism::NewlineOffsetsTest#"test_whitequark/not.txt" = 0.02 s
[ 1720/23688] Prism::NewlineOffsetsTest#"test_whitequark/heredoc.txt" = 0.02 s
[ 1721/23688] Prism::NewlineOffsetsTest#"test_seattlerb/magic_encoding_comment.txt" = 0.02 s
[ 1722/23688] Prism::NewlineOffsetsTest#"test_seattlerb/masgn_colon2.txt" = 0.02 s
[ 1723/23688] Prism::NewlineOffsetsTest#"test_seattlerb/call_array_block_call.txt" = 0.02 s
[ 1724/23688] Prism::NewlineOffsetsTest#"test_whitequark/send_lambda.txt" = 0.02 s
[ 1725/23688] Prism::NewlineOffsetsTest#"test_seattlerb/call_block_arg_named.txt" = 0.02 s
[ 1726/23688] Prism::NewlineOffsetsTest#"test_unparser/corpus/literal/module.txt" = 0.03 s
[ 1727/23688] Prism::NewlineOffsetsTest#"test_unparser/corpus/literal/unary.txt" = 0.03 s
[ 1728/23688] Prism::NewlineOffsetsTest#"test_seattlerb/defn_arg_forward_args.txt" = 0.02 s
[ 1729/23688] Prism::NewlineOffsetsTest#"test_seattlerb/op_asgn_index_command_call.txt" = 0.02 s
[ 1730/23688] Prism::NewlineOffsetsTest#"test_whitequark/newline_in_hash_argument.txt" = 0.03 s
[ 1731/23688] Prism::NewlineOffsetsTest#"test_seattlerb/pct_Q_backslash_nl.txt" = 0.02 s
[ 1732/23688] Prism::NewlineOffsetsTest#"test_seattlerb/if_symbol.txt" = 0.02 s
[ 1733/23688] Prism::NewlineOffsetsTest#"test_seattlerb/heredoc_squiggly_tabs_extra.txt" = 0.02 s
[ 1734/23688] Prism::NewlineOffsetsTest#"test_whitequark/lvar_injecting_match.txt" = 0.02 s
[ 1735/23688] Prism::NewlineOffsetsTest#"test_seattlerb/parse_line_evstr_after_break.txt" = 0.02 s
[ 1736/23688] Prism::NewlineOffsetsTest#"test_seattlerb/mlhs_front_splat.txt" = 0.02 s
[ 1737/23688] Prism::NewlineOffsetsTest#"test_unparser/corpus/semantic/def.txt" = 0.02 s
[ 1738/23688] Prism::NewlineOffsetsTest#"test_whitequark/if_elsif.txt" = 0.02 s
[ 1739/23688] Prism::NewlineOffsetsTest#"test_whitequark/kwoptarg_with_kwrestarg_and_forwarded_args.
txt" = 0.02 s
[ 1740/23688] Prism::NewlineOffsetsTest#"test_seattlerb/expr_not_bang.txt" = 0.02 s
[ 1741/23688] Prism::NewlineOffsetsTest#"test_whitequark/cond_eflipflop_with_endless_range.txt" = 0.
02 s
[ 1742/23688] Prism::NewlineOffsetsTest#"test_seattlerb/case_in_hash_pat_rest_solo.txt" = 0.02 s
[ 1743/23688] Prism::NewlineOffsetsTest#"test_whitequark/parser_bug_989.txt" = 0.02 s
[ 1744/23688] Prism::NewlineOffsetsTest#"test_seattlerb/case_in_42_2.txt" = 0.02 s
[ 1745/23688] Prism::NewlineOffsetsTest#"test_seattlerb/case_in_31.txt" = 0.02 s
[ 1746/23688] Prism::NewlineOffsetsTest#"test_seattlerb/heredoc_with_not_global_interpolation.txt" =
 0.02 s
[ 1747/23688] Prism::NewlineOffsetsTest#"test_seattlerb/defn_no_kwargs.txt" = 0.01 s
[ 1748/23688] Prism::NewlineOffsetsTest#"test_seattlerb/case_in_array_pat_const.txt" = 0.02 s
[ 1749/23688] Prism::NewlineOffsetsTest#"test_seattlerb/difficult0_.txt" = 0.02 s
[ 1750/23688] Prism::NewlineOffsetsTest#"test_seattlerb/block_opt_splat_arg_block_omfg.txt" = 0.02 s
[ 1751/23688] Prism::NewlineOffsetsTest#"test_whitequark/send_unary_op.txt" = 0.02 s
[ 1752/23688] Prism::NewlineOffsetsTest#"test_seattlerb/read_escape_unicode_curlies.txt" = 0.02 s
[ 1753/23688] Prism::NewlineOffsetsTest#"test_seattlerb/iter_args_8_2.txt" = 0.02 s
[ 1754/23688] Prism::NewlineOffsetsTest#"test_seattlerb/parse_line_call_ivar_line_break_paren.txt" =
 0.02 s
[ 1755/23688] Prism::NewlineOffsetsTest#"test_whitequark/rescue_mod.txt" = 0.02 s
[ 1756/23688] Prism::NewlineOffsetsTest#"test_seattlerb/call_bang_squiggle.txt" = 0.01 s
[ 1757/23688] Prism::NewlineOffsetsTest#"test_endless_methods.txt" = 0.02 s
[ 1758/23688] Prism::NewlineOffsetsTest#"test_whitequark/parser_drops_truncated_parts_of_squiggly_he
redoc.txt" = 0.02 s
[ 1759/23688] Prism::NewlineOffsetsTest#"test_seattlerb/defn_opt_splat_arg.txt" = 0.02 s
[ 1760/23688] Prism::NewlineOffsetsTest#"test_seattlerb/parse_line_block.txt" = 0.02 s
[ 1761/23688] Prism::NewlineOffsetsTest#"test_unparser/corpus/literal/while.txt" = 0.09 s
[ 1762/23688] Prism::NewlineOffsetsTest#"test_seattlerb/qsymbols_empty_space.txt" = 0.01 s
[ 1763/23688] Prism::NewlineOffsetsTest#"test_seattlerb/index_0.txt" = 0.02 s
[ 1764/23688] Prism::NewlineOffsetsTest#"test_seattlerb/str_pct_Q_nested.txt" = 0.02 s
[ 1765/23688] Prism::NewlineOffsetsTest#"test_whitequark/int___LINE__.txt" = 0.01 s
[ 1766/23688] Prism::NewlineOffsetsTest#"test_seattlerb/interpolated_word_array_line_breaks.txt" = 0
.02 s
[ 1767/23688] Prism::NewlineOffsetsTest#"test_seattlerb/defs_oneliner.txt" = 0.02 s
[ 1768/23688] Prism::NewlineOffsetsTest#"test_seattlerb/parse_line_block_inline_comment.txt" = 0.02
s
[ 1769/23688] Prism::NewlineOffsetsTest#"test_procs.txt" = 0.05 s
[ 1770/23688] Prism::NewlineOffsetsTest#"test_whitequark/restarg_unnamed.txt" = 0.02 s
[ 1771/23688] Prism::NewlineOffsetsTest#"test_seattlerb/iter_args_10_1.txt" = 0.02 s
[ 1772/23688] Prism::NewlineOffsetsTest#"test_seattlerb/call_star2.txt" = 0.02 s
[ 1773/23688] Prism::NewlineOffsetsTest#"test_seattlerb/difficult3__8.txt" = 0.02 s
[ 1774/23688] Prism::NewlineOffsetsTest#"test_seattlerb/const_3_op_asgn_or.txt" = 0.01 s
[ 1775/23688] Prism::NewlineOffsetsTest#"test_seattlerb/stabby_block_iter_call.txt" = 0.02 s
[ 1776/23688] Prism::NewlineOffsetsTest#"test_whitequark/bug_def_no_paren_eql_begin.txt" = 0.02 s
[ 1777/23688] Prism::NewlineOffsetsTest#"test_whitequark/cond_iflipflop_with_endless_range.txt" = 0.
02 s
[ 1778/23688] Prism::NewlineOffsetsTest#"test_seattlerb/block_return.txt" = 0.02 s
[ 1779/23688] Prism::NewlineOffsetsTest#"test_whitequark/ruby_bug_13547.txt" = 0.02 s
[ 1780/23688] Prism::NewlineOffsetsTest#"test_whitequark/range_exclusive.txt" = 0.02 s
[ 1781/23688] Prism::NewlineOffsetsTest#"test_seattlerb/parse_opt_call_args_assocs_comma.txt" = 0.02
 s
[ 1782/23688] Prism::NewlineOffsetsTest#"test_whitequark/false.txt" = 0.01 s
[ 1783/23688] Prism::NewlineOffsetsTest#"test_regex_escape_encoding.txt" = 0.02 s
[ 1784/23688] Prism::NewlineOffsetsTest#"test_seattlerb/block_arg__bare.txt" = 0.02 s
[ 1785/23688] Prism::NewlineOffsetsTest#"test_seattlerb/parse_pattern_058_2.txt" = 0.02 s
[ 1786/23688] Prism::NewlineOffsetsTest#"test_seattlerb/parse_line_block_inline_comment_leading_newl
ines.txt" = 0.02 s
[ 1787/23688] Prism::NewlineOffsetsTest#"test_seattlerb/do_bug.txt" = 0.06 s
[ 1788/23688] Prism::NewlineOffsetsTest#"test_whitequark/cond_eflipflop.txt" = 0.02 s
[ 1789/23688] Prism::NewlineOffsetsTest#"test_whitequark/ruby_bug_11873_a.txt" = 0.18 s
[ 1790/23688] Prism::NewlineOffsetsTest#"test_seattlerb/block_arg_optional.txt" = 0.06 s
[ 1791/23688] Prism::NewlineOffsetsTest#"test_whitequark/preexe.txt" = 0.01 s
[ 1792/23688] Prism::NewlineOffsetsTest#"test_unparser/corpus/literal/since/31.txt" = 0.06 s
[ 1793/23688] Prism::NewlineOffsetsTest#"test_unparser/corpus/semantic/kwbegin.txt" = 0.12 s
[ 1794/23688] Prism::NewlineOffsetsTest#"test_seattlerb/defn_oneliner_rescue.txt" = 0.07 s
[ 1795/23688] Prism::NewlineOffsetsTest#"test_seattlerb/block_kw.txt" = 0.02 s
[ 1796/23688] Prism::NewlineOffsetsTest#"test_seattlerb/slashy_newlines_within_string.txt" = 0.02 s
[ 1797/23688] Prism::NewlineOffsetsTest#"test_whitequark/pattern_matching_blank_else.txt" = 0.02 s
[ 1798/23688] Prism::NewlineOffsetsTest#"test_seattlerb/call_lt.txt" = 0.02 s
[ 1799/23688] Prism::NewlineOffsetsTest#"test_seattlerb/defn_opt_last_arg.txt" = 0.02 s
[ 1800/23688] Prism::NewlineOffsetsTest#"test_whitequark/pattern_matching__FILE__LINE_literals.txt"
= 0.02 s
[ 1801/23688] Prism::NewlineOffsetsTest#"test_whitequark/rescue_mod_op_assign.txt" = 0.06 s
[ 1802/23688] Prism::NewlineOffsetsTest#"test_seattlerb/parse_line_block_inline_multiline_comment.tx
t" = 0.02 s
[ 1803/23688] Prism::NewlineOffsetsTest#"test_heredocs_nested.txt" = 0.07 s
[ 1804/23688] Prism::NewlineOffsetsTest#"test_seattlerb/difficult3_.txt" = 0.02 s
[ 1805/23688] Prism::NewlineOffsetsTest#"test_dos_endings.txt" = 0.08 s
[ 1806/23688] Prism::NewlineOffsetsTest#"test_seattlerb/call_assoc_trailing_comma.txt" = 0.02 s
[ 1807/23688] Prism::NewlineOffsetsTest#"test_seattlerb/parse_line_hash_lit.txt" = 0.04 s
[ 1808/23688] Prism::NewlineOffsetsTest#"test_seattlerb/super_arg.txt" = 0.02 s
[ 1809/23688] Prism::NewlineOffsetsTest#"test_seattlerb/f_kw.txt" = 0.06 s
[ 1810/23688] Prism::NewlineOffsetsTest#"test_whitequark/until.txt" = 0.02 s
[ 1811/23688] Prism::NewlineOffsetsTest#"test_range_begin_open_inclusive.txt" = 0.02 s
[ 1812/23688] Prism::NewlineOffsetsTest#"test_whitequark/const_op_asgn.txt" = 0.03 s
[ 1813/23688] Prism::NewlineOffsetsTest#"test_seattlerb/defn_powarg.txt" = 0.02 s
[ 1814/23688] Prism::NewlineOffsetsTest#"test_whitequark/const_toplevel.txt" = 0.02 s
[ 1815/23688] Prism::NewlineOffsetsTest#"test_seattlerb/pct_w_heredoc_interp_nested.txt" = 0.02 s
[ 1816/23688] Prism::NewlineOffsetsTest#"test_seattlerb/defs_oneliner_eq2.txt" = 0.02 s
[ 1817/23688] Prism::NewlineOffsetsTest#"test_whitequark/bug_447.txt" = 0.02 s
[ 1818/23688] Prism::NewlineOffsetsTest#"test_seattlerb/symbols_empty_space.txt" = 0.02 s
[ 1819/23688] Prism::NewlineOffsetsTest#"test_seattlerb/defn_oneliner_noargs.txt" = 0.02 s
[ 1820/23688] Prism::NewlineOffsetsTest#"test_seattlerb/parse_line_heredoc.txt" = 0.06 s
[ 1821/23688] Prism::NewlineOffsetsTest#"test_seattlerb/bug_op_asgn_rescue.txt" = 0.06 s
[ 1822/23688] Prism::NewlineOffsetsTest#"test_whitequark/space_args_cmd.txt" = 0.02 s
[ 1823/23688] Prism::NewlineOffsetsTest#"test_whitequark/nth_ref.txt" = 0.01 s
[ 1824/23688] Prism::NewlineOffsetsTest#"test_super.txt" = 0.03 s
[ 1825/23688] Prism::NewlineOffsetsTest#"test_seattlerb/regexp_unicode_curlies.txt" = 0.06 s
[ 1826/23688] Prism::NewlineOffsetsTest#"test_seattlerb/case_in_hash_pat_paren_assign.txt" = 0.02 s
[ 1827/23688] Prism::NewlineOffsetsTest#"test_whitequark/send_conditional.txt" = 0.02 s
[ 1828/23688] Prism::NewlineOffsetsTest#"test_ranges.txt" = 0.11 s
[ 1829/23688] Prism::NewlineOffsetsTest#"test_rescue.txt" = 0.10 s
[ 1830/23688] Prism::NewlineOffsetsTest#"test_whitequark/arg.txt" = 0.05 s
[ 1831/23688] Prism::NewlineOffsetsTest#"test_seattlerb/bug_and.txt" = 0.02 s
[ 1832/23688] Prism::NewlineOffsetsTest#"test_seattlerb/safe_attrasgn.txt" = 0.06 s
[ 1833/23688] Prism::NewlineOffsetsTest#"test_whitequark/kwarg.txt" = 0.06 s
[ 1834/23688] Prism::NewlineOffsetsTest#"test_whitequark/unary_num_pow_precedence.txt" = 0.02 s
[ 1835/23688] Prism::NewlineOffsetsTest#"test_seattlerb/bug179.txt" = 0.06 s
[ 1836/23688] Prism::NewlineOffsetsTest#"test_seattlerb/mlhs_rescue.txt" = 0.02 s
[ 1837/23688] Prism::NewlineOffsetsTest#"test_patterns.txt" = 0.75 s
[ 1838/23688] Prism::NewlineOffsetsTest#"test_seattlerb/bug_hash_args.txt" = 0.02 s
[ 1839/23688] Prism::NewlineOffsetsTest#"test_seattlerb/block_opt_arg.txt" = 0.02 s
[ 1840/23688] Prism::NewlineOffsetsTest#"test_whitequark/masgn.txt" = 0.06 s
[ 1841/23688] Prism::NewlineOffsetsTest#"test_whitequark/bug_473.txt" = 0.02 s
[ 1842/23688] Prism::NewlineOffsetsTest#"test_seattlerb/parse_line_preexe.txt" = 0.06 s
[ 1843/23688] Prism::NewlineOffsetsTest#"test_seattlerb/defs_as_arg_with_do_block_inside.txt" = 0.02
 s
[ 1844/23688] Prism::NewlineOffsetsTest#"test_seattlerb/defn_splat_arg.txt" = 0.06 s
[ 1845/23688] Prism::NewlineOffsetsTest#"test_whitequark/method_definition_in_while_cond.txt" = 0.03
 s
[ 1846/23688] Prism::NewlineOffsetsTest#"test_whitequark/parser_slash_slash_n_escaping_in_literals.t
xt" = 0.14 s
[ 1847/23688] Prism::NewlineOffsetsTest#"test_seattlerb/call_begin_call_block_call.txt" = 0.06 s
[ 1848/23688] Prism::NewlineOffsetsTest#"test_begin_ensure.txt" = 0.04 s
[ 1849/23688] Prism::NewlineOffsetsTest#"test_unparser/corpus/semantic/send.txt" = 0.02 s
[ 1850/23688] Prism::NewlineOffsetsTest#"test_seattlerb/safe_call_operator.txt" = 0.02 s
[ 1851/23688] Prism::NewlineOffsetsTest#"test_seattlerb/heredoc_with_carriage_return_escapes_windows
.txt" = 0.06 s
[ 1852/23688] Prism::NewlineOffsetsTest#"test_seattlerb/call_rshift.txt" = 0.02 s
[ 1853/23688] Prism::NewlineOffsetsTest#"test_seattlerb/str_interp_ternary_or_label.txt" = 0.06 s
[ 1854/23688] Prism::NewlineOffsetsTest#"test_whitequark/rescue_in_lambda_block.txt" = 0.02 s
[ 1855/23688] Prism::NewlineOffsetsTest#"test_seattlerb/call_self_brackets.txt" = 0.06 s
[ 1856/23688] Prism::NewlineOffsetsTest#"test_seattlerb/block_call_paren_call_block_call.txt" = 0.02
 s
[ 1857/23688] Prism::NewlineOffsetsTest#"test_seattlerb/stabby_block_iter_call_no_target_with_arg.tx
t" = 0.02 s
[ 1858/23688] Prism::NewlineOffsetsTest#"test_whitequark/undef.txt" = 0.02 s
[ 1859/23688] Prism::NewlineOffsetsTest#"test_seattlerb/call_args_command.txt" = 0.02 s
[ 1860/23688] Prism::NewlineOffsetsTest#"test_whitequark/send_self.txt" = 0.02 s
[ 1861/23688] Prism::NewlineOffsetsTest#"test_seattlerb/qsymbols_interp.txt" = 0.02 s
[ 1862/23688] Prism::NewlineOffsetsTest#"test_whitequark/and.txt" = 0.02 s
[ 1863/23688] Prism::NewlineOffsetsTest#"test_unparser/corpus/literal/if.txt" = 0.05 s
[ 1864/23688] Prism::NewlineOffsetsTest#"test_seattlerb/pctW_lineno.txt" = 0.02 s
[ 1865/23688] Prism::NewlineOffsetsTest#"test_seattlerb/parse_line_dot2.txt" = 0.02 s
[ 1866/23688] Prism::NewlineOffsetsTest#"test_seattlerb/op_asgn_val_dot_ident_command_call.txt" = 0.
02 s
[ 1867/23688] Prism::NewlineOffsetsTest#"test_unparser/corpus/literal/defs.txt" = 0.13 s
[ 1868/23688] Prism::NewlineOffsetsTest#"test_seattlerb/defn_forward_args.txt" = 0.02 s
[ 1869/23688] Prism::NewlineOffsetsTest#"test_seattlerb/parse_line_op_asgn.txt" = 0.02 s
[ 1870/23688] Prism::NewlineOffsetsTest#"test_whitequark/interp_digit_var.txt" = 0.16 s
[ 1871/23688] Prism::NewlineOffsetsTest#"test_whitequark/resbody_list_var.txt" = 0.02 s
[ 1872/23688] Prism::NewlineOffsetsTest#"test_whitequark/space_args_arg_newline.txt" = 0.02 s
[ 1873/23688] Prism::NewlineOffsetsTest#"test_seattlerb/defs_endless_command.txt" = 0.02 s
[ 1874/23688] Prism::NewlineOffsetsTest#"test_seattlerb/block_args_opt3.txt" = 0.02 s
[ 1875/23688] Prism::NewlineOffsetsTest#"test_alias.txt" = 0.03 s
[ 1876/23688] Prism::NewlineOffsetsTest#"test_seattlerb/utf8_bom.txt" = 0.02 s
[ 1877/23688] Prism::NewlineOffsetsTest#"test_whitequark/dedenting_non_interpolating_heredoc_line_co
ntinuation.txt" = 0.02 s
[ 1878/23688] Prism::NewlineOffsetsTest#"test_whitequark/class.txt" = 0.02 s
[ 1879/23688] Prism::NewlineOffsetsTest#"test_whitequark/beginless_irange_after_newline.txt" = 0.02
s
[ 1880/23688] Prism::NewlineOffsetsTest#"test_seattlerb/parse_pattern_051.txt" = 0.02 s
[ 1881/23688] Prism::NewlineOffsetsTest#"test_whitequark/class_super.txt" = 0.02 s
[ 1882/23688] Prism::NewlineOffsetsTest#"test_seattlerb/method_call_assoc_trailing_comma.txt" = 0.02
 s
[ 1883/23688] Prism::NewlineOffsetsTest#"test_whitequark/string_dvar.txt" = 0.06 s
[ 1884/23688] Prism::NewlineOffsetsTest#"test_whitequark/until_post.txt" = 0.02 s
[ 1885/23688] Prism::NewlineOffsetsTest#"test_seattlerb/block_decomp_splat.txt" = 0.07 s
[ 1886/23688] Prism::NewlineOffsetsTest#"test_whitequark/lvasgn.txt" = 0.02 s
[ 1887/23688] Prism::NewlineOffsetsTest#"test_whitequark/numbered_args_after_27.txt" = 0.08 s
[ 1888/23688] Prism::NewlineOffsetsTest#"test_whitequark/endless_method_with_rescue_mod.txt" = 0.02
s
[ 1889/23688] Prism::NewlineOffsetsTest#"test_seattlerb/quoted_symbol_keys.txt" = 0.02 s
[ 1890/23688] Prism::NewlineOffsetsTest#"test_non_alphanumeric_methods.txt" = 0.21 s
[ 1891/23688] Prism::NewlineOffsetsTest#"test_seattlerb/bug_args__19.txt" = 0.02 s
[ 1892/23688] Prism::NewlineOffsetsTest#"test_seattlerb/call_assoc.txt" = 0.02 s
[ 1893/23688] Prism::NewlineOffsetsTest#"test_whitequark/bug_interp_single.txt" = 0.02 s
[ 1894/23688] Prism::NewlineOffsetsTest#"test_whitequark/until_mod.txt" = 0.02 s
[ 1895/23688] Prism::NewlineOffsetsTest#"test_whitequark/bug_435.txt" = 0.06 s
[ 1896/23688] Prism::NewlineOffsetsTest#"test_seattlerb/case_in_hash_pat_assign.txt" = 0.02 s
[ 1897/23688] Prism::NewlineOffsetsTest#"test_seattlerb/parse_line_call_ivar_arg_no_parens_line_brea
k.txt" = 0.02 s
[ 1898/23688] Prism::NewlineOffsetsTest#"test_whitequark/cond_eflipflop_with_beginless_range.txt" =
0.02 s
[ 1899/23688] Prism::NewlineOffsetsTest#"test_whitequark/cond_match_current_line.txt" = 0.06 s
[ 1900/23688] Prism::NewlineOffsetsTest#"test_seattlerb/block_arg_splat_arg.txt" = 0.02 s
[ 1901/23688] Prism::NewlineOffsetsTest#"test_seattlerb/evstr_evstr.txt" = 0.02 s
[ 1902/23688] Prism::NewlineOffsetsTest#"test_seattlerb/call_pipe.txt" = 0.02 s
[ 1903/23688] Prism::NewlineOffsetsTest#"test_seattlerb/float_with_if_modifier.txt" = 0.02 s
[ 1904/23688] Prism::NewlineOffsetsTest#"test_whitequark/array_symbols.txt" = 0.10 s
[ 1905/23688] Prism::NewlineOffsetsTest#"test_whitequark/defs.txt" = 0.02 s
[ 1906/23688] Prism::NewlineOffsetsTest#"test_seattlerb/dstr_str.txt" = 0.11 s
[ 1907/23688] Prism::NewlineOffsetsTest#"test_unparser/corpus/literal/since/32.txt" = 0.03 s
[ 1908/23688] Prism::NewlineOffsetsTest#"test_seattlerb/do_lambda.txt" = 0.12 s
[ 1909/23688] Prism::NewlineOffsetsTest#"test_seattlerb/bug290.txt" = 0.02 s
[ 1910/23688] Prism::NewlineOffsetsTest#"test_whitequark/parser_bug_518.txt" = 0.02 s
[ 1911/23688] Prism::NewlineOffsetsTest#"test_whitequark/ruby_bug_12686.txt" = 0.02 s
[ 1912/23688] Prism::NewlineOffsetsTest#"test_whitequark/int.txt" = 0.02 s
[ 1913/23688] Prism::NewlineOffsetsTest#"test_seattlerb/unary_tilde.txt" = 0.02 s
[ 1914/23688] Prism::NewlineOffsetsTest#"test_seattlerb/masgn_double_paren.txt" = 0.02 s
[ 1915/23688] Prism::NewlineOffsetsTest#"test_whitequark/send_call.txt" = 0.02 s
[ 1916/23688] Prism::NewlineOffsetsTest#"test_seattlerb/parse_line_newlines.txt" = 0.02 s
[ 1917/23688] Prism::NewlineOffsetsTest#"test_unparser/corpus/literal/for.txt" = 0.12 s
[ 1918/23688] Prism::NewlineOffsetsTest#"test_seattlerb/non_interpolated_word_array_line_breaks.txt"
 = 0.02 s
[ 1919/23688] Prism::NewlineOffsetsTest#"test_multi_write.txt" = 0.07 s
[ 1920/23688] Prism::NewlineOffsetsTest#"test_whitequark/ruby_bug_10279.txt" = 0.02 s
[ 1921/23688] Prism::NewlineOffsetsTest#"test_seattlerb/call_lte.txt" = 0.06 s
[ 1922/23688] Prism::NewlineOffsetsTest#"test_whitequark/numparam_ruby_bug_19025.txt" = 0.02 s
[ 1923/23688] Prism::NewlineOffsetsTest#"test_whitequark/send_lambda_legacy.txt" = 0.01 s
[ 1924/23688] Prism::NewlineOffsetsTest#"test_whitequark/send_block_conditional.txt" = 0.05 s
[ 1925/23688] Prism::NewlineOffsetsTest#"test_seattlerb/block_optarg.txt" = 0.02 s
[ 1926/23688] Prism::NewlineOffsetsTest#"test_whitequark/alias_gvar.txt" = 0.05 s
[ 1927/23688] Prism::NewlineOffsetsTest#"test_case.txt" = 0.11 s
[ 1928/23688] Prism::NewlineOffsetsTest#"test_unparser/corpus/literal/block.txt" = 0.34 s
[ 1929/23688] Prism::NewlineOffsetsTest#"test_seattlerb/parse_while_not_canonical.txt" = 0.02 s
[ 1930/23688] Prism::NewlineOffsetsTest#"test_whitequark/ruby_bug_11873_b.txt" = 0.02 s
[ 1931/23688] Prism::NewlineOffsetsTest#"test_seattlerb/heredoc_unicode.txt" = 0.02 s
[ 1932/23688] Prism::NewlineOffsetsTest#"test_seattlerb/non_interpolated_symbol_array_line_breaks.tx
t" = 0.06 s
[ 1933/23688] Prism::NewlineOffsetsTest#"test_whitequark/case_expr.txt" = 0.02 s
[ 1934/23688] Prism::NewlineOffsetsTest#"test_whitequark/kwbegin_compstmt.txt" = 0.06 s
[ 1935/23688] Prism::NewlineOffsetsTest#"test_seattlerb/defined_eh_parens.txt" = 0.01 s
[ 1936/23688] Prism::NewlineOffsetsTest#"test_seattlerb/parse_line_heredoc_regexp_chars.txt" = 0.06
s
[ 1937/23688] Prism::NewlineOffsetsTest#"test_unparser/corpus/literal/pattern.txt" = 0.06 s
[ 1938/23688] Prism::NewlineOffsetsTest#"test_seattlerb/iter_args_10_2.txt" = 0.02 s
[ 1939/23688] Prism::NewlineOffsetsTest#"test_seattlerb/heredoc_lineno.txt" = 0.02 s
[ 1940/23688] Prism::NewlineOffsetsTest#"test_seattlerb/read_escape_unicode_h4.txt" = 0.06 s
[ 1941/23688] Prism::NewlineOffsetsTest#"test_unparser/corpus/literal/case.txt" = 0.14 s
[ 1942/23688] Prism::NewlineOffsetsTest#"test_whitequark/empty_stmt.txt" = 0.01 s
[ 1943/23688] Prism::NewlineOffsetsTest#"test_spanning_heredoc_newlines.txt" = 0.03 s
[ 1944/23688] Prism::NewlineOffsetsTest#"test_seattlerb/evstr_str.txt" = 0.02 s
[ 1945/23688] Prism::NewlineOffsetsTest#"test_seattlerb/iter_args_8_1.txt" = 0.02 s
[ 1946/23688] Prism::NewlineOffsetsTest#"test_seattlerb/stabby_arg_opt_splat_arg_block_omfg.txt" = 0
.02 s
[ 1947/23688] Prism::NewlineOffsetsTest#"test_unparser/corpus/literal/literal.txt" = 0.41 s
[ 1948/23688] Prism::NewlineOffsetsTest#"test_whitequark/bug_do_block_in_cmdarg.txt" = 0.02 s
[ 1949/23688] Prism::NewlineOffsetsTest#"test_whitequark/parser_bug_272.txt" = 0.02 s
[ 1950/23688] Prism::NewlineOffsetsTest#"test_whitequark/rescue_else.txt" = 0.02 s
[ 1951/23688] Prism::NewlineOffsetsTest#"test_whitequark/beginless_range.txt" = 0.02 s
[ 1952/23688] Prism::NewlineOffsetsTest#"test_unparser/corpus/semantic/and.txt" = 0.03 s
[ 1953/23688] Prism::NewlineOffsetsTest#"test_whitequark/arg_scope.txt" = 0.02 s
[ 1954/23688] Prism::NewlineOffsetsTest#"test_seattlerb/module_comments.txt" = 0.02 s
[ 1955/23688] Prism::NewlineOffsetsTest#"test_seattlerb/str_lit_concat_bad_encodings.txt" = 0.02 s
[ 1956/23688] Prism::NewlineOffsetsTest#"test_seattlerb/case_in_86_2.txt" = 0.02 s
[ 1957/23688] Prism::NewlineOffsetsTest#"test_seattlerb/call_spaceship.txt" = 0.02 s
[ 1958/23688] Prism::NewlineOffsetsTest#"test_whitequark/complex.txt" = 0.02 s
[ 1959/23688] Prism::NewlineOffsetsTest#"test_seattlerb/block_command_operation_colon.txt" = 0.02 s
[ 1960/23688] Prism::NewlineOffsetsTest#"test_seattlerb/unary_minus.txt" = 0.02 s
[ 1961/23688] Prism::NewlineOffsetsTest#"test_numbers.txt" = 0.16 s
[ 1962/23688] Prism::NewlineOffsetsTest#"test_seattlerb/and_multi.txt" = 0.02 s
[ 1963/23688] Prism::NewlineOffsetsTest#"test_seattlerb/call_dot_parens.txt" = 0.02 s
[ 1964/23688] Prism::NewlineOffsetsTest#"test_whitequark/return_block.txt" = 0.02 s
[ 1965/23688] Prism::NewlineOffsetsTest#"test_seattlerb/interpolated_symbol_array_line_breaks.txt" =
 0.02 s
[ 1966/23688] Prism::NewlineOffsetsTest#"test_whitequark/nil.txt" = 0.01 s
[ 1967/23688] Prism::NewlineOffsetsTest#"test_unparser/corpus/semantic/undef.txt" = 0.02 s
[ 1968/23688] Prism::NewlineOffsetsTest#"test_unparser/corpus/literal/super.txt" = 0.04 s
[ 1969/23688] Prism::NewlineOffsetsTest#"test_whitequark/forwarded_kwrestarg.txt" = 0.02 s
[ 1970/23688] Prism::NewlineOffsetsTest#"test_seattlerb/masgn_command_call.txt" = 0.02 s
[ 1971/23688] Prism::NewlineOffsetsTest#"test_seattlerb/str_single_escaped_newline.txt" = 0.02 s
[ 1972/23688] Prism::NewlineOffsetsTest#"test_seattlerb/lasgn_lasgn_command_call.txt" = 0.02 s
[ 1973/23688] Prism::NewlineOffsetsTest#"test_seattlerb/defs_comments.txt" = 0.02 s
[ 1974/23688] Prism::NewlineOffsetsTest#"test_whitequark/op_asgn.txt" = 0.02 s
[ 1975/23688] Prism::NewlineOffsetsTest#"test_seattlerb/call_eq3.txt" = 0.01 s
[ 1976/23688] Prism::NewlineOffsetsTest#"test_whitequark/kwrestarg_named.txt" = 0.02 s
[ 1977/23688] Prism::NewlineOffsetsTest#"test_seattlerb/safe_op_asgn2.txt" = 0.02 s
[ 1978/23688] Prism::NewlineOffsetsTest#"test_seattlerb/bdot3.txt" = 0.02 s
[ 1979/23688] Prism::NewlineOffsetsTest#"test_seattlerb/qsymbols_empty.txt" = 0.01 s
[ 1980/23688] Prism::NewlineOffsetsTest#"test_whitequark/args_assocs_comma.txt" = 0.02 s
[ 1981/23688] Prism::NewlineOffsetsTest#"test_unparser/corpus/literal/defined.txt" = 0.02 s
[ 1982/23688] Prism::NewlineOffsetsTest#"test_seattlerb/TestRubyParserShared.txt" = 0.08 s
[ 1983/23688] Prism::NewlineOffsetsTest#"test_blocks.txt" = 0.07 s
[ 1984/23688] Prism::NewlineOffsetsTest#"test_seattlerb/heredoc_squiggly.txt" = 0.02 s
[ 1985/23688] Prism::NewlineOffsetsTest#"test_seattlerb/block_arg_scope.txt" = 0.02 s
[ 1986/23688] Prism::NewlineOffsetsTest#"test_seattlerb/difficult3__10.txt" = 0.02 s
[ 1987/23688] Prism::NewlineOffsetsTest#"test_whitequark/masgn_const.txt" = 0.02 s
[ 1988/23688] Prism::NewlineOffsetsTest#"test_seattlerb/parse_pattern_069.txt" = 0.02 s
[ 1989/23688] Prism::NewlineOffsetsTest#"test_seattlerb/call_arg_assoc_kwsplat.txt" = 0.02 s
[ 1990/23688] Prism::NewlineOffsetsTest#"test_seattlerb/rescue_in_block.txt" = 0.02 s
[ 1991/23688] Prism::NewlineOffsetsTest#"test_whitequark/endless_method_command_syntax.txt" = 0.04 s
[ 1992/23688] Prism::NewlineOffsetsTest#"test_whitequark/endless_method_forwarded_args_legacy.txt" =
 0.02 s
[ 1993/23688] Prism::NewlineOffsetsTest#"test_seattlerb/difficult3_5.txt" = 0.02 s
[ 1994/23688] Prism::NewlineOffsetsTest#"test_range_begin_open_exclusive.txt" = 0.02 s
[ 1995/23688] Prism::NewlineOffsetsTest#"test_seattlerb/regexp.txt" = 0.02 s
[ 1996/23688] Prism::NewlineOffsetsTest#"test_whitequark/for_mlhs.txt" = 0.02 s
[ 1997/23688] Prism::NewlineOffsetsTest#"test_whitequark/resbody_list_mrhs.txt" = 0.02 s
[ 1998/23688] Prism::NewlineOffsetsTest#"test_whitequark/args_cmd.txt" = 0.07 s
[ 1999/23688] Prism::NewlineOffsetsTest#"test_seattlerb/parse_line_dot3_open.txt" = 0.02 s
[ 2000/23688] Prism::NewlineOffsetsTest#"test_unparser/corpus/literal/since/27.txt" = 0.02 s
[ 2001/23688] Prism::NewlineOffsetsTest#"test_seattlerb/block_args_kwargs.txt" = 0.02 s
[ 2002/23688] Prism::NewlineOffsetsTest#"test_seattlerb/block_opt_splat.txt" = 0.02 s
[ 2003/23688] Prism::NewlineOffsetsTest#"test_seattlerb/flip2_env_lvar.txt" = 0.02 s
[ 2004/23688] Prism::NewlineOffsetsTest#"test_whitequark/ensure_empty.txt" = 0.01 s
[ 2005/23688] Prism::NewlineOffsetsTest#"test_comments.txt" = 0.03 s
[ 2006/23688] Prism::NewlineOffsetsTest#"test_seattlerb/heredoc_squiggly_tabs.txt" = 0.02 s
[ 2007/23688] Prism::NewlineOffsetsTest#"test_modules.txt" = 0.03 s
[ 2008/23688] Prism::NewlineOffsetsTest#"test_seattlerb/lasgn_command.txt" = 0.02 s
[ 2009/23688] Prism::NewlineOffsetsTest#"test_seattlerb/str_heredoc_interp.txt" = 0.02 s
[ 2010/23688] Prism::NewlineOffsetsTest#"test_whitequark/rescue_ensure.txt" = 0.02 s
[ 2011/23688] Prism::NewlineOffsetsTest#"test_whitequark/blockarg.txt" = 0.07 s
[ 2012/23688] Prism::NewlineOffsetsTest#"test_seattlerb/safe_call_after_newline.txt" = 0.01 s
[ 2013/23688] Prism::NewlineOffsetsTest#"test_seattlerb/bug_case_when_regexp.txt" = 0.01 s
[ 2014/23688] Prism::NewlineOffsetsTest#"test_seattlerb/when_splat.txt" = 0.02 s
[ 2015/23688] Prism::NewlineOffsetsTest#"test_whitequark/hash_pair_value_omission.txt" = 0.02 s
[ 2016/23688] Prism::NewlineOffsetsTest#"test_seattlerb/defns_reserved.txt" = 0.01 s
[ 2017/23688] Prism::NewlineOffsetsTest#"test_whitequark/endless_method_without_args.txt" = 0.02 s
[ 2018/23688] Prism::NewlineOffsetsTest#"test_whitequark/comments_before_leading_dot__27.txt" = 0.03
 s
[ 2019/23688] Prism::NewlineOffsetsTest#"test_seattlerb/call_args_assoc_quoted.txt" = 0.02 s
[ 2020/23688] Prism::NewlineOffsetsTest#"test_seattlerb/parse_opt_call_args_lit_comma.txt" = 0.01 s
[ 2021/23688] Prism::NewlineOffsetsTest#"test_seattlerb/parse_line_defn_no_parens.txt" = 0.02 s
[ 2022/23688] Prism::NewlineOffsetsTest#"test_whitequark/resbody_list.txt" = 0.02 s
[ 2023/23688] Prism::NewlineOffsetsTest#"test_seattlerb/difficult3__7.txt" = 0.02 s
[ 2024/23688] Prism::NewlineOffsetsTest#"test_whitequark/var_and_asgn.txt" = 0.02 s
[ 2025/23688] Prism::NewlineOffsetsTest#"test_seattlerb/heredoc__backslash_dos_format.txt" = 0.02 s
[ 2026/23688] Prism::NewlineOffsetsTest#"test_seattlerb/bug_comma.txt" = 0.02 s
[ 2027/23688] Prism::NewlineOffsetsTest#"test_seattlerb/call_leading_dots_comment.txt" = 0.02 s
[ 2028/23688] Prism::NewlineOffsetsTest#"test_seattlerb/parse_line_multiline_str.txt" = 0.02 s
[ 2029/23688] Prism::NewlineOffsetsTest#"test_seattlerb/symbols_empty.txt" = 0.01 s
[ 2030/23688] Prism::NewlineOffsetsTest#"test_whitequark/ivasgn.txt" = 0.01 s
[ 2031/23688] Prism::NewlineOffsetsTest#"test_seattlerb/attr_asgn_colon_id.txt" = 0.01 s
[ 2032/23688] Prism::NewlineOffsetsTest#"test_whitequark/casgn_unscoped.txt" = 0.01 s
[ 2033/23688] Prism::NewlineOffsetsTest#"test_seattlerb/__ENCODING__.txt" = 0.01 s
[ 2034/23688] Prism::NewlineOffsetsTest#"test_if.txt" = 0.06 s
[ 2035/23688] Prism::NewlineOffsetsTest#"test_unparser/corpus/literal/lambda.txt" = 0.03 s
[ 2036/23688] Prism::NewlineOffsetsTest#"test_arithmetic.txt" = 0.03 s
[ 2037/23688] Prism::NewlineOffsetsTest#"test_seattlerb/mlhs_mid_anonsplat.txt" = 0.07 s
[ 2038/23688] Prism::NewlineOffsetsTest#"test_seattlerb/str_pct_nested_nested.txt" = 0.02 s
[ 2039/23688] Prism::NewlineOffsetsTest#"test_seattlerb/block_args_opt2_2.txt" = 0.02 s
[ 2040/23688] Prism::NewlineOffsetsTest#"test_seattlerb/parse_pattern_044.txt" = 0.02 s
[ 2041/23688] Prism::NewlineOffsetsTest#"test_seattlerb/begin_rescue_else_ensure_bodies.txt" = 0.02
s
[ 2042/23688] Prism::NewlineOffsetsTest#"test_seattlerb/assoc__bare.txt" = 0.02 s
[ 2043/23688] Prism::NewlineOffsetsTest#"test_seattlerb/safe_call_rhs_newline.txt" = 0.02 s
[ 2044/23688] Prism::NewlineOffsetsTest#"test_constants.txt" = 0.16 s
[ 2045/23688] Prism::NewlineOffsetsTest#"test_seattlerb/iter_args_6.txt" = 0.02 s
[ 2046/23688] Prism::NewlineOffsetsTest#"test_seattlerb/bug190.txt" = 0.01 s
[ 2047/23688] Prism::NewlineOffsetsTest#"test_return.txt" = 0.04 s
[ 2048/23688] Prism::NewlineOffsetsTest#"test_whitequark/parser_bug_640.txt" = 0.07 s
[ 2049/23688] Prism::NewlineOffsetsTest#"test_while.txt" = 0.05 s
[ 2050/23688] Prism::NewlineOffsetsTest#"test_endless_range_in_conditional.txt" = 0.02 s
[ 2051/23688] Prism::NewlineOffsetsTest#"test_seattlerb/heredoc_with_only_carriage_returns_windows.t
xt" = 0.02 s
[ 2052/23688] Prism::NewlineOffsetsTest#"test_whitequark/cpath.txt" = 0.02 s
[ 2053/23688] Prism::NewlineOffsetsTest#"test_seattlerb/pct_nl.txt" = 0.02 s
[ 2054/23688] Prism::NewlineOffsetsTest#"test_seattlerb/parse_line_dstr_soft_newline.txt" = 0.02 s
[ 2055/23688] Prism::NewlineOffsetsTest#"test_whitequark/module.txt" = 0.01 s
[ 2056/23688] Prism::NewlineOffsetsTest#"test_seattlerb/heredoc_comma_arg.txt" = 0.02 s
[ 2057/23688] Prism::NewlineOffsetsTest#"test_seattlerb/stabby_arg_no_paren.txt" = 0.02 s
[ 2058/23688] Prism::NewlineOffsetsTest#"test_whitequark/array_assocs.txt" = 0.02 s
[ 2059/23688] Prism::NewlineOffsetsTest#"test_seattlerb/bug_args_masgn.txt" = 0.02 s
[ 2060/23688] Prism::NewlineOffsetsTest#"test_seattlerb/parse_line_heredoc_hardnewline.txt" = 0.02 s
[ 2061/23688] Prism::NewlineOffsetsTest#"test_seattlerb/call_assoc_new_if_multiline.txt" = 0.07 s
[ 2062/23688] Prism::NewlineOffsetsTest#"test_seattlerb/case_in_47.txt" = 0.02 s
[ 2063/23688] Prism::NewlineOffsetsTest#"test_seattlerb/str_str.txt" = 0.02 s
[ 2064/23688] Prism::NewlineOffsetsTest#"test_seattlerb/iter_kwarg_kwsplat.txt" = 0.02 s
[ 2065/23688] Prism::NewlineOffsetsTest#"test_seattlerb/heredoc_with_interpolation_and_carriage_retu
rn_escapes.txt" = 0.02 s
[ 2066/23688] Prism::NewlineOffsetsTest#"test_heredoc.txt" = 0.01 s
[ 2067/23688] Prism::NewlineOffsetsTest#"test_seattlerb/return_call_assocs.txt" = 0.03 s
[ 2068/23688] Prism::NewlineOffsetsTest#"test_whitequark/send_attr_asgn_conditional.txt" = 0.01 s
[ 2069/23688] Prism::NewlineOffsetsTest#"test_seattlerb/op_asgn_primary_colon_identifier_command_cal
l.txt" = 0.02 s
[ 2070/23688] Prism::NewlineOffsetsTest#"test_seattlerb/array_lits_trailing_calls.txt" = 0.02 s
[ 2071/23688] Prism::NewlineOffsetsTest#"test_whitequark/lvar.txt" = 0.01 s
[ 2072/23688] Prism::NewlineOffsetsTest#"test_seattlerb/array_line_breaks.txt" = 0.02 s
[ 2073/23688] Prism::NewlineOffsetsTest#"test_unparser/corpus/semantic/dstr.txt" = 0.18 s
[ 2074/23688] Prism::NewlineOffsetsTest#"test_whitequark/range_inclusive.txt" = 0.02 s
[ 2075/23688] TestIRB::HistoryCmdTest#test_history = 0.40 s
[ 2076/23688] TestIRB::HistoryCmdTest#test_history_grep = 0.15 s
[ 2077/23688] TestIRB::HistoryCmdTest#test_multiline_history_with_truncation = 0.15 s
[ 2078/23688] TestWindows1251#test_windows_1251 = 0.34 s
[ 2079/23688] TestIRB::ShowSourceTest#test_show_source_method_exceeds_super_chain = 0.05 s
[ 2080/23688] TestIRB::ShowSourceTest#test_show_source_with_eval_error = 0.04 s
[ 2081/23688] TestIRB::ShowSourceTest#test_show_source_with_constant_lookup = 0.04 s
[ 2082/23688] TestIRB::ShowSourceTest#test_show_source_alias = 0.04 s
[ 2083/23688] TestIRB::ShowSourceTest#test_show_source_unavailable_source = 0.04 s
[ 2084/23688] TestIRB::ShowSourceTest#test_show_source_method_multiple_s = 0.04 s
[ 2085/23688] TestIRB::ShowSourceTest#test_show_source_keep_script_lines = 0.04 s
[ 2086/23688] TestIRB::ShowSourceTest#test_show_source_with_missing_constant = 0.04 s
[ 2087/23688] TestIRB::ShowSourceTest#test_show_source_method_s = 0.04 s
[ 2088/23688] TestIRB::ShowSourceTest#test_show_source_method_accidental_characters = 0.04 s
[ 2089/23688] TestIRB::ShowSourceTest#test_show_source_method_s_with_incorrect_signature = 0.04 s
[ 2090/23688] TestIRB::ShowSourceTest#test_show_source_shows_binary_source = 0.04 s
[ 2091/23688] TestIRB::ShowSourceTest#test_show_source_string = 0.04 s
[ 2092/23688] TestIRB::ShowSourceTest#test_show_source_private_singleton_method = 0.04 s
[ 2093/23688] TestIRB::ShowSourceTest#test_show_source_receiver_super = 0.04 s
[ 2094/23688] TestIRB::ShowSourceTest#test_show_source_with_missing_signature = 0.04 s
[ 2095/23688] TestIRB::ShowSourceTest#test_show_source = 0.04 s
[ 2096/23688] TestIRB::ShowSourceTest#test_show_source_with_double_colons = 0.04 s
[ 2097/23688] TestIRB::ShowSourceTest#test_show_source_private_method = 0.04 s
[ 2098/23688] TestIRB::ShowSourceTest#test_show_source_method_no_instance_method = 0.04 s
[ 2099/23688] TestCaseMappingPreliminary#test_shift_jis_upcase_ascii = 0.02 s
[ 2100/23688] TestCaseMappingPreliminary#test_turcic = 0.02 s
[ 2101/23688] TestCaseMappingPreliminary#test_various = 0.02 s
[ 2102/23688] TestCaseMappingPreliminary#test_shift_jis_downcase_ascii = 0.01 s
[ 2103/23688] TestCaseMappingPreliminary#test_ascii = 0.02 s
[ 2104/23688] TestCaseMappingPreliminary#test_georgian_capitalize = 0.01 s
[ 2105/23688] TestCaseMappingPreliminary#test_georgian_unassigned = 0.01 s
[ 2106/23688] TestCaseMappingPreliminary#test_general = 0.18 s
[ 2107/23688] TestCaseMappingPreliminary#test_one_way_upcase = 0.06 s
[ 2108/23688] TestCaseMappingPreliminary#test_georgian_canary = 0.01 s
[ 2109/23688] TestCaseMappingPreliminary#test_invalid = 0.02 s
[ 2110/23688] TestCaseMappingPreliminary#test_fold_option = 0.02 s
[ 2111/23688] TestCaseMappingPreliminary#test_ascii_option = 0.03 s
[ 2112/23688] TestCaseMappingPreliminary#test_reorder_unfold = 0.02 s
[ 2113/23688] TestCaseMappingPreliminary#test_cherokee = 0.06 s
[ 2114/23688] TestCaseMappingPreliminary#test_greek = 0.02 s
[ 2115/23688] TestCaseMappingPreliminary#test_swapcase = 0.01 s
[ 2116/23688] TestCaseMappingPreliminary#test_titlecase = 0.06 s
[ 2117/23688] TestIRB::CompletionTest::VariableCompletionTest#test_complete_reserved_words = 0.35 s
[ 2118/23688] TestIRB::CompletionTest::VariableCompletionTest#test_complete_invalid_three_colons = 0
.33 s
[ 2119/23688] TestIRB::CompletionTest::VariableCompletionTest#test_complete_absolute_constants_with_
special_characters = 0.83 s
[ 2120/23688] TestIRB::CompletionTest::VariableCompletionTest#test_complete_variable = 0.52 s
[ 2121/23688] TestIRB::CompletionTest::VariableCompletionTest#test_not_completing_empty_string = 0.0
6 s
[ 2122/23688] TestIRB::CompletionTest::VariableCompletionTest#test_complete_symbol = 21.04 s
[ 2123/23688] TestIRB::CompletionTest::VariableCompletionTest#test_complete_sort_variables = 0.17 s
[ 2124/23688] TestIRB::CompletionTest::VariableCompletionTest#test_complete_methods = 1.14 s
[ 2125/23688] TestGemPlatform#test_initialize = 0.87 s
[ 2126/23688] TestGemPlatform#test_equals3_universal_mingw = 0.50 s
[ 2127/23688] TestGemPlatform#test_eabi_version_is_stricter_for_linux_os = 0.50 s
[ 2128/23688] TestGemPlatform#test_eabi_and_nil_version_combination_strictness = 0.51 s
[ 2129/23688] TestGemPlatform#test_initialize_command_line = 0.48 s
[ 2130/23688] TestGemPlatform#test_self_match = 0.56 s
[ 2131/23688] TestGemPlatform#test_to_s = 0.48 s
[ 2132/23688] TestGemPlatform#test_gem_platform_match_with_string_argument = 0.53 s
[ 2133/23688] TestGemPlatform#test_equals3_cpu = 0.50 s
[ 2134/23688] TestGemPlatform#test_self_match_gem? = 0.48 s
[ 2135/23688] TestGemPlatform#test_equals2 = 0.48 s
[ 2136/23688] TestGemPlatform#test_equals3_version = 0.49 s
[ 2137/23688] TestGemPlatform#test_nil_cpu_arch_is_treated_as_universal = 0.49 s
[ 2138/23688] TestGemPlatform#test_equals3_cpu_arm = 0.51 s
[ 2139/23688] TestGemPlatform#test_self_new = 0.48 s
[ 2140/23688] TestGemPlatform#test_self_local = 0.48 s
[ 2141/23688] TestGemPlatform#test_initialize_mswin32_vc6 = 0.49 s
[ 2142/23688] TestGemPlatform#test_initialize_test = 0.49 s
[ 2143/23688] TestGemPlatform#test_self_match_spec_with_match_gem_override = 0.50 s
[ 2144/23688] TestGemPlatform#test_equals3 = 0.48 s
[ 2145/23688] TestGemPlatform#test_self_match_spec? = 0.51 s
[ 2146/23688] TestGemPlatform#test_nil_version_is_stricter_for_linux_os = 0.51 s
[ 2147/23688] TestGemPlatform#test_initialize_platform = 0.48 s
[ 2148/23688] TestGemPlatform#test_inspect = 0.48 s
[ 2149/23688] TestGemPlatform#test_nil_version_is_treated_as_any_version = 0.48 s
[ 2150/23688] TestGemPlatform#test_equals_tilde = 0.62 s
[ 2151/23688] TestUnicodeNormalize#test_reiwa = 0.22 s
[ 2152/23688] TestUnicodeNormalize#test_no_trailing_jamo = 0.17 s
[ 2153/23688] TestUnicodeNormalize#test_partial_jamo_decompose = 0.01 s
[ 2154/23688] TestUnicodeNormalize#test_us_ascii = 0.02 s
[ 2155/23688] TestUnicodeNormalize#test_hangul_plus_accents = 0.03 s
[ 2156/23688] TestUnicodeNormalize#test_singleton_with_accents = 0.01 s
[ 2157/23688] TestUnicodeNormalize#test_raise_exception_for_non_unicode_encoding = 0.02 s
[ 2158/23688] TestUnicodeNormalize#test_non_UTF_8 = 0.02 s
[ 2159/23688] TestUnicodeNormalize#test_partial_jamo_compose = 0.02 s
[ 2160/23688] ClassNameCheckTest#test_corrections_candidates_for_names_in_upper_level_scopes = 10.35
 s
[ 2161/23688] ClassNameCheckTest#test_corrections_include_case_specific_class_name = 5.73 s
[ 2162/23688] ClassNameCheckTest#test_corrections = 3.70 s
[ 2163/23688] ClassNameCheckTest#test_names_in_corrections_have_namespaces = 10.70 s
[ 2164/23688] ClassNameCheckTest#test_corrections_should_work_from_within_instance_method = 10.58 s
[ 2165/23688] ClassNameCheckTest#test_does_not_suggest_user_input = 4.17 s
[ 2166/23688] ClassNameCheckTest#test_corrections_include_top_level_class_name = 3.83 s
[ 2167/23688] ClassNameCheckTest#test_corrections_should_work_from_within_instance_method_on_nested_
class = 10.45 s
[ 2168/23688] TestDigest::TestInitCopy#test_initialize_copy_md5_rmd160 = 9.18 s
[ 2169/23688] TestIOBuffer#test_copy_overlapped_fwd = 0.02 s
[ 2170/23688] TestIOBuffer#test_copy_overlapped_bwd = 0.01 s
[ 2171/23688] TestIOBuffer#test_string_negative = 0.01 s
[ 2172/23688] TestIOBuffer#test_resize_zero_internal = 0.01 s
[ 2173/23688] TestIOBuffer#test_string_mapped_buffer_locked = 0.01 s
[ 2174/23688] TestIOBuffer#test_shared = 5.05 s
[ 2175/23688] TestIOBuffer#test_compare_same_size = 0.02 s
[ 2176/23688] TestIOBuffer#test_slice = 0.01 s
[ 2177/23688] TestIOBuffer#test_slice_arguments = 0.01 s
[ 2178/23688] TestIOBuffer#test_inplace_operators = 0.04 s
[ 2179/23688] TestIOBuffer#test_string_mapped_mutable = 0.01 s
[ 2180/23688] TestIOBuffer#test_resize_zero_external = 0.01 s
[ 2181/23688] TestIOBuffer#test_values = 0.06 s
[ 2182/23688] TestIOBuffer#test_zero_length_each_byte = 0.01 s
[ 2183/23688] TestIOBuffer#test_transfer = 0.01 s
[ 2184/23688] TestIOBuffer#test_each = 0.07 s
[ 2185/23688] TestIOBuffer#test_new_mapped = 0.01 s
[ 2186/23688] TestIOBuffer#test_flags = 0.01 s
[ 2187/23688] TestIOBuffer#test_read_with_length_and_offset = 0.07 s
[ 2188/23688] TestIOBuffer#test_non_string = 0.01 s
[ 2189/23688] TestIOBuffer#test_get_set_values = 0.05 s
[ 2190/23688] TestIOBuffer#test_default_size = 0.01 s
[ 2191/23688] TestIOBuffer#test_file_mapped = 0.02 s
[ 2192/23688] TestIOBuffer#test_transfer_in_block = 0.02 s
[ 2193/23688] TestIOBuffer#test_copy_null_source = 0.01 s
[ 2194/23688] TestIOBuffer#test_operators = 0.01 s
[ 2195/23688] TestIOBuffer#test_endian = 0.01 s
[ 2196/23688] TestIOBuffer#test_copy_null_destination = 0.01 s
[ 2197/23688] TestIOBuffer#test_new_readonly = 0.02 s
[ 2198/23688] TestIOBuffer#test_slice_bounds_error = 0.02 s
[ 2199/23688] TestIOBuffer#test_resize_mapped = 0.01 s
[ 2200/23688] TestIOBuffer#test_slice_readonly = 0.01 s
[ 2201/23688] TestIOBuffer#test_new_internal = 0.01 s
[ 2202/23688] TestIOBuffer#test_zero_length_get_set_values = 0.01 s
[ 2203/23688] TestIOBuffer#test_file_mapped_invalid = 0.01 s
[ 2204/23688] TestIOBuffer#test_compare_zero_length = 0.01 s
[ 2205/23688] TestIOBuffer#test_private = 0.02 s
[ 2206/23688] TestIOBuffer#test_set_string_overlapped_bwd = 0.01 s
[ 2207/23688] TestIOBuffer#test_invalidation = 0.04 s
[ 2208/23688] TestIOBuffer#test_zero_length_each = 0.01 s
[ 2209/23688] TestIOBuffer#test_set_string_overlapped_fwd = 0.01 s
[ 2210/23688] TestIOBuffer#test_read_with_with_length = 0.02 s
[ 2211/23688] TestIOBuffer#test_zero_length_get_string = 0.01 s
[ 2212/23688] TestIOBuffer#test_locked = 0.02 s
[ 2213/23688] TestIOBuffer#test_pread = 0.02 s
[ 2214/23688] TestIOBuffer#test_get_string = 0.05 s
[ 2215/23688] TestIOBuffer#test_resize_preserve = 0.01 s
[ 2216/23688] TestIOBuffer#test_compare_different_size = 0.01 s
[ 2217/23688] TestIOBuffer#test_string_mapped_frozen = 0.01 s
[ 2218/23688] TestIOBuffer#test_read_with_with_offset = 0.02 s
[ 2219/23688] TestIOBuffer#test_set_string_null_destination = 0.01 s
[ 2220/23688] TestIOBuffer#test_read = 0.02 s
[ 2221/23688] TestIOBuffer#test_pread_offset = 0.02 s
[ 2222/23688] TestIOBuffer#test_each_byte = 0.01 s
[ 2223/23688] TestIOBuffer#test_clear = 0.01 s
[ 2224/23688] TestIOBuffer#test_string_mapped = 0.01 s
[ 2225/23688] TestIOBuffer#test_get_set_value = 0.05 s
[ 2226/23688] TestIOBuffer#test_string = 0.01 s
[ 2227/23688] TestIOBuffer#test_write_with_length_and_offset = 0.02 s
[ 2228/23688] TestIOBuffer#test_pwrite_offset = 0.02 s
[ 2229/23688] TestIOBuffer#test_write = 0.02 s
[ 2230/23688] TestIOBuffer#test_pwrite = 0.02 s
[ 2231/23688] TestGemRemoteFetcherLocalSSLServer#test_do_not_allow_invalid_client_cert_auth_connecti
on = 2.40 s
[ 2232/23688] TestGemRemoteFetcherLocalSSLServer#test_do_not_follow_insecure_redirect = 1.98 s
[ 2233/23688] TestGemRemoteFetcherLocalSSLServer#test_ssl_client_cert_auth_connection = 2.78 s
[ 2234/23688] TestGemRemoteFetcherLocalSSLServer#test_nil_ca_cert = 1.72 s
[ 2235/23688] TestGemRemoteFetcherLocalSSLServer#test_do_not_allow_insecure_ssl_connection_by_defaul
t = 1.68 s
[ 2236/23688] TestGemRemoteFetcherLocalSSLServer#test_ssl_connection_allow_verify_none = 2.25 s
[ 2237/23688] TestGemRemoteFetcherLocalSSLServer#test_ssl_connection = 1.76 s
[ 2238/23688] TestDateParse#test_iso8601 = 0.04 s
[ 2239/23688] TestDateParse#test__iso8601 = 0.14 s
[ 2240/23688] TestDateParse#test__parse__2 = 0.17 s
[ 2241/23688] TestDateParse#test_jisx0301 = 0.05 s
[ 2242/23688] TestDateParse#test_parse_utf8 = 0.08 s
[ 2243/23688] TestDateParse#test__rfc3339 = 0.03 s
[ 2244/23688] TestDateParse#test_rfc3339 = 0.02 s
[ 2245/23688] TestDateParse#test__parse = 2.75 s
[ 2246/23688] TestDateParse#test__parse_odd_offset = 0.02 s
[ 2247/23688] TestDateParse#test_given_string = 0.06 s
[ 2248/23688] TestDateParse#test_httpdate = 0.02 s
[ 2249/23688] TestDateParse#test_parse__comp = 0.07 s
[ 2250/23688] TestDateParse#test_rfc2822 = 0.04 s
[ 2251/23688] TestDateParse#test__rfc2822 = 0.04 s
[ 2252/23688] TestDateParse#test_parse__time = 0.11 s
[ 2253/23688] TestDateParse#test__parse_too_long_yearIn-address space security exception (core dumpe
d)
end time: 2025-06-21T19:06:01
root@cheribsd-riscv64-purecap:~/ruby-3.4.1/build #
