[13690/26691] TestRDocAnyMethod#test_param_list_block_params = 4.50 s
[13691/26691] TestRDocAnyMethod#test_marshal_load_aliased_method_with_nil_singleton = 4.52 s
[13692/26691] TestRDocAnyMethod#test_call_seq_returns_nil_if_alias_is_missing_from_call_seq = 4.54 s
[13693/26691] TestRDocAnyMethod#test_param_list_ampersand_param_block_params = 4.87 s
[13694/26691] TestRDocAnyMethod#test_call_seq_handles_aliases = 4.78 s
[13695/26691] TestRDocAnyMethod#test_has_call_seq? = 4.69 s
[13696/26691] Prism::ParseSuccessTest#test_parse_success? = 0.01 s
[13697/26691] Prism::ParseSuccessTest#test_parse_file_success? = 0.01 s
[13698/26691] URI::TestParser#test_rfc2822_unescape = 0.22 s
[13699/26691] URI::TestParser#test_rfc3986_port_checkIn-address space security exception (core dumpe
d)
root@cheribsd-riscv64-purecap:~/ruby-3.4.1/build # rm ../test/uri/test_parser.rb
root@cheribsd-riscv64-purecap:~/ruby-3.4.1/build # rm ../test/ruby/test_weakmap.rb
root@cheribsd-riscv64-purecap:~/ruby-3.4.1/build # rm ../test/ruby/test_integer.rb
root@cheribsd-riscv64-purecap:~/ruby-3.4.1/build # rm ../test/ruby/test_yield.rb
root@cheribsd-riscv64-purecap:~/ruby-3.4.1/build # rm ../test/ruby/test_class.rb
root@cheribsd-riscv64-purecap:~/ruby-3.4.1/build # rm ../test/test_trick.rb
root@cheribsd-riscv64-purecap:~/ruby-3.4.1/build # rm ../test/ruby/test_rubyoptions.rb
root@cheribsd-riscv64-purecap:~/ruby-3.4.1/build # rm ../test/ruby/test_range.rb
root@cheribsd-riscv64-purecap:~/ruby-3.4.1/build # rm ../test/ruby/test_module.rb
root@cheribsd-riscv64-purecap:~/ruby-3.4.1/build # rm ../test/ruby/test_assignment.rb
root@cheribsd-riscv64-purecap:~/ruby-3.4.1/build # rm ../test/ruby/test_optimization.rb
root@cheribsd-riscv64-purecap:~/ruby-3.4.1/build # rm ../test/ruby/test_gc_compact.rb
root@cheribsd-riscv64-purecap:~/ruby-3.4.1/build # ./trunnerallnorevoke.sh
/root/ruby-3.4.1/lib/yaml.rb:3: warning: It seems your ruby installation is missing psych (for YAML
output).
To eliminate this warning, please install libyaml and reinstall your ruby.
/root/ruby-3.4.1/test/did_you_mean/test_tree_spell_checker.rb: cannot load such file -- psych
/root/ruby-3.4.1/lib/yaml.rb:3: warning: It seems your ruby installation is missing psych (for YAML
output).
To eliminate this warning, please install libyaml and reinstall your ruby.
/root/ruby-3.4.1/lib/yaml.rb:3: warning: It seems your ruby installation is missing psych (for YAML
output).
To eliminate this warning, please install libyaml and reinstall your ruby.
/root/ruby-3.4.1/lib/yaml.rb:3: warning: It seems your ruby installation is missing psych (for YAML
output).
To eliminate this warning, please install libyaml and reinstall your ruby.
Run options:
  --seed=17979
  "--ruby=./miniruby -I../lib -I. -I.ext/common  ../tool/runruby.rb --extout=.ext  -- --disable-gems
"
  --excludes-dir=../test/.excludes
  --name=!/memory_leak/
  --timeout-scale
  10
  --worker-timeout=100
  -v
  --test-order=random

# Running tests:

[    1/26073] TestISeq#test_disasm_encoding = 0.07 s
[    2/26073] TestISeq#test_unreachable_next_in_block = 0.02 s
[    3/26073] TestISeq#test_inspect = 0.03 s
[    4/26073] TestISeq#test_iseq_of_twice_for_same_code = 0.02 s
[    5/26073] TestISeq#test_compile_file_encoding = 0.05 s
[    6/26073] TestISeq#test_label_fstring = 0.01 s
[    7/26073] TestISeq#test_iseq_of = 0.02 s
[    8/26073] TestISeq#test_to_a_lines = 0.05 s
[    9/26073] TestISeq#test_anon_rest_param_in_disasm = 0.01 s
[   10/26073] TestISeq#test_anon_keyrest_param_in_disasm = 0.01 s
[   11/26073] TestISeq#test_load_from_binary_only_accepts_string_param = 0.01 s
[   12/26073] TestISeq#test_compile_prism_with_file = 0.02 s
[   13/26073] TestISeq#test_no_linenum = 7.58 s
[   14/26073] TestISeq#test_mandatory_only_redef = 9.51 s
[   15/26073] TestISeq#test_super_with_block_and_kwrest = 0.04 s
[   16/26073] TestISeq#test_unused_param = 0.01 s
[   17/26073] TestISeq#test_while_in_until_condition = 1.70 s
[   18/26073] TestISeq#test_anon_block_param_in_disasm = 0.02 s
[   19/26073] TestISeq#test_cdhash_after_roundtrip = 0.03 s
[   20/26073] TestISeq#test_to_binary_b_return_tracepoint = 8.52 s
[   21/26073] TestISeq#test_to_binary_end_tracepoint = 6.11 s
[   22/26073] TestISeq#test_safe_call_chain = 0.02 s
[   23/26073] TestISeq#test_forwardable = 0.03 s
[   24/26073] TestISeq#test_compile_error = 0.01 s
[   25/26073] TestISeq#test_to_binary_dumps_nokey = 0.09 s
[   26/26073] TestISeq#test_frozen_string_literal_compile_option = 0.02 s
[   27/26073] TestISeq#test_ractor_unshareable_outer_variable = 0.07 s
[   28/26073] TestISeq#test_syntax_error_message = 0.02 s
[   29/26073] TestISeq#test_unreachable_pattern_matching_in_if_condition = 2.27 s
[   30/26073] TestISeq#test_compile_prism_with_invalid_object_type = 0.02 s
[   31/26073] TestISeq#test_to_binary_b_call_tracepoint = 8.53 s
[   32/26073] TestISeq#test_to_binary_line_tracepoint = 6.17 s
[   33/26073] TestISeq#test_disable_opt = 0.03 s
[   34/26073] TestISeq#test_lambda_with_ractor_roundtrip = 0.03 s
[   35/26073] TestISeq#test_ever_condition_loop = 7.42 s
[   36/26073] TestISeq#test_ractor_shareable_value_frozen_core = 0.03 s
[   37/26073] TestISeq#test_location = 0.03 s
[   38/26073] TestISeq#test_to_binary_return_tracepoint = 8.89 s
[   39/26073] TestISeq#test_compile_file_error = 2.29 s
[   40/26073] TestISeq#test_allocate = 0.01 s
[   41/26073] TestISeq#test_empty_iseq_lineno = 0.04 s
[   42/26073] TestISeq#test_iseq_option_debug_level = 7.42 s
[   43/26073] TestISeq#test_ibf_bignum = 0.02 s
[   44/26073] TestISeq#test_iseq_builtin_load = 8.84 s
[   45/26073] TestISeq#test_unreachable_pattern_matching = 8.04 s
[   46/26073] TestISeq#test_invalid_source = 0.03 s
[   47/26073] TestISeq#test_to_binary_pattern_matching = 0.26 s
[   48/26073] TestISeq#test_super_with_block_hash_0 = 0.03 s
[   49/26073] TestISeq#test_iseq_builtin_to_a = 7.49 s
[   50/26073] TestISeq#test_each_child = 0.07 s
[   51/26073] TestISeq#test_super_with_block = 0.07 s
[   52/26073] TestISeq#test_to_binary_with_hidden_local_variables = 0.11 s
[   53/26073] TestISeq#test_unreachable_syntax_error = 0.07 s
[   54/26073] TestISeq#test_trace_points = 0.06 s
[   55/26073] TestISeq#test_translate_by_object = 8.76 s
[   56/26073] TestISeq#test_super_with_anonymous_block = 0.03 s
[   57/26073] TestISeq#test_to_binary_line_info = 0.13 s
[   58/26073] TestISeq#test_to_binary_class_tracepoint = 9.30 s
[   59/26073] TestISeq#test_mandatory_only = 8.77 s
[   60/26073] TestISeq#test_to_binary_with_objects = 0.86 s
[   61/26073] TestGemPackage#test_extract_tar_gz_symlink_relative_path = 1.12 s
[   62/26073] TestGemPackage#test_verify_corrupt_tar_data_entry = 0.97 s
[   63/26073] TestGemPackage#test_class_new_old_format = 0.97 s
[   64/26073] TestGemPackage#test_spec = 0.96 s
[   65/26073] TestGemPackage#test_verify_corrupt = 0.98 s
[   66/26073] TestGemPackage#test_verify_security_policy_low_security = 0.97 s
[   67/26073] TestGemPackage#test_extract_tar_gz_dot_file = 0.97 s
[   68/26073] TestGemPackage#test_build_time_uses_source_date_epoch = 0.98 s
[   69/26073] TestGemPackage#test_spec_from_io = 0.97 s
[   70/26073] TestGemPackage#test_contents = 1.23 s
[   71/26073] TestGemPackage#test_verify_checksum_bad = 1.60 s
[   72/26073] TestGemPackage#test_build_modified_platform = 2.01 s
[   73/26073] TestGemPackage#test_spec_from_io_raises_gem_error_for_io_not_at_start = 1.53 s
[   74/26073] TestGemPackage#test_verify = 1.84 s
[   75/26073] TestGemPackage#test_build_auto_signed_encrypted_key = 1.60 s
[   76/26073] TestGemPackage#test_build = 2.62 s
[   77/26073] TestGemPackage#test_verify_duplicate_file = 2.69 s
[   78/26073] TestGemPackage#test_add_checksums = 2.23 s
[   79/26073] TestGemPackage#test_corrupt_data_tar_gz = 0.96 s
[   80/26073] TestGemPackage#test_extract_symlink_parent_doesnt_delete_user_dir = 1.07 s
[   81/26073] TestGemPackage#test_install_location_suffix = 0.96 s
[   82/26073] TestGemPackage#test_build_invalid_arguments = 1.06 s
[   83/26073] TestGemPackage#test_install_location_relative = 0.96 s
[   84/26073] TestGemPackage#test_add_files_symlink = 1.02 s
[   85/26073] TestGemPackage#test_verify_corrupt_tar_checksums_entry = 0.96 s
[   86/26073] TestGemPackage#test_build_signed = 1.04 s
[   87/26073] TestGemPackage#test_build_time_without_source_date_epoch = 0.98 s
[   88/26073] TestGemPackage#test_add_files = 0.96 s
[   89/26073] TestGemPackage#test_extract_symlink_into_symlink_dir = 0.95 s
[   90/26073] TestGemPackage#test_verify_security_policy_checksum_missing = 0.95 s
[   91/26073] TestGemPackage#test_extract_symlink_parent = 1.01 s
[   92/26073] TestGemPackage#test_verify_empty = 0.95 s
[   93/26073] TestGemPackage#test_raw_spec = 0.98 s
[   94/26073] TestGemPackage#test_extract_tar_gz_symlink_broken_relative_path = 0.96 s
[   95/26073] TestGemPackage#test_extract_tar_gz_dot_slash = 0.97 s
[   96/26073] TestGemPackage#test_extract_file_permissions = 0.96 s
[   97/26073] TestGemPackage#test_verify_corrupt_tar_metadata_entry = 0.96 s
[   98/26073] TestGemPackage#test_verify_security_policy = 0.98 s
[   99/26073] TestGemPackage#test_extract_tar_gz_directory = 0.99 s
[  100/26073] TestGemPackage#test_install_location_absolute = 0.98 s
[  101/26073] TestGemPackage#test_install_location = 0.98 s
[  102/26073] TestGemPackage#test_verify_truncate = 1.02 s
[  103/26073] TestGemPackage#test_verify_checksum_missing = 0.99 s
[  104/26073] TestGemPackage#test_build_auto_signed = 0.97 s
[  105/26073] TestGemPackage#test_install_location_dots = 0.96 s
[  106/26073] TestGemPackage#test_install_location_extra_slash = 0.95 s
[  107/26073] TestGemPackage#test_build_invalid = 0.97 s
[  108/26073] TestGemPackage#test_verify_entry = 0.95 s
[  109/26073] TestGemPackage#test_contents_from_io = 0.95 s
[  110/26073] TestGemPackage#test_extract_files_empty = 0.95 s
[  111/26073] TestGemPackage#test_extract_files = 0.95 s
[  112/26073] TestGemPackage#test_verify_nonexistent = 0.97 s
[  113/26073] TestGemPackage#test_gem_attr = 0.96 s
[  114/26073] TestGemPackage#test_build_signed_encrypted_key = 0.95 s
[  115/26073] TestGemPackage#test_load_spec = 0.95 s
[  116/26073] TestGemPackage#test_extract_tar_gz_absolute = 0.96 s
[  117/26073] TestFileExhaustive#test_stat_owned_p = 9.35 s
[  118/26073] TestFileExhaustive#test_join_with_changed_separator = 17.67 s
[  119/26073] TestFileExhaustive#test_absolute_path = 8.35 s
[  120/26073] TestFileExhaustive#test_stat_zero_p = 8.35 s
[  121/26073] TestFileExhaustive#test_world_writable_p = 8.37 s
[  122/26073] TestFileExhaustive#test_stat_socket_p = 8.36 s
[  123/26073] TestFileExhaustive#test_utime_symlinkfile = 8.36 s
[  124/26073] TestFileExhaustive#test_readable_p = 8.34 s
[  125/26073] TestFileExhaustive#test_expand_path_converts_a_pathname_to_an_absolute_pathname_using_
a_complete_path = 8.38 s
[  126/26073] TestFileExhaustive#test_ctime = 8.42 s
[  127/26073] TestFileExhaustive#test_blockdev_p = 8.37 s
[  128/26073] TestFileExhaustive#test_expand_path_error_for_non_absolute_home = 8.37 s
[  129/26073] TestFileExhaustive#test_expand_path_converts_a_pathname_which_starts_with_a_slash_usin
g_a_current_drive = 8.34 s
[  130/26073] TestFileExhaustive#test_symlink_p = 8.38 s
[  131/26073] TestFileExhaustive#test_expand_path = 8.35 s
[  132/26073] TestFileExhaustive#test_truncate = 8.43 s
[  133/26073] TestFileExhaustive#test_stat_world_writable_p = 8.37 s
[  134/26073] TestFileExhaustive#test_expand_path_absolute = 8.35 s
[  135/26073] TestFileExhaustive#test_expand_path_converts_a_pathname_to_an_absolute_pathname_using_
home_as_base = 8.34 s
[  136/26073] TestFileExhaustive#test_stat_writable_real_p = 8.34 s
[  137/26073] TestFileExhaustive#test_stat_executable_p = 8.36 s
[  138/26073] TestFileExhaustive#test_expand_path_cleanup_dots_file_name = 8.36 s
[  139/26073] TestFileExhaustive#test_empty_p = 8.37 s
[  140/26073] TestFileExhaustive#test_path_identical_p = 8.77 s
[  141/26073] TestFileExhaustive#test_zero_p = 8.37 s
[  142/26073] TestFileExhaustive#test_symlink = 8.37 s
[  143/26073] TestFileExhaustive#test_socket_p = 8.37 s
[  144/26073] TestFileExhaustive#test_expand_path_home_dir_string = 8.37 s
[  145/26073] TestFileExhaustive#test_expand_path_accepts_objects_that_have_a_to_path_method = 8.36
s
[  146/26073] TestFileExhaustive#test_s_size = 8.37 s
[  147/26073] TestFileExhaustive#test_stat_executable_real_p = 8.42 s
[  148/26073] TestFileExhaustive#test_expand_path_converts_a_dot_with_unc_dir = 8.35 s
[  149/26073] TestFileExhaustive#test_hardlink = 8.37 s
[  150/26073] TestFileExhaustive#test_stat_readable_real_p = 8.37 s
[  151/26073] TestFileExhaustive#test_birthtime = 8.39 s
[  152/26073] TestFileExhaustive#test_closed_io_identical_p = 8.36 s
[  153/26073] TestFileExhaustive#test_chown = 8.34 s
[  154/26073] TestFileExhaustive#test_lchown = 8.33 s
[  155/26073] TestFileExhaustive#test_lstat = 8.51 s
[  156/26073] TestFileExhaustive#test_stat_sgid = 8.37 s
[  157/26073] TestFileExhaustive#test_chardev_p = 8.37 s
[  158/26073] TestFileExhaustive#test_exist_p = 8.37 s
[  159/26073] TestFileExhaustive#test_dirname_encoding = 8.35 s
[  160/26073] TestFileExhaustive#test_test = 13.91 s
[  161/26073] TestFileExhaustive#test_split = 8.37 s
[  162/26073] TestFileExhaustive#test_expand_path_does_not_modify_a_home_string_argument = 8.36 s
[  163/26073] TestFileExhaustive#test_extname = 8.47 s
[  164/26073] TestFileExhaustive#test_umask = 8.36 s
[  165/26073] TestFileExhaustive#test_stat_size = 8.36 s
[  166/26073] TestFileExhaustive#test_stat_init = 9.52 s
[  167/26073] TestFileExhaustive#test_grpowned_p = 8.38 s
[  168/26073] TestFileExhaustive#test_io_identical_p = 8.78 s
[  169/26073] TestFileExhaustive#test_stat_writable_p = 8.35 s
[  170/26073] TestFileExhaustive#test_stat = 9.51 s
[  171/26073] TestFileExhaustive#test_expand_path_removes_trailing_slashes_from_absolute_path = 8.35
 s
[  172/26073] TestFileExhaustive#test_expand_path_resolve_file_name_relative_current_directory = 8.3
4 s
[  173/26073] TestFileExhaustive#test_suid = 8.37 s
[  174/26073] TestFileExhaustive#test_writable_real_p = 8.34 s
[  175/26073] TestFileExhaustive#test_flock_exclusive = 8.37 s
[  176/26073] TestFileExhaustive#test_join_alt_separator = 8.34 s
[  177/26073] TestFileExhaustive#test_pipe_p = 8.36 s
[  178/26073] TestFileExhaustive#test_expand_path_raises_a_type_error_if_not_passed_a_string_type =
8.35 s
[  179/26073] TestFileExhaustive#test_stat_readable_p = 8.34 s
[  180/26073] TestFileExhaustive#test_stat_file_p = 8.36 s
[  181/26073] TestFileExhaustive#test_join_ascii_incompatible = 8.46 s
[  182/26073] TestFileExhaustive#test_stat_chardev_p = 8.35 s
[  183/26073] TestFileExhaustive#test_expand_path_resolve_file_name_and_dir_string_relative = 8.34 s
[  184/26073] TestFileExhaustive#test_sgid = 8.37 s
[  185/26073] TestFileExhaustive#test_basename_encoding = 8.36 s
[  186/26073] TestFileExhaustive#test_stat_directory_p = 8.36 s
[  187/26073] TestFileExhaustive#test_expand_path_home = 8.40 s
[  188/26073] TestFileExhaustive#test_ignore_nil_dir_string = 8.34 s
[  189/26073] TestFileExhaustive#test_path_check = 8.40 s
[  190/26073] TestFileExhaustive#test_size = 8.40 s
[  191/26073] TestFileExhaustive#test_size_p = 8.36 s
[  192/26073] TestFileExhaustive#test_path = 8.37 s
[  193/26073] TestFileExhaustive#test_expand_path_encoding = 8.60 s
[  194/26073] TestFileExhaustive#test_stat_blockdev_p = 8.39 s
[  195/26073] TestFileExhaustive#test_expand_path_does_not_modify_the_string_argument = 8.55 s
[  196/26073] TestFileExhaustive#test_stat_sticky = 8.37 s
[  197/26073] TestFileExhaustive#test_basename = 8.36 s
[  198/26073] TestFileExhaustive#test_lchmod = 8.36 s
[  199/26073] TestFileExhaustive#test_chmod = 8.37 s
[  200/26073] TestFileExhaustive#test_executable_p = 8.37 s
[  201/26073] TestFileExhaustive#test_stat_suid = 8.35 s
[  202/26073] TestFileExhaustive#test_expand_path_resolve_dot_current_directory = 8.34 s
[  203/26073] TestFileExhaustive#test_owned_p = 8.35 s
[  204/26073] TestFileExhaustive#test_utime = 8.37 s
[  205/26073] TestFileExhaustive#test_lutime = 8.36 s
[  206/26073] TestFileExhaustive#test_join = 8.42 s
[  207/26073] TestFileExhaustive#test_expand_path_encoding_filesystem = 8.35 s
[  208/26073] TestFileExhaustive#test_executable_real_p = 8.37 s
[  209/26073] TestFileExhaustive#test_stat_pipe_p = 8.37 s
[  210/26073] TestFileExhaustive#test_atime = 8.38 s
[  211/26073] TestFileExhaustive#test_stat_world_readable_p = 8.36 s
[  212/26073] TestFileExhaustive#test_file_p = 8.40 s
[  213/26073] TestFileExhaustive#test_dirname = 8.36 s
[  214/26073] TestFileExhaustive#test_expand_path_memsize = 8.36 s
[  215/26073] TestFileExhaustive#test_ftype = 8.38 s
[  216/26073] TestFileExhaustive#test_unlink = 8.41 s
[  217/26073] TestFileExhaustive#test_basename_strip = 8.38 s
[  218/26073] TestFileExhaustive#test_expand_path_preserves_unc_path_root = 8.35 s
[  219/26073] TestFileExhaustive#test_expand_path_error_for_nonexistent_username = 8.38 s
[  220/26073] TestFileExhaustive#test_expand_path_returns_a_string_when_passed_a_string_subclass = 8
.34 s
[  221/26073] TestFileExhaustive#test_writable_p = 8.37 s
[  222/26073] TestFileExhaustive#test_mtime = 8.38 s
[  223/26073] TestFileExhaustive#test_readlink = 8.44 s
[  224/26073] TestFileExhaustive#test_stat_size_p = 8.39 s
[  225/26073] TestFileExhaustive#test_stat_ftype = 8.37 s
[  226/26073] TestFileExhaustive#test_stat_symlink_p = 8.37 s
[  227/26073] TestFileExhaustive#test_readable_real_p = 8.34 s
[  228/26073] TestFileExhaustive#test_flock_shared = 8.39 s
[  229/26073] TestFileExhaustive#test_expand_path_expands_dot_dir = 8.34 s
[  230/26073] TestFileExhaustive#test_stat_new_utf8 = 8.34 s
[  231/26073] TestFileExhaustive#test_expand_path_resolve_empty_string_current_directory = 8.35 s
[  232/26073] TestFileExhaustive#test_world_readable_p = 8.38 s
[  233/26073] TestFileExhaustive#test_rename = 8.46 s
[  234/26073] TestFileExhaustive#test_directory_p = 8.36 s
[  235/26073] TestFileExhaustive#test_expand_path_for_existent_username = 8.43 s
[  236/26073] TestFileExhaustive#test_sticky = 8.37 s
[  237/26073] TestFileExhaustive#test_readlink_long_path = 17.18 s
[  238/26073] TestFileExhaustive#test_stat_grpowned_p = 8.37 s
[  239/26073] TestERBEncoding#test_literal_encoding = 0.11 s
[  240/26073] TestERBEncoding#test_generate_magic_comment = 0.03 s
[  241/26073] TestERBEncoding#test_method_with_encoding = 0.18 s
[  242/26073] TestERBEncoding#test___ENCODING__ = 0.05 s
[  243/26073] TestERBEncoding#test_result_encoding = 0.07 s
[  244/26073] TestERBEncoding#test_recognize_magic_comment = 0.10 s
[  245/26073] TestThreadQueue#test_sized_queue_push_return_value = 0.02 s
[  246/26073] TestThreadQueue#test_queue_push_return_value = 0.01 s
[  247/26073] TestThreadQueue#test_queue_with_trap = 2.41 s
[  248/26073] TestThreadQueue#test_dup = 0.02 s
[  249/26073] TestThreadQueue#test_fork_while_queue_waiting = 1.24 s
[  250/26073] TestThreadQueue#test_one_element_sized_queue = 0.03 s
[  251/26073] TestThreadQueue#test_dump = 0.06 s
[  252/26073] TestThreadQueue#test_queue_pop_non_block = 0.02 s
[  253/26073] TestThreadQueue#test_sized_queue_clear_return_value = 0.01 s
[  254/26073] TestThreadQueue#test_thr_kill = 0.04 s
[  255/26073] TestThreadQueue#test_sized_queue = 7.50 s
[  256/26073] TestThreadQueue#test_queue_clear_return_value = 0.01 s
[  257/26073] TestThreadQueue#test_freeze = 0.02 s
[  258/26073] TestThreadQueue#test_queue_close_wakeup = 0.59 s
[  259/26073] TestThreadQueue#test_sized_queue_push_interrupt = 0.02 s
[  260/26073] TestThreadQueue#test_size_queue_close_wakeup = 0.07 s
[  261/26073] TestThreadQueue#test_queue = 14.70 s
[  262/26073] TestThreadQueue#test_sized_queue_one_closed_interrupt = 0.04 s
[  263/26073] TestThreadQueue#test_sized_queue_initialized = 0.02 s
[  264/26073] TestThreadQueue#test_empty_non_blocking = 0.26 s
[  265/26073] TestThreadQueue#test_queue_pop_timeout = 1.16 s
[  266/26073] TestThreadQueue#test_sized_queue_pop_non_block = 0.02 s
[  267/26073] TestThreadQueue#test_deny_pushers = 1.07 s
[  268/26073] TestThreadQueue#test_sized_queue_push_timeout = 1.16 s
[  269/26073] TestThreadQueue#test_blocked_pushers = 8.59 s
[  270/26073] TestThreadQueue#test_sized_queue_pop_interrupt = 0.22 s
[  271/26073] TestThreadQueue#test_close_twice = 0.01 s
[  272/26073] TestThreadQueue#test_sized_queue_push_non_block = 0.03 s
[  273/26073] TestThreadQueue#test_queue_thread_raise = 0.28 s
[  274/26073] TestThreadQueue#test_sized_queue_throttle = 0.59 s
[  275/26073] TestThreadQueue#test_sized_queue_initialize = 0.01 s
[  276/26073] TestThreadQueue#test_sized_queue_clear = 0.02 s
[  277/26073] TestThreadQueue#test_blocked_pushers_empty = 0.08 s
[  278/26073] TestThreadQueue#test_queue_initialized = 0.02 s
[  279/26073] TestThreadQueue#test_queue_initialize = 0.04 s
[  280/26073] TestThreadQueue#test_sized_queue_pop_timeout = 1.14 s
[  281/26073] TestThreadQueue#test_queue_pop_interrupt = 0.03 s
[  282/26073] TestThreadQueue#test_sized_queue_assign_max = 0.04 s
[  283/26073] TestThreadQueue#test_close = 0.13 s
[  284/26073] TestThreadQueue#test_sized_queue_closed_push_non_blocking = 0.02 s
[  285/26073] TestThreadQueue#test_queue_close_multi_multi = 77.81 s
[  286/26073] Prism::SnippetsTest#"test_seattlerb/non_interpolated_symbol_array_line_breaks.txt" = 1
.78 s
[  287/26073] Prism::SnippetsTest#"test_seattlerb/heredoc_unicode.txt" = 0.08 s
[  288/26073] Prism::SnippetsTest#"test_whitequark/ruby_bug_11873_b.txt" = 0.33 s
[  289/26073] Prism::SnippetsTest#"test_seattlerb/parse_while_not_canonical.txt" = 0.19 s
[  290/26073] Prism::SnippetsTest#"test_unparser/corpus/literal/block.txt" = 4.68 s
[  291/26073] Prism::SnippetsTest#"test_case.txt" = 2.30 s
[  292/26073] Prism::SnippetsTest#"test_whitequark/alias_gvar.txt" = 0.16 s
[  293/26073] Prism::SnippetsTest#"test_seattlerb/block_optarg.txt" = 0.18 s
[  294/26073] Prism::SnippetsTest#"test_whitequark/send_lambda_legacy.txt" = 0.07 s
[  295/26073] Prism::SnippetsTest#"test_whitequark/send_block_conditional.txt" = 0.12 s
[  296/26073] Prism::SnippetsTest#"test_whitequark/numparam_ruby_bug_19025.txt" = 0.20 s
[  297/26073] Prism::SnippetsTest#"test_seattlerb/call_lte.txt" = 0.10 s
[  298/26073] Prism::SnippetsTest#"test_whitequark/ruby_bug_10279.txt" = 0.17 s
[  299/26073] Prism::SnippetsTest#"test_multi_write.txt" = 0.42 s
[  300/26073] Prism::SnippetsTest#"test_seattlerb/non_interpolated_word_array_line_breaks.txt" = 0.1
2 s
[  301/26073] Prism::SnippetsTest#"test_unparser/corpus/literal/for.txt" = 0.61 s
[  302/26073] Prism::SnippetsTest#"test_seattlerb/parse_line_newlines.txt" = 0.06 s
[  303/26073] Prism::SnippetsTest#"test_whitequark/send_call.txt" = 0.23 s
[  304/26073] Prism::SnippetsTest#"test_seattlerb/masgn_double_paren.txt" = 0.16 s
[  305/26073] Prism::SnippetsTest#"test_seattlerb/unary_tilde.txt" = 0.09 s
[  306/26073] Prism::SnippetsTest#"test_whitequark/ruby_bug_12686.txt" = 0.17 s
[  307/26073] Prism::SnippetsTest#"test_whitequark/int.txt" = 0.15 s
[  308/26073] Prism::SnippetsTest#"test_whitequark/parser_bug_518.txt" = 0.10 s
[  309/26073] Prism::SnippetsTest#"test_seattlerb/bug290.txt" = 0.11 s
[  310/26073] Prism::SnippetsTest#"test_seattlerb/do_lambda.txt" = 0.09 s
[  311/26073] Prism::SnippetsTest#"test_unparser/corpus/literal/since/32.txt" = 0.68 s
[  312/26073] Prism::SnippetsTest#"test_whitequark/defs.txt" = 0.47 s
[  313/26073] Prism::SnippetsTest#"test_seattlerb/dstr_str.txt" = 0.15 s
[  314/26073] Prism::SnippetsTest#"test_seattlerb/float_with_if_modifier.txt" = 0.10 s
[  315/26073] Prism::SnippetsTest#"test_whitequark/array_symbols.txt" = 0.10 s
[  316/26073] Prism::SnippetsTest#"test_seattlerb/call_pipe.txt" = 0.10 s
[  317/26073] Prism::SnippetsTest#"test_seattlerb/block_arg_splat_arg.txt" = 0.19 s
[  318/26073] Prism::SnippetsTest#"test_seattlerb/evstr_evstr.txt" = 0.18 s
[  319/26073] Prism::SnippetsTest#"test_whitequark/cond_eflipflop_with_beginless_range.txt" = 0.11 s
[  320/26073] Prism::SnippetsTest#"test_whitequark/cond_match_current_line.txt" = 0.18 s
[  321/26073] Prism::SnippetsTest#"test_seattlerb/parse_line_call_ivar_arg_no_parens_line_break.txt"
 = 0.09 s
[  322/26073] Prism::SnippetsTest#"test_whitequark/complex.txt" = 0.25 s
[  323/26073] Prism::SnippetsTest#"test_seattlerb/case_in_86_2.txt" = 0.24 s
[  324/26073] Prism::SnippetsTest#"test_seattlerb/call_spaceship.txt" = 0.10 s
[  325/26073] Prism::SnippetsTest#"test_seattlerb/module_comments.txt" = 0.17 s
[  326/26073] Prism::SnippetsTest#"test_seattlerb/str_lit_concat_bad_encodings.txt" = 0.11 s
[  327/26073] Prism::SnippetsTest#"test_whitequark/arg_scope.txt" = 0.15 s
[  328/26073] Prism::SnippetsTest#"test_unparser/corpus/semantic/and.txt" = 0.75 s
[  329/26073] Prism::SnippetsTest#"test_whitequark/beginless_range.txt" = 0.14 s
[  330/26073] Prism::SnippetsTest#"test_whitequark/rescue_else.txt" = 0.22 s
[  331/26073] Prism::SnippetsTest#"test_whitequark/parser_bug_272.txt" = 0.17 s
[  332/26073] Prism::SnippetsTest#"test_whitequark/bug_do_block_in_cmdarg.txt" = 0.16 s
[  333/26073] Prism::SnippetsTest#"test_seattlerb/stabby_arg_opt_splat_arg_block_omfg.txt" = 0.22 s
[  334/26073] Prism::SnippetsTest#"test_unparser/corpus/literal/literal.txt" = 5.40 s
[  335/26073] Prism::SnippetsTest#"test_seattlerb/iter_args_8_1.txt" = 0.21 s
[  336/26073] Prism::SnippetsTest#"test_seattlerb/evstr_str.txt" = 0.23 s
[  337/26073] Prism::SnippetsTest#"test_whitequark/empty_stmt.txt" = 0.04 s
[  338/26073] Prism::SnippetsTest#"test_unparser/corpus/literal/case.txt" = 1.72 s
[  339/26073] Prism::SnippetsTest#"test_seattlerb/read_escape_unicode_h4.txt" = 0.07 s
[  340/26073] Prism::SnippetsTest#"test_seattlerb/heredoc_lineno.txt" = 0.27 s
[  341/26073] Prism::SnippetsTest#"test_seattlerb/iter_args_10_2.txt" = 0.22 s
[  342/26073] Prism::SnippetsTest#"test_unparser/corpus/literal/pattern.txt" = 2.31 s
[  343/26073] Prism::SnippetsTest#"test_seattlerb/parse_line_heredoc_regexp_chars.txt" = 0.22 s
[  344/26073] Prism::SnippetsTest#"test_seattlerb/defined_eh_parens.txt" = 0.08 s
[  345/26073] Prism::SnippetsTest#"test_whitequark/kwbegin_compstmt.txt" = 0.13 s
[  346/26073] Prism::SnippetsTest#"test_whitequark/case_expr.txt" = 0.24 s
[  347/26073] Prism::SnippetsTest#"test_whitequark/resbody_list_var.txt" = 0.21 s
[  348/26073] Prism::SnippetsTest#"test_whitequark/interp_digit_var.txt" = 1.59 s
[  349/26073] Prism::SnippetsTest#"test_seattlerb/parse_line_op_asgn.txt" = 0.12 s
[  350/26073] Prism::SnippetsTest#"test_seattlerb/defn_forward_args.txt" = 0.18 s
[  351/26073] Prism::SnippetsTest#"test_unparser/corpus/literal/defs.txt" = 1.87 s
[  352/26073] Prism::SnippetsTest#"test_seattlerb/op_asgn_val_dot_ident_command_call.txt" = 0.15 s
[  353/26073] Prism::SnippetsTest#"test_seattlerb/parse_line_dot2.txt" = 0.18 s
[  354/26073] Prism::SnippetsTest#"test_seattlerb/pctW_lineno.txt" = 0.30 s
[  355/26073] Prism::SnippetsTest#"test_unparser/corpus/literal/if.txt" = 1.33 s
[  356/26073] Prism::SnippetsTest#"test_whitequark/and.txt" = 0.28 s
[  357/26073] Prism::SnippetsTest#"test_seattlerb/qsymbols_interp.txt" = 0.23 s
[  358/26073] Prism::SnippetsTest#"test_whitequark/send_self.txt" = 0.29 s
[  359/26073] Prism::SnippetsTest#"test_seattlerb/call_args_command.txt" = 0.17 s
[  360/26073] Prism::SnippetsTest#"test_whitequark/undef.txt" = 0.19 s
[  361/26073] Prism::SnippetsTest#"test_seattlerb/stabby_block_iter_call_no_target_with_arg.txt" = 0
.29 s
[  362/26073] Prism::SnippetsTest#"test_seattlerb/block_call_paren_call_block_call.txt" = 0.21 s
[  363/26073] Prism::SnippetsTest#"test_seattlerb/call_self_brackets.txt" = 0.18 s
[  364/26073] Prism::SnippetsTest#"test_whitequark/rescue_in_lambda_block.txt" = 0.11 s
[  365/26073] Prism::SnippetsTest#"test_seattlerb/str_interp_ternary_or_label.txt" = 0.45 s
[  366/26073] Prism::SnippetsTest#"test_seattlerb/call_rshift.txt" = 0.10 s
[  367/26073] Prism::SnippetsTest#"test_seattlerb/safe_call_operator.txt" = 0.11 s
[  368/26073] Prism::SnippetsTest#"test_seattlerb/heredoc_with_carriage_return_escapes_windows.txt"
= 0.07 s
[  369/26073] Prism::SnippetsTest#"test_unparser/corpus/semantic/send.txt" = 0.70 s
[  370/26073] Prism::SnippetsTest#"test_begin_ensure.txt" = 1.20 s
[  371/26073] Prism::SnippetsTest#"test_seattlerb/case_in_hash_pat_assign.txt" = 0.45 s
[  372/26073] Prism::SnippetsTest#"test_whitequark/bug_435.txt" = 0.17 s
[  373/26073] Prism::SnippetsTest#"test_whitequark/until_mod.txt" = 0.13 s
[  374/26073] Prism::SnippetsTest#"test_whitequark/bug_interp_single.txt" = 0.30 s
[  375/26073] Prism::SnippetsTest#"test_seattlerb/call_assoc.txt" = 0.13 s
[  376/26073] Prism::SnippetsTest#"test_seattlerb/bug_args__19.txt" = 0.30 s
[  377/26073] Prism::SnippetsTest#"test_seattlerb/quoted_symbol_keys.txt" = 0.12 s
[  378/26073] Prism::SnippetsTest#"test_non_alphanumeric_methods.txt" = 3.15 s
[  379/26073] Prism::SnippetsTest#"test_whitequark/endless_method_with_rescue_mod.txt" = 0.27 s
[  380/26073] Prism::SnippetsTest#"test_whitequark/numbered_args_after_27.txt" = 0.77 s
[  381/26073] Prism::SnippetsTest#"test_whitequark/lvasgn.txt" = 0.09 s
[  382/26073] Prism::SnippetsTest#"test_seattlerb/block_decomp_splat.txt" = 0.18 s
[  383/26073] Prism::SnippetsTest#"test_whitequark/until_post.txt" = 0.16 s
[  384/26073] Prism::SnippetsTest#"test_whitequark/string_dvar.txt" = 0.18 s
[  385/26073] Prism::SnippetsTest#"test_seattlerb/method_call_assoc_trailing_comma.txt" = 0.16 s
[  386/26073] Prism::SnippetsTest#"test_whitequark/class_super.txt" = 0.09 s
[  387/26073] Prism::SnippetsTest#"test_seattlerb/parse_pattern_051.txt" = 0.21 s
[  388/26073] Prism::SnippetsTest#"test_whitequark/beginless_irange_after_newline.txt" = 0.10 s
[  389/26073] Prism::SnippetsTest#"test_whitequark/class.txt" = 0.15 s
[  390/26073] Prism::SnippetsTest#"test_whitequark/dedenting_non_interpolating_heredoc_line_continua
tion.txt" = 0.11 s
[  391/26073] Prism::SnippetsTest#"test_seattlerb/utf8_bom.txt" = 0.09 s
[  392/26073] Prism::SnippetsTest#"test_alias.txt" = 1.13 s
[  393/26073] Prism::SnippetsTest#"test_seattlerb/block_args_opt3.txt" = 0.33 s
[  394/26073] Prism::SnippetsTest#"test_seattlerb/defs_endless_command.txt" = 0.17 s
[  395/26073] Prism::SnippetsTest#"test_whitequark/space_args_arg_newline.txt" = 0.12 s
[  396/26073] Prism::SnippetsTest#"test_seattlerb/iter_args_6.txt" = 0.20 s
[  397/26073] Prism::SnippetsTest#"test_constants.txt" = 7.01 s
[  398/26073] Prism::SnippetsTest#"test_seattlerb/safe_call_rhs_newline.txt" = 0.12 s
[  399/26073] Prism::SnippetsTest#"test_seattlerb/assoc__bare.txt" = 0.13 s
[  400/26073] Prism::SnippetsTest#"test_seattlerb/parse_pattern_044.txt" = 0.17 s
[  401/26073] Prism::SnippetsTest#"test_seattlerb/begin_rescue_else_ensure_bodies.txt" = 0.22 s
[  402/26073] Prism::SnippetsTest#"test_seattlerb/block_args_opt2_2.txt" = 0.29 s
[  403/26073] Prism::SnippetsTest#"test_seattlerb/str_pct_nested_nested.txt" = 0.20 s
[  404/26073] Prism::SnippetsTest#"test_seattlerb/mlhs_mid_anonsplat.txt" = 0.53 s
[  405/26073] Prism::SnippetsTest#"test_unparser/corpus/literal/lambda.txt" = 0.67 s
[  406/26073] Prism::SnippetsTest#"test_arithmetic.txt" = 1.07 s
[  407/26073] Prism::SnippetsTest#"test_if.txt" = 2.79 s
[  408/26073] Prism::SnippetsTest#"test_seattlerb/__ENCODING__.txt" = 0.06 s
[  409/26073] Prism::SnippetsTest#"test_whitequark/casgn_unscoped.txt" = 0.17 s
[  410/26073] Prism::SnippetsTest#"test_seattlerb/attr_asgn_colon_id.txt" = 0.10 s
[  411/26073] Prism::SnippetsTest#"test_whitequark/ivasgn.txt" = 0.08 s
[  412/26073] Prism::SnippetsTest#"test_seattlerb/symbols_empty.txt" = 0.06 s
[  413/26073] Prism::SnippetsTest#"test_seattlerb/parse_line_multiline_str.txt" = 0.08 s
[  414/26073] Prism::SnippetsTest#"test_seattlerb/call_leading_dots_comment.txt" = 0.12 s
[  415/26073] Prism::SnippetsTest#"test_seattlerb/bug_comma.txt" = 0.15 s
[  416/26073] Prism::SnippetsTest#"test_seattlerb/heredoc__backslash_dos_format.txt" = 0.09 s
[  417/26073] Prism::SnippetsTest#"test_whitequark/var_and_asgn.txt" = 0.16 s
[  418/26073] Prism::SnippetsTest#"test_seattlerb/difficult3__7.txt" = 0.20 s
[  419/26073] Prism::SnippetsTest#"test_whitequark/resbody_list.txt" = 0.17 s
[  420/26073] Prism::SnippetsTest#"test_seattlerb/parse_opt_call_args_lit_comma.txt" = 0.19 s
[  421/26073] Prism::SnippetsTest#"test_seattlerb/call_args_assoc_quoted.txt" = 0.53 s
[  422/26073] Prism::SnippetsTest#"test_whitequark/comments_before_leading_dot__27.txt" = 0.26 s
[  423/26073] Prism::SnippetsTest#"test_whitequark/endless_method_without_args.txt" = 0.55 s
[  424/26073] Prism::SnippetsTest#"test_whitequark/range_inclusive.txt" = 0.08 s
[  425/26073] Prism::SnippetsTest#"test_seattlerb/array_line_breaks.txt" = 0.23 s
[  426/26073] Prism::SnippetsTest#"test_whitequark/lvar.txt" = 0.07 s
[  427/26073] Prism::SnippetsTest#"test_seattlerb/array_lits_trailing_calls.txt" = 0.16 s
[  428/26073] Prism::SnippetsTest#"test_seattlerb/op_asgn_primary_colon_identifier_command_call.txt"
 = 0.23 s
[  429/26073] Prism::SnippetsTest#"test_whitequark/send_attr_asgn_conditional.txt" = 0.11 s
[  430/26073] Prism::SnippetsTest#"test_heredoc.txt" = 0.07 s
[  431/26073] Prism::SnippetsTest#"test_seattlerb/return_call_assocs.txt" = 1.16 s
[  432/26073] Prism::SnippetsTest#"test_seattlerb/heredoc_with_interpolation_and_carriage_return_esc
apes.txt" = 0.13 s
[  433/26073] Prism::SnippetsTest#"test_seattlerb/iter_kwarg_kwsplat.txt" = 0.30 s
[  434/26073] Prism::SnippetsTest#"test_seattlerb/call_assoc_new_if_multiline.txt" = 0.24 s
[  435/26073] Prism::SnippetsTest#"test_seattlerb/str_str.txt" = 0.26 s
[  436/26073] Prism::SnippetsTest#"test_seattlerb/case_in_47.txt" = 0.23 s
[  437/26073] Prism::SnippetsTest#"test_seattlerb/bug_args_masgn.txt" = 0.29 s
[  438/26073] Prism::SnippetsTest#"test_seattlerb/parse_line_heredoc_hardnewline.txt" = 0.14 s
[  439/26073] Prism::SnippetsTest#"test_whitequark/array_assocs.txt" = 0.22 s
[  440/26073] Prism::SnippetsTest#"test_seattlerb/stabby_arg_no_paren.txt" = 0.20 s
[  441/26073] Prism::SnippetsTest#"test_seattlerb/heredoc_comma_arg.txt" = 0.16 s
[  442/26073] Prism::SnippetsTest#"test_whitequark/module.txt" = 0.08 s
[  443/26073] Prism::SnippetsTest#"test_seattlerb/parse_line_dstr_soft_newline.txt" = 0.12 s
[  444/26073] Prism::SnippetsTest#"test_whitequark/cpath.txt" = 0.25 s
[  445/26073] Prism::SnippetsTest#"test_seattlerb/heredoc_with_only_carriage_returns_windows.txt" =
0.07 s
[  446/26073] Prism::SnippetsTest#"test_endless_range_in_conditional.txt" = 0.21 s
[  447/26073] Prism::SnippetsTest#"test_while.txt" = 2.39 s
[  448/26073] Prism::SnippetsTest#"test_whitequark/parser_bug_640.txt" = 0.11 s
[  449/26073] Prism::SnippetsTest#"test_seattlerb/bug190.txt" = 0.07 s
[  450/26073] Prism::SnippetsTest#"test_return.txt" = 1.15 s
[  451/26073] Prism::SnippetsTest#"test_seattlerb/difficult3__10.txt" = 0.29 s
[  452/26073] Prism::SnippetsTest#"test_seattlerb/block_arg_scope.txt" = 0.16 s
[  453/26073] Prism::SnippetsTest#"test_seattlerb/heredoc_squiggly.txt" = 0.23 s
[  454/26073] Prism::SnippetsTest#"test_blocks.txt" = 3.47 s
[  455/26073] Prism::SnippetsTest#"test_seattlerb/TestRubyParserShared.txt" = 1.88 s
[  456/26073] Prism::SnippetsTest#"test_unparser/corpus/literal/defined.txt" = 0.28 s
[  457/26073] Prism::SnippetsTest#"test_whitequark/args_assocs_comma.txt" = 0.17 s
[  458/26073] Prism::SnippetsTest#"test_seattlerb/qsymbols_empty.txt" = 0.06 s
[  459/26073] Prism::SnippetsTest#"test_seattlerb/bdot3.txt" = 0.14 s
[  460/26073] Prism::SnippetsTest#"test_seattlerb/safe_op_asgn2.txt" = 0.12 s
[  461/26073] Prism::SnippetsTest#"test_seattlerb/call_eq3.txt" = 0.10 s
[  462/26073] Prism::SnippetsTest#"test_whitequark/kwrestarg_named.txt" = 0.13 s
[  463/26073] Prism::SnippetsTest#"test_whitequark/op_asgn.txt" = 0.30 s
[  464/26073] Prism::SnippetsTest#"test_seattlerb/defs_comments.txt" = 0.13 s
[  465/26073] Prism::SnippetsTest#"test_seattlerb/str_single_escaped_newline.txt" = 0.13 s
[  466/26073] Prism::SnippetsTest#"test_seattlerb/lasgn_lasgn_command_call.txt" = 0.14 s
[  467/26073] Prism::SnippetsTest#"test_seattlerb/masgn_command_call.txt" = 0.16 s
[  468/26073] Prism::SnippetsTest#"test_whitequark/forwarded_kwrestarg.txt" = 0.20 s
[  469/26073] Prism::SnippetsTest#"test_unparser/corpus/literal/super.txt" = 0.93 s
[  470/26073] Prism::SnippetsTest#"test_unparser/corpus/semantic/undef.txt" = 0.14 s
[  471/26073] Prism::SnippetsTest#"test_whitequark/nil.txt" = 0.05 s
[  472/26073] Prism::SnippetsTest#"test_seattlerb/interpolated_symbol_array_line_breaks.txt" = 0.12
s
[  473/26073] Prism::SnippetsTest#"test_whitequark/return_block.txt" = 0.15 s
[  474/26073] Prism::SnippetsTest#"test_seattlerb/and_multi.txt" = 0.12 s
[  475/26073] Prism::SnippetsTest#"test_seattlerb/call_dot_parens.txt" = 0.08 s
[  476/26073] Prism::SnippetsTest#"test_numbers.txt" = 1.68 s
[  477/26073] Prism::SnippetsTest#"test_seattlerb/unary_minus.txt" = 0.09 s
[  478/26073] Prism::SnippetsTest#"test_seattlerb/block_command_operation_colon.txt" = 0.18 s
[  479/26073] Prism::SnippetsTest#"test_seattlerb/defns_reserved.txt" = 0.09 s
[  480/26073] Prism::SnippetsTest#"test_whitequark/hash_pair_value_omission.txt" = 0.43 s
[  481/26073] Prism::SnippetsTest#"test_seattlerb/when_splat.txt" = 0.15 s
[  482/26073] Prism::SnippetsTest#"test_seattlerb/bug_case_when_regexp.txt" = 0.13 s
[  483/26073] Prism::SnippetsTest#"test_whitequark/blockarg.txt" = 0.13 s
[  484/26073] Prism::SnippetsTest#"test_seattlerb/safe_call_after_newline.txt" = 0.10 s
[  485/26073] Prism::SnippetsTest#"test_whitequark/rescue_ensure.txt" = 0.22 s
[  486/26073] Prism::SnippetsTest#"test_seattlerb/lasgn_command.txt" = 0.14 s
[  487/26073] Prism::SnippetsTest#"test_modules.txt" = 0.87 s
[  488/26073] Prism::SnippetsTest#"test_seattlerb/heredoc_squiggly_tabs.txt" = 0.13 s
[  489/26073] Prism::SnippetsTest#"test_comments.txt" = 0.61 s
[  490/26073] Prism::SnippetsTest#"test_whitequark/ensure_empty.txt" = 0.08 s
[  491/26073] Prism::SnippetsTest#"test_seattlerb/flip2_env_lvar.txt" = 0.13 s
[  492/26073] Prism::SnippetsTest#"test_seattlerb/block_opt_splat.txt" = 0.19 s
[  493/26073] Prism::SnippetsTest#"test_seattlerb/block_args_kwargs.txt" = 0.17 s
[  494/26073] Prism::SnippetsTest#"test_unparser/corpus/literal/since/27.txt" = 0.22 s
[  495/26073] Prism::SnippetsTest#"test_whitequark/args_cmd.txt" = 0.14 s
[  496/26073] Prism::SnippetsTest#"test_seattlerb/parse_line_dot3_open.txt" = 0.14 s
[  497/26073] Prism::SnippetsTest#"test_whitequark/resbody_list_mrhs.txt" = 0.20 s
[  498/26073] Prism::SnippetsTest#"test_seattlerb/regexp.txt" = 0.30 s
[  499/26073] Prism::SnippetsTest#"test_whitequark/for_mlhs.txt" = 0.22 s
[  500/26073] Prism::SnippetsTest#"test_range_begin_open_exclusive.txt" = 0.07 s
[  501/26073] Prism::SnippetsTest#"test_seattlerb/difficult3_5.txt" = 0.18 s
[  502/26073] Prism::SnippetsTest#"test_whitequark/endless_method_forwarded_args_legacy.txt" = 0.18
s
[  503/26073] Prism::SnippetsTest#"test_whitequark/endless_method_command_syntax.txt" = 2.16 s
[  504/26073] Prism::SnippetsTest#"test_seattlerb/rescue_in_block.txt" = 0.26 s
[  505/26073] Prism::SnippetsTest#"test_seattlerb/parse_pattern_069.txt" = 0.21 s
[  506/26073] Prism::SnippetsTest#"test_seattlerb/call_arg_assoc_kwsplat.txt" = 0.27 s
[  507/26073] Prism::SnippetsTest#"test_whitequark/masgn_const.txt" = 0.24 s
[  508/26073] Prism::SnippetsTest#"test_unparser/corpus/literal/module.txt" = 0.59 s
[  509/26073] Prism::SnippetsTest#"test_unparser/corpus/literal/unary.txt" = 1.09 s
[  510/26073] Prism::SnippetsTest#"test_seattlerb/call_block_arg_named.txt" = 0.11 s
[  511/26073] Prism::SnippetsTest#"test_seattlerb/call_array_block_call.txt" = 0.24 s
[  512/26073] Prism::SnippetsTest#"test_whitequark/send_lambda.txt" = 0.24 s
[  513/26073] Prism::SnippetsTest#"test_seattlerb/masgn_colon2.txt" = 0.17 s
[  514/26073] Prism::SnippetsTest#"test_seattlerb/magic_encoding_comment.txt" = 0.21 s
[  515/26073] Prism::SnippetsTest#"test_whitequark/heredoc.txt" = 0.27 s
[  516/26073] Prism::SnippetsTest#"test_whitequark/not.txt" = 0.24 s
[  517/26073] Prism::SnippetsTest#"test_whitequark/send_plain.txt" = 0.35 s
[  518/26073] Prism::SnippetsTest#"test_whitequark/bug_480.txt" = 0.17 s
[  519/26073] Prism::SnippetsTest#"test_seattlerb/heredoc_with_extra_carriage_returns_windows.txt" =
 0.07 s
[  520/26073] Prism::SnippetsTest#"test_unparser/corpus/literal/singletons.txt" = 0.18 s
[  521/26073] Prism::SnippetsTest#"test_seattlerb/aref_args_lit_assocs.txt" = 0.12 s
[  522/26073] Prism::SnippetsTest#"test_seattlerb/masgn_paren.txt" = 0.16 s
[  523/26073] Prism::SnippetsTest#"test_seattlerb/args_kw_block.txt" = 0.24 s
[  524/26073] Prism::SnippetsTest#"test_seattlerb/stabby_proc_scope.txt" = 0.14 s
[  525/26073] Prism::SnippetsTest#"test_seattlerb/block_kwarg_lvar_multiple.txt" = 0.33 s
[  526/26073] Prism::SnippetsTest#"test_unparser/corpus/literal/alias.txt" = 0.14 s
[  527/26073] Prism::SnippetsTest#"test_seattlerb/heredoc_with_interpolation_and_carriage_return_esc
apes_windows.txt" = 0.13 s
[  528/26073] Prism::SnippetsTest#"test_seattlerb/iter_args_1.txt" = 0.26 s
[  529/26073] Prism::SnippetsTest#"test_seattlerb/call_star.txt" = 0.10 s
[  530/26073] Prism::SnippetsTest#"test_seattlerb/eq_begin_why_wont_people_use_their_spacebar.txt" =
 0.18 s
[  531/26073] Prism::SnippetsTest#"test_unparser/corpus/literal/variables.txt" = 0.37 s
[  532/26073] Prism::SnippetsTest#"test_whitequark/kwoptarg.txt" = 0.14 s
[  533/26073] Prism::SnippetsTest#"test_seattlerb/str_double_newline.txt" = 0.13 s
[  534/26073] Prism::SnippetsTest#"test_seattlerb/parse_line_heredoc_evstr.txt" = 0.28 s
[  535/26073] Prism::SnippetsTest#"test_seattlerb/block_reg_optarg.txt" = 0.19 s
[  536/26073] Prism::SnippetsTest#"test_seattlerb/masgn_var_star_var.txt" = 0.26 s
[  537/26073] Prism::SnippetsTest#"test_whitequark/string_interp.txt" = 0.16 s
[  538/26073] Prism::SnippetsTest#"test_whitequark/ternary_ambiguous_symbol.txt" = 0.22 s
[  539/26073] Prism::SnippetsTest#"test_seattlerb/lasgn_ivar_env.txt" = 0.19 s
[  540/26073] Prism::SnippetsTest#"test_whitequark/op_asgn_index.txt" = 0.15 s
[  541/26073] Prism::SnippetsTest#"test_seattlerb/call_arg_kwsplat.txt" = 0.14 s
[  542/26073] Prism::SnippetsTest#"test_seattlerb/block_call_operation_colon.txt" = 0.26 s
[  543/26073] Prism::SnippetsTest#"test_seattlerb/stabby_block_kw.txt" = 0.14 s
[  544/26073] Prism::SnippetsTest#"test_whitequark/or_asgn.txt" = 0.24 s
[  545/26073] Prism::SnippetsTest#"test_seattlerb/call_array_lambda_block_call.txt" = 0.16 s
[  546/26073] Prism::SnippetsTest#"test_seattlerb/defn_no_kwargs.txt" = 0.12 s
[  547/26073] Prism::SnippetsTest#"test_seattlerb/heredoc_with_not_global_interpolation.txt" = 0.07
s
[  548/26073] Prism::SnippetsTest#"test_seattlerb/case_in_31.txt" = 0.30 s
[  549/26073] Prism::SnippetsTest#"test_seattlerb/case_in_42_2.txt" = 0.19 s
[  550/26073] Prism::SnippetsTest#"test_whitequark/parser_bug_989.txt" = 0.07 s
[  551/26073] Prism::SnippetsTest#"test_seattlerb/case_in_hash_pat_rest_solo.txt" = 0.26 s
[  552/26073] Prism::SnippetsTest#"test_whitequark/cond_eflipflop_with_endless_range.txt" = 0.11 s
[  553/26073] Prism::SnippetsTest#"test_seattlerb/expr_not_bang.txt" = 0.12 s
[  554/26073] Prism::SnippetsTest#"test_whitequark/kwoptarg_with_kwrestarg_and_forwarded_args.txt" =
 0.31 s
[  555/26073] Prism::SnippetsTest#"test_whitequark/if_elsif.txt" = 0.32 s
[  556/26073] Prism::SnippetsTest#"test_unparser/corpus/semantic/def.txt" = 0.34 s
[  557/26073] Prism::SnippetsTest#"test_seattlerb/mlhs_front_splat.txt" = 0.26 s
[  558/26073] Prism::SnippetsTest#"test_seattlerb/parse_line_evstr_after_break.txt" = 0.16 s
[  559/26073] Prism::SnippetsTest#"test_whitequark/lvar_injecting_match.txt" = 0.17 s
[  560/26073] Prism::SnippetsTest#"test_seattlerb/heredoc_squiggly_tabs_extra.txt" = 0.21 s
[  561/26073] Prism::SnippetsTest#"test_seattlerb/if_symbol.txt" = 0.12 s
[  562/26073] Prism::SnippetsTest#"test_seattlerb/pct_Q_backslash_nl.txt" = 0.07 s
[  563/26073] Prism::SnippetsTest#"test_whitequark/newline_in_hash_argument.txt" = 0.82 s
[  564/26073] Prism::SnippetsTest#"test_seattlerb/op_asgn_index_command_call.txt" = 0.19 s
[  565/26073] Prism::SnippetsTest#"test_seattlerb/defn_arg_forward_args.txt" = 0.28 s
[  566/26073] Prism::SnippetsTest#"test_whitequark/resbody_var.txt" = 0.35 s
[  567/26073] Prism::SnippetsTest#"test_seattlerb/lasgn_call_nobracket_rescue_arg.txt" = 0.22 s
[  568/26073] Prism::SnippetsTest#"test_whitequark/args.txt" = 5.30 s
[  569/26073] Prism::SnippetsTest#"test_seattlerb/block_kw__required.txt" = 0.15 s
[  570/26073] Prism::SnippetsTest#"test_break.txt" = 1.99 s
[  571/26073] Prism::SnippetsTest#"test_seattlerb/ruby21_numbers.txt" = 0.12 s
[  572/26073] Prism::SnippetsTest#"test_seattlerb/bug_187.txt" = 0.20 s
[  573/26073] Prism::SnippetsTest#"test_whitequark/while_mod.txt" = 0.13 s
[  574/26073] Prism::SnippetsTest#"test_range_beginless.txt" = 0.45 s
[  575/26073] Prism::SnippetsTest#"test_whitequark/const_scoped.txt" = 0.07 s
[  576/26073] Prism::SnippetsTest#"test_whitequark/float.txt" = 0.10 s
[  577/26073] Prism::SnippetsTest#"test_seattlerb/qsymbols.txt" = 0.12 s
[  578/26073] Prism::SnippetsTest#"test_seattlerb/required_kwarg_no_value.txt" = 0.14 s
[  579/26073] Prism::SnippetsTest#"test_whitequark/parser_bug_490.txt" = 0.50 s
[  580/26073] Prism::SnippetsTest#"test_seattlerb/difficult6_.txt" = 0.25 s
[  581/26073] Prism::SnippetsTest#"test_whitequark/ensure.txt" = 0.16 s
[  582/26073] Prism::SnippetsTest#"test_seattlerb/bug_args_masgn2.txt" = 0.23 s
[  583/26073] Prism::SnippetsTest#"test_seattlerb/rescue_parens.txt" = 0.17 s
[  584/26073] Prism::SnippetsTest#"test_command_method_call.txt" = 2.90 s
[  585/26073] Prism::SnippetsTest#"test_whitequark/unless.txt" = 0.25 s
[  586/26073] Prism::SnippetsTest#"test_whitequark/def.txt" = 0.43 s
[  587/26073] Prism::SnippetsTest#"test_for.txt" = 0.93 s
[  588/26073] Prism::SnippetsTest#"test_whitequark/bug_466.txt" = 0.26 s
[  589/26073] Prism::SnippetsTest#"test_seattlerb/alias_gvar_backref.txt" = 0.08 s
[  590/26073] Prism::SnippetsTest#"test_seattlerb/lasgn_arg_rescue_arg.txt" = 0.11 s
[  591/26073] Prism::SnippetsTest#"test_unparser/corpus/literal/empty.txt" = 0.01 s
[  592/26073] Prism::SnippetsTest#"test_whitequark/ruby_bug_12402.txt" = 2.84 s
[  593/26073] Prism::SnippetsTest#"test_whitequark/bug_ascii_8bit_in_literal.txt" = 0.17 s
[  594/26073] Prism::SnippetsTest#"test_seattlerb/difficult3_2.txt" = 0.17 s
[  595/26073] Prism::SnippetsTest#"test_whitequark/regex_plain.txt" = 0.07 s
[  596/26073] Prism::SnippetsTest#"test_seattlerb/lasgn_middle_splat.txt" = 0.27 s
[  597/26073] Prism::SnippetsTest#"test_seattlerb/difficult1_line_numbers2.txt" = 0.30 s
[  598/26073] Prism::SnippetsTest#"test_whitequark/cvasgn.txt" = 0.08 s
[  599/26073] Prism::SnippetsTest#"test_seattlerb/case_in_multiple.txt" = 0.34 s
[  600/26073] Prism::SnippetsTest#"test_seattlerb/case_in_if_unless_post_mod.txt" = 0.39 s
[  601/26073] Prism::SnippetsTest#"test_seattlerb/aref_args_assocs.txt" = 0.11 s
[  602/26073] Prism::SnippetsTest#"test_seattlerb/heredoc_squiggly_interp.txt" = 0.21 s
[  603/26073] Prism::SnippetsTest#"test_seattlerb/str_evstr.txt" = 0.24 s
[  604/26073] Prism::SnippetsTest#"test_seattlerb/case_in_hash_pat_rest.txt" = 0.24 s
[  605/26073] Prism::SnippetsTest#"test_unparser/corpus/literal/flipflop.txt" = 0.99 s
[  606/26073] Prism::SnippetsTest#"test_whitequark/send_lambda_args.txt" = 0.33 s
[  607/26073] Prism::SnippetsTest#"test_seattlerb/defn_unary_not.txt" = 0.10 s
[  608/26073] Prism::SnippetsTest#"test_whitequark/bug_while_not_parens_do.txt" = 0.13 s
[  609/26073] Prism::SnippetsTest#"test_seattlerb/op_asgn_command_call.txt" = 0.22 s
[  610/26073] Prism::SnippetsTest#"test_seattlerb/dstr_evstr_empty_end.txt" = 0.12 s
[  611/26073] Prism::SnippetsTest#"test_seattlerb/case_in_const.txt" = 0.14 s
[  612/26073] Prism::SnippetsTest#"test_whitequark/hash_kwsplat.txt" = 0.23 s
[  613/26073] Prism::SnippetsTest#"test_seattlerb/block_arg_scope2.txt" = 0.17 s
[  614/26073] Prism::SnippetsTest#"test_seattlerb/iter_args_5.txt" = 0.16 s
[  615/26073] Prism::SnippetsTest#"test_whitequark/numparam_outside_block.txt" = 0.61 s
[  616/26073] Prism::SnippetsTest#"test_seattlerb/attrasgn_primary_dot_constant.txt" = 0.11 s
[  617/26073] Prism::SnippetsTest#"test_seattlerb/str_double_double_escaped_newline.txt" = 0.13 s
[  618/26073] Prism::SnippetsTest#"test_seattlerb/heredoc_squiggly_no_indent.txt" = 0.07 s
[  619/26073] Prism::SnippetsTest#"test_regex.txt" = 3.04 s
[  620/26073] Prism::SnippetsTest#"test_seattlerb/bang_eq.txt" = 0.10 s
[  621/26073] Prism::SnippetsTest#"test_whitequark/forwarded_argument_with_kwrestarg.txt" = 0.23 s
[  622/26073] Prism::SnippetsTest#"test_seattlerb/messy_op_asgn_lineno.txt" = 0.30 s
[  623/26073] Prism::SnippetsTest#"test_seattlerb/str_single_newline.txt" = 0.13 s
[  624/26073] Prism::SnippetsTest#"test_whitequark/bug_452.txt" = 0.22 s
[  625/26073] Prism::SnippetsTest#"test_whitequark/nth_ref.txt" = 0.06 s
[  626/26073] Prism::SnippetsTest#"test_whitequark/space_args_cmd.txt" = 0.17 s
[  627/26073] Prism::SnippetsTest#"test_seattlerb/bug_op_asgn_rescue.txt" = 0.12 s
[  628/26073] Prism::SnippetsTest#"test_seattlerb/parse_line_heredoc.txt" = 0.24 s
[  629/26073] Prism::SnippetsTest#"test_seattlerb/defn_oneliner_noargs.txt" = 0.12 s
[  630/26073] Prism::SnippetsTest#"test_seattlerb/symbols_empty_space.txt" = 0.06 s
[  631/26073] Prism::SnippetsTest#"test_whitequark/bug_447.txt" = 0.31 s
[  632/26073] Prism::SnippetsTest#"test_seattlerb/defs_oneliner_eq2.txt" = 0.21 s
[  633/26073] Prism::SnippetsTest#"test_seattlerb/pct_w_heredoc_interp_nested.txt" = 0.29 s
[  634/26073] Prism::SnippetsTest#"test_seattlerb/defn_powarg.txt" = 0.13 s
[  635/26073] Prism::SnippetsTest#"test_whitequark/const_toplevel.txt" = 0.07 s
[  636/26073] Prism::SnippetsTest#"test_whitequark/const_op_asgn.txt" = 0.59 s
[  637/26073] Prism::SnippetsTest#"test_range_begin_open_inclusive.txt" = 0.07 s
[  638/26073] Prism::SnippetsTest#"test_whitequark/until.txt" = 0.25 s
[  639/26073] Prism::SnippetsTest#"test_seattlerb/f_kw.txt" = 0.13 s
[  640/26073] Prism::SnippetsTest#"test_seattlerb/super_arg.txt" = 0.16 s
[  641/26073] Prism::SnippetsTest#"test_seattlerb/parse_line_hash_lit.txt" = 0.11 s
[  642/26073] Prism::SnippetsTest#"test_dos_endings.txt" = 0.50 s
[  643/26073] Prism::SnippetsTest#"test_seattlerb/call_assoc_trailing_comma.txt" = 0.13 s
[  644/26073] Prism::SnippetsTest#"test_seattlerb/difficult3_.txt" = 0.29 s
[  645/26073] Prism::SnippetsTest#"test_heredocs_nested.txt" = 0.44 s
[  646/26073] Prism::SnippetsTest#"test_seattlerb/parse_line_block_inline_multiline_comment.txt" = 0
.12 s
[  647/26073] Prism::SnippetsTest#"test_seattlerb/call_begin_call_block_call.txt" = 0.18 s
[  648/26073] Prism::SnippetsTest#"test_whitequark/parser_slash_slash_n_escaping_in_literals.txt" =
1.42 s
[  649/26073] Prism::SnippetsTest#"test_whitequark/method_definition_in_while_cond.txt" = 0.88 s
[  650/26073] Prism::SnippetsTest#"test_seattlerb/defn_splat_arg.txt" = 0.22 s
[  651/26073] Prism::SnippetsTest#"test_seattlerb/parse_line_preexe.txt" = 0.11 s
[  652/26073] Prism::SnippetsTest#"test_seattlerb/defs_as_arg_with_do_block_inside.txt" = 0.21 s
[  653/26073] Prism::SnippetsTest#"test_whitequark/bug_473.txt" = 0.14 s
[  654/26073] Prism::SnippetsTest#"test_whitequark/masgn.txt" = 0.50 s
[  655/26073] Prism::SnippetsTest#"test_seattlerb/block_opt_arg.txt" = 0.18 s
[  656/26073] Prism::SnippetsTest#"test_seattlerb/bug_hash_args.txt" = 0.24 s
[  657/26073] Prism::SnippetsTest#"test_patterns.txt" = 20.38 s
[  658/26073] Prism::SnippetsTest#"test_seattlerb/mlhs_rescue.txt" = 0.15 s
[  659/26073] Prism::SnippetsTest#"test_seattlerb/bug179.txt" = 0.12 s
[  660/26073] Prism::SnippetsTest#"test_whitequark/unary_num_pow_precedence.txt" = 0.42 s
[  661/26073] Prism::SnippetsTest#"test_whitequark/kwarg.txt" = 0.13 s
[  662/26073] Prism::SnippetsTest#"test_seattlerb/safe_attrasgn.txt" = 0.20 s
[  663/26073] Prism::SnippetsTest#"test_seattlerb/bug_and.txt" = 0.15 s
[  664/26073] Prism::SnippetsTest#"test_whitequark/arg.txt" = 0.34 s
[  665/26073] Prism::SnippetsTest#"test_rescue.txt" = 2.62 s
[  666/26073] Prism::SnippetsTest#"test_ranges.txt" = 2.94 s
[  667/26073] Prism::SnippetsTest#"test_whitequark/send_conditional.txt" = 0.09 s
[  668/26073] Prism::SnippetsTest#"test_seattlerb/regexp_unicode_curlies.txt" = 0.13 s
[  669/26073] Prism::SnippetsTest#"test_seattlerb/case_in_hash_pat_paren_assign.txt" = 0.22 s
[  670/26073] Prism::SnippetsTest#"test_super.txt" = 0.96 s
[  671/26073] Prism::SnippetsTest#"test_whitequark/range_exclusive.txt" = 0.08 s
[  672/26073] Prism::SnippetsTest#"test_whitequark/ruby_bug_13547.txt" = 0.12 s
[  673/26073] Prism::SnippetsTest#"test_whitequark/cond_iflipflop_with_endless_range.txt" = 0.19 s
[  674/26073] Prism::SnippetsTest#"test_seattlerb/block_return.txt" = 0.20 s
[  675/26073] Prism::SnippetsTest#"test_whitequark/bug_def_no_paren_eql_begin.txt" = 0.08 s
[  676/26073] Prism::SnippetsTest#"test_seattlerb/stabby_block_iter_call.txt" = 0.29 s
[  677/26073] Prism::SnippetsTest#"test_seattlerb/const_3_op_asgn_or.txt" = 0.09 s
[  678/26073] Prism::SnippetsTest#"test_seattlerb/difficult3__8.txt" = 0.29 s
[  679/26073] Prism::SnippetsTest#"test_seattlerb/call_star2.txt" = 0.10 s
[  680/26073] Prism::SnippetsTest#"test_seattlerb/iter_args_10_1.txt" = 0.20 s
[  681/26073] Prism::SnippetsTest#"test_whitequark/restarg_unnamed.txt" = 0.20 s
[  682/26073] Prism::SnippetsTest#"test_procs.txt" = 2.16 s
[  683/26073] Prism::SnippetsTest#"test_seattlerb/parse_line_block_inline_comment.txt" = 0.12 s
[  684/26073] Prism::SnippetsTest#"test_seattlerb/defs_oneliner.txt" = 0.20 s
[  685/26073] Prism::SnippetsTest#"test_seattlerb/interpolated_word_array_line_breaks.txt" = 0.20 s
[  686/26073] Prism::SnippetsTest#"test_whitequark/int___LINE__.txt" = 0.05 s
[  687/26073] Prism::SnippetsTest#"test_seattlerb/str_pct_Q_nested.txt" = 0.16 s
[  688/26073] Prism::SnippetsTest#"test_seattlerb/index_0.txt" = 0.13 s
[  689/26073] Prism::SnippetsTest#"test_seattlerb/qsymbols_empty_space.txt" = 0.14 s
[  690/26073] Prism::SnippetsTest#"test_unparser/corpus/literal/while.txt" = 2.86 s
[  691/26073] Prism::SnippetsTest#"test_seattlerb/parse_line_block.txt" = 0.13 s
[  692/26073] Prism::SnippetsTest#"test_seattlerb/defn_opt_splat_arg.txt" = 0.18 s
[  693/26073] Prism::SnippetsTest#"test_whitequark/parser_drops_truncated_parts_of_squiggly_heredoc.
txt" = 0.10 s
[  694/26073] Prism::SnippetsTest#"test_endless_methods.txt" = 0.42 s
[  695/26073] Prism::SnippetsTest#"test_seattlerb/call_bang_squiggle.txt" = 0.10 s
[  696/26073] Prism::SnippetsTest#"test_whitequark/rescue_mod.txt" = 0.11 s
[  697/26073] Prism::SnippetsTest#"test_seattlerb/parse_line_call_ivar_line_break_paren.txt" = 0.09
s
[  698/26073] Prism::SnippetsTest#"test_seattlerb/read_escape_unicode_curlies.txt" = 0.07 s
[  699/26073] Prism::SnippetsTest#"test_seattlerb/iter_args_8_2.txt" = 0.22 s
[  700/26073] Prism::SnippetsTest#"test_seattlerb/block_opt_splat_arg_block_omfg.txt" = 0.22 s
[  701/26073] Prism::SnippetsTest#"test_whitequark/send_unary_op.txt" = 0.26 s
[  702/26073] Prism::SnippetsTest#"test_seattlerb/difficult0_.txt" = 0.25 s
[  703/26073] Prism::SnippetsTest#"test_seattlerb/case_in_array_pat_const.txt" = 0.19 s
[  704/26073] Prism::SnippetsTest#"test_whitequark/rescue_mod_op_assign.txt" = 0.13 s
[  705/26073] Prism::SnippetsTest#"test_seattlerb/defn_opt_last_arg.txt" = 0.13 s
[  706/26073] Prism::SnippetsTest#"test_whitequark/pattern_matching__FILE__LINE_literals.txt" = 0.23
 s
[  707/26073] Prism::SnippetsTest#"test_seattlerb/call_lt.txt" = 0.10 s
[  708/26073] Prism::SnippetsTest#"test_whitequark/pattern_matching_blank_else.txt" = 0.14 s
[  709/26073] Prism::SnippetsTest#"test_seattlerb/slashy_newlines_within_string.txt" = 0.22 s
[  710/26073] Prism::SnippetsTest#"test_seattlerb/block_kw.txt" = 0.16 s
[  711/26073] Prism::SnippetsTest#"test_seattlerb/defn_oneliner_rescue.txt" = 0.58 s
[  712/26073] Prism::SnippetsTest#"test_unparser/corpus/semantic/kwbegin.txt" = 1.11 s
[  713/26073] Prism::SnippetsTest#"test_unparser/corpus/literal/since/31.txt" = 0.36 s
[  714/26073] Prism::SnippetsTest#"test_whitequark/preexe.txt" = 0.09 s
[  715/26073] Prism::SnippetsTest#"test_seattlerb/block_arg_optional.txt" = 0.16 s
[  716/26073] Prism::SnippetsTest#"test_whitequark/ruby_bug_11873_a.txt" = 4.52 s
[  717/26073] Prism::SnippetsTest#"test_whitequark/cond_eflipflop.txt" = 0.28 s
[  718/26073] Prism::SnippetsTest#"test_seattlerb/do_bug.txt" = 0.22 s
[  719/26073] Prism::SnippetsTest#"test_seattlerb/parse_line_block_inline_comment_leading_newlines.t
xt" = 0.12 s
[  720/26073] Prism::SnippetsTest#"test_seattlerb/parse_pattern_058_2.txt" = 0.38 s
[  721/26073] Prism::SnippetsTest#"test_seattlerb/block_arg__bare.txt" = 0.21 s
[  722/26073] Prism::SnippetsTest#"test_regex_escape_encoding.txt" = 0.17 s
[  723/26073] Prism::SnippetsTest#"test_whitequark/false.txt" = 0.05 s
[  724/26073] Prism::SnippetsTest#"test_seattlerb/parse_opt_call_args_assocs_comma.txt" = 0.14 s
[  725/26073] Prism::SnippetsTest#"test_seattlerb/block_call_dot_op2_brace_block.txt" = 0.33 s
[  726/26073] Prism::SnippetsTest#"test_embdoc_no_newline_at_end.txt" = 0.04 s
[  727/26073] Prism::SnippetsTest#"test_seattlerb/call_args_assoc_trailing_comma.txt" = 0.23 s
[  728/26073] Prism::SnippetsTest#"test_seattlerb/difficult4__leading_dots2.txt" = 0.09 s
[  729/26073] Prism::SnippetsTest#"test_whitequark/op_asgn_cmd.txt" = 0.68 s
[  730/26073] Prism::SnippetsTest#"test_seattlerb/case_in_hash_pat.txt" = 0.39 s
[  731/26073] Prism::SnippetsTest#"test_unescaping.txt" = 0.26 s
[  732/26073] Prism::SnippetsTest#"test_seattlerb/case_in_67.txt" = 0.16 s
[  733/26073] Prism::SnippetsTest#"test_seattlerb/block_args_opt2.txt" = 0.20 s
[  734/26073] Prism::SnippetsTest#"test_seattlerb/bug_call_arglist_parens.txt" = 0.51 s
[  735/26073] Prism::SnippetsTest#"test_single_quote_heredocs.txt" = 0.16 s
[  736/26073] Prism::SnippetsTest#"test_seattlerb/lambda_do_vs_brace.txt" = 0.42 s
[  737/26073] Prism::SnippetsTest#"test_whitequark/bug_heredoc_do.txt" = 0.12 s
[  738/26073] Prism::SnippetsTest#"test_whitequark/args_block_pass.txt" = 0.11 s
[  739/26073] Prism::SnippetsTest#"test_whitequark/asgn_cmd.txt" = 0.33 s
[  740/26073] Prism::SnippetsTest#"test_whitequark/case_cond.txt" = 0.15 s
[  741/26073] Prism::SnippetsTest#"test_whitequark/alias.txt" = 0.10 s
[  742/26073] Prism::SnippetsTest#"test_whitequark/array_symbols_interp.txt" = 0.38 s
[  743/26073] Prism::SnippetsTest#"test_whitequark/ruby_bug_9669.txt" = 0.27 s
[  744/26073] Prism::SnippetsTest#"test_seattlerb/heredoc_with_extra_carriage_returns.txt" = 0.16 s
[  745/26073] Prism::SnippetsTest#"test_seattlerb/difficult6__8.txt" = 0.20 s
[  746/26073] Prism::SnippetsTest#"test_seattlerb/case_in_hash_pat_paren_true.txt" = 0.29 s
[  747/26073] Prism::SnippetsTest#"test_seattlerb/iter_args_7_1.txt" = 0.18 s
[  748/26073] Prism::SnippetsTest#"test_whitequark/ruby_bug_12073.txt" = 0.47 s
[  749/26073] Prism::SnippetsTest#"test_single_method_call_with_bang.txt" = 0.07 s
[  750/26073] Prism::SnippetsTest#"test_whitequark/send_binary_op.txt" = 2.74 s
[  751/26073] Prism::SnippetsTest#"test_seattlerb/op_asgn_dot_ident_command_call.txt" = 0.13 s
[  752/26073] Prism::SnippetsTest#"test_whitequark/cond_begin_masgn.txt" = 0.21 s
[  753/26073] Prism::SnippetsTest#"test_whitequark/pattern_matching_single_line.txt" = 0.32 s
[  754/26073] Prism::SnippetsTest#"test_seattlerb/case_in_find_array.txt" = 0.20 s
[  755/26073] Prism::SnippetsTest#"test_seattlerb/regexp_esc_u.txt" = 0.07 s
[  756/26073] Prism::SnippetsTest#"test_seattlerb/const_op_asgn_and2.txt" = 0.09 s
[  757/26073] Prism::SnippetsTest#"test_whitequark/pattern_matching_else.txt" = 0.17 s
[  758/26073] Prism::SnippetsTest#"test_whitequark/array_splat.txt" = 0.40 s
[  759/26073] Prism::SnippetsTest#"test_whitequark/begin_cmdarg.txt" = 0.19 s
[  760/26073] Prism::SnippetsTest#"test_seattlerb/masgn_arg_ident.txt" = 0.23 s
[  761/26073] Prism::SnippetsTest#"test_seattlerb/call_kwsplat.txt" = 0.12 s
[  762/26073] Prism::SnippetsTest#"test_seattlerb/str_single_double_escaped_newline.txt" = 0.13 s
[  763/26073] Prism::SnippetsTest#"test_whitequark/rational.txt" = 0.11 s
[  764/26073] Prism::SnippetsTest#"test_seattlerb/defs_endless_command_rescue.txt" = 0.19 s
[  765/26073] Prism::SnippetsTest#"test_seattlerb/call_stabby_with_braces_block.txt" = 0.17 s
[  766/26073] Prism::SnippetsTest#"test_seattlerb/call_leading_dots.txt" = 0.20 s
[  767/26073] Prism::SnippetsTest#"test_hashes.txt" = 1.76 s
[  768/26073] Prism::SnippetsTest#"test_seattlerb/if_elsif.txt" = 0.11 s
[  769/26073] Prism::SnippetsTest#"test_yield.txt" = 0.58 s
[  770/26073] Prism::SnippetsTest#"test_whitequark/space_args_arg.txt" = 0.20 s
[  771/26073] Prism::SnippetsTest#"test_heredoc_with_comment.txt" = 0.09 s
[  772/26073] Prism::SnippetsTest#"test_unparser/corpus/literal/pragma.txt" = 0.10 s
[  773/26073] Prism::SnippetsTest#"test_seattlerb/parse_line_return.txt" = 0.18 s
[  774/26073] Prism::SnippetsTest#"test_whitequark/forwarded_kwrestarg_with_additional_kwarg.txt" =
0.24 s
[  775/26073] Prism::SnippetsTest#"test_seattlerb/lasgn_env.txt" = 0.08 s
[  776/26073] Prism::SnippetsTest#"test_whitequark/send_lambda_args_noparen.txt" = 0.33 s
[  777/26073] Prism::SnippetsTest#"test_seattlerb/defn_kwarg_no_parens.txt" = 0.13 s
[  778/26073] Prism::SnippetsTest#"test_whitequark/masgn_attr.txt" = 0.50 s
[  779/26073] Prism::SnippetsTest#"test_whitequark/not_cmd.txt" = 0.13 s
[  780/26073] Prism::SnippetsTest#"test_seattlerb/dsym_esc_to_sym.txt" = 0.15 s
[  781/26073] Prism::SnippetsTest#"test_whitequark/ruby_bug_11989.txt" = 0.10 s
[  782/26073] Prism::SnippetsTest#"test_whitequark/asgn_mrhs.txt" = 0.45 s
[  783/26073] Prism::SnippetsTest#"test_seattlerb/parse_line_dot3.txt" = 0.18 s
[  784/26073] Prism::SnippetsTest#"test_unparser/corpus/semantic/literal.txt" = 0.52 s
[  785/26073] Prism::SnippetsTest#"test_whitequark/var_op_asgn_cmd.txt" = 0.12 s
[  786/26073] Prism::SnippetsTest#"test_undef.txt" = 0.93 s
[  787/26073] Prism::SnippetsTest#"test_whitequark/rescue_else_ensure.txt" = 0.27 s
[  788/26073] Prism::SnippetsTest#"test_seattlerb/masgn_lhs_splat.txt" = 0.15 s
[  789/26073] Prism::SnippetsTest#"test_whitequark/bug_do_block_in_hash_brace.txt" = 1.35 s
[  790/26073] Prism::SnippetsTest#"test_seattlerb/regexp_escape_extended.txt" = 0.07 s
[  791/26073] Prism::SnippetsTest#"test_seattlerb/mlhs_back_anonsplat.txt" = 0.16 s
[  792/26073] Prism::SnippetsTest#"test_seattlerb/bug_masgn_right.txt" = 0.20 s
[  793/26073] Prism::SnippetsTest#"test_seattlerb/bug202.txt" = 0.12 s
[  794/26073] Prism::SnippetsTest#"test_seattlerb/defn_kwarg_kwsplat.txt" = 0.16 s
[  795/26073] Prism::SnippetsTest#"test_whitequark/anonymous_blockarg.txt" = 0.18 s
[  796/26073] Prism::SnippetsTest#"test_seattlerb/str_str_str.txt" = 0.16 s
[  797/26073] Prism::SnippetsTest#"test_whitequark/while_post.txt" = 0.16 s
[  798/26073] Prism::SnippetsTest#"test_whitequark/case_cond_else.txt" = 0.20 s
[  799/26073] Prism::SnippetsTest#"test_booleans.txt" = 0.10 s
[  800/26073] Prism::SnippetsTest#"test_whitequark/array_symbols_empty.txt" = 0.11 s
[  801/26073] Prism::SnippetsTest#"test_seattlerb/block_args_no_kwargs.txt" = 0.15 s
[  802/26073] Prism::SnippetsTest#"test_seattlerb/heredoc_squiggly_blank_line_plus_interpolation.txt
" = 0.25 s
[  803/26073] Prism::SnippetsTest#"test_keyword_method_names.txt" = 0.89 s
[  804/26073] Prism::SnippetsTest#"test_seattlerb/difficult4__leading_dots.txt" = 0.09 s
[  805/26073] Prism::SnippetsTest#"test_seattlerb/parse_line_postexe.txt" = 0.11 s
[  806/26073] Prism::SnippetsTest#"test_seattlerb/symbol_list.txt" = 0.20 s
[  807/26073] Prism::SnippetsTest#"test_whitequark/parser_bug_830.txt" = 0.07 s
[  808/26073] Prism::SnippetsTest#"test_seattlerb/mlhs_mid_splat.txt" = 0.23 s
[  809/26073] Prism::SnippetsTest#"test_unparser/corpus/semantic/while.txt" = 1.15 s
[  810/26073] Prism::SnippetsTest#"test_seattlerb/safe_attrasgn_constant.txt" = 0.11 s
[  811/26073] Prism::SnippetsTest#"test_whitequark/cond_iflipflop_with_beginless_range.txt" = 0.11 s
[  812/26073] Prism::SnippetsTest#"test_seattlerb/safe_call_dot_parens.txt" = 0.10 s
[  813/26073] Prism::SnippetsTest#"test_seattlerb/heredoc_with_carriage_return_escapes.txt" = 0.07 s
[  814/26073] Prism::SnippetsTest#"test_seattlerb/iter_args_2__19.txt" = 0.18 s
[  815/26073] Prism::SnippetsTest#"test_whitequark/symbol_interp.txt" = 0.16 s
[  816/26073] Prism::SnippetsTest#"test_whitequark/cond_iflipflop.txt" = 0.28 s
[  817/26073] Prism::SnippetsTest#"test_whitequark/or.txt" = 0.20 s
[  818/26073] Prism::SnippetsTest#"test_seattlerb/bug236.txt" = 0.28 s
[  819/26073] Prism::SnippetsTest#"test_whitequark/xstring_interp.txt" = 0.16 s
[  820/26073] Prism::SnippetsTest#"test_whitequark/const_unscoped.txt" = 0.06 s
[  821/26073] Prism::SnippetsTest#"test_seattlerb/heredoc_bad_hex_escape.txt" = 0.09 s
[  822/26073] Prism::SnippetsTest#"test_whitequark/ruby_bug_11990.txt" = 0.14 s
[  823/26073] Prism::SnippetsTest#"test_seattlerb/defn_endless_command.txt" = 0.14 s
[  824/26073] Prism::SnippetsTest#"test_seattlerb/symbol_empty.txt" = 0.07 s
[  825/26073] Prism::SnippetsTest#"test_unparser/corpus/literal/def.txt" = 5.67 s
[  826/26073] Prism::SnippetsTest#"test_whitequark/forward_arg.txt" = 0.17 s
[  827/26073] Prism::SnippetsTest#"test_seattlerb/str_evstr_escape.txt" = 0.16 s
[  828/26073] Prism::SnippetsTest#"test_seattlerb/block_arg_opt_splat_arg_block_omfg.txt" = 0.32 s
[  829/26073] Prism::SnippetsTest#"test_seattlerb/class_comments.txt" = 0.17 s
[  830/26073] Prism::SnippetsTest#"test_whitequark/gvar.txt" = 0.06 s
[  831/26073] Prism::SnippetsTest#"test_whitequark/array_plain.txt" = 0.19 s
[  832/26073] Prism::SnippetsTest#"test_seattlerb/call_array_arg.txt" = 0.15 s
[  833/26073] Prism::SnippetsTest#"test_unparser/corpus/semantic/opasgn.txt" = 0.39 s
[  834/26073] Prism::SnippetsTest#"test_seattlerb/defn_args_forward_args.txt" = 0.26 s
[  835/26073] Prism::SnippetsTest#"test_begin_rescue.txt" = 3.38 s
[  836/26073] Prism::SnippetsTest#"test_whitequark/return.txt" = 0.42 s
[  837/26073] Prism::SnippetsTest#"test_seattlerb/attrasgn_array_arg.txt" = 0.26 s
[  838/26073] Prism::SnippetsTest#"test_seattlerb/backticks_interpolation_line.txt" = 0.15 s
[  839/26073] Prism::SnippetsTest#"test_seattlerb/call_carat.txt" = 0.10 s
[  840/26073] Prism::SnippetsTest#"test_whitequark/var_op_asgn.txt" = 0.45 s
[  841/26073] Prism::SnippetsTest#"test_heredoc_with_escaped_newline_at_start.txt" = 0.27 s
[  842/26073] Prism::SnippetsTest#"test_seattlerb/difficult3_4.txt" = 0.17 s
[  843/26073] Prism::SnippetsTest#"test_seattlerb/parse_line_trailing_newlines.txt" = 0.09 s
[  844/26073] Prism::SnippetsTest#"test_seattlerb/block_call_operation_dot.txt" = 0.29 s
[  845/26073] Prism::SnippetsTest#"test_whitequark/forward_args_legacy.txt" = 0.55 s
[  846/26073] Prism::SnippetsTest#"test_whitequark/parser_bug_525.txt" = 0.23 s
[  847/26073] Prism::SnippetsTest#"test_seattlerb/call_trailing_dots.txt" = 0.12 s
[  848/26073] Prism::SnippetsTest#"test_seattlerb/masgn_star.txt" = 0.18 s
[  849/26073] Prism::SnippetsTest#"test_whitequark/lbrace_arg_after_command_args.txt" = 0.21 s
[  850/26073] Prism::SnippetsTest#"test_seattlerb/parse_until_not_canonical.txt" = 0.18 s
[  851/26073] Prism::SnippetsTest#"test_whitequark/string_plain.txt" = 0.21 s
[  852/26073] Prism::SnippetsTest#"test_whitequark/if_else.txt" = 0.36 s
[  853/26073] Prism::SnippetsTest#"test_indented_file_end.txt" = 0.08 s
[  854/26073] Prism::SnippetsTest#"test_whitequark/restarg_named.txt" = 0.13 s
[  855/26073] Prism::SnippetsTest#"test_whitequark/blockargs.txt" = 6.47 s
[  856/26073] Prism::SnippetsTest#"test_whitequark/when_splat.txt" = 0.34 s
[  857/26073] Prism::SnippetsTest#"test_seattlerb/iter_args_11_2.txt" = 0.23 s
[  858/26073] Prism::SnippetsTest#"test_seattlerb/str_pct_q.txt" = 0.07 s
[  859/26073] Prism::SnippetsTest#"test_seattlerb/iter_args_3.txt" = 0.21 s
[  860/26073] Prism::SnippetsTest#"test_seattlerb/parse_pattern_019.txt" = 0.15 s
[  861/26073] Prism::SnippetsTest#"test_whitequark/endless_method.txt" = 0.78 s
[  862/26073] Prism::SnippetsTest#"test_whitequark/ruby_bug_11873.txt" = 2.74 s
[  863/26073] Prism::SnippetsTest#"test_seattlerb/mlhs_back_splat.txt" = 0.17 s
[  864/26073] Prism::SnippetsTest#"test_seattlerb/iter_args_9_1.txt" = 0.18 s
[  865/26073] Prism::SnippetsTest#"test_whitequark/procarg0.txt" = 0.28 s
[  866/26073] Prism::SnippetsTest#"test_tilde_heredocs.txt" = 2.17 s
[  867/26073] Prism::SnippetsTest#"test_whitequark/string___FILE__.txt" = 0.05 s
[  868/26073] Prism::SnippetsTest#"test_seattlerb/block_scope.txt" = 0.12 s
[  869/26073] Prism::SnippetsTest#"test_seattlerb/call_gt.txt" = 0.10 s
[  870/26073] Prism::SnippetsTest#"test_whitequark/bug_rescue_empty_else.txt" = 0.12 s
[  871/26073] Prism::SnippetsTest#"test_seattlerb/parse_line_to_ary.txt" = 0.15 s
[  872/26073] Prism::SnippetsTest#"test_seattlerb/defn_comments.txt" = 0.11 s
[  873/26073] Prism::SnippetsTest#"test_whitequark/if_mod.txt" = 0.13 s
[  874/26073] Prism::SnippetsTest#"test_seattlerb/heredoc_bad_oct_escape.txt" = 0.09 s
[  875/26073] Prism::SnippetsTest#"test_seattlerb/const_op_asgn_or.txt" = 0.10 s
[  876/26073] Prism::SnippetsTest#"test_seattlerb/parse_line_dstr_escaped_newline.txt" = 0.12 s
[  877/26073] Prism::SnippetsTest#"test_whitequark/ruby_bug_10653.txt" = 0.68 s
[  878/26073] Prism::SnippetsTest#"test_seattlerb/lasgn_call_bracket_rescue_arg.txt" = 0.15 s
[  879/26073] Prism::SnippetsTest#"test_whitequark/beginless_erange_after_newline.txt" = 0.10 s
[  880/26073] Prism::SnippetsTest#"test_seattlerb/parse_line_iter_call_no_parens.txt" = 0.26 s
[  881/26073] Prism::SnippetsTest#"test_whitequark/super_block.txt" = 0.21 s
[  882/26073] Prism::SnippetsTest#"test_whitequark/masgn_splat.txt" = 1.31 s
[  883/26073] Prism::SnippetsTest#"test_classes.txt" = 1.74 s
[  884/26073] Prism::SnippetsTest#"test_whitequark/bug_regex_verification.txt" = 0.07 s
[  885/26073] Prism::SnippetsTest#"test_emoji_method_calls.txt" = 0.12 s
[  886/26073] Prism::SnippetsTest#"test_whitequark/parser_bug_645.txt" = 0.15 s
[  887/26073] Prism::SnippetsTest#"test_seattlerb/bdot2.txt" = 0.14 s
[  888/26073] Prism::SnippetsTest#"test_seattlerb/difficult3__11.txt" = 0.18 s
[  889/26073] Prism::SnippetsTest#"test_seattlerb/case_in_42.txt" = 0.20 s
[  890/26073] Prism::SnippetsTest#"test_regex_char_width.txt" = 0.22 s
[  891/26073] Prism::SnippetsTest#"test_whitequark/endless_comparison_method.txt" = 1.20 s
[  892/26073] Prism::SnippetsTest#"test_variables.txt" = 2.77 s
[  893/26073] Prism::SnippetsTest#"test_whitequark/space_args_arg_call.txt" = 0.25 s
[  894/26073] Prism::SnippetsTest#"test_seattlerb/label_vs_string.txt" = 0.13 s
[  895/26073] Prism::SnippetsTest#"test_whitequark/gvasgn.txt" = 0.07 s
[  896/26073] Prism::SnippetsTest#"test_seattlerb/call_bang_command_call.txt" = 0.14 s
[  897/26073] Prism::SnippetsTest#"test_seattlerb/words_interp.txt" = 0.14 s
[  898/26073] Prism::SnippetsTest#"test_whitequark/ternary.txt" = 0.15 s
[  899/26073] Prism::SnippetsTest#"test_seattlerb/parse_line_defn_no_parens_args.txt" = 0.12 s
[  900/26073] Prism::SnippetsTest#"test_seattlerb/case_in_37.txt" = 0.25 s
[  901/26073] Prism::SnippetsTest#"test_seattlerb/const_2_op_asgn_or2.txt" = 0.11 s
[  902/26073] Prism::SnippetsTest#"test_unparser/corpus/literal/rescue.txt" = 0.43 s
[  903/26073] Prism::SnippetsTest#"test_seattlerb/defn_reg_opt_reg.txt" = 0.26 s
[  904/26073] Prism::SnippetsTest#"test_seattlerb/bug191.txt" = 0.34 s
[  905/26073] Prism::SnippetsTest#"test_seattlerb/assoc_label.txt" = 0.23 s
[  906/26073] Prism::SnippetsTest#"test_seattlerb/parse_pattern_058.txt" = 0.31 s
[  907/26073] Prism::SnippetsTest#"test_seattlerb/symbols_interp.txt" = 0.21 s
[  908/26073] Prism::SnippetsTest#"test_whitequark/self.txt" = 0.05 s
[  909/26073] Prism::SnippetsTest#"test_seattlerb/block_paren_splat.txt" = 0.20 s
[  910/26073] Prism::SnippetsTest#"test_seattlerb/call_and.txt" = 0.10 s
[  911/26073] Prism::SnippetsTest#"test_whitequark/case_expr_else.txt" = 0.23 s
[  912/26073] Prism::SnippetsTest#"test_whitequark/kwnilarg.txt" = 0.46 s
[  913/26073] Prism::SnippetsTest#"test_whitequark/while.txt" = 0.25 s
[  914/26073] Prism::SnippetsTest#"test_seattlerb/call_arg_assoc.txt" = 0.24 s
[  915/26073] Prism::SnippetsTest#"test_seattlerb/heredoc_squiggly_visually_blank_lines.txt" = 0.15
s
[  916/26073] Prism::SnippetsTest#"test_seattlerb/call_colon2.txt" = 0.08 s
[  917/26073] Prism::SnippetsTest#"test_method_calls.txt" = 11.82 s
[  918/26073] Prism::SnippetsTest#"test_seattlerb/heredoc_with_only_carriage_returns.txt" = 0.07 s
[  919/26073] Prism::SnippetsTest#"test_seattlerb/defn_opt_reg.txt" = 0.16 s
[  920/26073] Prism::SnippetsTest#"test_whitequark/postexe.txt" = 0.09 s
[  921/26073] Prism::SnippetsTest#"test_whitequark/and_or_masgn.txt" = 0.46 s
[  922/26073] Prism::SnippetsTest#"test_whitequark/send_self_block.txt" = 0.43 s
[  923/26073] Prism::SnippetsTest#"test_whitequark/hash_label_end.txt" = 0.45 s
[  924/26073] Prism::SnippetsTest#"test_keywords.txt" = 0.39 s
[  925/26073] Prism::SnippetsTest#"test_whitequark/array_words_empty.txt" = 0.11 s
[  926/26073] Prism::SnippetsTest#"test_seattlerb/safe_op_asgn.txt" = 0.14 s
[  927/26073] Prism::SnippetsTest#"test_whitequark/args_args_comma.txt" = 0.13 s
[  928/26073] Prism::SnippetsTest#"test_seattlerb/heredoc_nested.txt" = 0.19 s
[  929/26073] Prism::SnippetsTest#"test_seattlerb/parse_line_iter_call_parens.txt" = 0.27 s
[  930/26073] Prism::SnippetsTest#"test_seattlerb/symbols.txt" = 0.12 s
[  931/26073] Prism::SnippetsTest#"test_seattlerb/difficult3__6.txt" = 0.23 s
[  932/26073] Prism::SnippetsTest#"test_seattlerb/quoted_symbol_hash_arg.txt" = 0.14 s
[  933/26073] Prism::SnippetsTest#"test_seattlerb/bug_hash_args_trailing_comma.txt" = 0.16 s
[  934/26073] Prism::SnippetsTest#"test_seattlerb/stabby_block_kw__required.txt" = 0.13 s
[  935/26073] Prism::SnippetsTest#"test_range_end_open_inclusive.txt" = 0.07 s
[  936/26073] Prism::SnippetsTest#"test_seattlerb/heredoc_squiggly_blank_lines.txt" = 0.15 s
[  937/26073] Prism::SnippetsTest#"test_whitequark/kwrestarg_unnamed.txt" = 0.12 s
[  938/26073] Prism::SnippetsTest#"test_whitequark/parser_bug_604.txt" = 0.18 s
[  939/26073] Prism::SnippetsTest#"test_defined.txt" = 0.47 s
[  940/26073] Prism::SnippetsTest#"test_whitequark/masgn_cmd.txt" = 0.15 s
[  941/26073] Prism::SnippetsTest#"test_whitequark/__ENCODING___legacy_.txt" = 0.06 s
[  942/26073] Prism::SnippetsTest#"test_whitequark/ruby_bug_12669.txt" = 0.59 s
[  943/26073] Prism::SnippetsTest#"test_whitequark/back_ref.txt" = 0.05 s
[  944/26073] Prism::SnippetsTest#"test_seattlerb/begin_rescue_ensure_no_bodies.txt" = 0.11 s
[  945/26073] Prism::SnippetsTest#"test_seattlerb/rescue_do_end_raised.txt" = 0.20 s
[  946/26073] Prism::SnippetsTest#"test_heredocs_leading_whitespace.txt" = 0.44 s
[  947/26073] Prism::SnippetsTest#"test_whitequark/send_index_asgn_legacy.txt" = 0.14 s
[  948/26073] Prism::SnippetsTest#"test_whitequark/forward_arg_with_open_args.txt" = 1.71 s
[  949/26073] Prism::SnippetsTest#"test_whitequark/unless_mod.txt" = 0.13 s
[  950/26073] Prism::SnippetsTest#"test_seattlerb/case_in_or.txt" = 0.17 s
[  951/26073] Prism::SnippetsTest#"test_seattlerb/safe_call.txt" = 0.09 s
[  952/26073] Prism::SnippetsTest#"test_whitequark/send_plain_cmd.txt" = 0.36 s
[  953/26073] Prism::SnippetsTest#"test_seattlerb/masgn_splat_arg_arg.txt" = 0.16 s
[  954/26073] Prism::SnippetsTest#"test_seattlerb/op_asgn_primary_colon_const_command_call.txt" = 0.
15 s
[  955/26073] Prism::SnippetsTest#"test_seattlerb/qw_escape.txt" = 0.07 s
[  956/26073] Prism::SnippetsTest#"test_whitequark/true.txt" = 0.06 s
[  957/26073] Prism::SnippetsTest#"test_seattlerb/iter_args_4.txt" = 0.18 s
[  958/26073] Prism::SnippetsTest#"test_seattlerb/str_newline_hash_line_number.txt" = 0.08 s
[  959/26073] Prism::SnippetsTest#"test_seattlerb/call_array_lit_inline_hash.txt" = 0.18 s
[  960/26073] Prism::SnippetsTest#"test_whitequark/rescue_mod_masgn.txt" = 0.18 s
[  961/26073] Prism::SnippetsTest#"test_seattlerb/unary_plus_on_literal.txt" = 0.09 s
[  962/26073] Prism::SnippetsTest#"test_whitequark/symbol_plain.txt" = 0.13 s
[  963/26073] Prism::SnippetsTest#"test_whitequark/keyword_argument_omission.txt" = 0.23 s
[  964/26073] Prism::SnippetsTest#"test_whitequark/when_then.txt" = 0.17 s
[  965/26073] Prism::SnippetsTest#"test_whitequark/unless_else.txt" = 0.36 s
[  966/26073] Prism::SnippetsTest#"test_whitequark/__ENCODING__.txt" = 0.06 s
[  967/26073] Prism::SnippetsTest#"test_whitequark/pattern_matching_single_line_allowed_omission_of_
parentheses.txt" = 1.15 s
[  968/26073] Prism::SnippetsTest#"test_whitequark/if.txt" = 0.25 s
[  969/26073] Prism::SnippetsTest#"test_seattlerb/defn_forward_args__no_parens.txt" = 0.17 s
[  970/26073] Prism::SnippetsTest#"test_heredocs_with_ignored_newlines_and_non_empty.txt" = 0.07 s
[  971/26073] Prism::SnippetsTest#"test_seattlerb/difficult3_3.txt" = 0.38 s
[  972/26073] Prism::SnippetsTest#"test_whitequark/bang.txt" = 0.09 s
[  973/26073] Prism::SnippetsTest#"test_seattlerb/case_in_array_pat_const2.txt" = 0.31 s
[  974/26073] Prism::SnippetsTest#"test_whitequark/when_multi.txt" = 0.20 s
[  975/26073] Prism::SnippetsTest#"test_whitequark/and_asgn.txt" = 0.33 s
[  976/26073] Prism::SnippetsTest#"test_seattlerb/block_arg_kwsplat.txt" = 0.15 s
[  977/26073] Prism::SnippetsTest#"test_integer_operations.txt" = 3.63 s
[  978/26073] Prism::SnippetsTest#"test_seattlerb/block_call_dot_op2_cmd_args_do_block.txt" = 0.36 s
[  979/26073] Prism::SnippetsTest#"test_seattlerb/defn_kwarg_kwarg.txt" = 0.18 s
[  980/26073] Prism::SnippetsTest#"test_seattlerb/heredoc_backslash_nl.txt" = 0.13 s
[  981/26073] Prism::SnippetsTest#"test_whitequark/send_index_cmd.txt" = 0.25 s
[  982/26073] Prism::SnippetsTest#"test_seattlerb/rescue_do_end_no_raise.txt" = 0.31 s
[  983/26073] Prism::SnippetsTest#"test_seattlerb/parse_line_multiline_str_literal_n.txt" = 0.08 s
[  984/26073] Prism::SnippetsTest#"test_seattlerb/parse_until_not_noncanonical.txt" = 0.26 s
[  985/26073] Prism::SnippetsTest#"test_seattlerb/str_backslashes.txt" = 0.10 s
[  986/26073] Prism::SnippetsTest#"test_whitequark/for.txt" = 0.41 s
[  987/26073] Prism::SnippetsTest#"test_seattlerb/call_stabby_do_end_with_block.txt" = 0.17 s
[  988/26073] Prism::SnippetsTest#"test_whitequark/bug_do_block_in_call_args.txt" = 0.27 s
[  989/26073] Prism::SnippetsTest#"test_seattlerb/str_double_escaped_newline.txt" = 0.13 s
[  990/26073] Prism::SnippetsTest#"test_seattlerb/op_asgn_primary_colon_identifier1.txt" = 0.09 s
[  991/26073] Prism::SnippetsTest#"test_arrays.txt" = 8.41 s
[  992/26073] Prism::SnippetsTest#"test_seattlerb/dsym_to_sym.txt" = 0.28 s
[  993/26073] Prism::SnippetsTest#"test_whitequark/lparenarg_after_lvar__since_25.txt" = 0.28 s
[  994/26073] Prism::SnippetsTest#"test_seattlerb/attrasgn_array_lhs.txt" = 0.39 s
[  995/26073] Prism::SnippetsTest#"test_seattlerb/BEGIN.txt" = 0.09 s
[  996/26073] Prism::SnippetsTest#"test_whitequark/array_words.txt" = 0.18 s
[  997/26073] Prism::SnippetsTest#"test_seattlerb/parse_line_rescue.txt" = 0.22 s
[  998/26073] Prism::SnippetsTest#"test_unparser/corpus/literal/hookexe.txt" = 0.27 s
[  999/26073] Prism::SnippetsTest#"test_whitequark/cond_begin.txt" = 0.16 s
[ 1000/26073] Prism::SnippetsTest#"test_seattlerb/defs_kwarg.txt" = 0.14 s
[ 1001/26073] Prism::SnippetsTest#"test_whitequark/arg_duplicate_ignored.txt" = 0.34 s
[ 1002/26073] Prism::SnippetsTest#"test_whitequark/rescue_mod_asgn.txt" = 0.13 s
[ 1003/26073] Prism::SnippetsTest#"test_seattlerb/heredoc_trailing_slash_continued_call.txt" = 0.09
s
[ 1004/26073] Prism::SnippetsTest#"test_seattlerb/mlhs_keyword.txt" = 0.21 s
[ 1005/26073] Prism::SnippetsTest#"test_whitequark/regex_interp.txt" = 0.16 s
[ 1006/26073] Prism::SnippetsTest#"test_seattlerb/uminus_float.txt" = 0.06 s
[ 1007/26073] Prism::SnippetsTest#"test_heredoc_with_carriage_returns.txt" = 0.07 s
[ 1008/26073] Prism::SnippetsTest#"test_seattlerb/parse_pattern_076.txt" = 0.34 s
[ 1009/26073] Prism::SnippetsTest#"test_seattlerb/block_decomp_arg_splat_arg.txt" = 0.21 s
[ 1010/26073] Prism::SnippetsTest#"test_whitequark/args_args_assocs_comma.txt" = 0.19 s
[ 1011/26073] Prism::SnippetsTest#"test_seattlerb/bug_not_parens.txt" = 0.10 s
[ 1012/26073] Prism::SnippetsTest#"test_seattlerb/difficult3__12.txt" = 0.27 s
[ 1013/26073] Prism::SnippetsTest#"test_seattlerb/rescue_do_end_rescued.txt" = 0.31 s
[ 1014/26073] Prism::SnippetsTest#"test_seattlerb/call_div.txt" = 0.18 s
[ 1015/26073] Prism::SnippetsTest#"test_unparser/corpus/literal/range.txt" = 0.24 s
[ 1016/26073] Prism::SnippetsTest#"test_seattlerb/defn_kwarg_val.txt" = 0.15 s
[ 1017/26073] Prism::SnippetsTest#"test_seattlerb/eq_begin_line_numbers.txt" = 0.07 s
[ 1018/26073] Prism::SnippetsTest#"test_seattlerb/difficult6__7.txt" = 0.20 s
[ 1019/26073] Prism::SnippetsTest#"test_seattlerb/pipe_semicolon.txt" = 0.15 s
[ 1020/26073] Prism::SnippetsTest#"test_whitequark/if_masgn__24.txt" = 0.18 s
[ 1021/26073] Prism::SnippetsTest#"test_whitequark/send_lambda_args_shadow.txt" = 0.15 s
[ 1022/26073] Prism::SnippetsTest#"test_whitequark/rescue_without_begin_end.txt" = 0.20 s
[ 1023/26073] Prism::SnippetsTest#"test_unparser/corpus/literal/empty_begin.txt" = 0.06 s
[ 1024/26073] Prism::SnippetsTest#"test_whitequark/defined.txt" = 0.23 s
[ 1025/26073] Prism::SnippetsTest#"test_unparser/corpus/literal/undef.txt" = 0.14 s
[ 1026/26073] Prism::SnippetsTest#"test_whitequark/casgn_scoped.txt" = 0.10 s
[ 1027/26073] Prism::SnippetsTest#"test_whitequark/send_attr_asgn.txt" = 0.43 s
[ 1028/26073] Prism::SnippetsTest#"test_seattlerb/bug169.txt" = 0.12 s
[ 1029/26073] Prism::SnippetsTest#"test_seattlerb/case_in_array_pat_paren_assign.txt" = 0.21 s
[ 1030/26073] Prism::SnippetsTest#"test_whitequark/arg_label.txt" = 0.46 s
[ 1031/26073] Prism::SnippetsTest#"test_dash_heredocs.txt" = 1.36 s
[ 1032/26073] Prism::SnippetsTest#"test_unparser/corpus/literal/dstr.txt" = 1.41 s
[ 1033/26073] Prism::SnippetsTest#"test_seattlerb/difficult1_line_numbers.txt" = 0.83 s
[ 1034/26073] Prism::SnippetsTest#"test_whitequark/ruby_bug_11380.txt" = 0.22 s
[ 1035/26073] Prism::SnippetsTest#"test_xstring.txt" = 0.44 s
[ 1036/26073] Prism::SnippetsTest#"test_seattlerb/unary_plus.txt" = 0.09 s
[ 1037/26073] Prism::SnippetsTest#"test_whitequark/if_nl_then.txt" = 0.13 s
[ 1038/26073] Prism::SnippetsTest#"test_seattlerb/block_arg_opt_splat.txt" = 0.20 s
[ 1039/26073] Prism::SnippetsTest#"test_seattlerb/multiline_hash_declaration.txt" = 0.42 s
[ 1040/26073] Prism::SnippetsTest#"test_seattlerb/parse_def_special_name.txt" = 0.08 s
[ 1041/26073] Prism::SnippetsTest#"test_whitequark/bug_cmdarg.txt" = 0.42 s
[ 1042/26073] Prism::SnippetsTest#"test_whitequark/trailing_forward_arg.txt" = 0.23 s
[ 1043/26073] Prism::SnippetsTest#"test_whitequark/zsuper.txt" = 0.05 s
[ 1044/26073] Prism::SnippetsTest#"test_seattlerb/call_unary_bang.txt" = 0.08 s
[ 1045/26073] Prism::SnippetsTest#"test_seattlerb/iter_args_9_2.txt" = 0.20 s
[ 1046/26073] Prism::SnippetsTest#"test_seattlerb/alias_resword.txt" = 0.10 s
[ 1047/26073] Prism::SnippetsTest#"test_seattlerb/defn_endless_command_rescue.txt" = 0.16 s
[ 1048/26073] Prism::SnippetsTest#"test_unparser/corpus/literal/opasgn.txt" = 1.64 s
[ 1049/26073] Prism::SnippetsTest#"test_whitequark/args_star.txt" = 0.27 s
[ 1050/26073] Prism::SnippetsTest#"test_whitequark/send_block_chain_cmd.txt" = 1.37 s
[ 1051/26073] Prism::SnippetsTest#"test_seattlerb/call_colon_parens.txt" = 0.18 s
[ 1052/26073] Prism::SnippetsTest#"test_unparser/corpus/literal/assignment.txt" = 4.89 s
[ 1053/26073] Prism::SnippetsTest#"test_whitequark/nil_expression.txt" = 0.12 s
[ 1054/26073] Prism::SnippetsTest#"test_whitequark/ambiuous_quoted_label_in_ternary_operator.txt" =
0.22 s
[ 1055/26073] Prism::SnippetsTest#"test_whitequark/character.txt" = 0.14 s
[ 1056/26073] Prism::SnippetsTest#"test_spanning_heredoc.txt" = 2.09 s
[ 1057/26073] Prism::SnippetsTest#"test_seattlerb/masgn_colon3.txt" = 0.24 s
[ 1058/26073] Prism::SnippetsTest#"test_whitequark/xstring_plain.txt" = 0.07 s
[ 1059/26073] Prism::SnippetsTest#"test_seattlerb/bug_hash_interp_array.txt" = 0.13 s
[ 1060/26073] Prism::SnippetsTest#"test_not.txt" = 1.49 s
[ 1061/26073] Prism::SnippetsTest#"test_seattlerb/block_decomp_arg_splat.txt" = 0.18 s
[ 1062/26073] Prism::SnippetsTest#"test_whitequark/ivar.txt" = 0.06 s
[ 1063/26073] Prism::SnippetsTest#"test_whitequark/args_args_star.txt" = 0.44 s
[ 1064/26073] Prism::SnippetsTest#"test_symbols.txt" = 3.95 s
[ 1065/26073] Prism::SnippetsTest#"test_whitequark/dedenting_interpolating_heredoc_fake_line_continu
ation.txt" = 0.11 s
[ 1066/26073] Prism::SnippetsTest#"test_whitequark/casgn_toplevel.txt" = 0.09 s
[ 1067/26073] Prism::SnippetsTest#"test_whitequark/ruby_bug_15789.txt" = 0.58 s
[ 1068/26073] Prism::SnippetsTest#"test_whitequark/array_words_interp.txt" = 0.42 s
[ 1069/26073] Prism::SnippetsTest#"test_unparser/corpus/literal/class.txt" = 1.25 s
[ 1070/26073] Prism::SnippetsTest#"test_whitequark/rescue.txt" = 0.24 s
[ 1071/26073] Prism::SnippetsTest#"test_seattlerb/difficult2_.txt" = 0.28 s
[ 1072/26073] Prism::SnippetsTest#"test_repeat_parameters.txt" = 2.51 s
[ 1073/26073] Prism::SnippetsTest#"test_whitequark/non_lvar_injecting_match.txt" = 0.18 s
[ 1074/26073] Prism::SnippetsTest#"test_seattlerb/iter_args_11_1.txt" = 0.29 s
[ 1075/26073] Prism::SnippetsTest#"test_whitequark/bug_481.txt" = 0.18 s
[ 1076/26073] Prism::SnippetsTest#"test_whitequark/ruby_bug_14690.txt" = 0.29 s
[ 1077/26073] Prism::SnippetsTest#"test_unparser/corpus/semantic/block.txt" = 0.97 s
[ 1078/26073] Prism::SnippetsTest#"test_seattlerb/heredoc_with_extra_carriage_horrible_mix.txt" = 0.
07 s
[ 1079/26073] Prism::SnippetsTest#"test_seattlerb/block_command_operation_dot.txt" = 0.18 s
[ 1080/26073] Prism::SnippetsTest#"test_whitequark/send_index.txt" = 0.13 s
[ 1081/26073] Prism::SnippetsTest#"test_whitequark/class_super_label.txt" = 0.14 s
[ 1082/26073] Prism::SnippetsTest#"test_whitequark/forwarded_restarg.txt" = 0.19 s
[ 1083/26073] Prism::SnippetsTest#"test_seattlerb/dstr_evstr.txt" = 0.17 s
[ 1084/26073] Prism::SnippetsTest#"test_seattlerb/dot3_nil__26.txt" = 0.09 s
[ 1085/26073] Prism::SnippetsTest#"test_next.txt" = 1.54 s
[ 1086/26073] Prism::SnippetsTest#"test_dsym_str.txt" = 0.07 s
[ 1087/26073] Prism::SnippetsTest#"test_heredocs_with_ignored_newlines.txt" = 0.31 s
[ 1088/26073] Prism::SnippetsTest#"test_seattlerb/case_in_else.txt" = 0.19 s
[ 1089/26073] Prism::SnippetsTest#"test_range_end_open_exclusive.txt" = 0.07 s
[ 1090/26073] Prism::SnippetsTest#"test_seattlerb/integer_with_if_modifier.txt" = 0.10 s
[ 1091/26073] Prism::SnippetsTest#"test_whitequark/send_op_asgn_conditional.txt" = 0.11 s
[ 1092/26073] Prism::SnippetsTest#"test_dstring.txt" = 0.60 s
[ 1093/26073] Prism::SnippetsTest#"test_seattlerb/call_trailing_comma.txt" = 0.09 s
[ 1094/26073] Prism::SnippetsTest#"test_seattlerb/call_not.txt" = 0.08 s
[ 1095/26073] Prism::SnippetsTest#"test_whitequark/bug_cmd_string_lookahead.txt" = 0.12 s
[ 1096/26073] Prism::SnippetsTest#"test_whitequark/op_asgn_index_cmd.txt" = 0.19 s
[ 1097/26073] Prism::SnippetsTest#"test_seattlerb/masgn_anon_splat_arg.txt" = 0.12 s
[ 1098/26073] Prism::SnippetsTest#"test_seattlerb/masgn_splat_arg.txt" = 0.14 s
[ 1099/26073] Prism::SnippetsTest#"test_seattlerb/defn_oneliner_noargs_parentheses.txt" = 0.12 s
[ 1100/26073] Prism::SnippetsTest#"test_seattlerb/call_env.txt" = 0.09 s
[ 1101/26073] Prism::SnippetsTest#"test_whitequark/hash_empty.txt" = 0.06 s
[ 1102/26073] Prism::SnippetsTest#"test_unless.txt" = 0.88 s
[ 1103/26073] Prism::SnippetsTest#"test_seattlerb/regexp_esc_C_slash.txt" = 0.07 s
[ 1104/26073] Prism::SnippetsTest#"test_seattlerb/block_decomp_anon_splat_arg.txt" = 0.18 s
[ 1105/26073] Prism::SnippetsTest#"test_unparser/corpus/literal/since/30.txt" = 0.38 s
[ 1106/26073] Prism::SnippetsTest#"test_seattlerb/defn_oneliner.txt" = 0.19 s
[ 1107/26073] Prism::SnippetsTest#"test_seattlerb/begin_ensure_no_bodies.txt" = 0.08 s
[ 1108/26073] Prism::SnippetsTest#"test_whitequark/parser_bug_507.txt" = 0.15 s
[ 1109/26073] Prism::SnippetsTest#"test_heredoc_with_trailing_newline.txt" = 0.07 s
[ 1110/26073] Prism::SnippetsTest#"test_unparser/corpus/literal/send.txt" = 7.32 s
[ 1111/26073] Prism::SnippetsTest#"test_seattlerb/bug_args_masgn_outer_parens__19.txt" = 0.32 s
[ 1112/26073] Prism::SnippetsTest#"test_whitequark/var_or_asgn.txt" = 0.08 s
[ 1113/26073] Prism::SnippetsTest#"test_seattlerb/parse_line_dot2_open.txt" = 0.14 s
[ 1114/26073] Prism::SnippetsTest#"test_seattlerb/parse_line_call_no_args.txt" = 0.31 s
[ 1115/26073] Prism::SnippetsTest#"test_seattlerb/defn_kwarg_lvar.txt" = 0.17 s
[ 1116/26073] Prism::SnippetsTest#"test_whitequark/sclass.txt" = 0.12 s
[ 1117/26073] Prism::SnippetsTest#"test_whitequark/slash_newline_in_heredocs.txt" = 0.25 s
[ 1118/26073] Prism::SnippetsTest#"test_whitequark/optarg.txt" = 0.30 s
[ 1119/26073] Prism::SnippetsTest#"test_seattlerb/difficult3__9.txt" = 0.31 s
[ 1120/26073] Prism::SnippetsTest#"test_seattlerb/safe_call_newline.txt" = 0.09 s
[ 1121/26073] Prism::SnippetsTest#"test_seattlerb/method_call_trailing_comma.txt" = 0.12 s
[ 1122/26073] Prism::SnippetsTest#"test_seattlerb/difficult7_.txt" = 0.34 s
[ 1123/26073] Prism::SnippetsTest#"test_seattlerb/rhs_asgn.txt" = 0.18 s
[ 1124/26073] Prism::SnippetsTest#"test_seattlerb/in_expr_no_case.txt" = 0.09 s
[ 1125/26073] Prism::SnippetsTest#"test_nils.txt" = 0.32 s
[ 1126/26073] Prism::SnippetsTest#"test_whitequark/masgn_nested.txt" = 0.39 s
[ 1127/26073] Prism::SnippetsTest#"test_whitequark/string_concat.txt" = 0.15 s
[ 1128/26073] Prism::SnippetsTest#"test_seattlerb/block_arg_opt_arg_block.txt" = 0.30 s
[ 1129/26073] Prism::SnippetsTest#"test_boolean_operators.txt" = 0.26 s
[ 1130/26073] Prism::SnippetsTest#"test_seattlerb/qWords_space.txt" = 0.06 s
[ 1131/26073] Prism::SnippetsTest#"test_seattlerb/parse_if_not_canonical.txt" = 0.23 s
[ 1132/26073] Prism::SnippetsTest#"test_ternary_operator.txt" = 1.52 s
[ 1133/26073] Prism::SnippetsTest#"test_seattlerb/bug_215.txt" = 0.08 s
[ 1134/26073] Prism::SnippetsTest#"test_whitequark/send_index_asgn.txt" = 0.14 s
[ 1135/26073] Prism::SnippetsTest#"test_whitequark/cvar.txt" = 0.16 s
[ 1136/26073] Prism::SnippetsTest#"test_seattlerb/qwords_empty.txt" = 0.06 s
[ 1137/26073] Prism::SnippetsTest#"test_seattlerb/case_in_find.txt" = 0.21 s
[ 1138/26073] Prism::SnippetsTest#"test_seattlerb/f_kw__required.txt" = 0.12 s
[ 1139/26073] Prism::SnippetsTest#"test_seattlerb/parse_if_not_noncanonical.txt" = 0.24 s
[ 1140/26073] Prism::SnippetsTest#"test_seattlerb/defn_oneliner_eq2.txt" = 0.19 s
[ 1141/26073] Prism::SnippetsTest#"test_seattlerb/masgn_arg_colon_arg.txt" = 0.15 s
[ 1142/26073] Prism::SnippetsTest#"test_seattlerb/case_in_86.txt" = 0.23 s
[ 1143/26073] Prism::SnippetsTest#"test_seattlerb/rescue_do_end_ensure_result.txt" = 0.34 s
[ 1144/26073] Prism::SnippetsTest#"test_whitequark/bang_cmd.txt" = 0.13 s
[ 1145/26073] Prism::SnippetsTest#"test_seattlerb/bug_cond_pct.txt" = 0.11 s
[ 1146/26073] Prism::SnippetsTest#"test_seattlerb/block_splat_reg.txt" = 0.25 s
[ 1147/26073] Prism::SnippetsTest#"test_seattlerb/qw_escape_term.txt" = 0.07 s
[ 1148/26073] Prism::SnippetsTest#"test_seattlerb/iter_kwarg.txt" = 0.16 s
[ 1149/26073] Prism::SnippetsTest#"test_seattlerb/heredoc_squiggly_empty.txt" = 0.07 s
[ 1150/26073] Prism::SnippetsTest#"test_whitequark/hash_label.txt" = 0.11 s
[ 1151/26073] Prism::SnippetsTest#"test_whitequark/not_masgn__24.txt" = 0.18 s
[ 1152/26073] Prism::SnippetsTest#"test_seattlerb/cond_unary_minus.txt" = 0.08 s
[ 1153/26073] Prism::SnippetsTest#"test_whitequark/super.txt" = 0.33 s
[ 1154/26073] Prism::SnippetsTest#"test_seattlerb/dstr_lex_state.txt" = 0.15 s
[ 1155/26073] Prism::SnippetsTest#"test_seattlerb/defn_kwarg_kwsplat_anon.txt" = 0.23 s
[ 1156/26073] Prism::SnippetsTest#"test_seattlerb/dot2_nil__26.txt" = 0.09 s
[ 1157/26073] Prism::SnippetsTest#"test_seattlerb/bug_249.txt" = 0.39 s
[ 1158/26073] Prism::SnippetsTest#"test_strings.txt" = 4.44 s
[ 1159/26073] Prism::SnippetsTest#"test_seattlerb/pipe_space.txt" = 0.13 s
[ 1160/26073] Prism::SnippetsTest#"test_seattlerb/parse_while_not_noncanonical.txt" = 0.18 s
[ 1161/26073] Prism::SnippetsTest#"test_seattlerb/masgn_arg_splat_arg.txt" = 0.24 s
[ 1162/26073] Prism::SnippetsTest#"test_seattlerb/thingy.txt" = 0.22 s
[ 1163/26073] Prism::SnippetsTest#"test_seattlerb/block_call_defn_call_block_call.txt" = 0.35 s
[ 1164/26073] Prism::SnippetsTest#"test_whitequark/space_args_arg_block.txt" = 0.54 s
[ 1165/26073] Prism::SnippetsTest#"test_whitequark/send_index_legacy.txt" = 0.13 s
[ 1166/26073] Prism::SnippetsTest#"test_seattlerb/safe_calls.txt" = 0.14 s
[ 1167/26073] Prism::SnippetsTest#"test_seattlerb/call_assoc_new.txt" = 0.22 s
[ 1168/26073] Prism::SnippetsTest#"test_seattlerb/iter_args_7_2.txt" = 0.20 s
[ 1169/26073] Prism::SnippetsTest#"test_seattlerb/parse_line_defn_complex.txt" = 0.34 s
[ 1170/26073] Prism::SnippetsTest#"test_whitequark/space_args_block.txt" = 0.12 s
[ 1171/26073] Prism::SnippetsTest#"test_global_variables.txt" = 2.54 s
[ 1172/26073] Prism::SnippetsTest#"test_whitequark/args_args_assocs.txt" = 0.36 s
[ 1173/26073] Prism::SnippetsTest#"test_whitequark/ruby_bug_11107.txt" = 0.19 s
[ 1174/26073] Prism::SnippetsTest#"test_seattlerb/parse_line_str_with_newline_escape.txt" = 0.12 s
[ 1175/26073] Prism::SnippetsTest#"test_seattlerb/const_op_asgn_and1.txt" = 0.09 s
[ 1176/26073] Prism::SnippetsTest#"test_seattlerb/mlhs_front_anonsplat.txt" = 0.16 s
[ 1177/26073] Prism::SnippetsTest#"test_whitequark/bug_lambda_leakage.txt" = 0.15 s
[ 1178/26073] Prism::SnippetsTest#"test_methods.txt" = 9.18 s
[ 1179/26073] Prism::SnippetsTest#"test_seattlerb/defn_kwarg_env.txt" = 0.22 s
[ 1180/26073] Prism::SnippetsTest#"test_seattlerb/defn_arg_asplat_arg.txt" = 0.35 s
[ 1181/26073] Prism::SnippetsTest#"test_seattlerb/block_kwarg_lvar.txt" = 0.20 s
[ 1182/26073] Prism::SnippetsTest#"test_lambda.txt" = 1.74 s
[ 1183/26073] Prism::SnippetsTest#"test_seattlerb/block_args_opt1.txt" = 0.23 s
[ 1184/26073] Prism::SnippetsTest#"test_whitequark/forwarded_argument_with_restarg.txt" = 0.31 s
[ 1185/26073] Prism::SnippetsTest#"test_seattlerb/index_0_opasgn.txt" = 0.12 s
[ 1186/26073] Prism::SnippetsTest#"test_until.txt" = 1.07 s
[ 1187/26073] Prism::SnippetsTest#"test_unparser/corpus/literal/kwbegin.txt" = 2.72 s
[ 1188/26073] Prism::SnippetsTest#"test_xstring_with_backslash.txt" = 0.07 s
[ 1189/26073] Prism::SnippetsTest#"test_seattlerb/defs_oneliner_rescue.txt" = 0.71 s
[ 1190/26073] Prism::SnippetsTest#"test_whitequark/hash_hashrocket.txt" = 0.33 s
[ 1191/26073] TestMonitor#test_cond = 0.03 s
[ 1192/26073] TestMonitor#test_timedwait = 0.16 s
[ 1193/26073] TestMonitor#test_enter_second_after_killed_thread = 0.02 s
[ 1194/26073] TestMonitor#test_enter_in_different_fibers = 0.01 s
[ 1195/26073] TestMonitor#test_try_enter = 0.02 s
[ 1196/26073] TestMonitor#test_synchronize = 0.19 s
[ 1197/26073] TestMonitor#test_killed_thread_in_synchronize = 0.02 s
[ 1198/26073] TestMonitor#test_initialize_with_keyword_arg = 0.01 s
[ 1199/26073] TestMonitor#test_new_cond_before_initialize = 0.01 s
[ 1200/26073] TestMonitor#test_wait_interruption = 0.14 s
[ 1201/26073] TestMonitor#test_enter = 0.02 s
[ 1202/26073] TestMonitor#test_mon_locked_and_owned = 0.02 s
[ 1203/26073] TestMonitor#test_try_enter_second_after_killed_thread = 0.02 s
[ 1204/26073] TestMonitor#test_exit = 0.02 s
[ 1205/26073] Prism::BOMTest#test_instance_variable = 0.47 s
[ 1206/26073] Prism::BOMTest#test_string = 0.06 s
[ 1207/26073] Prism::BOMTest#test_ident = 0.03 s
[ 1208/26073] Prism::BOMTest#test_back_reference = 0.03 s
[ 1209/26073] Prism::BOMTest#test_numbered_reference = 0.03 s
[ 1210/26073] Prism::BOMTest#test_percents = 0.23 s
[ 1211/26073] Prism::BOMTest#test_class_variable = 0.03 s
[ 1212/26073] Prism::BOMTest#test_global_variable = 0.03 s
[ 1213/26073] TestFloat#test_remainder = 0.02 s
[ 1214/26073] TestFloat#test_positive_p = 0.02 s
[ 1215/26073] TestFloat#test_eql = 0.01 s
[ 1216/26073] TestFloat#test_singleton_method = 0.01 s
[ 1217/26073] TestFloat#test_finite_p = 0.01 s
[ 1218/26073] TestFloat#test_ceil_with_precision = 0.03 s
[ 1219/26073] TestFloat#test_coerce = 0.01 s
[ 1220/26073] TestFloat#test_next_prev_float_zero = 0.01 s
[ 1221/26073] TestFloat#test_prev_float = 0.02 s
[ 1222/26073] TestFloat#test_plus = 0.01 s
[ 1223/26073] TestFloat#test_div2 = 0.01 s
[ 1224/26073] TestFloat#test_truncate = 0.21 s
[ 1225/26073] TestFloat#test_round_half_invalid = 0.03 s
[ 1226/26073] TestFloat#test_floor = 0.17 s
[ 1227/26073] TestFloat#test_zero_p = 0.01 s
[ 1228/26073] TestFloat#test_minus = 0.01 s
[ 1229/26073] TestFloat#test_precision = 0.01 s
[ 1230/26073] TestFloat#test_round_half_even_with_precision = 0.01 s
[ 1231/26073] TestFloat#test_modulo2 = 0.01 s
[ 1232/26073] TestFloat#test_float = 0.01 s
[ 1233/26073] TestFloat#test_round_half_down = 0.02 s
[ 1234/26073] TestFloat#test_round_half_up = 0.02 s
[ 1235/26073] TestFloat#test_num2dbl = 0.01 s
[ 1236/26073] TestFloat#test_modulo4 = 0.01 s
[ 1237/26073] TestFloat#test_cmp = 0.04 s
[ 1238/26073] TestFloat#test_Float_with_exception_keyword = 0.03 s
[ 1239/26073] TestFloat#test_step2 = 0.01 s
[ 1240/26073] TestFloat#test_hash_0 = 0.01 s
[ 1241/26073] TestFloat#test_floor_ceil_round_truncate = 0.03 s
[ 1242/26073] TestFloat#test_Float_with_invalid_exception = 0.01 s
[ 1243/26073] TestFloat#test_modulo3 = 0.02 s
[ 1244/26073] TestFloat#test_negative_p = 0.01 s
[ 1245/26073] TestFloat#test_infinite_p = 0.01 s
[ 1246/26073] TestFloat#test_aliased_quo_recursion = 8.84 s
[ 1247/26073] TestFloat#test_step_excl = 10.92 s
[ 1248/26073] TestFloat#test_divmod2 = 0.02 s
[ 1249/26073] TestFloat#test_round_with_precision = 0.14 s
[ 1250/26073] TestFloat#test_Float = 3.36 s
[ 1251/26073] TestFloat#test_round_half_nil = 0.02 s
[ 1252/26073] TestFloat#test_div = 0.02 s
[ 1253/26073] TestFloat#test_strtod = 1.84 s
[ 1254/26073] TestFloat#test_pow = 0.01 s
[ 1255/26073] TestFloat#test_mul = 0.02 s
[ 1256/26073] TestFloat#test_invalid_str = 146.06 s
[ 1257/26073] TestFloat#test_step = 1.95 s
[ 1258/26073] TestFloat#test_sleep_with_Float = 1.01 s
[ 1259/26073] TestFloat#test_symmetry_bignum = 0.01 s
[ 1260/26073] TestFloat#test_ceil = 0.17 s
[ 1261/26073] TestFloat#test_next_float = 0.02 s
[ 1262/26073] TestFloat#test_nan = 0.07 s
[ 1263/26073] TestFloat#test_cmp_int = 4.55 s
[ 1264/26073] TestFloat#test_modulo = 0.01 s
[ 1265/26073] TestFloat#test_long_string = 8.87 s
[ 1266/26073] TestFloat#test_round_half_even = 0.02 s
[ 1267/26073] TestFloat#test_to_s = 0.02 s
[ 1268/26073] TestFloat#test_truncate_with_precision = 0.04 s
[ 1269/26073] TestFloat#test_divmod = 0.02 s
[ 1270/26073] TestFloat#test_floor_with_precision = 0.04 s
[ 1271/26073] TestFloat#test_round = 0.16 s
[ 1272/26073] TestExtLibs#test_existence_of_stringio = 8.88 s
[ 1273/26073] TestExtLibs#test_existence_of_openssl = 13.16 s
[ 1274/26073] TestExtLibs#"test_existence_of_digest/sha2" = 8.93 s
[ 1275/26073] TestExtLibs#"test_existence_of_rbconfig/sizeof" = 8.84 s
[ 1276/26073] TestExtLibs#test_existence_of_thread = 8.75 s
[ 1277/26073] TestExtLibs#test_existence_of_pathname = 9.03 s
[ 1278/26073] TestExtLibs#test_existence_of_pty = 8.85 s
[ 1279/26073] TestExtLibs#test_existence_of_date = 8.93 s
[ 1280/26073] TestExtLibs#test_existence_of_json = 9.54 s
[ 1281/26073] TestExtLibs#test_existence_of_psych = 9.02 s
[ 1282/26073] TestExtLibs#test_existence_of_objspace = 8.86 s
[ 1283/26073] TestExtLibs#test_existence_of_zlib = 8.90 s
[ 1284/26073] TestExtLibs#"test_existence_of_io/wait" = 8.86 s
[ 1285/26073] TestExtLibs#"test_existence_of_io/nonblock" = 8.86 s
[ 1286/26073] TestExtLibs#test_existence_of_coverage = 8.86 s
[ 1287/26073] TestExtLibs#test_existence_of_fcntl = 8.87 s
[ 1288/26073] TestExtLibs#test_existence_of_digest = 8.87 s
[ 1289/26073] TestExtLibs#test_existence_of_etc = 8.94 s
[ 1290/26073] TestExtLibs#"test_existence_of_io/console" = 8.86 s
[ 1291/26073] TestExtLibs#test_existence_of_continuation = 8.86 s
[ 1292/26073] TestExtLibs#"test_existence_of_digest/md5" = 8.96 s
[ 1293/26073] TestExtLibs#"test_existence_of_digest/sha1" = 8.95 s
[ 1294/26073] TestExtLibs#test_existence_of_strscan = 8.92 s
[ 1295/26073] TestExtLibs#test_existence_of_socket = 10.07 s
[ 1296/26073] TestExtLibs#"test_existence_of_digest/bubblebabble" = 10.59 s
[ 1297/26073] TestExtLibs#test_existence_of_fiddle = 9.04 s
[ 1298/26073] TestExtLibs#test_existence_of_fiber = 8.84 s
[ 1299/26073] TestExtLibs#test_existence_of_ripper = 10.80 s
[ 1300/26073] TestExtLibs#"test_existence_of_digest/rmd160" = 8.94 s
[ 1301/26073] TestException#test_else_no_exception = 0.02 s
[ 1302/26073] TestException#test_kernel_warn_uplevel = 2.35 s
[ 1303/26073] TestException#test_cause_thread_with_cause = 0.04 s
[ 1304/26073] TestException#test_exception_retry = 0.01 s
[ 1305/26073] TestException#test_full_message_with_encoding = 0.06 s
[ 1306/26073] TestException#test_detailed_message_under_gc_compact_stress = 766.32 s
[ 1307/26073] TestException#test_inspect = 0.02 s
[ 1308/26073] TestException#test_non_exception_cause = 0.02 s
[ 1309/26073] TestException#test_else_nested_no_exception = 0.01 s
[ 1310/26073] TestException#test_errinfo_encoding_in_debug = 0.02 s
[ 1311/26073] TestException#test_else_nested_rescued_reraise = 0.01 s
[ 1312/26073] TestException#test_circular_cause = 0.02 s
[ 1313/26073] TestException#test_stackoverflow = 7.19 s
[ 1314/26073] TestException#test_cause_with_no_arguments = 0.02 s
[ 1315/26073] TestException#test_errinfo_in_debug = 0.18 s
[ 1316/26073] TestException#test_catch_throw_in_require_cant_be_rescued = 0.03 s
[ 1317/26073] TestException#test_set_backtrace = 0.02 s
[ 1318/26073] TestException#test_break_ensure = 0.01 s
[ 1319/26073] TestException#test_exception_in_ensure_with_return = 0.02 s
[ 1320/26073] TestException#test_warning_warn = 0.03 s
[ 1321/26073] TestException#test_uncaught_throw = 0.02 s
[ 1322/26073] TestException#test_cause_at_raised = 0.02 s
[ 1323/26073] TestException#test_warn_deprecated_backwards_compatibility_category = 0.01 s
[ 1324/26073] TestException#test_undefined_backtrace = 8.81 s
[ 1325/26073] TestException#test_equal = 0.02 s
[ 1326/26073] TestException#test_raise_with_wrong_number_of_arguments = 0.02 s
[ 1327/26073] TestException#test_exception_in_ensure = 0.02 s
[ 1328/26073] TestException#test_catch_throw_noarg = 0.01 s
[ 1329/26073] TestException#test_method_missing_reason_clear = 0.03 s
[ 1330/26073] TestException#test_blocking_backtrace = 24.95 s
[ 1331/26073] TestException#test_multibyte_and_newline = 2.28 s
[ 1332/26073] TestException#test_rescue_splat_argument = 0.01 s
[ 1333/26073] TestException#test_redefined_backtrace = 8.79 s
[ 1334/26073] TestException#test_exception_rescued = 0.01 s
[ 1335/26073] TestException#test_marshal_circular_cause = 0.03 s
[ 1336/26073] TestException#test_cause_exception_in_cause_message = 2.56 s
[ 1337/26073] TestException#test_catch_throw_in_require = 0.03 s
[ 1338/26073] TestException#test_exception_ensure = 0.01 s
[ 1339/26073] TestException#test_rescue_single_argument = 0.01 s
[ 1340/26073] TestException#test_control_in_message = 0.03 s
[ 1341/26073] TestException#test_systemexit_new = 0.03 s
[ 1342/26073] TestException#test_raise_with_cause_in_rescue = 0.03 s
[ 1343/26073] TestException#test_warning_warn_circular_require_backtrace = 0.22 s
[ 1344/26073] TestException#test_exception_in_message = 2.29 s
[ 1345/26073] TestException#test_else_nested_rescued = 0.01 s
[ 1346/26073] TestException#test_exception_in_rescue = 0.02 s
[ 1347/26073] TestException#test_cause_reraised = 0.03 s
[ 1348/26073] TestException#test_too_many_args_in_eval = 49.33 s
[ 1349/26073] TestException#test_backtrace_in_eval = 2.35 s
[ 1350/26073] TestException#test_circular_cause_handle = 0.05 s
[ 1351/26073] TestException#test_cause = 0.02 s
[ 1352/26073] TestException#test_wrong_backtrace = 8.88 s
[ 1353/26073] TestException#test_raise_with_cause = 0.02 s
[ 1354/26073] TestException#test_errno = 0.01 s
[ 1355/26073] TestException#test_exception_in_ensure_with_redo = 0.02 s
[ 1356/26073] TestException#test_type_error_message_encoding = 0.09 s
[ 1357/26073] TestException#test_thread_signal_location = 2.31 s
[ 1358/26073] TestException#test_backtrace_by_exception = 0.03 s
[ 1359/26073] TestException#test_unknown_option = 0.03 s
[ 1360/26073] TestException#test_full_message_with_custom_detailed_message = 0.02 s
[ 1361/26073] TestException#test_anonymous_message = 2.27 s
[ 1362/26073] TestException#test_warning_warn_super = 2.39 s
[ 1363/26073] TestException#test_super_in_method_missing = 8.86 s
[ 1364/26073] TestException#test_else_raised = 0.01 s
[ 1365/26073] TestException#test_cause_with_frozen_exception = 0.02 s
[ 1366/26073] TestException#test_catch_throw = 0.01 s
[ 1367/26073] TestException#test_encoding_in_message = 0.02 s
[ 1368/26073] TestException#test_cause_raised_in_rescue = 0.04 s
[ 1369/26073] TestException#test_catch_no_throw = 0.01 s
[ 1370/26073] TestException#test_exception_in_exception_equal = 8.81 s
[ 1371/26073] TestException#test_exception_in_name_error_to_str = 8.79 s
[ 1372/26073] TestException#test_errinfo = 0.01 s
[ 1373/26073] TestException#test_errat = 11.89 s
[ 1374/26073] TestException#test_else_nested_unrescued = 0.01 s
[ 1375/26073] TestException#test_full_message = 15.01 s
[ 1376/26073] TestException#test_output_string_encoding = 2.30 s
[ 1377/26073] TestException#test_warning_category = 0.07 s
[ 1378/26073] TestException#test_cause_at_end = 2.69 s
[ 1379/26073] TestException#test_detailed_message = 0.02 s
[ 1380/26073] TestException#test_exception_in_ensure_with_next = 0.04 s
[ 1381/26073] TestException#test_exception_ensure_2 = 0.01 s
[ 1382/26073] TestException#test_to_s = 0.01 s
[ 1383/26073] TestException#test_message_of_name_error = 0.02 s
[ 1384/26073] TestException#test_throw_false = 0.06 s
[ 1385/26073] TestException#test_errno_constants = 0.25 s
[ 1386/26073] TestException#test_syntax_error_detailed_message = 4.62 s
[ 1387/26073] TestException#test_warning_warn_invalid_argument = 0.02 s
[ 1388/26073] TestException#test_undef_Warning_warn = 8.80 s
[ 1389/26073] TestException#test_exit_success_p = 0.02 s
[ 1390/26073] TestException#test_cause_thread_no_cause = 0.03 s
[ 1391/26073] TestException#test_syntax_error_path = 2.32 s
[ 1392/26073] TestException#test_ensure_after_nomemoryerror = 0.03 s
[ 1393/26073] TestDigest::TestMD5#test_eq = 0.03 s
[ 1394/26073] TestDigest::TestMD5#test_s_base64digest = 0.02 s
[ 1395/26073] TestDigest::TestMD5#test_alignment = 0.01 s
[ 1396/26073] TestDigest::TestMD5#test_bubblebabble_class = 0.01 s
[ 1397/26073] TestDigest::TestMD5#test_s_hexdigest = 0.01 s
[ 1398/26073] TestDigest::TestMD5#test_update = 0.01 s
[ 1399/26073] TestDigest::TestMD5#test_bubblebabble = 0.01 s
[ 1400/26073] TestDigest::TestMD5#test_instance_eval = 0.01 s
[ 1401/26073] TestDigest::TestMD5#test_s_file = 0.03 s
[ 1402/26073] TestDigest::TestMD5#test_bubblebabble_instance = 0.01 s
[ 1403/26073] TestDigest::TestMD5#test_s_digest = 0.01 s
[ 1404/26073] TestDigest::TestMD5#test_s_new = 0.02 s
[ 1405/26073] TestIO_M17N#test_open_pipe_r_enc2 = 7.50 s
[ 1406/26073] TestIO_M17N#test_write_mode_fail = 0.04 s
[ 1407/26073] TestIO_M17N#test_undef_w_stateful = 0.10 s
[ 1408/26073] TestIO_M17N#test_popen_r_enc_enc = 8.48 s
[ 1409/26073] TestIO_M17N#test_open_r_ext_enc_in_opt = 0.03 s
[ 1410/26073] TestIO_M17N#test_error_nonascii = 0.03 s
[ 1411/26073] TestIO_M17N#test_set_encoding_binmode = 0.03 s
[ 1412/26073] TestIO_M17N#test_getc_invalid2 = 0.16 s
[ 1413/26073] TestIO_M17N#test_binmode3 = 0.03 s
[ 1414/26073] TestIO_M17N#test_read_mode = 0.23 s
[ 1415/26073] TestIO_M17N#test_invalid_w = 0.13 s
[ 1416/26073] TestIO_M17N#test_strip_bom_no_bom = 0.04 s
[ 1417/26073] TestIO_M17N#test_ungetc_stateful_conversion2 = 0.08 s
[ 1418/26073] TestIO_M17N#test_gets_invalid = 0.04 s
[ 1419/26073] TestIO_M17N#test_write_noenc = 0.03 s
[ 1420/26073] TestIO_M17N#test_textmode_encode_newline_enc = 0.07 s
[ 1421/26073] TestIO_M17N#test_read_all_invalid = 0.04 s
[ 1422/26073] TestIO_M17N#test_cbuf = 0.10 s
[ 1423/26073] TestIO_M17N#test_write_ascii_incompat = 0.04 s
[ 1424/26073] TestIO_M17N#test_read_newline_conversion_without_encoding_conversion = 0.08 s
[ 1425/26073] TestIO_M17N#test_terminator_conversion2 = 0.03 s
[ 1426/26073] TestIO_M17N#test_dup = 0.07 s
[ 1427/26073] TestIO_M17N#test_open_pipe_r_enc = 7.54 s
[ 1428/26073] TestIO_M17N#test_ungetc_int = 0.04 s
[ 1429/26073] TestIO_M17N#"test_strip_bom:UTF-16BE" = 0.12 s
[ 1430/26073] TestIO_M17N#test_set_encoding_undef = 0.12 s
[ 1431/26073] TestIO_M17N#test_write_conversion_anyenc_stateful = 0.06 s
[ 1432/26073] TestIO_M17N#test_open_w_enc = 0.03 s
[ 1433/26073] TestIO_M17N#test_getc_invalid = 0.05 s
[ 1434/26073] TestIO_M17N#test_lf_decorator_on_stdout = 7.45 s
[ 1435/26073] TestIO_M17N#test_set_encoding2 = 0.07 s
[ 1436/26073] TestIO_M17N#test_inspect_nonascii = 0.09 s
[ 1437/26073] TestIO_M17N#test_read_with_buf_broken_ascii_only = 0.01 s
[ 1438/26073] TestIO_M17N#"test_strip_bom:UTF-32LE" = 0.14 s
[ 1439/26073] TestIO_M17N#test_bom_non_reading = 0.03 s
[ 1440/26073] TestIO_M17N#test_textmode_decode_universal_newline_utf16 = 0.12 s
[ 1441/26073] TestIO_M17N#test_set_encoding_unsupported = 0.55 s
[ 1442/26073] TestIO_M17N#test_set_encoding_nil = 8.45 s
[ 1443/26073] TestIO_M17N#test_open_nonascii = 0.05 s
[ 1444/26073] TestIO_M17N#test_pipe_conversion = 0.04 s
[ 1445/26073] TestIO_M17N#test_text_mode_ungetc_eof = 0.03 s
[ 1446/26073] TestIO_M17N#test_textmode_decode_universal_newline_getc = 0.06 s
[ 1447/26073] TestIO_M17N#test_textmode_paragraph_binaryread = 0.03 s
[ 1448/26073] TestIO_M17N#test_open_ascii = 0.05 s
[ 1449/26073] TestIO_M17N#test_s_pipe_undef = 0.03 s
[ 1450/26073] TestIO_M17N#test_bom_non_utf = 0.22 s
[ 1451/26073] TestIO_M17N#test_marshal = 0.03 s
[ 1452/26073] TestIO_M17N#test_s_foreach_open_args_enc_enc_in_opt2 = 0.03 s
[ 1453/26073] TestIO_M17N#test_read_newline_conversion_with_encoding_conversion = 0.04 s
[ 1454/26073] TestIO_M17N#test_s_foreach_enc = 0.03 s
[ 1455/26073] TestIO_M17N#"test_strip_bom:UTF-16LE" = 0.05 s
[ 1456/26073] TestIO_M17N#test_each_codepoint_need_more = 10.35 s
[ 1457/26073] TestIO_M17N#test_nonascii_terminator = 0.04 s
[ 1458/26073] TestIO_M17N#test_open_w_enc_enc_in_opt2 = 0.03 s
[ 1459/26073] TestIO_M17N#test_set_encoding_identical = 0.04 s
[ 1460/26073] TestIO_M17N#test_set_encoding_invalid = 0.32 s
[ 1461/26073] TestIO_M17N#test_popen_r_enc_in_opt2 = 7.51 s
[ 1462/26073] TestIO_M17N#test_s_pipe_invalid = 0.09 s
[ 1463/26073] TestIO_M17N#test_read_stateful = 0.03 s
[ 1464/26073] TestIO_M17N#test_write_conversion = 0.04 s
[ 1465/26073] TestIO_M17N#test_bom_too_long_utfname = 17.57 s
[ 1466/26073] TestIO_M17N#test_stdin_external_encoding_with_reopen = 7.43 s
[ 1467/26073] TestIO_M17N#test_s_foreach_open_args_enc_enc_in_opt = 0.04 s
[ 1468/26073] TestIO_M17N#test_set_encoding_undef_replace = 0.10 s
[ 1469/26073] TestIO_M17N#test_binmode_paragraph_nonasciicompat = 0.18 s
[ 1470/26073] TestIO_M17N#test_ignored_encoding_option = 0.37 s
[ 1471/26073] TestIO_M17N#test_write_conversion_fixenc = 0.05 s
[ 1472/26073] TestIO_M17N#test_open_w_enc_in_opt = 0.03 s
[ 1473/26073] TestIO_M17N#test_textmode_decode_universal_newline_gets = 0.06 s
[ 1474/26073] TestIO_M17N#test_open_w = 0.03 s
[ 1475/26073] TestIO_M17N#test_s_foreach_enc_in_opt = 0.03 s
[ 1476/26073] TestIO_M17N#test_s_foreach_open_args_enc = 0.03 s
[ 1477/26073] TestIO_M17N#test_open_r_enc_enc = 0.03 s
[ 1478/26073] TestIO_M17N#test_s_foreach_enc_enc_in_opt = 0.03 s
[ 1479/26073] TestIO_M17N#test_w_xml_attr = 0.20 s
[ 1480/26073] TestIO_M17N#test_undef_w_stateless = 0.05 s
[ 1481/26073] TestIO_M17N#test_cbuf_select = 0.04 s
[ 1482/26073] TestIO_M17N#test_popen_r_enc_enc_in_opt2 = 7.53 s
[ 1483/26073] TestIO_M17N#"test_strip_bom:UTF-8" = 0.06 s
[ 1484/26073] TestIO_M17N#test_stderr = 0.01 s
[ 1485/26073] TestIO_M17N#test_gets_nil = 0.07 s
[ 1486/26073] TestIO_M17N#test_text_mode = 0.03 s
[ 1487/26073] TestIO_M17N#"test_strip_bom:UTF-32BE" = 0.05 s
[ 1488/26073] TestIO_M17N#test_textmode_paragraph_nonasciicompat = 0.46 s
[ 1489/26073] TestIO_M17N#test_open_r = 0.03 s
[ 1490/26073] TestIO_M17N#test_open_rb = 0.03 s
[ 1491/26073] TestIO_M17N#test_s_foreach_open_args_enc_in_opt = 0.03 s
[ 1492/26073] TestIO_M17N#test_write_conversion_anyenc_stateful_nosync = 0.05 s
[ 1493/26073] TestIO_M17N#test_open_w_enc_enc = 0.07 s
[ 1494/26073] TestIO_M17N#test_s_foreach_open_args_enc_in_opt2 = 0.07 s
[ 1495/26073] TestIO_M17N#test_write_mode = 2.15 s
[ 1496/26073] TestIO_M17N#test_set_encoding = 0.04 s
[ 1497/26073] TestIO_M17N#test_pipe_convert_partial_read = 0.15 s
[ 1498/26073] TestIO_M17N#test_puts_widechar = 0.04 s
[ 1499/26073] TestIO_M17N#test_stdin = 0.01 s
[ 1500/26073] TestIO_M17N#test_default_mode_decode_universal_newline_gets = 0.06 s
[ 1501/26073] TestIO_M17N#test_binary = 0.08 s
[ 1502/26073] TestIO_M17N#test_s_foreach_enc_enc_in_opt2 = 0.12 s
[ 1503/26073] TestIO_M17N#test_set_encoding_enc = 0.07 s
[ 1504/26073] TestIO_M17N#test_read_newline_conversion_error = 0.03 s
[ 1505/26073] TestIO_M17N#test_dup_undef = 0.07 s
[ 1506/26073] TestIO_M17N#test_popen_r_enc = 7.51 s
[ 1507/26073] TestIO_M17N#test_binary_mode = 0.03 s
[ 1508/26073] TestIO_M17N#test_binmode_decode_universal_newline = 0.03 s
[ 1509/26073] TestIO_M17N#test_open_w_enc_enc_in_opt = 0.03 s
[ 1510/26073] TestIO_M17N#test_write_conversion_anyenc_stateless = 8.63 s
[ 1511/26073] TestIO_M17N#test_read_encoding = 0.23 s
[ 1512/26073] TestIO_M17N#test_undef_r = 0.05 s
[ 1513/26073] TestIO_M17N#test_s_pipe_undef_replace_string = 0.04 s
[ 1514/26073] TestIO_M17N#test_open_r_enc = 0.03 s
[ 1515/26073] TestIO_M17N#test_open_r_externalencname_internalencname_in_opt = 0.03 s
[ 1516/26073] TestIO_M17N#test_terminator_conversion = 0.04 s
[ 1517/26073] TestIO_M17N#test_crlf_decorator_on_stdout = 7.45 s
[ 1518/26073] TestIO_M17N#test_open_r_ext_encname_in_opt = 0.04 s
[ 1519/26073] TestIO_M17N#test_open_r_ascii8bit = 0.05 s
[ 1520/26073] TestIO_M17N#test_stdout = 0.01 s
[ 1521/26073] TestIO_M17N#test_textmode_encode_newline = 0.03 s
[ 1522/26073] TestIO_M17N#test_s_foreach_enc_in_opt2 = 0.03 s
[ 1523/26073] TestIO_M17N#test_open_w_enc_in_opt2 = 0.03 s
[ 1524/26073] TestIO_M17N#test_ungetc_str = 0.04 s
[ 1525/26073] TestIO_M17N#test_getc_stateful_conversion = 0.04 s
[ 1526/26073] TestIO_M17N#test_popen_r_enc_in_opt = 7.51 s
[ 1527/26073] TestIO_M17N#test_open_r_encname_in_opt = 0.03 s
[ 1528/26073] TestIO_M17N#test_io_new_enc = 0.03 s
[ 1529/26073] TestIO_M17N#test_strip_bom_no_conv = 0.04 s
[ 1530/26073] TestIO_M17N#test_getc_conversion = 0.03 s
[ 1531/26073] TestIO_M17N#test_s_foreach_enc_enc = 0.03 s
[ 1532/26073] TestIO_M17N#test_textmode_paragraphmode = 0.09 s
[ 1533/26073] TestIO_M17N#test_getc_ascii_only = 0.03 s
[ 1534/26073] TestIO_M17N#test_textmode_decode_universal_newline_read = 0.07 s
[ 1535/26073] TestIO_M17N#test_binmode_write_ascii_incompat_internal = 0.04 s
[ 1536/26073] TestIO_M17N#test_both_textmode_binmode = 0.02 s
[ 1537/26073] TestIO_M17N#test_open_r_encname_encname = 0.03 s
[ 1538/26073] TestIO_M17N#test_open_w_enc_enc_perm = 0.03 s
[ 1539/26073] TestIO_M17N#test_popen_r_enc_enc_in_opt = 7.54 s
[ 1540/26073] TestIO_M17N#test_textmode_twice = 0.02 s
[ 1541/26073] TestIO_M17N#test_popenv_r_enc_enc_in_opt2 = 7.42 s
[ 1542/26073] TestIO_M17N#test_getc_newlineconv_invalid = 0.04 s
[ 1543/26073] TestIO_M17N#test_default_mode_on_unix = 0.03 s
[ 1544/26073] TestIO_M17N#test_binmode2 = 0.04 s
[ 1545/26073] TestIO_M17N#test_ungetc_stateful_conversion = 0.04 s
[ 1546/26073] TestIO_M17N#test_getc_invalid3 = 0.08 s
[ 1547/26073] TestIO_M17N#test_open_r_enc_in_opt = 0.03 s
[ 1548/26073] TestIO_M17N#test_open_r_encname_encname_in_opt = 0.03 s
[ 1549/26073] TestIO_M17N#test_s_foreach_open_args_enc_enc = 0.03 s
[ 1550/26073] TestIO_M17N#test_invalid_r = 0.05 s
[ 1551/26073] TestIO_M17N#test_read_all = 0.05 s
[ 1552/26073] TestIO_M17N#test_pipe = 0.76 s
[ 1553/26073] TestIO_M17N#test_set_encoding_argument_parsing = 0.05 s
[ 1554/26073] TestIO_M17N#test_file_foreach = 0.05 s
[ 1555/26073] TestIO_M17N#test_open_wb = 0.03 s
[ 1556/26073] TestIO_M17N#test_getc_newlineconv = 0.03 s
[ 1557/26073] TestIO_M17N#test_strip_bom_invalid = 0.04 s
[ 1558/26073] TestIO_M17N#test_pipe_terminator_conversion = 0.04 s
[ 1559/26073] TestIO_M17N#test_terminator_stateful_conversion = 0.03 s
[ 1560/26073] TestIO_M17N#test_gets_limit = 0.62 s
[ 1561/26073] TestIO_M17N#test_cr_decorator_on_stdout = 7.45 s
[ 1562/26073] TestIO_M17N#test_binmode = 0.05 s
[ 1563/26073] TestIO_M17N#test_open_r_enc_enc_in_opt = 0.03 s
[ 1564/26073] TestIter::YieldBlock#test_yield_block = 0.03 s
[ 1565/26073] TestIter::YieldBlock#test_yield_lambda = 0.01 s
[ 1566/26073] PStoreTest#test_changes_are_not_written_on_abort = 0.05 s
[ 1567/26073] PStoreTest#test_data_should_be_loaded_correctly_when_in_readonly_mode = 0.03 s
[ 1568/26073] PStoreTest#test_data_should_be_loaded_correctly_when_in_readwrite_mode = 0.03 s
[ 1569/26073] PStoreTest#test_changes_after_commit_are_discarded = 0.03 s
[ 1570/26073] PStoreTest#test_opening_new_file_in_readonly_mode_should_result_in_empty_values = 0.02
 s
[ 1571/26073] PStoreTest#test_writing_inside_readonly_transaction_raises_error = 0.02 s
[ 1572/26073] PStoreTest#test_pstore_files_are_accessed_as_binary_files = 10.38 s
[ 1573/26073] PStoreTest#test_key_p = 0.04 s
[ 1574/26073] PStoreTest#test_nested_transaction_raises_error = 0.08 s
[ 1575/26073] PStoreTest#test_thread_safe = 0.08 s
[ 1576/26073] PStoreTest#test_opening_new_file_in_readwrite_mode_should_result_in_empty_values = 0.0
2 s
[ 1577/26073] PStoreTest#test_keys = 0.05 s
[ 1578/26073] TestGemExtCargoBuilder#test_build_cdylib = 0.81 s
[ 1579/26073] TestGemExtCargoBuilder#test_custom_name = 0.77 s
[ 1580/26073] TestGemExtCargoBuilder#test_build_fail = 0.76 s
[ 1581/26073] TestGemExtCargoBuilder#test_rubygems_cfg_passed_to_rustc = 0.78 s
[ 1582/26073] TestGemExtCargoBuilder#test_full_integration = 0.77 s
[ 1583/26073] TestGemResolverAPISpecification#test_spec = 1.22 s
[ 1584/26073] TestGemResolverAPISpecification#test_spec_jruby_platform = 1.00 s
[ 1585/26073] TestGemResolverAPISpecification#test_fetch_development_dependencies = 1.22 s
[ 1586/26073] TestGemResolverAPISpecification#test_initialize = 0.60 s
[ 1587/26073] TestGemResolverAPISpecification#test_installable_platform_eh = 0.52 s
[ 1588/26073] TestGemResolverAPISpecification#test_source = 0.50 s
[ 1589/26073] TestMarshal::TestMarshalFreezeProc#test_exception_subclass = 0.05 s
[ 1590/26073] TestMarshal::TestMarshalFreezeProc#test_struct = 0.03 s
[ 1591/26073] TestMarshal::TestMarshalFreezeProc#test_array_subclass = 0.04 s
[ 1592/26073] TestMarshal::TestMarshalFreezeProc#test_string = 0.03 s
[ 1593/26073] TestMarshal::TestMarshalFreezeProc#test_extend = 0.06 s
[ 1594/26073] TestMarshal::TestMarshalFreezeProc#test_hash_extend = 0.05 s
[ 1595/26073] TestMarshal::TestMarshalFreezeProc#test_array = 0.05 s
[ 1596/26073] TestMarshal::TestMarshalFreezeProc#test_float_inf_nan = 0.08 s
[ 1597/26073] TestMarshal::TestMarshalFreezeProc#test_string_crlf = 0.03 s
[ 1598/26073] TestMarshal::TestMarshalFreezeProc#test_struct_ivar = 0.03 s
[ 1599/26073] TestMarshal::TestMarshalFreezeProc#test_true = 0.03 s
[ 1600/26073] TestMarshal::TestMarshalFreezeProc#test_struct_subclass = 0.04 s
[ 1601/26073] TestMarshal::TestMarshalFreezeProc#test_object_subclass_extend = 0.07 s
[ 1602/26073] TestMarshal::TestMarshalFreezeProc#test_string_subclass = 0.03 s
[ 1603/26073] TestMarshal::TestMarshalFreezeProc#test_anonymous = 0.02 s
[ 1604/26073] TestMarshal::TestMarshalFreezeProc#test_object_subclass = 0.03 s
[ 1605/26073] TestMarshal::TestMarshalFreezeProc#test_range_cyclic = 0.02 s
[ 1606/26073] TestMarshal::TestMarshalFreezeProc#test_share = 0.01 s
[ 1607/26073] TestMarshal::TestMarshalFreezeProc#test_time = 0.25 s
[ 1608/26073] TestMarshal::TestMarshalFreezeProc#test_struct_subclass_extend = 0.05 s
[ 1609/26073] TestMarshal::TestMarshalFreezeProc#test_object_prepend = 0.04 s
[ 1610/26073] TestMarshal::TestMarshalFreezeProc#test_regexp = 0.10 s
[ 1611/26073] TestMarshal::TestMarshalFreezeProc#test_symbol = 0.53 s
[ 1612/26073] TestMarshal::TestMarshalFreezeProc#test_float = 0.06 s
[ 1613/26073] TestMarshal::TestMarshalFreezeProc#test_exception = 0.09 s
[ 1614/26073] TestMarshal::TestMarshalFreezeProc#test_bignum = 0.08 s
[ 1615/26073] TestMarshal::TestMarshalFreezeProc#test_nil = 0.03 s
[ 1616/26073] TestMarshal::TestMarshalFreezeProc#test_false = 0.03 s
[ 1617/26073] TestMarshal::TestMarshalFreezeProc#test_time_subclass = 0.04 s
[ 1618/26073] TestMarshal::TestMarshalFreezeProc#test_time_ivar = 0.04 s
[ 1619/26073] TestMarshal::TestMarshalFreezeProc#test_hash = 0.03 s
[ 1620/26073] TestMarshal::TestMarshalFreezeProc#test_object = 0.04 s
[ 1621/26073] TestMarshal::TestMarshalFreezeProc#test_fixnum = 0.11 s
[ 1622/26073] TestMarshal::TestMarshalFreezeProc#test_hash_ivar = 0.03 s
[ 1623/26073] TestMarshal::TestMarshalFreezeProc#test_string_empty = 0.03 s
[ 1624/26073] TestMarshal::TestMarshalFreezeProc#test_object_extend = 0.05 s
[ 1625/26073] TestMarshal::TestMarshalFreezeProc#test_extend_string = 0.06 s
[ 1626/26073] TestMarshal::TestMarshalFreezeProc#test_hash_default_proc = 0.01 s
[ 1627/26073] TestMarshal::TestMarshalFreezeProc#test_regexp_subclass = 0.04 s
[ 1628/26073] TestMarshal::TestMarshalFreezeProc#test_singleton = 0.03 s
[ 1629/26073] TestMarshal::TestMarshalFreezeProc#test_string_subclass_cycle = 0.04 s
[ 1630/26073] TestMarshal::TestMarshalFreezeProc#test_hash_subclass_extend = 0.07 s
[ 1631/26073] TestMarshal::TestMarshalFreezeProc#test_hash_subclass = 0.03 s
[ 1632/26073] TestMarshal::TestMarshalFreezeProc#test_string_subclass_extend = 0.04 s
[ 1633/26073] TestMarshal::TestMarshalFreezeProc#test_struct_toplevel = 0.03 s
[ 1634/26073] TestMarshal::TestMarshalFreezeProc#test_array_ivar = 0.03 s
[ 1635/26073] TestMarshal::TestMarshalFreezeProc#test_hash_default = 0.03 s
[ 1636/26073] TestMarshal::TestMarshalFreezeProc#test_string_escape = 0.03 s
[ 1637/26073] TestMarshal::TestMarshalFreezeProc#test_string_ivar = 0.03 s
[ 1638/26073] TestMarshal::TestMarshalFreezeProc#test_range = 0.05 s
[ 1639/26073] TestMarshal::TestMarshalFreezeProc#test_range_subclass = 0.04 s
[ 1640/26073] TestMarshal::TestMarshalFreezeProc#test_time_in_array = 0.01 s
[ 1641/26073] URI::TestLDAP#test_parse = 0.12 s
[ 1642/26073] URI::TestLDAP#test_parse_invalid_uri = 0.02 s
[ 1643/26073] URI::TestLDAP#test_select = 0.02 s
[ 1644/26073] TestIRB::HelperMethodInsallTest#test_helper_method_install = 0.32 s
[ 1645/26073] Prism::StringQueryTest#test_constant? = 0.02 s
[ 1646/26073] Prism::StringQueryTest#test_local? = 0.02 s
[ 1647/26073] Prism::StringQueryTest#test_invalid_encoding = 0.01 s
[ 1648/26073] Prism::StringQueryTest#test_method_name? = 0.02 s
[ 1649/26073] TestMetaclass#test_metaclass = 0.07 s
[ 1650/26073] TestFileUtilsNoWrite#test_visibility_move = 0.02 s
[ 1651/26073] TestFileUtilsNoWrite#test_visibility_chdir = 0.01 s
[ 1652/26073] TestFileUtilsNoWrite#test_visibility_fu_windows? = 0.01 s
[ 1653/26073] TestFileUtilsNoWrite#test_singleton_visibility_identical? = 0.01 s
[ 1654/26073] TestFileUtilsNoWrite#test_visibility_cp = 0.01 s
[ 1655/26073] TestFileUtilsNoWrite#test_visibility_mkpath = 0.01 s
[ 1656/26073] TestFileUtilsNoWrite#test_singleton_visibility_rm_f = 0.01 s
[ 1657/26073] TestFileUtilsNoWrite#test_visibility_fu_stream_blksize = 0.01 s
[ 1658/26073] TestFileUtilsNoWrite#test_singleton_visibility_cd = 0.01 s
[ 1659/26073] TestFileUtilsNoWrite#test_singleton_visibility_mkpath = 0.01 s
[ 1660/26073] TestFileUtilsNoWrite#test_visibility_safe_unlink = 0.01 s
[ 1661/26073] TestFileUtilsNoWrite#test_visibility_install = 0.01 s
[ 1662/26073] TestFileUtilsNoWrite#test_singleton_visibility_getwd = 0.01 s
[ 1663/26073] TestFileUtilsNoWrite#test_singleton_visibility_fu_blksize = 0.01 s
[ 1664/26073] TestFileUtilsNoWrite#test_visibility_rm_rf = 0.01 s
[ 1665/26073] TestFileUtilsNoWrite#test_singleton_visibility_copy_stream = 0.01 s
[ 1666/26073] TestFileUtilsNoWrite#test_visibility_cd = 0.01 s
[ 1667/26073] TestFileUtilsNoWrite#test_singleton_visibility_chown = 0.01 s
[ 1668/26073] TestFileUtilsNoWrite#test_singleton_visibility_fu_default_blksize = 0.01 s
[ 1669/26073] TestFileUtilsNoWrite#test_visibility_symlink = 0.01 s
[ 1670/26073] TestFileUtilsNoWrite#test_singleton_visibility_chown_R = 0.01 s
[ 1671/26073] TestFileUtilsNoWrite#test_visibility_copy = 0.01 s
[ 1672/26073] TestFileUtilsNoWrite#test_singleton_visibility_remove_file = 0.01 s
[ 1673/26073] TestFileUtilsNoWrite#test_singleton_visibility_compare_file = 0.01 s
[ 1674/26073] TestFileUtilsNoWrite#test_visibility_link = 0.01 s
[ 1675/26073] TestFileUtilsNoWrite#test_visibility_touch = 0.01 s
[ 1676/26073] TestFileUtilsNoWrite#test_singleton_visibility_cp = 0.01 s
[ 1677/26073] TestFileUtilsNoWrite#test_visibility_link_entry = 0.01 s
[ 1678/26073] TestFileUtilsNoWrite#test_singleton_visibility_makedirs = 0.01 s
[ 1679/26073] TestFileUtilsNoWrite#test_singleton_visibility_rm_r = 0.01 s
[ 1680/26073] TestFileUtilsNoWrite#test_singleton_visibility_link = 0.01 s
[ 1681/26073] TestFileUtilsNoWrite#test_singleton_visibility_ln_sr = 0.01 s
[ 1682/26073] TestFileUtilsNoWrite#test_visibility_copy_entry = 0.01 s
[ 1683/26073] TestFileUtilsNoWrite#test_visibility_rm_r = 0.01 s
[ 1684/26073] TestFileUtilsNoWrite#test_singleton_visibility_copy_file = 0.01 s
[ 1685/26073] TestFileUtilsNoWrite#test_visibility_uptodate? = 0.01 s
[ 1686/26073] TestFileUtilsNoWrite#test_visibility_makedirs = 0.01 s
[ 1687/26073] TestFileUtilsNoWrite#test_visibility_mv = 0.01 s
[ 1688/26073] TestFileUtilsNoWrite#test_singleton_visibility_copy = 0.01 s
[ 1689/26073] TestFileUtilsNoWrite#test_visibility_fu_default_blksize = 0.01 s
[ 1690/26073] TestFileUtilsNoWrite#test_visibility_chmod = 0.01 s
[ 1691/26073] TestFileUtilsNoWrite#test_singleton_visibility_mkdir_p = 0.01 s
[ 1692/26073] TestFileUtilsNoWrite#test_singleton_visibility_cp_lr = 0.01 s
[ 1693/26073] TestFileUtilsNoWrite#test_visibility_remove = 0.01 s
[ 1694/26073] TestFileUtilsNoWrite#test_singleton_visibility_mv = 0.01 s
[ 1695/26073] TestFileUtilsNoWrite#test_visibility_compare_file = 0.01 s
[ 1696/26073] TestFileUtilsNoWrite#test_visibility_rm_f = 0.01 s
[ 1697/26073] TestFileUtilsNoWrite#test_visibility_chmod_R = 0.01 s
[ 1698/26073] TestFileUtilsNoWrite#test_singleton_visibility_ln_sf = 0.01 s
[ 1699/26073] TestFileUtilsNoWrite#test_visibility_mkdir = 0.01 s
[ 1700/26073] TestFileUtilsNoWrite#test_singleton_visibility_move = 0.01 s
[ 1701/26073] TestFileUtilsNoWrite#test_singleton_visibility_remove = 0.01 s
[ 1702/26073] TestFileUtilsNoWrite#test_singleton_visibility_rmdir = 0.01 s
[ 1703/26073] TestFileUtilsNoWrite#test_visibility_remove_dir = 0.01 s
[ 1704/26073] TestFileUtilsNoWrite#test_singleton_visibility_compare_stream = 0.01 s
[ 1705/26073] TestFileUtilsNoWrite#test_singleton_visibility_rm = 0.01 s
[ 1706/26073] TestFileUtilsNoWrite#test_singleton_visibility_remove_dir = 0.01 s
[ 1707/26073] TestFileUtilsNoWrite#test_visibility_getwd = 0.01 s
[ 1708/26073] TestFileUtilsNoWrite#test_visibility_pwd = 0.01 s
[ 1709/26073] TestFileUtilsNoWrite#test_singleton_visibility_cmp = 0.01 s
[ 1710/26073] TestFileUtilsNoWrite#test_visibility_copy_stream = 0.01 s
[ 1711/26073] TestFileUtilsNoWrite#test_visibility_chown_R = 0.01 s
[ 1712/26073] TestFileUtilsNoWrite#test_singleton_visibility_symlink = 0.01 s
[ 1713/26073] TestFileUtilsNoWrite#test_visibility_ln_s = 0.01 s
[ 1714/26073] TestFileUtilsNoWrite#test_singleton_visibility_pwd = 0.01 s
[ 1715/26073] TestFileUtilsNoWrite#test_singleton_visibility_remove_entry = 0.01 s
[ 1716/26073] TestFileUtilsNoWrite#test_singleton_visibility_ln = 0.01 s
[ 1717/26073] TestFileUtilsNoWrite#test_visibility_remove_file = 0.01 s
[ 1718/26073] TestFileUtilsNoWrite#test_singleton_visibility_remove_entry_secure = 0.01 s
[ 1719/26073] TestFileUtilsNoWrite#test_singleton_visibility_chdir = 0.01 s
[ 1720/26073] TestFileUtilsNoWrite#test_visibility_cmp = 0.01 s
[ 1721/26073] TestFileUtilsNoWrite#test_singleton_visibility_touch = 0.01 s
[ 1722/26073] TestFileUtilsNoWrite#test_visibility_ln = 0.01 s
[ 1723/26073] TestFileUtilsNoWrite#test_singleton_visibility_fu_windows? = 0.01 s
[ 1724/26073] TestFileUtilsNoWrite#test_visibility_chown = 0.01 s
[ 1725/26073] TestFileUtilsNoWrite#test_visibility_rm = 0.01 s
[ 1726/26073] TestFileUtilsNoWrite#test_singleton_visibility_safe_unlink = 0.01 s
[ 1727/26073] TestFileUtilsNoWrite#test_singleton_visibility_copy_entry = 0.01 s
[ 1728/26073] TestFileUtilsNoWrite#test_singleton_visibility_rm_rf = 0.01 s
[ 1729/26073] TestFileUtilsNoWrite#test_visibility_cp_r = 0.01 s
[ 1730/26073] TestFileUtilsNoWrite#test_singleton_visibility_install = 0.01 s
[ 1731/26073] TestFileUtilsNoWrite#test_singleton_visibility_link_entry = 0.01 s
[ 1732/26073] TestFileUtilsNoWrite#test_singleton_visibility_chmod = 0.01 s
[ 1733/26073] TestFileUtilsNoWrite#test_visibility_rmtree = 0.01 s
[ 1734/26073] TestFileUtilsNoWrite#test_singleton_visibility_cp_r = 0.01 s
[ 1735/26073] TestFileUtilsNoWrite#test_visibility_remove_entry = 0.01 s
[ 1736/26073] TestFileUtilsNoWrite#test_singleton_visibility_chmod_R = 0.01 s
[ 1737/26073] TestFileUtilsNoWrite#test_visibility_copy_file = 0.01 s
[ 1738/26073] TestFileUtilsNoWrite#test_singleton_visibility_uptodate? = 0.01 s
[ 1739/26073] TestFileUtilsNoWrite#test_visibility_remove_entry_secure = 0.01 s
[ 1740/26073] TestFileUtilsNoWrite#test_singleton_visibility_rmtree = 0.01 s
[ 1741/26073] TestFileUtilsNoWrite#test_visibility_ln_sr = 0.01 s
[ 1742/26073] TestFileUtilsNoWrite#test_visibility_fu_blksize = 0.01 s
[ 1743/26073] TestFileUtilsNoWrite#test_singleton_visibility_fu_copy_stream0 = 0.01 s
[ 1744/26073] TestFileUtilsNoWrite#test_visibility_rmdir = 0.01 s
[ 1745/26073] TestFileUtilsNoWrite#test_singleton_visibility_fu_stream_blksize = 0.01 s
[ 1746/26073] TestFileUtilsNoWrite#test_visibility_compare_stream = 0.01 s
[ 1747/26073] TestFileUtilsNoWrite#test_singleton_visibility_ln_s = 0.01 s
[ 1748/26073] TestFileUtilsNoWrite#test_singleton_visibility_mkdir = 0.01 s
[ 1749/26073] TestFileUtilsNoWrite#test_visibility_ln_sf = 0.01 s
[ 1750/26073] TestFileUtilsNoWrite#test_visibility_cp_lr = 0.01 s
[ 1751/26073] TestFileUtilsNoWrite#test_visibility_mkdir_p = 0.01 s
[ 1752/26073] TestFileUtilsNoWrite#test_visibility_identical? = 0.01 s
[ 1753/26073] TestFileUtilsNoWrite#test_visibility_fu_copy_stream0 = 0.01 s
[ 1754/26073] NameErrorExtensionTest#test_to_s_does_not_make_disruptive_changes_to_error_message = 0
.29 s
[ 1755/26073] NameErrorExtensionTest#test_message = 0.13 s
[ 1756/26073] NameErrorExtensionTest#test_correctable_error_objects_are_dumpable = 1.20 s
[ 1757/26073] TestTimeTZ::DummyTZ#"test_hour24@Asia/Tokyo" = 0.02 s
[ 1758/26073] TestTimeTZ::DummyTZ#"test_at@Africa/Ndjamena" = 0.02 s
[ 1759/26073] TestTimeTZ::DummyTZ#"test_getlocal@Asia/Tokyo" = 0.02 s
[ 1760/26073] TestTimeTZ::DummyTZ#"test_marshal@Africa/Ndjamena" = 0.03 s
[ 1761/26073] TestTimeTZ::DummyTZ#"test_plus@Etc/UTC" = 0.02 s
[ 1762/26073] TestTimeTZ::DummyTZ#"test_strftime@America/Los_Angeles" = 0.02 s
[ 1763/26073] TestTimeTZ::DummyTZ#"test_fractional_second@Asia/Tokyo" = 0.02 s
[ 1764/26073] TestTimeTZ::DummyTZ#"test_strftime@Africa/Ndjamena" = 0.02 s
[ 1765/26073] TestTimeTZ::DummyTZ#"test_now@Africa/Ndjamena" = 0.01 s
[ 1766/26073] TestTimeTZ::DummyTZ#"test_at@Etc/UTC" = 0.02 s
[ 1767/26073] TestTimeTZ::DummyTZ#"test_at@Asia/Tokyo" = 0.02 s
[ 1768/26073] TestTimeTZ::DummyTZ#"test_hour24@Etc/UTC" = 0.01 s
[ 1769/26073] TestTimeTZ::DummyTZ#"test_to_a@America/Los_Angeles" = 0.02 s
[ 1770/26073] TestTimeTZ::DummyTZ#"test_getlocal@Etc/UTC" = 0.02 s
[ 1771/26073] TestTimeTZ::DummyTZ#"test_new@Africa/Ndjamena" = 0.03 s
[ 1772/26073] TestTimeTZ::DummyTZ#"test_getlocal@Africa/Ndjamena" = 0.02 s
[ 1773/26073] TestTimeTZ::DummyTZ#test_invalid_zone = 0.01 s
[ 1774/26073] TestTimeTZ::DummyTZ#"test_fractional_second@America/Los_Angeles" = 0.02 s
[ 1775/26073] TestTimeTZ::DummyTZ#"test_plus@America/Los_Angeles" = 0.02 s
[ 1776/26073] TestTimeTZ::DummyTZ#"test_strftime@Etc/UTC" = 0.02 s
[ 1777/26073] TestTimeTZ::DummyTZ#"test_fractional_second@Africa/Ndjamena" = 0.02 s
[ 1778/26073] TestTimeTZ::DummyTZ#"test_new@Asia/Tokyo" = 0.03 s
[ 1779/26073] TestTimeTZ::DummyTZ#"test_hour24@America/Los_Angeles" = 0.01 s
[ 1780/26073] TestTimeTZ::DummyTZ#"test_getlocal@America/Los_Angeles" = 0.02 s
[ 1781/26073] TestTimeTZ::DummyTZ#"test_marshal@America/Los_Angeles" = 0.03 s
[ 1782/26073] TestTimeTZ::DummyTZ#"test_plus@Asia/Tokyo" = 0.02 s
[ 1783/26073] TestTimeTZ::DummyTZ#test_fractional_second = 0.01 s
[ 1784/26073] TestTimeTZ::DummyTZ#"test_marshal_compatibility@Africa/Ndjamena" = 0.02 s
[ 1785/26073] TestTimeTZ::DummyTZ#"test_dst?@Africa/Ndjamena" = 0.01 s
[ 1786/26073] TestTimeTZ::DummyTZ#"test_at@America/Los_Angeles" = 0.02 s
[ 1787/26073] TestTimeTZ::DummyTZ#"test_dst?@Etc/UTC" = 0.01 s
[ 1788/26073] TestTimeTZ::DummyTZ#"test_now@Etc/UTC" = 0.01 s
[ 1789/26073] TestTimeTZ::DummyTZ#"test_plus@Africa/Ndjamena" = 0.02 s
[ 1790/26073] TestTimeTZ::DummyTZ#"test_fractional_second@Etc/UTC" = 0.02 s
[ 1791/26073] TestTimeTZ::DummyTZ#"test_marshal@Asia/Tokyo" = 0.03 s
[ 1792/26073] TestTimeTZ::DummyTZ#"test_new@America/Los_Angeles" = 0.03 s
[ 1793/26073] TestTimeTZ::DummyTZ#"test_hour24@Africa/Ndjamena" = 0.01 s
[ 1794/26073] TestTimeTZ::DummyTZ#"test_marshal_compatibility@America/Los_Angeles" = 0.01 s
[ 1795/26073] TestTimeTZ::DummyTZ#"test_to_a@Asia/Tokyo" = 0.01 s
[ 1796/26073] TestTimeTZ::DummyTZ#"test_now@Asia/Tokyo" = 0.01 s
[ 1797/26073] TestTimeTZ::DummyTZ#"test_now@America/Los_Angeles" = 0.01 s
[ 1798/26073] TestTimeTZ::DummyTZ#"test_marshal_compatibility@Etc/UTC" = 0.01 s
[ 1799/26073] TestTimeTZ::DummyTZ#"test_dst?@Asia/Tokyo" = 0.01 s
[ 1800/26073] TestTimeTZ::DummyTZ#"test_to_a@Africa/Ndjamena" = 0.01 s
[ 1801/26073] TestTimeTZ::DummyTZ#"test_dst?@America/Los_Angeles" = 0.02 s
[ 1802/26073] TestTimeTZ::DummyTZ#"test_marshal@Etc/UTC" = 0.03 s
[ 1803/26073] TestTimeTZ::DummyTZ#"test_new@Etc/UTC" = 0.03 s
[ 1804/26073] TestTimeTZ::DummyTZ#"test_marshal_compatibility@Asia/Tokyo" = 0.02 s
[ 1805/26073] TestTimeTZ::DummyTZ#"test_to_a@Etc/UTC" = 0.01 s
[ 1806/26073] TestTimeTZ::DummyTZ#"test_strftime@Asia/Tokyo" = 0.02 s
[ 1807/26073] TestRandomExt::TestVersionZero#test_bad_version = 0.10 s
[ 1808/26073] TestDigestRactor::TestSHA512Ractor#test_s_hexdigest = 2.69 s
[ 1809/26073] TestDigestExtend#test_digest = 0.02 s
[ 1810/26073] TestDigestExtend#test_digest_s_hexencode = 0.14 s
[ 1811/26073] TestDigestExtend#test_digest_length = 0.01 s
[ 1812/26073] TestDigestExtend#test_block_length = 0.01 s
[ 1813/26073] TestDigestExtend#test_length = 0.01 s
[ 1814/26073] TestDigestExtend#test_new = 0.02 s
[ 1815/26073] TestDigestExtend#test_context = 0.02 s
[ 1816/26073] TestDigestExtend#test_hexdigest = 0.01 s
[ 1817/26073] TestDigestExtend#test_digest_hexdigest = 0.02 s
[ 1818/26073] TestDigestExtend#test_class_reset = 0.02 s
[ 1819/26073] TestDigestExtend#test_to_s = 0.01 s
[ 1820/26073] TestDigestExtend#test_digest_hexdigest_bang = 0.01 s
[ 1821/26073] Rational_Test2#test_kumi = 0.87 s
[ 1822/26073] CGIUtilTest#test_cgi_escape_html_preserve_encoding = 0.02 s
[ 1823/26073] CGIUtilTest#test_cgi_unescape_uri_component = 0.01 s
[ 1824/26073] CGIUtilTest#"test_cgi_escapeHTML:EUC-JP" = 0.01 s
[ 1825/26073] CGIUtilTest#"test_cgi_escapeHTML:IBM866" = 0.01 s
[ 1826/26073] CGIUtilTest#test_cgi_unescapeHTML_following_number_sign = 0.01 s
[ 1827/26073] CGIUtilTest#"test_cgi_escapeHTML:ISO-2022-JP-KDDI" = 0.02 s
[ 1828/26073] CGIUtilTest#"test_cgi_escape:UTF8-KDDI" = 0.01 s
[ 1829/26073] CGIUtilTest#"test_cgi_escapeHTML:GB18030" = 0.01 s
[ 1830/26073] CGIUtilTest#"test_cgi_unescapeHTML:stateless-ISO-2022-JP" = 0.01 s
[ 1831/26073] CGIUtilTest#"test_cgi_unescape:GB18030" = 0.01 s
[ 1832/26073] CGIUtilTest#"test_cgi_unescapeHTML:IBM869" = 0.01 s
[ 1833/26073] CGIUtilTest#"test_cgi_escapeHTML:IBM864" = 0.01 s
[ 1834/26073] CGIUtilTest#"test_cgi_unescape:EUC-JIS-2004" = 0.01 s
[ 1835/26073] CGIUtilTest#"test_cgi_escapeHTML:EUC-JIS-2004" = 0.01 s
[ 1836/26073] CGIUtilTest#"test_cgi_unescapeHTML:macRoman" = 0.01 s
[ 1837/26073] CGIUtilTest#"test_cgi_escapeHTML:IBM862" = 0.01 s
[ 1838/26073] CGIUtilTest#"test_cgi_unescape:UTF8-SoftBank" = 0.01 s
[ 1839/26073] CGIUtilTest#"test_cgi_escapeHTML:IBM860" = 0.01 s
[ 1840/26073] CGIUtilTest#"test_cgi_unescape:SJIS-KDDI" = 0.01 s
[ 1841/26073] CGIUtilTest#"test_cgi_unescape:macCyrillic" = 0.01 s
[ 1842/26073] CGIUtilTest#"test_cgi_unescapeHTML:ISO-8859-9" = 0.01 s
[ 1843/26073] CGIUtilTest#"test_cgi_unescape:KOI8-R" = 0.01 s
[ 1844/26073] CGIUtilTest#"test_cgi_unescapeHTML:ISO-8859-7" = 0.01 s
[ 1845/26073] CGIUtilTest#"test_cgi_escapeHTML:ISO-8859-16" = 0.01 s
[ 1846/26073] CGIUtilTest#"test_cgi_unescapeHTML:UTF-16LE" = 0.02 s
[ 1847/26073] CGIUtilTest#"test_cgi_escapeHTML:macGreek" = 0.01 s
[ 1848/26073] CGIUtilTest#"test_cgi_escape:ISO-8859-11" = 0.01 s
[ 1849/26073] CGIUtilTest#"test_cgi_unescapeHTML:IBM863" = 0.01 s
[ 1850/26073] CGIUtilTest#"test_cgi_unescapeHTML:macCentEuro" = 0.01 s
[ 1851/26073] CGIUtilTest#"test_cgi_escapeHTML:ISO-8859-14" = 0.01 s
[ 1852/26073] CGIUtilTest#test_cgi_escape_html_large = 0.01 s
[ 1853/26073] CGIUtilTest#"test_cgi_unescapeHTML:ISO-8859-5" = 0.01 s
[ 1854/26073] CGIUtilTest#"test_cgi_escapeHTML:Big5-HKSCS" = 0.01 s
[ 1855/26073] CGIUtilTest#"test_cgi_unescape:IBM852" = 0.01 s
[ 1856/26073] CGIUtilTest#"test_cgi_unescapeHTML:CP950" = 0.01 s
[ 1857/26073] CGIUtilTest#"test_cgi_escapeHTML:UTF-16BE" = 0.02 s
[ 1858/26073] CGIUtilTest#"test_cgi_unescapeHTML:UTF8-SoftBank" = 0.01 s
[ 1859/26073] CGIUtilTest#"test_cgi_escape:IBM775" = 0.01 s
[ 1860/26073] CGIUtilTest#"test_cgi_unescapeHTML:Big5-UAO" = 0.01 s
[ 1861/26073] CGIUtilTest#"test_cgi_unescapeHTML:IBM861" = 0.01 s
[ 1862/26073] CGIUtilTest#"test_cgi_escape:ISO-8859-13" = 0.01 s
[ 1863/26073] CGIUtilTest#"test_cgi_unescapeHTML:GB12345" = 0.01 s
[ 1864/26073] CGIUtilTest#"test_cgi_unescapeHTML:IBM737" = 0.01 s
[ 1865/26073] CGIUtilTest#"test_cgi_unescapeHTML:macTurkish" = 0.01 s
[ 1866/26073] CGIUtilTest#"test_cgi_escapeHTML:UTF8-MAC" = 0.01 s
[ 1867/26073] CGIUtilTest#"test_cgi_unescape:CP852" = 0.01 s
[ 1868/26073] CGIUtilTest#"test_cgi_unescapeHTML:ISO-8859-3" = 0.01 s
[ 1869/26073] CGIUtilTest#"test_cgi_escapeHTML:eucJP-ms" = 0.01 s
[ 1870/26073] CGIUtilTest#test_cgi_escape = 0.01 s
[ 1871/26073] CGIUtilTest#"test_cgi_unescapeHTML:UTF-8" = 0.01 s
[ 1872/26073] CGIUtilTest#"test_cgi_escapeHTML:GB1988" = 0.01 s
[ 1873/26073] CGIUtilTest#"test_cgi_escape:ISO-8859-15" = 0.01 s
[ 1874/26073] CGIUtilTest#"test_cgi_unescapeHTML:ISO-8859-1" = 0.01 s
[ 1875/26073] CGIUtilTest#"test_cgi_unescape:CP850" = 0.01 s
[ 1876/26073] CGIUtilTest#"test_cgi_unescape:stateless-ISO-2022-JP-KDDI" = 0.01 s
[ 1877/26073] CGIUtilTest#"test_cgi_escapeHTML:ISO-8859-10" = 0.01 s
[ 1878/26073] CGIUtilTest#test_cgi_include_unescapeHTML = 0.01 s
[ 1879/26073] CGIUtilTest#"test_cgi_unescape:IBM437" = 0.01 s
[ 1880/26073] CGIUtilTest#test_cgi_unescapeURIComponent = 0.01 s
[ 1881/26073] CGIUtilTest#"test_cgi_unescapeHTML:IBM865" = 0.01 s
[ 1882/26073] CGIUtilTest#test_cgi_unescapeHTML_following_invalid_numeric = 0.01 s
[ 1883/26073] CGIUtilTest#"test_cgi_escapeHTML:EUC-TW" = 0.01 s
[ 1884/26073] CGIUtilTest#"test_cgi_escapeHTML:GB2312" = 0.01 s
[ 1885/26073] CGIUtilTest#"test_cgi_unescapeHTML:UTF-32BE" = 0.02 s
[ 1886/26073] CGIUtilTest#"test_cgi_escape:Windows-1256" = 0.01 s
[ 1887/26073] CGIUtilTest#"test_cgi_unescapeHTML:CP50221" = 0.02 s
[ 1888/26073] CGIUtilTest#"test_cgi_escapeHTML:UTF-32LE" = 0.02 s
[ 1889/26073] CGIUtilTest#"test_cgi_escape:GB12345" = 0.01 s
[ 1890/26073] CGIUtilTest#"test_cgi_escapeHTML:Emacs-Mule" = 0.01 s
[ 1891/26073] CGIUtilTest#"test_cgi_escape:ASCII-8BIT" = 0.01 s
[ 1892/26073] CGIUtilTest#"test_cgi_escape:KOI8-U" = 0.01 s
[ 1893/26073] CGIUtilTest#"test_cgi_escape:ISO-8859-2" = 0.01 s
[ 1894/26073] CGIUtilTest#"test_cgi_escape:Windows-1254" = 0.01 s
[ 1895/26073] CGIUtilTest#"test_cgi_escape:CESU-8" = 0.01 s
[ 1896/26073] CGIUtilTest#"test_cgi_escape:CP951" = 0.01 s
[ 1897/26073] CGIUtilTest#"test_cgi_unescapeHTML:EUC-JIS-2004" = 0.01 s
[ 1898/26073] CGIUtilTest#"test_cgi_unescapeHTML:CP949" = 0.01 s
[ 1899/26073] CGIUtilTest#"test_cgi_escape:ISO-8859-4" = 0.01 s
[ 1900/26073] CGIUtilTest#"test_cgi_unescape:ISO-8859-9" = 0.01 s
[ 1901/26073] CGIUtilTest#"test_cgi_escape:Windows-1252" = 0.01 s
[ 1902/26073] CGIUtilTest#"test_cgi_escapeHTML:CP855" = 0.01 s
[ 1903/26073] CGIUtilTest#"test_cgi_escapeHTML:SJIS-KDDI" = 0.01 s
[ 1904/26073] CGIUtilTest#test_cgi_escapeURIComponent_preserve_encoding = 0.01 s
[ 1905/26073] CGIUtilTest#"test_cgi_escape:Windows-1250" = 0.01 s
[ 1906/26073] CGIUtilTest#"test_cgi_escape:ISO-8859-6" = 0.01 s
[ 1907/26073] CGIUtilTest#"test_cgi_escape:ISO-8859-8" = 0.01 s
[ 1908/26073] CGIUtilTest#"test_cgi_unescape:ISO-8859-5" = 0.01 s
[ 1909/26073] CGIUtilTest#"test_cgi_unescapeHTML:EUC-KR" = 0.01 s
[ 1910/26073] CGIUtilTest#"test_cgi_escapeHTML:Windows-874" = 0.01 s
[ 1911/26073] CGIUtilTest#"test_cgi_unescapeHTML:UTF-16" = 0.02 s
[ 1912/26073] CGIUtilTest#"test_cgi_unescapeHTML:ISO-8859-13" = 0.01 s
[ 1913/26073] CGIUtilTest#"test_cgi_unescape:ISO-8859-7" = 0.01 s
[ 1914/26073] CGIUtilTest#"test_cgi_unescapeHTML:ISO-8859-11" = 0.01 s
[ 1915/26073] CGIUtilTest#"test_cgi_escape:macCentEuro" = 0.01 s
[ 1916/26073] CGIUtilTest#"test_cgi_escape:IBM857" = 0.01 s
[ 1917/26073] CGIUtilTest#test_cgi_unescapeHTML_uppercasecharacter = 0.01 s
[ 1918/26073] CGIUtilTest#"test_cgi_unescape:Windows-31J" = 0.01 s
[ 1919/26073] CGIUtilTest#"test_cgi_escapeHTML:US-ASCII" = 0.01 s
[ 1920/26073] CGIUtilTest#"test_cgi_unescape:ISO-8859-1" = 0.01 s
[ 1921/26073] CGIUtilTest#"test_cgi_unescape:CP51932" = 0.01 s
[ 1922/26073] CGIUtilTest#"test_cgi_unescapeHTML:stateless-ISO-2022-JP-KDDI" = 0.01 s
[ 1923/26073] CGIUtilTest#"test_cgi_unescapeHTML:IBM720" = 0.01 s
[ 1924/26073] CGIUtilTest#"test_cgi_escape:IBM855" = 0.01 s
[ 1925/26073] CGIUtilTest#"test_cgi_unescape:macTurkish" = 0.01 s
[ 1926/26073] CGIUtilTest#"test_cgi_escapeHTML:CP51932" = 0.01 s
[ 1927/26073] CGIUtilTest#"test_cgi_unescape:ISO-8859-3" = 0.01 s
[ 1928/26073] CGIUtilTest#"test_cgi_escape:Windows-1258" = 0.01 s
[ 1929/26073] CGIUtilTest#"test_cgi_unescapeHTML:ISO-8859-15" = 0.01 s
[ 1930/26073] CGIUtilTest#test_cgi_unescape_preserve_encoding = 0.01 s
[ 1931/26073] CGIUtilTest#"test_cgi_unescape:EUC-KR" = 0.01 s
[ 1932/26073] CGIUtilTest#"test_cgi_escapeHTML:Windows-31J" = 0.01 s
[ 1933/26073] CGIUtilTest#"test_cgi_escapeHTML:Big5-UAO" = 0.01 s
[ 1934/26073] CGIUtilTest#"test_cgi_unescapeHTML:UTF-16BE" = 0.02 s
[ 1935/26073] CGIUtilTest#"test_cgi_unescapeHTML:SJIS-SoftBank" = 0.01 s
[ 1936/26073] CGIUtilTest#"test_cgi_unescapeHTML:SJIS-DoCoMo" = 0.01 s
[ 1937/26073] CGIUtilTest#"test_cgi_unescapeHTML:Big5-HKSCS" = 0.01 s
[ 1938/26073] CGIUtilTest#"test_cgi_escapeHTML:ISO-8859-5" = 0.01 s
[ 1939/26073] CGIUtilTest#"test_cgi_escape:IBM860" = 0.01 s
[ 1940/26073] CGIUtilTest#"test_cgi_unescapeHTML:Windows-1258" = 0.01 s
[ 1941/26073] CGIUtilTest#test_cgi_escapeElement = 0.03 s
[ 1942/26073] CGIUtilTest#"test_cgi_unescapeHTML:macGreek" = 0.01 s
[ 1943/26073] CGIUtilTest#"test_cgi_escapeHTML:UTF-16LE" = 0.02 s
[ 1944/26073] CGIUtilTest#"test_cgi_unescape:UTF8-KDDI" = 0.01 s
[ 1945/26073] CGIUtilTest#"test_cgi_escape:macIceland" = 0.01 s
[ 1946/26073] CGIUtilTest#"test_cgi_escapeHTML:ISO-8859-7" = 0.01 s
[ 1947/26073] CGIUtilTest#"test_cgi_escape:IBM862" = 0.01 s
[ 1948/26073] CGIUtilTest#"test_cgi_unescape:Windows-874" = 0.01 s
[ 1949/26073] CGIUtilTest#"test_cgi_escape:SJIS-KDDI" = 0.01 s
[ 1950/26073] CGIUtilTest#test_cgi_pretty = 0.04 s
[ 1951/26073] CGIUtilTest#"test_cgi_unescape:IBM720" = 0.01 s
[ 1952/26073] CGIUtilTest#"test_cgi_escape:IBM864" = 0.01 s
[ 1953/26073] CGIUtilTest#"test_cgi_escapeHTML:ISO-8859-1" = 0.01 s
[ 1954/26073] CGIUtilTest#"test_cgi_unescape:GBK" = 0.01 s
[ 1955/26073] CGIUtilTest#"test_cgi_unescape:Big5" = 0.01 s
[ 1956/26073] CGIUtilTest#"test_cgi_unescapeHTML:eucJP-ms" = 0.01 s
[ 1957/26073] CGIUtilTest#"test_cgi_escape:EUC-JP" = 0.01 s
[ 1958/26073] CGIUtilTest#"test_cgi_escape:IBM866" = 0.01 s
[ 1959/26073] CGIUtilTest#"test_cgi_escapeHTML:ISO-8859-3" = 0.01 s
[ 1960/26073] CGIUtilTest#"test_cgi_unescapeHTML:UTF8-MAC" = 0.01 s
[ 1961/26073] CGIUtilTest#"test_cgi_escapeHTML:macTurkish" = 0.01 s
[ 1962/26073] CGIUtilTest#"test_cgi_escapeHTML:macRoman" = 0.01 s
[ 1963/26073] CGIUtilTest#"test_cgi_escape:EUC-TW" = 0.01 s
[ 1964/26073] CGIUtilTest#"test_cgi_escapeHTML:CP950" = 0.01 s
[ 1965/26073] CGIUtilTest#"test_cgi_escape:EUC-JIS-2004" = 0.01 s
[ 1966/26073] CGIUtilTest#"test_cgi_unescapeHTML:Windows-1252" = 0.01 s
[ 1967/26073] CGIUtilTest#"test_cgi_escape:CP850" = 0.01 s
[ 1968/26073] CGIUtilTest#"test_cgi_escape:GB1988" = 0.01 s
[ 1969/26073] CGIUtilTest#"test_cgi_escape:stateless-ISO-2022-JP-KDDI" = 0.01 s
[ 1970/26073] CGIUtilTest#"test_cgi_escape:UTF8-DoCoMo" = 0.01 s
[ 1971/26073] CGIUtilTest#"test_cgi_escapeHTML:CP50220" = 0.02 s
[ 1972/26073] CGIUtilTest#"test_cgi_unescape:Emacs-Mule" = 0.01 s
[ 1973/26073] CGIUtilTest#"test_cgi_escape:CP852" = 0.01 s
[ 1974/26073] CGIUtilTest#"test_cgi_unescapeHTML:Windows-1250" = 0.01 s
[ 1975/26073] CGIUtilTest#"test_cgi_unescapeHTML:macCroatian" = 0.01 s
[ 1976/26073] CGIUtilTest#"test_cgi_escapeHTML:IBM775" = 0.01 s
[ 1977/26073] CGIUtilTest#"test_cgi_escapeHTML:ISO-8859-9" = 0.01 s
[ 1978/26073] CGIUtilTest#"test_cgi_unescapeHTML:Windows-1256" = 0.01 s
[ 1979/26073] CGIUtilTest#"test_cgi_escape:TIS-620" = 0.01 s
[ 1980/26073] CGIUtilTest#"test_cgi_escape:MacJapanese" = 0.01 s
[ 1981/26073] CGIUtilTest#test_cgi_escape_with_invalid_byte_sequence = 0.01 s
[ 1982/26073] CGIUtilTest#"test_cgi_unescapeHTML:Windows-1254" = 0.01 s
[ 1983/26073] CGIUtilTest#"test_cgi_unescape:SJIS-SoftBank" = 0.01 s
[ 1984/26073] CGIUtilTest#test_cgi_unescapeHTML_invalid = 0.01 s
[ 1985/26073] CGIUtilTest#"test_cgi_escapeHTML:UTF-8" = 0.01 s
[ 1986/26073] CGIUtilTest#test_cgi_escapeURIComponent_with_invalid_byte_sequence = 0.01 s
[ 1987/26073] CGIUtilTest#"test_cgi_unescapeHTML:UTF-32" = 0.02 s
[ 1988/26073] CGIUtilTest#test_cgi_escapeHTML = 0.01 s
[ 1989/26073] CGIUtilTest#"test_cgi_unescapeHTML:TIS-620" = 0.01 s
[ 1990/26073] CGIUtilTest#test_cgi_escape_html_dont_freeze = 0.02 s
[ 1991/26073] CGIUtilTest#"test_cgi_unescape:stateless-ISO-2022-JP" = 0.01 s
[ 1992/26073] CGIUtilTest#"test_cgi_unescape:IBM863" = 0.01 s
[ 1993/26073] CGIUtilTest#"test_cgi_escape:macUkraine" = 0.01 s
[ 1994/26073] CGIUtilTest#"test_cgi_unescapeHTML:IBM852" = 0.01 s
[ 1995/26073] CGIUtilTest#"test_cgi_unescape:ISO-8859-10" = 0.01 s
[ 1996/26073] CGIUtilTest#"test_cgi_escape:SJIS-DoCoMo" = 0.01 s
[ 1997/26073] CGIUtilTest#"test_cgi_unescapeHTML:Shift_JIS" = 0.01 s
[ 1998/26073] CGIUtilTest#"test_cgi_unescape:Big5-HKSCS" = 0.01 s
[ 1999/26073] CGIUtilTest#"test_cgi_unescape:IBM861" = 0.01 s
[ 2000/26073] CGIUtilTest#test_cgi_include_escapeHTML = 0.01 s
[ 2001/26073] CGIUtilTest#"test_cgi_escapeHTML:UTF8-KDDI" = 0.01 s
[ 2002/26073] CGIUtilTest#test_cgi_include_escape = 0.01 s
[ 2003/26073] CGIUtilTest#"test_cgi_unescapeHTML:CP855" = 0.01 s
[ 2004/26073] CGIUtilTest#"test_cgi_escapeHTML:CESU-8" = 0.01 s
[ 2005/26073] CGIUtilTest#"test_cgi_unescape:CP951" = 0.01 s
[ 2006/26073] CGIUtilTest#"test_cgi_unescape:IBM737" = 0.01 s
[ 2007/26073] CGIUtilTest#"test_cgi_unescape:ISO-8859-16" = 0.01 s
[ 2008/26073] CGIUtilTest#"test_cgi_escapeHTML:KOI8-U" = 0.01 s
[ 2009/26073] CGIUtilTest#"test_cgi_unescape:Windows-1258" = 0.01 s
[ 2010/26073] CGIUtilTest#"test_cgi_escapeHTML:Windows-1258" = 0.01 s
[ 2011/26073] CGIUtilTest#"test_cgi_unescapeHTML:ISO-2022-JP" = 0.02 s
[ 2012/26073] CGIUtilTest#"test_cgi_escapeHTML:CP949" = 0.01 s
[ 2013/26073] CGIUtilTest#"test_cgi_unescapeHTML:IBM037" = 0.02 s
[ 2014/26073] CGIUtilTest#"test_cgi_unescape:ISO-8859-14" = 0.01 s
[ 2015/26073] CGIUtilTest#"test_cgi_unescape:IBM865" = 0.01 s
[ 2016/26073] CGIUtilTest#"test_cgi_unescapeHTML:US-ASCII" = 0.01 s
[ 2017/26073] CGIUtilTest#"test_cgi_escape:GB2312" = 0.01 s
[ 2018/26073] CGIUtilTest#"test_cgi_unescapeHTML:IBM437" = 0.01 s
[ 2019/26073] CGIUtilTest#"test_cgi_unescape:Windows-1254" = 0.01 s
[ 2020/26073] CGIUtilTest#"test_cgi_unescapeHTML:UTF8-DoCoMo" = 0.01 s
[ 2021/26073] CGIUtilTest#"test_cgi_escapeHTML:Windows-1254" = 0.01 s
[ 2022/26073] CGIUtilTest#"test_cgi_unescapeHTML:Emacs-Mule" = 0.01 s
[ 2023/26073] CGIUtilTest#"test_cgi_unescapeHTML:GBK" = 0.01 s
[ 2024/26073] CGIUtilTest#"test_cgi_unescape:macThai" = 0.01 s
[ 2025/26073] CGIUtilTest#test_cgi_include_unescape = 0.01 s
[ 2026/26073] CGIUtilTest#"test_cgi_unescapeHTML:UTF-32LE" = 0.02 s
[ 2027/26073] CGIUtilTest#"test_cgi_escapeHTML:IBM855" = 0.01 s
[ 2028/26073] CGIUtilTest#"test_cgi_unescape:IBM869" = 0.01 s
[ 2029/26073] CGIUtilTest#"test_cgi_unescape:Windows-1256" = 0.01 s
[ 2030/26073] CGIUtilTest#"test_cgi_escapeHTML:macThai" = 0.01 s
[ 2031/26073] CGIUtilTest#"test_cgi_escapeHTML:macCyrillic" = 0.01 s
[ 2032/26073] CGIUtilTest#"test_cgi_escapeHTML:Windows-1256" = 0.01 s
[ 2033/26073] CGIUtilTest#"test_cgi_escapeHTML:UTF-32BE" = 0.02 s
[ 2034/26073] CGIUtilTest#"test_cgi_escape:stateless-ISO-2022-JP" = 0.01 s
[ 2035/26073] CGIUtilTest#"test_cgi_escapeHTML:IBM857" = 0.01 s
[ 2036/26073] CGIUtilTest#"test_cgi_escape:macRomania" = 0.01 s
[ 2037/26073] CGIUtilTest#"test_cgi_escapeHTML:Windows-1250" = 0.01 s
[ 2038/26073] CGIUtilTest#"test_cgi_unescape:Windows-1250" = 0.01 s
[ 2039/26073] CGIUtilTest#"test_cgi_unescapeHTML:MacJapanese" = 0.01 s
[ 2040/26073] CGIUtilTest#"test_cgi_escape:macCroatian" = 0.01 s
[ 2041/26073] CGIUtilTest#"test_cgi_escapeHTML:Windows-1252" = 0.01 s
[ 2042/26073] CGIUtilTest#"test_cgi_unescape:Windows-1252" = 0.01 s
[ 2043/26073] CGIUtilTest#"test_cgi_unescapeHTML:KOI8-R" = 0.01 s
[ 2044/26073] CGIUtilTest#"test_cgi_escape:Big5" = 0.01 s
[ 2045/26073] CGIUtilTest#"test_cgi_escape:IBM720" = 0.01 s
[ 2046/26073] CGIUtilTest#"test_cgi_escapeHTML:GB12345" = 0.01 s
[ 2047/26073] CGIUtilTest#"test_cgi_unescape:IBM864" = 0.01 s
[ 2048/26073] CGIUtilTest#"test_cgi_unescape:ISO-8859-15" = 0.01 s
[ 2049/26073] CGIUtilTest#"test_cgi_unescapeHTML:IBM857" = 0.01 s
[ 2050/26073] CGIUtilTest#"test_cgi_unescape:macRomania" = 0.01 s
[ 2051/26073] CGIUtilTest#"test_cgi_escape:macGreek" = 0.01 s
[ 2052/26073] CGIUtilTest#"test_cgi_unescapeHTML:Windows-31J" = 0.01 s
[ 2053/26073] CGIUtilTest#"test_cgi_unescape:UTF8-MAC" = 0.01 s
[ 2054/26073] CGIUtilTest#"test_cgi_unescape:EUC-JP" = 0.01 s
[ 2055/26073] CGIUtilTest#"test_cgi_unescape:IBM866" = 0.01 s
[ 2056/26073] CGIUtilTest#"test_cgi_unescape:eucJP-ms" = 0.01 s
[ 2057/26073] CGIUtilTest#"test_cgi_unescapeHTML:IBM855" = 0.01 s
[ 2058/26073] CGIUtilTest#"test_cgi_unescape:CP950" = 0.01 s
[ 2059/26073] CGIUtilTest#"test_cgi_escapeHTML:SJIS-DoCoMo" = 0.01 s
[ 2060/26073] CGIUtilTest#test_cgi_escapeURIComponent = 0.01 s
[ 2061/26073] CGIUtilTest#"test_cgi_unescape:GB12345" = 0.01 s
[ 2062/26073] CGIUtilTest#"test_cgi_unescape:IBM860" = 0.01 s
[ 2063/26073] CGIUtilTest#test_cgi_unescapeURIComponent_accept_charset = 9.00 s
[ 2064/26073] CGIUtilTest#"test_cgi_unescape:UTF-8" = 0.01 s
[ 2065/26073] CGIUtilTest#"test_cgi_unescapeHTML:CP852" = 0.01 s
[ 2066/26073] CGIUtilTest#"test_cgi_escape:UTF8-MAC" = 0.01 s
[ 2067/26073] CGIUtilTest#"test_cgi_escape:EUC-KR" = 0.01 s
[ 2068/26073] CGIUtilTest#"test_cgi_escapeHTML:KOI8-R" = 0.01 s
[ 2069/26073] CGIUtilTest#"test_cgi_escape:eucJP-ms" = 0.01 s
[ 2070/26073] CGIUtilTest#"test_cgi_unescape:ISO-8859-11" = 0.01 s
[ 2071/26073] CGIUtilTest#"test_cgi_unescape:IBM862" = 0.01 s
[ 2072/26073] CGIUtilTest#"test_cgi_unescape:macGreek" = 0.01 s
[ 2073/26073] CGIUtilTest#test_cgi_unescapeElement = 0.03 s
[ 2074/26073] CGIUtilTest#"test_cgi_unescapeHTML:CP850" = 0.01 s
[ 2075/26073] CGIUtilTest#"test_cgi_unescape:ISO-8859-13" = 0.01 s
[ 2076/26073] CGIUtilTest#"test_cgi_unescape:macUkraine" = 0.01 s
[ 2077/26073] CGIUtilTest#"test_cgi_escapeHTML:IBM852" = 0.01 s
[ 2078/26073] CGIUtilTest#"test_cgi_escapeHTML:UTF8-SoftBank" = 0.01 s
[ 2079/26073] CGIUtilTest#"test_cgi_escape:Big5-HKSCS" = 0.01 s
[ 2080/26073] CGIUtilTest#test_cgi_unescapeURIComponent_preserve_encoding = 0.02 s
[ 2081/26073] CGIUtilTest#"test_cgi_unescape:Windows-1253" = 0.01 s
[ 2082/26073] CGIUtilTest#"test_cgi_escapeHTML:Windows-1253" = 0.01 s
[ 2083/26073] CGIUtilTest#"test_cgi_escape:macCyrillic" = 0.01 s
[ 2084/26073] CGIUtilTest#"test_cgi_escapeHTML:UTF-32" = 0.02 s
[ 2085/26073] CGIUtilTest#"test_cgi_unescapeHTML:macIceland" = 0.01 s
[ 2086/26073] CGIUtilTest#"test_cgi_unescape:Windows-1251" = 0.01 s
[ 2087/26073] CGIUtilTest#"test_cgi_escapeHTML:Windows-1251" = 0.01 s
[ 2088/26073] CGIUtilTest#"test_cgi_escape:CP51932" = 0.01 s
[ 2089/26073] CGIUtilTest#"test_cgi_escapeHTML:IBM037" = 0.02 s
[ 2090/26073] CGIUtilTest#"test_cgi_escapeHTML:stateless-ISO-2022-JP" = 0.01 s
[ 2091/26073] CGIUtilTest#"test_cgi_unescapeHTML:GB18030" = 0.01 s
[ 2092/26073] CGIUtilTest#"test_cgi_escapeHTML:IBM437" = 0.01 s
[ 2093/26073] CGIUtilTest#"test_cgi_escapeHTML:Windows-1257" = 0.01 s
[ 2094/26073] CGIUtilTest#"test_cgi_unescape:EUC-TW" = 0.01 s
[ 2095/26073] CGIUtilTest#test_cgi_unescapeHTML = 0.01 s
[ 2096/26073] CGIUtilTest#"test_cgi_unescape:Windows-1257" = 0.01 s
[ 2097/26073] CGIUtilTest#"test_cgi_unescapeHTML:SJIS-KDDI" = 0.01 s
[ 2098/26073] CGIUtilTest#"test_cgi_escapeHTML:macCroatian" = 0.01 s
[ 2099/26073] CGIUtilTest#"test_cgi_unescapeHTML:KOI8-U" = 0.01 s
[ 2100/26073] CGIUtilTest#"test_cgi_unescapeHTML:CESU-8" = 0.01 s
[ 2101/26073] CGIUtilTest#"test_cgi_escapeHTML:Windows-1255" = 0.01 s
[ 2102/26073] CGIUtilTest#"test_cgi_unescape:GB1988" = 0.01 s
[ 2103/26073] CGIUtilTest#"test_cgi_unescape:Windows-1255" = 0.01 s
[ 2104/26073] CGIUtilTest#"test_cgi_escape:Windows-31J" = 0.01 s
[ 2105/26073] CGIUtilTest#"test_cgi_escapeHTML:ISO-8859-2" = 0.01 s
[ 2106/26073] CGIUtilTest#"test_cgi_escape:IBM737" = 0.01 s
[ 2107/26073] CGIUtilTest#test_cgi_escape_html_duplicated = 0.01 s
[ 2108/26073] CGIUtilTest#"test_cgi_escapeHTML:ASCII-8BIT" = 0.01 s
[ 2109/26073] CGIUtilTest#"test_cgi_escape:Emacs-Mule" = 0.01 s
[ 2110/26073] CGIUtilTest#"test_cgi_unescape:GB2312" = 0.01 s
[ 2111/26073] CGIUtilTest#"test_cgi_unescapeHTML:CP51932" = 0.01 s
[ 2112/26073] CGIUtilTest#"test_cgi_unescape:US-ASCII" = 0.01 s
[ 2113/26073] CGIUtilTest#"test_cgi_escape:IBM865" = 0.01 s
[ 2114/26073] CGIUtilTest#"test_cgi_unescapeHTML:macRomania" = 0.01 s
[ 2115/26073] CGIUtilTest#"test_cgi_escape:GB18030" = 0.01 s
[ 2116/26073] CGIUtilTest#"test_cgi_escapeHTML:ISO-2022-JP" = 0.02 s
[ 2117/26073] CGIUtilTest#"test_cgi_escapeHTML:ISO-8859-6" = 0.01 s
[ 2118/26073] CGIUtilTest#"test_cgi_escape:IBM863" = 0.01 s
[ 2119/26073] CGIUtilTest#"test_cgi_escape:US-ASCII" = 0.01 s
[ 2120/26073] CGIUtilTest#"test_cgi_unescapeHTML:IBM775" = 0.01 s
[ 2121/26073] CGIUtilTest#"test_cgi_escapeHTML:ISO-8859-4" = 0.01 s
[ 2122/26073] CGIUtilTest#"test_cgi_escape:IBM861" = 0.01 s
[ 2123/26073] CGIUtilTest#"test_cgi_unescape:macCentEuro" = 0.01 s
[ 2124/26073] CGIUtilTest#"test_cgi_unescapeHTML:macCyrillic" = 0.01 s
[ 2125/26073] CGIUtilTest#"test_cgi_escape:GBK" = 0.01 s
[ 2126/26073] CGIUtilTest#"test_cgi_unescapeHTML:Windows-1255" = 0.01 s
[ 2127/26073] CGIUtilTest#"test_cgi_unescape:macIceland" = 0.01 s
[ 2128/26073] CGIUtilTest#"test_cgi_escape:Shift_JIS" = 0.01 s
[ 2129/26073] CGIUtilTest#"test_cgi_unescapeHTML:macUkraine" = 0.01 s
[ 2130/26073] CGIUtilTest#"test_cgi_unescapeHTML:Windows-1257" = 0.01 s
[ 2131/26073] CGIUtilTest#"test_cgi_escape:CP855" = 0.01 s
[ 2132/26073] CGIUtilTest#"test_cgi_escapeHTML:UTF8-DoCoMo" = 0.01 s
[ 2133/26073] CGIUtilTest#"test_cgi_escapeHTML:ISO-8859-8" = 0.01 s
[ 2134/26073] CGIUtilTest#test_cgi_escape_uri_component = 0.01 s
[ 2135/26073] CGIUtilTest#"test_cgi_unescapeHTML:Windows-1251" = 0.01 s
[ 2136/26073] CGIUtilTest#"test_cgi_escapeHTML:CP50221" = 0.02 s
[ 2137/26073] CGIUtilTest#"test_cgi_unescape:CP949" = 0.01 s
[ 2138/26073] CGIUtilTest#test_cgi_escape_preserve_encoding = 0.01 s
[ 2139/26073] CGIUtilTest#"test_cgi_escapeHTML:stateless-ISO-2022-JP-KDDI" = 0.01 s
[ 2140/26073] CGIUtilTest#"test_cgi_unescapeHTML:Windows-1253" = 0.01 s
[ 2141/26073] CGIUtilTest#"test_cgi_escapeHTML:MacJapanese" = 0.01 s
[ 2142/26073] CGIUtilTest#test_cgi_unescape_accept_charset = 8.97 s
[ 2143/26073] CGIUtilTest#"test_cgi_escapeHTML:CP951" = 0.01 s
[ 2144/26073] CGIUtilTest#"test_cgi_escape:IBM869" = 0.01 s
[ 2145/26073] CGIUtilTest#"test_cgi_escape:UTF8-SoftBank" = 0.01 s
[ 2146/26073] CGIUtilTest#"test_cgi_escape:ISO-8859-7" = 0.01 s
[ 2147/26073] CGIUtilTest#"test_cgi_escape:Windows-1251" = 0.01 s
[ 2148/26073] CGIUtilTest#test_cgi_include_h = 0.01 s
[ 2149/26073] CGIUtilTest#"test_cgi_escapeHTML:macIceland" = 0.01 s
[ 2150/26073] CGIUtilTest#"test_cgi_escape:macRoman" = 0.01 s
[ 2151/26073] CGIUtilTest#"test_cgi_unescape:MacJapanese" = 0.01 s
[ 2152/26073] CGIUtilTest#"test_cgi_escapeHTML:EUC-KR" = 0.01 s
[ 2153/26073] CGIUtilTest#"test_cgi_escape:KOI8-R" = 0.01 s
[ 2154/26073] CGIUtilTest#"test_cgi_escapeHTML:UTF-16" = 0.02 s
[ 2155/26073] CGIUtilTest#"test_cgi_unescape:ISO-8859-8" = 0.01 s
[ 2156/26073] CGIUtilTest#"test_cgi_escape:Windows-1253" = 0.01 s
[ 2157/26073] CGIUtilTest#"test_cgi_escape:ISO-8859-5" = 0.01 s
[ 2158/26073] CGIUtilTest#"test_cgi_escapeHTML:SJIS-SoftBank" = 0.01 s
[ 2159/26073] CGIUtilTest#"test_cgi_escape:UTF-8" = 0.01 s
[ 2160/26073] CGIUtilTest#"test_cgi_escape:CP950" = 0.01 s
[ 2161/26073] CGIUtilTest#"test_cgi_escape:Windows-1255" = 0.01 s
[ 2162/26073] CGIUtilTest#test_cgi_unescapeHTML_following_known_first_letter = 0.01 s
[ 2163/26073] CGIUtilTest#"test_cgi_escape:ISO-8859-3" = 0.01 s
[ 2164/26073] CGIUtilTest#"test_cgi_escape:macTurkish" = 0.01 s
[ 2165/26073] CGIUtilTest#"test_cgi_escapeHTML:CP850" = 0.01 s
[ 2166/26073] CGIUtilTest#"test_cgi_unescape:macRoman" = 0.01 s
[ 2167/26073] CGIUtilTest#"test_cgi_escape:ISO-8859-1" = 0.01 s
[ 2168/26073] CGIUtilTest#"test_cgi_unescapeHTML:CP50220" = 0.02 s
[ 2169/26073] CGIUtilTest#"test_cgi_unescape:UTF8-DoCoMo" = 0.01 s
[ 2170/26073] CGIUtilTest#"test_cgi_escape:Windows-1257" = 0.01 s
[ 2171/26073] CGIUtilTest#"test_cgi_escapeHTML:CP852" = 0.01 s
[ 2172/26073] CGIUtilTest#"test_cgi_escapeHTML:IBM720" = 0.01 s
[ 2173/26073] CGIUtilTest#test_cgi_unescape = 0.01 s
[ 2174/26073] CGIUtilTest#"test_cgi_unescapeHTML:ISO-8859-14" = 0.01 s
[ 2175/26073] CGIUtilTest#"test_cgi_escapeHTML:GBK" = 0.01 s
[ 2176/26073] CGIUtilTest#"test_cgi_unescape:ASCII-8BIT" = 0.01 s
[ 2177/26073] CGIUtilTest#"test_cgi_escape:macThai" = 0.01 s
[ 2178/26073] CGIUtilTest#"test_cgi_escapeHTML:Shift_JIS" = 0.01 s
[ 2179/26073] CGIUtilTest#"test_cgi_escape:Windows-874" = 0.01 s
[ 2180/26073] CGIUtilTest#"test_cgi_unescapeHTML:UTF8-KDDI" = 0.01 s
[ 2181/26073] CGIUtilTest#"test_cgi_unescape:ISO-8859-2" = 0.01 s
[ 2182/26073] CGIUtilTest#"test_cgi_escape:Big5-UAO" = 0.01 s
[ 2183/26073] CGIUtilTest#"test_cgi_unescapeHTML:ISO-8859-16" = 0.01 s
[ 2184/26073] CGIUtilTest#"test_cgi_unescapeHTML:Big5" = 0.01 s
[ 2185/26073] CGIUtilTest#"test_cgi_unescapeHTML:GB2312" = 0.01 s
[ 2186/26073] CGIUtilTest#"test_cgi_escape:IBM437" = 0.01 s
[ 2187/26073] CGIUtilTest#"test_cgi_escapeHTML:macCentEuro" = 0.01 s
[ 2188/26073] CGIUtilTest#test_cgi_escape_with_unreserved_characters = 0.01 s
[ 2189/26073] CGIUtilTest#test_cgi_escapeURIComponent_with_unreserved_characters = 0.01 s
[ 2190/26073] CGIUtilTest#"test_cgi_unescapeHTML:ISO-8859-10" = 0.01 s
[ 2191/26073] CGIUtilTest#"test_cgi_unescapeHTML:ISO-2022-JP-KDDI" = 0.02 s
[ 2192/26073] CGIUtilTest#"test_cgi_escapeHTML:Big5" = 0.01 s
[ 2193/26073] CGIUtilTest#"test_cgi_unescape:ISO-8859-6" = 0.01 s
[ 2194/26073] CGIUtilTest#"test_cgi_unescape:IBM775" = 0.01 s
[ 2195/26073] CGIUtilTest#"test_cgi_unescape:Big5-UAO" = 0.01 s
[ 2196/26073] CGIUtilTest#"test_cgi_escape:IBM852" = 0.01 s
[ 2197/26073] CGIUtilTest#"test_cgi_unescape:ISO-8859-4" = 0.01 s
[ 2198/26073] CGIUtilTest#"test_cgi_escape:ISO-8859-9" = 0.01 s
[ 2199/26073] CGIUtilTest#"test_cgi_unescapeHTML:ISO-8859-8" = 0.01 s
[ 2200/26073] CGIUtilTest#"test_cgi_escapeHTML:macUkraine" = 0.01 s
[ 2201/26073] CGIUtilTest#"test_cgi_escapeHTML:IBM861" = 0.01 s
[ 2202/26073] CGIUtilTest#"test_cgi_unescape:macCroatian" = 0.01 s
[ 2203/26073] CGIUtilTest#"test_cgi_escapeHTML:IBM863" = 0.01 s
[ 2204/26073] CGIUtilTest#"test_cgi_escape:SJIS-SoftBank" = 0.01 s
[ 2205/26073] CGIUtilTest#"test_cgi_escapeHTML:IBM865" = 0.01 s
[ 2206/26073] CGIUtilTest#"test_cgi_unescapeHTML:EUC-TW" = 0.01 s
[ 2207/26073] CGIUtilTest#"test_cgi_unescape:CESU-8" = 0.01 s
[ 2208/26073] CGIUtilTest#"test_cgi_unescapeHTML:macThai" = 0.01 s
[ 2209/26073] CGIUtilTest#"test_cgi_escapeHTML:IBM737" = 0.01 s
[ 2210/26073] CGIUtilTest#"test_cgi_unescape:KOI8-U" = 0.01 s
[ 2211/26073] CGIUtilTest#"test_cgi_unescapeHTML:GB1988" = 0.01 s
[ 2212/26073] CGIUtilTest#"test_cgi_escapeHTML:IBM869" = 0.01 s
[ 2213/26073] CGIUtilTest#"test_cgi_unescape:Shift_JIS" = 0.01 s
[ 2214/26073] CGIUtilTest#"test_cgi_unescapeHTML:IBM864" = 0.01 s
[ 2215/26073] CGIUtilTest#"test_cgi_escape:ISO-8859-16" = 0.01 s
[ 2216/26073] CGIUtilTest#"test_cgi_escapeHTML:macRomania" = 0.01 s
[ 2217/26073] CGIUtilTest#"test_cgi_escapeHTML:ISO-8859-11" = 0.01 s
[ 2218/26073] CGIUtilTest#"test_cgi_unescape:IBM857" = 0.01 s
[ 2219/26073] CGIUtilTest#"test_cgi_unescapeHTML:ASCII-8BIT" = 0.01 s
[ 2220/26073] CGIUtilTest#"test_cgi_escape:ISO-8859-14" = 0.01 s
[ 2221/26073] CGIUtilTest#"test_cgi_unescapeHTML:EUC-JP" = 0.01 s
[ 2222/26073] CGIUtilTest#"test_cgi_unescapeHTML:IBM866" = 0.01 s
[ 2223/26073] CGIUtilTest#"test_cgi_unescapeHTML:Windows-874" = 0.01 s
[ 2224/26073] CGIUtilTest#"test_cgi_escape:CP949" = 0.01 s
[ 2225/26073] CGIUtilTest#"test_cgi_unescapeHTML:ISO-8859-2" = 0.01 s
[ 2226/26073] CGIUtilTest#"test_cgi_escapeHTML:ISO-8859-13" = 0.01 s
[ 2227/26073] CGIUtilTest#"test_cgi_unescape:IBM855" = 0.01 s
[ 2228/26073] CGIUtilTest#"test_cgi_escapeHTML:TIS-620" = 0.01 s
[ 2229/26073] CGIUtilTest#"test_cgi_unescapeHTML:IBM860" = 0.01 s
[ 2230/26073] CGIUtilTest#"test_cgi_unescapeHTML:CP951" = 0.01 s
[ 2231/26073] CGIUtilTest#"test_cgi_unescape:CP855" = 0.01 s
[ 2232/26073] CGIUtilTest#"test_cgi_unescapeHTML:ISO-8859-4" = 0.01 s
[ 2233/26073] CGIUtilTest#"test_cgi_escapeHTML:ISO-8859-15" = 0.01 s
[ 2234/26073] CGIUtilTest#"test_cgi_escape:ISO-8859-10" = 0.01 s
[ 2235/26073] CGIUtilTest#"test_cgi_unescapeHTML:IBM862" = 0.01 s
[ 2236/26073] CGIUtilTest#"test_cgi_unescape:TIS-620" = 0.01 s
[ 2237/26073] CGIUtilTest#"test_cgi_unescape:SJIS-DoCoMo" = 0.01 s
[ 2238/26073] CGIUtilTest#"test_cgi_unescapeHTML:ISO-8859-6" = 0.01 s
[ 2239/26073] TestIRB::OptionTest#test_end_of_option = 17.74 s
[ 2240/26073] TestIRB::InitIntegrationTest#test_normal_errors_in_rc_file_is_warned = 0.06 s
[ 2241/26073] TestIRB::InitIntegrationTest#test_load_error_in_rc_file_is_warned = 0.04 s
[ 2242/26073] TestDigestRactor::TestMD5Ractor#test_s_hexdigest = 2.60 s
[ 2243/26073] TestFrozenError#test_receiver = 0.03 s
[ 2244/26073] TestFrozenError#test_new_message = 0.02 s
[ 2245/26073] TestFrozenError#test_new_receiver = 0.01 s
[ 2246/26073] TestFrozenError#test_new_default = 0.01 s
[ 2247/26073] TestFrozenError#test_message = 0.05 s
[ 2248/26073] TestRefinement#test_refined_protected_methods = 8.96 s
[ 2249/26073] TestRefinement#test_override_builtin_method = 0.92 s
[ 2250/26073] TestRefinement#test_refine_module = 0.02 s
[ 2251/26073] TestRefinement#test_prepend_after_refine_wb_miss = 239.73 s
[ 2252/26073] TestRefinement#test_symbol_proc_with_block = 8.82 s
[ 2253/26073] TestRefinement#test_public_send_should_use_refinements = 0.03 s
[ 2254/26073] TestRefinement#test_new_method_on_subclass = 0.02 s
[ 2255/26073] TestRefinement#test_to_proc = 0.03 s
[ 2256/26073] TestRefinement#test_inspect = 0.01 s
[ 2257/26073] TestRefinement#test_refine_array_min_max = 0.01 s
[ 2258/26073] TestRefinement#test_redefine_refined_method = 0.92 s
[ 2259/26073] TestRefinement#test_refine_undefed_method_and_send = 2.31 s
[ 2260/26073] TestRefinement#test_prepended_with_method_cache_17417 = 8.07 s
[ 2261/26073] TestRefinement#test_refinements = 0.02 s
[ 2262/26073] TestRefinement#test_using_in_method = 0.03 s
[ 2263/26073] TestRefinement#test_respond_to_should_use_refinements = 4.37 s
[ 2264/26073] TestRefinement#test_module_using_class = 0.01 s
[ 2265/26073] TestRefinement#test_prepended_with_method_cache = 0.78 s
[ 2266/26073] TestRefinement#test_module_using_in_method = 0.01 s
[ 2267/26073] TestRefinement#test_module_inclusion = 0.01 s
[ 2268/26073] TestRefinement#test_super_to_module = 0.01 s
[ 2269/26073] TestRefinement#test_refine_neither_class_nor_module = 0.02 s
[ 2270/26073] TestRefinement#test_refine_in_using = 0.01 s
[ 2271/26073] TestRefinement#test_refine_inherited_method_with_visibility_changes = 2.36 s
[ 2272/26073] TestRefinement#test_privatizing_refined_method = 0.01 s
[ 2273/26073] TestRefinement#test_super_in_subclass = 0.01 s
[ 2274/26073] TestRefinement#test_prepend_into_refinement = 0.01 s
[ 2275/26073] TestRefinement#test_instance_methods = 0.02 s
[ 2276/26073] TestRefinement#test_undef_refined_method = 4.68 s
[ 2277/26073] TestRefinement#test_eval_scoping = 2.32 s
[ 2278/26073] TestRefinement#test_include_refinement = 0.82 s
[ 2279/26073] TestRefinement#test_inlinecache = 8.92 s
[ 2280/26073] TestRefinement#test_refine_scoping = 0.02 s
[ 2281/26073] TestRefinement#test_instance_methods_not_include_superclass_method = 0.02 s
[ 2282/26073] TestRefinement#test_using_same_class_refinements = 0.01 s
[ 2283/26073] TestRefinement#test_refine_alias_in_subclass = 0.80 s
[ 2284/26073] TestRefinement#test_inline_cache_invalidation = 0.79 s
[ 2285/26073] TestRefinement#test_symbol_proc = 0.01 s
[ 2286/26073] TestRefinement#test_tostring = 0.01 s
[ 2287/26073] TestRefinement#test_instance_eval_without_refinement = 0.01 s
[ 2288/26073] TestRefinement#test_refine_with_proc = 0.01 s
[ 2289/26073] TestRefinement#test_refining_module_repeatedly = 39.07 s
[ 2290/26073] TestRefinement#test_undef_prepended_method = 0.81 s
[ 2291/26073] TestRefinement#test_change_refined_new_method_visibility = 8.84 s
[ 2292/26073] TestRefinement#test_alias_refined_method = 8.85 s
[ 2293/26073] TestRefinement#test_target = 0.02 s
[ 2294/26073] TestRefinement#test_two_refinements_for_prepended_class = 7.55 s
[ 2295/26073] TestRefinement#test_check_funcall_undefined = 0.80 s
[ 2296/26073] TestRefinement#test_call_method_in_unused_refinement = 2.35 s
[ 2297/26073] TestRefinement#test_super = 0.02 s
[ 2298/26073] TestRefinement#test_multiple_refinements_for_same_module = 2.49 s
[ 2299/26073] TestRefinement#test_override_builtin_method_with_method_added = 9.91 s
[ 2300/26073] TestRefinement#test_refine_in_class = 0.01 s
[ 2301/26073] TestRefinement#test_instance_method_should_use_refinements = 1.58 s
[ 2302/26073] TestRefinement#test_return_value_of_refine = 0.01 s
[ 2303/26073] TestRefinement#test_prepend_refined_module = 0.01 s
[ 2304/26073] TestRefinement#test_public_in_refine = 8.88 s
[ 2305/26073] TestRefinement#test_include_into_refinement = 0.02 s
[ 2306/26073] TestRefinement#test_unused_refinement_for_module = 2.31 s
[ 2307/26073] TestRefinement#test_refine_frozen_class = 3.12 s
[ 2308/26073] TestRefinement#test_override = 0.01 s
[ 2309/26073] TestRefinement#test_used_refinements = 0.01 s
[ 2310/26073] TestRefinement#test_module_eval = 0.02 s
[ 2311/26073] TestRefinement#test_super_from_refined_module = 0.80 s
[ 2312/26073] TestRefinement#test_method_missing = 0.02 s
[ 2313/26073] TestRefinement#test_refine_without_block = 0.02 s
[ 2314/26073] TestRefinement#test_remove_refined_method = 8.86 s
[ 2315/26073] TestRefinement#test_using_wrong_argument = 17.55 s
[ 2316/26073] TestRefinement#test_refine_prepended_class = 0.80 s
[ 2317/26073] TestRefinement#test_no_kernel_using = 0.01 s
[ 2318/26073] TestRefinement#test_inherit_singleton_methods_of_module = 0.01 s
[ 2319/26073] TestRefinement#test_making_private_method_public = 2.32 s
[ 2320/26073] TestRefinement#test_import_methods = 0.02 s
[ 2321/26073] TestRefinement#test_used_modules = 0.01 s
[ 2322/26073] TestRefinement#test_undefined_refined_method_defined = 9.00 s
[ 2323/26073] TestRefinement#test_dsym_literal = 0.01 s
[ 2324/26073] TestRefinement#test_eval_with_binding_scoping = 2.32 s
[ 2325/26073] TestRefinement#test_main_using_is_private = 0.02 s
[ 2326/26073] TestRefinement#test_using_in_module = 0.02 s
[ 2327/26073] TestRefinement#test_reopen_refinement_module = 8.95 s
[ 2328/26073] TestRefinement#test_new_method = 0.02 s
[ 2329/26073] TestRefinement#test_module_inclusion2 = 0.01 s
[ 2330/26073] TestRefinement#test_refine_basic_object = 17.66 s
[ 2331/26073] TestRefinement#test_refine_mutual_recursion = 0.82 s
[ 2332/26073] TestRefinement#test_refine_after_using = 8.89 s
[ 2333/26073] TestRefinement#test_remove_undefined_refined_method = 9.33 s
[ 2334/26073] TestRefinement#test_refined_method_defined = 8.99 s
[ 2335/26073] TestRefinement#test_funcall_inherited = 1.37 s
[ 2336/26073] TestRefinement#test_send_should_use_refinements = 0.02 s
[ 2337/26073] TestRefinement#test_prepend_after_refine = 1.57 s
[ 2338/26073] TestRefinement#test_refined_method_alias_warning = 0.79 s
[ 2339/26073] TestRefinement#test_unbound_refine_method = 0.80 s
[ 2340/26073] TestRefinement#test_singleton_method_should_not_use_refinements = 8.85 s
[ 2341/26073] TestRefinement#test_redefining_refined_for_prepended_class = 0.79 s
[ 2342/26073] TestRefinement#test_refine_prepended_module = 0.01 s
[ 2343/26073] TestRefinement#test_refine_same_class_twice = 1.57 s
[ 2344/26073] TestRefinement#test_method_defined = 0.01 s
[ 2345/26073] TestRefinement#test_no_local_rebinding = 0.01 s
[ 2346/26073] TestRefinement#test_main_using = 2.33 s
[ 2347/26073] TestRefinement#test_builtin_method_no_local_rebinding = 1.57 s
[ 2348/26073] TestRefinement#test_super_in_block = 0.80 s
[ 2349/26073] TestRefinement#test_super_not_chained = 0.01 s
[ 2350/26073] TestRefinement#test_method_should_use_refinements = 2.35 s
[ 2351/26073] TestRefinement#test_undef_original_method = 2.31 s
[ 2352/26073] TestRefinement#test_module_using = 0.03 s
[ 2353/26073] TestRefinement#test_case_dispatch_is_aware_of_refinements = 2.32 s
[ 2354/26073] TestRefinement#test_subclass_is_prior = 0.01 s
[ 2355/26073] TestRefinement#test_module_using_invalid_self = 0.03 s
[ 2356/26073] TestRefinement#test_defining_after_cached = 0.79 s
[ 2357/26073] TestRefinement#test_refine_with_prepend = 8.82 s
[ 2358/26073] TestRefinement#test_refine_undefed_method_and_call = 2.31 s
[ 2359/26073] TestRefinement#test_warn_setconst_in_refinmenet = 2.30 s
[ 2360/26073] TestRefinement#test_call_refined_method_in_duplicate_module = 2.34 s
[ 2361/26073] TestRefinement#test_adding_private_method = 2.70 s
[ 2362/26073] TestRefinement#test_mixed_using = 0.02 s
[ 2363/26073] TestRefinement#test_refine_recursion = 1.21 s
[ 2364/26073] TestRefinement#test_alias_refined_method2 = 2.33 s
[ 2365/26073] TestRefinement#test_ancestors = 0.01 s
[ 2366/26073] TestRefinement#test_using_method_cache = 2.36 s
[ 2367/26073] TestIOWaitUncommon#test_wait_readable_random = 0.03 s
[ 2368/26073] TestIOWaitUncommon#test_wait_writable_null = 0.01 s
[ 2369/26073] TestIOWaitUncommon#test_wait_readable_urandom = 0.01 s
[ 2370/26073] TestIOWaitUncommon#test_wait_readable_zero = 0.01 s
[ 2371/26073] TestIOWaitUncommon#test_tty_wait = 0.01 s
[ 2372/26073] TestIOWaitUncommon#test_fifo_wait = 0.08 s
[ 2373/26073] TestGemSafeMarshal#"test_safe_load_marshal Integer 268435454" = 0.54 s
[ 2374/26073] TestGemSafeMarshal#"test_safe_load_marshal Array [\"abc\", \"abc\"] Windows-1256" = 0.
53 s
[ 2375/26073] TestGemSafeMarshal#"test_safe_load_marshal Array [\"\\x61\\x62\\x63\\x64\", \"\\x61\\x
62\\x63\\x64\"] utf32" = 0.51 s
[ 2376/26073] TestGemSafeMarshal#"test_safe_load_marshal Float 0.0" = 0.50 s
[ 2377/26073] TestGemSafeMarshal#test_array_subclass = 0.52 s
[ 2378/26073] TestGemSafeMarshal#"test_safe_load_marshal Integer 268435456" = 0.49 s
[ 2379/26073] TestGemSafeMarshal#"test_safe_load_marshal Integer 1048574" = 0.49 s
[ 2380/26073] TestGemSafeMarshal#"test_safe_load_marshal Time 2000-12-31 23:59:59 4548635623644201/4
503599627370496000000000 -0800" = 0.63 s
[ 2381/26073] TestGemSafeMarshal#"test_safe_load_marshal Integer 1048576" = 0.49 s
[ 2382/26073] TestGemSafeMarshal#test_hash_with_compare_by_identity = 0.57 s
[ 2383/26073] TestGemSafeMarshal#"test_time_8 2000-12-31 23:59:59.000001 +0000" = 0.53 s
[ 2384/26073] TestGemSafeMarshal#"test_int_ 257" = 0.53 s
[ 2385/26073] TestGemSafeMarshal#test_hash_with_default_value = 0.49 s
[ 2386/26073] TestGemSafeMarshal#"test_int_ 6" = 0.51 s
[ 2387/26073] TestGemSafeMarshal#"test_time_12 2000-12-31 23:59:59 2476979795053773/2251799813685248
000000000 +0000" = 0.62 s
[ 2388/26073] TestGemSafeMarshal#"test_safe_load_marshal Time 2000-12-31 23:59:59 2476979795053773/2
251799813685248000 -0800" = 0.60 s
[ 2389/26073] TestGemSafeMarshal#"test_int_ 255" = 0.51 s
[ 2390/26073] TestGemSafeMarshal#"test_int_ 4" = 0.51 s
[ 2391/26073] TestGemSafeMarshal#test_time_loads = 0.53 s
[ 2392/26073] TestGemSafeMarshal#"test_int_ 2" = 0.51 s
[ 2393/26073] TestGemSafeMarshal#test_time_with_ivar = 0.54 s
[ 2394/26073] TestGemSafeMarshal#"test_safe_load_marshal Float -1.1" = 0.49 s
[ 2395/26073] TestGemSafeMarshal#"test_int_ 0" = 0.51 s
[ 2396/26073] TestGemSafeMarshal#"test_safe_load_marshal Integer 2" = 0.49 s
[ 2397/26073] TestGemSafeMarshal#"test_safe_load_marshal String \"abc\" ivar" = 0.50 s
[ 2398/26073] TestGemSafeMarshal#"test_safe_load_marshal Integer 128" = 0.49 s
[ 2399/26073] TestGemSafeMarshal#"test_safe_load_marshal Integer -268435455" = 0.49 s
[ 2400/26073] TestGemSafeMarshal#"test_safe_load_marshal Array {}" = 0.49 s
[ 2401/26073] TestGemSafeMarshal#"test_int_ 1048575" = 0.51 s
[ 2402/26073] TestGemSafeMarshal#"test_safe_load_marshal Integer 0" = 0.49 s
[ 2403/26073] TestGemSafeMarshal#"test_time_13 2000-12-31 23:59:59 4548635623644201/4503599627370496
000000000 +0000" = 0.62 s
[ 2404/26073] TestGemSafeMarshal#"test_safe_load_marshal Integer 65534" = 0.49 s
[ 2405/26073] TestGemSafeMarshal#"test_safe_load_marshal Integer -65536" = 0.49 s
[ 2406/26073] TestGemSafeMarshal#"test_safe_load_marshal Integer 6" = 0.49 s
[ 2407/26073] TestGemSafeMarshal#"test_safe_load_marshal Integer 65536" = 0.49 s
[ 2408/26073] TestGemSafeMarshal#"test_safe_load_marshal Integer 4" = 0.48 s
[ 2409/26073] TestGemSafeMarshal#"test_int_ 65536" = 0.51 s
[ 2410/26073] TestGemSafeMarshal#"test_time_15 2000-12-31 23:59:59 450364466336677/45035996273704960
0000000 +0000" = 0.62 s
[ 2411/26073] TestGemSafeMarshal#test_gem_spec_unmarshall_license = 0.73 s
[ 2412/26073] TestGemSafeMarshal#test_date = 0.59 s
[ 2413/26073] TestGemSafeMarshal#"test_safe_load_marshal Integer 122" = 0.49 s
[ 2414/26073] TestGemSafeMarshal#"test_safe_load_marshal Time 2000-12-31 23:59:59 450364466336677/45
0359962737049600000000 -0800" = 0.61 s
[ 2415/26073] TestGemSafeMarshal#"test_safe_load_marshal Integer 124" = 0.49 s
[ 2416/26073] TestGemSafeMarshal#"test_safe_load_marshal Integer -257" = 0.49 s
[ 2417/26073] TestGemSafeMarshal#"test_safe_load_marshal String \"\\x61\\x62\\x63\" utf32 with lengt
h not a multiple of 4" = 0.50 s
[ 2418/26073] TestGemSafeMarshal#test_recursive_array = 0.49 s
[ 2419/26073] TestGemSafeMarshal#"test_safe_load_marshal Integer -255" = 0.49 s
[ 2420/26073] TestGemSafeMarshal#"test_safe_load_marshal Integer 126" = 0.49 s
[ 2421/26073] TestGemSafeMarshal#test_string_with_encoding = 0.87 s
[ 2422/26073] TestGemSafeMarshal#"test_time_10 2000-12-31 23:59:59 4548635623644201/4503599627370496
000000 +0000" = 0.62 s
[ 2423/26073] TestGemSafeMarshal#"test_safe_load_marshal String \"abc\" utf8" = 0.49 s
[ 2424/26073] TestGemSafeMarshal#"test_safe_load_marshal String \"hello\" ivar" = 0.50 s
[ 2425/26073] TestGemSafeMarshal#test_string_subclass = 0.50 s
[ 2426/26073] TestGemSafeMarshal#"test_int_ 123" = 0.51 s
[ 2427/26073] TestGemSafeMarshal#test_rational = 0.50 s
[ 2428/26073] TestGemSafeMarshal#"test_safe_load_marshal Hash {}" = 0.49 s
[ 2429/26073] TestGemSafeMarshal#"test_safe_load_marshal Integer 9223372036854775808" = 0.49 s
[ 2430/26073] TestGemSafeMarshal#"test_int_ 268435455" = 0.51 s
[ 2431/26073] TestGemSafeMarshal#"test_safe_load_marshal Time 2000-12-31 23:59:59 2476979795053773/2
251799813685248000000 -0800" = 0.61 s
[ 2432/26073] TestGemSafeMarshal#"test_safe_load_marshal Time 2001-01-01 11:59:59 +0400" = 0.52 s
[ 2433/26073] TestGemSafeMarshal#"test_time_6 2000-12-31 23:59:59 2476979795053773/22517998136852480
00 +0000" = 0.61 s
[ 2434/26073] TestGemSafeMarshal#"test_int_ 127" = 0.51 s
[ 2435/26073] TestGemSafeMarshal#"test_safe_load_marshal String \"\"" = 0.49 s
[ 2436/26073] TestGemSafeMarshal#"test_safe_load_marshal Integer -4294967296" = 0.49 s
[ 2437/26073] TestGemSafeMarshal#"test_safe_load_marshal Array [\"hello\", \"hello\"]" = 0.50 s
[ 2438/26073] TestGemSafeMarshal#test_link_after_float = 0.50 s
[ 2439/26073] TestGemSafeMarshal#test_string_with_ivar = 0.50 s
[ 2440/26073] TestGemSafeMarshal#"test_safe_load_marshal String \"abc\" binary" = 0.49 s
[ 2441/26073] TestGemSafeMarshal#test_unexpected_eof = 0.51 s
[ 2442/26073] TestGemSafeMarshal#"test_safe_load_marshal Integer 9223372036854775806" = 0.49 s
[ 2443/26073] TestGemSafeMarshal#"test_safe_load_marshal Array [[...]]" = 0.49 s
[ 2444/26073] TestGemSafeMarshal#test_time_user_marshal = 0.50 s
[ 2445/26073] TestGemSafeMarshal#"test_safe_load_marshal Time 2000-12-31 23:59:59 2254051613498933/2
251799813685248000000000 -0800" = 0.61 s
[ 2446/26073] TestGemSafeMarshal#"test_time_14 2000-12-31 23:59:59 2254051613498933/2251799813685248
000000000 +0000" = 0.61 s
[ 2447/26073] TestGemSafeMarshal#"test_int_ 4294967295" = 0.52 s
[ 2448/26073] TestGemSafeMarshal#"test_time_7 2000-12-31 23:59:59 4548635623644201/45035996273704960
00 +0000" = 0.61 s
[ 2449/26073] TestGemSafeMarshal#"test_safe_load_marshal Float 30000000.0" = 0.49 s
[ 2450/26073] TestGemSafeMarshal#"test_safe_load_marshal Integer 256" = 0.49 s
[ 2451/26073] TestGemSafeMarshal#"test_safe_load_marshal String \"abc\" Windows-1256" = 0.49 s
[ 2452/26073] TestGemSafeMarshal#"test_safe_load_marshal Float NaN" = 0.49 s
[ 2453/26073] TestGemSafeMarshal#"test_safe_load_marshal String \"abc\" ascii" = 0.49 s
[ 2454/26073] TestGemSafeMarshal#"test_safe_load_marshal Integer -127" = 0.49 s
[ 2455/26073] TestGemSafeMarshal#"test_safe_load_marshal Hash {:runtime=>:development}" = 0.50 s
[ 2456/26073] TestGemSafeMarshal#"test_safe_load_marshal Integer 254" = 0.49 s
[ 2457/26073] TestGemSafeMarshal#"test_safe_load_marshal Float Infinity" = 0.49 s
[ 2458/26073] TestGemSafeMarshal#"test_safe_load_marshal Integer -9223372036854775808" = 0.49 s
[ 2459/26073] TestGemSafeMarshal#test_gem_spec_unmarshall_required_ruby_rubygems_version = 0.85 s
[ 2460/26073] TestGemSafeMarshal#"test_safe_load_marshal Float -0.0" = 0.57 s
[ 2461/26073] TestGemSafeMarshal#"test_safe_load_marshal Array [\"hello\", [\"hello\"], \"hello\", [
\"hello\"]]" = 0.51 s
[ 2462/26073] TestGemSafeMarshal#"test_time_2 2000-12-31 12:07:59 -1152" = 0.52 s
[ 2463/26073] TestGemSafeMarshal#"test_safe_load_marshal Integer -123" = 0.49 s
[ 2464/26073] TestGemSafeMarshal#test_frozen_object = 0.51 s
[ 2465/26073] TestGemSafeMarshal#"test_int_ 9223372036854775808" = 0.52 s
[ 2466/26073] TestGemSafeMarshal#"test_time_1 2001-01-01 03:59:59 +0400" = 0.52 s
[ 2467/26073] TestGemSafeMarshal#"test_safe_load_marshal Time 2023-08-24 10:10:39.09565 -0700" = 0.5
1 s
[ 2468/26073] TestGemSafeMarshal#"test_safe_load_marshal Time 2000-12-31 23:59:59.001 -0800" = 0.53
s
[ 2469/26073] TestGemSafeMarshal#"test_safe_load_marshal Float 1.1" = 0.49 s
[ 2470/26073] TestGemSafeMarshal#"test_safe_load_marshal Time 2000-12-31 23:59:59 -0800" = 0.52 s
[ 2471/26073] TestGemSafeMarshal#"test_safe_load_marshal Integer 4294967295" = 0.49 s
[ 2472/26073] TestGemSafeMarshal#test_gem_spec_disallowed_ivar = 0.86 s
[ 2473/26073] TestGemSafeMarshal#"test_time_9 2000-12-31 23:59:59 2476979795053773/22517998136852480
00000 +0000" = 0.69 s
[ 2474/26073] TestGemSafeMarshal#"test_safe_load_marshal Time 2000-12-31 23:59:59 2476979795053773/2
251799813685248000000000 -0800" = 0.61 s
[ 2475/26073] TestGemSafeMarshal#"test_safe_load_marshal Integer 4294967297" = 0.49 s
[ 2476/26073] TestGemSafeMarshal#"test_safe_load_marshal Time 2000-12-31 23:59:59 4548635623644201/4
503599627370496000000 -0800" = 0.61 s
[ 2477/26073] TestGemSafeMarshal#"test_safe_load_marshal Integer -2" = 0.48 s
[ 2478/26073] TestGemSafeMarshal#"test_safe_load_marshal Time 2000-12-31 23:59:59.000000001 -0800" =
 0.54 s
[ 2479/26073] TestGemSafeMarshal#"test_safe_load_marshal Array [\"\\x61\\x62\\x63\", \"\\x61\\x62\\x
63\"] utf32 with length not a multiple of 4)" = 0.50 s
[ 2480/26073] TestGemSafeMarshal#"test_safe_load_marshal Integer -4" = 0.49 s
[ 2481/26073] TestGemSafeMarshal#"test_time_4 2000-12-31 23:59:59 UTC" = 0.52 s
[ 2482/26073] TestGemSafeMarshal#"test_safe_load_marshal String \"\\x61\\x62\\x63\\x64\" utf32" = 0.
50 s
[ 2483/26073] TestGemSafeMarshal#"test_safe_load_marshal Integer -6" = 0.49 s
[ 2484/26073] TestGemSafeMarshal#"test_safe_load_marshal Integer 258" = 0.49 s
[ 2485/26073] TestGemSafeMarshal#"test_safe_load_marshal Integer -122" = 0.49 s
[ 2486/26073] TestGemSafeMarshal#"test_safe_load_marshal Array [\"abc\", \"abc\"] utf8" = 0.50 s
[ 2487/26073] TestGemSafeMarshal#"test_time_0 2000-12-31 23:59:59 +0000" = 0.53 s
[ 2488/26073] TestGemSafeMarshal#test_hash_with_ivar = 0.50 s
[ 2489/26073] TestGemSafeMarshal#"test_safe_load_marshal Integer 255" = 0.48 s
[ 2490/26073] TestGemSafeMarshal#"test_safe_load_marshal Array [:development, :development]" = 0.49
s
[ 2491/26073] TestGemSafeMarshal#"test_safe_load_marshal Integer 257" = 0.49 s
[ 2492/26073] TestGemSafeMarshal#"test_safe_load_marshal Integer -124" = 0.49 s
[ 2493/26073] TestGemSafeMarshal#"test_safe_load_marshal Integer -128" = 0.48 s
[ 2494/26073] TestGemSafeMarshal#"test_safe_load_marshal Integer -5" = 0.49 s
[ 2495/26073] TestGemSafeMarshal#"test_safe_load_marshal Array [\"abc\", \"abc\"] ascii" = 0.50 s
[ 2496/26073] TestGemSafeMarshal#"test_safe_load_marshal Integer -9223372036854775807" = 0.49 s
[ 2497/26073] TestGemSafeMarshal#"test_safe_load_marshal Integer -3" = 0.49 s
[ 2498/26073] TestGemSafeMarshal#"test_safe_load_marshal Integer 4294967296" = 0.49 s
[ 2499/26073] TestGemSafeMarshal#"test_int_ 9223372036854775807" = 0.52 s
[ 2500/26073] TestGemSafeMarshal#"test_safe_load_marshal Integer -1" = 0.49 s
[ 2501/26073] TestGemSafeMarshal#"test_safe_load_marshal Integer 4294967294" = 0.49 s
[ 2502/26073] TestGemSafeMarshal#"test_safe_load_marshal Time 2001-01-01 07:59:59 +0000" = 0.52 s
[ 2503/26073] TestGemSafeMarshal#"test_time_11 2000-12-31 23:59:59.000000001 +0000" = 0.54 s
[ 2504/26073] TestGemSafeMarshal#"test_safe_load_marshal Array [\"abc\", \"abc\"] binary" = 0.49 s
[ 2505/26073] TestGemSafeMarshal#"test_int_ 268435456" = 0.51 s
[ 2506/26073] TestGemSafeMarshal#"test_safe_load_marshal Integer -4294967295" = 0.49 s
[ 2507/26073] TestGemSafeMarshal#test_length_one_symbols = 0.50 s
[ 2508/26073] TestGemSafeMarshal#"test_safe_load_marshal Integer 9223372036854775809" = 0.49 s
[ 2509/26073] TestGemSafeMarshal#"test_safe_load_marshal Float -30000000.0" = 0.49 s
[ 2510/26073] TestGemSafeMarshal#"test_int_ 124" = 0.51 s
[ 2511/26073] TestGemSafeMarshal#"test_safe_load_marshal Integer -1048575" = 0.49 s
[ 2512/26073] TestGemSafeMarshal#"test_int_ 122" = 0.51 s
[ 2513/26073] TestGemSafeMarshal#test_repeated_symbol = 0.49 s
[ 2514/26073] TestGemSafeMarshal#"test_int_ 4294967296" = 0.52 s
[ 2515/26073] TestGemSafeMarshal#"test_safe_load_marshal Date #<Date: 1994-12-09 ((2449696j,0s,0n),+
0s,2299161j)>" = 0.50 s
[ 2516/26073] TestGemSafeMarshal#"test_time_16 2000-12-31 23:59:59 450364466336677/45035996273704960
0000000 +0000" = 0.61 s
[ 2517/26073] TestGemSafeMarshal#test_floats = 0.57 s
[ 2518/26073] TestGemSafeMarshal#"test_safe_load_marshal Integer 9223372036854775807" = 0.49 s
[ 2519/26073] TestGemSafeMarshal#"test_int_ 128" = 0.51 s
[ 2520/26073] TestGemSafeMarshal#"test_time_5 2000-12-31 23:59:59.001 +0000" = 0.53 s
[ 2521/26073] TestGemSafeMarshal#"test_safe_load_marshal Float -Infinity" = 0.49 s
[ 2522/26073] TestGemSafeMarshal#"test_safe_load_marshal Time 2000-12-31 20:07:59 -1152" = 0.52 s
[ 2523/26073] TestGemSafeMarshal#"test_safe_load_marshal Integer 5" = 0.49 s
[ 2524/26073] TestGemSafeMarshal#test_repeated_string = 0.52 s
[ 2525/26073] TestGemSafeMarshal#"test_safe_load_marshal Integer 65537" = 0.49 s
[ 2526/26073] TestGemSafeMarshal#"test_safe_load_marshal Integer -65535" = 0.49 s
[ 2527/26073] TestGemSafeMarshal#"test_int_ 65535" = 0.51 s
[ 2528/26073] TestGemSafeMarshal#"test_safe_load_marshal Integer 7" = 0.48 s
[ 2529/26073] TestGemSafeMarshal#"test_safe_load_marshal Integer 65535" = 0.49 s
[ 2530/26073] TestGemSafeMarshal#"test_safe_load_marshal Integer -268435456" = 0.49 s
[ 2531/26073] TestGemSafeMarshal#"test_safe_load_marshal Rational (1/3)" = 0.49 s
[ 2532/26073] TestGemSafeMarshal#"test_safe_load_marshal Integer 1" = 0.49 s
[ 2533/26073] TestGemSafeMarshal#"test_safe_load_marshal Integer 129" = 0.49 s
[ 2534/26073] TestGemSafeMarshal#"test_safe_load_marshal Integer 3" = 0.48 s
[ 2535/26073] TestGemSafeMarshal#"test_safe_load_marshal Time 2000-12-31 23:59:59 4548635623644201/4
503599627370496000 -0800" = 0.60 s
[ 2536/26073] TestGemSafeMarshal#test_gem_spec_disallowed_symbol = 0.86 s
[ 2537/26073] TestGemSafeMarshal#"test_safe_load_marshal Integer 127" = 0.83 s
[ 2538/26073] TestGemSafeMarshal#"test_safe_load_marshal Integer 125" = 0.48 s
[ 2539/26073] TestGemSafeMarshal#"test_safe_load_marshal Integer -256" = 0.48 s
[ 2540/26073] TestGemSafeMarshal#"test_time_17 2000-12-31 23:59:59 UTC" = 0.59 s
[ 2541/26073] TestGemSafeMarshal#"test_time_18 2000-12-31 23:59:59 UTC" = 0.51 s
[ 2542/26073] TestGemSafeMarshal#"test_safe_load_marshal Integer 123" = 0.47 s
[ 2543/26073] TestGemSafeMarshal#"test_safe_load_marshal Time 2001-01-01 07:59:59 UTC" = 0.61 s
[ 2544/26073] TestGemSafeMarshal#"test_safe_load_marshal Gem::Version #<Gem::Version \"1.abc\">" = 0
.49 s
[ 2545/26073] TestGemSafeMarshal#"test_safe_load_marshal Integer 121" = 0.47 s
[ 2546/26073] TestGemSafeMarshal#test_negative_length = 0.62 s
[ 2547/26073] TestGemSafeMarshal#"test_safe_load_marshal Integer 1048575" = 0.47 s
[ 2548/26073] TestGemSafeMarshal#"test_safe_load_marshal Integer 268435457" = 0.47 s
[ 2549/26073] TestGemSafeMarshal#"test_time_3 2000-12-31 23:59:59 +0000" = 0.64 s
[ 2550/26073] TestGemSafeMarshal#"test_safe_load_marshal Integer 268435455" = 0.48 s
[ 2551/26073] TestGemSafeMarshal#"test_int_ 1" = 0.50 s
[ 2552/26073] TestGemSafeMarshal#"test_safe_load_marshal Time 2023-08-24 10:10:39.098453 -0700" = 0.
64 s
[ 2553/26073] TestGemSafeMarshal#"test_safe_load_marshal Time 2000-12-31 23:59:59.000001 -0800" = 0.
51 s
[ 2554/26073] TestGemSafeMarshal#test_recursive_string = 0.49 s
[ 2555/26073] TestGemSafeMarshal#"test_int_ 3" = 0.63 s
[ 2556/26073] TestGemSafeMarshal#"test_int_ 5" = 0.49 s
[ 2557/26073] TestGemSafeMarshal#"test_int_ 256" = 0.50 s
[ 2558/26073] TestGemSafeMarshal#"test_safe_load_marshal Hash {} default value" = 0.61 s
[ 2559/26073] Net::TestBufferedIO#test_eof? = 0.02 s
[ 2560/26073] TestGemPackageTarWriter#test_add_file_source_date_epoch = 0.60 s
[ 2561/26073] TestGemPackageTarWriter#test_add_file_digest_multiple = 0.59 s
[ 2562/26073] TestGemPackageTarWriter#test_add_file_simple_source_date_epoch = 0.56 s
[ 2563/26073] TestGemPackageTarWriter#test_mkdir_source_date_epoch = 0.56 s
[ 2564/26073] TestGemPackageTarWriter#test_add_file_digest = 0.57 s
[ 2565/26073] TestGemPackageTarWriter#test_add_file_signer_empty = 0.59 s
[ 2566/26073] TestGemPackageTarWriter#test_add_symlink = 0.56 s
[ 2567/26073] TestGemPackageTarWriter#test_split_name_too_long_name = 0.50 s
[ 2568/26073] TestGemPackageTarWriter#test_split_name_too_long_prefix = 0.49 s
[ 2569/26073] TestGemPackageTarWriter#test_add_symlink_source_date_epoch = 0.56 s
[ 2570/26073] TestGemPackageTarWriter#test_add_file_simple_padding = 0.61 s
[ 2571/26073] TestGemPackageTarWriter#test_add_file_simple_size = 0.50 s
[ 2572/26073] TestGemPackageTarWriter#test_mkdir = 0.56 s
[ 2573/26073] TestGemPackageTarWriter#test_split_name_too_long_total = 0.49 s
[ 2574/26073] TestGemPackageTarWriter#test_add_file_simple = 0.56 s
[ 2575/26073] TestGemPackageTarWriter#test_split_name = 0.54 s
[ 2576/26073] TestGemPackageTarWriter#test_add_file = 0.57 s
[ 2577/26073] TestGemPackageTarWriter#test_add_file_signer = 0.82 s
[ 2578/26073] TestGemPackageTarWriter#test_close = 0.51 s
[ 2579/26073] TestGemPackageTarWriter#test_add_file_simple_data = 0.50 s
[ 2580/26073] TestGemRequestSetLockfileTokenizer#test_tokenize_conflict_markers = 0.81 s
[ 2581/26073] TestGemRequestSetLockfileTokenizer#test_tokenize = 0.77 s
[ 2582/26073] TestGemRequestSetLockfileTokenizer#test_peek = 0.68 s
[ 2583/26073] TestGemRequestSetLockfileTokenizer#test_tokenize_multiple = 0.71 s
[ 2584/26073] TestGemRequestSetLockfileTokenizer#test_token_pos = 0.73 s
[ 2585/26073] TestGemRequestSetLockfileTokenizer#test_unget = 0.68 s
[ 2586/26073] TestGemRequestSetLockfileTokenizer#test_skip = 0.68 s
[ 2587/26073] TestGemRequestSetLockfileTokenizer#test_tokenize_capitals = 0.71 s
[ 2588/26073] TestGemRequestSetLockfileTokenizer#test_tokenize_git = 0.69 s
[ 2589/26073] TestIRB::CompletionTest::ConstantCompletionTest#test_complete_methods = 1.16 s
[ 2590/26073] TestIRB::CompletionTest::ConstantCompletionTest#test_complete_symbol = 22.11 s
[ 2591/26073] TestIRB::CompletionTest::ConstantCompletionTest#test_complete_constants = 0.71 s
[ 2592/26073] TestIRB::CompletionTest::ConstantCompletionTest#test_not_completing_empty_string = 0.0
6 s
[ 2593/26073] TestIRB::CompletionTest::ConstantCompletionTest#test_complete_invalid_three_colons = 0
.31 s
[ 2594/26073] TestIRB::CompletionTest::ConstantCompletionTest#test_complete_absolute_constants_with_
special_characters = 0.81 s
[ 2595/26073] TestIRB::CompletionTest::ConstantCompletionTest#test_complete_reserved_words = 0.33 s
[ 2596/26073] ChangeWordTest#test_substitution = 0.02 s
[ 2597/26073] ChangeWordTest#test_transposition = 0.03 s
[ 2598/26073] ChangeWordTest#test_insertion = 0.02 s
[ 2599/26073] ChangeWordTest#test_deletion = 0.02 s
[ 2600/26073] TestFixnum#test_remainder = 0.01 s
[ 2601/26073] TestFixnum#test_xor_with_rational = 0.01 s
[ 2602/26073] TestFixnum#test_positive_p = 0.01 s
[ 2603/26073] TestFixnum#test_singleton_method = 0.01 s
[ 2604/26073] TestFixnum#test_finite_p = 0.01 s
[ 2605/26073] TestFixnum#test_divide = 0.03 s
[ 2606/26073] TestFixnum#test_rshift = 0.01 s
[ 2607/26073] TestFixnum#test_plus = 0.01 s
[ 2608/26073] TestFixnum#test_sub = 0.01 s
[ 2609/26073] TestFixnum#test_zero_p = 0.01 s
[ 2610/26073] TestFixnum#test_xor_with_float = 0.01 s
[ 2611/26073] TestFixnum#test_minus = 0.01 s
[ 2612/26073] TestFixnum#test_and_with_nonintegral_numeric = 0.01 s
[ 2613/26073] TestFixnum#test_mult = 0.01 s
[ 2614/26073] TestFixnum#test_pow2 = 0.02 s
[ 2615/26073] TestFixnum#test_power_of_0 = 0.01 s
[ 2616/26073] TestFixnum#test_and_with_rational = 0.01 s
[ 2617/26073] TestFixnum#test_plus2 = 0.01 s
[ 2618/26073] TestFixnum#test_or_with_rational = 0.01 s
[ 2619/26073] TestFixnum#test_and_with_float = 0.01 s
[ 2620/26073] TestFixnum#test_cmp = 0.04 s
[ 2621/26073] TestFixnum#test_succ = 0.01 s
[ 2622/26073] TestFixnum#test_xor_with_nonintegral_numeric = 0.01 s
[ 2623/26073] TestFixnum#test_lshift = 0.01 s
[ 2624/26073] TestFixnum#test_negative_p = 0.01 s
[ 2625/26073] TestFixnum#test_infinite_p = 0.01 s
[ 2626/26073] TestFixnum#test_div = 0.02 s
[ 2627/26073] TestFixnum#test_not = 0.01 s
[ 2628/26073] TestFixnum#test_pow = 0.02 s
[ 2629/26073] TestFixnum#test_mul = 0.01 s
[ 2630/26073] TestFixnum#test_pred = 0.01 s
[ 2631/26073] TestFixnum#test_frozen = 0.01 s
[ 2632/26073] TestFixnum#test_to_s = 0.01 s
[ 2633/26073] TestFixnum#test_mod = 0.01 s
[ 2634/26073] TestFixnum#test_divmod = 0.98 s
[ 2635/26073] TestFixnum#test_abs = 0.01 s
[ 2636/26073] TestFixnum#test_power_of_1_and_minus_1 = 0.01 s
[ 2637/26073] TestFixnum#test_or_with_float = 0.01 s
[ 2638/26073] TestFixnum#test_or_with_nonintegral_numeric = 0.01 s
[ 2639/26073] TestFiberCurrentRactor#test_ractor_shareable = 9.54 s
[ 2640/26073] TestKeywordArgumentsSymProcRefinements#test_sym_proc_refine_method_missing_kwsplat = 0
.37 s
[ 2641/26073] TestKeywordArgumentsSymProcRefinements#test_splat_arg_with_prohibited_keyword = 0.03 s
[ 2642/26073] TestKeywordArgumentsSymProcRefinements#test_value_omission = 0.01 s
[ 2643/26073] TestKeywordArgumentsSymProcRefinements#test_sym_proc_refine_kwsplat = 0.35 s
[ 2644/26073] TestKeywordArgumentsSymProcRefinements#test_protected_kwarg = 0.01 s
[ 2645/26073] TestKeywordArgumentsSymProcRefinements#test_sym_proc_refine_super_method_missing_kwspl
at = 0.36 s
[ 2646/26073] TestKeywordArgumentsSymProcRefinements#test_splat_fixnum = 0.01 s
[ 2647/26073] TestRDocStats#test_report_class = 3.14 s
[ 2648/26073] TestRDocStats#test_undoc_params_keywords = 0.44 s
[ 2649/26073] TestRDocStats#test_report_method_parameters_yield = 0.15 s
[ 2650/26073] TestRDocStats#test_report_method_documented = 0.07 s
[ 2651/26073] TestRDocStats#test_report_method_class = 0.08 s
[ 2652/26073] TestRDocStats#test_doc_stats = 0.03 s
[ 2653/26073] TestRDocStats#test_report_method_parameters = 0.13 s
[ 2654/26073] TestRDocStats#test_report_class_empty = 0.05 s
[ 2655/26073] TestRDocStats#test_report_constant = 0.18 s
[ 2656/26073] TestRDocStats#test_summary_level_1 = 0.29 s
[ 2657/26073] TestRDocStats#test_report_attr_documented = 0.13 s
[ 2658/26073] TestRDocStats#test_report_constant_alias = 0.33 s
[ 2659/26073] TestRDocStats#test_report_skip_object = 0.11 s
[ 2660/26073] TestRDocStats#test_summary = 0.08 s
[ 2661/26073] TestRDocStats#test_report_class_documented_level_1 = 0.10 s
[ 2662/26073] TestRDocStats#test_report_method_parameters_documented = 0.12 s
[ 2663/26073] TestRDocStats#test_report_constant_documented = 0.06 s
[ 2664/26073] TestRDocStats#test_report_method_line = 0.11 s
[ 2665/26073] TestRDocStats#test_report_empty = 0.04 s
[ 2666/26073] TestRDocStats#test_report_attr_line = 0.11 s
[ 2667/26073] TestRDocStats#test_report_class_module_ignore = 0.04 s
[ 2668/26073] TestRDocStats#test_report_class_method_documented = 0.06 s
[ 2669/26073] TestRDocStats#test_report_attr = 0.07 s
[ 2670/26073] TestRDocStats#test_doc_stats_display_eh = 0.03 s
[ 2671/26073] TestRDocStats#test_undoc_params_documented = 0.08 s
[ 2672/26073] TestRDocStats#test_report_class_empty_2 = 0.07 s
[ 2673/26073] TestRDocStats#test_report_method = 0.08 s
[ 2674/26073] TestRDocStats#test_report_class_documented = 0.06 s
[ 2675/26073] TestRDocStats#test_undoc_params_block = 0.08 s
[ 2676/26073] TestRDocStats#test_doc_stats_documented = 0.04 s
[ 2677/26073] TestRDocStats#test_summary_level_false = 0.06 s
[ 2678/26073] TestRDocStats#test_undoc_params_splat = 0.08 s
[ 2679/26073] TestRDocStats#test_undoc_params = 0.08 s
[ 2680/26073] TestRDocStats#test_report_constant_line = 0.11 s
[ 2681/26073] TestGemCommandsServerCommand#test_execute = 0.54 s
[ 2682/26073] PPTestModule::PPCycleTest#test_struct = 0.18 s
[ 2683/26073] PPTestModule::PPCycleTest#test_share_nil = 0.08 s
[ 2684/26073] PPTestModule::PPCycleTest#test_array = 0.13 s
[ 2685/26073] PPTestModule::PPCycleTest#test_data = 0.19 s
[ 2686/26073] PPTestModule::PPCycleTest#test_anonymous = 0.07 s
[ 2687/26073] PPTestModule::PPCycleTest#test_hash = 0.08 s
[ 2688/26073] PPTestModule::PPCycleTest#test_withinspect = 0.14 s
[ 2689/26073] PPTestModule::PPCycleTest#test_object = 0.24 s
[ 2690/26073] PPTestModule::PPCycleTest#test_data_private_member = 0.03 s
[ 2691/26073] PPTestModule::PPCycleTest#test_data_removed_member = 0.03 s
[ 2692/26073] TestObject#test_convert_array = 0.02 s
[ 2693/26073] TestObject#test_frozen_error_message = 0.03 s
[ 2694/26073] TestObject#test_methods_prepend_singleton = 0.01 s
[ 2695/26073] TestObject#test_nil_to_s = 0.01 s
[ 2696/26073] TestObject#test_false_xor = 0.01 s
[ 2697/26073] TestObject#test_extend = 0.01 s
[ 2698/26073] TestObject#test_inspect = 0.05 s
[ 2699/26073] TestObject#test_redef_method_missing = 26.37 s
[ 2700/26073] TestObject#test_dup = 0.03 s
[ 2701/26073] TestObject#test_remove_method = 9.12 s
[ 2702/26073] TestObject#test_check_to_integer = 0.02 s
[ 2703/26073] TestObject#test_true_xor = 0.01 s
[ 2704/26073] TestObject#test_remove_instance_variable_re_embed = 0.03 s
[ 2705/26073] TestObject#test_type_error_message = 0.03 s
[ 2706/26073] TestObject#test_respond_to_missing = 0.04 s
[ 2707/26073] TestObject#test_singleton_methods = 0.03 s
[ 2708/26073] TestObject#test_itself = 0.01 s
[ 2709/26073] TestObject#test_instance_variable_set = 0.03 s
[ 2710/26073] TestObject#test_true_and = 0.01 s
[ 2711/26073] TestObject#test_instance_variable_get = 0.03 s
[ 2712/26073] TestObject#test_singleton_class = 0.02 s
[ 2713/26073] TestObject#test_true_or = 0.01 s
[ 2714/26073] TestObject#test_implicit_respond_to = 0.02 s
[ 2715/26073] TestObject#test_implicit_respond_to_arity_3 = 0.01 s
[ 2716/26073] TestObject#test_methods_prepend = 0.01 s
[ 2717/26073] TestObject#test_implicit_respond_to_arity_1 = 0.01 s
[ 2718/26073] TestObject#test_methods2 = 0.07 s
[ 2719/26073] TestObject#test_false_and = 0.01 s
[ 2720/26073] TestObject#test_bad_initialize_copy = 0.10 s
[ 2721/26073] TestObject#test_singleton_class_freeze = 0.01 s
[ 2722/26073] TestObject#test_convert_hash = 0.02 s
[ 2723/26073] TestObject#test_kind_of = 0.01 s
[ 2724/26073] TestObject#test_public_send = 0.02 s
[ 2725/26073] TestObject#test_clone_object_should_not_be_old = 10.27 s
[ 2726/26073] TestObject#test_yield_self = 0.02 s
[ 2727/26073] TestObject#test_to_integer = 0.02 s
[ 2728/26073] TestObject#test_send_with_no_arguments = 0.01 s
[ 2729/26073] TestObject#test_method_missing = 0.03 s
[ 2730/26073] TestObject#test_redefine_method_under_verbose = 2.98 s
[ 2731/26073] TestObject#test_frozen_inspect = 0.01 s
[ 2732/26073] TestObject#test_false_to_s = 0.01 s
[ 2733/26073] TestObject#test_superclass_method = 2.28 s
[ 2734/26073] TestObject#test_init_dupclone = 0.02 s
[ 2735/26073] TestObject#test_true_to_s = 0.01 s
[ 2736/26073] TestObject#test_convert_string = 0.02 s
[ 2737/26073] TestObject#test_not = 0.01 s
[ 2738/26073] TestObject#test_methods = 0.03 s
[ 2739/26073] TestObject#test_specific_eval_with_wrong_arguments = 0.02 s
[ 2740/26073] TestObject#test_clone = 0.16 s
[ 2741/26073] TestObject#test_method_missing_passed_block = 0.02 s
[ 2742/26073] TestObject#test_false_or = 0.01 s
[ 2743/26073] TestObject#test_redefine_method_which_may_case_serious_problem = 30.69 s
[ 2744/26073] TestObject#test_nil_to_f = 0.01 s
[ 2745/26073] TestObject#test_instance_of = 0.01 s
[ 2746/26073] TestObject#test_instance_exec = 0.02 s
[ 2747/26073] TestObject#test_send_with_block = 0.02 s
[ 2748/26073] TestObject#test_freeze_immediate = 0.02 s
[ 2749/26073] TestObject#test_to_s = 0.03 s
[ 2750/26073] TestObject#test_max_shape_variation_with_performance_warnings = 2.91 s
[ 2751/26073] TestObject#test_no_superclass_method = 0.03 s
[ 2752/26073] TestObject#test_instance_variable_defined = 0.03 s
[ 2753/26073] TestObject#test_respond_to_missing_string = 0.02 s
[ 2754/26073] TestObject#test_remove_instance_variable = 0.04 s
[ 2755/26073] TestDir_M17N#test_entries_compose = 0.05 s
[ 2756/26073] TestDir_M17N#test_error_nonascii = 0.03 s
[ 2757/26073] TestDir_M17N#test_filename_utf8_raw_windows_1252_name = 17.70 s
[ 2758/26073] TestDir_M17N#test_filename_utf8_raw_windows_1251_name = 17.62 s
[ 2759/26073] TestDir_M17N#test_filename_utf8_raw_jp_name = 17.57 s
[ 2760/26073] TestDir_M17N#test_filename_extutf8_inteucjp_unrepresentable = 26.53 s
[ 2761/26073] TestDir_M17N#test_inspect_nonascii = 0.05 s
[ 2762/26073] TestDir_M17N#test_glob_incompatible = 0.02 s
[ 2763/26073] TestDir_M17N#test_filename_euc_jp = 17.58 s
[ 2764/26073] TestDir_M17N#test_glob_compose = 0.05 s
[ 2765/26073] TestDir_M17N#test_pwd = 0.06 s
[ 2766/26073] TestDir_M17N#test_filename_extutf8_inteucjp_representable = 26.52 s
[ 2767/26073] TestDir_M17N#test_glob_warning_match_all = 0.06 s
[ 2768/26073] TestDir_M17N#test_glob_encoding = 0.07 s
[ 2769/26073] TestDir_M17N#test_filename_bytes_euc_jp = 8.82 s
[ 2770/26073] TestDir_M17N#test_filename_extutf8 = 8.92 s
[ 2771/26073] TestDir_M17N#test_filename_ext_euc_jp_and_int_utf_8 = 17.94 s
[ 2772/26073] TestDir_M17N#test_glob_escape_multibyte = 0.04 s
[ 2773/26073] TestDir_M17N#test_glob_warning_match_dir = 0.06 s
[ 2774/26073] TestDir_M17N#test_filename_as_bytes_extutf8 = 26.68 s
[ 2775/26073] TestDir_M17N#test_filename_extutf8_invalid = 17.72 s
[ 2776/26073] TestDir_M17N#test_glob_warning_opendir = 0.11 s
[ 2777/26073] OpenSSL::TestEOF2#test_eof_1 = 4.50 s
[ 2778/26073] OpenSSL::TestEOF2#test_eof_3 = 1.22 s
[ 2779/26073] OpenSSL::TestEOF2#test_readbyte_eof = 1.23 s
[ 2780/26073] OpenSSL::TestEOF2#test_getbyte_eof = 1.22 s
[ 2781/26073] OpenSSL::TestEOF2#test_eof_0_rw = 0.78 s
[ 2782/26073] OpenSSL::TestEOF2#test_eof_2 = 1.22 s
[ 2783/26073] OpenSSL::TestEOF2#test_eof_0 = 2.67 s
[ 2784/26073] JSONInRactorTest#test_generate = 16.59 s
[ 2785/26073] TestCiDetector#test_ci? = 0.75 s
[ 2786/26073] TestCiDetector#test_ci_strings = 0.67 s
[ 2787/26073] Prism::CompilerTest#test_compiler = 0.03 s
[ 2788/26073] Prism::MagicCommentTest#"test_seattlerb/non_interpolated_symbol_array_line_breaks.txt"
 = 0.03 s
[ 2789/26073] Prism::MagicCommentTest#"test_seattlerb/heredoc_unicode.txt" = 0.02 s
[ 2790/26073] Prism::MagicCommentTest#"test_whitequark/ruby_bug_11873_b.txt" = 0.04 s
[ 2791/26073] Prism::MagicCommentTest#"test_seattlerb/parse_while_not_canonical.txt" = 0.02 s
[ 2792/26073] Prism::MagicCommentTest#"test_unparser/corpus/literal/block.txt" = 0.30 s
[ 2793/26073] Prism::MagicCommentTest#"test_case.txt" = 0.14 s
[ 2794/26073] Prism::MagicCommentTest#"test_whitequark/alias_gvar.txt" = 0.02 s
[ 2795/26073] Prism::MagicCommentTest#"test_seattlerb/block_optarg.txt" = 0.02 s
[ 2796/26073] Prism::MagicCommentTest#"test_whitequark/send_lambda_legacy.txt" = 0.02 s
[ 2797/26073] Prism::MagicCommentTest#"test_whitequark/send_block_conditional.txt" = 0.02 s
[ 2798/26073] Prism::MagicCommentTest#"test_whitequark/numparam_ruby_bug_19025.txt" = 0.02 s
[ 2799/26073] Prism::MagicCommentTest#"test_seattlerb/call_lte.txt" = 0.02 s
[ 2800/26073] Prism::MagicCommentTest#"test_whitequark/ruby_bug_10279.txt" = 0.02 s
[ 2801/26073] Prism::MagicCommentTest#"test_multi_write.txt" = 0.04 s
[ 2802/26073] Prism::MagicCommentTest#"test_seattlerb/non_interpolated_word_array_line_breaks.txt" =
 0.02 s
[ 2803/26073] Prism::MagicCommentTest#"test_unparser/corpus/literal/for.txt" = 0.05 s
[ 2804/26073] Prism::MagicCommentTest#"test_seattlerb/parse_line_newlines.txt" = 0.02 s
[ 2805/26073] Prism::MagicCommentTest#"test_whitequark/send_call.txt" = 0.02 s
[ 2806/26073] Prism::MagicCommentTest#"test_seattlerb/masgn_double_paren.txt" = 0.02 s
[ 2807/26073] Prism::MagicCommentTest#"test_seattlerb/unary_tilde.txt" = 0.02 s
[ 2808/26073] Prism::MagicCommentTest#"test_whitequark/ruby_bug_12686.txt" = 0.02 s
[ 2809/26073] Prism::MagicCommentTest#"test_whitequark/int.txt" = 0.02 s
[ 2810/26073] Prism::MagicCommentTest#"test_whitequark/parser_bug_518.txt" = 0.02 s
[ 2811/26073] Prism::MagicCommentTest#"test_seattlerb/bug290.txt" = 0.02 s
[ 2812/26073] Prism::MagicCommentTest#"test_seattlerb/do_lambda.txt" = 0.02 s
[ 2813/26073] Prism::MagicCommentTest#"test_unparser/corpus/literal/since/32.txt" = 0.05 s
[ 2814/26073] Prism::MagicCommentTest#"test_whitequark/defs.txt" = 0.04 s
[ 2815/26073] Prism::MagicCommentTest#"test_seattlerb/dstr_str.txt" = 0.02 s
[ 2816/26073] Prism::MagicCommentTest#"test_seattlerb/float_with_if_modifier.txt" = 0.02 s
[ 2817/26073] Prism::MagicCommentTest#"test_whitequark/array_symbols.txt" = 0.02 s
[ 2818/26073] Prism::MagicCommentTest#"test_seattlerb/call_pipe.txt" = 0.02 s
[ 2819/26073] Prism::MagicCommentTest#"test_seattlerb/block_arg_splat_arg.txt" = 0.02 s
[ 2820/26073] Prism::MagicCommentTest#"test_seattlerb/evstr_evstr.txt" = 0.02 s
[ 2821/26073] Prism::MagicCommentTest#"test_whitequark/cond_eflipflop_with_beginless_range.txt" = 0.
02 s
[ 2822/26073] Prism::MagicCommentTest#"test_whitequark/cond_match_current_line.txt" = 0.02 s
[ 2823/26073] Prism::MagicCommentTest#"test_seattlerb/parse_line_call_ivar_arg_no_parens_line_break.
txt" = 0.02 s
[ 2824/26073] Prism::MagicCommentTest#"test_whitequark/complex.txt" = 0.02 s
[ 2825/26073] Prism::MagicCommentTest#"test_seattlerb/case_in_86_2.txt" = 0.03 s
[ 2826/26073] Prism::MagicCommentTest#"test_seattlerb/call_spaceship.txt" = 0.02 s
[ 2827/26073] Prism::MagicCommentTest#"test_seattlerb/module_comments.txt" = 0.03 s
[ 2828/26073] Prism::MagicCommentTest#"test_seattlerb/str_lit_concat_bad_encodings.txt" = 0.02 s
[ 2829/26073] Prism::MagicCommentTest#"test_whitequark/arg_scope.txt" = 0.02 s
[ 2830/26073] Prism::MagicCommentTest#"test_unparser/corpus/semantic/and.txt" = 0.04 s
[ 2831/26073] Prism::MagicCommentTest#"test_whitequark/beginless_range.txt" = 0.02 s
[ 2832/26073] Prism::MagicCommentTest#"test_whitequark/rescue_else.txt" = 0.02 s
[ 2833/26073] Prism::MagicCommentTest#"test_whitequark/parser_bug_272.txt" = 0.02 s
[ 2834/26073] Prism::MagicCommentTest#"test_whitequark/bug_do_block_in_cmdarg.txt" = 0.02 s
[ 2835/26073] Prism::MagicCommentTest#"test_seattlerb/stabby_arg_opt_splat_arg_block_omfg.txt" = 0.0
2 s
[ 2836/26073] Prism::MagicCommentTest#"test_unparser/corpus/literal/literal.txt" = 0.31 s
[ 2837/26073] Prism::MagicCommentTest#"test_seattlerb/iter_args_8_1.txt" = 0.02 s
[ 2838/26073] Prism::MagicCommentTest#"test_seattlerb/evstr_str.txt" = 0.02 s
[ 2839/26073] Prism::MagicCommentTest#"test_spanning_heredoc_newlines.txt" = 0.04 s
[ 2840/26073] Prism::MagicCommentTest#"test_whitequark/empty_stmt.txt" = 0.01 s
[ 2841/26073] Prism::MagicCommentTest#"test_unparser/corpus/literal/case.txt" = 0.08 s
[ 2842/26073] Prism::MagicCommentTest#"test_seattlerb/read_escape_unicode_h4.txt" = 0.02 s
[ 2843/26073] Prism::MagicCommentTest#"test_seattlerb/heredoc_lineno.txt" = 0.02 s
[ 2844/26073] Prism::MagicCommentTest#"test_seattlerb/iter_args_10_2.txt" = 0.02 s
[ 2845/26073] Prism::MagicCommentTest#"test_unparser/corpus/literal/pattern.txt" = 0.12 s
[ 2846/26073] Prism::MagicCommentTest#"test_seattlerb/parse_line_heredoc_regexp_chars.txt" = 0.02 s
[ 2847/26073] Prism::MagicCommentTest#"test_seattlerb/defined_eh_parens.txt" = 0.02 s
[ 2848/26073] Prism::MagicCommentTest#"test_whitequark/kwbegin_compstmt.txt" = 0.02 s
[ 2849/26073] Prism::MagicCommentTest#"test_whitequark/case_expr.txt" = 0.02 s
[ 2850/26073] Prism::MagicCommentTest#"test_whitequark/resbody_list_var.txt" = 0.02 s
[ 2851/26073] Prism::MagicCommentTest#"test_whitequark/interp_digit_var.txt" = 0.12 s
[ 2852/26073] Prism::MagicCommentTest#"test_seattlerb/parse_line_op_asgn.txt" = 0.02 s
[ 2853/26073] Prism::MagicCommentTest#"test_seattlerb/defn_forward_args.txt" = 0.02 s
[ 2854/26073] Prism::MagicCommentTest#"test_unparser/corpus/literal/defs.txt" = 0.08 s
[ 2855/26073] Prism::MagicCommentTest#"test_seattlerb/op_asgn_val_dot_ident_command_call.txt" = 0.02
 s
[ 2856/26073] Prism::MagicCommentTest#"test_seattlerb/parse_line_dot2.txt" = 0.02 s
[ 2857/26073] Prism::MagicCommentTest#"test_seattlerb/pctW_lineno.txt" = 0.02 s
[ 2858/26073] Prism::MagicCommentTest#"test_unparser/corpus/literal/if.txt" = 0.08 s
[ 2859/26073] Prism::MagicCommentTest#test_emacs_whitespace = 0.02 s
[ 2860/26073] Prism::MagicCommentTest#"test_whitequark/and.txt" = 0.02 s
[ 2861/26073] Prism::MagicCommentTest#"test_seattlerb/qsymbols_interp.txt" = 0.02 s
[ 2862/26073] Prism::MagicCommentTest#"test_whitequark/send_self.txt" = 0.02 s
[ 2863/26073] Prism::MagicCommentTest#"test_seattlerb/call_args_command.txt" = 0.02 s
[ 2864/26073] Prism::MagicCommentTest#"test_whitequark/undef.txt" = 0.02 s
[ 2865/26073] Prism::MagicCommentTest#"test_seattlerb/stabby_block_iter_call_no_target_with_arg.txt"
 = 0.03 s
[ 2866/26073] Prism::MagicCommentTest#"test_seattlerb/block_call_paren_call_block_call.txt" = 0.02 s
[ 2867/26073] Prism::MagicCommentTest#"test_seattlerb/call_self_brackets.txt" = 0.02 s
[ 2868/26073] Prism::MagicCommentTest#"test_whitequark/rescue_in_lambda_block.txt" = 0.02 s
[ 2869/26073] Prism::MagicCommentTest#"test_seattlerb/str_interp_ternary_or_label.txt" = 0.03 s
[ 2870/26073] Prism::MagicCommentTest#"test_seattlerb/call_rshift.txt" = 0.02 s
[ 2871/26073] Prism::MagicCommentTest#"test_seattlerb/safe_call_operator.txt" = 0.02 s
[ 2872/26073] Prism::MagicCommentTest#"test_seattlerb/heredoc_with_carriage_return_escapes_windows.t
xt" = 0.02 s
[ 2873/26073] Prism::MagicCommentTest#"test_unparser/corpus/semantic/send.txt" = 0.03 s
[ 2874/26073] Prism::MagicCommentTest#"test_begin_ensure.txt" = 0.06 s
[ 2875/26073] Prism::MagicCommentTest#"test_seattlerb/case_in_hash_pat_assign.txt" = 0.03 s
[ 2876/26073] Prism::MagicCommentTest#"test_whitequark/bug_435.txt" = 0.02 s
[ 2877/26073] Prism::MagicCommentTest#"test_whitequark/until_mod.txt" = 0.02 s
[ 2878/26073] Prism::MagicCommentTest#"test_whitequark/bug_interp_single.txt" = 0.02 s
[ 2879/26073] Prism::MagicCommentTest#"test_seattlerb/call_assoc.txt" = 0.02 s
[ 2880/26073] Prism::MagicCommentTest#"test_seattlerb/bug_args__19.txt" = 0.02 s
[ 2881/26073] Prism::MagicCommentTest#"test_seattlerb/quoted_symbol_keys.txt" = 0.02 s
[ 2882/26073] Prism::MagicCommentTest#"test_non_alphanumeric_methods.txt" = 0.14 s
[ 2883/26073] Prism::MagicCommentTest#"test_whitequark/endless_method_with_rescue_mod.txt" = 0.03 s
[ 2884/26073] Prism::MagicCommentTest#"test_whitequark/numbered_args_after_27.txt" = 0.04 s
[ 2885/26073] Prism::MagicCommentTest#"test_whitequark/lvasgn.txt" = 0.02 s
[ 2886/26073] Prism::MagicCommentTest#"test_seattlerb/block_decomp_splat.txt" = 0.02 s
[ 2887/26073] Prism::MagicCommentTest#"test_whitequark/until_post.txt" = 0.02 s
[ 2888/26073] Prism::MagicCommentTest#"test_whitequark/string_dvar.txt" = 0.02 s
[ 2889/26073] Prism::MagicCommentTest#"test_seattlerb/method_call_assoc_trailing_comma.txt" = 0.02 s
[ 2890/26073] Prism::MagicCommentTest#"test_whitequark/class_super.txt" = 0.02 s
[ 2891/26073] Prism::MagicCommentTest#test_emacs_coding = 0.01 s
[ 2892/26073] Prism::MagicCommentTest#"test_seattlerb/parse_pattern_051.txt" = 0.03 s
[ 2893/26073] Prism::MagicCommentTest#"test_whitequark/beginless_irange_after_newline.txt" = 0.02 s
[ 2894/26073] Prism::MagicCommentTest#"test_whitequark/class.txt" = 0.02 s
[ 2895/26073] Prism::MagicCommentTest#"test_whitequark/dedenting_non_interpolating_heredoc_line_cont
inuation.txt" = 0.02 s
[ 2896/26073] Prism::MagicCommentTest#"test_seattlerb/utf8_bom.txt" = 0.02 s
[ 2897/26073] Prism::MagicCommentTest#"test_alias.txt" = 0.05 s
[ 2898/26073] Prism::MagicCommentTest#"test_seattlerb/block_args_opt3.txt" = 0.03 s
[ 2899/26073] Prism::MagicCommentTest#"test_seattlerb/defs_endless_command.txt" = 0.02 s
[ 2900/26073] Prism::MagicCommentTest#"test_whitequark/space_args_arg_newline.txt" = 0.02 s
[ 2901/26073] Prism::MagicCommentTest#"test_seattlerb/iter_args_6.txt" = 0.02 s
[ 2902/26073] Prism::MagicCommentTest#"test_constants.txt" = 0.26 s
[ 2903/26073] Prism::MagicCommentTest#"test_seattlerb/safe_call_rhs_newline.txt" = 0.02 s
[ 2904/26073] Prism::MagicCommentTest#"test_seattlerb/assoc__bare.txt" = 0.02 s
[ 2905/26073] Prism::MagicCommentTest#"test_seattlerb/parse_pattern_044.txt" = 0.02 s
[ 2906/26073] Prism::MagicCommentTest#"test_seattlerb/begin_rescue_else_ensure_bodies.txt" = 0.02 s
[ 2907/26073] Prism::MagicCommentTest#test_encoding = 0.01 s
[ 2908/26073] Prism::MagicCommentTest#"test_seattlerb/block_args_opt2_2.txt" = 0.03 s
[ 2909/26073] Prism::MagicCommentTest#"test_seattlerb/str_pct_nested_nested.txt" = 0.02 s
[ 2910/26073] Prism::MagicCommentTest#"test_seattlerb/mlhs_mid_anonsplat.txt" = 0.03 s
[ 2911/26073] Prism::MagicCommentTest#"test_unparser/corpus/literal/lambda.txt" = 0.04 s
[ 2912/26073] Prism::MagicCommentTest#"test_arithmetic.txt" = 0.04 s
[ 2913/26073] Prism::MagicCommentTest#"test_if.txt" = 0.11 s
[ 2914/26073] Prism::MagicCommentTest#"test_seattlerb/__ENCODING__.txt" = 0.02 s
[ 2915/26073] Prism::MagicCommentTest#"test_whitequark/casgn_unscoped.txt" = 0.02 s
[ 2916/26073] Prism::MagicCommentTest#"test_seattlerb/attr_asgn_colon_id.txt" = 0.02 s
[ 2917/26073] Prism::MagicCommentTest#"test_whitequark/ivasgn.txt" = 0.02 s
[ 2918/26073] Prism::MagicCommentTest#"test_seattlerb/symbols_empty.txt" = 0.01 s
[ 2919/26073] Prism::MagicCommentTest#"test_seattlerb/parse_line_multiline_str.txt" = 0.02 s
[ 2920/26073] Prism::MagicCommentTest#"test_seattlerb/call_leading_dots_comment.txt" = 0.02 s
[ 2921/26073] Prism::MagicCommentTest#"test_seattlerb/bug_comma.txt" = 0.02 s
[ 2922/26073] Prism::MagicCommentTest#"test_seattlerb/heredoc__backslash_dos_format.txt" = 0.02 s
[ 2923/26073] Prism::MagicCommentTest#"test_whitequark/var_and_asgn.txt" = 0.02 s
[ 2924/26073] Prism::MagicCommentTest#"test_seattlerb/difficult3__7.txt" = 0.02 s
[ 2925/26073] Prism::MagicCommentTest#"test_whitequark/resbody_list.txt" = 0.02 s
[ 2926/26073] Prism::MagicCommentTest#"test_seattlerb/parse_line_defn_no_parens.txt" = 0.02 s
[ 2927/26073] Prism::MagicCommentTest#"test_seattlerb/parse_opt_call_args_lit_comma.txt" = 0.02 s
[ 2928/26073] Prism::MagicCommentTest#"test_seattlerb/call_args_assoc_quoted.txt" = 0.03 s
[ 2929/26073] Prism::MagicCommentTest#"test_whitequark/comments_before_leading_dot__27.txt" = 0.03 s
[ 2930/26073] Prism::MagicCommentTest#"test_whitequark/endless_method_without_args.txt" = 0.03 s
[ 2931/26073] Prism::MagicCommentTest#"test_whitequark/range_inclusive.txt" = 0.02 s
[ 2932/26073] Prism::MagicCommentTest#"test_unparser/corpus/semantic/dstr.txt" = 0.17 s
[ 2933/26073] Prism::MagicCommentTest#"test_seattlerb/array_line_breaks.txt" = 0.02 s
[ 2934/26073] Prism::MagicCommentTest#"test_whitequark/lvar.txt" = 0.01 s
[ 2935/26073] Prism::MagicCommentTest#"test_seattlerb/array_lits_trailing_calls.txt" = 0.02 s
[ 2936/26073] Prism::MagicCommentTest#"test_seattlerb/op_asgn_primary_colon_identifier_command_call.
txt" = 0.02 s
[ 2937/26073] Prism::MagicCommentTest#"test_whitequark/send_attr_asgn_conditional.txt" = 0.02 s
[ 2938/26073] Prism::MagicCommentTest#"test_heredoc.txt" = 0.02 s
[ 2939/26073] Prism::MagicCommentTest#"test_seattlerb/return_call_assocs.txt" = 0.05 s
[ 2940/26073] Prism::MagicCommentTest#"test_seattlerb/heredoc_with_interpolation_and_carriage_return
_escapes.txt" = 0.02 s
[ 2941/26073] Prism::MagicCommentTest#"test_seattlerb/iter_kwarg_kwsplat.txt" = 0.02 s
[ 2942/26073] Prism::MagicCommentTest#"test_seattlerb/call_assoc_new_if_multiline.txt" = 0.02 s
[ 2943/26073] Prism::MagicCommentTest#"test_seattlerb/str_str.txt" = 0.02 s
[ 2944/26073] Prism::MagicCommentTest#"test_seattlerb/case_in_47.txt" = 0.02 s
[ 2945/26073] Prism::MagicCommentTest#"test_seattlerb/bug_args_masgn.txt" = 0.02 s
[ 2946/26073] Prism::MagicCommentTest#"test_seattlerb/parse_line_heredoc_hardnewline.txt" = 0.02 s
[ 2947/26073] Prism::MagicCommentTest#test_coding_whitespace = 0.01 s
[ 2948/26073] Prism::MagicCommentTest#"test_whitequark/array_assocs.txt" = 0.02 s
[ 2949/26073] Prism::MagicCommentTest#"test_seattlerb/stabby_arg_no_paren.txt" = 0.02 s
[ 2950/26073] Prism::MagicCommentTest#"test_seattlerb/heredoc_comma_arg.txt" = 0.02 s
[ 2951/26073] Prism::MagicCommentTest#"test_whitequark/module.txt" = 0.02 s
[ 2952/26073] Prism::MagicCommentTest#"test_seattlerb/parse_line_dstr_soft_newline.txt" = 0.02 s
[ 2953/26073] Prism::MagicCommentTest#"test_seattlerb/pct_nl.txt" = 0.02 s
[ 2954/26073] Prism::MagicCommentTest#"test_whitequark/cpath.txt" = 0.02 s
[ 2955/26073] Prism::MagicCommentTest#"test_seattlerb/heredoc_with_only_carriage_returns_windows.txt
" = 0.02 s
[ 2956/26073] Prism::MagicCommentTest#"test_endless_range_in_conditional.txt" = 0.03 s
[ 2957/26073] Prism::MagicCommentTest#"test_while.txt" = 0.11 s
[ 2958/26073] Prism::MagicCommentTest#"test_whitequark/parser_bug_640.txt" = 0.02 s
[ 2959/26073] Prism::MagicCommentTest#"test_seattlerb/bug190.txt" = 0.02 s
[ 2960/26073] Prism::MagicCommentTest#"test_return.txt" = 0.06 s
[ 2961/26073] Prism::MagicCommentTest#"test_seattlerb/difficult3__10.txt" = 0.02 s
[ 2962/26073] Prism::MagicCommentTest#"test_seattlerb/block_arg_scope.txt" = 0.02 s
[ 2963/26073] Prism::MagicCommentTest#"test_seattlerb/heredoc_squiggly.txt" = 0.02 s
[ 2964/26073] Prism::MagicCommentTest#"test_blocks.txt" = 0.14 s
[ 2965/26073] Prism::MagicCommentTest#"test_seattlerb/TestRubyParserShared.txt" = 0.12 s
[ 2966/26073] Prism::MagicCommentTest#"test_unparser/corpus/literal/defined.txt" = 0.03 s
[ 2967/26073] Prism::MagicCommentTest#"test_whitequark/args_assocs_comma.txt" = 0.02 s
[ 2968/26073] Prism::MagicCommentTest#"test_seattlerb/qsymbols_empty.txt" = 0.02 s
[ 2969/26073] Prism::MagicCommentTest#"test_seattlerb/bdot3.txt" = 0.02 s
[ 2970/26073] Prism::MagicCommentTest#"test_seattlerb/safe_op_asgn2.txt" = 0.02 s
[ 2971/26073] Prism::MagicCommentTest#"test_seattlerb/call_eq3.txt" = 0.02 s
[ 2972/26073] Prism::MagicCommentTest#"test_whitequark/kwrestarg_named.txt" = 0.02 s
[ 2973/26073] Prism::MagicCommentTest#"test_whitequark/op_asgn.txt" = 0.03 s
[ 2974/26073] Prism::MagicCommentTest#"test_seattlerb/defs_comments.txt" = 0.02 s
[ 2975/26073] Prism::MagicCommentTest#"test_seattlerb/str_single_escaped_newline.txt" = 0.02 s
[ 2976/26073] Prism::MagicCommentTest#"test_seattlerb/lasgn_lasgn_command_call.txt" = 0.02 s
[ 2977/26073] Prism::MagicCommentTest#"test_seattlerb/masgn_command_call.txt" = 0.02 s
[ 2978/26073] Prism::MagicCommentTest#"test_whitequark/forwarded_kwrestarg.txt" = 0.02 s
[ 2979/26073] Prism::MagicCommentTest#"test_unparser/corpus/literal/super.txt" = 0.06 s
[ 2980/26073] Prism::MagicCommentTest#"test_unparser/corpus/semantic/undef.txt" = 0.02 s
[ 2981/26073] Prism::MagicCommentTest#"test_whitequark/nil.txt" = 0.02 s
[ 2982/26073] Prism::MagicCommentTest#"test_seattlerb/interpolated_symbol_array_line_breaks.txt" = 0
.02 s
[ 2983/26073] Prism::MagicCommentTest#"test_whitequark/return_block.txt" = 0.02 s
[ 2984/26073] Prism::MagicCommentTest#"test_seattlerb/and_multi.txt" = 0.02 s
[ 2985/26073] Prism::MagicCommentTest#"test_seattlerb/call_dot_parens.txt" = 0.02 s
[ 2986/26073] Prism::MagicCommentTest#"test_numbers.txt" = 0.08 s
[ 2987/26073] Prism::MagicCommentTest#"test_seattlerb/unary_minus.txt" = 0.02 s
[ 2988/26073] Prism::MagicCommentTest#"test_seattlerb/block_command_operation_colon.txt" = 0.02 s
[ 2989/26073] Prism::MagicCommentTest#"test_seattlerb/defns_reserved.txt" = 0.02 s
[ 2990/26073] Prism::MagicCommentTest#"test_whitequark/hash_pair_value_omission.txt" = 0.03 s
[ 2991/26073] Prism::MagicCommentTest#"test_seattlerb/when_splat.txt" = 0.02 s
[ 2992/26073] Prism::MagicCommentTest#"test_seattlerb/bug_case_when_regexp.txt" = 0.02 s
[ 2993/26073] Prism::MagicCommentTest#"test_whitequark/blockarg.txt" = 0.02 s
[ 2994/26073] Prism::MagicCommentTest#"test_seattlerb/safe_call_after_newline.txt" = 0.02 s
[ 2995/26073] Prism::MagicCommentTest#"test_whitequark/rescue_ensure.txt" = 0.02 s
[ 2996/26073] Prism::MagicCommentTest#"test_seattlerb/str_heredoc_interp.txt" = 0.02 s
[ 2997/26073] Prism::MagicCommentTest#"test_seattlerb/lasgn_command.txt" = 0.02 s
[ 2998/26073] Prism::MagicCommentTest#"test_modules.txt" = 0.05 s
[ 2999/26073] Prism::MagicCommentTest#"test_seattlerb/heredoc_squiggly_tabs.txt" = 0.02 s
[ 3000/26073] Prism::MagicCommentTest#"test_comments.txt" = 0.04 s
[ 3001/26073] Prism::MagicCommentTest#"test_whitequark/ensure_empty.txt" = 0.02 s
[ 3002/26073] Prism::MagicCommentTest#"test_seattlerb/flip2_env_lvar.txt" = 0.02 s
[ 3003/26073] Prism::MagicCommentTest#"test_seattlerb/block_opt_splat.txt" = 0.02 s
[ 3004/26073] Prism::MagicCommentTest#"test_seattlerb/block_args_kwargs.txt" = 0.02 s
[ 3005/26073] Prism::MagicCommentTest#"test_unparser/corpus/literal/since/27.txt" = 0.02 s
[ 3006/26073] Prism::MagicCommentTest#"test_whitequark/args_cmd.txt" = 0.02 s
[ 3007/26073] Prism::MagicCommentTest#"test_seattlerb/parse_line_dot3_open.txt" = 0.02 s
[ 3008/26073] Prism::MagicCommentTest#"test_whitequark/resbody_list_mrhs.txt" = 0.02 s
[ 3009/26073] Prism::MagicCommentTest#"test_seattlerb/regexp.txt" = 0.03 s
[ 3010/26073] Prism::MagicCommentTest#"test_whitequark/for_mlhs.txt" = 0.02 s
[ 3011/26073] Prism::MagicCommentTest#"test_range_begin_open_exclusive.txt" = 0.02 s
[ 3012/26073] Prism::MagicCommentTest#"test_seattlerb/difficult3_5.txt" = 0.02 s
[ 3013/26073] Prism::MagicCommentTest#"test_whitequark/endless_method_forwarded_args_legacy.txt" = 0
.02 s
[ 3014/26073] Prism::MagicCommentTest#"test_whitequark/endless_method_command_syntax.txt" = 0.08 s
[ 3015/26073] Prism::MagicCommentTest#"test_seattlerb/rescue_in_block.txt" = 0.02 s
[ 3016/26073] Prism::MagicCommentTest#"test_seattlerb/parse_pattern_069.txt" = 0.02 s
[ 3017/26073] Prism::MagicCommentTest#"test_seattlerb/call_arg_assoc_kwsplat.txt" = 0.02 s
[ 3018/26073] Prism::MagicCommentTest#"test_whitequark/masgn_const.txt" = 0.02 s
[ 3019/26073] Prism::MagicCommentTest#"test_unparser/corpus/literal/module.txt" = 0.04 s
[ 3020/26073] Prism::MagicCommentTest#"test_unparser/corpus/literal/unary.txt" = 0.05 s
[ 3021/26073] Prism::MagicCommentTest#"test_seattlerb/call_block_arg_named.txt" = 0.02 s
[ 3022/26073] Prism::MagicCommentTest#"test_seattlerb/call_array_block_call.txt" = 0.02 s
[ 3023/26073] Prism::MagicCommentTest#"test_whitequark/send_lambda.txt" = 0.02 s
[ 3024/26073] Prism::MagicCommentTest#"test_seattlerb/masgn_colon2.txt" = 0.02 s
[ 3025/26073] Prism::MagicCommentTest#"test_seattlerb/magic_encoding_comment.txt" = 0.03 s
[ 3026/26073] Prism::MagicCommentTest#"test_whitequark/heredoc.txt" = 0.02 s
[ 3027/26073] Prism::MagicCommentTest#"test_whitequark/not.txt" = 0.02 s
[ 3028/26073] Prism::MagicCommentTest#"test_whitequark/send_plain.txt" = 0.02 s
[ 3029/26073] Prism::MagicCommentTest#"test_whitequark/bug_480.txt" = 0.02 s
[ 3030/26073] Prism::MagicCommentTest#"test_seattlerb/heredoc_with_extra_carriage_returns_windows.tx
t" = 0.02 s
[ 3031/26073] Prism::MagicCommentTest#"test_unparser/corpus/literal/singletons.txt" = 0.02 s
[ 3032/26073] Prism::MagicCommentTest#"test_seattlerb/aref_args_lit_assocs.txt" = 0.02 s
[ 3033/26073] Prism::MagicCommentTest#"test_seattlerb/masgn_paren.txt" = 0.02 s
[ 3034/26073] Prism::MagicCommentTest#"test_seattlerb/args_kw_block.txt" = 0.02 s
[ 3035/26073] Prism::MagicCommentTest#"test_seattlerb/stabby_proc_scope.txt" = 0.02 s
[ 3036/26073] Prism::MagicCommentTest#"test_seattlerb/block_kwarg_lvar_multiple.txt" = 0.02 s
[ 3037/26073] Prism::MagicCommentTest#"test_unparser/corpus/literal/alias.txt" = 0.02 s
[ 3038/26073] Prism::MagicCommentTest#"test_seattlerb/heredoc_with_interpolation_and_carriage_return
_escapes_windows.txt" = 0.02 s
[ 3039/26073] Prism::MagicCommentTest#"test_seattlerb/iter_args_1.txt" = 0.02 s
[ 3040/26073] Prism::MagicCommentTest#"test_seattlerb/call_star.txt" = 0.02 s
[ 3041/26073] Prism::MagicCommentTest#"test_seattlerb/eq_begin_why_wont_people_use_their_spacebar.tx
t" = 0.02 s
[ 3042/26073] Prism::MagicCommentTest#"test_unparser/corpus/literal/variables.txt" = 0.03 s
[ 3043/26073] Prism::MagicCommentTest#"test_whitequark/kwoptarg.txt" = 0.02 s
[ 3044/26073] Prism::MagicCommentTest#"test_seattlerb/str_double_newline.txt" = 0.02 s
[ 3045/26073] Prism::MagicCommentTest#"test_seattlerb/parse_line_heredoc_evstr.txt" = 0.02 s
[ 3046/26073] Prism::MagicCommentTest#"test_seattlerb/block_reg_optarg.txt" = 0.02 s
[ 3047/26073] Prism::MagicCommentTest#"test_seattlerb/masgn_var_star_var.txt" = 0.02 s
[ 3048/26073] Prism::MagicCommentTest#"test_whitequark/string_interp.txt" = 0.02 s
[ 3049/26073] Prism::MagicCommentTest#"test_whitequark/ternary_ambiguous_symbol.txt" = 0.02 s
[ 3050/26073] Prism::MagicCommentTest#"test_seattlerb/case_in.txt" = 0.24 s
[ 3051/26073] Prism::MagicCommentTest#"test_seattlerb/lasgn_ivar_env.txt" = 0.02 s
[ 3052/26073] Prism::MagicCommentTest#"test_whitequark/op_asgn_index.txt" = 0.02 s
[ 3053/26073] Prism::MagicCommentTest#"test_seattlerb/call_arg_kwsplat.txt" = 0.02 s
[ 3054/26073] Prism::MagicCommentTest#"test_seattlerb/block_call_operation_colon.txt" = 0.02 s
[ 3055/26073] Prism::MagicCommentTest#"test_seattlerb/stabby_block_kw.txt" = 0.02 s
[ 3056/26073] Prism::MagicCommentTest#"test_whitequark/or_asgn.txt" = 0.02 s
[ 3057/26073] Prism::MagicCommentTest#"test_seattlerb/call_array_lambda_block_call.txt" = 0.02 s
[ 3058/26073] Prism::MagicCommentTest#"test_seattlerb/defn_no_kwargs.txt" = 0.02 s
[ 3059/26073] Prism::MagicCommentTest#"test_seattlerb/heredoc_with_not_global_interpolation.txt" = 0
.02 s
[ 3060/26073] Prism::MagicCommentTest#"test_seattlerb/case_in_31.txt" = 0.02 s
[ 3061/26073] Prism::MagicCommentTest#"test_seattlerb/case_in_42_2.txt" = 0.02 s
[ 3062/26073] Prism::MagicCommentTest#"test_whitequark/parser_bug_989.txt" = 0.02 s
[ 3063/26073] Prism::MagicCommentTest#"test_seattlerb/case_in_hash_pat_rest_solo.txt" = 0.02 s
[ 3064/26073] Prism::MagicCommentTest#"test_whitequark/cond_eflipflop_with_endless_range.txt" = 0.02
 s
[ 3065/26073] Prism::MagicCommentTest#"test_seattlerb/expr_not_bang.txt" = 0.02 s
[ 3066/26073] Prism::MagicCommentTest#"test_whitequark/kwoptarg_with_kwrestarg_and_forwarded_args.tx
t" = 0.02 s
[ 3067/26073] Prism::MagicCommentTest#"test_whitequark/if_elsif.txt" = 0.02 s
[ 3068/26073] Prism::MagicCommentTest#"test_unparser/corpus/semantic/def.txt" = 0.03 s
[ 3069/26073] Prism::MagicCommentTest#"test_seattlerb/mlhs_front_splat.txt" = 0.02 s
[ 3070/26073] Prism::MagicCommentTest#"test_seattlerb/parse_line_evstr_after_break.txt" = 0.02 s
[ 3071/26073] Prism::MagicCommentTest#"test_whitequark/lvar_injecting_match.txt" = 0.02 s
[ 3072/26073] Prism::MagicCommentTest#"test_seattlerb/heredoc_squiggly_tabs_extra.txt" = 0.02 s
[ 3073/26073] Prism::MagicCommentTest#"test_seattlerb/if_symbol.txt" = 0.02 s
[ 3074/26073] Prism::MagicCommentTest#"test_seattlerb/pct_Q_backslash_nl.txt" = 0.02 s
[ 3075/26073] Prism::MagicCommentTest#"test_whitequark/newline_in_hash_argument.txt" = 0.04 s
[ 3076/26073] Prism::MagicCommentTest#"test_seattlerb/op_asgn_index_command_call.txt" = 0.02 s
[ 3077/26073] Prism::MagicCommentTest#"test_seattlerb/defn_arg_forward_args.txt" = 0.02 s
[ 3078/26073] Prism::MagicCommentTest#"test_whitequark/resbody_var.txt" = 0.03 s
[ 3079/26073] Prism::MagicCommentTest#"test_seattlerb/lasgn_call_nobracket_rescue_arg.txt" = 0.02 s
[ 3080/26073] Prism::MagicCommentTest#"test_whitequark/args.txt" = 0.22 s
[ 3081/26073] Prism::MagicCommentTest#"test_seattlerb/block_kw__required.txt" = 0.02 s
[ 3082/26073] Prism::MagicCommentTest#"test_break.txt" = 0.10 s
[ 3083/26073] Prism::MagicCommentTest#"test_seattlerb/ruby21_numbers.txt" = 0.02 s
[ 3084/26073] Prism::MagicCommentTest#"test_seattlerb/bug_187.txt" = 0.02 s
[ 3085/26073] Prism::MagicCommentTest#"test_whitequark/while_mod.txt" = 0.02 s
[ 3086/26073] Prism::MagicCommentTest#"test_range_beginless.txt" = 0.03 s
[ 3087/26073] Prism::MagicCommentTest#"test_whitequark/const_scoped.txt" = 0.02 s
[ 3088/26073] Prism::MagicCommentTest#"test_whitequark/float.txt" = 0.02 s
[ 3089/26073] Prism::MagicCommentTest#"test_seattlerb/qsymbols.txt" = 0.02 s
[ 3090/26073] Prism::MagicCommentTest#"test_seattlerb/required_kwarg_no_value.txt" = 0.02 s
[ 3091/26073] Prism::MagicCommentTest#"test_whitequark/parser_bug_490.txt" = 0.04 s
[ 3092/26073] Prism::MagicCommentTest#"test_seattlerb/difficult6_.txt" = 0.02 s
[ 3093/26073] Prism::MagicCommentTest#"test_whitequark/ensure.txt" = 0.02 s
[ 3094/26073] Prism::MagicCommentTest#"test_seattlerb/bug_args_masgn2.txt" = 0.02 s
[ 3095/26073] Prism::MagicCommentTest#"test_seattlerb/rescue_parens.txt" = 0.02 s
[ 3096/26073] Prism::MagicCommentTest#"test_command_method_call.txt" = 0.13 s
[ 3097/26073] Prism::MagicCommentTest#"test_whitequark/unless.txt" = 0.02 s
[ 3098/26073] Prism::MagicCommentTest#"test_whitequark/def.txt" = 0.03 s
[ 3099/26073] Prism::MagicCommentTest#"test_for.txt" = 0.05 s
[ 3100/26073] Prism::MagicCommentTest#"test_whitequark/bug_466.txt" = 0.02 s
[ 3101/26073] Prism::MagicCommentTest#"test_seattlerb/alias_gvar_backref.txt" = 0.02 s
[ 3102/26073] Prism::MagicCommentTest#"test_seattlerb/lasgn_arg_rescue_arg.txt" = 0.02 s
[ 3103/26073] Prism::MagicCommentTest#"test_unparser/corpus/literal/empty.txt" = 0.01 s
[ 3104/26073] Prism::MagicCommentTest#"test_whitequark/ruby_bug_12402.txt" = 0.11 s
[ 3105/26073] Prism::MagicCommentTest#"test_whitequark/bug_ascii_8bit_in_literal.txt" = 0.02 s
[ 3106/26073] Prism::MagicCommentTest#"test_seattlerb/difficult3_2.txt" = 0.02 s
[ 3107/26073] Prism::MagicCommentTest#"test_whitequark/regex_plain.txt" = 0.02 s
[ 3108/26073] Prism::MagicCommentTest#"test_seattlerb/lasgn_middle_splat.txt" = 0.02 s
[ 3109/26073] Prism::MagicCommentTest#"test_seattlerb/difficult1_line_numbers2.txt" = 0.03 s
[ 3110/26073] Prism::MagicCommentTest#"test_whitequark/cvasgn.txt" = 0.02 s
[ 3111/26073] Prism::MagicCommentTest#"test_seattlerb/case_in_multiple.txt" = 0.03 s
[ 3112/26073] Prism::MagicCommentTest#"test_seattlerb/case_in_if_unless_post_mod.txt" = 0.03 s
[ 3113/26073] Prism::MagicCommentTest#"test_seattlerb/aref_args_assocs.txt" = 0.02 s
[ 3114/26073] Prism::MagicCommentTest#"test_seattlerb/heredoc_squiggly_interp.txt" = 0.02 s
[ 3115/26073] Prism::MagicCommentTest#"test_seattlerb/str_evstr.txt" = 0.02 s
[ 3116/26073] Prism::MagicCommentTest#"test_seattlerb/case_in_hash_pat_rest.txt" = 0.03 s
[ 3117/26073] Prism::MagicCommentTest#"test_unparser/corpus/literal/flipflop.txt" = 0.04 s
[ 3118/26073] Prism::MagicCommentTest#"test_whitequark/send_lambda_args.txt" = 0.02 s
[ 3119/26073] Prism::MagicCommentTest#"test_seattlerb/defn_unary_not.txt" = 0.02 s
[ 3120/26073] Prism::MagicCommentTest#"test_whitequark/bug_while_not_parens_do.txt" = 0.02 s
[ 3121/26073] Prism::MagicCommentTest#"test_seattlerb/op_asgn_command_call.txt" = 0.02 s
[ 3122/26073] Prism::MagicCommentTest#"test_seattlerb/dstr_evstr_empty_end.txt" = 0.02 s
[ 3123/26073] Prism::MagicCommentTest#"test_seattlerb/case_in_const.txt" = 0.02 s
[ 3124/26073] Prism::MagicCommentTest#"test_whitequark/hash_kwsplat.txt" = 0.02 s
[ 3125/26073] Prism::MagicCommentTest#"test_seattlerb/block_arg_scope2.txt" = 0.02 s
[ 3126/26073] Prism::MagicCommentTest#"test_seattlerb/iter_args_5.txt" = 0.02 s
[ 3127/26073] Prism::MagicCommentTest#"test_whitequark/numparam_outside_block.txt" = 0.03 s
[ 3128/26073] Prism::MagicCommentTest#"test_seattlerb/attrasgn_primary_dot_constant.txt" = 0.02 s
[ 3129/26073] Prism::MagicCommentTest#"test_seattlerb/str_double_double_escaped_newline.txt" = 0.02
s
[ 3130/26073] Prism::MagicCommentTest#"test_seattlerb/heredoc_squiggly_no_indent.txt" = 0.02 s
[ 3131/26073] Prism::MagicCommentTest#"test_regex.txt" = 0.15 s
[ 3132/26073] Prism::MagicCommentTest#"test_seattlerb/bang_eq.txt" = 0.02 s
[ 3133/26073] Prism::MagicCommentTest#"test_whitequark/forwarded_argument_with_kwrestarg.txt" = 0.02
 s
[ 3134/26073] Prism::MagicCommentTest#"test_seattlerb/messy_op_asgn_lineno.txt" = 0.02 s
[ 3135/26073] Prism::MagicCommentTest#"test_seattlerb/str_single_newline.txt" = 0.02 s
[ 3136/26073] Prism::MagicCommentTest#"test_whitequark/bug_452.txt" = 0.02 s
[ 3137/26073] Prism::MagicCommentTest#"test_whitequark/nth_ref.txt" = 0.01 s
[ 3138/26073] Prism::MagicCommentTest#"test_whitequark/space_args_cmd.txt" = 0.02 s
[ 3139/26073] Prism::MagicCommentTest#"test_seattlerb/bug_op_asgn_rescue.txt" = 0.02 s
[ 3140/26073] Prism::MagicCommentTest#"test_seattlerb/parse_line_heredoc.txt" = 0.02 s
[ 3141/26073] Prism::MagicCommentTest#"test_seattlerb/defn_oneliner_noargs.txt" = 0.02 s
[ 3142/26073] Prism::MagicCommentTest#"test_seattlerb/symbols_empty_space.txt" = 0.02 s
[ 3143/26073] Prism::MagicCommentTest#"test_whitequark/bug_447.txt" = 0.02 s
[ 3144/26073] Prism::MagicCommentTest#"test_seattlerb/defs_oneliner_eq2.txt" = 0.02 s
[ 3145/26073] Prism::MagicCommentTest#"test_seattlerb/pct_w_heredoc_interp_nested.txt" = 0.02 s
[ 3146/26073] Prism::MagicCommentTest#"test_seattlerb/defn_powarg.txt" = 0.02 s
[ 3147/26073] Prism::MagicCommentTest#"test_whitequark/const_toplevel.txt" = 0.01 s
[ 3148/26073] Prism::MagicCommentTest#"test_whitequark/const_op_asgn.txt" = 0.03 s
[ 3149/26073] Prism::MagicCommentTest#"test_range_begin_open_inclusive.txt" = 0.02 s
[ 3150/26073] Prism::MagicCommentTest#"test_whitequark/until.txt" = 0.02 s
[ 3151/26073] Prism::MagicCommentTest#"test_seattlerb/f_kw.txt" = 0.02 s
[ 3152/26073] Prism::MagicCommentTest#"test_seattlerb/super_arg.txt" = 0.02 s
[ 3153/26073] Prism::MagicCommentTest#"test_seattlerb/parse_line_hash_lit.txt" = 0.02 s
[ 3154/26073] Prism::MagicCommentTest#"test_dos_endings.txt" = 0.04 s
[ 3155/26073] Prism::MagicCommentTest#"test_seattlerb/call_assoc_trailing_comma.txt" = 0.02 s
[ 3156/26073] Prism::MagicCommentTest#"test_seattlerb/difficult3_.txt" = 0.02 s
[ 3157/26073] Prism::MagicCommentTest#"test_heredocs_nested.txt" = 0.03 s
[ 3158/26073] Prism::MagicCommentTest#"test_seattlerb/parse_line_block_inline_multiline_comment.txt"
 = 0.02 s
[ 3159/26073] Prism::MagicCommentTest#"test_seattlerb/call_begin_call_block_call.txt" = 0.02 s
[ 3160/26073] Prism::MagicCommentTest#"test_whitequark/parser_slash_slash_n_escaping_in_literals.txt
" = 0.06 s
[ 3161/26073] Prism::MagicCommentTest#"test_whitequark/method_definition_in_while_cond.txt" = 0.06 s
[ 3162/26073] Prism::MagicCommentTest#"test_seattlerb/defn_splat_arg.txt" = 0.02 s
[ 3163/26073] Prism::MagicCommentTest#"test_seattlerb/parse_line_preexe.txt" = 0.02 s
[ 3164/26073] Prism::MagicCommentTest#"test_seattlerb/defs_as_arg_with_do_block_inside.txt" = 0.02 s
[ 3165/26073] Prism::MagicCommentTest#"test_whitequark/bug_473.txt" = 0.02 s
[ 3166/26073] Prism::MagicCommentTest#"test_whitequark/masgn.txt" = 0.03 s
[ 3167/26073] Prism::MagicCommentTest#"test_seattlerb/block_opt_arg.txt" = 0.02 s
[ 3168/26073] Prism::MagicCommentTest#"test_seattlerb/bug_hash_args.txt" = 0.02 s
[ 3169/26073] Prism::MagicCommentTest#"test_patterns.txt" = 0.97 s
[ 3170/26073] Prism::MagicCommentTest#"test_seattlerb/mlhs_rescue.txt" = 0.02 s
[ 3171/26073] Prism::MagicCommentTest#"test_seattlerb/bug179.txt" = 0.02 s
[ 3172/26073] Prism::MagicCommentTest#"test_whitequark/unary_num_pow_precedence.txt" = 0.02 s
[ 3173/26073] Prism::MagicCommentTest#"test_whitequark/kwarg.txt" = 0.02 s
[ 3174/26073] Prism::MagicCommentTest#"test_seattlerb/safe_attrasgn.txt" = 0.02 s
[ 3175/26073] Prism::MagicCommentTest#"test_seattlerb/bug_and.txt" = 0.02 s
[ 3176/26073] Prism::MagicCommentTest#"test_whitequark/arg.txt" = 0.02 s
[ 3177/26073] Prism::MagicCommentTest#"test_rescue.txt" = 0.10 s
[ 3178/26073] Prism::MagicCommentTest#"test_ranges.txt" = 0.10 s
[ 3179/26073] Prism::MagicCommentTest#"test_whitequark/send_conditional.txt" = 0.02 s
[ 3180/26073] Prism::MagicCommentTest#"test_seattlerb/regexp_unicode_curlies.txt" = 0.02 s
[ 3181/26073] Prism::MagicCommentTest#"test_seattlerb/case_in_hash_pat_paren_assign.txt" = 0.02 s
[ 3182/26073] Prism::MagicCommentTest#"test_super.txt" = 0.05 s
[ 3183/26073] Prism::MagicCommentTest#"test_whitequark/range_exclusive.txt" = 0.02 s
[ 3184/26073] Prism::MagicCommentTest#"test_whitequark/ruby_bug_13547.txt" = 0.02 s
[ 3185/26073] Prism::MagicCommentTest#"test_whitequark/cond_iflipflop_with_endless_range.txt" = 0.02
 s
[ 3186/26073] Prism::MagicCommentTest#"test_seattlerb/block_return.txt" = 0.02 s
[ 3187/26073] Prism::MagicCommentTest#"test_whitequark/bug_def_no_paren_eql_begin.txt" = 0.02 s
[ 3188/26073] Prism::MagicCommentTest#"test_seattlerb/stabby_block_iter_call.txt" = 0.02 s
[ 3189/26073] Prism::MagicCommentTest#"test_seattlerb/const_3_op_asgn_or.txt" = 0.02 s
[ 3190/26073] Prism::MagicCommentTest#"test_seattlerb/difficult3__8.txt" = 0.02 s
[ 3191/26073] Prism::MagicCommentTest#"test_seattlerb/call_star2.txt" = 0.02 s
[ 3192/26073] Prism::MagicCommentTest#"test_seattlerb/iter_args_10_1.txt" = 0.02 s
[ 3193/26073] Prism::MagicCommentTest#"test_whitequark/restarg_unnamed.txt" = 0.02 s
[ 3194/26073] Prism::MagicCommentTest#"test_procs.txt" = 0.09 s
[ 3195/26073] Prism::MagicCommentTest#"test_seattlerb/parse_line_block_inline_comment.txt" = 0.02 s
[ 3196/26073] Prism::MagicCommentTest#"test_seattlerb/defs_oneliner.txt" = 0.02 s
[ 3197/26073] Prism::MagicCommentTest#"test_seattlerb/interpolated_word_array_line_breaks.txt" = 0.0
2 s
[ 3198/26073] Prism::MagicCommentTest#"test_whitequark/int___LINE__.txt" = 0.02 s
[ 3199/26073] Prism::MagicCommentTest#"test_seattlerb/str_pct_Q_nested.txt" = 0.02 s
[ 3200/26073] Prism::MagicCommentTest#"test_seattlerb/index_0.txt" = 0.02 s
[ 3201/26073] Prism::MagicCommentTest#test_coding = 0.01 s
[ 3202/26073] Prism::MagicCommentTest#"test_seattlerb/qsymbols_empty_space.txt" = 0.01 s
[ 3203/26073] Prism::MagicCommentTest#"test_unparser/corpus/literal/while.txt" = 0.15 s
[ 3204/26073] Prism::MagicCommentTest#"test_seattlerb/parse_line_block.txt" = 0.02 s
[ 3205/26073] Prism::MagicCommentTest#"test_seattlerb/defn_opt_splat_arg.txt" = 0.02 s
[ 3206/26073] Prism::MagicCommentTest#"test_whitequark/parser_drops_truncated_parts_of_squiggly_here
doc.txt" = 0.02 s
[ 3207/26073] Prism::MagicCommentTest#"test_endless_methods.txt" = 0.03 s
[ 3208/26073] Prism::MagicCommentTest#"test_seattlerb/call_bang_squiggle.txt" = 0.02 s
[ 3209/26073] Prism::MagicCommentTest#"test_whitequark/rescue_mod.txt" = 0.02 s
[ 3210/26073] Prism::MagicCommentTest#"test_seattlerb/parse_line_call_ivar_line_break_paren.txt" = 0
.02 s
[ 3211/26073] Prism::MagicCommentTest#"test_seattlerb/read_escape_unicode_curlies.txt" = 0.02 s
[ 3212/26073] Prism::MagicCommentTest#"test_seattlerb/iter_args_8_2.txt" = 0.02 s
[ 3213/26073] Prism::MagicCommentTest#"test_seattlerb/block_opt_splat_arg_block_omfg.txt" = 0.02 s
[ 3214/26073] Prism::MagicCommentTest#"test_whitequark/send_unary_op.txt" = 0.02 s
[ 3215/26073] Prism::MagicCommentTest#"test_seattlerb/difficult0_.txt" = 0.02 s
[ 3216/26073] Prism::MagicCommentTest#"test_seattlerb/case_in_array_pat_const.txt" = 0.02 s
[ 3217/26073] Prism::MagicCommentTest#"test_whitequark/rescue_mod_op_assign.txt" = 0.02 s
[ 3218/26073] Prism::MagicCommentTest#"test_seattlerb/defn_opt_last_arg.txt" = 0.02 s
[ 3219/26073] Prism::MagicCommentTest#"test_whitequark/pattern_matching__FILE__LINE_literals.txt" =
0.03 s
[ 3220/26073] Prism::MagicCommentTest#"test_seattlerb/call_lt.txt" = 0.02 s
[ 3221/26073] Prism::MagicCommentTest#"test_whitequark/pattern_matching_blank_else.txt" = 0.02 s
[ 3222/26073] Prism::MagicCommentTest#"test_seattlerb/slashy_newlines_within_string.txt" = 0.02 s
[ 3223/26073] Prism::MagicCommentTest#"test_seattlerb/block_kw.txt" = 0.02 s
[ 3224/26073] Prism::MagicCommentTest#"test_seattlerb/defn_oneliner_rescue.txt" = 0.04 s
[ 3225/26073] Prism::MagicCommentTest#"test_unparser/corpus/semantic/kwbegin.txt" = 0.06 s
[ 3226/26073] Prism::MagicCommentTest#"test_unparser/corpus/literal/since/31.txt" = 0.03 s
[ 3227/26073] Prism::MagicCommentTest#"test_whitequark/preexe.txt" = 0.02 s
[ 3228/26073] Prism::MagicCommentTest#test_emacs_encoding = 0.01 s
[ 3229/26073] Prism::MagicCommentTest#"test_seattlerb/block_arg_optional.txt" = 0.02 s
[ 3230/26073] Prism::MagicCommentTest#"test_whitequark/ruby_bug_11873_a.txt" = 0.21 s
[ 3231/26073] Prism::MagicCommentTest#"test_whitequark/cond_eflipflop.txt" = 0.02 s
[ 3232/26073] Prism::MagicCommentTest#"test_seattlerb/do_bug.txt" = 0.02 s
[ 3233/26073] Prism::MagicCommentTest#"test_seattlerb/parse_line_block_inline_comment_leading_newlin
es.txt" = 0.02 s
[ 3234/26073] Prism::MagicCommentTest#"test_seattlerb/parse_pattern_058_2.txt" = 0.03 s
[ 3235/26073] Prism::MagicCommentTest#"test_seattlerb/block_arg__bare.txt" = 0.02 s
[ 3236/26073] Prism::MagicCommentTest#"test_regex_escape_encoding.txt" = 0.03 s
[ 3237/26073] Prism::MagicCommentTest#"test_whitequark/false.txt" = 0.01 s
[ 3238/26073] Prism::MagicCommentTest#"test_seattlerb/parse_opt_call_args_assocs_comma.txt" = 0.02 s
[ 3239/26073] Prism::MagicCommentTest#"test_seattlerb/block_call_dot_op2_brace_block.txt" = 0.03 s
[ 3240/26073] Prism::MagicCommentTest#"test_embdoc_no_newline_at_end.txt" = 0.02 s
[ 3241/26073] Prism::MagicCommentTest#"test_seattlerb/call_args_assoc_trailing_comma.txt" = 0.02 s
[ 3242/26073] Prism::MagicCommentTest#"test_seattlerb/difficult4__leading_dots2.txt" = 0.02 s
[ 3243/26073] Prism::MagicCommentTest#"test_whitequark/op_asgn_cmd.txt" = 0.03 s
[ 3244/26073] Prism::MagicCommentTest#"test_seattlerb/case_in_hash_pat.txt" = 0.03 s
[ 3245/26073] Prism::MagicCommentTest#"test_unescaping.txt" = 0.03 s
[ 3246/26073] Prism::MagicCommentTest#"test_seattlerb/case_in_67.txt" = 0.02 s
[ 3247/26073] Prism::MagicCommentTest#"test_seattlerb/block_args_opt2.txt" = 0.02 s
[ 3248/26073] Prism::MagicCommentTest#"test_seattlerb/bug_call_arglist_parens.txt" = 0.04 s
[ 3249/26073] Prism::MagicCommentTest#"test_single_quote_heredocs.txt" = 0.02 s
[ 3250/26073] Prism::MagicCommentTest#"test_seattlerb/lambda_do_vs_brace.txt" = 0.03 s
[ 3251/26073] Prism::MagicCommentTest#"test_whitequark/bug_heredoc_do.txt" = 0.02 s
[ 3252/26073] Prism::MagicCommentTest#"test_whitequark/args_block_pass.txt" = 0.02 s
[ 3253/26073] Prism::MagicCommentTest#"test_whitequark/asgn_cmd.txt" = 0.02 s
[ 3254/26073] Prism::MagicCommentTest#"test_whitequark/case_cond.txt" = 0.02 s
[ 3255/26073] Prism::MagicCommentTest#"test_whitequark/alias.txt" = 0.02 s
[ 3256/26073] Prism::MagicCommentTest#"test_whitequark/array_symbols_interp.txt" = 0.02 s
[ 3257/26073] Prism::MagicCommentTest#"test_whitequark/ruby_bug_9669.txt" = 0.03 s
[ 3258/26073] Prism::MagicCommentTest#"test_seattlerb/heredoc_with_extra_carriage_returns.txt" = 0.0
2 s
[ 3259/26073] Prism::MagicCommentTest#"test_seattlerb/difficult6__8.txt" = 0.02 s
[ 3260/26073] Prism::MagicCommentTest#"test_seattlerb/case_in_hash_pat_paren_true.txt" = 0.02 s
[ 3261/26073] Prism::MagicCommentTest#"test_seattlerb/iter_args_7_1.txt" = 0.02 s
[ 3262/26073] Prism::MagicCommentTest#"test_whitequark/ruby_bug_12073.txt" = 0.03 s
[ 3263/26073] Prism::MagicCommentTest#"test_single_method_call_with_bang.txt" = 0.01 s
[ 3264/26073] Prism::MagicCommentTest#"test_whitequark/send_binary_op.txt" = 0.09 s
[ 3265/26073] Prism::MagicCommentTest#"test_seattlerb/op_asgn_dot_ident_command_call.txt" = 0.02 s
[ 3266/26073] Prism::MagicCommentTest#"test_whitequark/cond_begin_masgn.txt" = 0.02 s
[ 3267/26073] Prism::MagicCommentTest#"test_whitequark/pattern_matching_single_line.txt" = 0.02 s
[ 3268/26073] Prism::MagicCommentTest#"test_seattlerb/case_in_find_array.txt" = 0.02 s
[ 3269/26073] Prism::MagicCommentTest#"test_seattlerb/regexp_esc_u.txt" = 0.02 s
[ 3270/26073] Prism::MagicCommentTest#"test_seattlerb/const_op_asgn_and2.txt" = 0.02 s
[ 3271/26073] Prism::MagicCommentTest#"test_whitequark/pattern_matching_else.txt" = 0.02 s
[ 3272/26073] Prism::MagicCommentTest#"test_whitequark/array_splat.txt" = 0.03 s
[ 3273/26073] Prism::MagicCommentTest#"test_whitequark/begin_cmdarg.txt" = 0.02 s
[ 3274/26073] Prism::MagicCommentTest#"test_seattlerb/masgn_arg_ident.txt" = 0.02 s
[ 3275/26073] Prism::MagicCommentTest#"test_seattlerb/call_kwsplat.txt" = 0.02 s
[ 3276/26073] Prism::MagicCommentTest#"test_seattlerb/str_single_double_escaped_newline.txt" = 0.02
s
[ 3277/26073] Prism::MagicCommentTest#"test_whitequark/rational.txt" = 0.02 s
[ 3278/26073] Prism::MagicCommentTest#"test_seattlerb/defs_endless_command_rescue.txt" = 0.02 s
[ 3279/26073] Prism::MagicCommentTest#"test_seattlerb/call_stabby_with_braces_block.txt" = 0.02 s
[ 3280/26073] Prism::MagicCommentTest#"test_seattlerb/call_leading_dots.txt" = 0.02 s
[ 3281/26073] Prism::MagicCommentTest#"test_hashes.txt" = 0.07 s
[ 3282/26073] Prism::MagicCommentTest#"test_seattlerb/if_elsif.txt" = 0.02 s
[ 3283/26073] Prism::MagicCommentTest#"test_yield.txt" = 0.04 s
[ 3284/26073] Prism::MagicCommentTest#"test_whitequark/space_args_arg.txt" = 0.02 s
[ 3285/26073] Prism::MagicCommentTest#"test_heredoc_with_comment.txt" = 0.02 s
[ 3286/26073] Prism::MagicCommentTest#"test_unparser/corpus/literal/pragma.txt" = 0.02 s
[ 3287/26073] Prism::MagicCommentTest#"test_seattlerb/parse_line_return.txt" = 0.02 s
[ 3288/26073] Prism::MagicCommentTest#"test_whitequark/forwarded_kwrestarg_with_additional_kwarg.txt
" = 0.03 s
[ 3289/26073] Prism::MagicCommentTest#"test_seattlerb/lasgn_env.txt" = 0.02 s
[ 3290/26073] Prism::MagicCommentTest#"test_whitequark/send_lambda_args_noparen.txt" = 0.02 s
[ 3291/26073] Prism::MagicCommentTest#"test_seattlerb/defn_kwarg_no_parens.txt" = 0.02 s
[ 3292/26073] Prism::MagicCommentTest#"test_whitequark/masgn_attr.txt" = 0.03 s
[ 3293/26073] Prism::MagicCommentTest#test_vim = 0.01 s
[ 3294/26073] Prism::MagicCommentTest#"test_whitequark/not_cmd.txt" = 0.02 s
[ 3295/26073] Prism::MagicCommentTest#"test_seattlerb/dsym_esc_to_sym.txt" = 0.02 s
[ 3296/26073] Prism::MagicCommentTest#"test_whitequark/ruby_bug_11989.txt" = 0.02 s
[ 3297/26073] Prism::MagicCommentTest#"test_whitequark/asgn_mrhs.txt" = 0.03 s
[ 3298/26073] Prism::MagicCommentTest#"test_seattlerb/parse_line_dot3.txt" = 0.02 s
[ 3299/26073] Prism::MagicCommentTest#"test_unparser/corpus/semantic/literal.txt" = 0.05 s
[ 3300/26073] Prism::MagicCommentTest#"test_whitequark/var_op_asgn_cmd.txt" = 0.02 s
[ 3301/26073] Prism::MagicCommentTest#"test_undef.txt" = 0.04 s
[ 3302/26073] Prism::MagicCommentTest#"test_whitequark/rescue_else_ensure.txt" = 0.02 s
[ 3303/26073] Prism::MagicCommentTest#"test_seattlerb/masgn_lhs_splat.txt" = 0.02 s
[ 3304/26073] Prism::MagicCommentTest#"test_whitequark/bug_do_block_in_hash_brace.txt" = 0.08 s
[ 3305/26073] Prism::MagicCommentTest#"test_seattlerb/regexp_escape_extended.txt" = 0.02 s
[ 3306/26073] Prism::MagicCommentTest#test_encoding_whitespace = 0.01 s
[ 3307/26073] Prism::MagicCommentTest#"test_seattlerb/mlhs_back_anonsplat.txt" = 0.02 s
[ 3308/26073] Prism::MagicCommentTest#"test_seattlerb/bug_masgn_right.txt" = 0.02 s
[ 3309/26073] Prism::MagicCommentTest#"test_seattlerb/bug202.txt" = 0.02 s
[ 3310/26073] Prism::MagicCommentTest#"test_seattlerb/defn_kwarg_kwsplat.txt" = 0.02 s
[ 3311/26073] Prism::MagicCommentTest#"test_whitequark/anonymous_blockarg.txt" = 0.02 s
[ 3312/26073] Prism::MagicCommentTest#"test_seattlerb/str_str_str.txt" = 0.02 s
[ 3313/26073] Prism::MagicCommentTest#"test_whitequark/while_post.txt" = 0.02 s
[ 3314/26073] Prism::MagicCommentTest#"test_whitequark/case_cond_else.txt" = 0.02 s
[ 3315/26073] Prism::MagicCommentTest#"test_booleans.txt" = 0.02 s
[ 3316/26073] Prism::MagicCommentTest#"test_whitequark/array_symbols_empty.txt" = 0.02 s
[ 3317/26073] Prism::MagicCommentTest#"test_seattlerb/block_args_no_kwargs.txt" = 0.02 s
[ 3318/26073] Prism::MagicCommentTest#"test_seattlerb/heredoc_squiggly_blank_line_plus_interpolation
.txt" = 0.03 s
[ 3319/26073] Prism::MagicCommentTest#"test_keyword_method_names.txt" = 0.06 s
[ 3320/26073] Prism::MagicCommentTest#"test_seattlerb/difficult4__leading_dots.txt" = 0.02 s
[ 3321/26073] Prism::MagicCommentTest#"test_seattlerb/parse_line_postexe.txt" = 0.02 s
[ 3322/26073] Prism::MagicCommentTest#"test_seattlerb/symbol_list.txt" = 0.02 s
[ 3323/26073] Prism::MagicCommentTest#"test_whitequark/parser_bug_830.txt" = 0.02 s
[ 3324/26073] Prism::MagicCommentTest#"test_seattlerb/mlhs_mid_splat.txt" = 0.03 s
[ 3325/26073] Prism::MagicCommentTest#"test_unparser/corpus/semantic/while.txt" = 0.06 s
[ 3326/26073] Prism::MagicCommentTest#"test_seattlerb/safe_attrasgn_constant.txt" = 0.02 s
[ 3327/26073] Prism::MagicCommentTest#"test_whitequark/cond_iflipflop_with_beginless_range.txt" = 0.
02 s
[ 3328/26073] Prism::MagicCommentTest#"test_seattlerb/safe_call_dot_parens.txt" = 0.02 s
[ 3329/26073] Prism::MagicCommentTest#"test_seattlerb/heredoc_with_carriage_return_escapes.txt" = 0.
02 s
[ 3330/26073] Prism::MagicCommentTest#"test_seattlerb/iter_args_2__19.txt" = 0.02 s
[ 3331/26073] Prism::MagicCommentTest#"test_whitequark/symbol_interp.txt" = 0.02 s
[ 3332/26073] Prism::MagicCommentTest#"test_whitequark/cond_iflipflop.txt" = 0.02 s
[ 3333/26073] Prism::MagicCommentTest#"test_whitequark/or.txt" = 0.02 s
[ 3334/26073] Prism::MagicCommentTest#"test_seattlerb/bug236.txt" = 0.02 s
[ 3335/26073] Prism::MagicCommentTest#"test_whitequark/xstring_interp.txt" = 0.02 s
[ 3336/26073] Prism::MagicCommentTest#"test_whitequark/const_unscoped.txt" = 0.01 s
[ 3337/26073] Prism::MagicCommentTest#"test_seattlerb/heredoc_bad_hex_escape.txt" = 0.02 s
[ 3338/26073] Prism::MagicCommentTest#"test_whitequark/ruby_bug_11990.txt" = 0.02 s
[ 3339/26073] Prism::MagicCommentTest#"test_seattlerb/defn_endless_command.txt" = 0.02 s
[ 3340/26073] Prism::MagicCommentTest#"test_seattlerb/symbol_empty.txt" = 0.02 s
[ 3341/26073] Prism::MagicCommentTest#"test_unparser/corpus/literal/def.txt" = 0.24 s
[ 3342/26073] Prism::MagicCommentTest#"test_whitequark/forward_arg.txt" = 0.02 s
[ 3343/26073] Prism::MagicCommentTest#"test_seattlerb/str_evstr_escape.txt" = 0.02 s
[ 3344/26073] Prism::MagicCommentTest#"test_seattlerb/block_arg_opt_splat_arg_block_omfg.txt" = 0.02
 s
[ 3345/26073] Prism::MagicCommentTest#"test_seattlerb/class_comments.txt" = 0.02 s
[ 3346/26073] Prism::MagicCommentTest#"test_whitequark/gvar.txt" = 0.01 s
[ 3347/26073] Prism::MagicCommentTest#"test_whitequark/array_plain.txt" = 0.02 s
[ 3348/26073] Prism::MagicCommentTest#"test_seattlerb/call_array_arg.txt" = 0.02 s
[ 3349/26073] Prism::MagicCommentTest#"test_unparser/corpus/semantic/opasgn.txt" = 0.02 s
[ 3350/26073] Prism::MagicCommentTest#"test_seattlerb/defn_args_forward_args.txt" = 0.03 s
[ 3351/26073] Prism::MagicCommentTest#"test_begin_rescue.txt" = 0.15 s
[ 3352/26073] Prism::MagicCommentTest#"test_whitequark/return.txt" = 0.03 s
[ 3353/26073] Prism::MagicCommentTest#"test_seattlerb/attrasgn_array_arg.txt" = 0.02 s
[ 3354/26073] Prism::MagicCommentTest#"test_seattlerb/backticks_interpolation_line.txt" = 0.02 s
[ 3355/26073] Prism::MagicCommentTest#"test_seattlerb/call_carat.txt" = 0.02 s
[ 3356/26073] Prism::MagicCommentTest#"test_whitequark/var_op_asgn.txt" = 0.03 s
[ 3357/26073] Prism::MagicCommentTest#"test_heredoc_with_escaped_newline_at_start.txt" = 0.03 s
[ 3358/26073] Prism::MagicCommentTest#"test_seattlerb/difficult3_4.txt" = 0.02 s
[ 3359/26073] Prism::MagicCommentTest#"test_seattlerb/parse_line_trailing_newlines.txt" = 0.02 s
[ 3360/26073] Prism::MagicCommentTest#"test_seattlerb/block_call_operation_dot.txt" = 0.02 s
[ 3361/26073] Prism::MagicCommentTest#test_emacs_CoDiNg = 0.01 s
[ 3362/26073] Prism::MagicCommentTest#"test_whitequark/forward_args_legacy.txt" = 0.04 s
[ 3363/26073] Prism::MagicCommentTest#"test_whitequark/parser_bug_525.txt" = 0.02 s
[ 3364/26073] Prism::MagicCommentTest#"test_seattlerb/call_trailing_dots.txt" = 0.02 s
[ 3365/26073] Prism::MagicCommentTest#"test_seattlerb/masgn_star.txt" = 0.02 s
[ 3366/26073] Prism::MagicCommentTest#"test_whitequark/lbrace_arg_after_command_args.txt" = 0.02 s
[ 3367/26073] Prism::MagicCommentTest#"test_seattlerb/parse_until_not_canonical.txt" = 0.02 s
[ 3368/26073] Prism::MagicCommentTest#"test_whitequark/string_plain.txt" = 0.02 s
[ 3369/26073] Prism::MagicCommentTest#"test_whitequark/if_else.txt" = 0.03 s
[ 3370/26073] Prism::MagicCommentTest#"test_indented_file_end.txt" = 0.02 s
[ 3371/26073] Prism::MagicCommentTest#"test_whitequark/restarg_named.txt" = 0.02 s
[ 3372/26073] Prism::MagicCommentTest#"test_whitequark/blockargs.txt" = 0.23 s
[ 3373/26073] Prism::MagicCommentTest#"test_whitequark/when_splat.txt" = 0.02 s
[ 3374/26073] Prism::MagicCommentTest#"test_seattlerb/iter_args_11_2.txt" = 0.02 s
[ 3375/26073] Prism::MagicCommentTest#"test_seattlerb/str_pct_q.txt" = 0.02 s
[ 3376/26073] Prism::MagicCommentTest#"test_whitequark/multiple_pattern_matches.txt" = 0.04 s
[ 3377/26073] Prism::MagicCommentTest#"test_seattlerb/iter_args_3.txt" = 0.02 s
[ 3378/26073] Prism::MagicCommentTest#"test_seattlerb/parse_pattern_019.txt" = 0.02 s
[ 3379/26073] Prism::MagicCommentTest#"test_whitequark/endless_method.txt" = 0.04 s
[ 3380/26073] Prism::MagicCommentTest#"test_whitequark/ruby_bug_11873.txt" = 0.14 s
[ 3381/26073] Prism::MagicCommentTest#"test_seattlerb/mlhs_back_splat.txt" = 0.02 s
[ 3382/26073] Prism::MagicCommentTest#"test_seattlerb/iter_args_9_1.txt" = 0.02 s
[ 3383/26073] Prism::MagicCommentTest#"test_whitequark/procarg0.txt" = 0.02 s
[ 3384/26073] Prism::MagicCommentTest#"test_tilde_heredocs.txt" = 0.11 s
[ 3385/26073] Prism::MagicCommentTest#"test_whitequark/string___FILE__.txt" = 0.01 s
[ 3386/26073] Prism::MagicCommentTest#"test_seattlerb/block_scope.txt" = 0.02 s
[ 3387/26073] Prism::MagicCommentTest#"test_seattlerb/call_gt.txt" = 0.02 s
[ 3388/26073] Prism::MagicCommentTest#"test_whitequark/bug_rescue_empty_else.txt" = 0.02 s
[ 3389/26073] Prism::MagicCommentTest#"test_seattlerb/parse_line_to_ary.txt" = 0.02 s
[ 3390/26073] Prism::MagicCommentTest#"test_seattlerb/defn_comments.txt" = 0.02 s
[ 3391/26073] Prism::MagicCommentTest#"test_whitequark/if_mod.txt" = 0.02 s
[ 3392/26073] Prism::MagicCommentTest#"test_seattlerb/heredoc_bad_oct_escape.txt" = 0.02 s
[ 3393/26073] Prism::MagicCommentTest#"test_seattlerb/const_op_asgn_or.txt" = 0.02 s
[ 3394/26073] Prism::MagicCommentTest#"test_seattlerb/parse_line_dstr_escaped_newline.txt" = 0.02 s
[ 3395/26073] Prism::MagicCommentTest#"test_whitequark/ruby_bug_10653.txt" = 0.04 s
[ 3396/26073] Prism::MagicCommentTest#"test_seattlerb/lasgn_call_bracket_rescue_arg.txt" = 0.02 s
[ 3397/26073] Prism::MagicCommentTest#"test_whitequark/beginless_erange_after_newline.txt" = 0.02 s
[ 3398/26073] Prism::MagicCommentTest#"test_seattlerb/parse_line_iter_call_no_parens.txt" = 0.03 s
[ 3399/26073] Prism::MagicCommentTest#"test_whitequark/super_block.txt" = 0.02 s
[ 3400/26073] Prism::MagicCommentTest#"test_whitequark/masgn_splat.txt" = 0.06 s
[ 3401/26073] Prism::MagicCommentTest#"test_classes.txt" = 0.09 s
[ 3402/26073] Prism::MagicCommentTest#"test_whitequark/bug_regex_verification.txt" = 0.02 s
[ 3403/26073] Prism::MagicCommentTest#"test_emoji_method_calls.txt" = 0.02 s
[ 3404/26073] Prism::MagicCommentTest#"test_whitequark/parser_bug_645.txt" = 0.02 s
[ 3405/26073] Prism::MagicCommentTest#"test_seattlerb/bdot2.txt" = 0.02 s
[ 3406/26073] Prism::MagicCommentTest#test_eNcOdInG = 0.01 s
[ 3407/26073] Prism::MagicCommentTest#"test_seattlerb/difficult3__11.txt" = 0.02 s
[ 3408/26073] Prism::MagicCommentTest#"test_seattlerb/case_in_42.txt" = 0.02 s
[ 3409/26073] Prism::MagicCommentTest#"test_regex_char_width.txt" = 0.03 s
[ 3410/26073] Prism::MagicCommentTest#"test_whitequark/endless_comparison_method.txt" = 0.05 s
[ 3411/26073] Prism::MagicCommentTest#"test_variables.txt" = 0.11 s
[ 3412/26073] Prism::MagicCommentTest#"test_whitequark/space_args_arg_call.txt" = 0.02 s
[ 3413/26073] Prism::MagicCommentTest#"test_seattlerb/label_vs_string.txt" = 0.02 s
[ 3414/26073] Prism::MagicCommentTest#"test_whitequark/gvasgn.txt" = 0.02 s
[ 3415/26073] Prism::MagicCommentTest#"test_seattlerb/call_bang_command_call.txt" = 0.02 s
[ 3416/26073] Prism::MagicCommentTest#"test_seattlerb/words_interp.txt" = 0.02 s
[ 3417/26073] Prism::MagicCommentTest#"test_whitequark/ternary.txt" = 0.02 s
[ 3418/26073] Prism::MagicCommentTest#"test_seattlerb/parse_line_defn_no_parens_args.txt" = 0.03 s
[ 3419/26073] Prism::MagicCommentTest#"test_seattlerb/case_in_37.txt" = 0.03 s
[ 3420/26073] Prism::MagicCommentTest#"test_seattlerb/const_2_op_asgn_or2.txt" = 0.02 s
[ 3421/26073] Prism::MagicCommentTest#"test_unparser/corpus/literal/rescue.txt" = 0.03 s
[ 3422/26073] Prism::MagicCommentTest#"test_seattlerb/defn_reg_opt_reg.txt" = 0.02 s
[ 3423/26073] Prism::MagicCommentTest#"test_seattlerb/bug191.txt" = 0.02 s
[ 3424/26073] Prism::MagicCommentTest#"test_seattlerb/assoc_label.txt" = 0.02 s
[ 3425/26073] Prism::MagicCommentTest#"test_seattlerb/parse_pattern_058.txt" = 0.03 s
[ 3426/26073] Prism::MagicCommentTest#"test_seattlerb/symbols_interp.txt" = 0.02 s
[ 3427/26073] Prism::MagicCommentTest#"test_whitequark/self.txt" = 0.01 s
[ 3428/26073] Prism::MagicCommentTest#"test_seattlerb/block_paren_splat.txt" = 0.02 s
[ 3429/26073] Prism::MagicCommentTest#"test_seattlerb/call_and.txt" = 0.02 s
[ 3430/26073] Prism::MagicCommentTest#"test_whitequark/case_expr_else.txt" = 0.02 s
[ 3431/26073] Prism::MagicCommentTest#"test_whitequark/kwnilarg.txt" = 0.03 s
[ 3432/26073] Prism::MagicCommentTest#"test_whitequark/while.txt" = 0.02 s
[ 3433/26073] Prism::MagicCommentTest#"test_seattlerb/call_arg_assoc.txt" = 0.02 s
[ 3434/26073] Prism::MagicCommentTest#"test_seattlerb/heredoc_squiggly_visually_blank_lines.txt" = 0
.02 s
[ 3435/26073] Prism::MagicCommentTest#"test_seattlerb/call_colon2.txt" = 0.02 s
[ 3436/26073] Prism::MagicCommentTest#"test_method_calls.txt" = 0.42 s
[ 3437/26073] Prism::MagicCommentTest#"test_seattlerb/heredoc_with_only_carriage_returns.txt" = 0.02
 s
[ 3438/26073] Prism::MagicCommentTest#"test_seattlerb/defn_opt_reg.txt" = 0.02 s
[ 3439/26073] Prism::MagicCommentTest#"test_whitequark/postexe.txt" = 0.08 s
[ 3440/26073] Prism::MagicCommentTest#"test_whitequark/and_or_masgn.txt" = 0.03 s
[ 3441/26073] Prism::MagicCommentTest#"test_whitequark/send_self_block.txt" = 0.03 s
[ 3442/26073] Prism::MagicCommentTest#"test_whitequark/hash_label_end.txt" = 0.03 s
[ 3443/26073] Prism::MagicCommentTest#"test_keywords.txt" = 0.03 s
[ 3444/26073] Prism::MagicCommentTest#"test_whitequark/array_words_empty.txt" = 0.02 s
[ 3445/26073] Prism::MagicCommentTest#"test_seattlerb/safe_op_asgn.txt" = 0.02 s
[ 3446/26073] Prism::MagicCommentTest#"test_whitequark/args_args_comma.txt" = 0.02 s
[ 3447/26073] Prism::MagicCommentTest#"test_seattlerb/heredoc_nested.txt" = 0.02 s
[ 3448/26073] Prism::MagicCommentTest#"test_seattlerb/parse_line_iter_call_parens.txt" = 0.02 s
[ 3449/26073] Prism::MagicCommentTest#"test_seattlerb/symbols.txt" = 0.02 s
[ 3450/26073] Prism::MagicCommentTest#"test_seattlerb/difficult3__6.txt" = 0.02 s
[ 3451/26073] Prism::MagicCommentTest#"test_seattlerb/quoted_symbol_hash_arg.txt" = 0.09 s
[ 3452/26073] Prism::MagicCommentTest#"test_seattlerb/bug_hash_args_trailing_comma.txt" = 0.02 s
[ 3453/26073] Prism::MagicCommentTest#"test_seattlerb/stabby_block_kw__required.txt" = 0.02 s
[ 3454/26073] Prism::MagicCommentTest#"test_range_end_open_inclusive.txt" = 0.01 s
[ 3455/26073] Prism::MagicCommentTest#"test_seattlerb/heredoc_squiggly_blank_lines.txt" = 0.02 s
[ 3456/26073] Prism::MagicCommentTest#"test_whitequark/kwrestarg_unnamed.txt" = 0.02 s
[ 3457/26073] Prism::MagicCommentTest#"test_whitequark/parser_bug_604.txt" = 0.02 s
[ 3458/26073] Prism::MagicCommentTest#"test_defined.txt" = 0.03 s
[ 3459/26073] Prism::MagicCommentTest#"test_whitequark/masgn_cmd.txt" = 0.02 s
[ 3460/26073] Prism::MagicCommentTest#"test_whitequark/__ENCODING___legacy_.txt" = 0.01 s
[ 3461/26073] Prism::MagicCommentTest#"test_whitequark/ruby_bug_12669.txt" = 0.03 s
[ 3462/26073] Prism::MagicCommentTest#"test_whitequark/back_ref.txt" = 0.01 s
[ 3463/26073] Prism::MagicCommentTest#"test_seattlerb/begin_rescue_ensure_no_bodies.txt" = 0.02 s
[ 3464/26073] Prism::MagicCommentTest#"test_seattlerb/rescue_do_end_raised.txt" = 0.02 s
[ 3465/26073] Prism::MagicCommentTest#"test_heredocs_leading_whitespace.txt" = 0.03 s
[ 3466/26073] Prism::MagicCommentTest#"test_whitequark/send_index_asgn_legacy.txt" = 0.02 s
[ 3467/26073] Prism::MagicCommentTest#"test_whitequark/forward_arg_with_open_args.txt" = 0.08 s
[ 3468/26073] Prism::MagicCommentTest#"test_whitequark/unless_mod.txt" = 0.02 s
[ 3469/26073] Prism::MagicCommentTest#"test_seattlerb/case_in_or.txt" = 0.02 s
[ 3470/26073] Prism::MagicCommentTest#"test_seattlerb/safe_call.txt" = 0.02 s
[ 3471/26073] Prism::MagicCommentTest#"test_whitequark/send_plain_cmd.txt" = 0.02 s
[ 3472/26073] Prism::MagicCommentTest#"test_seattlerb/masgn_splat_arg_arg.txt" = 0.02 s
[ 3473/26073] Prism::MagicCommentTest#"test_seattlerb/op_asgn_primary_colon_const_command_call.txt"
= 0.02 s
[ 3474/26073] Prism::MagicCommentTest#"test_seattlerb/qw_escape.txt" = 0.01 s
[ 3475/26073] Prism::MagicCommentTest#"test_whitequark/true.txt" = 0.01 s
[ 3476/26073] Prism::MagicCommentTest#"test_seattlerb/iter_args_4.txt" = 0.02 s
[ 3477/26073] Prism::MagicCommentTest#"test_seattlerb/str_newline_hash_line_number.txt" = 0.02 s
[ 3478/26073] Prism::MagicCommentTest#"test_seattlerb/call_array_lit_inline_hash.txt" = 0.02 s
[ 3479/26073] Prism::MagicCommentTest#"test_whitequark/rescue_mod_masgn.txt" = 0.02 s
[ 3480/26073] Prism::MagicCommentTest#"test_seattlerb/unary_plus_on_literal.txt" = 0.02 s
[ 3481/26073] Prism::MagicCommentTest#"test_whitequark/symbol_plain.txt" = 0.02 s
[ 3482/26073] Prism::MagicCommentTest#"test_whitequark/keyword_argument_omission.txt" = 0.02 s
[ 3483/26073] Prism::MagicCommentTest#"test_whitequark/when_then.txt" = 0.02 s
[ 3484/26073] Prism::MagicCommentTest#"test_whitequark/unless_else.txt" = 0.03 s
[ 3485/26073] Prism::MagicCommentTest#"test_whitequark/__ENCODING__.txt" = 0.01 s
[ 3486/26073] Prism::MagicCommentTest#"test_whitequark/pattern_matching_single_line_allowed_omission
_of_parentheses.txt" = 0.06 s
[ 3487/26073] Prism::MagicCommentTest#"test_whitequark/if.txt" = 0.02 s
[ 3488/26073] Prism::MagicCommentTest#"test_seattlerb/defn_forward_args__no_parens.txt" = 0.02 s
[ 3489/26073] Prism::MagicCommentTest#"test_heredocs_with_ignored_newlines_and_non_empty.txt" = 0.02
 s
[ 3490/26073] Prism::MagicCommentTest#"test_seattlerb/difficult3_3.txt" = 0.02 s
[ 3491/26073] Prism::MagicCommentTest#"test_whitequark/bang.txt" = 0.01 s
[ 3492/26073] Prism::MagicCommentTest#"test_seattlerb/case_in_array_pat_const2.txt" = 0.02 s
[ 3493/26073] Prism::MagicCommentTest#"test_whitequark/when_multi.txt" = 0.02 s
[ 3494/26073] Prism::MagicCommentTest#"test_whitequark/and_asgn.txt" = 0.02 s
[ 3495/26073] Prism::MagicCommentTest#"test_seattlerb/block_arg_kwsplat.txt" = 0.02 s
[ 3496/26073] Prism::MagicCommentTest#"test_integer_operations.txt" = 0.11 s
[ 3497/26073] Prism::MagicCommentTest#"test_seattlerb/block_call_dot_op2_cmd_args_do_block.txt" = 0.
15 s
[ 3498/26073] Prism::MagicCommentTest#"test_seattlerb/defn_kwarg_kwarg.txt" = 0.02 s
[ 3499/26073] Prism::MagicCommentTest#"test_seattlerb/heredoc_backslash_nl.txt" = 0.02 s
[ 3500/26073] Prism::MagicCommentTest#"test_whitequark/send_index_cmd.txt" = 0.02 s
[ 3501/26073] Prism::MagicCommentTest#"test_seattlerb/rescue_do_end_no_raise.txt" = 0.03 s
[ 3502/26073] Prism::MagicCommentTest#"test_seattlerb/parse_line_multiline_str_literal_n.txt" = 0.02
 s
[ 3503/26073] Prism::MagicCommentTest#test_CoDiNg = 0.01 s
[ 3504/26073] Prism::MagicCommentTest#"test_seattlerb/parse_until_not_noncanonical.txt" = 0.02 s
[ 3505/26073] Prism::MagicCommentTest#"test_seattlerb/str_backslashes.txt" = 0.02 s
[ 3506/26073] Prism::MagicCommentTest#"test_whitequark/for.txt" = 0.03 s
[ 3507/26073] Prism::MagicCommentTest#"test_seattlerb/call_stabby_do_end_with_block.txt" = 0.02 s
[ 3508/26073] Prism::MagicCommentTest#"test_whitequark/bug_do_block_in_call_args.txt" = 0.02 s
[ 3509/26073] Prism::MagicCommentTest#"test_seattlerb/str_double_escaped_newline.txt" = 0.02 s
[ 3510/26073] Prism::MagicCommentTest#"test_seattlerb/op_asgn_primary_colon_identifier1.txt" = 0.02
s
[ 3511/26073] Prism::MagicCommentTest#"test_arrays.txt" = 0.28 s
[ 3512/26073] Prism::MagicCommentTest#"test_seattlerb/dsym_to_sym.txt" = 0.02 s
[ 3513/26073] Prism::MagicCommentTest#"test_whitequark/lparenarg_after_lvar__since_25.txt" = 0.02 s
[ 3514/26073] Prism::MagicCommentTest#"test_seattlerb/attrasgn_array_lhs.txt" = 0.03 s
[ 3515/26073] Prism::MagicCommentTest#"test_seattlerb/BEGIN.txt" = 0.02 s
[ 3516/26073] Prism::MagicCommentTest#"test_whitequark/array_words.txt" = 0.02 s
[ 3517/26073] Prism::MagicCommentTest#"test_seattlerb/parse_line_rescue.txt" = 0.14 s
[ 3518/26073] Prism::MagicCommentTest#"test_unparser/corpus/literal/hookexe.txt" = 0.02 s
[ 3519/26073] Prism::MagicCommentTest#"test_whitequark/cond_begin.txt" = 0.02 s
[ 3520/26073] Prism::MagicCommentTest#"test_seattlerb/begin_rescue_else_ensure_no_bodies.txt" = 0.02
 s
[ 3521/26073] Prism::MagicCommentTest#"test_seattlerb/defs_kwarg.txt" = 0.02 s
[ 3522/26073] Prism::MagicCommentTest#"test_whitequark/arg_duplicate_ignored.txt" = 0.02 s
[ 3523/26073] Prism::MagicCommentTest#"test_whitequark/rescue_mod_asgn.txt" = 0.02 s
[ 3524/26073] Prism::MagicCommentTest#"test_seattlerb/heredoc_trailing_slash_continued_call.txt" = 0
.02 s
[ 3525/26073] Prism::MagicCommentTest#"test_seattlerb/mlhs_keyword.txt" = 0.02 s
[ 3526/26073] Prism::MagicCommentTest#"test_whitequark/regex_interp.txt" = 0.02 s
[ 3527/26073] Prism::MagicCommentTest#"test_seattlerb/uminus_float.txt" = 0.01 s
[ 3528/26073] Prism::MagicCommentTest#"test_heredoc_with_carriage_returns.txt" = 0.01 s
[ 3529/26073] Prism::MagicCommentTest#"test_seattlerb/parse_pattern_076.txt" = 0.02 s
[ 3530/26073] Prism::MagicCommentTest#"test_seattlerb/block_decomp_arg_splat_arg.txt" = 0.12 s
[ 3531/26073] Prism::MagicCommentTest#"test_whitequark/args_args_assocs_comma.txt" = 0.02 s
[ 3532/26073] Prism::MagicCommentTest#"test_seattlerb/bug_not_parens.txt" = 0.01 s
[ 3533/26073] Prism::MagicCommentTest#"test_seattlerb/difficult3__12.txt" = 0.02 s
[ 3534/26073] Prism::MagicCommentTest#test_emacs_multiple = 0.01 s
[ 3535/26073] Prism::MagicCommentTest#"test_seattlerb/rescue_do_end_rescued.txt" = 0.03 s
[ 3536/26073] Prism::MagicCommentTest#"test_seattlerb/call_div.txt" = 0.02 s
[ 3537/26073] Prism::MagicCommentTest#"test_unparser/corpus/literal/range.txt" = 0.02 s
[ 3538/26073] Prism::MagicCommentTest#"test_seattlerb/defn_kwarg_val.txt" = 0.02 s
[ 3539/26073] Prism::MagicCommentTest#"test_seattlerb/eq_begin_line_numbers.txt" = 0.02 s
[ 3540/26073] Prism::MagicCommentTest#"test_seattlerb/difficult6__7.txt" = 0.02 s
[ 3541/26073] Prism::MagicCommentTest#"test_seattlerb/pipe_semicolon.txt" = 0.02 s
[ 3542/26073] Prism::MagicCommentTest#"test_whitequark/if_masgn__24.txt" = 0.02 s
[ 3543/26073] Prism::MagicCommentTest#"test_whitequark/send_lambda_args_shadow.txt" = 0.02 s
[ 3544/26073] Prism::MagicCommentTest#"test_whitequark/rescue_without_begin_end.txt" = 0.02 s
[ 3545/26073] Prism::MagicCommentTest#"test_unparser/corpus/literal/empty_begin.txt" = 0.01 s
[ 3546/26073] Prism::MagicCommentTest#"test_whitequark/defined.txt" = 0.02 s
[ 3547/26073] Prism::MagicCommentTest#"test_unparser/corpus/literal/undef.txt" = 0.02 s
[ 3548/26073] Prism::MagicCommentTest#"test_whitequark/casgn_scoped.txt" = 0.02 s
[ 3549/26073] Prism::MagicCommentTest#"test_whitequark/send_attr_asgn.txt" = 0.03 s
[ 3550/26073] Prism::MagicCommentTest#"test_seattlerb/bug169.txt" = 0.02 s
[ 3551/26073] Prism::MagicCommentTest#"test_seattlerb/case_in_array_pat_paren_assign.txt" = 0.02 s
[ 3552/26073] Prism::MagicCommentTest#"test_whitequark/arg_label.txt" = 0.03 s
[ 3553/26073] Prism::MagicCommentTest#"test_dash_heredocs.txt" = 0.07 s
[ 3554/26073] Prism::MagicCommentTest#"test_unparser/corpus/literal/dstr.txt" = 0.08 s
[ 3555/26073] Prism::MagicCommentTest#"test_seattlerb/difficult1_line_numbers.txt" = 0.05 s
[ 3556/26073] Prism::MagicCommentTest#"test_whitequark/ruby_bug_11380.txt" = 0.02 s
[ 3557/26073] Prism::MagicCommentTest#"test_xstring.txt" = 0.03 s
[ 3558/26073] Prism::MagicCommentTest#"test_seattlerb/unary_plus.txt" = 0.02 s
[ 3559/26073] Prism::MagicCommentTest#"test_whitequark/if_nl_then.txt" = 0.02 s
[ 3560/26073] Prism::MagicCommentTest#"test_seattlerb/block_arg_opt_splat.txt" = 0.02 s
[ 3561/26073] Prism::MagicCommentTest#"test_seattlerb/multiline_hash_declaration.txt" = 0.03 s
[ 3562/26073] Prism::MagicCommentTest#"test_seattlerb/parse_def_special_name.txt" = 0.02 s
[ 3563/26073] Prism::MagicCommentTest#"test_whitequark/bug_cmdarg.txt" = 0.03 s
[ 3564/26073] Prism::MagicCommentTest#"test_whitequark/trailing_forward_arg.txt" = 0.12 s
[ 3565/26073] Prism::MagicCommentTest#"test_whitequark/zsuper.txt" = 0.01 s
[ 3566/26073] Prism::MagicCommentTest#"test_seattlerb/call_unary_bang.txt" = 0.01 s
[ 3567/26073] Prism::MagicCommentTest#"test_seattlerb/iter_args_9_2.txt" = 0.02 s
[ 3568/26073] Prism::MagicCommentTest#"test_seattlerb/alias_resword.txt" = 0.02 s
[ 3569/26073] Prism::MagicCommentTest#"test_seattlerb/defn_endless_command_rescue.txt" = 0.02 s
[ 3570/26073] Prism::MagicCommentTest#"test_unparser/corpus/literal/opasgn.txt" = 0.09 s
[ 3571/26073] Prism::MagicCommentTest#"test_whitequark/args_star.txt" = 0.02 s
[ 3572/26073] Prism::MagicCommentTest#"test_whitequark/send_block_chain_cmd.txt" = 0.06 s
[ 3573/26073] Prism::MagicCommentTest#"test_seattlerb/call_colon_parens.txt" = 0.02 s
[ 3574/26073] Prism::MagicCommentTest#"test_unparser/corpus/literal/assignment.txt" = 0.31 s
[ 3575/26073] Prism::MagicCommentTest#"test_whitequark/nil_expression.txt" = 0.02 s
[ 3576/26073] Prism::MagicCommentTest#"test_whitequark/ambiuous_quoted_label_in_ternary_operator.txt
" = 0.02 s
[ 3577/26073] Prism::MagicCommentTest#"test_whitequark/character.txt" = 0.01 s
[ 3578/26073] Prism::MagicCommentTest#"test_spanning_heredoc.txt" = 0.06 s
[ 3579/26073] Prism::MagicCommentTest#"test_seattlerb/masgn_colon3.txt" = 0.02 s
[ 3580/26073] Prism::MagicCommentTest#"test_whitequark/xstring_plain.txt" = 0.01 s
[ 3581/26073] Prism::MagicCommentTest#"test_seattlerb/bug_hash_interp_array.txt" = 0.02 s
[ 3582/26073] Prism::MagicCommentTest#"test_not.txt" = 0.05 s
[ 3583/26073] Prism::MagicCommentTest#"test_seattlerb/block_decomp_arg_splat.txt" = 0.02 s
[ 3584/26073] Prism::MagicCommentTest#"test_whitequark/ivar.txt" = 0.02 s
[ 3585/26073] Prism::MagicCommentTest#"test_whitequark/args_args_star.txt" = 0.02 s
[ 3586/26073] Prism::MagicCommentTest#"test_symbols.txt" = 0.14 s
[ 3587/26073] Prism::MagicCommentTest#"test_whitequark/dedenting_interpolating_heredoc_fake_line_con
tinuation.txt" = 0.02 s
[ 3588/26073] Prism::MagicCommentTest#"test_whitequark/casgn_toplevel.txt" = 0.02 s
[ 3589/26073] Prism::MagicCommentTest#"test_whitequark/ruby_bug_15789.txt" = 0.03 s
[ 3590/26073] Prism::MagicCommentTest#"test_whitequark/array_words_interp.txt" = 0.02 s
[ 3591/26073] Prism::MagicCommentTest#"test_unparser/corpus/literal/class.txt" = 0.16 s
[ 3592/26073] Prism::MagicCommentTest#"test_whitequark/rescue.txt" = 0.02 s
[ 3593/26073] Prism::MagicCommentTest#"test_seattlerb/difficult2_.txt" = 0.02 s
[ 3594/26073] Prism::MagicCommentTest#"test_repeat_parameters.txt" = 0.10 s
[ 3595/26073] Prism::MagicCommentTest#"test_whitequark/non_lvar_injecting_match.txt" = 0.02 s
[ 3596/26073] Prism::MagicCommentTest#"test_seattlerb/iter_args_11_1.txt" = 0.02 s
[ 3597/26073] Prism::MagicCommentTest#"test_whitequark/bug_481.txt" = 0.02 s
[ 3598/26073] Prism::MagicCommentTest#"test_whitequark/ruby_bug_14690.txt" = 0.02 s
[ 3599/26073] Prism::MagicCommentTest#"test_unparser/corpus/semantic/block.txt" = 0.05 s
[ 3600/26073] Prism::MagicCommentTest#"test_seattlerb/heredoc_with_extra_carriage_horrible_mix.txt"
= 0.02 s
[ 3601/26073] Prism::MagicCommentTest#"test_seattlerb/block_command_operation_dot.txt" = 0.12 s
[ 3602/26073] Prism::MagicCommentTest#"test_whitequark/send_index.txt" = 0.02 s
[ 3603/26073] Prism::MagicCommentTest#"test_whitequark/class_super_label.txt" = 0.02 s
[ 3604/26073] Prism::MagicCommentTest#"test_whitequark/forwarded_restarg.txt" = 0.02 s
[ 3605/26073] Prism::MagicCommentTest#"test_seattlerb/dstr_evstr.txt" = 0.02 s
[ 3606/26073] Prism::MagicCommentTest#"test_seattlerb/dot3_nil__26.txt" = 0.02 s
[ 3607/26073] Prism::MagicCommentTest#"test_next.txt" = 0.08 s
[ 3608/26073] Prism::MagicCommentTest#"test_dsym_str.txt" = 0.02 s
[ 3609/26073] Prism::MagicCommentTest#"test_heredocs_with_ignored_newlines.txt" = 0.02 s
[ 3610/26073] Prism::MagicCommentTest#"test_seattlerb/case_in_else.txt" = 0.02 s
[ 3611/26073] Prism::MagicCommentTest#"test_range_end_open_exclusive.txt" = 0.02 s
[ 3612/26073] Prism::MagicCommentTest#"test_seattlerb/integer_with_if_modifier.txt" = 0.02 s
[ 3613/26073] Prism::MagicCommentTest#"test_whitequark/send_op_asgn_conditional.txt" = 0.02 s
[ 3614/26073] Prism::MagicCommentTest#"test_dstring.txt" = 0.04 s
[ 3615/26073] Prism::MagicCommentTest#"test_seattlerb/call_trailing_comma.txt" = 0.02 s
[ 3616/26073] Prism::MagicCommentTest#"test_seattlerb/call_not.txt" = 0.01 s
[ 3617/26073] Prism::MagicCommentTest#"test_whitequark/bug_cmd_string_lookahead.txt" = 0.02 s
[ 3618/26073] Prism::MagicCommentTest#"test_whitequark/op_asgn_index_cmd.txt" = 0.02 s
[ 3619/26073] Prism::MagicCommentTest#"test_seattlerb/masgn_anon_splat_arg.txt" = 0.02 s
[ 3620/26073] Prism::MagicCommentTest#"test_seattlerb/masgn_splat_arg.txt" = 0.02 s
[ 3621/26073] Prism::MagicCommentTest#"test_seattlerb/defn_oneliner_noargs_parentheses.txt" = 0.02 s
[ 3622/26073] Prism::MagicCommentTest#"test_seattlerb/call_env.txt" = 0.02 s
[ 3623/26073] Prism::MagicCommentTest#"test_whitequark/hash_empty.txt" = 0.01 s
[ 3624/26073] Prism::MagicCommentTest#"test_unless.txt" = 0.04 s
[ 3625/26073] Prism::MagicCommentTest#"test_seattlerb/regexp_esc_C_slash.txt" = 0.11 s
[ 3626/26073] Prism::MagicCommentTest#"test_seattlerb/block_decomp_anon_splat_arg.txt" = 0.02 s
[ 3627/26073] Prism::MagicCommentTest#"test_unparser/corpus/literal/since/30.txt" = 0.03 s
[ 3628/26073] Prism::MagicCommentTest#"test_seattlerb/defn_oneliner.txt" = 0.02 s
[ 3629/26073] Prism::MagicCommentTest#"test_seattlerb/begin_ensure_no_bodies.txt" = 0.02 s
[ 3630/26073] Prism::MagicCommentTest#"test_whitequark/parser_bug_507.txt" = 0.02 s
[ 3631/26073] Prism::MagicCommentTest#"test_heredoc_with_trailing_newline.txt" = 0.01 s
[ 3632/26073] Prism::MagicCommentTest#"test_unparser/corpus/literal/send.txt" = 0.31 s
[ 3633/26073] Prism::MagicCommentTest#"test_seattlerb/bug_args_masgn_outer_parens__19.txt" = 0.02 s
[ 3634/26073] Prism::MagicCommentTest#"test_whitequark/var_or_asgn.txt" = 0.01 s
[ 3635/26073] Prism::MagicCommentTest#"test_seattlerb/parse_line_dot2_open.txt" = 0.02 s
[ 3636/26073] Prism::MagicCommentTest#"test_whitequark/dedenting_heredoc.txt" = 0.09 s
[ 3637/26073] Prism::MagicCommentTest#"test_seattlerb/parse_line_call_no_args.txt" = 0.02 s
[ 3638/26073] Prism::MagicCommentTest#"test_seattlerb/defn_kwarg_lvar.txt" = 0.02 s
[ 3639/26073] Prism::MagicCommentTest#"test_whitequark/sclass.txt" = 0.02 s
[ 3640/26073] Prism::MagicCommentTest#"test_whitequark/slash_newline_in_heredocs.txt" = 0.02 s
[ 3641/26073] Prism::MagicCommentTest#"test_whitequark/optarg.txt" = 0.02 s
[ 3642/26073] Prism::MagicCommentTest#"test_seattlerb/difficult3__9.txt" = 0.02 s
[ 3643/26073] Prism::MagicCommentTest#"test_seattlerb/safe_call_newline.txt" = 0.07 s
[ 3644/26073] Prism::MagicCommentTest#"test_seattlerb/method_call_trailing_comma.txt" = 0.02 s
[ 3645/26073] Prism::MagicCommentTest#"test_newline_terminated.txt" = 0.05 s
[ 3646/26073] Prism::MagicCommentTest#"test_seattlerb/difficult7_.txt" = 0.03 s
[ 3647/26073] Prism::MagicCommentTest#"test_seattlerb/rhs_asgn.txt" = 0.02 s
[ 3648/26073] Prism::MagicCommentTest#"test_seattlerb/in_expr_no_case.txt" = 0.02 s
[ 3649/26073] Prism::MagicCommentTest#"test_nils.txt" = 0.02 s
[ 3650/26073] Prism::MagicCommentTest#"test_whitequark/masgn_nested.txt" = 0.03 s
[ 3651/26073] Prism::MagicCommentTest#"test_whitequark/string_concat.txt" = 0.02 s
[ 3652/26073] Prism::MagicCommentTest#"test_seattlerb/block_arg_opt_arg_block.txt" = 0.02 s
[ 3653/26073] Prism::MagicCommentTest#"test_boolean_operators.txt" = 0.02 s
[ 3654/26073] Prism::MagicCommentTest#"test_seattlerb/qWords_space.txt" = 0.01 s
[ 3655/26073] Prism::MagicCommentTest#"test_seattlerb/parse_if_not_canonical.txt" = 0.02 s
[ 3656/26073] Prism::MagicCommentTest#"test_ternary_operator.txt" = 0.05 s
[ 3657/26073] Prism::MagicCommentTest#"test_seattlerb/bug_215.txt" = 0.02 s
[ 3658/26073] Prism::MagicCommentTest#"test_whitequark/send_index_asgn.txt" = 0.02 s
[ 3659/26073] Prism::MagicCommentTest#"test_whitequark/cvar.txt" = 0.01 s
[ 3660/26073] Prism::MagicCommentTest#"test_seattlerb/qwords_empty.txt" = 0.01 s
[ 3661/26073] Prism::MagicCommentTest#"test_seattlerb/case_in_find.txt" = 0.02 s
[ 3662/26073] Prism::MagicCommentTest#"test_seattlerb/f_kw__required.txt" = 0.02 s
[ 3663/26073] Prism::MagicCommentTest#"test_seattlerb/parse_if_not_noncanonical.txt" = 0.02 s
[ 3664/26073] Prism::MagicCommentTest#test_emacs_eNcOdInG = 0.01 s
[ 3665/26073] Prism::MagicCommentTest#"test_seattlerb/defn_oneliner_eq2.txt" = 0.02 s
[ 3666/26073] Prism::MagicCommentTest#"test_seattlerb/masgn_arg_colon_arg.txt" = 0.02 s
[ 3667/26073] Prism::MagicCommentTest#"test_seattlerb/case_in_86.txt" = 0.08 s
[ 3668/26073] Prism::MagicCommentTest#"test_seattlerb/rescue_do_end_ensure_result.txt" = 0.02 s
[ 3669/26073] Prism::MagicCommentTest#"test_whitequark/bang_cmd.txt" = 0.02 s
[ 3670/26073] Prism::MagicCommentTest#"test_seattlerb/bug_cond_pct.txt" = 0.02 s
[ 3671/26073] Prism::MagicCommentTest#"test_seattlerb/block_splat_reg.txt" = 0.02 s
[ 3672/26073] Prism::MagicCommentTest#"test_seattlerb/qw_escape_term.txt" = 0.01 s
[ 3673/26073] Prism::MagicCommentTest#"test_seattlerb/iter_kwarg.txt" = 0.02 s
[ 3674/26073] Prism::MagicCommentTest#"test_seattlerb/heredoc_squiggly_empty.txt" = 0.01 s
[ 3675/26073] Prism::MagicCommentTest#"test_whitequark/hash_label.txt" = 0.02 s
[ 3676/26073] Prism::MagicCommentTest#"test_whitequark/not_masgn__24.txt" = 0.02 s
[ 3677/26073] Prism::MagicCommentTest#"test_seattlerb/cond_unary_minus.txt" = 0.02 s
[ 3678/26073] Prism::MagicCommentTest#"test_whitequark/super.txt" = 0.02 s
[ 3679/26073] Prism::MagicCommentTest#"test_seattlerb/dstr_lex_state.txt" = 0.08 s
[ 3680/26073] Prism::MagicCommentTest#"test_seattlerb/defn_kwarg_kwsplat_anon.txt" = 0.02 s
[ 3681/26073] Prism::MagicCommentTest#"test_seattlerb/dot2_nil__26.txt" = 0.02 s
[ 3682/26073] Prism::MagicCommentTest#"test_seattlerb/bug_249.txt" = 0.03 s
[ 3683/26073] Prism::MagicCommentTest#"test_strings.txt" = 0.16 s
[ 3684/26073] Prism::MagicCommentTest#"test_seattlerb/pipe_space.txt" = 0.02 s
[ 3685/26073] Prism::MagicCommentTest#"test_seattlerb/parse_while_not_noncanonical.txt" = 0.02 s
[ 3686/26073] Prism::MagicCommentTest#"test_seattlerb/masgn_arg_splat_arg.txt" = 0.02 s
[ 3687/26073] Prism::MagicCommentTest#"test_seattlerb/thingy.txt" = 0.02 s
[ 3688/26073] Prism::MagicCommentTest#"test_seattlerb/block_call_defn_call_block_call.txt" = 0.08 s
[ 3689/26073] Prism::MagicCommentTest#"test_whitequark/space_args_arg_block.txt" = 0.03 s
[ 3690/26073] Prism::MagicCommentTest#"test_whitequark/send_index_legacy.txt" = 0.02 s
[ 3691/26073] Prism::MagicCommentTest#"test_seattlerb/safe_calls.txt" = 0.02 s
[ 3692/26073] Prism::MagicCommentTest#"test_seattlerb/call_assoc_new.txt" = 0.02 s
[ 3693/26073] Prism::MagicCommentTest#"test_seattlerb/iter_args_7_2.txt" = 0.02 s
[ 3694/26073] Prism::MagicCommentTest#"test_seattlerb/parse_line_defn_complex.txt" = 0.02 s
[ 3695/26073] Prism::MagicCommentTest#"test_whitequark/space_args_block.txt" = 0.02 s
[ 3696/26073] Prism::MagicCommentTest#"test_global_variables.txt" = 0.10 s
[ 3697/26073] Prism::MagicCommentTest#"test_whitequark/args_args_assocs.txt" = 0.03 s
[ 3698/26073] Prism::MagicCommentTest#"test_whitequark/ruby_bug_11107.txt" = 0.02 s
[ 3699/26073] Prism::MagicCommentTest#"test_seattlerb/parse_line_str_with_newline_escape.txt" = 0.02
 s
[ 3700/26073] Prism::MagicCommentTest#"test_seattlerb/const_op_asgn_and1.txt" = 0.02 s
[ 3701/26073] Prism::MagicCommentTest#"test_seattlerb/mlhs_front_anonsplat.txt" = 0.02 s
[ 3702/26073] Prism::MagicCommentTest#"test_whitequark/bug_lambda_leakage.txt" = 0.02 s
[ 3703/26073] Prism::MagicCommentTest#"test_methods.txt" = 0.47 s
[ 3704/26073] Prism::MagicCommentTest#"test_seattlerb/defn_kwarg_env.txt" = 0.02 s
[ 3705/26073] Prism::MagicCommentTest#"test_seattlerb/defn_arg_asplat_arg.txt" = 0.02 s
[ 3706/26073] Prism::MagicCommentTest#"test_seattlerb/block_kwarg_lvar.txt" = 0.02 s
[ 3707/26073] Prism::MagicCommentTest#"test_lambda.txt" = 0.06 s
[ 3708/26073] Prism::MagicCommentTest#"test_seattlerb/block_args_opt1.txt" = 0.02 s
[ 3709/26073] Prism::MagicCommentTest#"test_whitequark/forwarded_argument_with_restarg.txt" = 0.02 s
[ 3710/26073] Prism::MagicCommentTest#"test_seattlerb/index_0_opasgn.txt" = 0.02 s
[ 3711/26073] Prism::MagicCommentTest#"test_until.txt" = 0.04 s
[ 3712/26073] Prism::MagicCommentTest#"test_unparser/corpus/literal/kwbegin.txt" = 0.12 s
[ 3713/26073] Prism::MagicCommentTest#"test_xstring_with_backslash.txt" = 0.01 s
[ 3714/26073] Prism::MagicCommentTest#"test_seattlerb/defs_oneliner_rescue.txt" = 0.09 s
[ 3715/26073] Prism::MagicCommentTest#"test_whitequark/hash_hashrocket.txt" = 0.02 s
[ 3716/26073] TestBasicInstructions#test_opassign2_3 = 0.02 s
[ 3717/26073] TestBasicInstructions#test_opassign2_1 = 0.01 s
[ 3718/26073] TestBasicInstructions#test_self = 0.01 s
[ 3719/26073] TestBasicInstructions#test_dsym = 0.01 s
[ 3720/26073] TestBasicInstructions#test_string = 0.02 s
[ 3721/26073] TestBasicInstructions#test_immediates = 0.02 s
[ 3722/26073] TestBasicInstructions#test_array = 0.02 s
[ 3723/26073] TestBasicInstructions#test_xstr = 0.96 s
[ 3724/26073] TestBasicInstructions#test_local_variable = 0.06 s
[ 3725/26073] TestBasicInstructions#test_regexp = 0.03 s
[ 3726/26073] TestBasicInstructions#test_opassign1_1 = 0.02 s
[ 3727/26073] TestBasicInstructions#test_hash = 0.02 s
[ 3728/26073] TestBasicInstructions#test_const_inherit = 0.11 s
[ 3729/26073] TestBasicInstructions#test_send_opassign = 0.02 s
[ 3730/26073] TestBasicInstructions#test_array_splat = 0.02 s
[ 3731/26073] TestBasicInstructions#test_opassign1_2 = 0.02 s
[ 3732/26073] TestBasicInstructions#test_class_variable = 0.06 s
[ 3733/26073] TestBasicInstructions#test_backref = 0.06 s
[ 3734/26073] TestBasicInstructions#test_special_const_instance_variables = 8.82 s
[ 3735/26073] TestBasicInstructions#test_dstring = 0.01 s
[ 3736/26073] TestBasicInstructions#test_not = 0.03 s
[ 3737/26073] TestBasicInstructions#test_const_cref = 0.10 s
[ 3738/26073] TestBasicInstructions#test_const_path = 0.13 s
[ 3739/26073] TestBasicInstructions#test_range = 0.02 s
[ 3740/26073] TestBasicInstructions#test_opassign2_2 = 0.02 s
[ 3741/26073] TestBasicInstructions#test_global_variable = 0.02 s
[ 3742/26073] TestResolvMDNS#test_mdns_each_address = 0.06 s
[ 3743/26073] TestIRB::IRBHistoryIntegrationTest#test_nested_history_saving_from_outer_session_with_
exit! = 0.05 s
[ 3744/26073] TestIRB::IRBHistoryIntegrationTest#test_nested_history_saving_from_inner_session_with_
exit! = 0.04 s
[ 3745/26073] TestIRB::IRBHistoryIntegrationTest#test_direct_debug_session_loads_history = 0.04 s
[ 3746/26073] TestIRB::IRBHistoryIntegrationTest#test_history_saving_with_debug_without_prior_histor
y = 0.04 s
[ 3747/26073] TestIRB::IRBHistoryIntegrationTest#test_history_saving_with_nested_sessions_and_prior_
history = 0.04 s
[ 3748/26073] TestIRB::IRBHistoryIntegrationTest#test_history_saving_with_nested_sessions = 0.04 s
[ 3749/26073] TestIRB::IRBHistoryIntegrationTest#test_history_saving_with_debug = 0.04 s
[ 3750/26073] TestSuper#test_super_missing_prepended_module = 220.24 s
[ 3751/26073] TestSuper#test_super_in_thread = 0.03 s
[ 3752/26073] TestSuper#test_from_eval = 0.02 s
[ 3753/26073] TestSuper#test_double_include2 = 0.01 s
[ 3754/26073] TestSuper#test_super_in_orphan_block = 0.02 s
[ 3755/26073] TestSuper#test_array3 = 0.01 s
[ 3756/26073] TestSuper#test_missing_super_in_method_module = 0.02 s
[ 3757/26073] TestSuper#test_array1 = 0.01 s
[ 3758/26073] TestSuper#test_super_in_module_unbound_method = 0.02 s
[ 3759/26073] TestSuper#test_module_super_in_method_module = 0.01 s
[ 3760/26073] TestSuper#test_super_in_instance_eval_in_module = 0.04 s
[ 3761/26073] TestSuper#test_missing_super_in_module_unbound_method = 0.01 s
[ 3762/26073] TestSuper#test_optional4 = 0.01 s
[ 3763/26073] TestSuper#test_zsuper_kw_splat_not_mutable = 0.01 s
[ 3764/26073] TestSuper#test_optional2 = 0.04 s
[ 3765/26073] TestSuper#test_define_method = 0.02 s
[ 3766/26073] TestSuper#test_double_include = 0.01 s
[ 3767/26073] TestSuper#test_super_in_instance_eval = 0.03 s
[ 3768/26073] TestSuper#test_missing_super = 0.02 s
[ 3769/26073] TestSuper#test_single2 = 0.01 s
[ 3770/26073] TestSuper#test_super_with_modified_rest_parameter = 0.01 s
[ 3771/26073] TestSuper#test_keyword2 = 0.01 s
[ 3772/26073] TestSuper#test_double2 = 0.01 s
[ 3773/26073] TestSuper#test_public_zsuper_with_prepend = 0.03 s
[ 3774/26073] TestSuper#test_super_in_at_exit = 15.56 s
[ 3775/26073] TestSuper#test_keyword1 = 0.02 s
[ 3776/26073] TestSuper#test_double3 = 0.01 s
[ 3777/26073] TestSuper#test_double1 = 0.01 s
[ 3778/26073] TestSuper#test_forwardable = 0.02 s
[ 3779/26073] TestSuper#test_single1 = 0.01 s
[ 3780/26073] TestSuper#test_super_with_define_method = 0.03 s
[ 3781/26073] TestSuper#test_super_with_included_prepended_module_method_caching_bug_20716 = 0.02 s
[ 3782/26073] TestSuper#test_super_in_orphan_block_with_instance_eval = 0.04 s
[ 3783/26073] TestSuper#test_super_attr_writer = 0.02 s
[ 3784/26073] TestSuper#test_optional3 = 0.01 s
[ 3785/26073] TestSuper#test_optional1 = 0.01 s
[ 3786/26073] TestSuper#test_optional5 = 0.02 s
[ 3787/26073] TestSuper#test_super_in_END = 15.64 s
[ 3788/26073] TestSuper#test_super_attr_reader = 0.02 s
[ 3789/26073] TestSuper#test_array2 = 0.01 s
[ 3790/26073] TestSuper#test_array4 = 0.01 s
[ 3791/26073] TestSuper#test_super_with_block = 0.01 s
[ 3792/26073] TestSuper#test_yielding_super = 0.02 s
[ 3793/26073] TestSuper#test_super_splat = 0.02 s
[ 3794/26073] TestSuper#test_super_in_BEGIN = 15.53 s
[ 3795/26073] TestSuper#test_overlaid = 0.02 s
[ 3796/26073] TestSuper#test_super_in_instance_eval_with_define_method = 0.04 s
[ 3797/26073] OpenSSL::TestEOF2LowlevelSocket#test_eof_1 = 4.39 s
[ 3798/26073] OpenSSL::TestEOF2LowlevelSocket#test_eof_3 = 1.24 s
[ 3799/26073] OpenSSL::TestEOF2LowlevelSocket#test_readbyte_eof = 1.23 s
[ 3800/26073] OpenSSL::TestEOF2LowlevelSocket#test_getbyte_eof = 1.72 s
[ 3801/26073] OpenSSL::TestEOF2LowlevelSocket#test_eof_0_rw = 0.80 s
[ 3802/26073] OpenSSL::TestEOF2LowlevelSocket#test_eof_2 = 1.22 s
[ 3803/26073] OpenSSL::TestEOF2LowlevelSocket#test_eof_0 = 2.54 s
[ 3804/26073] TestRecursion#test_recursive_outer = 0.02 s
[ 3805/26073] TestRecursion#test_recursive = 0.02 s
[ 3806/26073] TestGemRequest#test_get_proxy_from_env_empty = 0.56 s
[ 3807/26073] TestGemRequest#test_fetch_head = 0.56 s
[ 3808/26073] TestGemRequest#test_get_proxy_from_env_https = 0.61 s
[ 3809/26073] TestGemRequest#test_user_agent_patchlevel = 0.59 s
[ 3810/26073] TestGemRequest#test_fetch_basic_auth_encoded = 0.66 s
[ 3811/26073] TestGemRequest#test_verify_certificate_extra_message = 0.60 s
[ 3812/26073] TestGemRequest#test_verify_certificate_message_INVALID_PURPOSE = 0.50 s
[ 3813/26073] TestGemRequest#test_proxy_ENV = 0.51 s
[ 3814/26073] TestGemRequest#test_configure_connection_for_https_ssl_ca_cert = 0.61 s
[ 3815/26073] TestGemRequest#test_get_proxy_from_env_domain = 0.60 s
[ 3816/26073] TestGemRequest#test_verify_certificate_message_CERT_REJECTED = 0.58 s
[ 3817/26073] TestGemRequest#test_verify_certificate = 0.50 s
[ 3818/26073] TestGemRequest#test_get_proxy_from_env_escape = 0.60 s
[ 3819/26073] TestGemRequest#test_get_proxy_from_env_fallback = 0.68 s
[ 3820/26073] TestGemRequest#test_verify_certificate_message_INVALID_CA = 0.58 s
[ 3821/26073] TestGemRequest#test_initialize_proxy = 0.59 s
[ 3822/26073] TestGemRequest#test_user_agent_engine = 0.59 s
[ 3823/26073] TestGemRequest#test_verify_certificate_message_DEPTH_ZERO_SELF_SIGNED_CERT = 0.50 s
[ 3824/26073] TestGemRequest#test_user_agent_revision = 0.52 s
[ 3825/26073] TestGemRequest#test_initialize_proxy_ENV = 0.60 s
[ 3826/26073] TestGemRequest#test_fetch_basic_auth = 0.73 s
[ 3827/26073] TestGemRequest#test_configure_connection_for_https = 0.64 s
[ 3828/26073] TestGemRequest#test_verify_certificate_message_CERT_HAS_EXPIRED = 0.58 s
[ 3829/26073] TestGemRequest#test_fetch_basic_oauth_encoded = 0.73 s
[ 3830/26073] TestGemRequest#test_initialize_proxy_ENV_https = 0.68 s
[ 3831/26073] TestGemRequest#test_initialize_proxy_URI = 0.67 s
[ 3832/26073] TestGemRequest#test_verify_certificate_message_SELF_SIGNED_CERT_IN_CHAIN = 0.58 s
[ 3833/26073] TestGemRequest#test_fetch_unmodified = 0.62 s
[ 3834/26073] TestGemRequest#test_verify_certificate_message_UNABLE_TO_GET_ISSUER_CERT_LOCALLY = 0.5
7 s
[ 3835/26073] TestGemRequest#test_verify_certificate_message_UNABLE_TO_VERIFY_LEAF_SIGNATURE = 0.50
s
[ 3836/26073] TestGemRequest#test_user_agent = 0.52 s
[ 3837/26073] TestGemRequest#test_user_agent_engine_ruby = 0.51 s
[ 3838/26073] TestGemRequest#test_get_proxy_from_env_normalize = 0.60 s
[ 3839/26073] TestGemRequest#test_verify_certificate_message_CERT_NOT_YET_VALID = 0.65 s
[ 3840/26073] TestGemRequest#test_verify_certificate_message_CERT_UNTRUSTED = 0.58 s
[ 3841/26073] TestGemRequest#test_fetch = 0.53 s
[ 3842/26073] Prism::ParseStreamTest#test_false___END___in_heredoc = 0.03 s
[ 3843/26073] Prism::ParseStreamTest#test_multi_read = 0.06 s
[ 3844/26073] Prism::ParseStreamTest#test_multi_line = 0.02 s
[ 3845/26073] Prism::ParseStreamTest#test___END__ = 0.02 s
[ 3846/26073] Prism::ParseStreamTest#test_false___END___in_list = 0.02 s
[ 3847/26073] Prism::ParseStreamTest#test_single_line = 0.01 s
[ 3848/26073] Prism::ParseStreamTest#test_false___END___in_regexp = 0.02 s
[ 3849/26073] Prism::ParseStreamTest#test_nul_bytes = 0.02 s
[ 3850/26073] Prism::ParseStreamTest#test_false___END___in_string = 0.02 s
[ 3851/26073] TestISO8859#test_iso_8859_14 = 0.39 s
[ 3852/26073] TestISO8859#test_iso_8859_16 = 0.38 s
[ 3853/26073] TestISO8859#test_iso_8859_10 = 0.35 s
[ 3854/26073] TestISO8859#test_iso_8859_2 = 0.34 s
[ 3855/26073] TestISO8859#test_iso_8859_4 = 0.34 s
[ 3856/26073] TestISO8859#test_iso_8859_6 = 0.15 s
[ 3857/26073] TestISO8859#test_iso_8859_8 = 0.17 s
[ 3858/26073] TestISO8859#test_iso_8859_7 = 0.51 s
[ 3859/26073] TestISO8859#test_iso_8859_5 = 0.49 s
[ 3860/26073] TestISO8859#test_iso_8859_3 = 0.39 s
[ 3861/26073] TestISO8859#test_iso_8859_1 = 0.34 s
[ 3862/26073] TestISO8859#test_iso_8859_9 = 0.33 s
[ 3863/26073] TestISO8859#test_iso_8859_13 = 0.34 s
[ 3864/26073] TestISO8859#test_iso_8859_11 = 0.25 s
[ 3865/26073] TestISO8859#test_iso_8859_15 = 0.35 s
[ 3866/26073] TestDigest::TestSHA1#test_eq = 0.02 s
[ 3867/26073] TestDigest::TestSHA1#test_s_base64digest = 0.02 s
[ 3868/26073] TestDigest::TestSHA1#test_alignment = 0.01 s
[ 3869/26073] TestDigest::TestSHA1#test_bubblebabble_class = 0.01 s
[ 3870/26073] TestDigest::TestSHA1#test_s_hexdigest = 0.01 s
[ 3871/26073] TestDigest::TestSHA1#test_update = 0.01 s
[ 3872/26073] TestDigest::TestSHA1#test_bubblebabble = 0.01 s
[ 3873/26073] TestDigest::TestSHA1#test_instance_eval = 0.01 s
[ 3874/26073] TestDigest::TestSHA1#test_s_file = 0.02 s
[ 3875/26073] TestDigest::TestSHA1#test_bubblebabble_instance = 0.01 s
[ 3876/26073] TestDigest::TestSHA1#test_s_digest = 0.01 s
[ 3877/26073] TestDigest::TestSHA1#test_s_new = 0.01 s
[ 3878/26073] TestSymbol#test_to_proc_binding = 8.78 s
[ 3879/26073] TestSymbol#test_singleton_method = 0.01 s
[ 3880/26073] TestSymbol#test_to_proc_iseq = 8.79 s
[ 3881/26073] TestSymbol#test_to_proc = 0.03 s
[ 3882/26073] TestSymbol#test_inspect = 0.07 s
[ 3883/26073] TestSymbol#test_eq_can_be_redefined = 2.28 s
[ 3884/26073] TestSymbol#test_to_proc_call_with_symbol_proc = 0.01 s
[ 3885/26073] TestSymbol#test_match_p_string = 0.03 s
[ 3886/26073] TestSymbol#test_all_symbols = 3.05 s
[ 3887/26073] TestSymbol#test_to_proc_lambda_with_refinements = 0.01 s
[ 3888/26073] TestSymbol#test_to_proc_arg = 8.77 s
[ 3889/26073] TestSymbol#test_inspect_invalid = 0.09 s
[ 3890/26073] TestSymbol#test_match_p_regexp = 0.02 s
[ 3891/26073] TestSymbol#test_hash_nondeterministic = 14.99 s
[ 3892/26073] TestSymbol#test_block_method_to_proc = 8.82 s
[ 3893/26073] TestSymbol#test_to_proc_new_proc = 12.98 s
[ 3894/26073] TestSymbol#test_match_method = 0.02 s
[ 3895/26073] TestSymbol#test_case = 0.01 s
[ 3896/26073] TestSymbol#test_intern = 0.01 s
[ 3897/26073] TestSymbol#test_frozen_symbol = 0.01 s
[ 3898/26073] TestSymbol#test_hash_redefinition = 8.78 s
[ 3899/26073] TestSymbol#test_block_given_to_proc = 0.01 s
[ 3900/26073] TestSymbol#test_cmp = 0.01 s
[ 3901/26073] TestSymbol#test_to_proc_yield = 9.40 s
[ 3902/26073] TestSymbol#test_instance_eval = 0.02 s
[ 3903/26073] TestSymbol#test_succ = 0.01 s
[ 3904/26073] TestSymbol#test_inspect_dollar = 0.03 s
[ 3905/26073] TestSymbol#test_inspect_suboptimal = 0.10 s
[ 3906/26073] TestSymbol#test_ascii_incomat_inspect = 0.03 s
[ 3907/26073] TestSymbol#test_to_proc_for_hash_each = 7.42 s
[ 3908/26073] TestSymbol#test_start_with? = 0.02 s
[ 3909/26073] TestSymbol#test_empty = 0.01 s
[ 3910/26073] TestSymbol#test_block_curry_proc = 8.78 s
[ 3911/26073] TestSymbol#test_to_proc_lambda? = 0.01 s
[ 3912/26073] TestSymbol#test_to_proc_arg_with_refinements_override = 0.01 s
[ 3913/26073] TestSymbol#test_length = 0.01 s
[ 3914/26073] TestSymbol#test_to_proc_instance_exec = 0.01 s
[ 3915/26073] TestSymbol#test_to_proc_arg_with_refinements_undefined = 0.01 s
[ 3916/26073] TestSymbol#test_call = 0.01 s
[ 3917/26073] TestSymbol#test_casecmp = 0.01 s
[ 3918/26073] TestSymbol#test_to_proc_no_method = 8.78 s
[ 3919/26073] TestSymbol#test_symbol_gc_1 = 10.31 s
[ 3920/26073] TestSymbol#test_block_curry_lambda = 8.95 s
[ 3921/26073] TestSymbol#test_inspect_under_gc_compact_stress = 853.42 s
[ 3922/26073] TestSymbol#test_symbol_encoding = 0.03 s
[ 3923/26073] TestSymbol#test_symbol_popped = 0.01 s
[ 3924/26073] TestSymbol#test_casecmp? = 0.01 s
[ 3925/26073] TestSymbol#test_to_proc_arity = 0.01 s
[ 3926/26073] TestSymbol#test_dynamic_attrset_id = 0.01 s
[ 3927/26073] TestSymbol#test_block_persist_between_calls = 0.01 s
[ 3928/26073] TestSymbol#test_instance_exec = 0.01 s
[ 3929/26073] TestSymbol#test_inspect_number = 0.01 s
[ 3930/26073] TestSymbol#test_MATCH = 0.01 s
[ 3931/26073] TestSymbol#test_name = 0.01 s
[ 3932/26073] TestSymbol#test_to_proc_arg_with_refinements = 0.01 s
[ 3933/26073] TestSymbol#test_to_proc_arity_with_refinements = 0.01 s
[ 3934/26073] TestSymbol#test_end_with? = 0.01 s
[ 3935/26073] TestSymbol#test_return_from_symbol_proc = 0.01 s
[ 3936/26073] Test_StringQSort#test_qsort_slice = 0.01 s
[ 3937/26073] Test_StringQSort#test_qsort = 0.01 s
[ 3938/26073] TestPack#test_integer_endian_explicit<internal:pack>:8: [BUG] unexpected integer size
for pack: 16
ruby 3.4.1 (2025-06-14 revision 742e381c9f) +PRISM [riscv64-freebsd]

-- Control frame information -----------------------------------------------
c:0032 p:0003 s:0185 e:000184 METHOD <internal:pack>:8
c:0031 p:0014 s:0178 e:000177 BLOCK  /root/ruby-3.4.1/test/ruby/test_pack.rb:127 [FINISH]
c:0030 p:---- s:0169 e:000168 CFUNC  :each
c:0029 p:0455 s:0165 e:000164 METHOD /root/ruby-3.4.1/test/ruby/test_pack.rb:125
c:0028 p:0005 s:0160 e:000159 METHOD /root/ruby-3.4.1/test/ruby/test_pack.rb:206
c:0027 p:0037 s:0156 e:000155 METHOD /root/ruby-3.4.1/tool/lib/test/unit/testcase.rb:202
c:0026 p:0052 s:0150 E:000810 METHOD /root/ruby-3.4.1/tool/lib/test/unit/testcase.rb:170
c:0025 p:0083 s:0141 e:000140 BLOCK  /root/ruby-3.4.1/tool/lib/test/unit.rb:1671 [FINISH]
c:0024 p:---- s:0134 e:000133 CFUNC  :map
c:0023 p:0103 s:0130 e:000129 METHOD /root/ruby-3.4.1/tool/lib/test/unit.rb:1658
c:0022 p:0035 s:0118 e:000117 METHOD /root/ruby-3.4.1/tool/lib/test/unit.rb:1362
c:0021 p:0010 s:0111 e:000109 BLOCK  /root/ruby-3.4.1/tool/lib/test/unit.rb:823 [FINISH]
c:0020 p:---- s:0105 e:000104 CFUNC  :each
c:0019 p:0047 s:0101 e:000100 METHOD /root/ruby-3.4.1/tool/lib/test/unit.rb:821
c:0018 p:0008 s:0094 e:000093 METHOD /root/ruby-3.4.1/tool/lib/test/unit.rb:858
c:0017 p:0130 s:0087 e:000086 METHOD /root/ruby-3.4.1/tool/lib/test/unit.rb:1604
c:0016 p:0016 s:0074 e:000073 METHOD /root/ruby-3.4.1/tool/lib/test/unit.rb:1299
c:0015 p:0005 s:0069 e:000068 METHOD /root/ruby-3.4.1/tool/lib/test/unit.rb:1769
c:0014 p:0006 s:0065 e:000064 BLOCK  /root/ruby-3.4.1/tool/lib/test/unit.rb:1756 [FINISH]
c:0013 p:---- s:0061 e:000060 CFUNC  :each
c:0012 p:0042 s:0057 e:000056 METHOD /root/ruby-3.4.1/tool/lib/test/unit.rb:1755
c:0011 p:0013 s:0052 e:000051 METHOD /root/ruby-3.4.1/tool/lib/test/unit.rb:1799
c:0010 p:0008 s:0047 e:000046 METHOD /root/ruby-3.4.1/tool/lib/test/unit.rb:1046
c:0009 p:0008 s:0041 e:000040 METHOD /root/ruby-3.4.1/tool/lib/test/unit.rb:891
c:0008 p:0017 s:0035 e:000034 METHOD /root/ruby-3.4.1/tool/lib/test/unit.rb:145
c:0007 p:0008 s:0030 e:000029 METHOD /root/ruby-3.4.1/tool/lib/test/unit.rb:1283
c:0006 p:0032 s:0025 e:000024 METHOD /root/ruby-3.4.1/tool/lib/test/unit.rb:1882
c:0005 p:0009 s:0021 e:000020 METHOD /root/ruby-3.4.1/tool/lib/test/unit.rb:1886
c:0004 p:0065 s:0016 e:000014 TOP    /root/ruby-3.4.1/tool/test/runner.rb:14 [FINISH]
c:0003 p:---- s:0011 e:000010 CFUNC  :require_relative
c:0002 p:0005 s:0006 e:000005 EVAL   ../test/runner.rb:5 [FINISH]
c:0001 p:0000 s:0003 E:000fd0 DUMMY  [FINISH]

-- Ruby level backtrace information ----------------------------------------
../test/runner.rb:5:in '<main>'
../test/runner.rb:5:in 'require_relative'
/root/ruby-3.4.1/tool/test/runner.rb:14:in '<top (required)>'
/root/ruby-3.4.1/tool/lib/test/unit.rb:1886:in 'run'
/root/ruby-3.4.1/tool/lib/test/unit.rb:1882:in 'run'
/root/ruby-3.4.1/tool/lib/test/unit.rb:1283:in 'run'
/root/ruby-3.4.1/tool/lib/test/unit.rb:145:in 'run'
/root/ruby-3.4.1/tool/lib/test/unit.rb:891:in 'run'
/root/ruby-3.4.1/tool/lib/test/unit.rb:1046:in 'run'
/root/ruby-3.4.1/tool/lib/test/unit.rb:1799:in 'run'
/root/ruby-3.4.1/tool/lib/test/unit.rb:1755:in '_run'
/root/ruby-3.4.1/tool/lib/test/unit.rb:1755:in 'each'
/root/ruby-3.4.1/tool/lib/test/unit.rb:1756:in 'block in _run'
/root/ruby-3.4.1/tool/lib/test/unit.rb:1769:in 'run_tests'
/root/ruby-3.4.1/tool/lib/test/unit.rb:1299:in '_run_anything'
/root/ruby-3.4.1/tool/lib/test/unit.rb:1604:in '_run_anything'
/root/ruby-3.4.1/tool/lib/test/unit.rb:858:in '_run_suites'
/root/ruby-3.4.1/tool/lib/test/unit.rb:821:in '_run_suites'
/root/ruby-3.4.1/tool/lib/test/unit.rb:821:in 'each'
/root/ruby-3.4.1/tool/lib/test/unit.rb:823:in 'block in _run_suites'
/root/ruby-3.4.1/tool/lib/test/unit.rb:1362:in '_run_suite'
/root/ruby-3.4.1/tool/lib/test/unit.rb:1658:in '_run_suite'
/root/ruby-3.4.1/tool/lib/test/unit.rb:1658:in 'map'
/root/ruby-3.4.1/tool/lib/test/unit.rb:1671:in 'block in _run_suite'
/root/ruby-3.4.1/tool/lib/test/unit/testcase.rb:170:in 'run'
/root/ruby-3.4.1/tool/lib/test/unit/testcase.rb:202:in 'run_test'
/root/ruby-3.4.1/test/ruby/test_pack.rb:206:in 'test_integer_endian_explicit'
/root/ruby-3.4.1/test/ruby/test_pack.rb:125:in '_integer_big_endian'
/root/ruby-3.4.1/test/ruby/test_pack.rb:125:in 'each'
/root/ruby-3.4.1/test/ruby/test_pack.rb:127:in 'block in _integer_big_endian'
<internal:pack>:8:in 'pack'

-- Threading information ---------------------------------------------------
Total ractor count: 1
Ruby thread count for this ractor: 2

-- C level backtrace information -------------------------------------------
Unexpected file number 3 in /root/ruby-3.4.1/build/ruby at a4dfda
Unexpected file number 21 in /root/ruby-3.4.1/build/ruby at a4dfda
Unexpected file number 21 in /root/ruby-3.4.1/build/ruby at a4dfda
Unexpected file number 7 in /root/ruby-3.4.1/build/ruby at a4dfda
Unexpected file number 39 in /root/ruby-3.4.1/build/ruby at a4dfda
Unexpected file number 3 in /root/ruby-3.4.1/build/ruby at a4dfda
Unexpected file number 21 in /root/ruby-3.4.1/build/ruby at a4dfda
Unexpected file number 21 in /root/ruby-3.4.1/build/ruby at a4dfda
Unexpected file number 3 in /root/ruby-3.4.1/build/ruby at a4dfda
Unexpected file number 3 in /root/ruby-3.4.1/build/ruby at a4dfda
Unexpected file number 3 in /root/ruby-3.4.1/build/ruby at a4dfda
Unexpected file number 21 in /root/ruby-3.4.1/build/ruby at a4dfda
Unexpected file number 21 in /root/ruby-3.4.1/build/ruby at a4dfda
Unexpected file number 3 in /root/ruby-3.4.1/build/ruby at a4dfda
Unexpected file number 3 in /root/ruby-3.4.1/build/ruby at a4dfda
Unexpected file number 22 in /root/ruby-3.4.1/build/ruby at a4e023
Unexpected file number 15 in /root/ruby-3.4.1/build/ruby at a4e023
Unexpected file number 15 in /root/ruby-3.4.1/build/ruby at a4e023
Unexpected file number 40 in /root/ruby-3.4.1/build/ruby at a4e157
Unexpected file number 46 in /root/ruby-3.4.1/build/ruby at a835bc
Unexpected file number 27 in /root/ruby-3.4.1/build/ruby at aa99e1
Unexpected file number 12 in /root/ruby-3.4.1/build/ruby at aa99e1
Unexpected file number 12 in /root/ruby-3.4.1/build/ruby at aa99e1
Unexpected file number 39 in /root/ruby-3.4.1/build/ruby at ac15db
Unexpected file number 28 in /root/ruby-3.4.1/build/ruby at ad7397
Unexpected file number 28 in /root/ruby-3.4.1/build/ruby at ad7397
Unexpected file number 28 in /root/ruby-3.4.1/build/ruby at ad7397
Unexpected file number 28 in /root/ruby-3.4.1/build/ruby at ad7397
Unexpected file number 28 in /root/ruby-3.4.1/build/ruby at ad7397
Unexpected file number 77 in /root/ruby-3.4.1/build/ruby at ad7397
Unexpected file number 77 in /root/ruby-3.4.1/build/ruby at ad7397
Unexpected file number 15 in /root/ruby-3.4.1/build/ruby at ad7397
Unexpected file number 28 in /root/ruby-3.4.1/build/ruby at ad7397
Unexpected file number 28 in /root/ruby-3.4.1/build/ruby at ad7397
Unexpected file number 82 in /root/ruby-3.4.1/build/ruby at ad7397
Unexpected file number 28 in /root/ruby-3.4.1/build/ruby at ad7397
Unexpected file number 28 in /root/ruby-3.4.1/build/ruby at ad7397
Unexpected file number 44 in /root/ruby-3.4.1/build/ruby at b1e938
Unexpected file number 22 in /root/ruby-3.4.1/build/ruby at b1e938
Unexpected file number 22 in /root/ruby-3.4.1/build/ruby at b1e938
Unexpected file number 56 in /root/ruby-3.4.1/build/ruby at b1e938
Unexpected file number 58 in /root/ruby-3.4.1/build/ruby at b1e938
Unexpected file number 65 in /root/ruby-3.4.1/build/ruby at b2341f
Unexpected file number 17 in /root/ruby-3.4.1/build/ruby at bbf24a
Unexpected file number 35 in /root/ruby-3.4.1/build/ruby at bc444b
Unexpected file number 19 in /root/ruby-3.4.1/build/ruby at c123cb
Unexpected file number 9 in /root/ruby-3.4.1/build/ruby at c123cb
Unexpected file number 9 in /root/ruby-3.4.1/build/ruby at c123cb
Unexpected file number 28 in /root/ruby-3.4.1/build/ruby at ccbec4
Unexpected file number 39 in /root/ruby-3.4.1/build/ruby at d3ca76
Unexpected file number 36 in /root/ruby-3.4.1/build/ruby at d502b9
Unexpected file number 41 in /root/ruby-3.4.1/build/ruby at d502b9
Unexpected file number 41 in /root/ruby-3.4.1/build/ruby at d502b9
Unexpected file number 61 in /root/ruby-3.4.1/build/ruby at d502b9
Unexpected file number 41 in /root/ruby-3.4.1/build/ruby at d502b9
Unexpected file number 41 in /root/ruby-3.4.1/build/ruby at d502b9
Unexpected file number 83 in /root/ruby-3.4.1/build/ruby at d502b9
Unexpected file number 41 in /root/ruby-3.4.1/build/ruby at d502b9
Unexpected file number 41 in /root/ruby-3.4.1/build/ruby at d502b9
Unexpected file number 43 in /root/ruby-3.4.1/build/ruby at d502b9
Unexpected file number 31 in /root/ruby-3.4.1/build/ruby at d502b9
Unexpected file number 32 in /root/ruby-3.4.1/build/ruby at d502b9
Unexpected file number 32 in /root/ruby-3.4.1/build/ruby at d502b9
Unexpected file number 32 in /root/ruby-3.4.1/build/ruby at d502b9
Unexpected file number 32 in /root/ruby-3.4.1/build/ruby at d502b9
Unexpected file number 32 in /root/ruby-3.4.1/build/ruby at d502b9
Unexpected file number 32 in /root/ruby-3.4.1/build/ruby at d502b9
Unexpected file number 32 in /root/ruby-3.4.1/build/ruby at d502b9
Unexpected file number 32 in /root/ruby-3.4.1/build/ruby at d502b9
Unexpected file number 32 in /root/ruby-3.4.1/build/ruby at d502b9
Unexpected file number 32 in /root/ruby-3.4.1/build/ruby at d502b9
Unexpected file number 32 in /root/ruby-3.4.1/build/ruby at d502b9
Unexpected file number 32 in /root/ruby-3.4.1/build/ruby at d502b9
Unexpected file number 32 in /root/ruby-3.4.1/build/ruby at d502b9
Unexpected file number 32 in /root/ruby-3.4.1/build/ruby at d502b9
Unexpected file number 32 in /root/ruby-3.4.1/build/ruby at d502b9
Unexpected file number 32 in /root/ruby-3.4.1/build/ruby at d502b9
Unexpected file number 32 in /root/ruby-3.4.1/build/ruby at d502b9
Unexpected file number 32 in /root/ruby-3.4.1/build/ruby at d502b9
Unexpected file number 32 in /root/ruby-3.4.1/build/ruby at d502b9
Unexpected file number 32 in /root/ruby-3.4.1/build/ruby at d502b9
Unexpected file number 32 in /root/ruby-3.4.1/build/ruby at d502b9
Unexpected file number 32 in /root/ruby-3.4.1/build/ruby at d502b9
Unexpected file number 32 in /root/ruby-3.4.1/build/ruby at d502b9
Unexpected file number 32 in /root/ruby-3.4.1/build/ruby at d502b9
Unexpected file number 31 in /root/ruby-3.4.1/build/ruby at d502b9
Unexpected file number 3 in /root/ruby-3.4.1/build/ruby at a4dfda
Unexpected file number 21 in /root/ruby-3.4.1/build/ruby at a4dfda
Unexpected file number 21 in /root/ruby-3.4.1/build/ruby at a4dfda
Unexpected file number 7 in /root/ruby-3.4.1/build/ruby at a4dfda
Unexpected file number 39 in /root/ruby-3.4.1/build/ruby at a4dfda
Unexpected file number 3 in /root/ruby-3.4.1/build/ruby at a4dfda
Unexpected file number 21 in /root/ruby-3.4.1/build/ruby at a4dfda
Unexpected file number 21 in /root/ruby-3.4.1/build/ruby at a4dfda
Unexpected file number 3 in /root/ruby-3.4.1/build/ruby at a4dfda
Unexpected file number 3 in /root/ruby-3.4.1/build/ruby at a4dfda
Unexpected file number 3 in /root/ruby-3.4.1/build/ruby at a4dfda
Unexpected file number 21 in /root/ruby-3.4.1/build/ruby at a4dfda
Unexpected file number 21 in /root/ruby-3.4.1/build/ruby at a4dfda
Unexpected file number 3 in /root/ruby-3.4.1/build/ruby at a4dfda
Unexpected file number 3 in /root/ruby-3.4.1/build/ruby at a4dfda
Unexpected file number 22 in /root/ruby-3.4.1/build/ruby at a4e023
Unexpected file number 15 in /root/ruby-3.4.1/build/ruby at a4e023
Unexpected file number 15 in /root/ruby-3.4.1/build/ruby at a4e023
Unexpected file number 40 in /root/ruby-3.4.1/build/ruby at a4e157
Unexpected file number 46 in /root/ruby-3.4.1/build/ruby at a835bc
Unexpected file number 27 in /root/ruby-3.4.1/build/ruby at aa99e1
Unexpected file number 12 in /root/ruby-3.4.1/build/ruby at aa99e1
Unexpected file number 12 in /root/ruby-3.4.1/build/ruby at aa99e1
Unexpected file number 39 in /root/ruby-3.4.1/build/ruby at ac15db
Unexpected file number 28 in /root/ruby-3.4.1/build/ruby at ad7397
Unexpected file number 28 in /root/ruby-3.4.1/build/ruby at ad7397
Unexpected file number 28 in /root/ruby-3.4.1/build/ruby at ad7397
Unexpected file number 28 in /root/ruby-3.4.1/build/ruby at ad7397
Unexpected file number 28 in /root/ruby-3.4.1/build/ruby at ad7397
Unexpected file number 77 in /root/ruby-3.4.1/build/ruby at ad7397
Unexpected file number 77 in /root/ruby-3.4.1/build/ruby at ad7397
Unexpected file number 15 in /root/ruby-3.4.1/build/ruby at ad7397
Unexpected file number 28 in /root/ruby-3.4.1/build/ruby at ad7397
Unexpected file number 28 in /root/ruby-3.4.1/build/ruby at ad7397
Unexpected file number 82 in /root/ruby-3.4.1/build/ruby at ad7397
Unexpected file number 28 in /root/ruby-3.4.1/build/ruby at ad7397
Unexpected file number 28 in /root/ruby-3.4.1/build/ruby at ad7397
Unexpected file number 44 in /root/ruby-3.4.1/build/ruby at b1e938
Unexpected file number 22 in /root/ruby-3.4.1/build/ruby at b1e938
Unexpected file number 22 in /root/ruby-3.4.1/build/ruby at b1e938
Unexpected file number 56 in /root/ruby-3.4.1/build/ruby at b1e938
Unexpected file number 58 in /root/ruby-3.4.1/build/ruby at b1e938
Unexpected file number 65 in /root/ruby-3.4.1/build/ruby at b2341f
Unexpected file number 17 in /root/ruby-3.4.1/build/ruby at bbf24a
Unexpected file number 35 in /root/ruby-3.4.1/build/ruby at bc444b
Unexpected file number 19 in /root/ruby-3.4.1/build/ruby at c123cb
Unexpected file number 9 in /root/ruby-3.4.1/build/ruby at c123cb
Unexpected file number 9 in /root/ruby-3.4.1/build/ruby at c123cb
Unexpected file number 28 in /root/ruby-3.4.1/build/ruby at ccbec4
Unexpected file number 39 in /root/ruby-3.4.1/build/ruby at d3ca76
Unexpected file number 36 in /root/ruby-3.4.1/build/ruby at d502b9
Unexpected file number 41 in /root/ruby-3.4.1/build/ruby at d502b9
Unexpected file number 41 in /root/ruby-3.4.1/build/ruby at d502b9
Unexpected file number 61 in /root/ruby-3.4.1/build/ruby at d502b9
Unexpected file number 41 in /root/ruby-3.4.1/build/ruby at d502b9
Unexpected file number 41 in /root/ruby-3.4.1/build/ruby at d502b9
Unexpected file number 83 in /root/ruby-3.4.1/build/ruby at d502b9
Unexpected file number 41 in /root/ruby-3.4.1/build/ruby at d502b9
Unexpected file number 41 in /root/ruby-3.4.1/build/ruby at d502b9
Unexpected file number 43 in /root/ruby-3.4.1/build/ruby at d502b9
Unexpected file number 31 in /root/ruby-3.4.1/build/ruby at d502b9
Unexpected file number 32 in /root/ruby-3.4.1/build/ruby at d502b9
Unexpected file number 32 in /root/ruby-3.4.1/build/ruby at d502b9
Unexpected file number 32 in /root/ruby-3.4.1/build/ruby at d502b9
Unexpected file number 32 in /root/ruby-3.4.1/build/ruby at d502b9
Unexpected file number 32 in /root/ruby-3.4.1/build/ruby at d502b9
Unexpected file number 32 in /root/ruby-3.4.1/build/ruby at d502b9
Unexpected file number 32 in /root/ruby-3.4.1/build/ruby at d502b9
Unexpected file number 32 in /root/ruby-3.4.1/build/ruby at d502b9
Unexpected file number 32 in /root/ruby-3.4.1/build/ruby at d502b9
Unexpected file number 32 in /root/ruby-3.4.1/build/ruby at d502b9
Unexpected file number 32 in /root/ruby-3.4.1/build/ruby at d502b9
Unexpected file number 32 in /root/ruby-3.4.1/build/ruby at d502b9
Unexpected file number 32 in /root/ruby-3.4.1/build/ruby at d502b9
Unexpected file number 32 in /root/ruby-3.4.1/build/ruby at d502b9
Unexpected file number 32 in /root/ruby-3.4.1/build/ruby at d502b9
Unexpected file number 32 in /root/ruby-3.4.1/build/ruby at d502b9
Unexpected file number 32 in /root/ruby-3.4.1/build/ruby at d502b9
Unexpected file number 32 in /root/ruby-3.4.1/build/ruby at d502b9
Unexpected file number 32 in /root/ruby-3.4.1/build/ruby at d502b9
Unexpected file number 32 in /root/ruby-3.4.1/build/ruby at d502b9
Unexpected file number 32 in /root/ruby-3.4.1/build/ruby at d502b9
Unexpected file number 32 in /root/ruby-3.4.1/build/ruby at d502b9
Unexpected file number 32 in /root/ruby-3.4.1/build/ruby at d502b9
Unexpected file number 32 in /root/ruby-3.4.1/build/ruby at d502b9
Unexpected file number 31 in /root/ruby-3.4.1/build/ruby at d502b9
/root/ruby-3.4.1/build/ruby(rb_print_backtrace+0x36) [0x7220422] ../vm_dump.c:823
/root/ruby-3.4.1/build/ruby(rb_profile_frame_full_label) (null):0
/root/ruby-3.4.1/build/ruby(udiv128by64to64) /cheriv9/src/output/rootfs-riscv64-purecap/usr/include/
sys/_types.h:93
/root/ruby-3.4.1/build/ruby(rb_vm_bugreport+0x756) [0x7221210] ../vm_dump.c:1155
/root/ruby-3.4.1/build/ruby(udiv128by64to64default) (null):0
/root/ruby-3.4.1/build/ruby(udiv128by64to64) /cheriv9/src/output/rootfs-riscv64-purecap/usr/include/
sys/_types.h:93
/root/ruby-3.4.1/build/ruby(rb_bug_without_die_internal+0x188) [0x3527640] ../error.c:1097
/root/ruby-3.4.1/build/ruby(rb_iseq_compile_node) (null):0
/root/ruby-3.4.1/build/ruby(rb_bug+0x42) [0x3527714] ../error.c:1115
/root/ruby-3.4.1/build/ruby(rb_iseq_compile_node) (null):0
/root/ruby-3.4.1/build/ruby(pack_pack+0x3584) [0x5350764] ../pack.c:552
/root/ruby-3.4.1/build/ruby(rb_str_init) (null):0
/root/ruby-3.4.1/build/ruby(builtin_invoker2+0x46) [0x7149446] ../vm_insnhelper.c:7268
/root/ruby-3.4.1/build/ruby(udiv128by64to64default) (null):0
/root/ruby-3.4.1/build/ruby(udiv128by64to64) /cheriv9/src/output/rootfs-riscv64-purecap/usr/include/
sys/_types.h:93
/root/ruby-3.4.1/build/ruby(invoke_bf+0x114) [0x7149270] ../vm_insnhelper.c:7395
/root/ruby-3.4.1/build/ruby(udiv128by64to64default) (null):0
/root/ruby-3.4.1/build/ruby(udiv128by64to64) /cheriv9/src/output/rootfs-riscv64-purecap/usr/include/
sys/_types.h:93
/root/ruby-3.4.1/build/ruby(vm_invoke_builtin_delegate+0x130) [0x7141318] ../vm_insnhelper.c:7423
/root/ruby-3.4.1/build/ruby(udiv128by64to64default) (null):0
/root/ruby-3.4.1/build/ruby(udiv128by64to64) /cheriv9/src/output/rootfs-riscv64-purecap/usr/include/
sys/_types.h:93
In-address space security exception (core dumped)
root@cheribsd-riscv64-purecap:~/ruby-3.4.1/build #
