[  396/24720] TestGemCommandsUpdateCommand#test_execute_named_up_to_date_prerelease = 0.96 s
[  397/24720] TestGemCommandsUpdateCommand#test_execute_up_to_date = 0.96 s
[  398/24720] TestGemCommandsUpdateCommand#test_fetch_remote_gems = 0.97 s
[  399/24720] TestGemCommandsUpdateCommand#test_fetch_remote_gems_mismatch = 0.98 s
[  400/24720] TestGemCommandsUpdateCommand#test_execute_named_not_installed_and_no_update = 0.96 s
[  401/24720] TestGemCommandsUpdateCommand#test_execute_system_silent = 0.96 s
[  402/24720] TestGemCommandsUpdateCommand#test_execute_dependencies = 0.96 s
[  403/24720] TestGemCommandsUpdateCommand#test_update_gem_unresolved_dependency = 0.96 s
[  404/24720] TestGemCommandsUpdateCommand#test_handle_options_system_non_version = 0.96 s
[  405/24720] Test_Load_stringify_symbols#test_load_stringify_symbol_statically_linked = 0.53 s
[  406/24720] Test_Load_stringify_symbols#test_load_stringify_symbol_missing_target = 0.38 s
[  407/24720] Test_Load_stringify_symbols#test_load_stringify_symbol_required_extensions = 0.20 s
[  408/24720] TestSocket_BasicSocket#test_close_write = 0.08 s
[  409/24720] TestSocket_BasicSocket#test_listen = 0.01 s
[  410/24720] TestSocket_BasicSocket#test_getsockopt = 0.02 s
[  411/24720] TestSocket_BasicSocket#test_write_nonblock_buffered = 0.05 s
[  412/24720] TestSocket_BasicSocket#test_read_write_nonblock = 0.08 s
[  413/24720] TestSocket_BasicSocket#test_for_fd = 0.02 s
[  414/24720] TestSocket_BasicSocket#test_close_read = 0.05 s
[  415/24720] TestSocket_BasicSocket#test_setsockopt = 0.02 s
[  416/24720] TestSocket_BasicSocket#test_read_nonblock_mix_buffered = 0.05 s
[  417/24720] TestProc#test_compose_with_multiple_args = 0.01 s
[  418/24720] TestProc#test_method_to_proc = 0.02 s
[  419/24720] TestProc#test_compose = 0.01 s
[  420/24720] TestProc#test_proc_args_rest_kwsplat = 0.01 s
[  421/24720] TestProc#test_binding = 0.03 s
[  422/24720] TestProc#test_hash_uniqueness = 1.55 s
[  423/24720] TestProc#test_proc_location = 0.02 s
[  424/24720] TestProc#test_proc_args_opt_post = 0.02 s
[  425/24720] TestProc#test_parameters_lambda = 0.05 s
[  426/24720] TestProc#test_local_variables_nested = 0.01 s
[  427/24720] TestProc#test_proc_args_opt_rest_post = 0.02 s
[  428/24720] TestProc#test_compose_with_callable = 0.01 s
[  429/24720] TestProc#test_lambda_warning_pass_block = 0.01 s
[  430/24720] TestProc#test_compose_with_block = 0.01 s
[  431/24720] TestProc#test_proc_args_opt_block = 0.03 s
[  432/24720] TestProc#test_local_variable_set_wb = 55.07 s
[  433/24720] TestProc#test_block_propagation = 0.02 s
[  434/24720] TestProc#test_hash_does_not_change_after_compaction = 35.65 s
[  435/24720] TestProc#test_overridden_lambda = 7.51 s
[  436/24720] TestProc#test_overridden_proc = 7.50 s
[  437/24720] TestProc#test_proc_autosplat = 0.03 s
[  438/24720] TestProc#test_curry_lambda = 0.04 s
[  439/24720] TestProc#test_proc_single_arg_with_keywords_accepted_and_yielded = 0.02 s
[  440/24720] TestProc#test_proc_args_rest = 0.03 s
[  441/24720] TestProc#test_compose_with_noncallable = 0.02 s
[  442/24720] TestProc#test_proc_args_pos_opt_rest_post = 0.04 s
[  443/24720] TestProc#test_curry_ski_fib = 0.53 s
[  444/24720] TestProc#test_orphan_break = 0.02 s
[  445/24720] TestProc#test_curry_lambda_splat = 0.22 s
[  446/24720] TestProc#test_local_variables = 0.01 s
[  447/24720] TestProc#test_proc_args_plain = 0.02 s
[  448/24720] TestProc#test_not_orphan_next = 0.02 s
[  449/24720] TestProc#test_curry_instance_exec = 0.01 s
[  450/24720] TestProc#test_dup_ifunc_proc_bug_20950 = 35.20 s
[  451/24720] TestProc#test_proc_args_opt_single = 0.02 s
[  452/24720] TestProc#test_proc_args_pos_opt_rest_post_block = 0.05 s
[  453/24720] TestProc#test_parameters = 0.23 s
[  454/24720] TestProc#test_proc_args_opt_rest_post_block = 0.05 s
[  455/24720] TestProc#test_proc_args_pos_opt = 0.02 s
[  456/24720] TestProc#test_block_given_method = 0.01 s
[  457/24720] TestProc#test_dup_subclass = 0.02 s
[  458/24720] TestProc#test_proc_args_opt = 0.02 s
[  459/24720] TestProc#test_proc_mark = 29.09 s
[  460/24720] TestProc#test_lambda_warning_pass_proc = 0.01 s
[  461/24720] TestProc#test_curry_proc = 0.02 s
[  462/24720] TestProc#test_block_source_location = 0.02 s
[  463/24720] TestProc#test_proc_args_rest_post_block = 0.14 s
[  464/24720] TestProc#test_proc_args_pos_opt_block = 0.03 s
[  465/24720] TestProc#test_compose_with_method = 0.02 s
[  466/24720] TestProc#test_binding_error_unless_ruby_frame = 0.02 s
[  467/24720] TestProc#test_local_variable_set = 0.02 s
[  468/24720] TestProc#test_localjump_error = 0.01 s
[  469/24720] TestProc#test_to_proc = 0.01 s
[  470/24720] TestProc#test_eq = 0.01 s
[  471/24720] TestProc#test_refined_call = 2.35 s
[  472/24720] TestProc#test_local_variable_get = 0.02 s
[  473/24720] TestProc#test_attr_source_location = 0.03 s
[  474/24720] TestProc#test_proc_args_pos_opt_rest = 0.02 s
[  475/24720] TestProc#test_proc_args_multiple_kw_autosplat = 0.11 s
[  476/24720] TestProc#test_proc_autosplat_with_multiple_args_with_ruby2_keywords_splat_bug_19759 =
0.02 s
[  477/24720] TestProc#test_binding_receiver = 0.01 s
[  478/24720] TestProc#test_arity2 = 0.02 s
[  479/24720] TestProc#test_local_variables_in_other_context = 0.01 s
[  480/24720] TestProc#test_proc_args_single_kwsplat_no_autosplat = 0.02 s
[  481/24720] TestProc#test_proc_args_rest_kw = 0.01 s
[  482/24720] TestProc#test_block_given_method_to_proc = 0.01 s
[  483/24720] TestProc#test_proc_args_opt_rest = 0.02 s
[  484/24720] TestProc#test_proc_args_pos_rest_post = 0.03 s
[  485/24720] TestProc#test_orphan_return = 0.02 s
[  486/24720] TestProc#test_proc_args_pos_unleashed = 0.01 s
[  487/24720] TestProc#test_curry_optional_params = 0.01 s
[  488/24720] TestProc#test_hash_equal = 0.01 s
[  489/24720] TestProc#test_prepended_call = 2.34 s
[  490/24720] TestProc#test_proc_args_pos_opt_rest_block = 0.04 s
[  491/24720] TestProc#test_local_variable_defined? = 0.01 s
[  492/24720] TestProc#test_to_s = 0.03 s
[  493/24720] TestProc#test_lambda? = 0.02 s
[  494/24720] TestProc#test_block_par = 0.01 s
[  495/24720] TestProc#test_clone_subclass = 0.01 s
[  496/24720] TestProc#test_curry_with_trace = 12.51 s
[  497/24720] TestProc#test_curry_given_blocks = 0.01 s
[  498/24720] TestProc#test_dup_clone = 0.02 s
[  499/24720] TestProc#test_proc_args_opt_rest_block = 0.04 s
[  500/24720] TestProc#test_block_persist_between_calls = 0.01 s
[  501/24720] TestProc#test_proc_args_rest_block = 0.02 s
[  502/24720] TestProc#test_curry_no_arguments = 0.01 s
[  503/24720] TestProc#test_proc_args_only_rest = 0.01 s
[  504/24720] TestProc#test_proc_args_multiple_kwsplat_autosplat = 0.02 s
[  505/24720] TestProc#test_proc_args_opt_post_block = 0.04 s
[  506/24720] TestProc#test_proc_args_pos_rest_post_block = 0.04 s
[  507/24720] TestProc#test_proc_args_rest_post = 0.03 s
[  508/24720] TestProc#test_proc = 0.02 s
[  509/24720] TestProc#test_curry_proc_splat = 0.02 s
[  510/24720] TestProc#test_proc_args_pos_rest_block = 0.03 s
[  511/24720] TestProc#test_proc_lambda = 0.03 s
[  512/24720] TestProc#test_curry_passed_block = 0.01 s
[  513/24720] TestProc#test_compose_with_lambda = 0.01 s
[  514/24720] TestProc#test_proc_args_pos_opt_post = 0.02 s
[  515/24720] TestProc#test_proc_args_pos_block = 0.03 s
[  516/24720] TestProc#test_curry_binding = 0.01 s
[  517/24720] TestProc#test_arity = 0.07 s
[  518/24720] TestProc#test_proc_args_single_kw_no_autosplat = 0.02 s
[  519/24720] TestProc#test_splat_without_respond_to = 0.01 s
[  520/24720] TestProc#test_proc_args_pos_opt_post_block = 0.04 s
[  521/24720] TestProc#test_binding_source_location = 0.01 s
[  522/24720] TestProc#test_bound_parameters = 0.04 s
[  523/24720] TestProc#test_source_location = 0.01 s
[  524/24720] TestDigest::TestSHA384#test_instance_eval = 0.01 s
[  525/24720] TestDigest::TestSHA384#test_bubblebabble = 0.01 s
[  526/24720] TestDigest::TestSHA384#test_update = 0.01 s
[  527/24720] TestDigest::TestSHA384#test_s_hexdigest = 0.01 s
[  528/24720] TestDigest::TestSHA384#test_bubblebabble_class = 0.01 s
[  529/24720] TestDigest::TestSHA384#test_alignment = 0.01 s
[  530/24720] TestDigest::TestSHA384#test_s_base64digest = 0.02 s
[  531/24720] TestDigest::TestSHA384#test_eq = 0.02 s
[  532/24720] TestDigest::TestSHA384#test_s_new = 0.01 s
[  533/24720] TestDigest::TestSHA384#test_s_digest = 0.01 s
[  534/24720] TestDigest::TestSHA384#test_bubblebabble_instance = 0.01 s
[  535/24720] TestDigest::TestSHA384#test_s_file = 0.03 s
[  536/24720] TestDateConv#test_to_time_to_date_roundtrip__from_julian_date = 0.02 s
[  537/24720] TestDateConv#test_to_date__from_datetime = 0.02 s
[  538/24720] TestDateConv#test_to_datetime__from_datetime = 0.02 s
[  539/24720] TestDateConv#test_to_time__from_datetime = 0.05 s
[  540/24720] TestDateConv#test_to_datetime__from_time = 0.02 s
[  541/24720] TestDateConv#test_to_date__from_date = 0.01 s
[  542/24720] TestDateConv#test_to_time__from_time = 0.02 s
[  543/24720] TestDateConv#test_to_date__from_time = 0.01 s
[  544/24720] TestDateConv#test_to_class = 0.02 s
[  545/24720] TestDateConv#test_to_time_to_date_roundtrip__from_gregorian_date = 0.01 s
[  546/24720] TestDateConv#test_to_time__from_date = 0.01 s
[  547/24720] TestDateConv#test_to_datetime__from_date = 0.01 s
[  548/24720] TestGemResolverDependencyRequest#test_matches_spec_eh = 0.52 s
[  549/24720] TestGemResolverDependencyRequest#test_match_eh_prerelease_allow_prerelease = 0.51 s
[  550/24720] TestGemResolverDependencyRequest#test_development_eh = 0.49 s
[  551/24720] TestGemResolverDependencyRequest#test_match_eh_prerelease = 0.51 s
[  552/24720] TestGemResolverDependencyRequest#test_match_eh = 0.51 s
[  553/24720] TestGemResolverDependencyRequest#test_requirement = 0.50 s
[  554/24720] TestGemResolverDependencyRequest#test_matches_spec_eh_prerelease = 0.50 s
[  555/24720] HTTPRequestTest#test_initialize_GET = 0.03 s
[  556/24720] HTTPRequestTest#test_initialize_GET_range = 0.02 s
[  557/24720] HTTPRequestTest#test_header_set = 0.01 s
[  558/24720] HTTPRequestTest#test_initialize_accept_encoding = 0.02 s
[  559/24720] HTTPRequestTest#test_initialize_HEAD = 0.02 s
[  560/24720] HTTPRequestTest#test_initialize_GET_uri = 0.05 s
[  561/24720] TestParse#test_method_block_location = 0.03 s
[  562/24720] TestParse#test_unexpected_token_error = 0.03 s
[  563/24720] TestParse#test_pow_asgn = 0.01 s
[  564/24720] TestParse#test_command_def_cmdarg = 0.02 s
[  565/24720] TestParse#test_op_asgn1_with_block = 0.06 s
[  566/24720] TestParse#test_arg = 0.03 s
[  567/24720] TestParse#test_dstr_disallowed_variable = 0.04 s
[  568/24720] TestParse#test_rescue_in_command_assignment = 0.06 s
[  569/24720] TestParse#test_symbol = 0.15 s
[  570/24720] TestParse#test_float = 0.07 s
[  571/24720] TestParse#test_shareable_constant_value_nonliteral = 0.04 s
[  572/24720] TestParse#test_heredoc_interpolation = 0.01 s
[  573/24720] TestParse#test_shareable_constant_value_simple = 0.04 s
[  574/24720] TestParse#test_parse_string = 0.03 s
[  575/24720] TestParse#test_unclosed_unicode_escape_at_eol_bug_19750 = 8.98 s
[  576/24720] TestParse#test_carrige_return = 0.01 s
[  577/24720] TestParse#test_unassignable = 0.24 s
[  578/24720] TestParse#test_parsing_begin_statement_inside_method_definition = 0.05 s
[  579/24720] TestParse#test_unexpected_eof = 0.04 s
[  580/24720] TestParse#test_set_backref = 0.03 s
[  581/24720] TestParse#test_heredoc_unterminated_interpolation = 0.04 s
[  582/24720] TestParse#test_location_of_invalid_token = 0.03 s
[  583/24720] TestParse#test_if_after_class = 0.03 s
[  584/24720] TestParse#test_arg2 = 0.10 s
[  585/24720] TestParse#test_no_blockarg = 0.03 s
[  586/24720] TestParse#test_block_variable = 0.02 s
[  587/24720] TestParse#test_else_without_rescue = 0.04 s
[  588/24720] TestParse#test_invalid_char = 2.35 s
[  589/24720] TestParse#test_invalid_instance_variable = 0.06 s
[  590/24720] TestParse#test_invalid_class_variable = 0.06 s
[  591/24720] TestParse#test_literal_in_conditional = 0.04 s
[  592/24720] TestParse#test_bad_arg = 0.14 s
[  593/24720] TestParse#test_file_in_indented_heredoc = 0.01 s
[  594/24720] TestParse#test_words = 0.03 s
[  595/24720] TestParse#test_void_value_in_rhs = 0.29 s
[  596/24720] TestParse#test_shareable_constant_value_unfrozen = 0.03 s
[  597/24720] TestParse#test_class_module = 0.07 s
[  598/24720] TestParse#test_question = 0.44 s
[  599/24720] TestParse#test_cdmarg_after_command_args_and_tlbrace_arg = 0.02 s
[  600/24720] TestParse#test_named_capture_in_block = 0.06 s
[  601/24720] TestParse#test_utf8_bom = 0.02 s
[  602/24720] TestParse#test_shareable_constant_value_nested = 0.02 s
[  603/24720] TestParse#test_unused_variable = 0.07 s
[  604/24720] TestParse#test_dstr = 0.01 s
[  605/24720] TestParse#test_shareable_constant_value_hash_with_keyword_splat = 0.02 s
[  606/24720] TestParse#test_mlhs_node = 0.02 s
[  607/24720] TestParse#test_duplicate_argument = 0.09 s
[  608/24720] TestParse#test_dsym = 0.01 s
[  609/24720] TestParse#test_nonascii_constant = 0.47 s
[  610/24720] TestParse#test_string = 0.75 s
[  611/24720] TestParse#test_disallowed_class_variable = 0.23 s
[  612/24720] TestParse#test_unterminated_regexp_error = 0.04 s
[  613/24720] TestParse#test_block_call_colon2 = 0.02 s
[  614/24720] TestParse#test_escaped_space = 0.08 s
[  615/24720] TestParse#test_error_line = 0.11 s
[  616/24720] TestParse#test_serial_comparison = 0.02 s
[  617/24720] TestParse#test_assign_in_conditional = 17.91 s
[  618/24720] TestParse#test_block_dup = 0.10 s
[  619/24720] TestParse#test_dynamic_constant_assignment = 0.22 s
[  620/24720] TestParse#test_eof_in_def = 0.14 s
[  621/24720] TestParse#test_embedded_rd_error = 0.16 s
[  622/24720] TestParse#test_global_variable = 0.15 s
[  623/24720] TestParse#test_define_singleton_error = 0.20 s
[  624/24720] TestParse#test_do_lambda = 0.02 s
[  625/24720] TestParse#test_magic_comment = 0.10 s
[  626/24720] TestParse#test_literal_concat = 0.01 s
[  627/24720] TestParse#test_label = 0.14 s
[  628/24720] TestParse#test_xstring = 0.28 s
[  629/24720] TestParse#test_eof = 0.07 s
[  630/24720] TestParse#test_shadowing_private_local_variable = 0.02 s
[  631/24720] TestParse#test_named_capture_conflict = 0.03 s
[  632/24720] TestParse#test_op_name = 0.01 s
[  633/24720] TestParse#test_no_shadowing_variable_warning = 0.02 s
[  634/24720] TestParse#test_whitespace_warning = 0.33 s
[  635/24720] TestParse#test_here_document = 0.32 s
[  636/24720] TestParse#test_lparenarg = 0.02 s
[  637/24720] TestParse#test_alias_backref = 0.09 s
[  638/24720] TestParse#test_void_expr_stmts_value = 0.22 s
[  639/24720] TestParse#test_dot_in_next_line = 0.01 s
[  640/24720] TestParse#test_call_method = 0.07 s
[  641/24720] TestParse#test_backquote = 0.03 s
[  642/24720] TestParse#test_negative_line_number = 0.02 s
[  643/24720] TestParse#test_method_location_in_rescue = 0.01 s
[  644/24720] TestParse#test_error_def_in_argument = 9.06 s
[  645/24720] TestParse#test_embedded_rd = 0.02 s
[  646/24720] TestParse#test_disallowed_gloal_variable = 0.22 s
[  647/24720] TestParse#test_shareable_constant_value_ignored = 0.02 s
[  648/24720] TestParse#test_command_call = 0.27 s
[  649/24720] TestParse#test_percent = 0.47 s
[  650/24720] TestParse#test_truncated_source_line = 0.14 s
[  651/24720] TestParse#test_shareable_constant_value_literal_const_refs = 0.02 s
[  652/24720] TestParse#test_shareable_constant_value_invalid = 0.02 s
[  653/24720] TestParse#test_disallowed_instance_variable = 0.16 s
[  654/24720] TestParse#test_shareable_constant_value_unshareable_literal = 35.95 s
[  655/24720] TestParse#test_ungettable_gvar = 0.12 s
[  656/24720] TestParse#test_nonascii_const_set = 0.78 s
[  657/24720] TestParse#test_yyerror_at_eol = 0.21 s
[  658/24720] TestParse#test_unexpected_token_after_numeric = 0.71 s
[  659/24720] TestParse#test_flip_flop = 0.22 s
[  660/24720] TestRDocGeneratorMarkup#test_as_href = 0.30 s
[  661/24720] TestRDocGeneratorMarkup#test_aref_to = 0.03 s
[  662/24720] TestRDocGeneratorMarkup#test_description = 0.82 s
[  663/24720] TestRDocGeneratorMarkup#test_cvs_url = 0.03 s
[  664/24720] TestRDocGeneratorMarkup#test_formatter = 0.04 s
[  665/24720] TestGemResolverVendorSet#test_find_all = 0.63 s
[  666/24720] TestGemResolverVendorSet#test_find_all_prerelease = 0.57 s
[  667/24720] TestGemResolverVendorSet#test_add_vendor_gem_missing = 0.54 s
[  668/24720] TestGemResolverVendorSet#test_load_spec = 0.49 s
[  669/24720] TestGemResolverVendorSet#test_add_vendor_gem = 0.57 s
[  670/24720] TestIRB::CwwsTest#test_cwws_returns_the_current_workspace_object = 0.21 s
[  671/24720] PPTestModule::PPSingleLineTest#test_hash = 0.18 s
[  672/24720] PPTestModule::PPSingleLineTest#test_hash_in_array = 0.02 s
[  673/24720] PPTestModule::PPSingleLineTest#test_hash_symbol_colon_key = 0.14 s
[  674/24720] TestIRB::IrbIOConfigurationTest::AutoIndentationTest#test_incomplete_coding_magic_comm
ent = 0.10 s
[  675/24720] TestIRB::IrbIOConfigurationTest::AutoIndentationTest#test_corresponding_syntax_to_keyw
ord_do = 39.38 s
[  676/24720] TestIRB::IrbIOConfigurationTest::AutoIndentationTest#test_do_corresponding_to_times =
0.69 s
[  677/24720] TestIRB::IrbIOConfigurationTest::AutoIndentationTest#test_embdoc_indent = 2.25 s
[  678/24720] TestIRB::IrbIOConfigurationTest::AutoIndentationTest#test_bracket_corresponding_to_tim
es = 0.69 s
[  679/24720] TestIRB::IrbIOConfigurationTest::AutoIndentationTest#test_typing_incomplete_include_in
terpreted_as_keyword_in = 0.66 s
[  680/24720] TestIRB::IrbIOConfigurationTest::AutoIndentationTest#test_braces_on_their_own_line = 0
.48 s
[  681/24720] TestIRB::IrbIOConfigurationTest::AutoIndentationTest#test_oneliner_def_in_multiple_lin
es = 0.86 s
[  682/24720] TestIRB::IrbIOConfigurationTest::AutoIndentationTest#test_symbols = 1.23 s
[  683/24720] TestIRB::IrbIOConfigurationTest::AutoIndentationTest#test_incomplete_emacs_coding_magi
c_comment = 0.07 s
[  684/24720] TestIRB::IrbIOConfigurationTest::AutoIndentationTest#test_oneliner_method_definition =
 10.11 s
[  685/24720] TestIRB::IrbIOConfigurationTest::AutoIndentationTest#test_do_corresponding_to_loop = 0
.44 s
[  686/24720] TestIRB::IrbIOConfigurationTest::AutoIndentationTest#test_incomplete_vim_coding_magic_
comment = 0.07 s
[  687/24720] TestIRB::IrbIOConfigurationTest::AutoIndentationTest#test_broken_heredoc = 0.48 s
[  688/24720] TestIRB::IrbIOConfigurationTest::AutoIndentationTest#test_multiple_braces_in_a_line =
1.02 s
[  689/24720] TestIRB::IrbIOConfigurationTest::AutoIndentationTest#test_mixed_rescue = 7.20 s
[  690/24720] TestIRB::IrbIOConfigurationTest::AutoIndentationTest#test_corresponding_syntax_to_keyw
ord_do_in_class = 2.31 s
[  691/24720] TestIRB::IrbIOConfigurationTest::AutoIndentationTest#test_corresponding_syntax_to_keyw
ord_for = 0.70 s
[  692/24720] TestIRB::IrbIOConfigurationTest::AutoIndentationTest#test_heredoc_with_indent = 1.59 s
[  693/24720] TestIRB::IrbIOConfigurationTest::AutoIndentationTest#test_incomplete_encoding_magic_co
mment = 0.08 s
[  694/24720] TestIRB::IrbIOConfigurationTest::AutoIndentationTest#test_heredoc_keep_indent_spaces =
 0.49 s
[  695/24720] TestIRB::IrbIOConfigurationTest::AutoIndentationTest#test_tlambda = 0.78 s
[  696/24720] TestIRB::IrbIOConfigurationTest::AutoIndentationTest#test_bracket_corresponding_to_loo
p = 0.49 s
[  697/24720] TestIRB::IrbIOConfigurationTest::AutoIndentationTest#test_pasted_code_keep_base_indent
_spaces = 7.55 s
[  698/24720] TestIRB::IrbIOConfigurationTest::AutoIndentationTest#test_pasted_code_keep_base_indent
_spaces_with_heredoc = 16.18 s
[  699/24720] TestIRB::IrbIOConfigurationTest::AutoIndentationTest#test_corresponding_syntax_to_keyw
ord_for_with_do = 0.75 s
[  700/24720] TestIRB::IrbIOConfigurationTest::AutoIndentationTest#test_auto_indent = 31.82 s
[  701/24720] TestIRB::IrbIOConfigurationTest::AutoIndentationTest#test_a_closed_brace_and_not_close
d_brace_in_a_line = 0.22 s
[  702/24720] TestFuncall#test_funcall_extra_args = 0.01 s
[  703/24720] TestFuncall#test_with_funcall2 = 0.01 s
[  704/24720] TestFuncall#test_with_yield_splat_kw = 0.02 s
[  705/24720] TestFuncall#test_with_funcall_passing_block = 0.01 s
[  706/24720] TestFuncall#test_with_funcallv_public_kw = 0.02 s
[  707/24720] TestFuncall#test_with_funcall_passing_block_kw = 0.02 s
[  708/24720] TestGemCommandsSigninCommand#test_execute_when_not_already_signed_in_and_not_preexisti
ng_credentials_folder = 1.01 s
[  709/24720] TestGemCommandsSigninCommand#test_execute_with_key_name_custom_scope_and_mfa_level_of_
gem_signin = 0.96 s
[  710/24720] TestGemCommandsSigninCommand#test_execute_when_not_already_signed_in = 0.90 s
[  711/24720] TestGemCommandsSigninCommand#test_execute_on_gemserver_without_profile_me_endpoint = 0
.91 s
[  712/24720] TestGemCommandsSigninCommand#test_execute_with_key_name_and_exclusive_scope = 0.92 s
[  713/24720] TestGemCommandsSigninCommand#test_execute_with_warnings = 0.90 s
[  714/24720] TestGemCommandsSigninCommand#test_execute_with_host_supplied = 0.90 s
[  715/24720] TestGemCommandsSigninCommand#test_execute_when_already_signed_in_with_different_host =
 0.96 s
[  716/24720] TestGemCommandsSigninCommand#test_execute_with_host_permanent_redirect = 0.86 s
[  717/24720] TestGemCommandsSigninCommand#test_execute_with_key_name_default_scope = 0.92 s
[  718/24720] TestGemCommandsSigninCommand#test_execute_with_key_name_and_custom_scope = 0.94 s
[  719/24720] TestGemCommandsSigninCommand#test_execute_with_key_name_custom_scope_and_mfa_level_of_
ui_only = 0.95 s
[  720/24720] TestGemCommandsSigninCommand#test_execute_when_already_signed_in_with_same_host = 0.95
 s
[  721/24720] TestGemCommandsSigninCommand#test_execute_with_valid_creds_set_for_default_host = 0.90
 s
[  722/24720] TestMkmfHaveFunc#test_have_func = 0.74 s
[  723/24720] TestMkmfHaveFunc#test_not_have_func = 0.31 s
[  724/24720] TestGemCommandsPushCommand#test_sending_gem_to_allowed_push_host_with_basic_credential
s = 1.11 s
[  725/24720] TestGemCommandsPushCommand#test_sending_when_default_host_disabled_with_override = 1.0
4 s
[  726/24720] TestGemCommandsPushCommand#test_sending_when_default_host_disabled = 1.05 s
[  727/24720] TestGemCommandsPushCommand#test_sending_gem_to_disallowed_push_host = 1.04 s
[  728/24720] TestGemCommandsPushCommand#test_sending_gem = 1.04 s
[  729/24720] TestGemCommandsPushCommand#test_sending_gem_with_no_local_creds = 1.04 s
[  730/24720] TestGemCommandsPushCommand#test_raises_error_with_no_arguments = 1.03 s
[  731/24720] TestGemCommandsPushCommand#test_execute = 1.04 s
[  732/24720] TestGemCommandsPushCommand#test_sending_gem_defaulting_to_allowed_push_host = 1.04 s
[  733/24720] TestGemCommandsPushCommand#test_with_webauthn_enabled_failure = 1.05 s
[  734/24720] TestGemCommandsPushCommand#test_sending_gem_key = 1.06 s
[  735/24720] TestGemCommandsPushCommand#test_otp_verified_success = 1.05 s
[  736/24720] TestGemCommandsPushCommand#test_sending_gem_with_env_var_api_key = 1.05 s
[  737/24720] TestGemCommandsPushCommand#test_execute_attestation = 1.05 s
[  738/24720] TestGemCommandsPushCommand#test_sending_gem_to_allowed_push_host = 1.05 s
[  739/24720] TestGemCommandsPushCommand#test_sending_gem_to_host_permanent_redirect = 1.05 s
[  740/24720] TestGemCommandsPushCommand#test_with_webauthn_enabled_success = 1.06 s
[  741/24720] TestGemCommandsPushCommand#test_with_webauthn_enabled_failure_with_polling = 1.05 s
[  742/24720] TestGemCommandsPushCommand#test_otp_verified_failure = 1.04 s
[  743/24720] TestGemCommandsPushCommand#test_with_webauthn_enabled_success_with_polling = 1.06 s
[  744/24720] TestGemCommandsPushCommand#test_sending_gem_to_metadata_host = 1.07 s
[  745/24720] TestGemCommandsPushCommand#test_sending_gem_denied = 1.11 s
[  746/24720] TestGemCommandsPushCommand#test_sending_gem_unathorized_api_key_with_mfa_enabled = 1.8
3 s
[  747/24720] TestGemCommandsPushCommand#test_execute_allowed_push_host = 1.04 s
[  748/24720] TestGemCommandsPushCommand#test_sending_gem_to_disallowed_default_host = 1.22 s
[  749/24720] TestGemCommandsPushCommand#test_execute_host = 1.03 s
[  750/24720] TestGemDependencyList#test_tsort_each_child = 0.65 s
[  751/24720] TestGemDependencyList#test_dependency_order_development = 0.64 s
[  752/24720] TestGemDependencyList#test_active_count = 0.55 s
[  753/24720] TestGemDependencyList#test_ok_to_remove_eh = 0.55 s
[  754/24720] TestGemDependencyList#test_why_not_ok_eh_old_dependency = 0.62 s
[  755/24720] TestGemDependencyList#test_ok_to_remove_eh_after_sibling_removed = 0.55 s
[  756/24720] TestGemDependencyList#test_ok_eh = 0.57 s
[  757/24720] TestGemDependencyList#test_find_name = 0.54 s
[  758/24720] TestGemDependencyList#test_tsort_each_node = 0.55 s
[  759/24720] TestGemDependencyList#test_ok_eh_redundant = 0.56 s
[  760/24720] TestGemDependencyList#test_ok_eh_mismatch = 0.63 s
[  761/24720] TestGemDependencyList#test_add = 0.56 s
[  762/24720] TestGemDependencyList#test_dependency_order = 0.57 s
[  763/24720] TestGemDependencyList#test_dependency_order_no_dependencies = 0.56 s
[  764/24720] TestGemDependencyList#test_dependency_order_diamond = 0.61 s
[  765/24720] TestGemDependencyList#test_why_not_ok_eh = 0.55 s
[  766/24720] TestGemDependencyList#test_dependency_order_circle = 0.56 s
[  767/24720] TestGemDependencyList#test_remove_by_name = 0.55 s
[  768/24720] TestMethodCache#test_undef_with_subclasses_complicated = 0.02 s
[  769/24720] TestMethodCache#test_negative_cache_with_and_without_subclasses = 0.02 s
[  770/24720] TestMethodCache#test_undef = 0.01 s
[  771/24720] TestMethodCache#test_undef_with_subclasses = 0.01 s
[  772/24720] TestGemInstallUpdateOptions#test_doc_no = 1.20 s
[  773/24720] TestGemInstallUpdateOptions#test_vendor = 1.16 s
[  774/24720] TestGemInstallUpdateOptions#test_minimal_deps_no = 1.14 s
[  775/24720] TestGemInstallUpdateOptions#test_security_policy_unknown = 1.69 s
[  776/24720] TestGemInstallUpdateOptions#test_build_root = 1.14 s
[  777/24720] TestGemInstallUpdateOptions#test_user_install_enabled = 0.93 s
[  778/24720] TestGemInstallUpdateOptions#test_user_install_disabled_read_only = 0.61 s
[  779/24720] TestGemInstallUpdateOptions#test_document = 1.14 s
[  780/24720] TestGemInstallUpdateOptions#test_document_rdoc = 1.16 s
[  781/24720] TestGemInstallUpdateOptions#test_doc_rdoc = 1.19 s
[  782/24720] TestGemInstallUpdateOptions#test_post_install_message_no = 1.14 s
[  783/24720] TestGemInstallUpdateOptions#test_add_install_update_options = 1.18 s
[  784/24720] TestGemInstallUpdateOptions#test_security_policy = 1.15 s
[  785/24720] TestGemInstallUpdateOptions#test_doc_rdoc_ri = 1.16 s
[  786/24720] TestGemInstallUpdateOptions#test_doc = 1.18 s
[  787/24720] TestGemInstallUpdateOptions#test_document_no = 1.15 s
[  788/24720] TestGemInstallUpdateOptions#test_post_install_message = 1.15 s
[  789/24720] TestGemInstallUpdateOptions#test_minimal_deps = 1.15 s
[  790/24720] TestGemInstallUpdateOptions#test_vendor_missing = 1.18 s
[  791/24720] TestMkmfHaveMacro#test_not_have_macro_header = 0.27 s
[  792/24720] TestMkmfHaveMacro#test_not_have_macro_opt = 0.25 s
[  793/24720] TestMkmfHaveMacro#test_have_macro_header = 0.26 s
[  794/24720] TestMkmfHaveMacro#test_have_macro_opt = 0.25 s
[  795/24720] TestOptionParserCClass#test_required_argument = 0.06 s
[  796/24720] TestOptionParserCClass#test_regexp = 0.01 s
[  797/24720] TestOptionParserCClass#test_order = 0.06 s
[  798/24720] TestOptionParserCClass#test_no_argument = 0.03 s
[  799/24720] TestOptionParserCClass#test_nonopt_pattern = 0.06 s
[  800/24720] TestOptionParserCClass#test_into = 0.14 s
[  801/24720] TestOptionParserCClass#test_exact_option = 0.40 s
[  802/24720] TestOptionParserCClass#test_require_exact = 0.39 s
[  803/24720] TestOptionParserCClass#test_permute = 0.07 s
[  804/24720] TestOptionParserCClass#test_raise_unknown = 0.11 s
[  805/24720] TestOptionParserCClass#test_help_pager = 12.46 s
[  806/24720] TestRDocMarkupParser#test_tokenize_lalpha = 0.06 s
[  807/24720] TestRDocMarkupParser#test_parse_bullet_multiline = 0.17 s
[  808/24720] TestRDocMarkupParser#test_parse_verbatim_ualpha = 0.09 s
[  809/24720] TestRDocMarkupParser#test_parse_trailing_cr = 0.03 s
[  810/24720] TestRDocMarkupParser#test_tokenize_note_not = 0.03 s
[  811/24720] TestRDocMarkupParser#test_parse_bullet_multiparagraph = 0.07 s
[  812/24720] TestRDocMarkupParser#test_parse_heading_heading = 0.03 s
[  813/24720] TestRDocMarkupParser#test_parse_bullet_indent_verbatim = 0.09 s
[  814/24720] TestRDocMarkupParser#test_parse_verbatim_heading = 0.04 s
[  815/24720] TestRDocMarkupParser#test_parse_label_bullet = 0.06 s
[  816/24720] TestRDocMarkupParser#test_parse_number_bullet = 0.07 s
[  817/24720] TestRDocMarkupParser#test_parse_paragraph_multiline = 0.04 s
[  818/24720] TestRDocMarkupParser#test_parse_heading_lalpha = 0.03 s
[  819/24720] TestRDocMarkupParser#test_tokenize_rule = 0.04 s
[  820/24720] TestRDocMarkupParser#test_parse_lists = 0.09 s
[  821/24720] TestRDocMarkupParser#test_parse_heading_label = 0.03 s
[  822/24720] TestRDocMarkupParser#test_tokenize_paragraphs = 0.04 s
[  823/24720] TestRDocMarkupParser#test_parse_verbatim_note = 0.04 s
[  824/24720] TestRDocMarkupParser#test_parse_heading = 0.03 s
[  825/24720] TestRDocMarkupParser#test_parse_list_list_1 = 0.08 s
[  826/24720] TestRDocMarkupParser#test_parse_verbatim_rule2 = 0.04 s
[  827/24720] TestRDocMarkupParser#test_tokenize_line_break = 0.04 s
[  828/24720] TestRDocMarkupParser#test_parse_heading_ualpha = 0.03 s
[  829/24720] TestRDocMarkupParser#test_parse_verbatim_dash = 0.04 s
[  830/24720] TestRDocMarkupParser#test_tokenize_ualpha = 0.04 s
[  831/24720] TestRDocMarkupParser#test_parse_note = 0.05 s
[  832/24720] TestRDocMarkupParser#test_parse_heading_note = 0.03 s
[  833/24720] TestRDocMarkupParser#test_parse_verbatim_merge2 = 0.06 s
[  834/24720] TestRDocMarkupParser#test_parse_verbatim_lalpha = 0.04 s
[  835/24720] TestRDocMarkupParser#test_parse_dash = 0.05 s
[  836/24720] TestRDocMarkupParser#test_parse_note_empty = 0.04 s
[  837/24720] TestRDocMarkupParser#test_tokenize_verbatim_heading = 0.04 s
[  838/24720] TestRDocMarkupParser#test_parse_bullet_heading = 0.04 s
[  839/24720] TestRDocMarkupParser#test_parse_heading_three = 0.03 s
[  840/24720] TestRDocMarkupParser#test_tokenize_verbatim_rule_fancy = 0.04 s
[  841/24720] TestRDocMarkupParser#test_parse_verbatim_merge = 0.06 s
[  842/24720] TestRDocMarkupParser#test_parse_verbatim_trim = 0.06 s
[  843/24720] TestRDocMarkupParser#test_parse_verbatim_markup_example = 0.05 s
[  844/24720] TestRDocMarkupParser#test_parse_bullet_utf_8 = 0.05 s
[  845/24720] TestRDocMarkupParser#test_tokenize_heading_heading = 0.03 s
[  846/24720] TestRDocMarkupParser#test_parse_note_note = 0.04 s
[  847/24720] TestRDocMarkupParser#test_tokenize_label_note = 0.03 s
[  848/24720] TestRDocMarkupParser#test_parse_block_quote = 0.10 s
[  849/24720] TestRDocMarkupParser#test_parse_heading_empty = 0.04 s
[  850/24720] TestRDocMarkupParser#test_tokenize_label = 0.04 s
[  851/24720] TestRDocMarkupParser#test_tokenize_label_newline_windows = 0.03 s
[  852/24720] TestRDocMarkupParser#test_parse_label = 0.05 s
[  853/24720] TestRDocMarkupParser#test_tokenize_note_newline_windows = 0.03 s
[  854/24720] TestRDocMarkupParser#test_tokenize_heading = 0.03 s
[  855/24720] TestRDocMarkupParser#test_parse_lalpha_ualpha = 0.07 s
[  856/24720] TestRDocMarkupParser#test_tokenize_heading_empty = 0.03 s
[  857/24720] TestRDocMarkupParser#test_parse_bullet = 0.05 s
[  858/24720] TestRDocMarkupParser#test_tokenize_heading_no_space = 0.03 s
[  859/24720] TestRDocMarkupParser#test_tokenize_note_utf_8 = 0.04 s
[  860/24720] TestRDocMarkupParser#test_parse_verbatim_fold = 0.06 s
[  861/24720] TestRDocMarkupParser#test_parse_verbatim_heading2 = 0.04 s
[  862/24720] TestRDocMarkupParser#test_parse_heading_bullet = 0.03 s
[  863/24720] TestRDocMarkupParser#test_parse_bullet_paragraph = 0.06 s
[  864/24720] TestRDocMarkupParser#test_parse_paragraph_verbatim = 0.05 s
[  865/24720] TestRDocMarkupParser#test_tokenize_number_period = 0.05 s
[  866/24720] TestRDocMarkupParser#test_tokenize_bullet = 0.03 s
[  867/24720] TestRDocMarkupParser#test_parse_lalpha_utf_8 = 0.04 s
[  868/24720] TestRDocMarkupParser#test_build_heading = 0.03 s
[  869/24720] TestRDocMarkupParser#test_tokenize_number_period_continue = 0.05 s
[  870/24720] TestRDocMarkupParser#test_parse_verbatim_bullet = 0.04 s
[  871/24720] TestRDocMarkupParser#test_tokenize_bullet_indent = 0.04 s
[  872/24720] TestRDocMarkupParser#test_parse_verbatim_multiline = 0.05 s
[  873/24720] TestRDocMarkupParser#test_get = 0.04 s
[  874/24720] TestRDocMarkupParser#test_parse_verbatim_label = 0.04 s
[  875/24720] TestRDocMarkupParser#test_parse_whitespace = 0.16 s
[  876/24720] TestRDocMarkupParser#test_parse_bullet_indent = 0.06 s
[  877/24720] TestRDocMarkupParser#test_tokenize_note = 0.04 s
[  878/24720] TestRDocMarkupParser#test_parse_verbatim = 0.05 s
[  879/24720] TestRDocMarkupParser#test_parse_label_newline = 0.05 s
[  880/24720] TestRDocMarkupParser#test_tokenize_line_break_long = 0.04 s
[  881/24720] TestRDocMarkupParser#test_tokenize_line_break_no_short = 0.04 s
[  882/24720] TestRDocMarkupParser#test_parse_list_list_2 = 0.06 s
[  883/24720] TestRDocMarkupParser#test_parse_bullet_verbatim_heading = 0.05 s
[  884/24720] TestRDocMarkupParser#test_skip = 0.05 s
[  885/24720] TestRDocMarkupParser#test_tokenize_rule_windows = 0.03 s
[  886/24720] TestRDocMarkupParser#test_unget = 0.04 s
[  887/24720] TestRDocMarkupParser#test_parse_verbatim_number = 0.04 s
[  888/24720] TestRDocMarkupParser#test_tokenize_label_newline = 0.03 s
[  889/24720] TestRDocMarkupParser#test_verbatim_normalize = 0.03 s
[  890/24720] TestRDocMarkupParser#test_parse_verbatim_multilevel = 0.05 s
[  891/24720] TestRDocMarkupParser#test_parse_ualpha = 0.05 s
[  892/24720] TestRDocMarkupParser#test_tokenize_verbatim_rule = 0.03 s
[  893/24720] TestRDocMarkupParser#test_tokenize_note_empty = 0.03 s
[  894/24720] TestRDocMarkupParser#test_parse_rule = 0.07 s
[  895/24720] TestRDocMarkupParser#test_parse_paragraph = 0.04 s
[  896/24720] TestRDocMarkupParser#test_parse_lalpha = 0.05 s
[  897/24720] TestRDocMarkupParser#test_tokenize_number = 0.04 s
[  898/24720] TestRDocMarkupParser#test_parse_heading_number = 0.03 s
[  899/24720] TestRDocMarkupParser#test_parse_verbatim_rule = 0.05 s
[  900/24720] TestRDocMarkupParser#test_parse_label_multi_line = 0.05 s
[  901/24720] TestRDocMarkupParser#test_parse_line_break = 0.04 s
[  902/24720] TestRDocMarkupParser#test_peek_token = 0.04 s
[  903/24720] TestRDocMarkupParser#test_tokenize_note_newline = 0.03 s
[  904/24720] TestRDocMarkupParser#test_parse_label_multi_label = 0.04 s
[  905/24720] TestRDocMarkupParser#test_parse_list_verbatim = 0.06 s
[  906/24720] TestAlias#test_alias_inspect = 0.04 s
[  907/24720] TestAlias#test_zsuper_alias_visibility = 0.01 s
[  908/24720] TestAlias#test_cyclic_zsuper = 0.02 s
[  909/24720] TestAlias#test_alias_in_module = 8.79 s
[  910/24720] TestAlias#test_alias = 0.03 s
[  911/24720] TestAlias#test_alias_method_equation = 0.01 s
[  912/24720] TestAlias#test_send_alias = 0.01 s
[  913/24720] TestAlias#test_special_const_alias = 0.01 s
[  914/24720] TestAlias#test_nonexistmethod = 0.01 s
[  915/24720] TestAlias#test_alias_complemented_method = 2.39 s
[  916/24720] TestAlias#test_alias_with_zsuper_method = 0.02 s
[  917/24720] TestAlias#test_alias_module_method_added = 0.01 s
[  918/24720] TestAlias#test_super_in_aliased_module_method = 0.01 s
[  919/24720] TestAlias#test_alias_wb_miss = 10.29 s
[  920/24720] TestAlias#test_alias_class_method_added = 0.01 s
[  921/24720] TestAlias#test_alias_suppressing_redefinition = 2.34 s
[  922/24720] TestGemResolverConflict#test_explanation_user_request = 0.57 s
[  923/24720] TestGemResolverConflict#test_request_path = 0.53 s
[  924/24720] TestGemResolverConflict#test_explanation = 0.54 s
[  925/24720] TestStack#test_machine_stack_size = 38.34 s
[  926/24720] TestStack#test_vm_stack_size = 80.38 s
[  927/24720] TestStack#test_relative_stack_sizes = 26.04 s
[  928/24720] TestBugReporter#test_bug_reporter_add = 4.28 s
[  929/24720] Prism::IndexWriteTest#test_keywords_3_3 = 0.03 s
[  930/24720] Prism::IndexWriteTest#test_keywords_latest = 0.01 s
[  931/24720] Prism::IndexWriteTest#test_block_latest = 0.02 s
[  932/24720] Prism::IndexWriteTest#test_block_3_3 = 0.01 s
[  933/24720] TestGemCommandsQueryCommandWithInstalledGems#test_execute_installed_version_not_instal
led = 1.78 s
[  934/24720] TestGemCommandsQueryCommandWithInstalledGems#test_execute_installed_not_installed = 1.
72 s
[  935/24720] TestGemCommandsQueryCommandWithInstalledGems#test_execute_details_cleans_text = 2.44 s
[  936/24720] TestGemCommandsQueryCommandWithInstalledGems#test_execute_installed_inverse_not_instal
led = 1.70 s
[  937/24720] TestGemCommandsQueryCommandWithInstalledGems#test_execute_installed_inverse = 1.71 s
[  938/24720] TestGemCommandsQueryCommandWithInstalledGems#test_execute_prerelease_local = 2.08 s
[  939/24720] TestGemCommandsQueryCommandWithInstalledGems#test_execute_remote_notty = 2.09 s
[  940/24720] TestGemCommandsQueryCommandWithInstalledGems#test_execute_details_truncates_summary =
2.88 s
[  941/24720] TestGemCommandsQueryCommandWithInstalledGems#test_execute_local_quiet = 1.45 s
[  942/24720] TestGemCommandsQueryCommandWithInstalledGems#test_execute_installed_no_name = 1.72 s
[  943/24720] TestGemCommandsQueryCommandWithInstalledGems#test_execute_all = 2.08 s
[  944/24720] TestGemCommandsQueryCommandWithInstalledGems#test_execute_notty = 2.04 s
[  945/24720] TestGemCommandsQueryCommandWithInstalledGems#test_execute_multiple_args = 2.09 s
[  946/24720] TestGemCommandsQueryCommandWithInstalledGems#test_execute = 2.08 s
[  947/24720] TestGemCommandsQueryCommandWithInstalledGems#test_execute_all_prerelease = 2.09 s
[  948/24720] TestGemCommandsQueryCommandWithInstalledGems#test_show_gems = 1.10 s
[  949/24720] TestGemCommandsQueryCommandWithInstalledGems#test_execute_installed_version = 1.70 s
[  950/24720] TestGemCommandsQueryCommandWithInstalledGems#test_execute_no_versions = 2.05 s
[  951/24720] TestGemCommandsQueryCommandWithInstalledGems#test_execute_remote_quiet = 1.45 s
[  952/24720] TestGemCommandsQueryCommandWithInstalledGems#test_execute_remote = 1.44 s
[  953/24720] TestGemCommandsQueryCommandWithInstalledGems#test_make_entry = 1.08 s
[  954/24720] TestGemCommandsQueryCommandWithInstalledGems#test_execute_no_prerelease_local = 2.06 s
[  955/24720] TestGemCommandsQueryCommandWithInstalledGems#test_execute_local = 1.46 s
[  956/24720] TestGemCommandsQueryCommandWithInstalledGems#test_execute_details = 2.39 s
[  957/24720] TestGemCommandsQueryCommandWithInstalledGems#test_execute_prerelease = 1.73 s
[  958/24720] TestGemCommandsQueryCommandWithInstalledGems#test_execute_installed = 1.72 s
[  959/24720] TestGemCommandsQueryCommandWithInstalledGems#test_execute_local_notty = 2.12 s
[  960/24720] Prism::ParseCommentsTest#test_parse_file_comments = 0.02 s
[  961/24720] Prism::ParseCommentsTest#test_parse_file_comments_error = 0.02 s
[  962/24720] Prism::ParseCommentsTest#test_parse_comments = 0.01 s
[  963/24720] TestRipper::Filter#test_filter_lineno_set = 1.56 s
[  964/24720] TestRipper::Filter#test_filter_lineno = 1.55 s
[  965/24720] TestRipper::Filter#test_filter_state = 1.62 s
[  966/24720] TestRipper::Filter#test_filter_token = 0.04 s
[  967/24720] TestRipper::Filter#test_filter_column = 2.37 s
[  968/24720] TestRipper::Filter#test_filter_filename = 2.21 s
[  969/24720] TestRipper::Filter#test_filter_filename_unset = 2.23 s
[  970/24720] TestIRB::PushwsTest#test_pushws_without_argument_swaps_the_top_two_workspaces = 0.49 s
[  971/24720] TestIRB::PushwsTest#test_pushws_switches_to_new_workspace_and_pushes_the_current_one_t
o_the_stack = 0.33 s
[  972/24720] TestIRB::PushwsTest#test_pushws_prints_workspace_stack_when_no_arg_is_given = 0.13 s
[  973/24720] TestIRB::PushwsTest#test_pushws_extends_the_new_workspace_with_command_bundle = 0.41 s
[  974/24720] TestGemUnsatisfiableDependencyError#test_errors = 0.50 s
[  975/24720] TestGemUnsatisfiableDependencyError#test_name = 0.50 s
[  976/24720] TestGemUnsatisfiableDependencyError#test_version = 0.49 s
[  977/24720] TestRational::TestGCD#test_gcd_gmp = 0.01 s
[  978/24720] TestRational::TestGCD#test_gcd_gmp_brute_force = 0.01 s
[  979/24720] TestRational::TestGCD#test_gcd_normal = 0.01 s
[  980/24720] TestStruct::SubStruct#test_dig = 0.02 s
[  981/24720] TestStruct::SubStruct#test_redefinition_warning = 0.02 s
[  982/24720] TestStruct::SubStruct#test_public_send = 0.01 s
[  983/24720] TestStruct::SubStruct#test_ref = 0.01 s
[  984/24720] TestStruct::SubStruct#test_to_h_block = 0.02 s
[  985/24720] TestStruct::SubStruct#test_hash = 0.01 s
[  986/24720] TestStruct::SubStruct#test_aset = 0.05 s
[  987/24720] TestStruct::SubStruct#test_deconstruct_keys = 0.02 s
[  988/24720] TestStruct::SubStruct#test_each_pair = 0.01 s
[  989/24720] TestStruct::SubStruct#test_initialize_with_kw = 0.02 s
[  990/24720] TestStruct::SubStruct#test_attrset_id = 0.01 s
[  991/24720] TestStruct::SubStruct#test_equal = 0.01 s
[  992/24720] TestStruct::SubStruct#test_to_h = 0.01 s
[  993/24720] TestStruct::SubStruct#test_parameters = 0.02 s
[  994/24720] TestStruct::SubStruct#test_overridden_aref = 0.03 s
[  995/24720] TestStruct::SubStruct#test_comparison_when_recursive = 0.05 s
[  996/24720] TestStruct::SubStruct#test_values_at = 0.01 s
[  997/24720] TestStruct::SubStruct#test_keyword_args_warning = 0.06 s
[  998/24720] TestStruct::SubStruct#test_nonascii = 0.02 s
[  999/24720] TestStruct::SubStruct#test_struct_new_with_keyword_init = 0.04 s
[ 1000/24720] TestStruct::SubStruct#test_larger_than_largest_pool = 0.12 s
[ 1001/24720] TestStruct::SubStruct#test_inspect = 0.04 s
[ 1002/24720] TestStruct::SubStruct#test_inherit = 0.01 s
[ 1003/24720] TestStruct::SubStruct#test_big_struct = 0.03 s
[ 1004/24720] TestStruct::SubStruct#test_eql = 0.01 s
[ 1005/24720] TestStruct::SubStruct#test_small_structs = 0.04 s
[ 1006/24720] TestStruct::SubStruct#test_struct = 0.02 s
[ 1007/24720] TestStruct::SubStruct#test_struct_new_with_keyword_init_and_block = 0.01 s
[ 1008/24720] TestStruct::SubStruct#test_named_structs_are_not_rooted = 102.55 s
[ 1009/24720] TestStruct::SubStruct#test_members = 0.02 s
[ 1010/24720] TestStruct::SubStruct#test_struct_new_with_hash = 0.03 s
[ 1011/24720] TestStruct::SubStruct#test_setter_method_returns_value = 0.01 s
[ 1012/24720] TestStruct::SubStruct#test_struct_keyword_init_p = 0.02 s
[ 1013/24720] TestStruct::SubStruct#test_struct_new = 0.03 s
[ 1014/24720] TestStruct::SubStruct#test_initialize = 0.02 s
[ 1015/24720] TestStruct::SubStruct#test_new_duplicate = 0.02 s
[ 1016/24720] TestStruct::SubStruct#test_aref = 0.05 s
[ 1017/24720] TestStruct::SubStruct#test_bang_mark_in_member = 0.01 s
[ 1018/24720] TestStruct::SubStruct#test_set = 0.01 s
[ 1019/24720] TestStruct::SubStruct#test_select = 0.02 s
[ 1020/24720] TestStruct::SubStruct#test_size = 0.01 s
[ 1021/24720] TestStruct::SubStruct#test_error = 0.01 s
[ 1022/24720] TestStruct::SubStruct#test_each = 0.01 s
[ 1023/24720] TestStruct::SubStruct#test_question_mark_in_member = 0.01 s
[ 1024/24720] TestStruct::SubStruct#test_morethan10members = 0.14 s
[ 1025/24720] TestStruct::SubStruct#test_filter = 0.02 s
[ 1026/24720] TestStruct::SubStruct#test_junk = 0.01 s
[ 1027/24720] TestStruct::SubStruct#test_overridden_aset = 0.03 s
[ 1028/24720] TestStruct::SubStruct#test_arity = 0.02 s
[ 1029/24720] TestStruct::SubStruct#test_init_copy = 0.01 s
[ 1030/24720] TestIRB::BacktraceFilteringTest#test_backtrace_filtering = 0.06 s
[ 1031/24720] TestIRB::BacktraceFilteringTest#test_backtrace_filtering_with_backtrace_filter = 0.04
s
[ 1032/24720] TestNoMethodError#test_new_name_args = 0.02 s
[ 1033/24720] TestNoMethodError#test_new_name = 0.01 s
[ 1034/24720] TestNoMethodError#test_to_s = 0.02 s
[ 1035/24720] TestNoMethodError#test_new_name_args_priv = 0.01 s
[ 1036/24720] TestNoMethodError#test_message_encoding = 0.02 s
[ 1037/24720] TestNoMethodError#test_new_default = 0.01 s
[ 1038/24720] TestNoMethodError#test_new_message = 0.01 s
[ 1039/24720] TestNoMethodError#test_new_receiver = 0.04 s
[ 1040/24720] TestGemSourceGit#test_uri = 0.54 s
[ 1041/24720] TestGemSourceGit#test_pretty_print = 0.53 s
[ 1042/24720] TestGemSourceGit#test_checkout = 0.53 s
[ 1043/24720] TestGemSourceGit#test_checkout_submodules = 0.52 s
[ 1044/24720] TestGemSourceGit#test_root_dir = 0.52 s
[ 1045/24720] TestGemSourceGit#test_checkout_local = 0.53 s
[ 1046/24720] TestGemSourceGit#test_cache = 0.52 s
[ 1047/24720] TestGemSourceGit#test_rev_parse = 0.53 s
[ 1048/24720] TestGemSourceGit#test_specs = 0.52 s
[ 1049/24720] TestGemSourceGit#test_repo_cache_dir = 0.53 s
[ 1050/24720] TestGemSourceGit#test_install_dir_local = 0.52 s
[ 1051/24720] TestGemSourceGit#test_cache_local = 0.53 s
[ 1052/24720] TestGemSourceGit#test_checkout_default = 0.52 s
[ 1053/24720] TestGemSourceGit#test_spaceship = 0.52 s
[ 1054/24720] TestGemSourceGit#test_specs_local = 0.53 s
[ 1055/24720] TestGemSourceGit#test_uri_hash = 0.53 s
[ 1056/24720] TestGemSourceGit#test_install_dir = 0.52 s
[ 1057/24720] TestGemSourceGit#test_equals2 = 0.52 s
[ 1058/24720] TestGemSourceGit#test_download = 0.53 s
[ 1059/24720] TestGemSourceGit#test_checkout_local_cached = 0.52 s
[ 1060/24720] TestGemSourceGit#test_base_dir = 0.52 s
[ 1061/24720] TestGemSourceGit#test_dir_shortref = 0.52 s
[ 1062/24720] TestThreadFdClose#test_thread_fd_close = 0.04 s
[ 1063/24720] TestFiberIOBuffer#test_write_nonblock = 0.06 s
[ 1064/24720] TestFiberIOBuffer#test_io_buffer_read_write = 0.04 s
[ 1065/24720] TestFiberIOBuffer#test_read_write_blocking = 0.07 s
[ 1066/24720] TestFiberIOBuffer#test_io_buffer_pread_pwrite = 0.05 s
[ 1067/24720] TestFiberIOBuffer#test_timeout_after = 0.16 s
[ 1068/24720] TestFiberIOBuffer#test_read_nonblock = 0.54 s
[ 1069/24720] TestRDocEncoding#test_class_detect_encoding = 0.06 s
[ 1070/24720] TestRDocEncoding#test_class_read_file_encoding_with_signature = 0.05 s
[ 1071/24720] TestRDocEncoding#test_class_read_file_encoding_invalid = 0.11 s
[ 1072/24720] TestRDocEncoding#test_class_read_file_encoding_guess = 0.04 s
[ 1073/24720] TestRDocEncoding#test_class_set_encoding_bad = 0.22 s
[ 1074/24720] TestRDocEncoding#test_class_read_file = 0.04 s
[ 1075/24720] TestRDocEncoding#test_class_read_file_encoding_convert = 0.05 s
[ 1076/24720] TestRDocEncoding#test_class_read_file_encoding_fancy = 0.04 s
[ 1077/24720] TestRDocEncoding#test_class_read_file_encoding_iso_2022_jp = 0.04 s
[ 1078/24720] TestRDocEncoding#test_class_read_file_encoding = 0.04 s
[ 1079/24720] TestRDocEncoding#test_sanity = 0.03 s
[ 1080/24720] TestRDocEncoding#test_class_read_file_encoding_force_transcode = 0.05 s
[ 1081/24720] TestRDocEncoding#test_class_read_file_encoding_fail = 0.10 s
[ 1082/24720] TestNetHTTPSIdentityVerifyFailure#test_identity_verify_failure = 0.90 s
[ 1083/24720] TestDefaultGems#test_validate_gemspec = 10.72 s
[ 1084/24720] TestGemLocalRemoteOptions#test_add_local_remote_options = 0.81 s
[ 1085/24720] TestGemLocalRemoteOptions#test_local_eh = 0.50 s
[ 1086/24720] TestGemLocalRemoteOptions#test_both_eh = 0.49 s
[ 1087/24720] TestGemLocalRemoteOptions#test_source_option_bad = 0.64 s
[ 1088/24720] TestGemLocalRemoteOptions#test_clear_sources_option_idiot_proof = 0.95 s
[ 1089/24720] TestGemLocalRemoteOptions#test_short_source_option = 0.74 s
[ 1090/24720] TestGemLocalRemoteOptions#test_update_sources_option = 0.64 s
[ 1091/24720] TestGemLocalRemoteOptions#test_clear_sources_option = 0.81 s
[ 1092/24720] TestGemLocalRemoteOptions#test_source_option = 0.78 s
[ 1093/24720] TestGemLocalRemoteOptions#test_remote_eh = 0.49 s
[ 1094/24720] TestOptionParserNoArg::Def1#test_short = 0.14 s
[ 1095/24720] TestOptionParserNoArg::Def1#test_hyphenize = 0.07 s
[ 1096/24720] TestOptionParserNoArg::Def1#test_regexp = 0.04 s
[ 1097/24720] TestOptionParserNoArg::Def1#test_abbrev = 0.33 s
[ 1098/24720] TestOptionParserNoArg::Def1#test_order = 0.08 s
[ 1099/24720] TestOptionParserNoArg::Def1#test_nonopt_pattern = 0.08 s
[ 1100/24720] TestOptionParserNoArg::Def1#test_into = 0.17 s
[ 1101/24720] TestOptionParserNoArg::Def1#test_exact_option = 0.43 s
[ 1102/24720] TestOptionParserNoArg::Def1#test_require_exact = 0.45 s
[ 1103/24720] TestOptionParserNoArg::Def1#test_permute = 0.10 s
[ 1104/24720] TestOptionParserNoArg::Def1#test_ambiguous = 0.18 s
[ 1105/24720] TestOptionParserNoArg::Def1#test_long = 0.10 s
[ 1106/24720] TestOptionParserNoArg::Def1#test_raise_unknown = 0.14 s
[ 1107/24720] TestOptionParserNoArg::Def1#test_help_pager = 12.46 s
[ 1108/24720] OpenSSL::TestTimestamp#test_verify_ee_nonce_mismatch = 1.28 s
[ 1109/24720] OpenSSL::TestTimestamp#test_request_assignment = 0.04 s
[ 1110/24720] OpenSSL::TestTimestamp#test_token_info_creation = 1.23 s
[ 1111/24720] OpenSSL::TestTimestamp#test_token_info_invalid_asn1 = 0.01 s
[ 1112/24720] OpenSSL::TestTimestamp#test_response_default_policy = 1.22 s
[ 1113/24720] OpenSSL::TestTimestamp#test_request_serialization = 0.02 s
[ 1114/24720] OpenSSL::TestTimestamp#test_verify_ee_intermediate = 1.22 s
[ 1115/24720] OpenSSL::TestTimestamp#test_verify_direct_no_cert_no_intermediate = 1.00 s
[ 1116/24720] OpenSSL::TestTimestamp#test_reusable = 1.27 s
[ 1117/24720] OpenSSL::TestTimestamp#test_response_mandatory_fields = 1.26 s
[ 1118/24720] OpenSSL::TestTimestamp#test_request_mandatory_fields = 0.02 s
[ 1119/24720] OpenSSL::TestTimestamp#test_response_creation = 1.38 s
[ 1120/24720] OpenSSL::TestTimestamp#test_verify_ee_cert_inclusion_not_requested = 1.22 s
[ 1121/24720] OpenSSL::TestTimestamp#test_no_cert_requested = 1.20 s
[ 1122/24720] OpenSSL::TestTimestamp#test_response_allowed_digests = 1.23 s
[ 1123/24720] OpenSSL::TestTimestamp#test_verify_ee_no_cert = 1.22 s
[ 1124/24720] OpenSSL::TestTimestamp#test_verify_ee_intermediate_type_error = 1.22 s
[ 1125/24720] OpenSSL::TestTimestamp#test_verify_ee_additional_certs_array = 1.32 s
[ 1126/24720] OpenSSL::TestTimestamp#test_response_no_policy_defined = 1.18 s
[ 1127/24720] OpenSSL::TestTimestamp#test_verify_ee_wrong_root_wrong_intermediate = 1.27 s
[ 1128/24720] OpenSSL::TestTimestamp#test_request_re_assignment = 0.01 s
[ 1129/24720] OpenSSL::TestTimestamp#test_verify_direct_redundant_untrusted = 1.01 s
[ 1130/24720] OpenSSL::TestTimestamp#test_verify_ee_no_store = 1.21 s
[ 1131/24720] OpenSSL::TestTimestamp#test_verify_ee_intermediate_missing = 1.21 s
[ 1132/24720] OpenSSL::TestTimestamp#test_response_invalid_asn1 = 0.01 s
[ 1133/24720] OpenSSL::TestTimestamp#test_verify_ee_additional_certs_with_root = 1.29 s
[ 1134/24720] OpenSSL::TestTimestamp#test_response_failure_info = 0.01 s
[ 1135/24720] OpenSSL::TestTimestamp#test_response_bad_purpose = 1.14 s
[ 1136/24720] OpenSSL::TestTimestamp#test_request_invalid_asn1 = 0.01 s
[ 1137/24720] OpenSSL::TestTimestamp#test_verify_ee_def_policy = 1.23 s
[ 1138/24720] OpenSSL::TestTimestamp#test_verify_ee_no_cert_no_intermediate = 1.21 s
[ 1139/24720] OpenSSL::TestTimestamp#test_response_constants = 0.02 s
[ 1140/24720] OpenSSL::TestTimestamp#test_verify_ee_no_req = 1.21 s
[ 1141/24720] OpenSSL::TestTimestamp#test_verify_direct = 0.98 s
[ 1142/24720] OpenSSL::TestTimestamp#test_verify_direct_unrelated_untrusted = 1.52 s
[ 1143/24720] OpenSSL::TestTimestamp#test_verify_ee_wrong_root_no_intermediate = 1.21 s
[ 1144/24720] OpenSSL::TestTimestamp#test_verify_direct_wrong_root = 1.54 s
[ 1145/24720] OpenSSL::TestTimestamp#test_request_encode_decode = 0.03 s
[ 1146/24720] TC_IPAddr#test_as_json = 0.09 s
[ 1147/24720] TC_IPAddr#test_s_new_ntoh = 0.06 s
[ 1148/24720] TC_IPAddr#test_to_range = 0.08 s
[ 1149/24720] TC_IPAddr#test_reverse = 0.03 s
[ 1150/24720] TC_IPAddr#test_ip6_int = 0.03 s
[ 1151/24720] TC_IPAddr#test_zone_id = 0.03 s
[ 1152/24720] TC_IPAddr#test_s_new = 2.22 s
[ 1153/24720] TC_IPAddr#test_wildcard_mask = 0.06 s
[ 1154/24720] TC_IPAddr#test_to_json = 0.06 s
[ 1155/24720] TC_IPAddr#test_ipv4_mapped = 0.05 s
[ 1156/24720] TC_IPAddr#test_ip6_arpa = 0.03 s
[ 1157/24720] TC_IPAddr#test_to_s = 0.03 s
[ 1158/24720] TC_IPAddr#test_netmask = 0.03 s
[ 1159/24720] TC_IPAddr#test_ntop = 0.04 s
[ 1160/24720] TC_IPAddr#test_ipv4_compat = 0.07 s
[ 1161/24720] TC_IPAddr#test_prefix_writer = 0.08 s
[ 1162/24720] TestRDocClassModule#test_update_includes_with_colons = 4.89 s
[ 1163/24720] TestRDocClassModule#test_superclass = 4.59 s
[ 1164/24720] TestRDocClassModule#test_add_comment_comment = 4.79 s
[ 1165/24720] TestRDocClassModule#test_merge_sections = 4.70 s
[ 1166/24720] TestRDocClassModule#test_update_aliases_module = 4.59 s
[ 1167/24720] TestRDocClassModule#test_merge_attributes = 4.62 s
[ 1168/24720] TestRDocClassModule#test_merge_comment_version_0 = 4.59 s
[ 1169/24720] TestRDocClassModule#test_from_module_comment = 4.63 s
[ 1170/24720] TestRDocClassModule#test_find_class_named = 4.60 s
[ 1171/24720] TestRDocClassModule#test_update_includes = 4.69 s
[ 1172/24720] TestRDocClassModule#test_update_includes_trim = 5.73 s
[ 1173/24720] TestRDocClassModule#test_update_extends_trim = 4.89 s
[ 1174/24720] TestRDocClassModule#test_merge_collections_drop = 4.71 s
[ 1175/24720] TestRDocClassModule#test_marshal_load_version_3 = 4.92 s
[ 1176/24720] TestRDocClassModule#test_marshal_load_version_1 = 4.86 s
[ 1177/24720] TestRDocClassModule#test_parse_comment_format = 7.90 s
[ 1178/24720] TestRDocClassModule#test_merge_includes = 4.76 s
[ 1179/24720] TestRDocClassModule#test_search_record_merged = 4.97 s
[ 1180/24720] TestRDocClassModule#test_merge = 4.64 s
[ 1181/24720] TestRDocClassModule#test_comment_equals_comment = 4.71 s
[ 1182/24720] TestRDocClassModule#test_parse = 4.69 s
[ 1183/24720] TestRDocClassModule#test_add_comment_duplicate = 4.59 s
[ 1184/24720] TestRDocClassModule#test_update_extends_with_colons = 4.45 s
[ 1185/24720] TestRDocClassModule#test_parse_comment_location = 4.54 s
[ 1186/24720] TestRDocClassModule#test_parse_comment = 4.49 s
[ 1187/24720] TestRDocClassModule#test_ancestors = 4.44 s
[ 1188/24720] TestRDocClassModule#test_search_record = 4.52 s
[ 1189/24720] TestRDocClassModule#test_documented_eh = 4.49 s
[ 1190/24720] TestRDocClassModule#test_each_ancestor_cycle = 5.11 s
[ 1191/24720] TestRDocClassModule#test_update_aliases_reparent_root = 4.84 s
[ 1192/24720] TestRDocClassModule#test_update_aliases_class = 4.78 s
[ 1193/24720] TestRDocClassModule#test_comment_equals = 4.72 s
[ 1194/24720] TestRDocClassModule#test_merge_extends = 4.85 s
[ 1195/24720] TestRDocClassModule#test_merge_constants_version_0 = 4.78 s
[ 1196/24720] TestRDocClassModule#test_merge_sections_overlap = 4.76 s
[ 1197/24720] TestRDocClassModule#test_store_equals = 4.65 s
[ 1198/24720] TestRDocClassModule#test_add_comment = 4.73 s
[ 1199/24720] TestRDocClassModule#test_merge_methods = 4.64 s
[ 1200/24720] TestRDocClassModule#test_update_extends = 4.59 s
[ 1201/24720] TestRDocClassModule#test_marshal_load_version_0 = 4.70 s
[ 1202/24720] TestRDocClassModule#test_marshal_load_version_2 = 6.24 s
[ 1203/24720] TestRDocClassModule#test_marshal_dump_visibility = 6.37 s
[ 1204/24720] TestRDocClassModule#test_update_aliases_reparent = 6.26 s
[ 1205/24720] TestRDocClassModule#test_super_classes = 6.22 s
[ 1206/24720] TestRDocClassModule#test_merge_comment = 6.64 s
[ 1207/24720] TestRDocClassModule#test_each_ancestor = 5.06 s
[ 1208/24720] TestRDocClassModule#test_setting_superclass = 4.64 s
[ 1209/24720] TestRDocClassModule#test_merge_constants = 4.77 s
[ 1210/24720] TestRDocClassModule#test_marshal_dump = 4.92 s
[ 1211/24720] TestRDocClassModule#test_merge_includes_version_0 = 4.75 s
[ 1212/24720] TestRDocClassModule#test_merge_methods_version_0 = 4.71 s
[ 1213/24720] TestRDocClassModule#test_document_self_or_methods = 4.58 s
[ 1214/24720] TestRDocClassModule#test_add_comment_stopdoc = 4.58 s
[ 1215/24720] TestRDocClassModule#test_remove_nodoc_children = 4.58 s
[ 1216/24720] TestRDocClassModule#test_merge_attributes_version_0 = 4.62 s
[ 1217/24720] Random::Formatter::TestClassMethods#test_hex_encoding = 0.01 s
[ 1218/24720] Random::Formatter::TestClassMethods#test_uuid_v7 = 0.25 s
[ 1219/24720] Random::Formatter::TestClassMethods#test_base64 = 0.03 s
[ 1220/24720] Random::Formatter::TestClassMethods#test_random_number_float_by_zero = 0.19 s
[ 1221/24720] Random::Formatter::TestClassMethods#test_alphanumeric_chars = 0.14 s
[ 1222/24720] Random::Formatter::TestClassMethods#test_random_number_float = 0.19 s
[ 1223/24720] Random::Formatter::TestClassMethods#test_random_bytes = 0.07 s
[ 1224/24720] Random::Formatter::TestClassMethods#test_alphanumeric_frozen = 0.01 s
[ 1225/24720] Random::Formatter::TestClassMethods#test_uuid = 0.01 s
[ 1226/24720] Random::Formatter::TestClassMethods#test_urlsafe_base64 = 0.14 s
[ 1227/24720] Random::Formatter::TestClassMethods#test_alphanumeric = 0.53 s
[ 1228/24720] Random::Formatter::TestClassMethods#test_random_number_int = 0.15 s
[ 1229/24720] Random::Formatter::TestClassMethods#test_hex = 0.09 s
[ 1230/24720] Bug::Test_ExceptionAT#test_exception_at_throwing = 9.01 s
[ 1231/24720] TestRDocMarkdownTest#test_inline_html_advanced = 3.08 s
[ 1232/24720] TestRDocMarkdownTest#test_code_spans = 2.97 s
[ 1233/24720] TestRDocMarkdownTest#test_tidiness = 2.63 s
[ 1234/24720] TestRDocMarkdownTest#test_nested_blockquotes = 1.84 s
[ 1235/24720] TestRDocMarkdownTest#test_ordered_and_unordered_lists = 41.27 s
[ 1236/24720] TestRDocMarkdownTest#test_links_shortcut_references = 4.66 s
[ 1237/24720] TestRDocMarkdownTest#test_links_reference_style = 16.95 s
[ 1238/24720] TestRDocMarkdownTest#test_amps_and_angle_encoding = 8.09 s
[ 1239/24720] TestRDocMarkdownTest#test_strong_and_em_together = 2.90 s
[ 1240/24720] TestRDocMarkdownTest#test_tabs = 4.95 s
[ 1241/24720] TestRDocMarkdownTest#test_horizontal_rules = 8.01 s
[ 1242/24720] TestRDocMarkdownTest#test_hard_wrapped_paragraphs_with_list_like_lines = 3.03 s
[ 1243/24720] TestRDocMarkdownTest#test_markdown_documentation_basics = 66.78 s
[ 1244/24720] TestRDocMarkdownTest#test_auto_links = 4.61 s
[ 1245/24720] TestRDocMarkdownTest#test_backslash_escapes = 27.30 s
[ 1246/24720] TestRDocMarkdownTest#test_inline_html_simple = 13.85 s
[ 1247/24720] TestRDocMarkdownTest#test_markdown_documentation_syntax = 279.50 s
[ 1248/24720] TestRDocMarkdownTest#test_links_inline_style = 4.13 s
[ 1249/24720] TestRDocMarkdownTest#test_literal_quotes_in_titles = 1.73 s
[ 1250/24720] TestRDocMarkdownTest#test_blockquotes_with_code_blocks = 1.60 s
[ 1251/24720] TestRDocMarkdownTest#test_inline_html_comments = 3.89 s
[ 1252/24720] TestRDocMarkdownTest#test_code_blocks = 4.60 s
[ 1253/24720] TestGemPackageTarReader#test_read_in_gem_data = 0.59 s
[ 1254/24720] TestGemPackageTarReader#test_each_entry = 0.55 s
[ 1255/24720] TestGemPackageTarReader#test_seek_in_gem_data = 0.56 s
[ 1256/24720] TestGemPackageTarReader#test_seek_missing = 0.54 s
[ 1257/24720] TestGemPackageTarReader#test_each_with_not_a_tar = 0.51 s
[ 1258/24720] TestGemPackageTarReader#test_rewind = 0.55 s
[ 1259/24720] TestGemPackageTarReader#test_seek = 0.54 s
[ 1260/24720] TestIOWaitInRactor#test_ractor = 2.65 s
[ 1261/24720] TestGemSourceLock#test_uri = 0.54 s
[ 1262/24720] TestGemSourceLock#test_spaceship_remote = 0.51 s
[ 1263/24720] TestGemSourceLock#test_spaceship_vendor = 0.50 s
[ 1264/24720] TestGemSourceLock#test_spaceship_installed = 0.50 s
[ 1265/24720] TestGemSourceLock#test_spaceship_specific_file = 0.92 s
[ 1266/24720] TestGemSourceLock#test_spaceship_local = 0.59 s
[ 1267/24720] TestGemSourceLock#test_spaceship_git = 0.50 s
[ 1268/24720] TestGemSourceLock#test_spaceship = 0.51 s
[ 1269/24720] TestGemSourceLock#test_fetch_spec = 1.07 s
[ 1270/24720] TestGemSourceLock#test_equals2 = 0.58 s
[ 1271/24720] Reline::Face::Test::WithSetupTest#test_my_config_enhanced = 0.04 s
[ 1272/24720] Reline::Face::Test::WithSetupTest#test_my_configs = 0.04 s
[ 1273/24720] Reline::Face::Test::WithSetupTest#test_now_there_are_four_configs = 0.03 s
[ 1274/24720] Reline::Face::Test::WithSetupTest#test_my_config_line = 0.03 s
[ 1275/24720] Reline::Face::Test::WithSetupTest#test_not_respond_to_another_label = 0.04 s
[ 1276/24720] Reline::Face::Test::WithSetupTest#test_resetting_config_discards_user_defined_configs
= 0.05 s
[ 1277/24720] TestVariable#test_cvar_overtaken_by_module = 0.04 s
[ 1278/24720] TestVariable#test_setting_class_variable_on_module_through_inheritance = 0.02 s
[ 1279/24720] TestVariable#test_set_class_variable_on_frozen_object = 0.02 s
[ 1280/24720] TestVariable#test_local_variables_with_kwarg = 0.01 s
[ 1281/24720] TestVariable#test_external_ivars = 0.01 s
[ 1282/24720] TestVariable#test_local_variables2 = 0.01 s
[ 1283/24720] TestVariable#test_local_variables = 0.01 s
[ 1284/24720] TestVariable#test_cloned_classes_copy_cvar_cache = 0.01 s
[ 1285/24720] TestVariable#test_include_refined_module_class_variable = 0.01 s
[ 1286/24720] TestVariable#test_special_constant_ivars = 0.13 s
[ 1287/24720] TestVariable#test_cvar_overtaken_by_parent_class = 0.03 s
[ 1288/24720] TestVariable#test_global_variable_popped = 0.01 s
[ 1289/24720] TestVariable#test_global_variable_0 = 2.27 s
[ 1290/24720] TestVariable#test_constant_popped = 0.02 s
[ 1291/24720] TestVariable#test_many_instance_variables = 4.57 s
[ 1292/24720] TestVariable#test_global_variables = 0.04 s
[ 1293/24720] TestVariable#test_singleton_class_included_class_variable = 0.04 s
[ 1294/24720] TestVariable#test_variable = 15.66 s
[ 1295/24720] TestVariable#test_local_variables3 = 0.01 s
[ 1296/24720] TestVariable#test_cloned_allows_setting_cvar = 0.02 s
[ 1297/24720] TestVariable#test_shadowing_local_variables = 0.01 s
[ 1298/24720] TestVariable#test_svar_with_ifunc = 0.06 s
[ 1299/24720] TestVariable#test_shadowing_block_local_variables = 0.01 s
[ 1300/24720] TestGemCommandsQueryCommandWithoutInstalledGems#test_execute_local_details = 0.95 s
[ 1301/24720] TestGemCommandsQueryCommandWithoutInstalledGems#test_execute_exact_multiple = 0.99 s
[ 1302/24720] TestGemCommandsQueryCommandWithoutInstalledGems#test_execute_platform = 1.00 s
[ 1303/24720] TestGemCommandsQueryCommandWithoutInstalledGems#test_execute_default_details = 0.99 s
[ 1304/24720] TestGemCommandsQueryCommandWithoutInstalledGems#test_depprecated = 1.00 s
[ 1305/24720] TestGemCommandsQueryCommandWithoutInstalledGems#test_execute_show_default_gems_with_pl
atform = 0.99 s
[ 1306/24720] TestGemCommandsQueryCommandWithoutInstalledGems#test_execute_exact_local = 0.99 s
[ 1307/24720] TestGemCommandsQueryCommandWithoutInstalledGems#test_execute_show_default_gems = 0.99
s
[ 1308/24720] TestGemCommandsQueryCommandWithoutInstalledGems#test_execute_exact_remote = 0.98 s
[ 1309/24720] TestERB#test_with_filename = 0.07 s
[ 1310/24720] TestERB#test_with_location = 0.04 s
[ 1311/24720] TestERB#test_html_escape_to_s = 0.01 s
[ 1312/24720] TestERB#test_without_filename = 0.04 s
[ 1313/24720] TestERB#test_without_filename_with_safe_level = 0.04 s
[ 1314/24720] TestERB#test_html_escape_extension = 0.01 s
[ 1315/24720] TestERB#test_html_escape = 0.01 s
[ 1316/24720] TestERB#test_with_filename_lineno = 0.04 s
[ 1317/24720] TestERB#test_with_filename_and_safe_level = 0.04 s
[ 1318/24720] TestERB#test_concurrent_default_binding = 0.04 s
[ 1319/24720] TestStringScanner#test_check_until = 0.02 s
[ 1320/24720] TestStringScanner#test_scan_integer_encoding = 0.01 s
[ 1321/24720] TestStringScanner#test_aref_without_regex = 0.01 s
[ 1322/24720] TestStringScanner#test_rest_size = 0.01 s
[ 1323/24720] TestStringScanner#test_check_until_string = 0.01 s
[ 1324/24720] TestStringScanner#test_fixed_anchor_false = 0.02 s
[ 1325/24720] TestStringScanner#test_skip_with_begenning_of_line_anchor_match = 0.01 s
[ 1326/24720] TestStringScanner#test_captures = 0.01 s
[ 1327/24720] TestStringScanner#test_empty_encoding_utf8 = 0.01 s
[ 1328/24720] TestStringScanner#test_s_mustc = 0.01 s
[ 1329/24720] TestStringScanner#test_exist_p = 0.01 s
[ 1330/24720] TestStringScanner#test_getch = 0.02 s
[ 1331/24720] TestStringScanner#test_scan_integer_unmatch = 0.01 s
[ 1332/24720] TestStringScanner#test_scan_full = 0.02 s
[ 1333/24720] TestStringScanner#test_invalid_encoding_string = 0.01 s
[ 1334/24720] TestStringScanner#test_scan_integer = 0.04 s
[ 1335/24720] TestStringScanner#test_set_pos = 0.01 s
[ 1336/24720] TestStringScanner#test_named_captures = 0.01 s
[ 1337/24720] TestStringScanner#test_scan_byte = 0.01 s
[ 1338/24720] TestStringScanner#test_match_p = 0.01 s
[ 1339/24720] TestStringScanner#test_string_set_is_equal = 0.01 s
[ 1340/24720] TestStringScanner#test_check = 0.01 s
[ 1341/24720] TestStringScanner#test_skip_with_begenning_of_string_anchor_match = 0.01 s
[ 1342/24720] TestStringScanner#test_get_byte = 0.02 s
[ 1343/24720] TestStringScanner#test_scan = 0.03 s
[ 1344/24720] TestStringScanner#test_scan_string = 0.02 s
[ 1345/24720] TestStringScanner#test_peek = 0.01 s
[ 1346/24720] TestStringScanner#test_encoding = 0.01 s
[ 1347/24720] TestStringScanner#test_reset = 0.01 s
[ 1348/24720] TestStringScanner#test_skip_until = 0.01 s
[ 1349/24720] TestStringScanner#test_dup = 0.03 s
[ 1350/24720] TestStringScanner#test_values_at = 0.01 s
[ 1351/24720] TestStringScanner#test_terminate = 0.01 s
[ 1352/24720] TestStringScanner#test_scan_until = 0.01 s
[ 1353/24720] TestStringScanner#test_inspect = 0.02 s
[ 1354/24720] TestStringScanner#test_string_append = 0.01 s
[ 1355/24720] TestStringScanner#test_encoding_string = 0.01 s
[ 1356/24720] TestStringScanner#test_fixed_anchor_true = 0.01 s
[ 1357/24720] TestStringScanner#test_search_full_string = 0.02 s
[ 1358/24720] TestStringScanner#test_string = 0.01 s
[ 1359/24720] TestStringScanner#test_pos_unicode = 0.01 s
[ 1360/24720] TestStringScanner#test_concat = 0.01 s
[ 1361/24720] TestStringScanner#test_s_new = 0.01 s
[ 1362/24720] TestStringScanner#test_peek_byte = 0.01 s
[ 1363/24720] TestStringScanner#test_post_match = 0.02 s
[ 1364/24720] TestStringScanner#test_inspect2 = 0.01 s
[ 1365/24720] TestStringScanner#test_s_allocate = 0.02 s
[ 1366/24720] TestStringScanner#test_const_Version = 0.01 s
[ 1367/24720] TestStringScanner#test_exist_p_string = 0.01 s
[ 1368/24720] TestStringScanner#test_empty_encoding_ascii_8bit = 0.01 s
[ 1369/24720] TestStringScanner#test_unscan = 0.02 s
[ 1370/24720] TestStringScanner#test_bol? = 0.02 s
[ 1371/24720] TestStringScanner#test_rest = 0.01 s
[ 1372/24720] TestStringScanner#test_search_full = 0.02 s
[ 1373/24720] TestStringScanner#test_AREF = 0.07 s
[ 1374/24720] TestStringScanner#test_pos = 0.01 s
[ 1375/24720] TestStringScanner#test_skip = 0.02 s
[ 1376/24720] TestStringScanner#test_exist_p_invalid_argument = 0.01 s
[ 1377/24720] TestStringScanner#test_scan_integer_base_16 = 0.05 s
[ 1378/24720] TestStringScanner#test_matched = 0.02 s
[ 1379/24720] TestStringScanner#test_size = 0.01 s
[ 1380/24720] TestStringScanner#test_generic_regexp = 0.01 s
[ 1381/24720] TestStringScanner#test_const_Id = 0.01 s
[ 1382/24720] TestStringScanner#test_scan_until_string = 0.02 s
[ 1383/24720] TestStringScanner#test_charpos_not_use_string_methods = 0.05 s
[ 1384/24720] TestStringScanner#test_pre_match = 0.02 s
[ 1385/24720] TestStringScanner#test_skip_until_string = 0.01 s
[ 1386/24720] TestStringScanner#test_matched_size = 0.02 s
[ 1387/24720] TestStringScanner#test_eos? = 0.02 s
[ 1388/24720] TestStringScanner#test_scan_aref_repeatedly = 0.02 s
[ 1389/24720] TestOpenURIProxy#test_proxy_http_basic_authentication_failure = 0.67 s
[ 1390/24720] TestOpenURIProxy#test_proxy_http_basic_authentication_success = 0.33 s
[ 1391/24720] TestOpenURIProxy#test_proxy = 0.68 s
[ 1392/24720] TestOpenURIProxy#test_authenticated_proxy_http_basic_authentication_success = 0.23 s
[ 1393/24720] Bug::Test_ExceptionE#test_ensured = 9.03 s
[ 1394/24720] TestDelegateClass#test_delegate_class_block = 0.13 s
[ 1395/24720] TestDelegateClass#test_public_instance_methods = 0.06 s
[ 1396/24720] TestDelegateClass#test_eql? = 0.02 s
[ 1397/24720] TestDelegateClass#test_unset_simple_delegator = 0.02 s
[ 1398/24720] TestDelegateClass#test_simpledelegator_clone = 0.02 s
[ 1399/24720] TestDelegateClass#test_instance_methods = 0.06 s
[ 1400/24720] TestDelegateClass#test_marshal = 0.02 s
[ 1401/24720] TestDelegateClass#test_DelegateClass_instance_method = 0.13 s
[ 1402/24720] TestDelegateClass#test_dir_in_delegator_class = 0.01 s
[ 1403/24720] TestDelegateClass#test_copy_frozen = 0.02 s
[ 1404/24720] TestDelegateClass#test_DelegateClass_public_instance_method = 0.17 s
[ 1405/24720] TestDelegateClass#test_instance_method = 0.01 s
[ 1406/24720] TestDelegateClass#test_extend = 0.10 s
[ 1407/24720] TestDelegateClass#test_simpledelegator_class = 0.01 s
[ 1408/24720] TestDelegateClass#test_basicobject = 0.02 s
[ 1409/24720] TestDelegateClass#test_global_method_if_no_target = 0.01 s
[ 1410/24720] TestDelegateClass#test_protected_instance_methods = 0.04 s
[ 1411/24720] TestDelegateClass#test_systemcallerror_eq = 0.02 s
[ 1412/24720] TestDelegateClass#test_private_method = 0.02 s
[ 1413/24720] TestDelegateClass#test_frozen = 0.01 s
[ 1414/24720] TestDelegateClass#test_module_methods_vs_kernel_methods = 0.01 s
[ 1415/24720] TestDelegateClass#test_callee_in_simple_delegator = 0.01 s
[ 1416/24720] TestDelegateClass#test_method_in_simple_delegator = 0.01 s
[ 1417/24720] TestDelegateClass#test_send_method_in_delegator = 0.01 s
[ 1418/24720] TestDelegateClass#test_method_in_delegator_class = 0.01 s
[ 1419/24720] TestDelegateClass#test_global_function = 0.01 s
[ 1420/24720] TestDelegateClass#test_unset_delegate_class = 0.02 s
[ 1421/24720] TestDelegateClass#test_methods = 0.01 s
[ 1422/24720] TestDelegateClass#test_dir_in_simple_delegator = 0.01 s
[ 1423/24720] TestDelegateClass#test_basicobject_respond_to = 0.01 s
[ 1424/24720] TestDelegateClass#test_callee_in_delegator_class = 0.01 s
[ 1425/24720] TestDelegateClass#test_keyword_and_hash = 0.02 s
[ 1426/24720] TestDelegateClass#test_keyword_argument = 0.04 s
[ 1427/24720] TestDelegateClass#test_override = 0.02 s
[ 1428/24720] TestDelegateClass#test_delegateclass_class = 0.01 s
[ 1429/24720] Prism::IntegerParseTest#test_integer_parse = 0.09 s
[ 1430/24720] Prism::TunnelTest#test_tunnel = 0.13 s
[ 1431/24720] TestStringchar#test_dump = 34.43 s
[ 1432/24720] TestStringchar#test_string = 0.05 s
[ 1433/24720] TestStringchar#test_bang = 0.02 s
[ 1434/24720] TestStringchar#test_char = 0.47 s
[ 1435/24720] TestIterator#test_block_passing = 0.01 s
[ 1436/24720] TestIterator#test_array_for_masgn = 0.02 s
[ 1437/24720] TestIterator#test_yield_vs_call = 0.01 s
[ 1438/24720] TestIterator#test_assoc_yield = 0.02 s
[ 1439/24720] TestIterator#test_argument = 0.06 s
[ 1440/24720] TestIterator#test_iter_test2 = 0.01 s
[ 1441/24720] TestIterator#test_itertest = 0.04 s
[ 1442/24720] TestIterator#test_break_from_enum = 0.01 s
[ 1443/24720] TestIterator#test_collect = 0.01 s
[ 1444/24720] TestIterator#test_marity = 0.01 s
[ 1445/24720] TestIterator#test_yield_at_toplevel = 8.94 s
[ 1446/24720] TestIterator#test_proc_return2 = 0.01 s
[ 1447/24720] TestIterator#test_array = 0.01 s
[ 1448/24720] TestIterator#test_return2 = 0.01 s
[ 1449/24720] TestIterator#test_block_given_within_iterator = 0.01 s
[ 1450/24720] TestIterator#test_enumerator = 0.09 s
[ 1451/24720] TestIterator#test_break__nested_loop2 = 0.01 s
[ 1452/24720] TestIterator#test_return_trace_func = 12.31 s
[ 1453/24720] TestIterator#test_break = 0.01 s
[ 1454/24720] TestIterator#test_append_method_to_built_in_class = 0.01 s
[ 1455/24720] TestIterator#test_block_given = 0.01 s
[ 1456/24720] TestIterator#test_ljump = 0.02 s
[ 1457/24720] TestIterator#test_block = 0.01 s
[ 1458/24720] TestIterator#test_break__nested_loop1 = 0.01 s
[ 1459/24720] TestIterator#test_break__nested_loop3 = 0.01 s
[ 1460/24720] TestIterator#test_block_argument_without_paren = 0.01 s
[ 1461/24720] TestIterator#test_proc_return1 = 0.01 s
[ 1462/24720] TestIterator#test_return1 = 0.01 s
[ 1463/24720] TestIterator#test_get_block = 0.06 s
[ 1464/24720] TestIterator#test_proc = 0.01 s
[ 1465/24720] TestIterator#test_iter4 = 0.01 s
[ 1466/24720] TestIterator#test_nested_iterator = 0.01 s
[ 1467/24720] TestSocketOption#test_ipv4_multicast_ttl_size = 0.02 s
[ 1468/24720] TestSocketOption#test_unpack = 0.01 s
[ 1469/24720] TestSocketOption#test_bool = 0.02 s
[ 1470/24720] TestSocketOption#test_ipv4_multicast_loop = 0.02 s
[ 1471/24720] TestSocketOption#test_ipv4_multicast_loop_size = 0.01 s
[ 1472/24720] TestSocketOption#test_new = 0.01 s
[ 1473/24720] TestSocketOption#test_ipv4_multicast_ttl = 0.01 s
[ 1474/24720] TestNameError#test_info_method_missing = 0.03 s
[ 1475/24720] TestNameError#test_new_name = 0.01 s
[ 1476/24720] TestNameError#test_info_const_name = 0.03 s
[ 1477/24720] TestNameError#test_info_local_variables = 0.02 s
[ 1478/24720] TestNameError#test_info_const = 0.02 s
[ 1479/24720] TestNameError#test_new_default = 0.01 s
[ 1480/24720] TestNameError#test_new_message = 0.01 s
[ 1481/24720] TestNameError#test_new_receiver = 0.02 s
[ 1482/24720] TestNameError#test_info_parent_iseq_mark = 22.70 s
[ 1483/24720] TestNameError#test_info_method = 0.03 s
[ 1484/24720] TestNameError#test_large_receiver_inspect = 0.03 s
[ 1485/24720] TestProtocol#test_write0_success_multi2 = 0.03 s
[ 1486/24720] TestProtocol#test_write0_timeout_multi2 = 0.14 s
[ 1487/24720] TestProtocol#test_shareable_buffer_leak = 0.02 s
[ 1488/24720] TestProtocol#test_readuntil = 0.07 s
[ 1489/24720] TestProtocol#test_should_properly_dot_stuff_period_with_no_endline = 0.03 s
[ 1490/24720] TestProtocol#test_write0_success = 0.01 s
[ 1491/24720] TestProtocol#test_write0_timeout = 0.12 s
[ 1492/24720] TestProtocol#test_write0_multibyte = 0.02 s
[ 1493/24720] TestProtocol#test_write0_timeout_multi1 = 0.12 s
[ 1494/24720] TestProtocol#test_write0_success_multi1 = 0.01 s
[ 1495/24720] TestProtocol#test_each_crlf_line = 0.08 s
[ 1496/24720] TestProtocol#test_write0_success2 = 0.01 s
[ 1497/24720] Test_StForeachUnpack#test_st_foreach_unpack = 0.02 s
[ 1498/24720] Test_StForeachUnpack#test_st_foreach_check_unpack = 0.01 s
[ 1499/24720] Bug::StNumHash::Test_NumHash#test_update = 0.02 s
[ 1500/24720] Bug::StNumHash::Test_NumHash#test_delete_safe_on_iteration = 0.07 s
[ 1501/24720] Bug::StNumHash::Test_NumHash#test_check = 0.01 s
[ 1502/24720] Bug::StNumHash::Test_NumHash#test_size_after_delete_safe = 0.03 s
[ 1503/24720] OpenSSL::TestPKeyRSA#test_new_public_exponent = 0.51 s
[ 1504/24720] OpenSSL::TestPKeyRSA#test_private = 0.72 s
[ 1505/24720] OpenSSL::TestPKeyRSA#test_encrypt_decrypt = 0.86 s
[ 1506/24720] OpenSSL::TestPKeyRSA#test_private_encoding = 0.51 s
[ 1507/24720] OpenSSL::TestPKeyRSA#test_marshal = 0.36 s
[ 1508/24720] OpenSSL::TestPKeyRSA#test_to_der = 0.35 s
[ 1509/24720] OpenSSL::TestPKeyRSA#test_sign_verify_raw_legacy = 1.30 s
[ 1510/24720] OpenSSL::TestPKeyRSA#test_dup = 0.21 s
[ 1511/24720] OpenSSL::TestPKeyRSA#test_verify_empty_rsa = 0.01 s
[ 1512/24720] OpenSSL::TestPKeyRSA#test_sign_verify = 0.36 s
[ 1513/24720] OpenSSL::TestPKeyRSA#test_private_encoding_encrypted = 29.78 s
[ 1514/24720] OpenSSL::TestPKeyRSA#test_PUBKEY = 0.64 s
[ 1515/24720] OpenSSL::TestPKeyRSA#test_RSAPrivateKey = 1.53 s
[ 1516/24720] OpenSSL::TestPKeyRSA#test_sign_verify_pss = 0.47 s
[ 1517/24720] OpenSSL::TestPKeyRSA#test_pem_passwd = 0.95 s
[ 1518/24720] OpenSSL::TestPKeyRSA#test_new = 6.97 s
[ 1519/24720] OpenSSL::TestPKeyRSA#test_s_generate = 14.81 s
[ 1520/24720] OpenSSL::TestPKeyRSA#test_encrypt_decrypt_legacy = 1.59 s
[ 1521/24720] OpenSSL::TestPKeyRSA#test_sign_verify_raw = 1.03 s
[ 1522/24720] OpenSSL::TestPKeyRSA#test_s_generate_public_exponent = 0.67 s
[ 1523/24720] OpenSSL::TestPKeyRSA#test_export = 0.32 s
[ 1524/24720] OpenSSL::TestPKeyRSA#test_sign_verify_options = 0.37 s
[ 1525/24720] OpenSSL::TestPKeyRSA#test_RSAPrivateKey_encrypted = 1.08 s
[ 1526/24720] OpenSSL::TestPKeyRSA#test_new_break = 0.04 s
[ 1527/24720] OpenSSL::TestPKeyRSA#test_RSAPublicKey = 0.32 s
[ 1528/24720] TestIOTimeout#test_timeout_read_exception = 0.02 s
[ 1529/24720] TestIOTimeout#test_timeout_puts = 0.01 s
[ 1530/24720] TestIOTimeout#test_timeout_gets_exception = 0.01 s
[ 1531/24720] TestIOTimeout#test_timeout_attribute = 0.01 s
 = 0.19 s
[ 1533/24720] TestIRB::CustomCommandIntegrationTest#test_arguments_propagation = 0.05 s
[ 1534/24720] TestIRB::CustomCommandIntegrationTest#test_command_registration_can_happen_after_irb_r
equire = 0.04 s
[ 1535/24720] TestIRB::CustomCommandIntegrationTest#test_command_registration_accepts_string_too = 0
.04 s
[ 1536/24720] TestIRB::CustomCommandIntegrationTest#test_def_extend_command_still_works = 0.04 s
[ 1537/24720] TestIRB::CustomCommandIntegrationTest#test_command_name_local_variable = 0.04 s
[ 1538/24720] TestIRB::CustomCommandIntegrationTest#test_no_meta_command_also_works = 0.04 s
[ 1539/24720] HTTPResponsesTest#test_status_code_classes = 0.09 s
[ 1540/24720] TestStringScannerFixedAnchor#test_check_until = 0.02 s
[ 1541/24720] TestStringScannerFixedAnchor#test_scan_integer_encoding = 0.01 s
[ 1542/24720] TestStringScannerFixedAnchor#test_aref_without_regex = 0.01 s
[ 1543/24720] TestStringScannerFixedAnchor#test_rest_size = 0.01 s
[ 1544/24720] TestStringScannerFixedAnchor#test_check_until_string = 0.01 s
[ 1545/24720] TestStringScannerFixedAnchor#test_skip_with_begenning_of_line_anchor_match = 0.01 s
[ 1546/24720] TestStringScannerFixedAnchor#test_captures = 0.01 s
[ 1547/24720] TestStringScannerFixedAnchor#test_empty_encoding_utf8 = 0.01 s
[ 1548/24720] TestStringScannerFixedAnchor#test_s_mustc = 0.01 s
[ 1549/24720] TestStringScannerFixedAnchor#test_exist_p = 0.01 s
[ 1550/24720] TestStringScannerFixedAnchor#test_getch = 0.02 s
[ 1551/24720] TestStringScannerFixedAnchor#test_scan_integer_unmatch = 0.01 s
[ 1552/24720] TestStringScannerFixedAnchor#test_scan_full = 0.02 s
[ 1553/24720] TestStringScannerFixedAnchor#test_invalid_encoding_string = 0.01 s
[ 1554/24720] TestStringScannerFixedAnchor#test_scan_integer = 0.04 s
[ 1555/24720] TestStringScannerFixedAnchor#test_set_pos = 0.01 s
[ 1556/24720] TestStringScannerFixedAnchor#test_named_captures = 0.01 s
[ 1557/24720] TestStringScannerFixedAnchor#test_scan_byte = 0.01 s
[ 1558/24720] TestStringScannerFixedAnchor#test_match_p = 0.01 s
[ 1559/24720] TestStringScannerFixedAnchor#test_string_set_is_equal = 0.01 s
[ 1560/24720] TestStringScannerFixedAnchor#test_check = 0.01 s
[ 1561/24720] TestStringScannerFixedAnchor#test_skip_with_begenning_of_string_anchor_match = 0.01 s
[ 1562/24720] TestStringScannerFixedAnchor#test_get_byte = 0.02 s
[ 1563/24720] TestStringScannerFixedAnchor#test_scan = 0.03 s
[ 1564/24720] TestStringScannerFixedAnchor#test_scan_string = 0.02 s
[ 1565/24720] TestStringScannerFixedAnchor#test_peek = 0.01 s
[ 1566/24720] TestStringScannerFixedAnchor#test_encoding = 0.01 s
[ 1567/24720] TestStringScannerFixedAnchor#test_reset = 0.01 s
[ 1568/24720] TestStringScannerFixedAnchor#test_skip_until = 0.01 s
[ 1569/24720] TestStringScannerFixedAnchor#test_dup = 0.03 s
[ 1570/24720] TestStringScannerFixedAnchor#test_values_at = 0.01 s
[ 1571/24720] TestStringScannerFixedAnchor#test_terminate = 0.01 s
[ 1572/24720] TestStringScannerFixedAnchor#test_scan_until = 0.01 s
[ 1573/24720] TestStringScannerFixedAnchor#test_inspect = 0.02 s
[ 1574/24720] TestStringScannerFixedAnchor#test_string_append = 0.01 s
[ 1575/24720] TestStringScannerFixedAnchor#test_encoding_string = 0.01 s
[ 1576/24720] TestStringScannerFixedAnchor#test_search_full_string = 0.02 s
[ 1577/24720] TestStringScannerFixedAnchor#test_string = 0.01 s
[ 1578/24720] TestStringScannerFixedAnchor#test_pos_unicode = 0.01 s
[ 1579/24720] TestStringScannerFixedAnchor#test_concat = 0.01 s
[ 1580/24720] TestStringScannerFixedAnchor#test_s_new = 0.01 s
[ 1581/24720] TestStringScannerFixedAnchor#test_peek_byte = 0.01 s
[ 1582/24720] TestStringScannerFixedAnchor#test_post_match = 0.02 s
[ 1583/24720] TestStringScannerFixedAnchor#test_inspect2 = 0.01 s
[ 1584/24720] TestStringScannerFixedAnchor#test_scan_shared_string = 0.01 s
[ 1585/24720] TestStringScannerFixedAnchor#test_s_allocate = 0.02 s
[ 1586/24720] TestStringScannerFixedAnchor#test_const_Version = 0.01 s
[ 1587/24720] TestStringScannerFixedAnchor#test_exist_p_string = 0.01 s
[ 1588/24720] TestStringScannerFixedAnchor#test_empty_encoding_ascii_8bit = 0.01 s
[ 1589/24720] TestStringScannerFixedAnchor#test_unscan = 0.01 s
[ 1590/24720] TestStringScannerFixedAnchor#test_skip_with_begenning_of_line_anchor_not_match = 0.01
s
[ 1591/24720] TestStringScannerFixedAnchor#test_bol? = 0.02 s
[ 1592/24720] TestStringScannerFixedAnchor#test_rest = 0.01 s
[ 1593/24720] TestStringScannerFixedAnchor#test_search_full = 0.02 s
[ 1594/24720] TestStringScannerFixedAnchor#test_AREF = 0.06 s
[ 1595/24720] TestStringScannerFixedAnchor#test_pos = 0.01 s
[ 1596/24720] TestStringScannerFixedAnchor#test_skip = 0.02 s
[ 1597/24720] TestStringScannerFixedAnchor#test_exist_p_invalid_argument = 0.01 s
[ 1598/24720] TestStringScannerFixedAnchor#test_scan_integer_base_16 = 0.05 s
[ 1599/24720] TestStringScannerFixedAnchor#test_matched = 0.02 s
[ 1600/24720] TestStringScannerFixedAnchor#test_size = 0.01 s
[ 1601/24720] TestStringScannerFixedAnchor#test_generic_regexp = 0.01 s
[ 1602/24720] TestStringScannerFixedAnchor#test_const_Id = 0.01 s
[ 1603/24720] TestStringScannerFixedAnchor#test_scan_until_string = 0.02 s
[ 1604/24720] TestStringScannerFixedAnchor#test_charpos_not_use_string_methods = 0.05 s
[ 1605/24720] TestStringScannerFixedAnchor#test_skip_with_begenning_of_string_anchor_not_match = 0.0
1 s
[ 1606/24720] TestStringScannerFixedAnchor#test_pre_match = 0.02 s
[ 1607/24720] TestStringScannerFixedAnchor#test_skip_until_string = 0.01 s
[ 1608/24720] TestStringScannerFixedAnchor#test_matched_size = 0.02 s
[ 1609/24720] TestStringScannerFixedAnchor#test_eos? = 0.02 s
[ 1610/24720] TestStringScannerFixedAnchor#test_scan_aref_repeatedly = 0.02 s
[ 1611/24720] Prism::RelocationTest#test_lines = 0.30 s
[ 1612/24720] Prism::RelocationTest#test_columns = 0.03 s
[ 1613/24720] Prism::RelocationTest#test_code_unit_offsets = 0.03 s
[ 1614/24720] Prism::RelocationTest#test_leading_comments = 0.12 s
[ 1615/24720] Prism::RelocationTest#test_character_offsets = 0.02 s
[ 1616/24720] Prism::RelocationTest#test_misconfiguration = 0.03 s
[ 1617/24720] Prism::RelocationTest#test_missing_values = 0.02 s
[ 1618/24720] Prism::RelocationTest#test_repository_filepath = 0.79 s
[ 1619/24720] Prism::RelocationTest#test_comments = 0.03 s
[ 1620/24720] Prism::RelocationTest#test_character_columns = 0.03 s
[ 1621/24720] Prism::RelocationTest#test_trailing_comments = 0.03 s
[ 1622/24720] Prism::RelocationTest#test_filepath = 0.77 s
[ 1623/24720] Prism::RelocationTest#test_code_unit_columns = 0.03 s
[ 1624/24720] Prism::RelocationTest#test_offsets = 0.02 s
[ 1625/24720] TestIRB::NestedBindingIrbTest#test_current_context_restore = 0.04 s
[ 1626/24720] TestSocket_UNIXSocket#test_autobind = 0.01 s
[ 1627/24720] TestSocket_UNIXSocket#test_epipe = 0.02 s
[ 1628/24720] TestSocket_UNIXSocket#test_sendcred_cmsgcred = 0.06 s
[ 1629/24720] TestSocket_UNIXSocket#test_stream_pair = 0.03 s
[ 1630/24720] TestSocket_UNIXSocket#test_getcred_ucred = 0.01 s
[ 1631/24720] TestSocket_UNIXSocket#test_fd_passing_race_condition = 2.11 s
[ 1632/24720] TestSocket_UNIXSocket#test_getcred_xucred = 0.04 s
[ 1633/24720] TestSocket_UNIXSocket#test_sendmsg_ancillarydata_unix_rights = 0.02 s
[ 1634/24720] TestSocket_UNIXSocket#test_dgram_pair_sendrecvmsg_errno_set = 0.03 s
[ 1635/24720] TestSocket_UNIXSocket#test_abstract_unix_socket_econnrefused = 0.01 s
[ 1636/24720] TestSocket_UNIXSocket#test_abstract_namespace = 0.01 s
[ 1637/24720] TestSocket_UNIXSocket#test_sendmsg_ancillarydata_int = 0.02 s
[ 1638/24720] TestSocket_UNIXSocket#test_sendcred_ucred = 0.01 s
[ 1639/24720] TestSocket_UNIXSocket#test_abstract_unix_server_socket = 0.01 s
[ 1640/24720] TestSocket_UNIXSocket#test_noname_recvfrom = 0.01 s
[ 1641/24720] TestSocket_UNIXSocket#test_open_nul_byte = 0.03 s
[ 1642/24720] TestSocket_UNIXSocket#test_sendmsg = 0.02 s
[ 1643/24720] TestSocket_UNIXSocket#test_cloexec = 0.03 s
[ 1644/24720] TestSocket_UNIXSocket#test_dgram_pair = 0.03 s
[ 1645/24720] TestSocket_UNIXSocket#test_noname_unpack_sockaddr_un = 0.02 s
[ 1646/24720] TestSocket_UNIXSocket#test_unix_socket_pair_with_block = 0.01 s
[ 1647/24720] TestSocket_UNIXSocket#test_fd_passing = 0.02 s
[ 1648/24720] TestSocket_UNIXSocket#test_fd_passing_n2 = 0.12 s
[ 1649/24720] TestSocket_UNIXSocket#test_noname_path = 0.01 s
[ 1650/24720] TestSocket_UNIXSocket#test_unix_socket_pair_close_on_exec = 0.01 s
[ 1651/24720] TestSocket_UNIXSocket#test_fd_passing_n = 0.11 s
[ 1652/24720] TestSocket_UNIXSocket#test_socket_pair_with_block = 0.01 s
[ 1653/24720] TestSocket_UNIXSocket#test_accept_nonblock = 0.03 s
[ 1654/24720] TestSocket_UNIXSocket#test_unix_server_socket = 0.03 s
[ 1655/24720] TestSocket_UNIXSocket#test_addr = 0.03 s
[ 1656/24720] TestSocket_UNIXSocket#test_abstract_unix_server = 0.01 s
[ 1657/24720] TestSocket_UNIXSocket#test_initialize = 0.04 s
[ 1658/24720] TestSocket_UNIXSocket#test_seqpacket_pair = 0.02 s
[ 1659/24720] TestSocket_UNIXSocket#test_too_long_path = 0.01 s
[ 1660/24720] TestSocket_UNIXSocket#test_recvmsg = 0.03 s
[ 1661/24720] TestSocket_UNIXSocket#test_fd_passing_class_mode = 0.02 s
[ 1662/24720] TestSocket_UNIXSocket#test_noname_recv_nonblock = 0.01 s
[ 1663/24720] TestSocket_UNIXSocket#test_noname_peeraddr = 0.01 s
[ 1664/24720] TestSocket_UNIXSocket#test_getpeereid = 0.03 s
[ 1665/24720] TestSocket_UNIXSocket#test_noname_addr = 0.01 s
[ 1666/24720] TestSocket_UNIXSocket#test_sendcred_sockcred = 0.05 s
[ 1667/24720] TestRDocMarkupToTableOfContents#test_accept_list_item_end_bullet = 0.10 s
[ 1668/24720] TestRDocMarkupToTableOfContents#test_accept_rule = 0.05 s
[ 1669/24720] TestRDocMarkupToTableOfContents#test_suppressed_eh = 0.05 s
[ 1670/24720] TestRDocMarkupToTableOfContents#test_accept_list_end_bullet = 0.05 s
[ 1671/24720] TestRDocMarkupToTableOfContents#test_accept_list_item_start_label = 0.05 s
[ 1672/24720] TestRDocMarkupToTableOfContents#test_accept_list_item_start_bullet = 0.05 s
[ 1673/24720] TestRDocMarkupToTableOfContents#test_accept_paragraph_underscore = 0.05 s
[ 1674/24720] TestRDocMarkupToTableOfContents#test_accept_list_start_lalpha = 0.05 s
[ 1675/24720] TestRDocMarkupToTableOfContents#test_accept_heading = 0.05 s
[ 1676/24720] TestRDocMarkupToTableOfContents#test_accept_list_end_label = 0.05 s
[ 1677/24720] TestRDocMarkupToTableOfContents#test_accept_heading_3 = 0.05 s
[ 1678/24720] TestRDocMarkupToTableOfContents#test_accept_heading_suppressed_crossref = 0.05 s
[ 1679/24720] TestRDocMarkupToTableOfContents#test_accept_heading_1 = 0.05 s
[ 1680/24720] TestRDocMarkupToTableOfContents#test_accept_list_start_ualpha = 0.05 s
[ 1681/24720] TestRDocMarkupToTableOfContents#test_accept_block_quote = 0.05 s
[ 1682/24720] TestRDocMarkupToTableOfContents#test_accept_paragraph_break = 0.05 s
[ 1683/24720] TestRDocMarkupToTableOfContents#test_accept_verbatim = 0.05 s
[ 1684/24720] TestRDocMarkupToTableOfContents#test_accept_paragraph_i = 0.05 s
[ 1685/24720] TestRDocMarkupToTableOfContents#test_list_verbatim = 0.05 s
[ 1686/24720] TestRDocMarkupToTableOfContents#test_list_nested = 0.05 s
[ 1687/24720] TestRDocMarkupToTableOfContents#test_accept_document = 0.05 s
[ 1688/24720] TestRDocMarkupToTableOfContents#test_accept_list_item_start_number = 0.05 s
[ 1689/24720] TestRDocMarkupToTableOfContents#test_accept_heading_b = 0.05 s
[ 1690/24720] TestRDocMarkupToTableOfContents#test_accept_list_end_number = 0.05 s
[ 1691/24720] TestRDocMarkupToTableOfContents#test_accept_list_item_end_number = 0.05 s
[ 1692/24720] TestRDocMarkupToTableOfContents#test_accept_document_omit_headings_below = 0.05 s
[ 1693/24720] TestRDocMarkupToTableOfContents#test_accept_list_start_bullet = 0.05 s
[ 1694/24720] TestRDocMarkupToTableOfContents#test_accept_list_item_end_label = 0.05 s
[ 1695/24720] TestRDocMarkupToTableOfContents#test_accept_paragraph_plus = 0.05 s
[ 1696/24720] TestRDocMarkupToTableOfContents#test_accept_list_item_end_lalpha = 0.05 s
[ 1697/24720] TestRDocMarkupToTableOfContents#test_accept_list_item_start_note = 0.05 s
[ 1698/24720] TestRDocMarkupToTableOfContents#test_accept_raw = 0.05 s
[ 1699/24720] TestRDocMarkupToTableOfContents#test_accept_list_end_lalpha = 0.05 s
[ 1700/24720] TestRDocMarkupToTableOfContents#test_accept_list_start_note = 0.05 s
[ 1701/24720] TestRDocMarkupToTableOfContents#test_end_accepting = 0.05 s
[ 1702/24720] TestRDocMarkupToTableOfContents#test_accept_list_item_start_lalpha = 0.05 s
[ 1703/24720] TestRDocMarkupToTableOfContents#test_accept_list_item_end_ualpha = 0.05 s
[ 1704/24720] TestRDocMarkupToTableOfContents#test_accept_list_end_ualpha = 0.05 s
[ 1705/24720] TestRDocMarkupToTableOfContents#test_accept_list_item_start_ualpha = 0.05 s
[ 1706/24720] TestRDocMarkupToTableOfContents#test_accept_paragraph_b = 0.05 s
[ 1707/24720] TestRDocMarkupToTableOfContents#test_accept_list_start_label = 0.05 s
[ 1708/24720] TestRDocMarkupToTableOfContents#test_accept_heading_4 = 0.05 s
[ 1709/24720] TestRDocMarkupToTableOfContents#test_accept_paragraph = 0.05 s
[ 1710/24720] TestRDocMarkupToTableOfContents#test_accept_blank_line = 0.05 s
[ 1711/24720] TestRDocMarkupToTableOfContents#test_accept_paragraph_star = 0.05 s
[ 1712/24720] TestRDocMarkupToTableOfContents#test_accept_heading_2 = 0.05 s
[ 1713/24720] TestRDocMarkupToTableOfContents#test_accept_list_item_start_note_2 = 0.05 s
[ 1714/24720] TestRDocMarkupToTableOfContents#test_accept_paragraph_br = 0.05 s
[ 1715/24720] TestRDocMarkupToTableOfContents#test_accept_list_item_end_note = 0.05 s
[ 1716/24720] TestRDocMarkupToTableOfContents#test_start_accepting = 0.05 s
[ 1717/24720] TestRDocMarkupToTableOfContents#test_accept_list_item_start_note_multi_description = 0
.05 s
[ 1718/24720] TestRDocMarkupToTableOfContents#test_accept_list_item_start_note_multi_label = 0.05 s
[ 1719/24720] TestRDocMarkupToTableOfContents#test_accept_heading_suppressed = 0.05 s
[ 1720/24720] TestRDocMarkupToTableOfContents#test_accept_list_start_number = 0.05 s
[ 1721/24720] TestRDocMarkupToTableOfContents#test_accept_list_end_note = 0.05 s
[ 1722/24720] TestFiberEnumerator#test_read_characters = 0.08 s
[ 1723/24720] OpenSSL::TestPKCS12#test_create_with_mac_itr = 2.41 s
[ 1724/24720] OpenSSL::TestPKCS12#test_create_with_chain_decode = 2.71 s
[ 1725/24720] OpenSSL::TestPKCS12#test_dup = 2.39 s
[ 1726/24720] OpenSSL::TestPKCS12#test_create_with_keytype = 2.40 s
[ 1727/24720] OpenSSL::TestPKCS12#test_new_with_no_keys = 2.33 s
[ 1728/24720] OpenSSL::TestPKCS12#test_new_with_no_certs = 2.84 s
[ 1729/24720] OpenSSL::TestPKCS12#test_create_no_pass = 2.66 s
[ 1730/24720] OpenSSL::TestPKCS12#test_create_with_chain = 2.43 s
[ 1731/24720] OpenSSL::TestPKCS12#test_set_mac_pkcs12kdf = 2.82 s
[ 1732/24720] OpenSSL::TestPKCS12#test_create_single_key_single_cert = 2.68 s
[ 1733/24720] OpenSSL::TestPKCS12#test_create_with_itr = 2.41 s
[ 1734/24720] OpenSSL::TestPKCS12#test_create_with_bad_nid = 2.22 s
[ 1735/24720] TestFile::NewlineConvTests#test_c_rb_io_fdopen_text_mode_write_lf = 0.06 s
[ 1736/24720] TestFile::NewlineConvTests#test_c_rb_file_open_bin_mode_read_crlf = 0.04 s
[ 1737/24720] TestFile::NewlineConvTests#test_c_rb_file_open_bin_mode_read_crlf_with_utf8_encoding =
 0.04 s
[ 1738/24720] TestFile::NewlineConvTests#test_ruby_file_open_bin_mode_read_lf = 0.04 s
[ 1739/24720] TestFile::NewlineConvTests#test_c_rb_io_fdopen_text_mode_read_lf = 0.04 s
[ 1740/24720] TestFile::NewlineConvTests#test_c_rb_file_open_text_mode_read_crlf_with_utf8_encoding
= 0.04 s
[ 1741/24720] TestFile::NewlineConvTests#test_c_rb_io_fdopen_bin_mode_write_crlf = 0.04 s
[ 1742/24720] TestFile::NewlineConvTests#test_ruby_file_open_text_mode_read_lf_with_utf8_encoding =
0.04 s
[ 1743/24720] TestFile::NewlineConvTests#test_ruby_file_open_bin_mode_read_crlf = 0.04 s
[ 1744/24720] TestFile::NewlineConvTests#test_c_rb_io_fdopen_bin_mode_read_lf_with_utf8_encoding = 0
.04 s
[ 1745/24720] TestFile::NewlineConvTests#test_c_rb_io_fdopen_text_mode_read_crlf = 0.04 s
[ 1746/24720] TestFile::NewlineConvTests#test_c_rb_io_fdopen_bin_mode_write_lf = 0.04 s
[ 1747/24720] TestFile::NewlineConvTests#test_c_rb_io_fdopen_text_mode_read_lf_with_utf8_encoding =
0.04 s
[ 1748/24720] TestFile::NewlineConvTests#test_c_rb_file_open_text_mode_read_lf_with_utf8_encoding =
0.04 s
[ 1749/24720] TestFile::NewlineConvTests#test_c_rb_io_fdopen_bin_mode_read_lf = 0.04 s
[ 1750/24720] TestFile::NewlineConvTests#test_ruby_file_open_text_mode_read_crlf = 0.04 s
[ 1751/24720] TestFile::NewlineConvTests#test_ruby_file_open_text_mode_read_crlf_with_utf8_encoding
= 0.04 s
[ 1752/24720] TestFile::NewlineConvTests#test_c_rb_file_open_bin_mode_read_lf_with_utf8_encoding = 0
.04 s
[ 1753/24720] TestFile::NewlineConvTests#test_ruby_file_open_bin_mode_write_crlf = 0.04 s
[ 1754/24720] TestFile::NewlineConvTests#test_c_rb_file_open_bin_mode_write_lf = 0.04 s
[ 1755/24720] TestFile::NewlineConvTests#test_ruby_file_open_bin_mode_write_lf = 0.04 s
[ 1756/24720] TestFile::NewlineConvTests#test_c_rb_file_open_text_mode_write_lf = 0.05 s
[ 1757/24720] TestFile::NewlineConvTests#test_c_rb_io_fdopen_bin_mode_read_crlf = 0.04 s
[ 1758/24720] TestFile::NewlineConvTests#test_c_rb_file_open_text_mode_read_lf = 0.04 s
[ 1759/24720] TestFile::NewlineConvTests#test_ruby_file_open_text_mode_read_lf = 0.04 s
[ 1760/24720] TestFile::NewlineConvTests#test_ruby_file_open_text_mode_write_lf = 0.04 s
[ 1761/24720] TestFile::NewlineConvTests#test_c_rb_file_open_text_mode_read_crlf = 0.04 s
[ 1762/24720] TestFile::NewlineConvTests#test_c_rb_file_open_bin_mode_write_crlf = 0.04 s
[ 1763/24720] TestFile::NewlineConvTests#test_ruby_file_open_bin_mode_read_crlf_with_utf8_encoding =
 0.04 s
[ 1764/24720] TestFile::NewlineConvTests#test_c_rb_file_open_bin_mode_read_lf = 0.04 s
[ 1765/24720] TestFile::NewlineConvTests#test_c_rb_io_fdopen_bin_mode_read_crlf_with_utf8_encoding =
 0.04 s
[ 1766/24720] TestFile::NewlineConvTests#test_ruby_file_open_bin_mode_read_lf_with_utf8_encoding = 0
.04 s
[ 1767/24720] TestFile::NewlineConvTests#test_c_rb_io_fdopen_text_mode_read_crlf_with_utf8_encoding
= 0.04 s
[ 1768/24720] TestWait#test_wait_for_valid_fd = 0.02 s
[ 1769/24720] TestWait#test_wait_for_invalid_fd = 8.99 s
[ 1770/24720] TestWait#test_wait_for_closed_pipe = 0.02 s
[ 1771/24720] JaroWinklerTest#test_jarowinkler_distance_with_utf8_strings = 0.06 s
[ 1772/24720] JaroWinklerTest#test_jaro_winkler_distance = 0.11 s
[ 1773/24720] TestNetHTTPSwitchingProtocols#test_info = 0.18 s
[ 1774/24720] TestIRB::RubyLexTest#test_unterminated_code = 0.05 s
[ 1775/24720] TestIRB::RubyLexTest#test_initialising_the_old_top_level_ruby_lex = 17.15 s
[ 1776/24720] TestIRB::RubyLexTest#test_indent_level_with_heredoc_and_embdoc = 0.28 s
[ 1777/24720] TestIRB::RubyLexTest#test_broken_percent_literal = 0.03 s
[ 1778/24720] TestIRB::RubyLexTest#test_code_block_open_with_should_continue = 0.21 s
[ 1779/24720] TestIRB::RubyLexTest#test_literal_ends_with_newline = 0.05 s
[ 1780/24720] TestIRB::RubyLexTest#test_unterminated_heredoc_string_literal = 0.14 s
[ 1781/24720] TestIRB::RubyLexTest#test_should_continue = 0.26 s
[ 1782/24720] TestIRB::RubyLexTest#test_broken_percent_literal_in_method = 0.06 s
[ 1783/24720] TestIRB::RubyLexTest#test_interpolate_token_with_heredoc_and_unclosed_embexpr = 0.18 s
[ 1784/24720] TestIRB::RubyLexTest#test_literal_ends_with_space = 0.05 s
[ 1785/24720] TestIRB::RubyLexTest#test_local_variables_dependent_code = 0.21 s
[ 1786/24720] TestIRB::RubyLexTest#test_assignment_expression_with_local_variable = 0.04 s
[ 1787/24720] TestIRB::RubyLexTest#test_assignment_expression = 0.18 s
[ 1788/24720] TestLogDevice#test_shifting_age_in_multiprocess = 7.08 s
[ 1789/24720] TestLogDevice#test_shifting_monthly = 3.48 s
[ 1790/24720] TestLogDevice#test_shifting_midnight = 4.29 s
[ 1791/24720] TestLogDevice#test_shifting_weekly_exist_file = 3.53 s
[ 1792/24720] TestLogDevice#test_shifting_size = 0.33 s
[ 1793/24720] TestLogDevice#test_write = 0.04 s
[ 1794/24720] TestLogDevice#test_reopen_file_by_file = 0.05 s
[ 1795/24720] TestLogDevice#test_shifting_monthly_dst_change = 9.56 s
[ 1796/24720] TestLogDevice#test_shifting_dst_change = 3.48 s
[ 1797/24720] TestLogDevice#test_shifting_age_variants = 0.07 s
[ 1798/24720] TestLogDevice#test_reopen_io = 0.03 s
[ 1799/24720] TestLogDevice#test_shifting_size_in_multiprocess = 6.87 s
[ 1800/24720] TestLogDevice#test_reopen_io_by_file = 0.04 s
[ 1801/24720] TestLogDevice#test_close = 0.03 s
[ 1802/24720] TestLogDevice#test_initialize = 0.09 s
[ 1803/24720] TestLogDevice#test_shifting_weekly = 3.48 s
[ 1804/24720] TestLogDevice#test_open_logfile_in_multiprocess = 131.93 s
[ 1805/24720] TestLogDevice#test_reopen_file_by_io = 0.04 s
[ 1806/24720] TestLogDevice#test_shifting_age = 0.12 s
[ 1807/24720] TestLogDevice#test_shifting_monthly_exist_file = 3.48 s
[ 1808/24720] TestLogDevice#test_shifting_midnight_exist_file = 3.40 s
[ 1809/24720] TestLogDevice#test_reopen_io_by_io = 0.03 s
[ 1810/24720] TestLogDevice#test_invalid_shifting_age = 0.03 s
[ 1811/24720] TestLogDevice#test_shifting_period_suffix = 0.21 s
[ 1812/24720] TestLogDevice#test_shifting_weekly_dst_change = 9.47 s
[ 1813/24720] TestLogDevice#test_reopen_file = 0.04 s
[ 1814/24720] TestLogDevice#test_shifting_size_not_rotate_too_much = 0.76 s
[ 1815/24720] TestFiberThread#test_thread_join = 0.06 s
[ 1816/24720] TestFiberThread#test_thread_join_hang = 0.59 s
[ 1817/24720] TestFiberThread#test_thread_join_timeout = 0.16 s
[ 1818/24720] TestFiberThread#test_broken_unblock = 0.05 s
[ 1819/24720] TestFiberThread#test_thread_join_implicit = 0.14 s
[ 1820/24720] TestFiberThread#test_thread_join_blocking = 0.04 s
[ 1821/24720] TestRDocParserSimple#test_remove_coding_comment = 0.08 s
[ 1822/24720] TestRDocParserSimple#test_scan = 0.05 s
[ 1823/24720] TestRDocParserSimple#test_initialize_metadata = 0.05 s
[ 1824/24720] TestRDocParserSimple#test_remove_private_comments = 0.05 s
[ 1825/24720] TestRDocParserSimple#test_remove_private_comments_star = 0.05 s
[ 1826/24720] TestRDocParserSimple#test_remove_private_comments_rule = 0.05 s
[ 1827/24720] Bug::Marshal::TestInternalIVar#test_marshal = 0.03 s
[ 1828/24720] Test_BUG_3571#test_block_call_id = 2.43 s
[ 1829/24720] Bug::Struct::Test_Duplicate#test_new_duplicate_under = 0.03 s
[ 1830/24720] Bug::Struct::Test_Duplicate#test_new_duplicate = 0.03 s
[ 1831/24720] TestComprehensiveCaseMapping#test_data_files_available = 0.04 s
[ 1832/24720] PrettyPrintTest::StrictPrettyExample#test_08 = 0.06 s
[ 1833/24720] PrettyPrintTest::StrictPrettyExample#test_06 = 0.05 s
[ 1834/24720] PrettyPrintTest::StrictPrettyExample#test_11_31 = 0.13 s
[ 1835/24720] PrettyPrintTest::StrictPrettyExample#test_00_04 = 0.09 s
[ 1836/24720] PrettyPrintTest::StrictPrettyExample#test_32 = 0.05 s
[ 1837/24720] PrettyPrintTest::StrictPrettyExample#test_10 = 0.05 s
[ 1838/24720] PrettyPrintTest::StrictPrettyExample#test_09 = 0.05 s
[ 1839/24720] PrettyPrintTest::StrictPrettyExample#test_07 = 0.05 s
[ 1840/24720] PrettyPrintTest::StrictPrettyExample#test_05 = 0.05 s
[ 1841/24720] TestNetHTTPKeepAlive#test_keep_alive_get_auto_retry = 1.74 s
[ 1842/24720] TestNetHTTPKeepAlive#test_keep_alive_server_close = 0.15 s
[ 1843/24720] TestNetHTTPKeepAlive#test_server_closed_connection_auto_reconnect = 1.70 s
[ 1844/24720] TestNetHTTPKeepAlive#test_http_retry_success = 0.14 s
[ 1845/24720] TestNetHTTPKeepAlive#test_keep_alive_get_auto_reconnect = 1.66 s
[ 1846/24720] TestNetHTTPKeepAlive#test_http_retry_failed_with_block = 0.11 s
[ 1847/24720] TestNetHTTPKeepAlive#test_keep_alive_reset_on_new_connection = 1.67 s
[ 1848/24720] TestNetHTTPKeepAlive#test_http_retry_failed = 0.16 s
[ 1849/24720] TestWarning#test_warn_called_only_when_category_enabled = 17.88 s
[ 1850/24720] TestCoverage#test_branch_coverage_for_if_statement = 2.60 s
[ 1851/24720] TestCoverage#test_branch_coverage_for_safe_method_invocation = 3.29 s
[ 1852/24720] TestCoverage#test_line_coverage_for_multiple_lines = 2.52 s
[ 1853/24720] TestCoverage#test_coverage_optimized_branch = 2.58 s
[ 1854/24720] TestCoverage#test_double_resume = 2.41 s
[ 1855/24720] TestCoverage#test_branch_coverage_for_case_statement = 2.60 s
[ 1856/24720] TestCoverage#test_coverage_in_main_script = 2.48 s
[ 1857/24720] TestCoverage#test_coverage_ensure_if_return = 2.59 s
[ 1858/24720] TestCoverage#test_nocoverage_optimized_line = 7.52 s
[ 1859/24720] TestCoverage#test_result_without_start = 2.37 s
[ 1860/24720] TestCoverage#test_clear_with_methods = 3.29 s
[ 1861/24720] TestCoverage#test_branch_coverage_in_ensure_clause = 2.53 s
[ 1862/24720] TestCoverage#test_line_stub = 0.06 s
[ 1863/24720] TestCoverage#test_method_coverage_for_singleton_class = 2.59 s
[ 1864/24720] TestCoverage#test_branch_coverage_for_pattern_matching = 2.58 s
[ 1865/24720] TestCoverage#test_result_after_suspend = 2.43 s
[ 1866/24720] TestCoverage#test_coverage_state = 4.89 s
[ 1867/24720] TestCoverage#test_method_coverage_for_define_method = 2.60 s
[ 1868/24720] TestCoverage#test_peek_result_without_start = 2.49 s
[ 1869/24720] TestCoverage#test_coverage_with_asan = 2.62 s
[ 1870/24720] TestCoverage#test_tag_break_with_branch_coverage = 2.56 s
[ 1871/24720] TestCoverage#test_clear_with_lines = 2.58 s
[ 1872/24720] TestCoverage#test_coverage_running? = 2.44 s
[ 1873/24720] TestCoverage#test_result_with_nothing = 2.59 s
[ 1874/24720] TestCoverage#test_clear_with_oneshot_lines = 2.54 s
[ 1875/24720] TestCoverage#test_restarting_coverage = 2.58 s
[ 1876/24720] TestCoverage#test_result_without_resume = 11.57 s
[ 1877/24720] TestCoverage#test_method_coverage_for_alias = 5.14 s
[ 1878/24720] TestCoverage#test_clear_with_branches = 2.58 s
[ 1879/24720] TestCoverage#test_branch_coverage_for_while_statement = 2.62 s
[ 1880/24720] TestCoverage#test_eval = 4.37 s
[ 1881/24720] TestCoverage#test_big_code = 6.32 s
[ 1882/24720] TestCoverage#test_method_coverage = 2.46 s
[ 1883/24720] TestCoverage#test_coverage_supported = 0.02 s
[ 1884/24720] TestCoverage#test_stop_wrong_peephole_optimization = 2.82 s
[ 1885/24720] TestCoverage#test_resume_without_setup = 2.75 s
[ 1886/24720] TestCoverage#test_coverage_suspendable = 27.97 s
[ 1887/24720] TestCoverage#test_eval_coverage = 2.46 s
[ 1888/24720] TestCoverage#test_double_suspend = 2.40 s
[ 1889/24720] TestCoverage#test_oneshot_line_coverage = 2.55 s
[ 1890/24720] TestCoverage#test_suspend_without_setup = 2.32 s
[ 1891/24720] TestCoverage#test_coverage_snapshot = 2.48 s
[ 1892/24720] TestRDocComment#test_text_equals_no_text = 0.06 s
[ 1893/24720] TestRDocComment#test_extract_call_seq_c_separator = 0.05 s
[ 1894/24720] TestRDocComment#test_text_equals = 0.03 s
[ 1895/24720] TestRDocComment#test_extract_call_seq_c = 0.04 s
[ 1896/24720] TestRDocComment#test_normalize_eh = 0.04 s
[ 1897/24720] TestRDocComment#test_extract_call_seq = 0.04 s
[ 1898/24720] TestRDocComment#test_text = 0.03 s
[ 1899/24720] TestRDocComment#test_remove_private_encoding = 0.03 s
[ 1900/24720] TestRDocComment#test_extract_call_seq_blank = 0.03 s
[ 1901/24720] TestRDocComment#test_format_equals = 0.07 s
[ 1902/24720] TestRDocComment#test_remove_private_long = 0.03 s
[ 1903/24720] TestRDocComment#test_extract_call_seq_undent = 0.04 s
[ 1904/24720] TestRDocComment#test_normalize = 0.04 s
[ 1905/24720] TestRDocComment#test_extract_call_seq_commented = 0.03 s
[ 1906/24720] TestRDocComment#test_parse = 0.04 s
[ 1907/24720] TestRDocComment#test_remove_private_star2 = 0.03 s
[ 1908/24720] TestRDocComment#test_format = 0.03 s
[ 1909/24720] TestRDocComment#test_initialize_copy = 0.03 s
[ 1910/24720] TestRDocComment#test_remove_private_toggle_encoding = 0.03 s
[ 1911/24720] TestRDocComment#test_tomdoc_eh = 0.03 s
[ 1912/24720] TestRDocComment#test_remove_private_toggle_encoding_ruby_bug? = 0.03 s
[ 1913/24720] TestRDocComment#test_remove_private_rule = 0.03 s
[ 1914/24720] TestRDocComment#test_extract_call_seq_no_blank = 0.03 s
[ 1915/24720] TestRDocComment#test_extract_call_linear_performance = 5.27 s
[ 1916/24720] TestRDocComment#test_text_equals_parsed = 0.05 s
[ 1917/24720] TestRDocComment#test_normalize_twice = 0.04 s
[ 1918/24720] TestRDocComment#test_empty_eh = 0.03 s
[ 1919/24720] TestRDocComment#test_location = 0.03 s
[ 1920/24720] TestRDocComment#test_force_encoding = 0.03 s
[ 1921/24720] TestRDocComment#test_normalize_document = 0.03 s
[ 1922/24720] TestRDocComment#test_equals2 = 0.03 s
[ 1923/24720] TestRDocComment#test_remove_private_toggle = 0.03 s
[ 1924/24720] TestRDocComment#test_parse_rd = 0.11 s
[ 1925/24720] TestRDocComment#test_remove_private_hash_trail = 0.03 s
[ 1926/24720] TestRDocComment#test_remove_private_hash = 0.03 s
[ 1927/24720] TestRDocComment#test_remove_private_star = 0.03 s
[ 1928/24720] TestRDocComment#test_extract_call_seq_c_no_blank = 0.04 s
[ 1929/24720] Prism::DesugarCompilerTest#test_operator_write = 1.81 s
[ 1930/24720] Prism::DesugarCompilerTest#test_and_write = 0.24 s
[ 1931/24720] Prism::DesugarCompilerTest#test_or_write = 0.30 s
[ 1932/24720] TestUri#test_redacted_does_not_modify_uri = 0.55 s
[ 1933/24720] TestUri#test_redacted_with_token = 0.53 s
[ 1934/24720] TestUri#test_redacted_without_credential = 0.52 s
[ 1935/24720] TestUri#test_to_s_not_string = 0.50 s
[ 1936/24720] TestUri#test_redacted_with_invalid_uri = 0.51 s
[ 1937/24720] TestUri#test_redacted_with_user_x_oauth_basic = 0.52 s
[ 1938/24720] TestUri#test_redacted_with_user_pass = 0.50 s
[ 1939/24720] TestUri#test_to_s_invalid_uri = 0.50 s
[ 1940/24720] TestGemResolverAPISet#test_find_all = 0.77 s
[ 1941/24720] TestGemResolverAPISet#test_prefetch = 0.79 s
[ 1942/24720] TestGemResolverAPISet#test_initialize_deeper_uri = 0.62 s
[ 1943/24720] TestGemResolverAPISet#test_initialize_uri = 0.52 s
[ 1944/24720] TestGemResolverAPISet#test_find_all_not_found = 0.70 s
[ 1945/24720] TestGemResolverAPISet#test_find_all_missing = 0.77 s
[ 1946/24720] TestGemResolverAPISet#test_find_all_prereleases = 0.79 s
[ 1947/24720] TestGemResolverAPISet#test_find_all_local = 0.59 s
[ 1948/24720] TestGemResolverAPISet#test_prefetch_cache_missing = 0.68 s
[ 1949/24720] TestGemResolverAPISet#test_find_all_cache = 0.78 s
[ 1950/24720] TestGemResolverAPISet#test_prefetch_local = 0.76 s
[ 1951/24720] TestGemResolverAPISet#test_initialize = 0.63 s
[ 1952/24720] TestGemResolverAPISet#test_prefetch_cache = 0.70 s
[ 1953/24720] Prism::NewlineTest#"test_library_symbols_test.rb" = 0.87 s
[ 1954/24720] Prism::NewlineTest#"test_ruby/pattern_test.rb" = 0.76 s
[ 1955/24720] Prism::NewlineTest#"test_api/parse_comments_test.rb" = 0.17 s
[ 1956/24720] Prism::NewlineTest#"test_encoding/symbol_encoding_test.rb" = 0.67 s
[ 1957/24720] Prism::NewlineTest#"test_fixtures_test.rb" = 0.13 s
[ 1958/24720] Prism::NewlineTest#"test_api/command_line_test.rb" = 0.64 s
[ 1959/24720] Prism::NewlineTest#"test_ruby/compiler_test.rb" = 0.16 s
[ 1960/24720] Prism::NewlineTest#"test_api/parse_stream_test.rb" = 0.49 s
[ 1961/24720] Prism::NewlineTest#"test_ruby/location_test.rb" = 1.82 s
[ 1962/24720] Prism::NewlineTest#"test_newline_test.rb" = 0.61 s
[ 1963/24720] Prism::NewlineTest#"test_result/integer_parse_test.rb" = 0.30 s
[ 1964/24720] Prism::NewlineTest#"test_ruby/ripper_test.rb" = 0.18 s
[ 1965/24720] Prism::NewlineTest#"test_result/static_inspect_test.rb" = 0.56 s
[ 1966/24720] Prism::NewlineTest#"test_result/numeric_value_test.rb" = 0.18 s
[ 1967/24720] Prism::NewlineTest#"test_ruby/dispatcher_test.rb" = 0.24 s
[ 1968/24720] Prism::NewlineTest#"test_result/constant_path_node_test.rb" = 0.36 s
[ 1969/24720] Prism::NewlineTest#"test_ruby/string_query_test.rb" = 0.41 s
[ 1970/24720] Prism::NewlineTest#"test_result/comments_test.rb" = 0.72 s
[ 1971/24720] Prism::NewlineTest#"test_api/dump_test.rb" = 0.36 s
[ 1972/24720] Prism::NewlineTest#"test_bom_test.rb" = 0.29 s
[ 1973/24720] Prism::NewlineTest#"test_result/attribute_write_test.rb" = 0.27 s
[ 1974/24720] Prism::NewlineTest#"test_ruby/desugar_compiler_test.rb" = 0.54 s
[ 1975/24720] Prism::NewlineTest#"test_result/regular_expression_options_test.rb" = 0.20 s
[ 1976/24720] Prism::NewlineTest#"test_result/implicit_array_test.rb" = 0.30 s
[ 1977/24720] Prism::NewlineTest#"test_onigmo_test.rb" = 0.37 s
[ 1978/24720] Prism::NewlineTest#"test_fuzzer_test.rb" = 0.34 s
[ 1979/24720] Prism::NewlineTest#"test_result/heredoc_test.rb" = 0.13 s
[ 1980/24720] Prism::NewlineTest#"test_result/equality_test.rb" = 0.15 s
[ 1981/24720] Prism::NewlineTest#"test_api/parse_test.rb" = 1.01 s
[ 1982/24720] Prism::NewlineTest#"test_result/node_id_test.rb" = 0.16 s
[ 1983/24720] Prism::NewlineTest#"test_magic_comment_test.rb" = 0.62 s
[ 1984/24720] Prism::NewlineTest#"test_encoding/encodings_test.rb" = 0.65 s
[ 1985/24720] Prism::NewlineTest#"test_result/index_write_test.rb" = 0.25 s
[ 1986/24720] Prism::NewlineTest#"test_percent_delimiter_string_test.rb" = 0.46 s
[ 1987/24720] Prism::NewlineTest#"test_heredoc_dedent_test.rb" = 0.53 s
[ 1988/24720] Prism::NewlineTest#"test_ruby/tunnel_test.rb" = 0.17 s
[ 1989/24720] Prism::NewlineTest#"test_lex_test.rb" = 0.45 s
[ 1990/24720] Prism::NewlineTest#"test_ruby/parameters_signature_test.rb" = 0.52 s
[ 1991/24720] Prism::NewlineTest#"test_ruby/reflection_test.rb" = 0.13 s
[ 1992/24720] Prism::NewlineTest#"test_result/integer_base_flags_test.rb" = 0.17 s
[ 1993/24720] Prism::NewlineTest#"test_result/overlap_test.rb" = 0.23 s
[ 1994/24720] Prism::NewlineTest#"test_api/parse_success_test.rb" = 0.09 s
[ 1995/24720] Prism::NewlineTest#"test_result/source_location_test.rb" = 6.98 s
[ 1996/24720] Prism::NewlineTest#"test_ruby/relocation_test.rb" = 1.31 s
[ 1997/24720] Prism::NewlineTest#"test_api/lex_test.rb" = 0.12 s
[ 1998/24720] Prism::NewlineTest#"test_newline_offsets_test.rb" = 0.14 s
[ 1999/24720] Prism::NewlineTest#"test_version_test.rb" = 0.06 s
[ 2000/24720] TestProfileFrames#test_profile_thread_frames = 0.16 s
[ 2001/24720] TestProfileFrames#test_profile_frames = 0.13 s
[ 2002/24720] TestProfileFrames#test_ifunc_frame = 8.31 s
[ 2003/24720] TestProfileFrames#test_matches_backtrace_locations_main_thread = 0.15 s
[ 2004/24720] TestProfileFrames#test_start = 0.03 s
[ 2005/24720] Test_StringExternalNew#test_external_new_with_enc = 0.10 s
[ 2006/24720] Test_StringExternalNew#test_buf_new = 0.01 s
[ 2007/24720] TestKeywordArguments#test_keyword_splat_nil = 0.04 s
[ 2008/24720] TestKeywordArguments#test_UnboundMethod_bindcall_kwsplat_call = 0.32 s
[ 2009/24720] TestKeywordArguments#test_splat_hash = 0.07 s
[ 2010/24720] TestKeywordArguments#test_unknown_keyword = 0.03 s
[ 2011/24720] TestKeywordArguments#test_ruby2_keywords = 0.26 s
[ 2012/24720] TestKeywordArguments#test_top_ruby2_keywords = 2.44 s
[ 2013/24720] TestKeywordArguments#test_precedence_of_keyword_arguments = 0.02 s
[ 2014/24720] TestKeywordArguments#test_splat_hash_conversion = 0.02 s
[ 2015/24720] TestKeywordArguments#test_anon_splat_ruby2_keywords_bug_20388 = 0.02 s
[ 2016/24720] TestKeywordArguments#test_define_method_method_kwsplat = 0.38 s
[ 2017/24720] TestKeywordArguments#test_p5 = 0.03 s
[ 2018/24720] TestKeywordArguments#test_Fiber_resume_kwsplat = 0.12 s
[ 2019/24720] TestKeywordArguments#test_unknown_keyword_with_block = 0.04 s
[ 2020/24720] TestKeywordArguments#test_method_missing_kwsplat = 0.32 s
[ 2021/24720] TestKeywordArguments#test_zsuper_only_anonymous_kwrest = 0.01 s
[ 2022/24720] TestKeywordArguments#test_p1 = 0.04 s
[ 2023/24720] TestKeywordArguments#test_kwrest_overwritten = 0.03 s
[ 2024/24720] TestKeywordArguments#test_p3 = 0.02 s
[ 2025/24720] TestKeywordArguments#test_explicit_super_kwsplat = 0.33 s
[ 2026/24720] TestKeywordArguments#test_anon_splat_ruby2_keywords = 0.02 s
[ 2027/24720] TestKeywordArguments#test_non_keyword_hash_subclass = 0.02 s
[ 2028/24720] TestKeywordArguments#test_do_not_use_newarraykwsplat = 0.01 s
[ 2029/24720] TestKeywordArguments#test_gced_object_in_stack = 23.53 s
[ 2030/24720] TestKeywordArguments#test_required_keyword_with_newline = 0.03 s
[ 2031/24720] TestKeywordArguments#test_ruby2_keywords_bug_20679 = 0.01 s
[ 2032/24720] TestKeywordArguments#test_block_required_keyword = 0.20 s
[ 2033/24720] TestKeywordArguments#test_Enumerator_Yielder_yield_kwsplat = 0.38 s
[ 2034/24720] TestKeywordArguments#test_send_kwsplat = 0.35 s
[ 2035/24720] TestKeywordArguments#test_nonsymbol_key = 0.01 s
[ 2036/24720] TestKeywordArguments#test_to_hash_call_during_setup_complex_parameters = 0.02 s
[ 2037/24720] TestKeywordArguments#test_attr_writer_method_kwsplat = 0.04 s
[ 2038/24720] TestKeywordArguments#test_unset_hash_flag = 0.03 s
[ 2039/24720] TestKeywordArguments#test_method_parameters = 0.03 s
[ 2040/24720] TestKeywordArguments#test_Class_new_method_kwsplat_call = 0.37 s
[ 2041/24720] TestKeywordArguments#test_f7 = 0.02 s
[ 2042/24720] TestKeywordArguments#test_define_method_kwsplat = 0.35 s
[ 2043/24720] TestKeywordArguments#test_f5 = 0.03 s
[ 2044/24720] TestKeywordArguments#test_keyword_with_anonymous_keyword_splat = 0.01 s
[ 2045/24720] TestKeywordArguments#test_f3 = 0.03 s
[ 2046/24720] TestKeywordArguments#test_splat_keyword_nondestructive = 0.01 s
[ 2047/24720] TestKeywordArguments#test_proc_ruby2_keywords = 0.07 s
[ 2048/24720] TestKeywordArguments#test_dig_method_missing_kwsplat = 0.28 s
[ 2049/24720] TestKeywordArguments#test_f1 = 0.05 s
[ 2050/24720] TestKeywordArguments#test_super_with_keyword_kwrest = 0.01 s
[ 2051/24720] TestKeywordArguments#test_f12 = 0.02 s
[ 2052/24720] TestKeywordArguments#test_f10 = 0.01 s
[ 2053/24720] TestKeywordArguments#test_attr_reader_kwsplat = 0.02 s
[ 2054/24720] TestKeywordArguments#test_keyword_no_split = 0.08 s
[ 2055/24720] TestKeywordArguments#test_splat_empty_hash_with_block_passing = 0.02 s
[ 2056/24720] TestKeywordArguments#test_f9 = 0.02 s
[ 2057/24720] TestKeywordArguments#test_rb_call_super_kw_method_missing_kwsplat = 0.35 s
[ 2058/24720] TestKeywordArguments#test_f2 = 0.03 s
[ 2059/24720] TestKeywordArguments#test_super_with_keyword = 0.02 s
[ 2060/24720] TestKeywordArguments#test_f4 = 0.05 s
[ 2061/24720] TestKeywordArguments#test_block = 0.02 s
[ 2062/24720] TestKeywordArguments#test_lambda = 0.01 s
[ 2063/24720] TestKeywordArguments#test_lambda_method_kwsplat_call = 0.93 s
[ 2064/24720] TestKeywordArguments#test_proc_parameters = 0.02 s
[ 2065/24720] TestKeywordArguments#test_regular_kwsplat = 0.31 s
[ 2066/24720] TestKeywordArguments#test_f6 = 0.02 s
[ 2067/24720] TestKeywordArguments#test_f8 = 0.01 s
[ 2068/24720] TestKeywordArguments#test_sym_proc_method_kwsplat = 0.41 s
[ 2069/24720] TestKeywordArguments#test_zsuper_only_named_kwrest = 0.01 s
[ 2070/24720] TestKeywordArguments#test_required_keyword_with_reserved = 0.02 s
[ 2071/24720] TestKeywordArguments#test_bare_kwrest = 0.03 s
[ 2072/24720] TestKeywordArguments#test_f11 = 0.01 s
[ 2073/24720] TestKeywordArguments#test_required_keyword = 0.15 s
[ 2074/24720] TestKeywordArguments#test_keyword_splat_to_non_keyword_method = 0.04 s
[ 2075/24720] TestKeywordArguments#test_f13 = 0.02 s
[ 2076/24720] TestKeywordArguments#test_large_kwsplat_to_method_taking_kw_and_kwsplat = 69.02 s
[ 2077/24720] TestKeywordArguments#test_attr_reader_method_kwsplat = 0.04 s
[ 2078/24720] TestKeywordArguments#test_instance_exec_kwsplat = 0.47 s
[ 2079/24720] TestKeywordArguments#test_instance_exec_define_method_kwsplat = 0.35 s
[ 2080/24720] TestKeywordArguments#test_lambda_kwsplat_call = 0.30 s
[ 2081/24720] TestKeywordArguments#test_sym_proc_kwsplat = 0.44 s
[ 2082/24720] TestKeywordArguments#test_enumerator_size_kwsplat = 0.41 s
[ 2083/24720] TestKeywordArguments#test_send_method_kwsplat = 1.02 s
[ 2084/24720] TestKeywordArguments#test_precedence_of_keyword_arguments_with_post_argument = 0.03 s
[ 2085/24720] TestKeywordArguments#test_p2 = 0.01 s
[ 2086/24720] TestKeywordArguments#test_rb_yield_block_kwsplat = 0.32 s
[ 2087/24720] TestKeywordArguments#test_p6 = 0.02 s
[ 2088/24720] TestKeywordArguments#test_instance_exec_method_kwsplat = 0.33 s
[ 2089/24720] TestKeywordArguments#test_instance_exec_sym_proc_kwsplat = 0.33 s
[ 2090/24720] TestKeywordArguments#test_p4 = 0.02 s
[ 2091/24720] TestKeywordArguments#test_Class_new_kwsplat_call = 0.35 s
[ 2092/24720] TestKeywordArguments#test_no_implicit_hash_conversion = 0.03 s
[ 2093/24720] TestKeywordArguments#test_keyword_splat_new = 0.35 s
[ 2094/24720] TestKeywordArguments#test_many_kwargs = 0.13 s
[ 2095/24720] TestKeywordArguments#test_Enumerator_Generator_each_kwsplat = 0.94 s
[ 2096/24720] TestKeywordArguments#test_public_send_kwsplat = 0.31 s
[ 2097/24720] TestKeywordArguments#test_super_with_anon_restkeywords = 0.01 s
[ 2098/24720] TestKeywordArguments#test_implicit_super_kwsplat = 0.50 s
[ 2099/24720] TestKeywordArguments#test_arity_error_message = 0.06 s
[ 2100/24720] TestKeywordArguments#test_Method_call_kwsplat_call = 0.40 s
[ 2101/24720] TestKeywordArguments#test_super_method_missing_kwsplat = 0.31 s
[ 2102/24720] TestKeywordArguments#test_attr_writer_kwsplat = 0.03 s
[ 2103/24720] TestKeywordArguments#test_rest_keyrest = 0.02 s
[ 2104/24720] TestKeywordArguments#test_dig_kwsplat = 0.32 s
[ 2105/24720] TestKeywordArguments#test_attr_set_method_cache = 0.02 s
[ 2106/24720] TestKeywordArguments#test_Thread_new_kwsplat = 1.42 s
[ 2107/24720] TestKeywordArguments#test_dynamic_symbol_keyword = 8.90 s
[ 2108/24720] TestKeywordArguments#test_without_paren = 0.05 s
[ 2109/24720] TestGemCommandsOpenCommand#test_execute_bad_gem = 0.58 s
[ 2110/24720] TestGemCommandsOpenCommand#test_wrong_version = 0.73 s
[ 2111/24720] TestGemCommandsOpenCommand#test_default_gem = 0.83 s
[ 2112/24720] TestGemCommandsOpenCommand#test_execute = 8.66 s
[ 2113/24720] TestRDocMarkup#test_convert = 0.34 s
[ 2114/24720] TestRDocMarkup#test_convert_custom_markup = 0.08 s
[ 2115/24720] TestRDocMarkup#test_class_parse = 0.03 s
[ 2116/24720] TestRDocMarkup#test_convert_document = 0.16 s
[ 2117/24720] CGIMultipartTest#test_cgi_multipart_stringio = 0.37 s
[ 2118/24720] CGIMultipartTest#test_cgi_multipart_maxmultipartlength = 0.08 s
[ 2119/24720] CGIMultipartTest#test_cgi_multipart_badbody = 0.28 s
[ 2120/24720] CGIMultipartTest#test_cgi_multipart_without_tempfile = 3.16 s
[ 2121/24720] CGIMultipartTest#test_cgi_multipart_tempfile = 0.30 s
[ 2122/24720] CGIMultipartTest#test_cgi_multipart_maxmultipartlength_lambda = 0.07 s
[ 2123/24720] CGIMultipartTest#test_cgi_multipart_boundary_10240 = 0.13 s
[ 2124/24720] CGIMultipartTest#test_cgi_multipart_quoteboundary = 0.28 s
[ 2125/24720] CGIMultipartTest#test_cgi_multipart_maxmultipartcount = 3.37 s
[ 2126/24720] Reline::LineEditor::StringProcessingTest#test_calculate_width_with_escape_sequence = 0
.36 s
[ 2127/24720] Reline::LineEditor::StringProcessingTest#test_calculate_width = 0.56 s
[ 2128/24720] Reline::LineEditor::StringProcessingTest#test_completion_proc_with_preposing_and_postp
osing = 0.56 s
[ 2129/24720] OpenSSL::TestKDF#test_scrypt_rfc7914_second = 1.36 s
[ 2130/24720] OpenSSL::TestKDF#test_pbkdf2_hmac_sha256_c_20000_len_32 = 1.89 s
[ 2131/24720] OpenSSL::TestKDF#test_pbkdf2_hmac_sha1_rfc6070_c_4096_len_16 = 0.13 s
[ 2132/24720] OpenSSL::TestKDF#test_pbkdf2_hmac_sha1_rfc6070_c_4096_len_25 = 0.25 s
[ 2133/24720] OpenSSL::TestKDF#test_pkcs5_pbkdf2_hmac_compatibility = 0.01 s
[ 2134/24720] OpenSSL::TestKDF#test_hkdf_rfc5869_test_case_4 = 0.02 s
[ 2135/24720] OpenSSL::TestKDF#test_scrypt_rfc7914_first = 0.01 s
[ 2136/24720] OpenSSL::TestKDF#test_hkdf_rfc5869_test_case_3 = 0.01 s
[ 2137/24720] OpenSSL::TestKDF#test_hkdf_rfc5869_test_case_1 = 0.01 s
[ 2138/24720] OpenSSL::TestKDF#test_pbkdf2_hmac_sha1_rfc6070_c_4096_len_20 = 0.13 s
[ 2139/24720] OpenSSL::TestKDF#test_pbkdf2_hmac_sha1_rfc6070_c_1_len_20 = 0.01 s
[ 2140/24720] OpenSSL::TestKDF#test_pbkdf2_hmac_sha1_rfc6070_c_2_len_20 = 0.01 s
[ 2141/24720] Test_Integer#test_positive_pow = 9.00 s
[ 2142/24720] Test_Integer#test_fixnum_range = 0.02 s
[ 2143/24720] TestGemConfig#test_good_rake_path_is_escaped = 0.54 s
[ 2144/24720] TestGemConfig#test_datadir = 1.63 s
[ 2145/24720] TestGemConfig#test_bad_rake_path_is_escaped = 0.59 s
[ 2146/24720] TestGemCommandsUninstallCommand#test_execute_with_force_and_without_version_uninstalls
_everything = 0.97 s
[ 2147/24720] TestGemCommandsUninstallCommand#test_execute_with_gem_uninstall_error = 1.03 s
[ 2148/24720] TestGemCommandsUninstallCommand#test_execute_does_not_remove_default_gem_executables =
 1.62 s
[ 2149/24720] TestGemCommandsUninstallCommand#test_uninstall_selection_multiple_gems = 1.73 s
[ 2150/24720] TestGemCommandsUninstallCommand#test_execute_removes_executable = 1.02 s
[ 2151/24720] TestGemCommandsUninstallCommand#test_execute_does_not_error_on_shadowed_default_gems =
 1.11 s
[ 2152/24720] TestGemCommandsUninstallCommand#test_execute_with_gem_not_installed = 0.62 s
[ 2153/24720] TestGemCommandsUninstallCommand#test_execute_all = 1.60 s
[ 2154/24720] TestGemCommandsUninstallCommand#test_execute_with_version_specified_as_colon = 1.02 s
[ 2155/24720] TestGemCommandsUninstallCommand#test_execute_outside_gem_home = 1.04 s
[ 2156/24720] TestGemCommandsUninstallCommand#test_execute_all_named = 1.03 s
[ 2157/24720] TestGemCommandsUninstallCommand#test_execute_removes_formatted_executable = 1.03 s
[ 2158/24720] TestGemCommandsUninstallCommand#test_execute_dependency_order = 1.03 s
[ 2159/24720] TestGemCommandsUninstallCommand#test_uninstall_selection = 1.74 s
[ 2160/24720] TestGemCommandsUninstallCommand#test_handle_options = 1.16 s
[ 2161/24720] TestGemCommandsUninstallCommand#test_execute_with_force_ignores_dependencies = 0.95 s
[ 2162/24720] TestGemCommandsUninstallCommand#test_execute_outside_gem_home_when_install_dir_given =
 0.98 s
[ 2163/24720] TestGemCommandsUninstallCommand#test_handle_options_vendor_missing = 1.16 s
[ 2164/24720] TestGemCommandsUninstallCommand#test_execute_with_version_leaves_non_matching_versions
 = 0.95 s
[ 2165/24720] TestGemCommandsUninstallCommand#test_execute_all_named_default_single = 1.50 s
[ 2166/24720] TestGemCommandsUninstallCommand#test_execute_with_multiple_version_specified_as_colon
= 1.15 s
[ 2167/24720] TestGemCommandsUninstallCommand#test_execute_all_named_default_multiple = 1.25 s
[ 2168/24720] TestGemCommandsUninstallCommand#test_execute_prerelease = 1.00 s
[ 2169/24720] TestGemCommandsUninstallCommand#test_execute_two_version = 0.61 s
[ 2170/24720] TestGemCommandsUninstallCommand#test_handle_options_vendor = 1.17 s
[ 2171/24720] JSONAdditionTest#test_extended_json_fail2 = 0.03 s
[ 2172/24720] JSONAdditionTest#test_extended_json_default = 0.01 s
[ 2173/24720] JSONAdditionTest#test_core = 0.12 s
[ 2174/24720] JSONAdditionTest#test_raw_strings = 0.06 s
[ 2175/24720] JSONAdditionTest#test_ostruct = 0.03 s
[ 2176/24720] JSONAdditionTest#test_deprecated_load_create_additions = 0.02 s
[ 2177/24720] JSONAdditionTest#test_extended_json = 0.01 s
[ 2178/24720] JSONAdditionTest#test_set = 0.02 s
[ 2179/24720] JSONAdditionTest#test_rational_complex = 0.02 s
[ 2180/24720] JSONAdditionTest#test_extended_json_fail1 = 0.01 s
[ 2181/24720] JSONAdditionTest#test_utc_datetime = 0.08 s
[ 2182/24720] JSONAdditionTest#test_extended_json_disabled = 0.02 s
[ 2183/24720] TestIRB::LsTest#test_ls_grep_empty = 25.22 s
[ 2184/24720] TestIRB::LsTest#test_ls = 4.14 s
[ 2185/24720] TestIRB::LsTest#test_ls_grep = 6.21 s
[ 2186/24720] TestIRB::LsTest#test_ls_module = 1.36 s
[ 2187/24720] TestIRB::LsTest#test_ls_with_no_singleton_class = 4.83 s
[ 2188/24720] TestIRB::LsTest#test_ls_with_eval_error = 0.41 s
[ 2189/24720] TestIRB::LsTest#test_ls_class = 2.06 s
[ 2190/24720] TestIRB::LsTest#test_ls_instance = 0.28 s
[ 2191/24720] TestOpenURI#test_open_too_many_arg = 0.02 s
[ 2192/24720] TestOpenURI#test_redirect_invalid = 0.13 s
[ 2193/24720] TestOpenURI#test_redirect_with_request_specific_fields_hash = 0.21 s
[ 2194/24720] TestOpenURI#test_redirect_relative = 0.16 s
[ 2195/24720] TestOpenURI#test_last_modified = 0.12 s
[ 2196/24720] TestOpenURI#test_max_redirects_success = 0.25 s
[ 2197/24720] TestOpenURI#test_multiple_cookies = 0.12 s
[ 2198/24720] TestOpenURI#test_content_encoding = 0.69 s
[ 2199/24720] TestOpenURI#test_close_in_block_big = 0.16 s
[ 2200/24720] TestOpenURI#test_max_redirects_too_many = 0.18 s
[ 2201/24720] TestOpenURI#test_read_timeout = 0.31 s
[ 2202/24720] TestOpenURI#test_redirect = 0.34 s
[ 2203/24720] TestOpenURI#test_open_uri = 0.10 s
[ 2204/24720] TestOpenURI#test_non_http_proxy = 0.03 s
[ 2205/24720] TestOpenURI#test_redirect_auth_failure_r2 = 0.39 s
[ 2206/24720] TestOpenURI#test_encoding = 0.52 s
[ 2207/24720] TestOpenURI#test_header = 0.10 s
[ 2208/24720] TestOpenURI#test_multi_proxy_opt = 0.02 s
[ 2209/24720] TestOpenURI#test_progress_chunked = 0.19 s
[ 2210/24720] TestOpenURI#test_404 = 0.10 s
[ 2211/24720] TestOpenURI#test_redirect_without_request_specific_fields_hash = 0.18 s
[ 2212/24720] TestOpenURI#test_mode = 0.50 s
[ 2213/24720] TestOpenURI#test_200 = 0.10 s
[ 2214/24720] TestOpenURI#test_redirect_loop = 0.25 s
[ 2215/24720] TestOpenURI#test_without_block = 0.33 s
[ 2216/24720] TestOpenURI#test_quoted_attvalue = 0.12 s
[ 2217/24720] TestOpenURI#test_uri_read = 0.10 s
[ 2218/24720] TestOpenURI#test_pass_keywords = 0.01 s
[ 2219/24720] TestOpenURI#test_redirect_auth_success = 0.11 s
[ 2220/24720] TestOpenURI#test_redirect_auth_failure_r1 = 0.24 s
[ 2221/24720] TestOpenURI#test_redirect_with_request_specific_fields_proc = 0.18 s
[ 2222/24720] TestOpenURI#test_userinfo = 0.02 s
[ 2223/24720] TestOpenURI#test_progress = 0.17 s
[ 2224/24720] TestOpenURI#test_200big = 0.17 s
[ 2225/24720] TestOpenURI#test_invalid_option = 0.01 s
[ 2226/24720] TestOpenURI#test_close_in_block_small = 0.09 s
[ 2227/24720] TestOpenURI#test_open_timeout = 0.14 s
[ 2228/24720] TestOpenURI#test_200_uri_open = 0.10 s
[ 2229/24720] TestOpenURI#test_meta_init_doesnt_bump_global_constant_state = 0.03 s
[ 2230/24720] TestOpenURI#test_redirect_with_invalid_request_specific_fields_format = 0.04 s
[ 2231/24720] TestNetHTTPContinue#test_expect_continue = 0.15 s
[ 2232/24720] TestNetHTTPContinue#test_expect_continue_error_before_body = 0.21 s
[ 2233/24720] TestNetHTTPContinue#test_expect_continue_error_while_waiting = 0.16 s
[ 2234/24720] TestNetHTTPContinue#test_expect_continue_error = 0.10 s
[ 2235/24720] TestNetHTTPContinue#test_expect_continue_timeout = 0.43 s
[ 2236/24720] PrettyPrintTest::TailGroup#test_1 = 0.02 s
[ 2237/24720] TestResolvAddr#test_valid_ipv6_link_local_address = 0.03 s
[ 2238/24720] TestResolvAddr#test_valid_socket_ip_address_list = 0.03 s
[ 2239/24720] TestResolvAddr#test_hosts_by_command = 0.03 s
[ 2240/24720] TestResolvAddr#test_invalid_byte_comment = 0.02 s
[ 2241/24720] TestResolvAddr#test_invalid_ipv4_address = 1.78 s
[ 2242/24720] TestConst#test_redefinition = 0.02 s
[ 2243/24720] TestConst#test_const = 0.02 s
[ 2244/24720] TestConst#test_toplevel_lookup = 0.01 s
[ 2245/24720] TestConst#test_const_access_from_nil = 0.04 s
[ 2246/24720] JSONEncodingTest#test_chars = 0.26 s
[ 2247/24720] JSONEncodingTest#test_parse = 0.02 s
[ 2248/24720] JSONEncodingTest#test_unicode = 0.04 s
[ 2249/24720] JSONEncodingTest#test_generate = 0.01 s
[ 2250/24720] Test_StringModifyExpand#test_integer_overflow = 0.02 s
[ 2251/24720] TestNetHTTPForceEncoding#test_response_body_encoding_true_without_content_type = 0.12
s
[ 2252/24720] TestNetHTTPForceEncoding#test_response_body_encoding_encoding_without_content_type = 0
.08 s
[ 2253/24720] TestNetHTTPForceEncoding#test_response_body_encoding_true_with_content_type = 0.09 s
[ 2254/24720] TestNetHTTPForceEncoding#test_response_body_encoding_string_without_content_type = 0.0
9 s
[ 2255/24720] TestNetHTTPForceEncoding#test_response_body_encoding_false = 0.08 s
[ 2256/24720] TestRDocRdInlineParser#test_parse_index = 0.06 s
[ 2257/24720] TestRDocRdInlineParser#test_parse_kbd = 0.05 s
[ 2258/24720] TestRDocRdInlineParser#test_parse_verb_emphasis = 0.06 s
[ 2259/24720] TestRDocRdInlineParser#test_parse_verb_backslash_backslash = 0.05 s
[ 2260/24720] TestRDocRdInlineParser#test_parse_ref_substitute_multi_content3 = 0.13 s
[ 2261/24720] TestRDocRdInlineParser#test_parse_ref_quote_content = 0.07 s
[ 2262/24720] TestRDocRdInlineParser#test_parse_footnote = 0.05 s
[ 2263/24720] TestRDocRdInlineParser#test_parse_var = 0.05 s
[ 2264/24720] TestRDocRdInlineParser#test_parse_ref_substitute_quote = 0.08 s
[ 2265/24720] TestRDocRdInlineParser#test_parse_verb = 0.05 s
[ 2266/24720] TestRDocRdInlineParser#test_parse_ref_quote_content_multi = 0.10 s
[ 2267/24720] TestRDocRdInlineParser#test_parse_verb_multiple = 0.06 s
[ 2268/24720] TestRDocRdInlineParser#test_parse_ref_substitute_filename_quote = 0.07 s
[ 2269/24720] TestRDocRdInlineParser#test_parse_ref_substitute_multi_content = 0.08 s
[ 2270/24720] TestRDocRdInlineParser#test_parse = 0.06 s
[ 2271/24720] TestRDocRdInlineParser#test_parse_ref_substitute_url = 0.08 s
[ 2272/24720] TestRDocRdInlineParser#test_parse_multiple = 0.08 s
[ 2273/24720] TestRDocRdInlineParser#test_parse_em = 0.05 s
[ 2274/24720] TestRDocRdInlineParser#test_parse_ref_substitute_quote_content = 0.08 s
[ 2275/24720] TestRDocRdInlineParser#test_parse_ref_filename_quote = 0.07 s
[ 2276/24720] TestRDocRdInlineParser#test_parse_verb_backslash_quote = 0.06 s
[ 2277/24720] TestRDocRdInlineParser#test_parse_ref = 0.05 s
[ 2278/24720] TestRDocRdInlineParser#test_parse_newline = 0.04 s
[ 2279/24720] TestRDocRdInlineParser#test_parse_ref_substitute_filename = 0.06 s
[ 2280/24720] TestRDocRdInlineParser#test_parse_quote = 0.05 s
[ 2281/24720] TestRDocRdInlineParser#test_parse_ref_quote = 0.07 s
[ 2282/24720] TestRDocRdInlineParser#test_parse_ref_substitute_filename_label = 0.07 s
[ 2283/24720] TestRDocRdInlineParser#test_parse_ref_substitute = 0.06 s
[ 2284/24720] TestRDocRdInlineParser#test_parse_ref_substitute_multi_content2 = 0.11 s
[ 2285/24720] TestRDocRdInlineParser#test_parse_ref_filename = 0.05 s
[ 2286/24720] TestRDocRdInlineParser#test_parse_code = 0.05 s
[ 2287/24720] TestRDocRdInlineParser#test_parse_ref_em = 0.06 s
[ 2288/24720] TestRDocRdInlineParser#test_parse_ref_url = 0.07 s
[ 2289/24720] TestRDocRdInlineParser#test_parse_ref_substitute_element_quote = 0.07 s
[ 2290/24720] TestRDocRdInlineParser#test_parse_verb_backslash = 0.06 s
[ 2291/24720] TestGemPackageOld#test_verify = 0.78 s
[ 2292/24720] TestGemPackageOld#test_contents = 0.83 s
[ 2293/24720] TestGemPackageOld#test_contents_security_policy = 0.83 s
[ 2294/24720] TestGemPackageOld#test_spec_security_policy = 0.83 s
[ 2295/24720] TestGemPackageOld#test_spec = 0.83 s
[ 2296/24720] TestGemPackageOld#test_extract_files_security_policy = 0.83 s
[ 2297/24720] TestGemPackageOld#test_extract_files = 0.83 s
[ 2298/24720] TestRDocContext#test_visibility_def = 4.55 s
[ 2299/24720] TestRDocContext#test_section_contents_only_default = 4.45 s
[ 2300/24720] TestRDocContext#test_add_alias_method_attr = 4.51 s
[ 2301/24720] TestRDocContext#test_section_contents_unused = 4.45 s
[ 2302/24720] TestRDocContext#test_remove_invisible_protected = 4.46 s
[ 2303/24720] TestRDocContext#test_add_to_temporary_section = 4.45 s
[ 2304/24720] TestRDocContext#test_methods_matching = 4.46 s
[ 2305/24720] TestRDocContext#test_sort_sections = 4.47 s
[ 2306/24720] TestRDocContext#test_remove_invisible_public_force = 4.48 s
[ 2307/24720] TestRDocContext#test_add_to_done_documenting = 4.52 s
[ 2308/24720] TestRDocContext#test_each_method_enumerator = 4.54 s
[ 2309/24720] TestRDocContext#test_find_class_method_named = 4.59 s
[ 2310/24720] TestRDocContext#test_child_name = 5.13 s
[ 2311/24720] TestRDocContext#test_add_method = 4.79 s
[ 2312/24720] TestRDocContext#test_add_section = 4.71 s
[ 2313/24720] TestRDocContext#test_add_method_alias = 4.70 s
[ 2314/24720] TestRDocContext#test_methods_by_type = 4.68 s
[ 2315/24720] TestRDocContext#test_each_section_enumerator = 4.79 s
[ 2316/24720] TestRDocContext#test_add_class = 4.67 s
[ 2317/24720] TestRDocContext#test_add_module_class = 4.65 s
[ 2318/24720] TestRDocContext#test_find_attribute_named = 4.66 s
[ 2319/24720] TestRDocContext#test_add_to = 4.63 s
[ 2320/24720] TestRDocContext#test_find_symbol = 4.63 s
[ 2321/24720] TestRDocContext#test_find_constant_named = 4.54 s
[ 2322/24720] TestRDocContext#test_add_alias = 4.46 s
[ 2323/24720] TestRDocContext#test_add_require = 4.59 s
[ 2324/24720] TestRDocContext#test_methods_by_type_section = 4.45 s
[ 2325/24720] TestRDocContext#test_add_to_no_document_self = 4.46 s
[ 2326/24720] TestRDocContext#test_remove_invisible_in_protected = 4.48 s
[ 2327/24720] TestRDocContext#test_add_module_alias = 4.94 s
[ 2328/24720] TestRDocContext#test_add_alias_method_singleton = 4.81 s
[ 2329/24720] TestRDocContext#test_section_contents_no_default = 4.69 s
[ 2330/24720] TestRDocContext#test_remove_invisible_private = 4.77 s
[ 2331/24720] TestRDocContext#test_add_class_object = 4.68 s
[ 2332/24720] TestRDocContext#test_current_section = 4.73 s
[ 2333/24720] TestRDocContext#test_find_enclosing_module_named = 4.62 s
[ 2334/24720] TestRDocContext#test_remove_invisible_in_public = 4.59 s
[ 2335/24720] TestRDocContext#test_find_symbol_module = 4.59 s
[ 2336/24720] TestRDocContext#test_add_extend = 4.58 s
[ 2337/24720] TestRDocContext#test_find_method = 4.63 s
[ 2338/24720] TestRDocContext#test_add_class_superclass = 4.51 s
[ 2339/24720] TestRDocContext#test_find_instance_method_named = 4.43 s
[ 2340/24720] TestRDocContext#test_find_local_symbol = 4.44 s
[ 2341/24720] TestRDocContext#test_find_file_named = 4.43 s
[ 2342/24720] TestRDocContext#test_add_alias_method = 4.44 s
[ 2343/24720] TestRDocContext#test_add_class_singleton = 4.44 s
[ 2344/24720] TestRDocContext#test_add_section_no_comment = 4.91 s
[ 2345/24720] TestRDocContext#test_sort_sections_tomdoc = 4.78 s
[ 2346/24720] TestRDocContext#test_add_method_duplicate = 4.77 s
[ 2347/24720] TestRDocContext#test_sort_sections_tomdoc_missing = 4.69 s
[ 2348/24720] TestRDocContext#test_add_module_alias_top_level = 4.70 s
[ 2349/24720] TestRDocContext#test_spaceship = 4.74 s
[ 2350/24720] TestRDocContext#test_initialize = 4.63 s
[ 2351/24720] TestRDocContext#test_find_module_named = 4.63 s
[ 2352/24720] TestRDocContext#test_fully_documented_eh = 4.61 s
[ 2353/24720] TestRDocContext#test_each_section = 4.61 s
[ 2354/24720] TestRDocContext#test_add_class_upgrade = 4.60 s
[ 2355/24720] TestRDocContext#test_add_module = 4.51 s
[ 2356/24720] TestRDocContext#test_add = 4.43 s
[ 2357/24720] TestRDocContext#test_each_section_only_display = 4.47 s
[ 2358/24720] TestRDocContext#test_section_contents = 4.45 s
[ 2359/24720] TestRDocContext#test_set_current_section = 4.49 s
[ 2360/24720] TestRDocContext#test_add_include = 4.44 s
[ 2361/24720] TestRDocContext#test_find_method_named = 4.88 s
[ 2362/24720] TestRDocContext#test_remove_invisible_nodoc = 4.81 s
[ 2363/24720] TestRDocContext#test_remove_invisible_in_protected_force = 4.77 s
[ 2364/24720] TestRDocContext#test_remove_invisible_public = 4.68 s
[ 2365/24720] TestRDocContext#test_methods_matching_inherit = 4.75 s
[ 2366/24720] TestRDocContext#test_defined_in_eh = 4.67 s
[ 2367/24720] TestRDocContext#test_classes = 4.68 s
[ 2368/24720] TestRDocContext#test_equals2 = 4.59 s
[ 2369/24720] TestRDocContext#test_add_method_duplicate_loading = 4.67 s
[ 2370/24720] TestRDocContext#test_remove_invisible_in_public_force = 4.65 s
[ 2371/24720] TestRDocContext#test_add_constant = 4.58 s
[ 2372/24720] TestRDocContext#test_methods_matching_singleton = 4.51 s
[ 2373/24720] TestRDocContext#test_add_class_basic_object = 4.47 s
[ 2374/24720] TestRDocContext#test_find_symbol_method = 4.44 s
[ 2375/24720] TestIRB::NestingParserTest#test_for_in = 0.57 s
[ 2376/24720] TestIRB::NestingParserTest#test_oneliner_def = 1.29 s
[ 2377/24720] TestIRB::NestingParserTest#test_ruby_syntax = 1.61 s
[ 2378/24720] TestIRB::NestingParserTest#test_case_in = 0.11 s
[ 2379/24720] TestIRB::NestingParserTest#test_while_until = 0.95 s
[ 2380/24720] TestIRB::NestingParserTest#test_undef_alias = 0.65 s
[ 2381/24720] TestIRB::NestingParserTest#test_open_tokens = 0.16 s
[ 2382/24720] TestIRB::NestingParserTest#test_multiline_string = 0.06 s
[ 2383/24720] TestIRB::NestingParserTest#test_heredoc_embexpr = 0.25 s
[ 2384/24720] TestIRB::NestingParserTest#test_backslash_continued_nested_symbol = 0.15 s
[ 2385/24720] TestIRB::NestingParserTest#test_parse_by_line = 0.12 s
[ 2386/24720] TestGemCommandsLockCommand#test_execute_missing_dependency = 1.17 s
[ 2387/24720] TestGemCommandsLockCommand#test_execute = 1.26 s
[ 2388/24720] TestGemCommandsLockCommand#test_execute_strict = 1.18 s
[ 2389/24720] TestGemSourceVendor#test_spaceship = 0.59 s
[ 2390/24720] TestGemSourceVendor#test_initialize = 0.49 s
[ 2391/24720] TC_Set#test_empty? = 0.02 s
[ 2392/24720] TC_Set#test_delete_if = 0.03 s
[ 2393/24720] TC_Set#test_select! = 0.03 s
[ 2394/24720] TC_Set#test_freeze_clone = 0.02 s
[ 2395/24720] TC_Set#test_xor = 0.02 s
[ 2396/24720] TC_Set#test_minus = 0.01 s
[ 2397/24720] TC_Set#test_freeze = 0.02 s
[ 2398/24720] TC_Set#test_spacecraft_operator = 0.05 s
[ 2399/24720] TC_Set#test_freeze_dup = 0.01 s
[ 2400/24720] TC_Set#test_proper_superset? = 0.06 s
[ 2401/24720] TC_Set#test_flatten = 0.08 s
[ 2402/24720] TC_Set#test_subset? = 0.07 s
[ 2403/24720] TC_Set#test_plus = 0.01 s
[ 2404/24720] TC_Set#test_proper_subset? = 0.06 s
[ 2405/24720] TC_Set#test_delete = 0.02 s
[ 2406/24720] TC_Set#test_reject! = 0.03 s
[ 2407/24720] TC_Set#test_and = 0.01 s
[ 2408/24720] TC_Set#test_divide = 0.10 s
[ 2409/24720] TC_Set#test_reset = 0.02 s
[ 2410/24720] TC_Set#test_dup = 0.01 s
[ 2411/24720] TC_Set#test_merge = 0.03 s
[ 2412/24720] TC_Set#test_eq = 0.03 s
[ 2413/24720] TC_Set#test_intersect? = 0.10 s
[ 2414/24720] TC_Set#test_inspect = 0.02 s
[ 2415/24720] TC_Set#test_clear = 0.01 s
[ 2416/24720] TC_Set#test_s_new = 0.05 s
[ 2417/24720] TC_Set#test_collect! = 0.03 s
[ 2418/24720] TC_Set#test_replace = 0.02 s
[ 2419/24720] TC_Set#test_keep_if = 0.03 s
[ 2420/24720] TC_Set#test_to_s = 0.29 s
[ 2421/24720] TC_Set#test_superset? = 0.07 s
[ 2422/24720] TC_Set#test_eqq = 0.02 s
[ 2423/24720] TC_Set#test_aref = 0.02 s
[ 2424/24720] TC_Set#test_compare_by_identity = 0.02 s
[ 2425/24720] TC_Set#test_add = 0.02 s
[ 2426/24720] TC_Set#test_to_a = 0.01 s
[ 2427/24720] TC_Set#test_filter! = 0.03 s
[ 2428/24720] TC_Set#test_clone = 0.01 s
[ 2429/24720] TC_Set#test_join = 0.01 s
[ 2430/24720] TC_Set#test_include? = 0.13 s
[ 2431/24720] TC_Set#test_subtract = 0.01 s
[ 2432/24720] TC_Set#test_classify = 0.04 s
[ 2433/24720] TC_Set#test_size = 0.01 s
[ 2434/24720] TC_Set#test_each = 0.01 s
[ 2435/24720] TC_Set#test_freeze_clone_false = 0.02 s
[ 2436/24720] TestRipper::Ripper::TestInput#test_yydebug = 0.01 s
[ 2437/24720] TestRipper::Ripper::TestInput#test_yydebug_ident = 0.06 s
[ 2438/24720] TestRipper::Ripper::TestInput#test_column = 0.01 s
[ 2439/24720] TestRipper::Ripper::TestInput#test_invalid_gets = 0.01 s
[ 2440/24720] TestRipper::Ripper::TestInput#test_assignable_in_regexp = 10.06 s
[ 2441/24720] TestRipper::Ripper::TestInput#test_encoding = 0.03 s
[ 2442/24720] TestRipper::Ripper::TestInput#test_parse = 0.01 s
[ 2443/24720] TestRipper::Ripper::TestInput#test_yydebug_equals = 0.01 s
[ 2444/24720] TestRipper::Ripper::TestInput#test_end_seen_eh = 0.02 s
[ 2445/24720] TestRipper::Ripper::TestInput#test_yydebug_string = 0.09 s
[ 2446/24720] TestRipper::Ripper::TestInput#test_regexp_enc_error = 10.73 s
[ 2447/24720] TestRipper::Ripper::TestInput#test_lineno = 0.01 s
[ 2448/24720] TestRipper::Ripper::TestInput#test_new = 17.30 s
[ 2449/24720] TestRipper::Ripper::TestInput#test_dedent_string = 0.05 s
[ 2450/24720] TestRipper::Ripper::TestInput#test_filename = 0.02 s
[ 2451/24720] TestRipper::Ripper::TestInput#test_regexp_with_option = 0.03 s
[ 2452/24720] TestRipper::Ripper::TestInput#test_state = 0.01 s
[ 2453/24720] TestFiberTimeout#test_timeout_after = 0.06 s
[ 2454/24720] TestFiberTimeout#test_timeout_on_main_fiber = 0.04 s
[ 2455/24720] TestMkmfSizeof#test_sizeof_builtin = 0.62 s
[ 2456/24720] TestMkmfSizeof#test_sizeof_struct = 0.60 s
[ 2457/24720] TestRDocMarkupParagraph#test_text = 0.04 s
[ 2458/24720] TestRDocMarkupParagraph#test_text_break = 0.03 s
[ 2459/24720] TestRDocMarkupParagraph#test_accept = 0.03 s
[ 2460/24720] Prism::AttributeWriteTest#test_named_call_without_operator = 0.03 s
[ 2461/24720] Prism::AttributeWriteTest#test_named_call_with_operator = 0.02 s
[ 2462/24720] Prism::AttributeWriteTest#test_comparison_operators = 0.03 s
[ 2463/24720] Prism::AttributeWriteTest#test_indexed_call_with_operator = 0.02 s
[ 2464/24720] Prism::AttributeWriteTest#test_indexed_call_without_operator = 0.02 s
[ 2465/24720] PPTestModule::PPDelegateTest#test_delegate_cycle = 0.15 s
[ 2466/24720] PPTestModule::PPDelegateTest#test_delegate = 0.07 s
[ 2467/24720] TestGemExtCmakeBuilder#test_self_build_fail = 0.97 s
[ 2468/24720] TestGemExtCmakeBuilder#test_self_build_has_makefile = 1.03 s
[ 2469/24720] TestGemExtCmakeBuilder#test_self_build = 1.02 s
[ 2470/24720] TestGemValidator#test_alien = 1.06 s
[ 2471/24720] TestGemValidator#test_alien_default = 0.73 s
[ 2472/24720] TestRand#test_seed = 0.03 s
[ 2473/24720] TestRand#test_0x10000000000 = 0.21 s
[ 2474/24720] TestRand#test_random_float = 0.07 s
[ 2475/24720] TestRand#test_types = 0.05 s
[ 2476/24720] TestRand#test_0x3fffffffffffffff = 0.21 s
[ 2477/24720] TestRand#test_0x100000001 = 0.20 s
[ 2478/24720] TestRand#test_default_seed = 8.92 s
[ 2479/24720] TestRand#test_random_argument_error = 0.04 s
[ 2480/24720] TestRand#test_0x3fffffff = 0.20 s
[ 2481/24720] TestRand#test_0x4000000000000001 = 0.22 s
[ 2482/24720] TestRand#test_mt = 0.21 s
[ 2483/24720] TestRand#test_broken_marshal = 0.02 s
[ 2484/24720] TestRand#test_marshal = 0.01 s
[ 2485/24720] TestRand#test_random_equal = 0.02 s
[ 2486/24720] TestRand#test_random_seed = 0.01 s
[ 2487/24720] TestRand#test_0x1000000000000 = 0.20 s
[ 2488/24720] TestRand#test_0x40000001 = 0.21 s
[ 2489/24720] TestRand#test_fork_shuffle = 5.45 s
[ 2490/24720] TestRand#test_random_dup = 0.03 s
[ 2491/24720] TestRand#test_random_ulong_limited = 0.09 s
[ 2492/24720] TestRand#test_rand_0x100000000 = 0.22 s
[ 2493/24720] TestRand#test_rand_reseed_on_fork = 64.16 s
[ 2494/24720] TestRand#test_random_ulong_limited_no_rand = 0.02 s
[ 2495/24720] TestRand#test_random_range = 0.09 s
[ 2496/24720] TestRand#test_random_bytes = 0.02 s
[ 2497/24720] TestRand#test_0xffffffff = 0.22 s
[ 2498/24720] TestRand#test_shuffle = 0.01 s
[ 2499/24720] TestRand#test_random_gc = 9.16 s
[ 2500/24720] TestRand#test_random_type_error = 0.02 s
[ 2501/24720] TestRand#test_big_seed = 7.03 s
[ 2502/24720] TestRand#test_urandom = 0.01 s
[ 2503/24720] TestRand#test_0x40000000 = 0.20 s
[ 2504/24720] TestRand#test_0x1000000000001 = 0.20 s
[ 2505/24720] TestRand#test_seed_leading_zero_guard = 0.02 s
[ 2506/24720] TestRand#test_marshal_load_frozen = 0.01 s
[ 2507/24720] TestRand#test_0x100000000 = 0.22 s
[ 2508/24720] TestRand#test_0x10000 = 0.21 s
[ 2509/24720] TestRand#test_new_seed = 0.02 s
[ 2510/24720] TestRand#test_initialize_frozen = 0.01 s
[ 2511/24720] TestRand#test_0x4000000000000000 = 0.21 s
[ 2512/24720] TestRand#test_srand = 0.03 s
[ 2513/24720] TestPatternMatching::TestPatternMatchingRefinements#test_refinements = 0.02 s
[ 2514/24720] TestDateCompat#test_compat = 0.04 s
[ 2515/24720] TestGemSourceSubpathProblem#test_dependency_resolver_set = 1.85 s
[ 2516/24720] TestGemSourceSubpathProblem#test_load_specs = 1.76 s
[ 2517/24720] TestGemSourceSubpathProblem#test_fetch_spec = 1.76 s
[ 2518/24720] PatternKeyNameCheckTest#test_corrects_hash_key_name_with_single_pattern_match = 0.09 s
[ 2519/24720] OpenSSL::TestEOF1LowlevelSocket#test_readbyte_eof = 1.30 s
[ 2520/24720] OpenSSL::TestEOF1LowlevelSocket#test_eof_1 = 4.24 s
[ 2521/24720] OpenSSL::TestEOF1LowlevelSocket#test_eof_3 = 1.25 s
[ 2522/24720] OpenSSL::TestEOF1LowlevelSocket#test_eof_2 = 1.23 s
[ 2523/24720] OpenSSL::TestEOF1LowlevelSocket#test_eof_0 = 3.06 s
[ 2524/24720] OpenSSL::TestEOF1LowlevelSocket#test_getbyte_eof = 1.24 s
[ 2525/24720] OpenSSL::TestEOF1LowlevelSocket#test_eof_0_rw = 0.78 s
[ 2526/24720] JSONExtParserTest#test_error_messages = 0.03 s
[ 2527/24720] JSONExtParserTest#test_gc_stress = 0.02 s
[ 2528/24720] JSONExtParserTest#test_gc_stress_parser_new = 0.02 s
[ 2529/24720] JSONExtParserTest#test_allocate = 0.01 s
[ 2530/24720] TestRDocParserChangeLog#test_parse_entries = 0.08 s
[ 2531/24720] TestRDocParserChangeLog#test_parse_entries_bad_time = 0.05 s
[ 2532/24720] TestRDocParserChangeLog#test_class_can_parse = 0.08 s
[ 2533/24720] TestRDocParserChangeLog#test_continue_entry_body = 0.04 s
[ 2534/24720] TestRDocParserChangeLog#test_scan_git = 11.12 s
[ 2535/24720] TestRDocParserChangeLog#test_scan = 0.08 s
[ 2536/24720] TestRDocParserChangeLog#test_parse_entries_git = 0.05 s
[ 2537/24720] TestRDocParserChangeLog#test_continue_entry_body_empty = 0.04 s
[ 2538/24720] TestRDocParserChangeLog#test_parse_entries_gnu = 0.06 s
[ 2539/24720] TestRDocParserChangeLog#test_continue_entry_body_function = 0.05 s
[ 2540/24720] TestRDocParserChangeLog#test_create_items = 0.05 s
[ 2541/24720] TestRDocParserChangeLog#test_scan_git_commit_date = 2.82 s
[ 2542/24720] TestRDocParserChangeLog#test_create_document = 0.07 s
[ 2543/24720] TestRDocParserChangeLog#test_create_entries = 0.06 s
[ 2544/24720] TestRDocParserChangeLog#test_group_entries = 0.06 s
[ 2545/24720] TestRDocParserChangeLog#test_create_entries_colons = 0.05 s
[ 2546/24720] TestGemCommandsSignoutCommand#test_execute_when_user_is_signed_in = 0.78 s
[ 2547/24720] TestGemCommandsSignoutCommand#test_execute_when_not_signed_in = 0.72 s
[ 2548/24720] TestGemPackageTarHeader#test_from_bad_octal = 0.72 s
[ 2549/24720] TestGemPackageTarHeader#test_self_from = 0.57 s
[ 2550/24720] TestGemPackageTarHeader#test_big_uid_gid = 0.52 s
[ 2551/24720] TestGemPackageTarHeader#test_spaces_in_headers = 0.51 s
[ 2552/24720] TestGemPackageTarHeader#test_initialize_bad = 0.51 s
[ 2553/24720] TestGemPackageTarHeader#test_to_s = 0.54 s
[ 2554/24720] TestGemPackageTarHeader#test_update_checksum = 0.50 s
[ 2555/24720] TestGemPackageTarHeader#test_initialize = 0.51 s
[ 2556/24720] TestGemPackageTarHeader#test_initialize_typeflag = 0.50 s
[ 2557/24720] TestGemPackageTarHeader#test_empty_eh = 0.50 s
[ 2558/24720] TestGemPackageTarHeader#test_equals2 = 0.50 s
[ 2559/24720] TestGemPackageTarHeader#test_empty = 0.51 s
[ 2560/24720] TestGemCommandsSourcesCommand#test_execute_add_deny_typo_squatting_source = 1.69 s
[ 2561/24720] TestGemCommandsSourcesCommand#test_execute_add_allow_typo_squatting_source = 1.95 s
[ 2562/24720] TestGemCommandsSourcesCommand#test_execute_add_existent_source_invalid_uri_with_error_
by_chance_including_the_uri_password = 1.58 s
[ 2563/24720] TestGemCommandsSourcesCommand#test_execute_add_nonexistent_source = 1.62 s
[ 2564/24720] TestGemCommandsSourcesCommand#test_execute_add_http_rubygems_org = 1.62 s
[ 2565/24720] TestGemCommandsSourcesCommand#test_execute_add_redundant_source_trailing_slash = 1.87
s
[ 2566/24720] TestGemCommandsSourcesCommand#test_execute_add_redundant_source = 1.53 s
[ 2567/24720] TestGemCommandsSourcesCommand#test_execute_remove_no_network = 1.49 s
[ 2568/24720] TestGemCommandsSourcesCommand#test_execute_add_https_rubygems_org = 1.72 s
[ 2569/24720] TestGemCommandsSourcesCommand#test_execute = 1.36 s
[ 2570/24720] TestGemCommandsSourcesCommand#test_execute_update = 1.68 s
[ 2571/24720] TestGemCommandsSourcesCommand#test_execute_clear_all = 1.37 s
[ 2572/24720] TestGemCommandsSourcesCommand#test_execute_remove = 1.43 s
[ 2573/24720] TestGemCommandsSourcesCommand#test_execute_add_http_rubygems_org_forced = 1.90 s
[ 2574/24720] TestGemCommandsSourcesCommand#test_execute_add_existent_source_invalid_uri = 1.60 s
[ 2575/24720] TestGemCommandsSourcesCommand#test_execute_list = 1.40 s
[ 2576/24720] TestGemCommandsSourcesCommand#test_execute_add_allow_typo_squatting_source_forced = 1.
87 s
[ 2577/24720] TestGemCommandsSourcesCommand#test_execute_add = 1.93 s
[ 2578/24720] TestGemCommandsSourcesCommand#test_initialize_proxy = 1.37 s
[ 2579/24720] TestGemCommandsSourcesCommand#test_execute_add_bad_uri = 1.40 s
[ 2580/24720] TestMarshal#test_unloadable_userdef = 0.04 s
[ 2581/24720] TestMarshal#test_marshal_integers = 0.11 s
[ 2582/24720] TestMarshal#test_fixnum = 0.11 s
[ 2583/24720] TestMarshal#test_object = 0.04 s
[ 2584/24720] TestMarshal#test_marshal_load_r_prepare_reference_crash = 8.82 s
[ 2585/24720] TestMarshal#test_hash = 0.03 s
[ 2586/24720] TestMarshal#test_dump_buffer = 0.02 s
[ 2587/24720] TestMarshal#test_false = 0.03 s
[ 2588/24720] TestMarshal#test_gc = 183.24 s
[ 2589/24720] TestMarshal#test_nil = 0.03 s
[ 2590/24720] TestMarshal#test_time_ivar = 0.05 s
[ 2591/24720] TestMarshal#test_load_range_as_struct = 0.01 s
[ 2592/24720] TestMarshal#test_time_subclass = 0.04 s
[ 2593/24720] TestMarshal#test_marshal_load_ivar = 0.03 s
[ 2594/24720] TestMarshal#test_marshal_regexp_encoding = 0.01 s
[ 2595/24720] TestMarshal#test_marshal_dump_extra_iv = 0.01 s
[ 2596/24720] TestMarshal#test_symbol = 0.49 s
[ 2597/24720] TestMarshal#test_regexp = 0.10 s
[ 2598/24720] TestMarshal#test_bignum = 0.07 s
[ 2599/24720] TestMarshal#test_exception = 0.08 s
[ 2600/24720] TestMarshal#test_userdef_encoding = 0.01 s
[ 2601/24720] TestMarshal#test_float = 0.06 s
[ 2602/24720] TestMarshal#test_marshal_dump_struct_ivar = 0.01 s
[ 2603/24720] TestMarshal#test_class_nonascii = 0.05 s
[ 2604/24720] TestMarshal#test_marshal_dump_excess_encoding = 0.01 s
[ 2605/24720] TestMarshal#test_object_prepend = 0.04 s
[ 2606/24720] TestMarshal#test_share = 0.01 s
[ 2607/24720] TestMarshal#test_struct_subclass_extend = 0.05 s
[ 2608/24720] TestMarshal#test_too_long_string = 0.01 s
[ 2609/24720] TestMarshal#test_time = 0.23 s
[ 2610/24720] TestMarshal#test_symbol2 = 0.01 s
[ 2611/24720] TestMarshal#test_anonymous = 0.02 s
[ 2612/24720] TestMarshal#test_range_cyclic = 0.02 s
[ 2613/24720] TestMarshal#test_object_subclass = 0.03 s
[ 2614/24720] TestMarshal#test_undumpable_message = 0.03 s
[ 2615/24720] TestMarshal#test_symlink = 0.01 s
[ 2616/24720] TestMarshal#test_marshal_nameerror = 0.04 s
[ 2617/24720] TestMarshal#test_invalid_byte_sequence_symbol = 0.01 s
[ 2618/24720] TestMarshal#test_marshal = 0.03 s
[ 2619/24720] TestMarshal#test_change_class_name = 0.03 s
[ 2620/24720] TestMarshal#test_string_subclass = 0.03 s
[ 2621/24720] TestMarshal#test_struct_ivar = 0.03 s
[ 2622/24720] TestMarshal#test_marshal_with_ruby2_keywords_hash = 0.04 s
[ 2623/24720] TestMarshal#test_marshal_dump_ivar = 0.02 s
[ 2624/24720] TestMarshal#test_string_crlf = 0.02 s
[ 2625/24720] TestMarshal#test_object_subclass_extend = 0.10 s
[ 2626/24720] TestMarshal#test_struct_subclass = 0.03 s
[ 2627/24720] TestMarshal#test_true = 0.02 s
[ 2628/24720] TestMarshal#test_float_inf_nan = 0.07 s
[ 2629/24720] TestMarshal#test_marshal_honor_post_proc_value_for_link = 0.01 s
[ 2630/24720] TestMarshal#test_module_ivar = 0.02 s
[ 2631/24720] TestMarshal#test_array = 0.04 s
[ 2632/24720] TestMarshal#test_symlink_in_ivar = 0.01 s
[ 2633/24720] TestMarshal#test_hash_extend = 0.05 s
[ 2634/24720] TestMarshal#test_class = 0.02 s
[ 2635/24720] TestMarshal#test_marshal_proc_freeze = 0.01 s
[ 2636/24720] TestMarshal#test_extend = 0.05 s
[ 2637/24720] TestMarshal#test_string = 0.02 s
[ 2638/24720] TestMarshal#test_hash_compared_by_identity = 0.02 s
[ 2639/24720] TestMarshal#test_struct = 0.03 s
[ 2640/24720] TestMarshal#test_exception_subclass = 0.04 s
[ 2641/24720] TestMarshal#test_hash_default_compared_by_identity = 0.01 s
[ 2642/24720] TestMarshal#test_array_subclass = 0.04 s
[ 2643/24720] TestMarshal#test_marshal_dump_recursion = 0.02 s
[ 2644/24720] TestMarshal#test_marshal_keyword_init_struct = 0.01 s
[ 2645/24720] TestMarshal#test_marshal_dump_removing_instance_variable = 0.02 s
[ 2646/24720] TestMarshal#test_userdef_invalid = 0.01 s
[ 2647/24720] TestMarshal#test_marshal_complex = 0.02 s
[ 2648/24720] TestMarshal#test_limit = 0.01 s
[ 2649/24720] TestMarshal#test_continuation = 0.17 s
[ 2650/24720] TestMarshal#test_context_switch = 18.33 s
[ 2651/24720] TestMarshal#test_pipe = 0.06 s
[ 2652/24720] TestMarshal#test_time_in_array = 0.01 s
[ 2653/24720] TestMarshal#test_marshal_exception = 0.04 s
[ 2654/24720] TestMarshal#test_range_subclass = 0.03 s
[ 2655/24720] TestMarshal#test_marshal_encoding_encoding = 0.01 s
[ 2656/24720] TestMarshal#test_inconsistent_struct = 0.02 s
[ 2657/24720] TestMarshal#test_hash_default = 0.02 s
[ 2658/24720] TestMarshal#test_range = 0.04 s
[ 2659/24720] TestMarshal#test_marshal_proc_string_encoding = 0.01 s
[ 2660/24720] TestMarshal#test_string_escape = 0.02 s
[ 2661/24720] TestMarshal#test_string_ivar = 0.03 s
[ 2662/24720] TestMarshal#test_struct_invalid_members = 0.01 s
[ 2663/24720] TestMarshal#test_struct_toplevel = 0.03 s
[ 2664/24720] TestMarshal#test_array_ivar = 0.03 s
[ 2665/24720] TestMarshal#test_unloadable_data = 0.03 s
[ 2666/24720] TestMarshal#test_marshal_symbol_ascii8bit = 0.01 s
[ 2667/24720] TestMarshal#test_class_ivar = 0.02 s
[ 2668/24720] TestMarshal#test_string_subclass_extend = 0.04 s
[ 2669/24720] TestMarshal#test_marshal_respond_to_arity = 0.01 s
[ 2670/24720] TestMarshal#test_packed_string = 0.01 s
[ 2671/24720] TestMarshal#test_hash_subclass = 0.03 s
[ 2672/24720] TestMarshal#test_method_missing_without_respond_to = 0.01 s
[ 2673/24720] TestMarshal#test_singleton = 0.03 s
[ 2674/24720] TestMarshal#test_undumpable_data = 0.03 s
[ 2675/24720] TestMarshal#test_hash_subclass_extend = 0.06 s
[ 2676/24720] TestMarshal#test_marshal_cloned_class = 0.01 s
[ 2677/24720] TestMarshal#test_string_subclass_cycle = 0.03 s
[ 2678/24720] TestMarshal#test_marshal_load_extended_class_crash = 8.96 s
[ 2679/24720] TestMarshal#test_hash_default_proc = 0.01 s
[ 2680/24720] TestMarshal#test_regexp_subclass = 0.05 s
[ 2681/24720] TestMarshal#test_marshal_rational = 0.02 s
[ 2682/24720] TestMarshal#test_extend_string = 0.06 s
[ 2683/24720] TestMarshal#test_object_extend = 0.05 s
[ 2684/24720] TestMarshal#test_marshal_flonum_reference = 0.01 s
[ 2685/24720] TestMarshal#test_marshal_dump = 0.02 s
[ 2686/24720] TestMarshal#test_marshal_dump_adding_instance_variable = 0.03 s
[ 2687/24720] TestMarshal#test_modify_array_during_dump = 0.01 s
[ 2688/24720] TestMarshal#test_string_empty = 0.03 s
[ 2689/24720] TestMarshal#test_no_internal_ids = 4.80 s
[ 2690/24720] TestMarshal#test_marshal_string_encoding = 0.02 s
[ 2691/24720] TestMarshal#test_regexp2 = 0.04 s
[ 2692/24720] TestMarshal#test_unloadable_usrmarshal = 0.05 s
[ 2693/24720] TestMarshal#test_hash_ivar = 0.04 s
[ 2694/24720] TestMarshal#test_change_struct = 0.04 s
[ 2695/24720] TestMarshal#test_marshal_private_class = 0.02 s
[ 2696/24720] TestMarshal#test_marshal_small_bignum_backref = 0.01 s
[ 2697/24720] EvalTest#test_rb_eval_string = 0.02 s
[ 2698/24720] Reline::KillRing::Test#test_append_after = 0.04 s
[ 2699/24720] Reline::KillRing::Test#test_append_three = 0.03 s
[ 2700/24720] Reline::KillRing::Test#test_append_three_with_max_two = 0.03 s
[ 2701/24720] Reline::KillRing::Test#test_append_complex_chain = 0.04 s
[ 2702/24720] Reline::KillRing::Test#test_append_chain_two = 0.03 s
[ 2703/24720] Reline::KillRing::Test#test_append_two = 0.02 s
[ 2704/24720] Reline::KillRing::Test#test_append_before = 0.02 s
[ 2705/24720] Reline::KillRing::Test#test_enumerable = 0.02 s
[ 2706/24720] Reline::KillRing::Test#test_append_four_with_max_two = 0.04 s
[ 2707/24720] Reline::KillRing::Test#test_append_one = 0.02 s
[ 2708/24720] Emoji::TestSoftBank#test_from_sjis = 0.03 s
[ 2709/24720] Emoji::TestSoftBank#test_to_sjis = 0.12 s
[ 2710/24720] Emoji::TestSoftBank#test_comparison = 0.02 s
[ 2711/24720] Emoji::TestSoftBank#test_to_utf8 = 0.02 s
[ 2712/24720] Emoji::TestSoftBank#test_to_docomo = 0.11 s
[ 2713/24720] Emoji::TestSoftBank#test_from_utf8 = 0.02 s
[ 2714/24720] Emoji::TestSoftBank#test_encoding_name = 0.07 s
[ 2715/24720] Emoji::TestSoftBank#test_to_eucjp = 0.02 s
[ 2716/24720] Emoji::TestSoftBank#test_softbank = 0.02 s
[ 2717/24720] Emoji::TestSoftBank#test_to_kddi = 0.13 s
[ 2718/24720] TestMkmfHaveLibrary#test_not_have_library_with_name = 0.68 s
[ 2719/24720] TestMkmfHaveLibrary#test_have_library = 0.63 s
[ 2720/24720] TestMkmfHaveLibrary#test_not_have_library = 0.32 s
[ 2721/24720] TestMkmfHaveLibrary#test_have_library_with_name = 0.62 s
[ 2722/24720] TestGemResolverInstalledSpecification#test_install = 0.58 s
[ 2723/24720] TestGemResolverInstalledSpecification#test_installable_platform_eh = 0.94 s
[ 2724/24720] TestGemResolverInstalledSpecification#test_initialize = 0.60 s
[ 2725/24720] TestEnsureAndCallcc#test_bug20655_extension_using_rb_ensure = 0.41 s
[ 2726/24720] TestEnsureAndCallcc#test_bug20655_dir_chdir_using_rb_ensure = 0.04 s
[ 2727/24720] TestRDocMarkupFormatter#test_parse_url_anchor = 0.05 s
[ 2728/24720] TestRDocMarkupFormatter#test_parse_url_link_id = 0.04 s
[ 2729/24720] TestRDocMarkupFormatter#test_parse_url = 0.04 s
[ 2730/24720] TestRDocMarkupFormatter#test_convert_tt_regexp_handling = 0.09 s
[ 2731/24720] TestRDocMarkupFormatter#test_add_regexp_handling_TIDYLINK = 0.18 s
[ 2732/24720] TestRDocMarkupFormatter#test_add_regexp_handling_RDOCLINK = 0.08 s
[ 2733/24720] TestRDocMarkupFormatter#test_class_gen_relative_url = 0.04 s
[ 2734/24720] TestRDocMarkupFormatter#test_parse_url_rdoc_label = 0.04 s
[ 2735/24720] TestRDocMarkupFormatter#test_parse_url_link = 0.04 s
[ 2736/24720] TestRDocMarkupFormatter#test_parse_url_scheme = 0.04 s
[ 2737/24720] TestRDocGeneratorRI#test_generate_dry_run = 0.14 s
[ 2738/24720] TestRDocGeneratorRI#test_generate = 0.28 s
[ 2739/24720] Prism::LocationTest#test_adjoin = 0.03 s
[ 2740/24720] Prism::LocationTest#test_code_units_binary_invalid_utf8 = 0.02 s
[ 2741/24720] Prism::LocationTest#test_character_offsets = 0.04 s
[ 2742/24720] Prism::LocationTest#test_cached_code_units = 0.06 s
[ 2743/24720] Prism::LocationTest#test_code_units_binary_valid_utf8 = 0.03 s
[ 2744/24720] Prism::LocationTest#test_slice_lines = 0.02 s
[ 2745/24720] Prism::LocationTest#test_join = 0.03 s
[ 2746/24720] Prism::LocationTest#test_chop = 0.02 s
[ 2747/24720] Prism::LocationTest#test_code_units = 0.14 s
[ 2748/24720] TestCondition#test_condition = 0.01 s
[ 2749/24720] Test_DotDot#test_load_dot_dot = 0.08 s
[ 2750/24720] TestGemResolverVendorSpecification#test_install = 0.52 s
[ 2751/24720] TestGemResolverVendorSpecification#test_platform = 0.51 s
[ 2752/24720] TestGemResolverVendorSpecification#test_name = 0.51 s
[ 2753/24720] TestGemResolverVendorSpecification#test_full_name = 0.51 s
[ 2754/24720] TestGemResolverVendorSpecification#test_version = 0.51 s
[ 2755/24720] TestGemResolverVendorSpecification#test_dependencies = 0.52 s
[ 2756/24720] TestGemResolverVendorSpecification#test_equals2 = 0.71 s
[ 2757/24720] TestIRB::WhereamiTest#test_whereami = 0.26 s
[ 2758/24720] TestIRB::WhereamiTest#test_whereami_alias = 0.14 s
[ 2759/24720] TestRDocMarkupAttributeManager#test_convert_attrs_ignores_code = 0.11 s
[ 2760/24720] TestRDocMarkupAttributeManager#test_convert_attrs = 0.09 s
[ 2761/24720] TestRDocMarkupAttributeManager#test_add_word_pair_map = 0.06 s
[ 2762/24720] TestRDocMarkupAttributeManager#test_regexp_handling = 0.21 s
[ 2763/24720] TestRDocMarkupAttributeManager#test_basic = 0.52 s
[ 2764/24720] TestRDocMarkupAttributeManager#test_add_html_tag = 0.05 s
[ 2765/24720] TestRDocMarkupAttributeManager#test_add_regexp_handling = 0.05 s
[ 2766/24720] TestRDocMarkupAttributeManager#test_html_like_teletype_em_bold_SGML = 0.10 s
[ 2767/24720] TestRDocMarkupAttributeManager#test_convert_attrs_ignores_tt = 0.10 s
[ 2768/24720] TestRDocMarkupAttributeManager#test_add_word_pair_invalid = 0.06 s
[ 2769/24720] TestRDocMarkupAttributeManager#test_html_like_em_bold_nested_1 = 0.09 s
[ 2770/24720] TestRDocMarkupAttributeManager#test_tt_html = 0.08 s
[ 2771/24720] TestRDocMarkupAttributeManager#test_initial_html = 0.05 s
[ 2772/24720] TestRDocMarkupAttributeManager#test_convert_attrs_does_not_ignore_after_tt = 0.10 s
[ 2773/24720] TestRDocMarkupAttributeManager#test_html_like_em_bold_nested_mixed_case = 0.10 s
[ 2774/24720] TestRDocMarkupAttributeManager#test_exclude_tag = 0.19 s
[ 2775/24720] TestRDocMarkupAttributeManager#test_exclude_tag_flow = 0.14 s
[ 2776/24720] TestRDocMarkupAttributeManager#test_mask_protected_sequence = 0.07 s
[ 2777/24720] TestRDocMarkupAttributeManager#test_html_like_em_bold_nested_2 = 0.10 s
[ 2778/24720] TestRDocMarkupAttributeManager#test_lost_tag_for_the_second_time = 0.12 s
[ 2779/24720] TestRDocMarkupAttributeManager#test_add_word_pair_angle = 0.05 s
[ 2780/24720] TestRDocMarkupAttributeManager#test_html_like_em_bold_mixed_case = 0.09 s
[ 2781/24720] TestRDocMarkupAttributeManager#test_html_like_em_bold = 0.09 s
[ 2782/24720] TestRDocMarkupAttributeManager#test_protect = 0.21 s
[ 2783/24720] TestRDocMarkupAttributeManager#test_initial_word_pairs = 0.05 s
[ 2784/24720] TestRDocMarkupAttributeManager#test_html_like_teletype = 0.08 s
[ 2785/24720] TestRDocMarkupAttributeManager#test_escapes = 0.70 s
[ 2786/24720] TestRDocMarkupAttributeManager#test_bold_html_escaped = 0.08 s
[ 2787/24720] TestRDocMarkupAttributeManager#test_adding = 0.08 s
[ 2788/24720] TestRDocMarkupAttributeManager#test_html_like_em_bold_SGML = 0.09 s
[ 2789/24720] TestRDocMarkupAttributeManager#test_convert_attrs_preserves_double = 0.11 s
[ 2790/24720] TestRDocMarkupAttributeManager#test_combined = 0.12 s
[ 2791/24720] TestRDocMarkupAttributeManager#test_add_word_pair = 0.06 s
[ 2792/24720] TestRDocMarkupAttributeManager#test_bold = 0.14 s
[ 2793/24720] TestRDocMarkupAttributeManager#test_add_word_pair_matching = 0.05 s
[ 2794/24720] TestDigestRactor::TestSHA256Ractor#test_s_hexdigest = 3.29 s
[ 2795/24720] TestGemSourceInstalled#test_pretty_print = 0.69 s
[ 2796/24720] TestGemSourceInstalled#test_spaceship = 0.99 s
[ 2797/24720] OpenSSL::TestX509CRL#test_basic = 1.00 s
[ 2798/24720] OpenSSL::TestX509CRL#test_marshal = 0.85 s
[ 2799/24720] OpenSSL::TestX509CRL#test_revoked = 4.78 s
[ 2800/24720] OpenSSL::TestX509CRL#test_eq = 0.84 s
[ 2801/24720] OpenSSL::TestX509CRL#test_crlnumber = 1.05 s
[ 2802/24720] OpenSSL::TestX509CRL#test_sign_and_verify_ed25519 = 0.84 s
[ 2803/24720] OpenSSL::TestX509CRL#test_sign_and_verify = 1.01 s
[ 2804/24720] OpenSSL::TestX509CRL#test_extension = 1.12 s
[ 2805/24720] OpenSSL::TestX509CRL#test_revoked_to_der = 0.78 s
[ 2806/24720] TestRubyPrimitive#test_concatarray_ruby_dev_41933 = 0.02 s
[ 2807/24720] TestRubyPrimitive#test_opassign = 0.03 s
[ 2808/24720] TestRubyPrimitive#test_cvar_from_singleton_method2 = 0.01 s
[ 2809/24720] TestRubyPrimitive#test_constatant_cache4 = 0.01 s
[ 2810/24720] TestRubyPrimitive#test_aset = 0.01 s
[ 2811/24720] TestRubyPrimitive#test_cvar_from_instance_method = 0.01 s
[ 2812/24720] TestRubyPrimitive#test_constant_cache2 = 0.01 s
[ 2813/24720] TestRubyPrimitive#test_constant_cache = 0.01 s
[ 2814/24720] TestRubyPrimitive#test_attr_setter = 0.01 s
[ 2815/24720] TestRubyPrimitive#test_list_expand = 0.01 s
[ 2816/24720] TestRubyPrimitive#test_fact = 0.08 s
[ 2817/24720] TestRubyPrimitive#test_cvar_from_singleton_method = 0.01 s
[ 2818/24720] TestRubyPrimitive#test_lvar = 0.01 s
[ 2819/24720] TestRubyPrimitive#test_gvar = 0.01 s
[ 2820/24720] TestRubyPrimitive#test_constant = 0.03 s
[ 2821/24720] TestRubyPrimitive#test_mod = 0.01 s
[ 2822/24720] TestRubyPrimitive#test_aref = 0.02 s
[ 2823/24720] TestRubyPrimitive#test_constant_cache5 = 0.01 s
[ 2824/24720] TestRubyPrimitive#test_constant_cache3 = 0.01 s
[ 2825/24720] TestRubyPrimitive#test_mul = 0.01 s
[ 2826/24720] TestRubyPrimitive#test_div = 0.01 s
[ 2827/24720] TestRubyPrimitive#test_not = 0.01 s
[ 2828/24720] TestRubyPrimitive#test_backref = 0.02 s
[ 2829/24720] TestRubyPrimitive#test_length = 0.01 s
[ 2830/24720] TestRubyPrimitive#test_opassign_and_or = 0.02 s
[ 2831/24720] TestGemAvailableSet#test_find_all = 0.98 s
[ 2832/24720] TestGemAvailableSet#test_best = 0.97 s
[ 2833/24720] TestGemAvailableSet#test_match_platform = 0.98 s
[ 2834/24720] TestGemAvailableSet#test_remove_installed_bang = 0.88 s
[ 2835/24720] TestGemAvailableSet#test_add_and_empty = 0.97 s
[ 2836/24720] TestGemAvailableSet#test_sorted_respect_pre = 0.98 s
[ 2837/24720] TestGemAvailableSet#test_sorted_normal_versions = 0.98 s
[ 2838/24720] TestGemProjectSanity#test_manifest_is_up_to_date = 0.04 s
[ 2839/24720] TestGemProjectSanity#test_require_rubygems_package = 7.88 s
[ 2840/24720] TestGemGemcutterUtilities#test_api_key_override = 1.01 s
[ 2841/24720] TestGemGemcutterUtilities#test_sign_in_with_webauthn_enabled_with_error = 1.13 s
[ 2842/24720] TestGemGemcutterUtilities#test_sign_in_with_host_nil = 0.99 s
[ 2843/24720] TestGemGemcutterUtilities#test_host_RUBYGEMS_HOST_empty = 0.76 s
[ 2844/24720] TestGemGemcutterUtilities#test_sign_in_with_other_credentials_doesnt_overwrite_other_k
eys = 1.01 s
[ 2845/24720] TestGemGemcutterUtilities#test_sign_in_with_host = 0.98 s
[ 2846/24720] TestGemGemcutterUtilities#test_api_key = 0.77 s
[ 2847/24720] TestGemGemcutterUtilities#test_sign_in_with_incorrect_otp_code = 1.00 s
[ 2848/24720] TestGemGemcutterUtilities#test_sign_in_skips_with_key_override = 0.81 s
[ 2849/24720] TestGemGemcutterUtilities#test_sign_in_with_bad_credentials = 0.95 s
[ 2850/24720] TestGemGemcutterUtilities#test_signin_with_env_otp_code = 0.98 s
[ 2851/24720] TestGemGemcutterUtilities#test_alternate_key_alternate_host = 0.78 s
[ 2852/24720] TestGemGemcutterUtilities#test_sign_in_with_host_ENV = 0.97 s
[ 2853/24720] TestGemGemcutterUtilities#test_sign_in_with_webauthn_enabled_with_polling = 1.19 s
[ 2854/24720] TestGemGemcutterUtilities#test_host_RUBYGEMS_HOST = 0.75 s
[ 2855/24720] TestGemGemcutterUtilities#test_sign_in_with_webauthn_enabled_with_polling_failure = 1.
15 s
[ 2856/24720] TestGemGemcutterUtilities#test_sign_in_with_correct_otp_code = 1.02 s
[ 2857/24720] TestGemGemcutterUtilities#test_host = 0.75 s
[ 2858/24720] TestGemGemcutterUtilities#test_verify_missing_api_key = 0.74 s
[ 2859/24720] TestGemGemcutterUtilities#test_sign_in_skips_with_existing_credentials = 0.84 s
[ 2860/24720] TestGemGemcutterUtilities#test_verify_api_key = 0.77 s
[ 2861/24720] TestGemGemcutterUtilities#test_sign_in_with_webauthn_enabled = 1.11 s
[ 2862/24720] TestGemGemcutterUtilities#test_sign_in = 0.99 s
[ 2863/24720] TestGemDoctor#test_doctor_badly_named_plugins = 0.97 s
[ 2864/24720] TestGemDoctor#test_doctor_non_gem_home = 0.78 s
[ 2865/24720] TestGemDoctor#test_doctor_dry_run = 1.13 s
[ 2866/24720] TestGemDoctor#test_doctor = 1.15 s
[ 2867/24720] TestGemDoctor#test_doctor_child_missing = 0.62 s
[ 2868/24720] TestGemDoctor#test_gem_repository_eh = 0.81 s
[ 2869/24720] TestGemCommandsCertCommand#test_execute_encrypted_private_key = 1.60 s
[ 2870/24720] TestGemCommandsCertCommand#test_execute_sign_no_key = 1.25 s
[ 2871/24720] TestGemCommandsCertCommand#test_execute_sign_encrypted_key = 1.75 s
[ 2872/24720] TestGemCommandsCertCommand#test_execute_remove_multiple = 1.39 s
[ 2873/24720] TestGemCommandsCertCommand#test_handle_options_key_bad = 2.20 s
[ 2874/24720] TestGemCommandsCertCommand#test_execute_certificate = 1.33 s
[ 2875/24720] TestGemCommandsCertCommand#test_execute_re_sign_with_cert_expiration_length_days = 1.9
8 s
[ 2876/24720] TestGemCommandsCertCommand#test_execute_build_key_algorithm_ec_key = 1.91 s
[ 2877/24720] TestGemCommandsCertCommand#test_certificates_matching_filter = 0.85 s
[ 2878/24720] TestGemCommandsCertCommand#test_execute_build_encrypted_key = 1.92 s
[ 2879/24720] TestGemCommandsCertCommand#test_handle_options_sign = 1.78 s
[ 2880/24720] TestGemCommandsCertCommand#test_execute_sign_default_encrypted_key = 1.77 s
[ 2881/24720] TestGemCommandsCertCommand#test_execute_build_bad_passphrase_confirmation = 1.42 s
[ 2882/24720] TestGemCommandsCertCommand#test_execute_sign = 1.83 s
[ 2883/24720] TestGemCommandsCertCommand#test_execute_build_expiration_days = 24.30 s
[ 2884/24720] TestGemCommandsCertCommand#test_execute_list_filter = 1.48 s
[ 2885/24720] TestGemCommandsCertCommand#test_execute_remove_twice = 1.48 s
[ 2886/24720] TestGemCommandsCertCommand#test_execute_build = 29.18 s
[ 2887/24720] TestGemCommandsCertCommand#test_execute_build_ec_key = 1.73 s
[ 2888/24720] TestGemCommandsCertCommand#test_handle_options_add_bad = 1.31 s
[ 2889/24720] TestGemCommandsCertCommand#test_execute_build_key = 1.82 s
[ 2890/24720] TestGemCommandsCertCommand#test_execute_add_twice = 1.38 s
[ 2891/24720] TestGemCommandsCertCommand#test_handle_options = 1.36 s
[ 2892/24720] TestGemCommandsCertCommand#test_certificates_matching = 0.67 s
[ 2893/24720] TestGemCommandsCertCommand#test_execute_remove = 1.43 s
[ 2894/24720] TestGemCommandsCertCommand#test_execute_private_key = 1.60 s
[ 2895/24720] TestGemCommandsCertCommand#test_execute_list = 1.32 s
[ 2896/24720] TestGemCommandsCertCommand#test_execute_build_bad_email_address = 1.47 s
[ 2897/24720] TestGemCommandsCertCommand#test_handle_options_sign_encrypted_key = 1.94 s
[ 2898/24720] TestGemCommandsCertCommand#test_execute_sign_no_cert = 1.27 s
[ 2899/24720] TestGemCommandsCertCommand#test_handle_options_certificate = 1.29 s
[ 2900/24720] TestGemCommandsCertCommand#test_execute_sign_default = 1.75 s
[ 2901/24720] TestGemCommandsCertCommand#test_execute_add = 1.31 s
[ 2902/24720] TestGemCommandsCertCommand#test_handle_options_sign_nonexistent = 1.61 s
[ 2903/24720] TestGemCommandsCertCommand#test_execute_re_sign = 1.87 s
[ 2904/24720] TestIRB::HelpTest#test_help = 0.05 s
[ 2905/24720] TestIRB::HelpTest#test_command_help = 0.04 s
[ 2906/24720] TestIRB::HelpTest#test_help_lists_user_aliases = 0.04 s
[ 2907/24720] TestIRB::HelpTest#test_show_cmds = 0.04 s
[ 2908/24720] TestIRB::HelpTest#test_command_help_not_found = 0.04 s
[ 2909/24720] TestIRB::HelpTest#test_help_lists_helper_methods = 0.04 s
[ 2910/24720] TestArgf#test_skip_in_each_line = 15.16 s
[ 2911/24720] TestArgf#test_read3 = 7.57 s
[ 2912/24720] TestArgf#test_tell = 7.48 s
[ 2913/24720] TestArgf#test_puts = 7.60 s
[ 2914/24720] TestArgf#test_printf = 7.49 s
[ 2915/24720] TestArgf#test_lineno2 = 7.64 s
[ 2916/24720] TestArgf#test_each_line_paragraph = 2.44 s
[ 2917/24720] TestArgf#test_wrong_type = 8.87 s
[ 2918/24720] TestArgf#test_readpartial2 = 7.57 s
[ 2919/24720] TestArgf#test_set_pos = 7.61 s
[ 2920/24720] TestArgf#test_close_replace = 7.56 s
[ 2921/24720] TestArgf#test_each_char = 7.56 s
[ 2922/24720] TestArgf#test_readlines_chomp = 2.42 s
[ 2923/24720] TestArgf#test_readbyte = 7.59 s
[ 2924/24720] TestArgf#test_file = 7.59 s
[ 2925/24720] TestArgf#test_readlines_limit_0 = 0.06 s
[ 2926/24720] TestArgf#test_putc = 7.61 s
[ 2927/24720] TestArgf#test_inplace_to_path = 0.06 s
[ 2928/24720] TestArgf#test_inplace_bug_17117 = 102.06 s
[ 2929/24720] TestArgf#test_to_io = 7.61 s
[ 2930/24720] TestArgf#test_encoding = 7.57 s
[ 2931/24720] TestArgf#test_gets_chomp = 2.43 s
[ 2932/24720] TestArgf#test_readline_chomp = 2.43 s
[ 2933/24720] TestArgf#test_each_codepoint = 7.55 s
[ 2934/24720] TestArgf#test_each_byte = 7.57 s
[ 2935/24720] TestArgf#test_readchar = 7.57 s
[ 2936/24720] TestArgf#test_getbyte = 7.56 s
[ 2937/24720] TestArgf#test_inplace2 = 2.47 s
[ 2938/24720] TestArgf#test_read = 7.56 s
[ 2939/24720] TestArgf#test_read2_with_not_empty_buffer = 7.70 s
[ 2940/24720] TestArgf#test_inplace3 = 2.48 s
[ 2941/24720] TestArgf#test_binmode = 7.60 s
[ 2942/24720] TestArgf#test_fileno = 7.58 s
[ 2943/24720] TestArgf#test_inplace_stdin = 3.17 s
[ 2944/24720] TestArgf#test_unreadable = 0.10 s
[ 2945/24720] TestArgf#test_lineno = 7.66 s
[ 2946/24720] TestArgf#test_inplace_invalid_backup = 0.05 s
[ 2947/24720] TestArgf#test_each_line_limit_0 = 0.06 s
[ 2948/24720] TestArgf#test_inplace_suffix_encoding = 0.08 s
[ 2949/24720] TestArgf#test_inplace_dup = 2.50 s
[ 2950/24720] TestArgf#test_eof = 15.09 s
[ 2951/24720] TestArgf#test_sized_read = 7.62 s
[ 2952/24720] TestArgf#test_lineno_after_shebang = 7.64 s
[ 2953/24720] TestArgf#test_new_lineno_each_char = 0.06 s
[ 2954/24720] TestArgf#test_close = 7.55 s
[ 2955/24720] TestArgf#test_filename2 = 7.59 s
[ 2956/24720] TestArgf#test_skip_in_each_codepoint = 7.58 s
[ 2957/24720] TestArgf#test_print = 7.64 s
[ 2958/24720] TestArgf#test_skip_in_each_byte = 7.56 s
[ 2959/24720] TestArgf#test_closed = 7.46 s
[ 2960/24720] TestArgf#test_inplace_ascii_incompatible_path = 0.07 s
[ 2961/24720] TestArgf#test_inplace_nonascii = 2.33 s
[ 2962/24720] TestArgf#test_readpartial = 7.58 s
[ 2963/24720] TestArgf#test_rewind = 7.67 s
[ 2964/24720] TestArgf#test_new_lineno_each = 0.06 s
[ 2965/24720] TestArgf#test_skip = 7.47 s
[ 2966/24720] TestArgf#test_filename = 7.57 s
[ 2967/24720] TestArgf#test_argv = 7.60 s
[ 2968/24720] TestArgf#test_each_line = 7.61 s
[ 2969/24720] TestArgf#test_inplace_rename_impossible = 2.46 s
[ 2970/24720] TestArgf#test_readlines_twice = 7.47 s
[ 2971/24720] TestArgf#test_readpartial_eof_twice = 7.55 s
[ 2972/24720] TestArgf#test_inplace_no_backup = 2.43 s
[ 2973/24720] TestArgf#test_skip_in_each_char = 7.59 s
[ 2974/24720] TestArgf#test_read_nonblock = 7.59 s
[ 2975/24720] TestArgf#test_read2 = 7.58 s
[ 2976/24720] TestArgf#test_each_line_chomp = 4.85 s
[ 2977/24720] TestArgf#test_lineno3 = 2.56 s
[ 2978/24720] TestArgf#test_argf = 7.71 s
[ 2979/24720] TestArgf#test_inplace_stdin2 = 2.67 s
[ 2980/24720] TestArgf#test_seek = 7.60 s
[ 2981/24720] TestArgf#test_inplace = 2.62 s
[ 2982/24720] TestArgf#test_getc = 7.61 s
[ 2983/24720] OpenSSL::TestOCSP#test_request_is_signed = 1.16 s
[ 2984/24720] OpenSSL::TestOCSP#test_response_dup = 1.14 s
[ 2985/24720] OpenSSL::TestOCSP#test_basic_response_sign_verify = 1.21 s
[ 2986/24720] OpenSSL::TestOCSP#test_certificate_id_dup = 1.02 s
[ 2987/24720] OpenSSL::TestOCSP#test_request_dup = 1.04 s
[ 2988/24720] OpenSSL::TestOCSP#test_certificate_id_hash_algorithm = 1.04 s
[ 2989/24720] OpenSSL::TestOCSP#test_certificate_id_issuer_name_hash = 1.02 s
[ 2990/24720] OpenSSL::TestOCSP#test_request_sign_verify = 1.06 s
[ 2991/24720] OpenSSL::TestOCSP#test_basic_response_der = 1.21 s
[ 2992/24720] OpenSSL::TestOCSP#test_request_nonce = 1.06 s
[ 2993/24720] OpenSSL::TestOCSP#test_basic_response_response_operations = 1.04 s
[ 2994/24720] OpenSSL::TestOCSP#test_certificate_id_issuer_key_hash = 1.04 s
[ 2995/24720] OpenSSL::TestOCSP#test_single_response_der = 1.03 s
[ 2996/24720] OpenSSL::TestOCSP#test_single_response_check_validity = 1.03 s
[ 2997/24720] OpenSSL::TestOCSP#test_new_certificate_id = 1.02 s
[ 2998/24720] OpenSSL::TestOCSP#test_response_der = 1.10 s
[ 2999/24720] OpenSSL::TestOCSP#test_response = 1.11 s
[ 3000/24720] OpenSSL::TestOCSP#test_request_der = 1.25 s
[ 3001/24720] OpenSSL::TestOCSP#test_certificate_id_der = 1.03 s
[ 3002/24720] OpenSSL::TestOCSP#test_basic_response_dup = 1.11 s
[ 3003/24720] TestRDocMethodAttr#test_is_alias_for = 4.58 s
[ 3004/24720] TestRDocMethodAttr#test_pretty_print = 4.81 s
[ 3005/24720] TestRDocMethodAttr#test_output_name = 4.55 s
[ 3006/24720] TestRDocMethodAttr#test_spaceship_returns_nil_on_inappropriate_types = 4.54 s
[ 3007/24720] TestRDocMethodAttr#test_block_params_equal = 4.64 s
[ 3008/24720] TestRDocMethodAttr#test_initialize_copy = 4.53 s
[ 3009/24720] TestRDocMethodAttr#test_search_record = 4.63 s
[ 3010/24720] TestRDocMethodAttr#test_to_s = 4.63 s
[ 3011/24720] TestRDocMethodAttr#test_spaceship_orders_symbols_first = 4.65 s
[ 3012/24720] TestRDocMethodAttr#test_full_name = 4.75 s
[ 3013/24720] TestRDocMethodAttr#test_equals2 = 4.58 s
[ 3014/24720] TestRDocMethodAttr#test_find_method_or_attribute_recursive = 4.56 s
[ 3015/24720] TestFind#test_change_dir_to_file = 0.09 s
[ 3016/24720] TestFind#test_relative = 0.07 s
[ 3017/24720] TestFind#test_encoding_ascii = 0.04 s
[ 3018/24720] TestFind#test_dangling_symlink = 0.04 s
[ 3019/24720] TestFind#test_countup3 = 0.05 s
[ 3020/24720] TestFind#test_enumerator = 0.07 s
[ 3021/24720] TestFind#test_countdown3 = 0.04 s
[ 3022/24720] TestFind#test_to_path = 0.03 s
[ 3023/24720] TestFind#test_prune = 0.06 s
[ 3024/24720] TestFind#test_dangling_symlink_stat_error = 0.03 s
[ 3025/24720] TestFind#test_unsearchable_dir = 0.09 s
[ 3026/24720] TestFind#test_nonexistence = 0.04 s
[ 3027/24720] TestFind#test_unreadable_dir = 0.03 s
[ 3028/24720] TestFind#test_change_dir_to_symlink_loop = 0.09 s
[ 3029/24720] TestFind#test_dont_follow_symlink = 0.06 s
[ 3030/24720] TestFind#test_encoding_non_ascii = 0.06 s
[ 3031/24720] TestFind#test_rec = 0.07 s
[ 3032/24720] TestFind#test_empty = 0.02 s
[ 3033/24720] TestTmpdir#test_mktmpdir_traversal = 0.04 s
[ 3034/24720] TestTmpdir#test_world_writable = 0.11 s
[ 3035/24720] TestTmpdir#test_no_homedir = 0.02 s
[ 3036/24720] TestTmpdir#test_mktmpdir_mutate = 0.03 s
[ 3037/24720] TestTmpdir#test_tmpdir_not_empty_parent = 0.02 s
[ 3038/24720] TestTmpdir#test_mktmpdir_not_empty_parent = 0.05 s
[ 3039/24720] TestTmpdir#test_tmpdir_modifiable = 0.01 s
[ 3040/24720] TestTmpdir#test_ractor = 11.63 s
[ 3041/24720] TestTmpdir#test_mktmpdir_traversal_array = 0.04 s
[ 3042/24720] TestTmpdir#test_mktmpdir_nil = 0.02 s
[ 3043/24720] TestMarshal::TestMarshalFreeze#test_fixnum = 0.13 s
[ 3044/24720] TestMarshal::TestMarshalFreeze#test_object = 0.04 s
[ 3045/24720] TestMarshal::TestMarshalFreeze#test_hash = 0.03 s
[ 3046/24720] TestMarshal::TestMarshalFreeze#test_false = 0.02 s
[ 3047/24720] TestMarshal::TestMarshalFreeze#test_nil = 0.03 s
[ 3048/24720] TestMarshal::TestMarshalFreeze#test_time_ivar = 0.04 s
[ 3049/24720] TestMarshal::TestMarshalFreeze#test_time_subclass = 0.04 s
[ 3050/24720] TestMarshal::TestMarshalFreeze#test_symbol = 0.53 s
[ 3051/24720] TestMarshal::TestMarshalFreeze#test_regexp = 0.11 s
[ 3052/24720] TestMarshal::TestMarshalFreeze#test_bignum = 0.08 s
[ 3053/24720] TestMarshal::TestMarshalFreeze#test_exception = 0.09 s
[ 3054/24720] TestMarshal::TestMarshalFreeze#test_modules_and_classes_are_not_frozen = 0.02 s
[ 3055/24720] TestMarshal::TestMarshalFreeze#test_float = 0.06 s
[ 3056/24720] TestMarshal::TestMarshalFreeze#test_object_prepend = 0.04 s
[ 3057/24720] TestMarshal::TestMarshalFreeze#test_share = 0.01 s
[ 3058/24720] TestMarshal::TestMarshalFreeze#test_struct_subclass_extend = 0.06 s
[ 3059/24720] TestMarshal::TestMarshalFreeze#test_time = 0.25 s
[ 3060/24720] TestMarshal::TestMarshalFreeze#test_proc_returned_object_are_not_frozen = 0.03 s
[ 3061/24720] TestMarshal::TestMarshalFreeze#test_anonymous = 0.02 s
[ 3062/24720] TestMarshal::TestMarshalFreeze#test_range_cyclic = 0.01 s
[ 3063/24720] TestMarshal::TestMarshalFreeze#test_object_subclass = 0.03 s
[ 3064/24720] TestMarshal::TestMarshalFreeze#test_string_subclass = 0.04 s
[ 3065/24720] TestMarshal::TestMarshalFreeze#test_struct_ivar = 0.04 s
[ 3066/24720] TestMarshal::TestMarshalFreeze#test_return_objects_are_frozen = 0.02 s
[ 3067/24720] TestMarshal::TestMarshalFreeze#test_string_crlf = 0.03 s
[ 3068/24720] TestMarshal::TestMarshalFreeze#test_object_subclass_extend = 0.07 s
[ 3069/24720] TestMarshal::TestMarshalFreeze#test_struct_subclass = 0.04 s
[ 3070/24720] TestMarshal::TestMarshalFreeze#test_true = 0.03 s
[ 3071/24720] TestMarshal::TestMarshalFreeze#test_float_inf_nan = 0.09 s
[ 3072/24720] TestMarshal::TestMarshalFreeze#test_array = 0.69 s
[ 3073/24720] TestMarshal::TestMarshalFreeze#test_hash_extend = 0.05 s
[ 3074/24720] TestMarshal::TestMarshalFreeze#test_extend = 0.05 s
[ 3075/24720] TestMarshal::TestMarshalFreeze#test_string = 0.02 s
[ 3076/24720] TestMarshal::TestMarshalFreeze#test_struct = 0.03 s
[ 3077/24720] TestMarshal::TestMarshalFreeze#test_exception_subclass = 0.03 s
[ 3078/24720] TestMarshal::TestMarshalFreeze#test_array_subclass = 0.03 s
[ 3079/24720] TestMarshal::TestMarshalFreeze#test_time_in_array = 0.01 s
[ 3080/24720] TestMarshal::TestMarshalFreeze#test_range_subclass = 0.03 s
[ 3081/24720] TestMarshal::TestMarshalFreeze#test_hash_default = 0.03 s
[ 3082/24720] TestMarshal::TestMarshalFreeze#test_range = 0.04 s
[ 3083/24720] TestMarshal::TestMarshalFreeze#test_string_escape = 0.03 s
[ 3084/24720] TestMarshal::TestMarshalFreeze#test_string_ivar = 0.03 s
[ 3085/24720] TestMarshal::TestMarshalFreeze#test_struct_toplevel = 0.03 s
[ 3086/24720] TestMarshal::TestMarshalFreeze#test_array_ivar = 0.03 s
[ 3087/24720] TestMarshal::TestMarshalFreeze#test_string_subclass_extend = 0.04 s
[ 3088/24720] TestMarshal::TestMarshalFreeze#test_hash_subclass = 0.03 s
[ 3089/24720] TestMarshal::TestMarshalFreeze#test_singleton = 0.03 s
[ 3090/24720] TestMarshal::TestMarshalFreeze#test_hash_subclass_extend = 0.06 s
[ 3091/24720] TestMarshal::TestMarshalFreeze#test_string_subclass_cycle = 0.03 s
[ 3092/24720] TestMarshal::TestMarshalFreeze#test_hash_default_proc = 0.01 s
[ 3093/24720] TestMarshal::TestMarshalFreeze#test_regexp_subclass = 0.03 s
[ 3094/24720] TestMarshal::TestMarshalFreeze#test_extend_string = 0.05 s
[ 3095/24720] TestMarshal::TestMarshalFreeze#test_object_extend = 0.05 s
[ 3096/24720] TestMarshal::TestMarshalFreeze#test_string_empty = 0.03 s
[ 3097/24720] TestMarshal::TestMarshalFreeze#test_hash_ivar = 0.03 s
[ 3098/24720] TestRequireLib#"test_thread_size:benchmark" = 9.11 s
[ 3099/24720] TestRequireLib#"test_thread_size:yaml" = 8.96 s
[ 3100/24720] TestRequireLib#"test_thread_size:optparse" = 8.90 s
[ 3101/24720] TestRequireLib#"test_thread_size:un" = 10.80 s
[ 3102/24720] TestRequireLib#"test_thread_size:fileutils" = 10.59 s
[ 3103/24720] TestRequireLib#"test_thread_size:ostruct" = 9.18 s
[ 3104/24720] TestRequireLib#"test_thread_size:find" = 8.94 s
[ 3105/24720] TestRequireLib#"test_thread_size:reline" = 16.78 s
[ 3106/24720] TestRequireLib#"test_thread_size:timeout" = 8.95 s
[ 3107/24720] TestRequireLib#"test_thread_size:unicode_normalize/normalize" = 13.77 s
[ 3108/24720] TestRequireLib#"test_thread_size:set" = 9.18 s
[ 3109/24720] TestRequireLib#"test_thread_size:tempfile" = 11.68 s
[ 3110/24720] TestRequireLib#"test_thread_size:pp" = 8.94 s
[ 3111/24720] TestRequireLib#"test_thread_size:net/https" = 20.10 s
[ 3112/24720] TestRequireLib#"test_thread_size:net/protocol" = 10.53 s
[ 3113/24720] TestRequireLib#"test_thread_size:prettyprint" = 9.45 s
[ 3114/24720] TestRequireLib#"test_thread_size:forwardable" = 8.97 s
[ 3115/24720] TestRequireLib#"test_thread_size:random/formatter" = 9.02 s
[ 3116/24720] TestRequireLib#"test_thread_size:open3" = 8.84 s
[ 3117/24720] TestRequireLib#"test_thread_size:did_you_mean" = 9.36 s
[ 3118/24720] TestRequireLib#"test_thread_size:error_highlight" = 9.28 s
[ 3119/24720] TestRequireLib#"test_thread_size:tmpdir" = 11.05 s
[ 3120/24720] TestRequireLib#"test_thread_size:irb" = 23.38 s
[ 3121/24720] TestRequireLib#"test_thread_size:erb" = 9.73 s
[ 3122/24720] TestRequireLib#"test_thread_size:uri" = 12.45 s
[ 3123/24720] TestRequireLib#"test_thread_size:unicode_normalize/tables" = 13.63 s
[ 3124/24720] TestRequireLib#"test_thread_size:syntax_suggest" = 9.02 s
[ 3125/24720] TestRequireLib#"test_thread_size:weakref" = 9.05 s
[ 3126/24720] TestRequireLib#"test_thread_size:singleton" = 8.99 s
[ 3127/24720] TestRequireLib#"test_thread_size:English" = 8.95 s
[ 3128/24720] TestRequireLib#"test_thread_size:shellwords" = 8.97 s
[ 3129/24720] TestRequireLib#"test_thread_size:ipaddr" = 11.07 s
[ 3130/24720] TestRequireLib#"test_thread_size:logger" = 9.42 s
[ 3131/24720] TestRequireLib#"test_thread_size:pstore" = 9.22 s
[ 3132/24720] TestRequireLib#"test_thread_size:time" = 9.34 s
[ 3133/24720] TestRequireLib#"test_thread_size:delegate" = 9.09 s
[ 3134/24720] TestRequireLib#"test_thread_size:securerandom" = 8.92 s
[ 3135/24720] TestRequireLib#"test_thread_size:cgi" = 10.01 s
[ 3136/24720] TestRequireLib#"test_thread_size:tsort" = 8.99 s
[ 3137/24720] TestRequireLib#"test_thread_size:readline" = 17.05 s
[ 3138/24720] TestRequireLib#"test_thread_size:resolv" = 12.35 s
[ 3139/24720] TestRequireLib#"test_thread_size:open-uri" = 13.36 s
[ 3140/24720] TestRequireLib#"test_thread_size:rdoc" = 9.03 s
[ 3141/24720] TestRequireLib#"test_thread_size:net/http" = 17.59 s
[ 3142/24720] TestRequireLib#"test_thread_size:optionparser" = 8.92 s
[ 3143/24720] TestRequireLib#"test_thread_size:prism" = 17.46 s
[ 3144/24720] TestDigestRactor::TestSHA384Ractor#test_s_hexdigest = 3.25 s
[ 3145/24720] RDocRIDriverTest#test_add_method_list_interative = 1.26 s
[ 3146/24720] RDocRIDriverTest#test_did_you_mean = 0.40 s
[ 3147/24720] RDocRIDriverTest#test_ancestors_of_chained_inclusion = 0.06 s
[ 3148/24720] RDocRIDriverTest#test_page = 0.46 s
[ 3149/24720] RDocRIDriverTest#test_add_also_in = 1.30 s
[ 3150/24720] RDocRIDriverTest#test_load_methods_matching = 0.97 s
[ 3151/24720] RDocRIDriverTest#test_display_name_not_found_class = 0.96 s
[ 3152/24720] RDocRIDriverTest#test_list_methods_matching_inherit = 1.22 s
[ 3153/24720] RDocRIDriverTest#test_add_method_inherited = 1.24 s
[ 3154/24720] RDocRIDriverTest#test_parse_name_single_class = 0.08 s
[ 3155/24720] RDocRIDriverTest#test_complete_multistore = 1.24 s
[ 3156/24720] RDocRIDriverTest#test_find_store = 0.07 s
[ 3157/24720] RDocRIDriverTest#test_complete_ancestor = 0.11 s
[ 3158/24720] RDocRIDriverTest#test_add_method_overridden = 1.29 s
[ 3159/24720] RDocRIDriverTest#test_add_includes = 0.86 s
[ 3160/24720] RDocRIDriverTest#test_display_class_ambiguous = 2.36 s
[ 3161/24720] RDocRIDriverTest#test_expand_name = 1.57 s
[ 3162/24720] RDocRIDriverTest#test_display_method_inherited = 2.69 s
[ 3163/24720] RDocRIDriverTest#test_add_method_list_none = 0.05 s
[ 3164/24720] RDocRIDriverTest#test_add_from = 1.80 s
[ 3165/24720] RDocRIDriverTest#test_list_known_classes = 1.95 s
[ 3166/24720] RDocRIDriverTest#test_filter_methods = 5.46 s
[ 3167/24720] RDocRIDriverTest#test_add_method = 1.10 s
[ 3168/24720] RDocRIDriverTest#test_display_name = 1.10 s
[ 3169/24720] RDocRIDriverTest#test_display_method_overridden = 1.44 s
[ 3170/24720] RDocRIDriverTest#test_add_method_that_is_alias_for_original = 0.95 s
[ 3171/24720] RDocRIDriverTest#test_load_method = 0.88 s
[ 3172/24720] RDocRIDriverTest#test_add_class = 1.19 s
[ 3173/24720] RDocRIDriverTest#test_expand_class_2 = 0.28 s
[ 3174/24720] RDocRIDriverTest#test_display_class_all = 2.09 s
[ 3175/24720] RDocRIDriverTest#test_display_class_multi_no_doc = 2.23 s
[ 3176/24720] RDocRIDriverTest#test_display_method_attribute = 0.98 s
[ 3177/24720] RDocRIDriverTest#test_complete_classes = 0.86 s
[ 3178/24720] RDocRIDriverTest#test_output_width = 0.15 s
[ 3179/24720] RDocRIDriverTest#test_ancestors_of = 0.06 s
[ 3180/24720] RDocRIDriverTest#test_display_name_not_found_method = 0.88 s
[ 3181/24720] RDocRIDriverTest#test_page_in_presence_of_child_status = 0.36 s
[ 3182/24720] RDocRIDriverTest#test_load_methods_matching_inherited = 1.29 s
[ 3183/24720] RDocRIDriverTest#test_add_method_attribute = 0.91 s
[ 3184/24720] RDocRIDriverTest#test_display_page_missing = 1.77 s
[ 3185/24720] RDocRIDriverTest#test_display_method_params = 1.22 s
[ 3186/24720] RDocRIDriverTest#test_expand_class = 1.00 s
[ 3187/24720] RDocRIDriverTest#test_display_page_ambiguous = 1.13 s
[ 3188/24720] RDocRIDriverTest#test_rdoc_refs_expansion_can_be_disabled = 1.32 s
[ 3189/24720] RDocRIDriverTest#test_add_also_in_empty = 0.05 s
[ 3190/24720] RDocRIDriverTest#test_find_methods = 0.88 s
[ 3191/24720] RDocRIDriverTest#test_display_page = 1.01 s
[ 3192/24720] RDocRIDriverTest#test_page_stdout = 0.13 s
[ 3193/24720] RDocRIDriverTest#test_complete = 0.10 s
[ 3194/24720] RDocRIDriverTest#test_find_methods_method = 0.86 s
[ 3195/24720] RDocRIDriverTest#test_display_class_page = 0.10 s
[ 3196/24720] RDocRIDriverTest#test_display_class = 1.29 s
[ 3197/24720] RDocRIDriverTest#test_name_regexp = 0.07 s
[ 3198/24720] RDocRIDriverTest#test_parse_name_page = 0.05 s
[ 3199/24720] RDocRIDriverTest#test_display_class_superclass = 1.41 s
[ 3200/24720] RDocRIDriverTest#test_load_method_missing = 1.38 s
[ 3201/24720] RDocRIDriverTest#test_expand_class_3 = 0.19 s
[ 3202/24720] RDocRIDriverTest#test_load_method_inherited = 1.12 s
[ 3203/24720] RDocRIDriverTest#test_add_extension_modules_one = 0.82 s
[ 3204/24720] RDocRIDriverTest#test_method_type = 0.05 s
[ 3205/24720] RDocRIDriverTest#test_display_page_ignore_directory = 0.98 s
[ 3206/24720] RDocRIDriverTest#test_display = 0.14 s
[ 3207/24720] RDocRIDriverTest#test_class_document = 1.12 s
[ 3208/24720] RDocRIDriverTest#test_parse_name_method = 0.06 s
[ 3209/24720] RDocRIDriverTest#test_display_page_add_extension = 0.95 s
[ 3210/24720] RDocRIDriverTest#test_list_methods_matching = 1.20 s
[ 3211/24720] RDocRIDriverTest#test_display_class_module = 1.04 s
[ 3212/24720] RDocRIDriverTest#test_add_extends = 0.90 s
[ 3213/24720] RDocRIDriverTest#test_list_methods_matching_regexp = 0.94 s
[ 3214/24720] RDocRIDriverTest#test_parse_name_page_extenson = 0.05 s
[ 3215/24720] RDocRIDriverTest#test_parse_name_special = 0.09 s
[ 3216/24720] RDocRIDriverTest#test_classes = 1.22 s
[ 3217/24720] RDocRIDriverTest#test_display_page_extension = 1.01 s
[ 3218/24720] RDocRIDriverTest#test_self_dump = 1.44 s
[ 3219/24720] RDocRIDriverTest#test_parse_name_namespace = 0.06 s
[ 3220/24720] RDocRIDriverTest#test_list_known_classes_name = 0.89 s
[ 3221/24720] RDocRIDriverTest#test_add_method_list = 0.06 s
[ 3222/24720] RDocRIDriverTest#test_display_page_list = 1.03 s
[ 3223/24720] RDocRIDriverTest#test_filter_methods_not_found = 1.24 s
[ 3224/24720] RDocRIDriverTest#test_display_name_not_found_special = 1.27 s
[ 3225/24720] RDocRIDriverTest#test_add_method_with_rdoc_ref_link = 0.87 s
[ 3226/24720] RDocRIDriverTest#test_formatter = 0.20 s
[ 3227/24720] RDocRIDriverTest#test_setup_pager = 0.47 s
[ 3228/24720] RDocRIDriverTest#test_add_method_documentation = 1.01 s
[ 3229/24720] RDocRIDriverTest#test_add_extension_modules_empty = 0.05 s
[ 3230/24720] RDocRIDriverTest#test_add_extension_modules_many = 0.87 s
[ 3231/24720] RDocRIDriverTest#test_display_method = 1.12 s
[ 3232/24720] RDocRIDriverTest#test_add_extension_modules_many_no_doc = 0.87 s
[ 3233/24720] Test_BUG_5832#test_block_passing = 0.02 s
[ 3234/24720] TC_SortedSet#test_ok_with_gem = 7.70 s
[ 3235/24720] TC_SortedSet#test_ok_require = 7.79 s
[ 3236/24720] TC_SortedSet#test_error = 7.74 s
[ 3237/24720] TestGemResolverBestSet#test_find_all = 0.94 s
[ 3238/24720] TestGemResolverBestSet#test_prefetch = 1.22 s
[ 3239/24720] TestGemResolverBestSet#test_find_all_local = 1.04 s
[ 3240/24720] TestGemResolverBestSet#test_prefetch_local = 0.85 s
[ 3241/24720] TestGemResolverBestSet#test_initialize = 1.20 s
[ 3242/24720] TestGemCommandsCleanupCommand#test_execute_dry_run = 0.86 s
[ 3243/24720] TestGemCommandsCleanupCommand#test_execute_dev_dependencies = 0.91 s
[ 3244/24720] TestGemCommandsCleanupCommand#test_execute_all = 0.91 s
[ 3245/24720] TestGemCommandsCleanupCommand#test_handle_options_dry_run = 0.91 s
[ 3246/24720] TestGemCommandsCleanupCommand#test_execute_keeps_older_versions_with_deps = 0.90 s
[ 3247/24720] TestGemCommandsCleanupCommand#test_execute = 0.92 s
[ 3248/24720] TestGemCommandsCleanupCommand#test_execute_user_install = 0.90 s
[ 3249/24720] TestGemCommandsCleanupCommand#test_execute_without_dev_dependencies = 0.90 s
[ 3250/24720] TestGemCommandsCleanupCommand#test_execute_all_dependencies = 0.90 s
[ 3251/24720] TestGemCommandsCleanupCommand#test_handle_options_d = 0.91 s
[ 3252/24720] TestGemCommandsCleanupCommand#test_handle_options_check_development = 0.90 s
[ 3253/24720] TestGemCommandsCleanupCommand#test_execute_ignore_default_gem_verbose = 0.92 s
[ 3254/24720] TestGemCommandsCleanupCommand#test_handle_options_deprecated_dry_run = 0.91 s
[ 3255/24720] TestGemCommandsCleanupCommand#test_execute_remove_gem_home_only = 0.91 s
[ 3256/24720] TestGemCommandsCleanupCommand#test_handle_options_n = 0.91 s
[ 3257/24720] TestGemCommandsCleanupCommand#test_execute_all_user = 0.91 s
[ 3258/24720] Prism::SymbolEncodingTest#"test_symbols_ASCII-8BIT" = 0.04 s
[ 3259/24720] Prism::SymbolEncodingTest#"test_escapes_ASCII-8BIT" = 0.50 s
[ 3260/24720] Prism::SymbolEncodingTest#"test_symbols_Windows-1253" = 0.03 s
[ 3261/24720] Prism::SymbolEncodingTest#"test_symbols_US-ASCII" = 0.03 s
[ 3262/24720] Prism::SymbolEncodingTest#"test_escapes_Windows-1253" = 0.50 s
[ 3263/24720] Prism::SymbolEncodingTest#"test_escapes_US-ASCII" = 0.48 s
[ 3264/24720] TestStringMemory#test_byteslice_postfix = 22.85 s
[ 3265/24720] TestStringMemory#test_byteslice_prefix = 22.37 s
[ 3266/24720] TestStringMemory#test_byteslice_postfix_twice = 22.44 s
[ 3267/24720] TestResolvDNS#test_query_ipv4_duplicate_responses = 0.32 s
[ 3268/24720] TestResolvDNS#test_dots_diffences = 0.02 s
[ 3269/24720] TestResolvDNS#test_no_server = 0.08 s
[ 3270/24720] TestResolvDNS#test_ipv6_create = 0.02 s
[ 3271/24720] TestResolvDNS#test_too_big_label_address = 16.69 s
[ 3272/24720] TestResolvDNS#test_each_name = 0.09 s
[ 3273/24720] TestResolvDNS#test_unreachable_server = 0.04 s
[ 3274/24720] TestResolvDNS#test_no_fd_leak_connected = 0.06 s
[ 3275/24720] TestResolvDNS#test_case_insensitive_name = 0.01 s
[ 3276/24720] TestResolvDNS#test_ipv6_name = 0.04 s
[ 3277/24720] TestResolvDNS#test_resolv_conf_by_command = 0.03 s
[ 3278/24720] TestResolvDNS#test_ipv6_to_s = 0.06 s
[ 3279/24720] TestResolvDNS#test_query_ipv4_address = 0.11 s
[ 3280/24720] TestResolvDNS#test_query_ipv4_address_truncated_tcp_fallback = 0.83 s
[ 3281/24720] TestResolvDNS#test_query_ipv4_address_timeout = 0.55 s
[ 3282/24720] TestResolvDNS#test_resolve_with_2_ndots = 0.03 s
[ 3283/24720] TestResolvDNS#test_ipv6_should_be_16 = 0.06 s
[ 3284/24720] TestResolvDNS#test_invalid_byte_comment = 0.02 s
[ 3285/24720] TestResolvDNS#test_no_fd_leak_unconnected = 0.06 s
[ 3286/24720] TestResolvDNS#test_multiple_servers_with_timeout_and_truncated_tcp_fallback = 1.00 s
[ 3287/24720] Emoji::TestDoCoMo#test_from_sjis = 0.03 s
[ 3288/24720] Emoji::TestDoCoMo#test_to_softbank = 0.04 s
[ 3289/24720] Emoji::TestDoCoMo#test_to_sjis = 0.02 s
[ 3290/24720] Emoji::TestDoCoMo#test_docomo = 0.02 s
[ 3291/24720] Emoji::TestDoCoMo#test_comparison = 0.02 s
[ 3292/24720] Emoji::TestDoCoMo#test_to_utf8 = 0.02 s
[ 3293/24720] Emoji::TestDoCoMo#test_from_utf8 = 0.02 s
[ 3294/24720] Emoji::TestDoCoMo#test_encoding_name = 0.06 s
[ 3295/24720] Emoji::TestDoCoMo#test_to_eucjp = 0.02 s
[ 3296/24720] Emoji::TestDoCoMo#test_to_kddi = 0.06 s
[ 3297/24720] TestDup#test_dup = 0.02 s
[ 3298/24720] TestDup#test_user_flags = 27.46 s
[ 3299/24720] TestDup#test_ivars_retained_on_extended_obj_dup = 0.02 s
[ 3300/24720] TestDup#test_frozen_properties_not_retained_on_dup = 0.01 s
[ 3301/24720] TestDup#test_frozen_properties_not_retained_on_dup_with_ivar = 0.02 s
[ 3302/24720] TestDup#test_ivar_retained_on_dup = 0.01 s
[ 3303/24720] RDocGeneratorDarkfishTest#test_generated_filename_with_html_tag = 7.71 s
[ 3304/24720] RDocGeneratorDarkfishTest#test_setup = 0.13 s
[ 3305/24720] RDocGeneratorDarkfishTest#test_meta_tags_for_index = 6.59 s
[ 3306/24720] RDocGeneratorDarkfishTest#test_generate_dry_run = 5.97 s
[ 3307/24720] RDocGeneratorDarkfishTest#test_generate_static_dry_run = 5.89 s
[ 3308/24720] RDocGeneratorDarkfishTest#test_generated_method_with_html_tag_yield = 6.66 s
[ 3309/24720] RDocGeneratorDarkfishTest#test_install_rdoc_static_file = 0.13 s
[ 3310/24720] RDocGeneratorDarkfishTest#test_meta_tags_for_markdown_files = 7.33 s
[ 3311/24720] RDocGeneratorDarkfishTest#test_meta_tags_for_classes = 8.09 s
[ 3312/24720] RDocGeneratorDarkfishTest#test_meta_tags_for_empty_document = 7.65 s
[ 3313/24720] RDocGeneratorDarkfishTest#test_title_escape = 7.12 s
[ 3314/24720] RDocGeneratorDarkfishTest#test_template_for = 0.76 s
[ 3315/24720] RDocGeneratorDarkfishTest#test_meta_tags_for_rdoc_files = 7.82 s
[ 3316/24720] RDocGeneratorDarkfishTest#test_generate = 12.29 s
[ 3317/24720] RDocGeneratorDarkfishTest#test_template_for_partial = 0.19 s
[ 3318/24720] RDocGeneratorDarkfishTest#test_template_for_dry_run = 0.67 s
[ 3319/24720] RDocGeneratorDarkfishTest#test_generate_static = 6.52 s
[ 3320/24720] RDocGeneratorDarkfishTest#test_generate_page = 8.12 s
[ 3321/24720] RDocGeneratorDarkfishTest#test_meta_tags_for_raw_pages = 7.64 s
[ 3322/24720] RDocGeneratorDarkfishTest#test_template_stylesheets = 7.02 s
[ 3323/24720] RDocGeneratorDarkfishTest#test_install_rdoc_static_file_missing = 0.10 s
[ 3324/24720] RDocGeneratorDarkfishTest#test_title = 6.89 s
[ 3325/24720] TestRDocMarkupHeading#test_label = 0.16 s
[ 3326/24720] TestRDocMarkupHeading#test_aref = 0.07 s
[ 3327/24720] TestRDocMarkupHeading#test_plain_html = 0.07 s
[ 3328/24720] TestGemCommandsInfoCommand#test_execute_with_default_gem = 1.73 s
[ 3329/24720] TestGemCommandsInfoCommand#test_execute_with_version_flag = 1.82 s
[ 3330/24720] TestGemCommandsInfoCommand#test_execute = 1.40 s
[ 3331/24720] TestGemCommandsInfoCommand#test_execute_with_default_gem_and_regular_gem = 1.79 s
[ 3332/24720] Prism::DumpTest#"test_whitequark/preexe.txt" = 1.60 s
[ 3333/24720] Prism::DumpTest#"test_unparser/corpus/semantic/kwbegin.txt" = 1.01 s
[ 3334/24720] Prism::DumpTest#"test_seattlerb/defn_oneliner_rescue.txt" = 0.66 s
[ 3335/24720] Prism::DumpTest#"test_unparser/corpus/literal/since/31.txt" = 0.37 s
[ 3336/24720] Prism::DumpTest#"test_seattlerb/slashy_newlines_within_string.txt" = 0.21 s
[ 3337/24720] Prism::DumpTest#"test_seattlerb/block_kw.txt" = 0.18 s
[ 3338/24720] Prism::DumpTest#"test_whitequark/pattern_matching__FILE__LINE_literals.txt" = 0.27 s
[ 3339/24720] Prism::DumpTest#"test_seattlerb/defn_opt_last_arg.txt" = 0.15 s
[ 3340/24720] Prism::DumpTest#"test_seattlerb/call_lt.txt" = 0.11 s
[ 3341/24720] Prism::DumpTest#"test_whitequark/pattern_matching_blank_else.txt" = 0.16 s
[ 3342/24720] Prism::DumpTest#"test_whitequark/rescue_mod_op_assign.txt" = 0.15 s
[ 3343/24720] Prism::DumpTest#"test_seattlerb/parse_opt_call_args_assocs_comma.txt" = 0.16 s
[ 3344/24720] Prism::DumpTest#"test_whitequark/false.txt" = 0.06 s
[ 3345/24720] Prism::DumpTest#"test_seattlerb/block_arg__bare.txt" = 0.13 s
[ 3346/24720] Prism::DumpTest#"test_regex_escape_encoding.txt" = 0.19 s
[ 3347/24720] Prism::DumpTest#"test_seattlerb/parse_line_block_inline_comment_leading_newlines.txt"
= 0.14 s
[ 3348/24720] Prism::DumpTest#"test_seattlerb/parse_pattern_058_2.txt" = 0.33 s
[ 3349/24720] Prism::DumpTest#"test_whitequark/cond_eflipflop.txt" = 0.27 s
[ 3350/24720] Prism::DumpTest#"test_seattlerb/do_bug.txt" = 0.23 s
[ 3351/24720] Prism::DumpTest#"test_seattlerb/block_arg_optional.txt" = 0.18 s
[ 3352/24720] Prism::DumpTest#"test_whitequark/ruby_bug_11873_a.txt" = 4.77 s
[ 3353/24720] Prism::DumpTest#"test_whitequark/int___LINE__.txt" = 0.06 s
[ 3354/24720] Prism::DumpTest#"test_seattlerb/interpolated_word_array_line_breaks.txt" = 0.20 s
[ 3355/24720] Prism::DumpTest#"test_seattlerb/defs_oneliner.txt" = 0.21 s
[ 3356/24720] Prism::DumpTest#"test_whitequark/restarg_unnamed.txt" = 0.13 s
[ 3357/24720] Prism::DumpTest#"test_seattlerb/parse_line_block_inline_comment.txt" = 0.21 s
[ 3358/24720] Prism::DumpTest#"test_procs.txt" = 1.90 s
[ 3359/24720] Prism::DumpTest#"test_seattlerb/difficult3__8.txt" = 0.23 s
[ 3360/24720] Prism::DumpTest#"test_seattlerb/call_star2.txt" = 0.11 s
[ 3361/24720] Prism::DumpTest#"test_seattlerb/const_3_op_asgn_or.txt" = 0.19 s
[ 3362/24720] Prism::DumpTest#"test_seattlerb/iter_args_10_1.txt" = 0.21 s
[ 3363/24720] Prism::DumpTest#"test_whitequark/bug_def_no_paren_eql_begin.txt" = 0.09 s
[ 3364/24720] Prism::DumpTest#"test_seattlerb/stabby_block_iter_call.txt" = 0.32 s
[ 3365/24720] Prism::DumpTest#"test_whitequark/ruby_bug_13547.txt" = 0.12 s
[ 3366/24720] Prism::DumpTest#"test_seattlerb/block_return.txt" = 0.32 s
[ 3367/24720] Prism::DumpTest#"test_whitequark/cond_iflipflop_with_endless_range.txt" = 0.11 s
[ 3368/24720] Prism::DumpTest#"test_whitequark/range_exclusive.txt" = 0.09 s
[ 3369/24720] Prism::DumpTest#"test_seattlerb/iter_args_8_2.txt" = 0.34 s
[ 3370/24720] Prism::DumpTest#"test_seattlerb/read_escape_unicode_curlies.txt" = 0.07 s
[ 3371/24720] Prism::DumpTest#"test_seattlerb/parse_line_call_ivar_line_break_paren.txt" = 0.10 s
[ 3372/24720] Prism::DumpTest#"test_seattlerb/difficult0_.txt" = 0.37 s
[ 3373/24720] Prism::DumpTest#"test_seattlerb/case_in_array_pat_const.txt" = 0.20 s
[ 3374/24720] Prism::DumpTest#"test_whitequark/send_unary_op.txt" = 0.30 s
[ 3375/24720] Prism::DumpTest#"test_seattlerb/block_opt_splat_arg_block_omfg.txt" = 0.23 s
[ 3376/24720] Prism::DumpTest#"test_whitequark/rescue_mod.txt" = 0.21 s
[ 3377/24720] Prism::DumpTest#"test_seattlerb/call_bang_squiggle.txt" = 0.10 s
[ 3378/24720] Prism::DumpTest#"test_whitequark/parser_drops_truncated_parts_of_squiggly_heredoc.txt"
 = 0.11 s
[ 3379/24720] Prism::DumpTest#"test_endless_methods.txt" = 0.48 s
[ 3380/24720] Prism::DumpTest#"test_seattlerb/defn_opt_splat_arg.txt" = 0.19 s
[ 3381/24720] Prism::DumpTest#"test_unparser/corpus/literal/while.txt" = 3.01 s
[ 3382/24720] Prism::DumpTest#"test_seattlerb/parse_line_block.txt" = 0.13 s
[ 3383/24720] Prism::DumpTest#"test_seattlerb/index_0.txt" = 0.14 s
[ 3384/24720] Prism::DumpTest#"test_seattlerb/str_pct_Q_nested.txt" = 0.17 s
[ 3385/24720] Prism::DumpTest#"test_seattlerb/qsymbols_empty_space.txt" = 0.06 s
[ 3386/24720] Prism::DumpTest#"test_patterns.txt" = 21.05 s
[ 3387/24720] Prism::DumpTest#"test_whitequark/masgn.txt" = 0.44 s
[ 3388/24720] Prism::DumpTest#"test_seattlerb/bug_hash_args.txt" = 0.17 s
[ 3389/24720] Prism::DumpTest#"test_seattlerb/block_opt_arg.txt" = 0.28 s
[ 3390/24720] Prism::DumpTest#"test_whitequark/bug_473.txt" = 0.16 s
[ 3391/24720] Prism::DumpTest#"test_whitequark/method_definition_in_while_cond.txt" = 0.91 s
[ 3392/24720] Prism::DumpTest#"test_seattlerb/defs_as_arg_with_do_block_inside.txt" = 0.22 s
[ 3393/24720] Prism::DumpTest#"test_seattlerb/parse_line_preexe.txt" = 0.11 s
[ 3394/24720] Prism::DumpTest#"test_seattlerb/defn_splat_arg.txt" = 0.25 s
[ 3395/24720] Prism::DumpTest#"test_seattlerb/call_begin_call_block_call.txt" = 0.20 s
[ 3396/24720] Prism::DumpTest#"test_whitequark/parser_slash_slash_n_escaping_in_literals.txt" = 0.75
 s
[ 3397/24720] Prism::DumpTest#"test_seattlerb/case_in_hash_pat_paren_assign.txt" = 0.23 s
[ 3398/24720] Prism::DumpTest#"test_seattlerb/regexp_unicode_curlies.txt" = 0.10 s
[ 3399/24720] Prism::DumpTest#"test_super.txt" = 0.68 s
[ 3400/24720] Prism::DumpTest#"test_whitequark/send_conditional.txt" = 0.18 s
[ 3401/24720] Prism::DumpTest#"test_rescue.txt" = 2.13 s
[ 3402/24720] Prism::DumpTest#"test_ranges.txt" = 2.20 s
[ 3403/24720] Prism::DumpTest#"test_seattlerb/bug_and.txt" = 0.20 s
[ 3404/24720] Prism::DumpTest#"test_whitequark/arg.txt" = 0.23 s
[ 3405/24720] Prism::DumpTest#"test_seattlerb/safe_attrasgn.txt" = 0.12 s
[ 3406/24720] Prism::DumpTest#"test_whitequark/kwarg.txt" = 0.13 s
[ 3407/24720] Prism::DumpTest#"test_whitequark/unary_num_pow_precedence.txt" = 0.29 s
[ 3408/24720] Prism::DumpTest#"test_seattlerb/bug179.txt" = 0.20 s
[ 3409/24720] Prism::DumpTest#"test_seattlerb/mlhs_rescue.txt" = 0.16 s
[ 3410/24720] Prism::DumpTest#"test_seattlerb/pct_w_heredoc_interp_nested.txt" = 0.31 s
[ 3411/24720] Prism::DumpTest#"test_whitequark/bug_447.txt" = 0.22 s
[ 3412/24720] Prism::DumpTest#"test_seattlerb/defs_oneliner_eq2.txt" = 0.30 s
[ 3413/24720] Prism::DumpTest#"test_seattlerb/defn_oneliner_noargs.txt" = 0.12 s
[ 3414/24720] Prism::DumpTest#"test_seattlerb/parse_line_heredoc.txt" = 0.17 s
[ 3415/24720] Prism::DumpTest#"test_seattlerb/symbols_empty_space.txt" = 0.06 s
[ 3416/24720] Prism::DumpTest#"test_seattlerb/bug_op_asgn_rescue.txt" = 0.13 s
[ 3417/24720] Prism::DumpTest#"test_whitequark/nth_ref.txt" = 0.06 s
[ 3418/24720] Prism::DumpTest#"test_whitequark/space_args_cmd.txt" = 0.18 s
[ 3419/24720] Prism::DumpTest#"test_seattlerb/parse_line_block_inline_multiline_comment.txt" = 0.13
s
[ 3420/24720] Prism::DumpTest#"test_heredocs_nested.txt" = 0.43 s
[ 3421/24720] Prism::DumpTest#"test_seattlerb/difficult3_.txt" = 0.23 s
[ 3422/24720] Prism::DumpTest#"test_seattlerb/super_arg.txt" = 0.09 s
[ 3423/24720] Prism::DumpTest#"test_seattlerb/parse_line_hash_lit.txt" = 0.12 s
[ 3424/24720] Prism::DumpTest#"test_seattlerb/call_assoc_trailing_comma.txt" = 0.14 s
[ 3425/24720] Prism::DumpTest#"test_dos_endings.txt" = 0.45 s
[ 3426/24720] Prism::DumpTest#"test_seattlerb/f_kw.txt" = 0.14 s
[ 3427/24720] Prism::DumpTest#"test_whitequark/until.txt" = 0.23 s
[ 3428/24720] Prism::DumpTest#"test_range_begin_open_inclusive.txt" = 0.08 s
[ 3429/24720] Prism::DumpTest#"test_whitequark/const_op_asgn.txt" = 0.41 s
[ 3430/24720] Prism::DumpTest#"test_whitequark/const_toplevel.txt" = 0.07 s
[ 3431/24720] Prism::DumpTest#"test_seattlerb/defn_powarg.txt" = 0.14 s
[ 3432/24720] Prism::DumpTest#"test_seattlerb/dstr_evstr_empty_end.txt" = 0.13 s
[ 3433/24720] Prism::DumpTest#"test_seattlerb/case_in_const.txt" = 0.14 s
[ 3434/24720] Prism::DumpTest#"test_seattlerb/op_asgn_command_call.txt" = 0.15 s
[ 3435/24720] Prism::DumpTest#"test_whitequark/bug_while_not_parens_do.txt" = 0.14 s
[ 3436/24720] Prism::DumpTest#"test_seattlerb/defn_unary_not.txt" = 0.11 s
[ 3437/24720] Prism::DumpTest#"test_whitequark/send_lambda_args.txt" = 0.22 s
[ 3438/24720] Prism::DumpTest#"test_seattlerb/str_evstr.txt" = 0.15 s
[ 3439/24720] Prism::DumpTest#"test_unparser/corpus/literal/flipflop.txt" = 0.83 s
[ 3440/24720] Prism::DumpTest#"test_seattlerb/case_in_hash_pat_rest.txt" = 0.25 s
[ 3441/24720] Prism::DumpTest#"test_seattlerb/heredoc_squiggly_interp.txt" = 0.22 s
[ 3442/24720] Prism::DumpTest#"test_seattlerb/aref_args_assocs.txt" = 0.11 s
[ 3443/24720] Prism::DumpTest#"test_whitequark/cvasgn.txt" = 0.08 s
[ 3444/24720] Prism::DumpTest#"test_seattlerb/case_in_multiple.txt" = 0.27 s
[ 3445/24720] Prism::DumpTest#"test_seattlerb/case_in_if_unless_post_mod.txt" = 0.32 s
[ 3446/24720] Prism::DumpTest#"test_seattlerb/difficult1_line_numbers2.txt" = 0.33 s
[ 3447/24720] Prism::DumpTest#"test_seattlerb/lasgn_middle_splat.txt" = 0.18 s
[ 3448/24720] Prism::DumpTest#"test_seattlerb/difficult3_2.txt" = 0.17 s
[ 3449/24720] Prism::DumpTest#"test_whitequark/regex_plain.txt" = 0.07 s
[ 3450/24720] Prism::DumpTest#"test_whitequark/bug_452.txt" = 0.24 s
[ 3451/24720] Prism::DumpTest#"test_seattlerb/str_single_newline.txt" = 0.13 s
[ 3452/24720] Prism::DumpTest#"test_seattlerb/messy_op_asgn_lineno.txt" = 0.23 s
[ 3453/24720] Prism::DumpTest#"test_seattlerb/bang_eq.txt" = 0.11 s
[ 3454/24720] Prism::DumpTest#"test_whitequark/forwarded_argument_with_kwrestarg.txt" = 0.24 s
[ 3455/24720] Prism::DumpTest#"test_regex.txt" = 2.70 s
[ 3456/24720] Prism::DumpTest#"test_seattlerb/heredoc_squiggly_no_indent.txt" = 0.08 s
[ 3457/24720] Prism::DumpTest#"test_seattlerb/attrasgn_primary_dot_constant.txt" = 0.13 s
[ 3458/24720] Prism::DumpTest#"test_whitequark/numparam_outside_block.txt" = 0.51 s
[ 3459/24720] Prism::DumpTest#"test_seattlerb/str_double_double_escaped_newline.txt" = 0.14 s
[ 3460/24720] Prism::DumpTest#"test_whitequark/hash_kwsplat.txt" = 0.23 s
[ 3461/24720] Prism::DumpTest#"test_seattlerb/iter_args_5.txt" = 0.18 s
[ 3462/24720] Prism::DumpTest#"test_seattlerb/block_arg_scope2.txt" = 0.26 s
[ 3463/24720] Prism::DumpTest#"test_whitequark/float.txt" = 0.07 s
[ 3464/24720] Prism::DumpTest#"test_seattlerb/qsymbols.txt" = 0.13 s
[ 3465/24720] Prism::DumpTest#"test_range_beginless.txt" = 0.49 s
[ 3466/24720] Prism::DumpTest#"test_whitequark/const_scoped.txt" = 0.08 s
[ 3467/24720] Prism::DumpTest#"test_seattlerb/ruby21_numbers.txt" = 0.13 s
[ 3468/24720] Prism::DumpTest#"test_seattlerb/bug_187.txt" = 0.21 s
[ 3469/24720] Prism::DumpTest#"test_whitequark/while_mod.txt" = 0.22 s
[ 3470/24720] Prism::DumpTest#"test_break.txt" = 2.03 s
[ 3471/24720] Prism::DumpTest#"test_seattlerb/lasgn_call_nobracket_rescue_arg.txt" = 0.15 s
[ 3472/24720] Prism::DumpTest#"test_whitequark/resbody_var.txt" = 0.42 s
[ 3473/24720] Prism::DumpTest#"test_seattlerb/block_kw__required.txt" = 0.16 s
[ 3474/24720] Prism::DumpTest#"test_whitequark/args.txt" = 4.72 s
[ 3475/24720] Prism::DumpTest#"test_seattlerb/lasgn_arg_rescue_arg.txt" = 0.19 s
[ 3476/24720] Prism::DumpTest#"test_whitequark/ruby_bug_12402.txt" = 2.25 s
[ 3477/24720] Prism::DumpTest#"test_unparser/corpus/literal/empty.txt" = 0.04 s
[ 3478/24720] Prism::DumpTest#"test_whitequark/bug_ascii_8bit_in_literal.txt" = 0.08 s
[ 3479/24720] Prism::DumpTest#"test_seattlerb/alias_gvar_backref.txt" = 0.09 s
[ 3480/24720] Prism::DumpTest#"test_whitequark/bug_466.txt" = 0.34 s
[ 3481/24720] Prism::DumpTest#"test_for.txt" = 0.96 s
[ 3482/24720] Prism::DumpTest#"test_whitequark/unless.txt" = 0.23 s
[ 3483/24720] Prism::DumpTest#"test_whitequark/def.txt" = 0.36 s
[ 3484/24720] Prism::DumpTest#"test_command_method_call.txt" = 2.58 s
[ 3485/24720] Prism::DumpTest#"test_whitequark/ensure.txt" = 0.16 s
[ 3486/24720] Prism::DumpTest#"test_seattlerb/difficult6_.txt" = 0.26 s
[ 3487/24720] Prism::DumpTest#"test_seattlerb/bug_args_masgn2.txt" = 0.25 s
[ 3488/24720] Prism::DumpTest#"test_seattlerb/rescue_parens.txt" = 0.18 s
[ 3489/24720] Prism::DumpTest#"test_whitequark/parser_bug_490.txt" = 0.47 s
[ 3490/24720] Prism::DumpTest#"test_seattlerb/required_kwarg_no_value.txt" = 0.15 s
[ 3491/24720] Prism::DumpTest#"test_whitequark/kwoptarg_with_kwrestarg_and_forwarded_args.txt" = 0.2
4 s
[ 3492/24720] Prism::DumpTest#"test_whitequark/cond_eflipflop_with_endless_range.txt" = 0.11 s
[ 3493/24720] Prism::DumpTest#"test_seattlerb/expr_not_bang.txt" = 0.13 s
[ 3494/24720] Prism::DumpTest#"test_seattlerb/case_in_hash_pat_rest_solo.txt" = 0.20 s
[ 3495/24720] Prism::DumpTest#"test_whitequark/parser_bug_989.txt" = 0.07 s
[ 3496/24720] Prism::DumpTest#"test_seattlerb/case_in_42_2.txt" = 0.21 s
[ 3497/24720] Prism::DumpTest#"test_seattlerb/heredoc_with_not_global_interpolation.txt" = 0.07 s
[ 3498/24720] Prism::DumpTest#"test_seattlerb/case_in_31.txt" = 0.23 s
[ 3499/24720] Prism::DumpTest#"test_seattlerb/defn_no_kwargs.txt" = 0.13 s
[ 3500/24720] Prism::DumpTest#"test_seattlerb/defn_arg_forward_args.txt" = 0.22 s
[ 3501/24720] Prism::DumpTest#"test_seattlerb/op_asgn_index_command_call.txt" = 0.20 s
[ 3502/24720] Prism::DumpTest#"test_whitequark/newline_in_hash_argument.txt" = 0.63 s
[ 3503/24720] Prism::DumpTest#"test_seattlerb/if_symbol.txt" = 0.13 s
[ 3504/24720] Prism::DumpTest#"test_seattlerb/pct_Q_backslash_nl.txt" = 0.07 s
[ 3505/24720] Prism::DumpTest#"test_seattlerb/heredoc_squiggly_tabs_extra.txt" = 0.14 s
[ 3506/24720] Prism::DumpTest#"test_whitequark/lvar_injecting_match.txt" = 0.18 s
[ 3507/24720] Prism::DumpTest#"test_seattlerb/parse_line_evstr_after_break.txt" = 0.17 s
[ 3508/24720] Prism::DumpTest#"test_seattlerb/mlhs_front_splat.txt" = 0.18 s
[ 3509/24720] Prism::DumpTest#"test_whitequark/if_elsif.txt" = 0.26 s
[ 3510/24720] Prism::DumpTest#"test_unparser/corpus/semantic/def.txt" = 0.32 s
[ 3511/24720] Prism::DumpTest#"test_seattlerb/masgn_paren.txt" = 0.17 s
[ 3512/24720] Prism::DumpTest#"test_seattlerb/args_kw_block.txt" = 0.17 s
[ 3513/24720] Prism::DumpTest#"test_unparser/corpus/literal/singletons.txt" = 0.10 s
[ 3514/24720] Prism::DumpTest#"test_seattlerb/heredoc_with_extra_carriage_returns_windows.txt" = 0.0
7 s
[ 3515/24720] Prism::DumpTest#"test_seattlerb/aref_args_lit_assocs.txt" = 0.13 s
[ 3516/24720] Prism::DumpTest#"test_whitequark/bug_480.txt" = 0.18 s
[ 3517/24720] Prism::DumpTest#"test_whitequark/not.txt" = 0.19 s
[ 3518/24720] Prism::DumpTest#"test_whitequark/send_plain.txt" = 0.21 s
[ 3519/24720] Prism::DumpTest#"test_seattlerb/magic_encoding_comment.txt" = 0.22 s
[ 3520/24720] Prism::DumpTest#"test_whitequark/heredoc.txt" = 0.13 s
[ 3521/24720] Prism::DumpTest#"test_seattlerb/masgn_colon2.txt" = 0.18 s
[ 3522/24720] Prism::DumpTest#"test_whitequark/send_lambda.txt" = 0.48 s
[ 3523/24720] Prism::DumpTest#"test_seattlerb/call_array_block_call.txt" = 0.17 s
[ 3524/24720] Prism::DumpTest#"test_unparser/corpus/literal/unary.txt" = 1.14 s
[ 3525/24720] Prism::DumpTest#"test_unparser/corpus/literal/module.txt" = 0.56 s
[ 3526/24720] Prism::DumpTest#"test_seattlerb/call_block_arg_named.txt" = 0.11 s
[ 3527/24720] Prism::DumpTest#"test_whitequark/or_asgn.txt" = 0.31 s
[ 3528/24720] Prism::DumpTest#"test_seattlerb/stabby_block_kw.txt" = 0.15 s
[ 3529/24720] Prism::DumpTest#"test_seattlerb/call_arg_kwsplat.txt" = 0.23 s
[ 3530/24720] Prism::DumpTest#"test_seattlerb/block_call_operation_colon.txt" = 0.18 s
[ 3531/24720] Prism::DumpTest#"test_seattlerb/call_array_lambda_block_call.txt" = 0.17 s
[ 3532/24720] Prism::DumpTest#"test_seattlerb/case_in.txt" = 4.66 s
[ 3533/24720] Prism::DumpTest#"test_whitequark/ternary_ambiguous_symbol.txt" = 0.31 s
[ 3534/24720] Prism::DumpTest#"test_seattlerb/lasgn_ivar_env.txt" = 0.08 s
[ 3535/24720] Prism::DumpTest#"test_whitequark/string_interp.txt" = 0.25 s
[ 3536/24720] Prism::DumpTest#"test_whitequark/op_asgn_index.txt" = 0.16 s
[ 3537/24720] Prism::DumpTest#"test_seattlerb/block_reg_optarg.txt" = 0.20 s
[ 3538/24720] Prism::DumpTest#"test_seattlerb/masgn_var_star_var.txt" = 0.24 s
[ 3539/24720] Prism::DumpTest#"test_seattlerb/eq_begin_why_wont_people_use_their_spacebar.txt" = 0.1
9 s
[ 3540/24720] Prism::DumpTest#"test_seattlerb/parse_line_heredoc_evstr.txt" = 0.17 s
[ 3541/24720] Prism::DumpTest#"test_seattlerb/str_double_newline.txt" = 0.24 s
[ 3542/24720] Prism::DumpTest#"test_whitequark/kwoptarg.txt" = 0.15 s
[ 3543/24720] Prism::DumpTest#"test_unparser/corpus/literal/variables.txt" = 0.38 s
[ 3544/24720] Prism::DumpTest#"test_seattlerb/heredoc_with_interpolation_and_carriage_return_escapes
_windows.txt" = 0.14 s
[ 3545/24720] Prism::DumpTest#"test_unparser/corpus/literal/alias.txt" = 0.15 s
[ 3546/24720] Prism::DumpTest#"test_seattlerb/iter_args_1.txt" = 0.26 s
[ 3547/24720] Prism::DumpTest#"test_seattlerb/call_star.txt" = 0.11 s
[ 3548/24720] Prism::DumpTest#"test_seattlerb/block_kwarg_lvar_multiple.txt" = 0.25 s
[ 3549/24720] Prism::DumpTest#"test_seattlerb/stabby_proc_scope.txt" = 0.22 s
[ 3550/24720] Prism::DumpTest#"test_seattlerb/block_opt_splat.txt" = 0.19 s
[ 3551/24720] Prism::DumpTest#"test_unparser/corpus/literal/since/27.txt" = 0.31 s
[ 3552/24720] Prism::DumpTest#"test_seattlerb/block_args_kwargs.txt" = 0.18 s
[ 3553/24720] Prism::DumpTest#"test_comments.txt" = 0.52 s
[ 3554/24720] Prism::DumpTest#"test_seattlerb/flip2_env_lvar.txt" = 0.14 s
[ 3555/24720] Prism::DumpTest#"test_whitequark/ensure_empty.txt" = 0.16 s
[ 3556/24720] Prism::DumpTest#"test_seattlerb/heredoc_squiggly_tabs.txt" = 0.14 s
[ 3557/24720] Prism::DumpTest#"test_modules.txt" = 0.86 s
[ 3558/24720] Prism::DumpTest#"test_seattlerb/str_heredoc_interp.txt" = 0.15 s
[ 3559/24720] Prism::DumpTest#"test_seattlerb/lasgn_command.txt" = 0.15 s
[ 3560/24720] Prism::DumpTest#"test_seattlerb/safe_call_after_newline.txt" = 0.10 s
[ 3561/24720] Prism::DumpTest#"test_whitequark/blockarg.txt" = 0.21 s
[ 3562/24720] Prism::DumpTest#"test_seattlerb/bug_case_when_regexp.txt" = 0.15 s
[ 3563/24720] Prism::DumpTest#"test_whitequark/rescue_ensure.txt" = 0.29 s
[ 3564/24720] Prism::DumpTest#"test_whitequark/hash_pair_value_omission.txt" = 0.38 s
[ 3565/24720] Prism::DumpTest#"test_seattlerb/when_splat.txt" = 0.16 s
[ 3566/24720] Prism::DumpTest#"test_seattlerb/defns_reserved.txt" = 0.10 s
[ 3567/24720] Prism::DumpTest#"test_whitequark/masgn_const.txt" = 0.29 s
[ 3568/24720] Prism::DumpTest#"test_seattlerb/call_arg_assoc_kwsplat.txt" = 0.19 s
[ 3569/24720] Prism::DumpTest#"test_seattlerb/parse_pattern_069.txt" = 0.22 s
[ 3570/24720] Prism::DumpTest#"test_seattlerb/rescue_in_block.txt" = 0.18 s
[ 3571/24720] Prism::DumpTest#"test_whitequark/endless_method_command_syntax.txt" = 1.62 s
[ 3572/24720] Prism::DumpTest#"test_whitequark/endless_method_forwarded_args_legacy.txt" = 0.19 s
[ 3573/24720] Prism::DumpTest#"test_seattlerb/difficult3_5.txt" = 0.19 s
[ 3574/24720] Prism::DumpTest#"test_range_begin_open_exclusive.txt" = 0.08 s
[ 3575/24720] Prism::DumpTest#"test_whitequark/for_mlhs.txt" = 0.23 s
[ 3576/24720] Prism::DumpTest#"test_seattlerb/regexp.txt" = 0.18 s
[ 3577/24720] Prism::DumpTest#"test_whitequark/resbody_list_mrhs.txt" = 0.21 s
[ 3578/24720] Prism::DumpTest#"test_seattlerb/parse_line_dot3_open.txt" = 0.16 s
[ 3579/24720] Prism::DumpTest#"test_whitequark/args_cmd.txt" = 0.15 s
[ 3580/24720] Prism::DumpTest#"test_seattlerb/defs_comments.txt" = 0.10 s
[ 3581/24720] Prism::DumpTest#"test_seattlerb/lasgn_lasgn_command_call.txt" = 0.15 s
[ 3582/24720] Prism::DumpTest#"test_seattlerb/str_single_escaped_newline.txt" = 0.14 s
[ 3583/24720] Prism::DumpTest#"test_whitequark/op_asgn.txt" = 0.25 s
[ 3584/24720] Prism::DumpTest#"test_whitequark/kwrestarg_named.txt" = 0.14 s
[ 3585/24720] Prism::DumpTest#"test_seattlerb/call_eq3.txt" = 0.10 s
[ 3586/24720] Prism::DumpTest#"test_seattlerb/safe_op_asgn2.txt" = 0.13 s
[ 3587/24720] Prism::DumpTest#"test_seattlerb/bdot3.txt" = 0.15 s
[ 3588/24720] Prism::DumpTest#"test_seattlerb/qsymbols_empty.txt" = 0.06 s
[ 3589/24720] Prism::DumpTest#"test_seattlerb/block_arg_scope.txt" = 0.17 s
[ 3590/24720] Prism::DumpTest#"test_seattlerb/heredoc_squiggly.txt" = 0.16 s
[ 3591/24720] Prism::DumpTest#"test_unparser/corpus/literal/defined.txt" = 0.29 s
[ 3592/24720] Prism::DumpTest#"test_whitequark/args_assocs_comma.txt" = 0.17 s
[ 3593/24720] Prism::DumpTest#"test_blocks.txt" = 2.57 s
[ 3594/24720] Prism::DumpTest#"test_seattlerb/TestRubyParserShared.txt" = 1.50 s
[ 3595/24720] Prism::DumpTest#"test_seattlerb/difficult3__10.txt" = 0.22 s
[ 3596/24720] Prism::DumpTest#"test_seattlerb/block_command_operation_colon.txt" = 0.19 s
[ 3597/24720] Prism::DumpTest#"test_seattlerb/unary_minus.txt" = 0.10 s
[ 3598/24720] Prism::DumpTest#"test_numbers.txt" = 0.90 s
[ 3599/24720] Prism::DumpTest#"test_seattlerb/call_dot_parens.txt" = 0.09 s
[ 3600/24720] Prism::DumpTest#"test_seattlerb/and_multi.txt" = 0.23 s
[ 3601/24720] Prism::DumpTest#"test_seattlerb/interpolated_symbol_array_line_breaks.txt" = 0.13 s
[ 3602/24720] Prism::DumpTest#"test_whitequark/return_block.txt" = 0.16 s
[ 3603/24720] Prism::DumpTest#"test_whitequark/nil.txt" = 0.06 s
[ 3604/24720] Prism::DumpTest#"test_unparser/corpus/literal/super.txt" = 1.19 s
[ 3605/24720] Prism::DumpTest#"test_whitequark/forwarded_kwrestarg.txt" = 0.21 s
[ 3606/24720] Prism::DumpTest#"test_unparser/corpus/semantic/undef.txt" = 0.22 s
[ 3607/24720] Prism::DumpTest#"test_seattlerb/masgn_command_call.txt" = 0.18 s
[ 3608/24720] Prism::DumpTest#"test_whitequark/array_assocs.txt" = 0.28 s
[ 3609/24720] Prism::DumpTest#"test_seattlerb/parse_line_heredoc_hardnewline.txt" = 0.12 s
[ 3610/24720] Prism::DumpTest#"test_seattlerb/bug_args_masgn.txt" = 0.21 s
[ 3611/24720] Prism::DumpTest#"test_seattlerb/case_in_47.txt" = 0.24 s
[ 3612/24720] Prism::DumpTest#"test_seattlerb/str_str.txt" = 0.15 s
[ 3613/24720] Prism::DumpTest#"test_seattlerb/call_assoc_new_if_multiline.txt" = 0.26 s
[ 3614/24720] Prism::DumpTest#"test_seattlerb/iter_kwarg_kwsplat.txt" = 0.27 s
[ 3615/24720] Prism::DumpTest#"test_seattlerb/return_call_assocs.txt" = 0.91 s
[ 3616/24720] Prism::DumpTest#"test_heredoc.txt" = 0.07 s
[ 3617/24720] Prism::DumpTest#"test_whitequark/send_attr_asgn_conditional.txt" = 0.12 s
[ 3618/24720] Prism::DumpTest#"test_seattlerb/heredoc_with_interpolation_and_carriage_return_escapes
.txt" = 0.14 s
[ 3619/24720] Prism::DumpTest#"test_whitequark/lvar.txt" = 0.07 s
[ 3620/24720] Prism::DumpTest#"test_seattlerb/op_asgn_primary_colon_identifier_command_call.txt" = 0
.15 s
[ 3621/24720] Prism::DumpTest#"test_seattlerb/array_lits_trailing_calls.txt" = 0.14 s
[ 3622/24720] Prism::DumpTest#"test_seattlerb/array_line_breaks.txt" = 0.22 s
[ 3623/24720] Prism::DumpTest#"test_whitequark/range_inclusive.txt" = 0.09 s
[ 3624/24720] Prism::DumpTest#test_dump = 8.27 s
[ 3625/24720] Prism::DumpTest#"test_unparser/corpus/semantic/dstr.txt" = 2.98 s
[ 3626/24720] Prism::DumpTest#"test_return.txt" = 0.76 s
[ 3627/24720] Prism::DumpTest#"test_seattlerb/bug190.txt" = 0.07 s
[ 3628/24720] Prism::DumpTest#"test_while.txt" = 1.83 s
[ 3629/24720] Prism::DumpTest#"test_whitequark/parser_bug_640.txt" = 0.11 s
[ 3630/24720] Prism::DumpTest#"test_whitequark/cpath.txt" = 0.15 s
[ 3631/24720] Prism::DumpTest#"test_seattlerb/heredoc_with_only_carriage_returns_windows.txt" = 0.07
 s
[ 3632/24720] Prism::DumpTest#"test_endless_range_in_conditional.txt" = 0.22 s
[ 3633/24720] Prism::DumpTest#"test_seattlerb/parse_line_dstr_soft_newline.txt" = 0.12 s
[ 3634/24720] Prism::DumpTest#"test_seattlerb/pct_nl.txt" = 0.10 s
[ 3635/24720] Prism::DumpTest#"test_whitequark/module.txt" = 0.08 s
[ 3636/24720] Prism::DumpTest#"test_seattlerb/heredoc_comma_arg.txt" = 0.14 s
[ 3637/24720] Prism::DumpTest#"test_seattlerb/stabby_arg_no_paren.txt" = 0.13 s
[ 3638/24720] Prism::DumpTest#"test_whitequark/casgn_unscoped.txt" = 0.08 s
[ 3639/24720] Prism::DumpTest#"test_seattlerb/attr_asgn_colon_id.txt" = 0.11 s
[ 3640/24720] Prism::DumpTest#"test_arithmetic.txt" = 0.73 s
[ 3641/24720] Prism::DumpTest#"test_unparser/corpus/literal/lambda.txt" = 0.60 s
[ 3642/24720] Prism::DumpTest#"test_seattlerb/__ENCODING__.txt" = 0.06 s
[ 3643/24720] Prism::DumpTest#"test_if.txt" = 2.06 s
[ 3644/24720] Prism::DumpTest#"test_seattlerb/str_pct_nested_nested.txt" = 0.21 s
[ 3645/24720] Prism::DumpTest#"test_seattlerb/block_args_opt2_2.txt" = 0.30 s
[ 3646/24720] Prism::DumpTest#"test_seattlerb/mlhs_mid_anonsplat.txt" = 0.22 s
[ 3647/24720] Prism::DumpTest#"test_constants.txt" = 5.27 s
[ 3648/24720] Prism::DumpTest#"test_seattlerb/iter_args_6.txt" = 0.29 s
[ 3649/24720] Prism::DumpTest#"test_seattlerb/begin_rescue_else_ensure_bodies.txt" = 0.23 s
[ 3650/24720] Prism::DumpTest#"test_seattlerb/parse_pattern_044.txt" = 0.25 s
[ 3651/24720] Prism::DumpTest#"test_seattlerb/safe_call_rhs_newline.txt" = 0.13 s
[ 3652/24720] Prism::DumpTest#"test_seattlerb/assoc__bare.txt" = 0.14 s
[ 3653/24720] Prism::DumpTest#"test_seattlerb/call_args_assoc_quoted.txt" = 0.48 s
[ 3654/24720] Prism::DumpTest#"test_seattlerb/parse_opt_call_args_lit_comma.txt" = 0.11 s
[ 3655/24720] Prism::DumpTest#"test_whitequark/endless_method_without_args.txt" = 0.38 s
[ 3656/24720] Prism::DumpTest#"test_whitequark/comments_before_leading_dot__27.txt" = 0.35 s
[ 3657/24720] Prism::DumpTest#"test_whitequark/var_and_asgn.txt" = 0.09 s
[ 3658/24720] Prism::DumpTest#"test_seattlerb/difficult3__7.txt" = 0.30 s
[ 3659/24720] Prism::DumpTest#"test_seattlerb/parse_line_defn_no_parens.txt" = 0.13 s
[ 3660/24720] Prism::DumpTest#"test_whitequark/resbody_list.txt" = 0.28 s
[ 3661/24720] Prism::DumpTest#"test_seattlerb/bug_comma.txt" = 0.16 s
[ 3662/24720] Prism::DumpTest#"test_seattlerb/heredoc__backslash_dos_format.txt" = 0.10 s
[ 3663/24720] Prism::DumpTest#"test_seattlerb/call_leading_dots_comment.txt" = 0.13 s
[ 3664/24720] Prism::DumpTest#"test_seattlerb/symbols_empty.txt" = 0.06 s
[ 3665/24720] Prism::DumpTest#"test_seattlerb/parse_line_multiline_str.txt" = 0.09 s
[ 3666/24720] Prism::DumpTest#"test_whitequark/ivasgn.txt" = 0.08 s
[ 3667/24720] Prism::DumpTest#"test_whitequark/until_post.txt" = 0.17 s
[ 3668/24720] Prism::DumpTest#"test_whitequark/string_dvar.txt" = 0.29 s
[ 3669/24720] Prism::DumpTest#"test_whitequark/lvasgn.txt" = 0.10 s
[ 3670/24720] Prism::DumpTest#"test_whitequark/numbered_args_after_27.txt" = 0.73 s
[ 3671/24720] Prism::DumpTest#"test_seattlerb/block_decomp_splat.txt" = 0.19 s
[ 3672/24720] Prism::DumpTest#"test_non_alphanumeric_methods.txt" = 2.01 s
[ 3673/24720] Prism::DumpTest#"test_seattlerb/quoted_symbol_keys.txt" = 0.13 s
[ 3674/24720] Prism::DumpTest#"test_whitequark/endless_method_with_rescue_mod.txt" = 0.33 s
[ 3675/24720] Prism::DumpTest#"test_seattlerb/call_assoc.txt" = 0.14 s
[ 3676/24720] Prism::DumpTest#"test_seattlerb/bug_args__19.txt" = 0.32 s
[ 3677/24720] Prism::DumpTest#"test_whitequark/until_mod.txt" = 0.13 s
[ 3678/24720] Prism::DumpTest#"test_whitequark/bug_interp_single.txt" = 0.28 s
[ 3679/24720] Prism::DumpTest#"test_whitequark/bug_435.txt" = 0.19 s
[ 3680/24720] Prism::DumpTest#"test_seattlerb/case_in_hash_pat_assign.txt" = 0.47 s
[ 3681/24720] Prism::DumpTest#"test_seattlerb/defs_endless_command.txt" = 0.18 s
[ 3682/24720] Prism::DumpTest#"test_whitequark/space_args_arg_newline.txt" = 0.13 s
[ 3683/24720] Prism::DumpTest#"test_seattlerb/block_args_opt3.txt" = 0.42 s
[ 3684/24720] Prism::DumpTest#"test_seattlerb/utf8_bom.txt" = 0.10 s
[ 3685/24720] Prism::DumpTest#"test_whitequark/dedenting_non_interpolating_heredoc_line_continuation
.txt" = 0.11 s
[ 3686/24720] Prism::DumpTest#"test_alias.txt" = 0.87 s
[ 3687/24720] Prism::DumpTest#"test_whitequark/class.txt" = 0.19 s
[ 3688/24720] Prism::DumpTest#"test_seattlerb/parse_pattern_051.txt" = 0.22 s
[ 3689/24720] Prism::DumpTest#"test_whitequark/beginless_irange_after_newline.txt" = 0.10 s
[ 3690/24720] Prism::DumpTest#"test_whitequark/class_super.txt" = 0.18 s
[ 3691/24720] Prism::DumpTest#"test_seattlerb/method_call_assoc_trailing_comma.txt" = 0.16 s
[ 3692/24720] Prism::DumpTest#"test_unparser/corpus/literal/if.txt" = 1.28 s
[ 3693/24720] Prism::DumpTest#"test_whitequark/and.txt" = 0.18 s
[ 3694/24720] Prism::DumpTest#"test_seattlerb/qsymbols_interp.txt" = 0.24 s
[ 3695/24720] Prism::DumpTest#"test_seattlerb/parse_line_dot2.txt" = 0.19 s
[ 3696/24720] Prism::DumpTest#"test_seattlerb/pctW_lineno.txt" = 0.22 s
[ 3697/24720] Prism::DumpTest#"test_seattlerb/op_asgn_val_dot_ident_command_call.txt" = 0.15 s
[ 3698/24720] Prism::DumpTest#"test_unparser/corpus/literal/defs.txt" = 1.27 s
[ 3699/24720] Prism::DumpTest#"test_seattlerb/defn_forward_args.txt" = 0.18 s
[ 3700/24720] Prism::DumpTest#"test_whitequark/interp_digit_var.txt" = 1.27 s
[ 3701/24720] Prism::DumpTest#"test_seattlerb/parse_line_op_asgn.txt" = 0.13 s
[ 3702/24720] Prism::DumpTest#"test_whitequark/resbody_list_var.txt" = 0.22 s
[ 3703/24720] Prism::DumpTest#"test_begin_ensure.txt" = 0.95 s
[ 3704/24720] Prism::DumpTest#"test_unparser/corpus/semantic/send.txt" = 0.50 s
[ 3705/24720] Prism::DumpTest#"test_seattlerb/heredoc_with_carriage_return_escapes_windows.txt" = 0.
07 s
[ 3706/24720] Prism::DumpTest#"test_seattlerb/safe_call_operator.txt" = 0.12 s
[ 3707/24720] Prism::DumpTest#"test_whitequark/rescue_in_lambda_block.txt" = 0.12 s
[ 3708/24720] Prism::DumpTest#"test_seattlerb/call_rshift.txt" = 0.10 s
[ 3709/24720] Prism::DumpTest#"test_seattlerb/str_interp_ternary_or_label.txt" = 0.39 s
[ 3710/24720] Prism::DumpTest#"test_seattlerb/call_self_brackets.txt" = 0.11 s
[ 3711/24720] Prism::DumpTest#"test_seattlerb/block_call_paren_call_block_call.txt" = 0.22 s
[ 3712/24720] Prism::DumpTest#"test_seattlerb/stabby_block_iter_call_no_target_with_arg.txt" = 0.22
s
[ 3713/24720] Prism::DumpTest#"test_whitequark/send_self.txt" = 0.16 s
[ 3714/24720] Prism::DumpTest#"test_seattlerb/call_args_command.txt" = 0.19 s
[ 3715/24720] Prism::DumpTest#"test_whitequark/undef.txt" = 0.20 s
[ 3716/24720] Prism::DumpTest#"test_unparser/corpus/literal/literal.txt" = 6.25 s
[ 3717/24720] Prism::DumpTest#"test_seattlerb/stabby_arg_opt_splat_arg_block_omfg.txt" = 0.23 s
[ 3718/24720] Prism::DumpTest#"test_seattlerb/iter_args_8_1.txt" = 0.28 s
[ 3719/24720] Prism::DumpTest#"test_whitequark/bug_do_block_in_cmdarg.txt" = 0.16 s
[ 3720/24720] Prism::DumpTest#"test_whitequark/parser_bug_272.txt" = 0.17 s
[ 3721/24720] Prism::DumpTest#"test_whitequark/rescue_else.txt" = 0.23 s
[ 3722/24720] Prism::DumpTest#"test_whitequark/beginless_range.txt" = 0.11 s
[ 3723/24720] Prism::DumpTest#"test_unparser/corpus/semantic/and.txt" = 0.85 s
[ 3724/24720] Prism::DumpTest#"test_whitequark/arg_scope.txt" = 0.15 s
[ 3725/24720] Prism::DumpTest#"test_seattlerb/str_lit_concat_bad_encodings.txt" = 0.20 s
[ 3726/24720] Prism::DumpTest#"test_seattlerb/module_comments.txt" = 0.14 s
[ 3727/24720] Prism::DumpTest#"test_seattlerb/call_spaceship.txt" = 0.10 s
[ 3728/24720] Prism::DumpTest#"test_seattlerb/case_in_86_2.txt" = 0.31 s
[ 3729/24720] Prism::DumpTest#"test_whitequark/complex.txt" = 0.15 s
[ 3730/24720] Prism::DumpTest#"test_whitequark/case_expr.txt" = 0.26 s
[ 3731/24720] Prism::DumpTest#"test_whitequark/kwbegin_compstmt.txt" = 0.13 s
[ 3732/24720] Prism::DumpTest#"test_seattlerb/defined_eh_parens.txt" = 0.08 s
[ 3733/24720] Prism::DumpTest#"test_unparser/corpus/literal/pattern.txt" = 2.41 s
[ 3734/24720] Prism::DumpTest#"test_seattlerb/parse_line_heredoc_regexp_chars.txt" = 0.15 s
[ 3735/24720] Prism::DumpTest#"test_seattlerb/iter_args_10_2.txt" = 0.31 s
[ 3736/24720] Prism::DumpTest#"test_seattlerb/heredoc_lineno.txt" = 0.14 s
[ 3737/24720] Prism::DumpTest#"test_seattlerb/read_escape_unicode_h4.txt" = 0.07 s
[ 3738/24720] Prism::DumpTest#"test_unparser/corpus/literal/case.txt" = 1.81 s
[ 3739/24720] Prism::DumpTest#"test_spanning_heredoc_newlines.txt" = 0.67 s
[ 3740/24720] Prism::DumpTest#"test_whitequark/empty_stmt.txt" = 0.04 s
[ 3741/24720] Prism::DumpTest#"test_seattlerb/evstr_str.txt" = 0.15 s
[ 3742/24720] Prism::DumpTest#"test_whitequark/numparam_ruby_bug_19025.txt" = 0.28 s
[ 3743/24720] Prism::DumpTest#"test_seattlerb/call_lte.txt" = 0.11 s
[ 3744/24720] Prism::DumpTest#"test_whitequark/send_block_conditional.txt" = 0.12 s
[ 3745/24720] Prism::DumpTest#"test_whitequark/send_lambda_legacy.txt" = 0.07 s
[ 3746/24720] Prism::DumpTest#"test_seattlerb/block_optarg.txt" = 0.25 s
[ 3747/24720] Prism::DumpTest#"test_whitequark/alias_gvar.txt" = 0.12 s
[ 3748/24720] Prism::DumpTest#"test_case.txt" = 2.21 s
[ 3749/24720] Prism::DumpTest#"test_seattlerb/parse_while_not_canonical.txt" = 0.27 s
[ 3750/24720] Prism::DumpTest#"test_unparser/corpus/literal/block.txt" = 4.89 s
[ 3751/24720] Prism::DumpTest#"test_whitequark/ruby_bug_11873_b.txt" = 0.32 s
[ 3752/24720] Prism::DumpTest#"test_seattlerb/heredoc_unicode.txt" = 0.07 s
[ 3753/24720] Prism::DumpTest#"test_seattlerb/non_interpolated_symbol_array_line_breaks.txt" = 0.12
s
[ 3754/24720] Prism::DumpTest#"test_whitequark/cond_match_current_line.txt" = 0.15 s
[ 3755/24720] Prism::DumpTest#"test_whitequark/cond_eflipflop_with_beginless_range.txt" = 0.11 s
[ 3756/24720] Prism::DumpTest#"test_seattlerb/parse_line_call_ivar_arg_no_parens_line_break.txt" = 0
.10 s
[ 3757/24720] Prism::DumpTest#"test_whitequark/array_symbols.txt" = 0.11 s
[ 3758/24720] Prism::DumpTest#"test_seattlerb/float_with_if_modifier.txt" = 0.10 s
[ 3759/24720] Prism::DumpTest#"test_seattlerb/evstr_evstr.txt" = 0.18 s
[ 3760/24720] Prism::DumpTest#"test_seattlerb/block_arg_splat_arg.txt" = 0.19 s
[ 3761/24720] Prism::DumpTest#"test_seattlerb/call_pipe.txt" = 0.10 s
[ 3762/24720] Prism::DumpTest#"test_unparser/corpus/literal/since/32.txt" = 0.61 s
[ 3763/24720] Prism::DumpTest#"test_seattlerb/do_lambda.txt" = 0.09 s
[ 3764/24720] Prism::DumpTest#"test_seattlerb/dstr_str.txt" = 0.15 s
[ 3765/24720] Prism::DumpTest#"test_whitequark/defs.txt" = 0.35 s
[ 3766/24720] Prism::DumpTest#"test_whitequark/ruby_bug_12686.txt" = 0.17 s
[ 3767/24720] Prism::DumpTest#"test_whitequark/int.txt" = 0.09 s
[ 3768/24720] Prism::DumpTest#"test_whitequark/parser_bug_518.txt" = 0.10 s
[ 3769/24720] Prism::DumpTest#"test_seattlerb/bug290.txt" = 0.11 s
[ 3770/24720] Prism::DumpTest#"test_seattlerb/unary_tilde.txt" = 0.10 s
[ 3771/24720] Prism::DumpTest#"test_seattlerb/parse_line_newlines.txt" = 0.06 s
[ 3772/24720] Prism::DumpTest#"test_whitequark/send_call.txt" = 0.20 s
[ 3773/24720] Prism::DumpTest#"test_seattlerb/masgn_double_paren.txt" = 0.17 s
[ 3774/24720] Prism::DumpTest#"test_seattlerb/non_interpolated_word_array_line_breaks.txt" = 0.12 s
[ 3775/24720] Prism::DumpTest#"test_unparser/corpus/literal/for.txt" = 0.94 s
[ 3776/24720] Prism::DumpTest#"test_whitequark/ruby_bug_10279.txt" = 0.17 s
[ 3777/24720] Prism::DumpTest#"test_multi_write.txt" = 0.52 s
[ 3778/24720] Prism::DumpTest#"test_seattlerb/mlhs_front_anonsplat.txt" = 0.17 s
[ 3779/24720] Prism::DumpTest#"test_whitequark/bug_lambda_leakage.txt" = 0.27 s
[ 3780/24720] Prism::DumpTest#"test_seattlerb/parse_line_str_with_newline_escape.txt" = 0.13 s
[ 3781/24720] Prism::DumpTest#"test_seattlerb/const_op_asgn_and1.txt" = 0.09 s
[ 3782/24720] Prism::DumpTest#"test_whitequark/args_args_assocs.txt" = 0.44 s
[ 3783/24720] Prism::DumpTest#"test_whitequark/ruby_bug_11107.txt" = 0.19 s
[ 3784/24720] Prism::DumpTest#"test_whitequark/space_args_block.txt" = 0.12 s
[ 3785/24720] Prism::DumpTest#"test_seattlerb/parse_line_defn_complex.txt" = 0.35 s
[ 3786/24720] Prism::DumpTest#"test_global_variables.txt" = 1.18 s
[ 3787/24720] Prism::DumpTest#"test_seattlerb/iter_args_7_2.txt" = 0.22 s
[ 3788/24720] Prism::DumpTest#"test_seattlerb/call_assoc_new.txt" = 0.15 s
[ 3789/24720] Prism::DumpTest#"test_seattlerb/safe_calls.txt" = 0.15 s
[ 3790/24720] Prism::DumpTest#"test_whitequark/space_args_arg_block.txt" = 0.49 s
[ 3791/24720] Prism::DumpTest#"test_whitequark/send_index_legacy.txt" = 0.14 s
[ 3792/24720] Prism::DumpTest#"test_seattlerb/block_call_defn_call_block_call.txt" = 0.36 s
[ 3793/24720] Prism::DumpTest#"test_unparser/corpus/literal/kwbegin.txt" = 2.20 s
[ 3794/24720] Prism::DumpTest#"test_xstring_with_backslash.txt" = 0.07 s
[ 3795/24720] Prism::DumpTest#"test_seattlerb/defs_oneliner_rescue.txt" = 0.84 s
[ 3796/24720] Prism::DumpTest#"test_whitequark/hash_hashrocket.txt" = 0.23 s
[ 3797/24720] Prism::DumpTest#"test_until.txt" = 0.97 s
[ 3798/24720] Prism::DumpTest#"test_seattlerb/index_0_opasgn.txt" = 0.13 s
[ 3799/24720] Prism::DumpTest#"test_seattlerb/block_kwarg_lvar.txt" = 0.21 s
[ 3800/24720] Prism::DumpTest#"test_lambda.txt" = 1.43 s
[ 3801/24720] Prism::DumpTest#"test_whitequark/forwarded_argument_with_restarg.txt" = 0.23 s
[ 3802/24720] Prism::DumpTest#"test_seattlerb/block_args_opt1.txt" = 0.33 s
[ 3803/24720] Prism::DumpTest#"test_seattlerb/defn_arg_asplat_arg.txt" = 0.16 s
[ 3804/24720] Prism::DumpTest#"test_seattlerb/defn_kwarg_env.txt" = 0.30 s
[ 3805/24720] Prism::DumpTest#"test_methods.txt" = 8.38 s
[ 3806/24720] Prism::DumpTest#"test_seattlerb/bug_cond_pct.txt" = 0.12 s
[ 3807/24720] Prism::DumpTest#"test_whitequark/bang_cmd.txt" = 0.13 s
[ 3808/24720] Prism::DumpTest#"test_seattlerb/rescue_do_end_ensure_result.txt" = 0.24 s
[ 3809/24720] Prism::DumpTest#"test_seattlerb/case_in_86.txt" = 0.24 s
[ 3810/24720] Prism::DumpTest#"test_seattlerb/masgn_arg_colon_arg.txt" = 0.16 s
[ 3811/24720] Prism::DumpTest#"test_seattlerb/defn_oneliner_eq2.txt" = 0.20 s
[ 3812/24720] Prism::DumpTest#"test_seattlerb/parse_if_not_noncanonical.txt" = 0.25 s
[ 3813/24720] Prism::DumpTest#"test_seattlerb/f_kw__required.txt" = 0.13 s
[ 3814/24720] Prism::DumpTest#"test_seattlerb/thingy.txt" = 0.21 s
[ 3815/24720] Prism::DumpTest#"test_seattlerb/masgn_arg_splat_arg.txt" = 0.17 s
[ 3816/24720] Prism::DumpTest#"test_seattlerb/parse_while_not_noncanonical.txt" = 0.19 s
[ 3817/24720] Prism::DumpTest#"test_strings.txt" = 2.51 s
[ 3818/24720] Prism::DumpTest#"test_seattlerb/pipe_space.txt" = 0.14 s
[ 3819/24720] Prism::DumpTest#"test_seattlerb/dot2_nil__26.txt" = 0.09 s
[ 3820/24720] Prism::DumpTest#"test_seattlerb/bug_249.txt" = 0.33 s
[ 3821/24720] Prism::DumpTest#"test_seattlerb/defn_kwarg_kwsplat_anon.txt" = 0.16 s
[ 3822/24720] Prism::DumpTest#"test_seattlerb/cond_unary_minus.txt" = 0.08 s
[ 3823/24720] Prism::DumpTest#"test_seattlerb/dstr_lex_state.txt" = 0.16 s
[ 3824/24720] Prism::DumpTest#"test_whitequark/super.txt" = 0.20 s
[ 3825/24720] Prism::DumpTest#"test_whitequark/not_masgn__24.txt" = 0.19 s
[ 3826/24720] Prism::DumpTest#"test_seattlerb/qw_escape_term.txt" = 0.07 s
[ 3827/24720] Prism::DumpTest#"test_seattlerb/block_splat_reg.txt" = 0.17 s
[ 3828/24720] Prism::DumpTest#"test_seattlerb/iter_kwarg.txt" = 0.26 s
[ 3829/24720] Prism::DumpTest#"test_whitequark/hash_label.txt" = 0.11 s
[ 3830/24720] Prism::DumpTest#"test_seattlerb/heredoc_squiggly_empty.txt" = 0.07 s
[ 3831/24720] Prism::DumpTest#"test_seattlerb/parse_line_dot2_open.txt" = 0.15 s
[ 3832/24720] Prism::DumpTest#"test_whitequark/var_or_asgn.txt" = 0.20 s
[ 3833/24720] Prism::DumpTest#"test_unparser/corpus/literal/send.txt" = 8.35 s
[ 3834/24720] Prism::DumpTest#"test_seattlerb/bug_args_masgn_outer_parens__19.txt" = 0.35 s
[ 3835/24720] Prism::DumpTest#"test_heredoc_with_trailing_newline.txt" = 0.07 s
[ 3836/24720] Prism::DumpTest#"test_whitequark/parser_bug_507.txt" = 0.16 s
[ 3837/24720] Prism::DumpTest#"test_seattlerb/begin_ensure_no_bodies.txt" = 0.18 s
[ 3838/24720] Prism::DumpTest#"test_seattlerb/defn_oneliner.txt" = 0.19 s
[ 3839/24720] Prism::DumpTest#"test_whitequark/cvar.txt" = 0.06 s
[ 3840/24720] Prism::DumpTest#"test_seattlerb/bug_215.txt" = 0.09 s
[ 3841/24720] Prism::DumpTest#"test_whitequark/send_index_asgn.txt" = 0.23 s
[ 3842/24720] Prism::DumpTest#"test_seattlerb/case_in_find.txt" = 0.22 s
[ 3843/24720] Prism::DumpTest#"test_seattlerb/qwords_empty.txt" = 0.06 s
[ 3844/24720] Prism::DumpTest#"test_boolean_operators.txt" = 0.29 s
[ 3845/24720] Prism::DumpTest#"test_seattlerb/block_arg_opt_arg_block.txt" = 0.22 s
[ 3846/24720] Prism::DumpTest#"test_whitequark/string_concat.txt" = 0.24 s
[ 3847/24720] Prism::DumpTest#"test_seattlerb/parse_if_not_canonical.txt" = 0.25 s
[ 3848/24720] Prism::DumpTest#"test_ternary_operator.txt" = 1.31 s
[ 3849/24720] Prism::DumpTest#"test_seattlerb/qWords_space.txt" = 0.06 s
[ 3850/24720] Prism::DumpTest#"test_nils.txt" = 0.20 s
[ 3851/24720] Prism::DumpTest#"test_whitequark/masgn_nested.txt" = 0.36 s
[ 3852/24720] Prism::DumpTest#"test_seattlerb/in_expr_no_case.txt" = 0.10 s
[ 3853/24720] Prism::DumpTest#"test_seattlerb/difficult3__9.txt" = 0.21 s
[ 3854/24720] Prism::DumpTest#"test_seattlerb/safe_call_newline.txt" = 0.17 s
[ 3855/24720] Prism::DumpTest#"test_seattlerb/difficult7_.txt" = 0.43 s
[ 3856/24720] Prism::DumpTest#"test_seattlerb/rhs_asgn.txt" = 0.09 s
[ 3857/24720] Prism::DumpTest#"test_seattlerb/method_call_trailing_comma.txt" = 0.13 s
[ 3858/24720] Prism::DumpTest#"test_newline_terminated.txt" = 0.63 s
[ 3859/24720] Prism::DumpTest#"test_seattlerb/parse_line_call_no_args.txt" = 0.31 s
[ 3860/24720] Prism::DumpTest#"test_seattlerb/defn_kwarg_lvar.txt" = 0.18 s
[ 3861/24720] Prism::DumpTest#"test_whitequark/dedenting_heredoc.txt" = 1.93 s
[ 3862/24720] Prism::DumpTest#"test_whitequark/optarg.txt" = 0.29 s
[ 3863/24720] Prism::DumpTest#"test_whitequark/slash_newline_in_heredocs.txt" = 0.16 s
[ 3864/24720] Prism::DumpTest#"test_whitequark/sclass.txt" = 0.12 s
[ 3865/24720] Prism::DumpTest#"test_range_end_open_exclusive.txt" = 0.08 s
[ 3866/24720] Prism::DumpTest#"test_heredocs_with_ignored_newlines.txt" = 0.29 s
[ 3867/24720] Prism::DumpTest#"test_seattlerb/case_in_else.txt" = 0.20 s
[ 3868/24720] Prism::DumpTest#"test_dsym_str.txt" = 0.07 s
[ 3869/24720] Prism::DumpTest#"test_next.txt" = 1.33 s
[ 3870/24720] Prism::DumpTest#"test_seattlerb/dstr_evstr.txt" = 0.18 s
[ 3871/24720] Prism::DumpTest#"test_seattlerb/dot3_nil__26.txt" = 0.09 s
[ 3872/24720] Prism::DumpTest#test_dump_file = 0.03 s
[ 3873/24720] Prism::DumpTest#"test_whitequark/send_index.txt" = 0.14 s
[ 3874/24720] Prism::DumpTest#"test_whitequark/forwarded_restarg.txt" = 0.20 s
[ 3875/24720] Prism::DumpTest#"test_whitequark/class_super_label.txt" = 0.15 s
[ 3876/24720] Prism::DumpTest#"test_unparser/corpus/semantic/block.txt" = 0.71 s
[ 3877/24720] Prism::DumpTest#"test_seattlerb/block_command_operation_dot.txt" = 0.19 s
[ 3878/24720] Prism::DumpTest#"test_seattlerb/heredoc_with_extra_carriage_horrible_mix.txt" = 0.07 s
[ 3879/24720] Prism::DumpTest#"test_whitequark/ruby_bug_14690.txt" = 0.22 s
[ 3880/24720] Prism::DumpTest#"test_unless.txt" = 0.73 s
[ 3881/24720] Prism::DumpTest#"test_seattlerb/regexp_esc_C_slash.txt" = 0.07 s
[ 3882/24720] Prism::DumpTest#"test_unparser/corpus/literal/since/30.txt" = 0.41 s
[ 3883/24720] Prism::DumpTest#"test_seattlerb/block_decomp_anon_splat_arg.txt" = 0.19 s
[ 3884/24720] Prism::DumpTest#"test_seattlerb/call_env.txt" = 0.10 s
[ 3885/24720] Prism::DumpTest#"test_whitequark/hash_empty.txt" = 0.06 s
[ 3886/24720] Prism::DumpTest#"test_seattlerb/defn_oneliner_noargs_parentheses.txt" = 0.13 s
[ 3887/24720] Prism::DumpTest#"test_seattlerb/masgn_anon_splat_arg.txt" = 0.13 s
[ 3888/24720] Prism::DumpTest#"test_seattlerb/masgn_splat_arg.txt" = 0.15 s
[ 3889/24720] Prism::DumpTest#"test_whitequark/bug_cmd_string_lookahead.txt" = 0.13 s
[ 3890/24720] Prism::DumpTest#"test_whitequark/op_asgn_index_cmd.txt" = 0.20 s
[ 3891/24720] Prism::DumpTest#"test_seattlerb/call_not.txt" = 0.08 s
[ 3892/24720] Prism::DumpTest#"test_dstring.txt" = 0.40 s
[ 3893/24720] Prism::DumpTest#"test_seattlerb/call_trailing_comma.txt" = 0.10 s
[ 3894/24720] Prism::DumpTest#"test_seattlerb/integer_with_if_modifier.txt" = 0.10 s
[ 3895/24720] Prism::DumpTest#"test_whitequark/send_op_asgn_conditional.txt" = 0.11 s
[ 3896/24720] Prism::DumpTest#"test_spanning_heredoc.txt" = 2.13 s
[ 3897/24720] Prism::DumpTest#"test_whitequark/character.txt" = 0.07 s
[ 3898/24720] Prism::DumpTest#"test_whitequark/args_star.txt" = 0.25 s
[ 3899/24720] Prism::DumpTest#"test_whitequark/send_block_chain_cmd.txt" = 1.28 s
[ 3900/24720] Prism::DumpTest#"test_whitequark/ambiuous_quoted_label_in_ternary_operator.txt" = 0.24
 s
[ 3901/24720] Prism::DumpTest#"test_unparser/corpus/literal/assignment.txt" = 5.13 s
[ 3902/24720] Prism::DumpTest#"test_seattlerb/call_colon_parens.txt" = 0.09 s
[ 3903/24720] Prism::DumpTest#"test_whitequark/nil_expression.txt" = 0.09 s
[ 3904/24720] Prism::DumpTest#"test_unparser/corpus/literal/opasgn.txt" = 2.07 s
[ 3905/24720] Prism::DumpTest#"test_seattlerb/alias_resword.txt" = 0.10 s
[ 3906/24720] Prism::DumpTest#"test_seattlerb/defn_endless_command_rescue.txt" = 0.18 s
[ 3907/24720] Prism::DumpTest#"test_seattlerb/call_unary_bang.txt" = 0.08 s
[ 3908/24720] Prism::DumpTest#"test_whitequark/zsuper.txt" = 0.06 s
[ 3909/24720] Prism::DumpTest#"test_seattlerb/iter_args_9_2.txt" = 0.29 s
[ 3910/24720] Prism::DumpTest#"test_seattlerb/parse_def_special_name.txt" = 0.08 s
[ 3911/24720] Prism::DumpTest#"test_whitequark/bug_cmdarg.txt" = 0.44 s
[ 3912/24720] Prism::DumpTest#"test_whitequark/trailing_forward_arg.txt" = 0.24 s
[ 3913/24720] Prism::DumpTest#"test_seattlerb/multiline_hash_declaration.txt" = 0.46 s
[ 3914/24720] Prism::DumpTest#"test_seattlerb/block_arg_opt_splat.txt" = 0.30 s
[ 3915/24720] Prism::DumpTest#"test_whitequark/bug_481.txt" = 0.19 s
[ 3916/24720] Prism::DumpTest#"test_seattlerb/iter_args_11_1.txt" = 0.30 s
[ 3917/24720] Prism::DumpTest#"test_whitequark/non_lvar_injecting_match.txt" = 0.19 s
[ 3918/24720] Prism::DumpTest#"test_whitequark/rescue.txt" = 0.17 s
[ 3919/24720] Prism::DumpTest#"test_unparser/corpus/literal/class.txt" = 0.94 s
[ 3920/24720] Prism::DumpTest#"test_seattlerb/difficult2_.txt" = 0.37 s
[ 3921/24720] Prism::DumpTest#"test_repeat_parameters.txt" = 2.13 s
[ 3922/24720] Prism::DumpTest#"test_whitequark/array_words_interp.txt" = 0.37 s
[ 3923/24720] Prism::DumpTest#"test_whitequark/dedenting_interpolating_heredoc_fake_line_continuatio
n.txt" = 0.11 s
[ 3924/24720] Prism::DumpTest#"test_whitequark/casgn_toplevel.txt" = 0.09 s
[ 3925/24720] Prism::DumpTest#"test_whitequark/ruby_bug_15789.txt" = 0.49 s
[ 3926/24720] Prism::DumpTest#"test_whitequark/ivar.txt" = 0.06 s
[ 3927/24720] Prism::DumpTest#"test_whitequark/args_args_star.txt" = 0.30 s
[ 3928/24720] Prism::DumpTest#"test_symbols.txt" = 2.04 s
[ 3929/24720] Prism::DumpTest#"test_seattlerb/block_decomp_arg_splat.txt" = 0.19 s
[ 3930/24720] Prism::DumpTest#"test_not.txt" = 1.00 s
[ 3931/24720] Prism::DumpTest#"test_seattlerb/bug_hash_interp_array.txt" = 0.14 s
[ 3932/24720] Prism::DumpTest#"test_seattlerb/masgn_colon3.txt" = 0.15 s
[ 3933/24720] Prism::DumpTest#"test_whitequark/xstring_plain.txt" = 0.07 s
[ 3934/24720] Prism::DumpTest#"test_whitequark/if_masgn__24.txt" = 0.19 s
[ 3935/24720] Prism::DumpTest#"test_seattlerb/pipe_semicolon.txt" = 0.16 s
[ 3936/24720] Prism::DumpTest#"test_seattlerb/difficult6__7.txt" = 0.21 s
[ 3937/24720] Prism::DumpTest#"test_seattlerb/defn_kwarg_val.txt" = 0.16 s
[ 3938/24720] Prism::DumpTest#"test_seattlerb/eq_begin_line_numbers.txt" = 0.07 s
[ 3939/24720] Prism::DumpTest#"test_unparser/corpus/literal/range.txt" = 0.26 s
[ 3940/24720] Prism::DumpTest#"test_seattlerb/rescue_do_end_rescued.txt" = 0.33 s
[ 3941/24720] Prism::DumpTest#"test_seattlerb/call_div.txt" = 0.11 s
[ 3942/24720] Prism::DumpTest#"test_seattlerb/difficult3__12.txt" = 0.21 s
[ 3943/24720] Prism::DumpTest#"test_whitequark/args_args_assocs_comma.txt" = 0.20 s
[ 3944/24720] Prism::DumpTest#"test_seattlerb/bug_not_parens.txt" = 0.10 s
[ 3945/24720] Prism::DumpTest#"test_heredoc_with_carriage_returns.txt" = 0.07 s
[ 3946/24720] Prism::DumpTest#"test_seattlerb/block_decomp_arg_splat_arg.txt" = 0.22 s
[ 3947/24720] Prism::DumpTest#"test_seattlerb/parse_pattern_076.txt" = 0.27 s
[ 3948/24720] Prism::DumpTest#"test_seattlerb/uminus_float.txt" = 0.06 s
[ 3949/24720] Prism::DumpTest#"test_whitequark/regex_interp.txt" = 0.17 s
[ 3950/24720] Prism::DumpTest#"test_whitequark/if_nl_then.txt" = 0.14 s
[ 3951/24720] Prism::DumpTest#"test_seattlerb/difficult1_line_numbers.txt" = 0.88 s
[ 3952/24720] Prism::DumpTest#"test_whitequark/ruby_bug_11380.txt" = 0.45 s
[ 3953/24720] Prism::DumpTest#"test_seattlerb/unary_plus.txt" = 0.10 s
[ 3954/24720] Prism::DumpTest#"test_xstring.txt" = 0.40 s
[ 3955/24720] Prism::DumpTest#"test_whitequark/arg_label.txt" = 0.52 s
[ 3956/24720] Prism::DumpTest#"test_seattlerb/case_in_array_pat_paren_assign.txt" = 0.23 s
[ 3957/24720] Prism::DumpTest#"test_dash_heredocs.txt" = 1.30 s
[ 3958/24720] Prism::DumpTest#"test_unparser/corpus/literal/dstr.txt" = 1.80 s
[ 3959/24720] Prism::DumpTest#"test_whitequark/casgn_scoped.txt" = 0.11 s
[ 3960/24720] Prism::DumpTest#"test_unparser/corpus/literal/undef.txt" = 0.15 s
[ 3961/24720] Prism::DumpTest#"test_seattlerb/bug169.txt" = 0.20 s
[ 3962/24720] Prism::DumpTest#"test_whitequark/send_attr_asgn.txt" = 0.35 s
[ 3963/24720] Prism::DumpTest#"test_whitequark/defined.txt" = 0.26 s
[ 3964/24720] Prism::DumpTest#"test_unparser/corpus/literal/empty_begin.txt" = 0.07 s
[ 3965/24720] Prism::DumpTest#"test_whitequark/send_lambda_args_shadow.txt" = 0.16 s
[ 3966/24720] Prism::DumpTest#"test_whitequark/rescue_without_begin_end.txt" = 0.21 s
[ 3967/24720] Prism::DumpTest#"test_seattlerb/attrasgn_array_lhs.txt" = 0.41 s
[ 3968/24720] Prism::DumpTest#"test_whitequark/lparenarg_after_lvar__since_25.txt" = 0.27 s
[ 3969/24720] Prism::DumpTest#"test_arrays.txt" = 7.15 s
[ 3970/24720] Prism::DumpTest#"test_seattlerb/dsym_to_sym.txt" = 0.25 s
[ 3971/24720] Prism::DumpTest#"test_seattlerb/op_asgn_primary_colon_identifier1.txt" = 0.10 s
[ 3972/24720] Prism::DumpTest#"test_seattlerb/str_double_escaped_newline.txt" = 0.14 s
[ 3973/24720] Prism::DumpTest#"test_seattlerb/call_stabby_do_end_with_block.txt" = 0.26 s
[ 3974/24720] Prism::DumpTest#"test_whitequark/bug_do_block_in_call_args.txt" = 0.19 s
[ 3975/24720] Prism::DumpTest#"test_whitequark/for.txt" = 0.38 s
[ 3976/24720] Prism::DumpTest#"test_seattlerb/str_backslashes.txt" = 0.11 s
[ 3977/24720] Prism::DumpTest#"test_seattlerb/parse_until_not_noncanonical.txt" = 0.26 s
[ 3978/24720] Prism::DumpTest#"test_seattlerb/heredoc_backslash_nl.txt" = 0.11 s
[ 3979/24720] Prism::DumpTest#"test_seattlerb/parse_line_multiline_str_literal_n.txt" = 0.09 s
[ 3980/24720] Prism::DumpTest#"test_seattlerb/rescue_do_end_no_raise.txt" = 0.40 s
[ 3981/24720] Prism::DumpTest#"test_whitequark/send_index_cmd.txt" = 0.17 s
[ 3982/24720] Prism::DumpTest#"test_seattlerb/heredoc_trailing_slash_continued_call.txt" = 0.10 s
[ 3983/24720] Prism::DumpTest#"test_seattlerb/mlhs_keyword.txt" = 0.20 s
[ 3984/24720] Prism::DumpTest#"test_whitequark/arg_duplicate_ignored.txt" = 0.24 s
[ 3985/24720] Prism::DumpTest#"test_seattlerb/defs_kwarg.txt" = 0.23 s
[ 3986/24720] Prism::DumpTest#"test_whitequark/rescue_mod_asgn.txt" = 0.14 s
[ 3987/24720] Prism::DumpTest#"test_seattlerb/begin_rescue_else_ensure_no_bodies.txt" = 0.13 s
[ 3988/24720] Prism::DumpTest#"test_seattlerb/parse_line_rescue.txt" = 0.31 s
[ 3989/24720] Prism::DumpTest#"test_whitequark/array_words.txt" = 0.11 s
[ 3990/24720] Prism::DumpTest#"test_whitequark/cond_begin.txt" = 0.19 s
[ 3991/24720] Prism::DumpTest#"test_unparser/corpus/literal/hookexe.txt" = 0.20 s
[ 3992/24720] Prism::DumpTest#"test_seattlerb/BEGIN.txt" = 0.09 s
[ 3993/24720] Prism::DumpTest#"test_whitequark/rescue_mod_masgn.txt" = 0.19 s
[ 3994/24720] Prism::DumpTest#"test_whitequark/keyword_argument_omission.txt" = 0.24 s
[ 3995/24720] Prism::DumpTest#"test_whitequark/symbol_plain.txt" = 0.10 s
[ 3996/24720] Prism::DumpTest#"test_whitequark/when_then.txt" = 0.18 s
[ 3997/24720] Prism::DumpTest#"test_seattlerb/unary_plus_on_literal.txt" = 0.10 s
[ 3998/24720] Prism::DumpTest#"test_seattlerb/call_array_lit_inline_hash.txt" = 0.19 s
[ 3999/24720] Prism::DumpTest#"test_seattlerb/str_newline_hash_line_number.txt" = 0.09 s
[ 4000/24720] Prism::DumpTest#"test_seattlerb/iter_args_4.txt" = 0.19 s
[ 4001/24720] Prism::DumpTest#"test_whitequark/true.txt" = 0.06 s
[ 4002/24720] Prism::DumpTest#"test_seattlerb/qw_escape.txt" = 0.07 s
[ 4003/24720] Prism::DumpTest#"test_whitequark/send_plain_cmd.txt" = 0.32 s
[ 4004/24720] Prism::DumpTest#"test_seattlerb/op_asgn_primary_colon_const_command_call.txt" = 0.16 s
[ 4005/24720] Prism::DumpTest#"test_seattlerb/masgn_splat_arg_arg.txt" = 0.16 s
[ 4006/24720] Prism::DumpTest#"test_integer_operations.txt" = 2.12 s
[ 4007/24720] Prism::DumpTest#"test_seattlerb/block_call_dot_op2_cmd_args_do_block.txt" = 0.39 s
[ 4008/24720] Prism::DumpTest#"test_seattlerb/defn_kwarg_kwarg.txt" = 0.20 s
[ 4009/24720] Prism::DumpTest#"test_whitequark/and_asgn.txt" = 0.21 s
[ 4010/24720] Prism::DumpTest#"test_seattlerb/block_arg_kwsplat.txt" = 0.16 s
[ 4011/24720] Prism::DumpTest#"test_seattlerb/case_in_array_pat_const2.txt" = 0.22 s
[ 4012/24720] Prism::DumpTest#"test_whitequark/when_multi.txt" = 0.21 s
[ 4013/24720] Prism::DumpTest#"test_seattlerb/difficult3_3.txt" = 0.20 s
[ 4014/24720] Prism::DumpTest#"test_whitequark/bang.txt" = 0.10 s
[ 4015/24720] Prism::DumpTest#"test_whitequark/unless_else.txt" = 0.34 s
[ 4016/24720] Prism::DumpTest#"test_seattlerb/defn_forward_args__no_parens.txt" = 0.18 s
[ 4017/24720] Prism::DumpTest#"test_heredocs_with_ignored_newlines_and_non_empty.txt" = 0.07 s
[ 4018/24720] Prism::DumpTest#"test_whitequark/pattern_matching_single_line_allowed_omission_of_pare
ntheses.txt" = 1.03 s
[ 4019/24720] Prism::DumpTest#"test_whitequark/__ENCODING__.txt" = 0.06 s
[ 4020/24720] Prism::DumpTest#"test_whitequark/if.txt" = 0.23 s
[ 4021/24720] Prism::DumpTest#"test_range_end_open_inclusive.txt" = 0.07 s
[ 4022/24720] Prism::DumpTest#"test_seattlerb/bug_hash_args_trailing_comma.txt" = 0.17 s
[ 4023/24720] Prism::DumpTest#"test_seattlerb/quoted_symbol_hash_arg.txt" = 0.15 s
[ 4024/24720] Prism::DumpTest#"test_seattlerb/stabby_block_kw__required.txt" = 0.34 s
[ 4025/24720] Prism::DumpTest#"test_seattlerb/difficult3__6.txt" = 0.24 s
[ 4026/24720] Prism::DumpTest#"test_seattlerb/heredoc_nested.txt" = 0.30 s
[ 4027/24720] Prism::DumpTest#"test_seattlerb/parse_line_iter_call_parens.txt" = 0.28 s
[ 4028/24720] Prism::DumpTest#"test_whitequark/args_args_comma.txt" = 0.14 s
[ 4029/24720] Prism::DumpTest#"test_seattlerb/symbols.txt" = 0.13 s
[ 4030/24720] Prism::DumpTest#"test_keywords.txt" = 0.36 s
[ 4031/24720] Prism::DumpTest#"test_seattlerb/safe_op_asgn.txt" = 0.15 s
[ 4032/24720] Prism::DumpTest#"test_whitequark/array_words_empty.txt" = 0.08 s
[ 4033/24720] Prism::DumpTest#"test_whitequark/send_self_block.txt" = 0.35 s
[ 4034/24720] Prism::DumpTest#"test_whitequark/hash_label_end.txt" = 0.50 s
[ 4035/24720] Prism::DumpTest#"test_seattlerb/case_in_or.txt" = 0.18 s
[ 4036/24720] Prism::DumpTest#"test_seattlerb/safe_call.txt" = 0.18 s
[ 4037/24720] Prism::DumpTest#"test_whitequark/forward_arg_with_open_args.txt" = 1.75 s
[ 4038/24720] Prism::DumpTest#"test_whitequark/send_index_asgn_legacy.txt" = 0.23 s
[ 4039/24720] Prism::DumpTest#"test_whitequark/unless_mod.txt" = 0.13 s
[ 4040/24720] Prism::DumpTest#"test_heredocs_leading_whitespace.txt" = 0.37 s
[ 4041/24720] Prism::DumpTest#"test_seattlerb/begin_rescue_ensure_no_bodies.txt" = 0.11 s
[ 4042/24720] Prism::DumpTest#"test_whitequark/back_ref.txt" = 0.06 s
[ 4043/24720] Prism::DumpTest#"test_seattlerb/rescue_do_end_raised.txt" = 0.29 s
[ 4044/24720] Prism::DumpTest#"test_whitequark/ruby_bug_12669.txt" = 0.56 s
[ 4045/24720] Prism::DumpTest#"test_whitequark/__ENCODING___legacy_.txt" = 0.06 s
[ 4046/24720] Prism::DumpTest#"test_whitequark/masgn_cmd.txt" = 0.15 s
[ 4047/24720] Prism::DumpTest#"test_whitequark/parser_bug_604.txt" = 0.27 s
[ 4048/24720] Prism::DumpTest#"test_whitequark/kwrestarg_unnamed.txt" = 0.13 s
[ 4049/24720] Prism::DumpTest#"test_defined.txt" = 0.44 s
[ 4050/24720] Prism::DumpTest#"test_seattlerb/heredoc_squiggly_blank_lines.txt" = 0.16 s
[ 4051/24720] Prism::DumpTest#"test_seattlerb/parse_pattern_058.txt" = 0.42 s
[ 4052/24720] Prism::DumpTest#"test_seattlerb/symbols_interp.txt" = 0.13 s
[ 4053/24720] Prism::DumpTest#"test_seattlerb/bug191.txt" = 0.44 s
[ 4054/24720] Prism::DumpTest#"test_seattlerb/defn_reg_opt_reg.txt" = 0.19 s
[ 4055/24720] Prism::DumpTest#"test_seattlerb/assoc_label.txt" = 0.25 s
[ 4056/24720] Prism::DumpTest#"test_unparser/corpus/literal/rescue.txt" = 0.48 s
[ 4057/24720] Prism::DumpTest#"test_seattlerb/const_2_op_asgn_or2.txt" = 0.11 s
[ 4058/24720] Prism::DumpTest#"test_seattlerb/case_in_37.txt" = 0.26 s
[ 4059/24720] Prism::DumpTest#"test_whitequark/ternary.txt" = 0.26 s
[ 4060/24720] Prism::DumpTest#"test_seattlerb/parse_line_defn_no_parens_args.txt" = 0.12 s
[ 4061/24720] Prism::DumpTest#"test_seattlerb/words_interp.txt" = 0.15 s
[ 4062/24720] Prism::DumpTest#"test_seattlerb/call_bang_command_call.txt" = 0.23 s
[ 4063/24720] Prism::DumpTest#"test_whitequark/gvasgn.txt" = 0.08 s
[ 4064/24720] Prism::DumpTest#"test_whitequark/postexe.txt" = 0.09 s
[ 4065/24720] Prism::DumpTest#"test_whitequark/and_or_masgn.txt" = 0.45 s
[ 4066/24720] Prism::DumpTest#"test_seattlerb/defn_opt_reg.txt" = 0.17 s
[ 4067/24720] Prism::DumpTest#"test_method_calls.txt" = 9.29 s
[ 4068/24720] Prism::DumpTest#"test_seattlerb/heredoc_with_only_carriage_returns.txt" = 0.07 s
[ 4069/24720] Prism::DumpTest#"test_seattlerb/heredoc_squiggly_visually_blank_lines.txt" = 0.16 s
[ 4070/24720] Prism::DumpTest#"test_seattlerb/call_colon2.txt" = 0.08 s
[ 4071/24720] Prism::DumpTest#"test_whitequark/while.txt" = 0.23 s
[ 4072/24720] Prism::DumpTest#"test_whitequark/kwnilarg.txt" = 0.33 s
[ 4073/24720] Prism::DumpTest#"test_seattlerb/call_arg_assoc.txt" = 0.15 s
[ 4074/24720] Prism::DumpTest#"test_whitequark/case_expr_else.txt" = 0.24 s
[ 4075/24720] Prism::DumpTest#"test_seattlerb/block_paren_splat.txt" = 0.21 s
[ 4076/24720] Prism::DumpTest#"test_seattlerb/call_and.txt" = 0.10 s
[ 4077/24720] Prism::DumpTest#"test_whitequark/self.txt" = 0.06 s
[ 4078/24720] Prism::DumpTest#"test_whitequark/bug_regex_verification.txt" = 0.07 s
[ 4079/24720] Prism::DumpTest#"test_classes.txt" = 1.41 s
[ 4080/24720] Prism::DumpTest#"test_whitequark/masgn_splat.txt" = 1.03 s
[ 4081/24720] Prism::DumpTest#"test_emoji_method_calls.txt" = 0.12 s
[ 4082/24720] Prism::DumpTest#"test_whitequark/parser_bug_645.txt" = 0.16 s
[ 4083/24720] Prism::DumpTest#"test_seattlerb/parse_line_iter_call_no_parens.txt" = 0.28 s
[ 4084/24720] Prism::DumpTest#"test_whitequark/super_block.txt" = 0.19 s
[ 4085/24720] Prism::DumpTest#"test_whitequark/ruby_bug_10653.txt" = 0.86 s
[ 4086/24720] Prism::DumpTest#"test_whitequark/beginless_erange_after_newline.txt" = 0.11 s
[ 4087/24720] Prism::DumpTest#"test_seattlerb/lasgn_call_bracket_rescue_arg.txt" = 0.15 s
[ 4088/24720] Prism::DumpTest#"test_seattlerb/parse_line_dstr_escaped_newline.txt" = 0.23 s
[ 4089/24720] Prism::DumpTest#"test_seattlerb/const_op_asgn_or.txt" = 0.10 s
[ 4090/24720] Prism::DumpTest#"test_seattlerb/parse_line_to_ary.txt" = 0.16 s
[ 4091/24720] Prism::DumpTest#"test_seattlerb/heredoc_bad_oct_escape.txt" = 0.10 s
[ 4092/24720] Prism::DumpTest#"test_seattlerb/defn_comments.txt" = 0.09 s
[ 4093/24720] Prism::DumpTest#"test_whitequark/if_mod.txt" = 0.13 s
[ 4094/24720] Prism::DumpTest#"test_whitequark/bug_rescue_empty_else.txt" = 0.12 s
[ 4095/24720] Prism::DumpTest#"test_seattlerb/label_vs_string.txt" = 0.25 s
[ 4096/24720] Prism::DumpTest#"test_whitequark/space_args_arg_call.txt" = 0.16 s
[ 4097/24720] Prism::DumpTest#"test_variables.txt" = 1.99 s
[ 4098/24720] Prism::DumpTest#"test_whitequark/endless_comparison_method.txt" = 0.94 s
[ 4099/24720] Prism::DumpTest#"test_seattlerb/case_in_42.txt" = 0.22 s
[ 4100/24720] Prism::DumpTest#"test_regex_char_width.txt" = 0.30 s
[ 4101/24720] Prism::DumpTest#"test_seattlerb/difficult3__11.txt" = 0.20 s
[ 4102/24720] Prism::DumpTest#"test_seattlerb/bdot2.txt" = 0.15 s
[ 4103/24720] Prism::DumpTest#"test_whitequark/blockargs.txt" = 5.61 s
[ 4104/24720] Prism::DumpTest#"test_whitequark/when_splat.txt" = 0.27 s
[ 4105/24720] Prism::DumpTest#"test_seattlerb/iter_args_11_2.txt" = 0.25 s
[ 4106/24720] Prism::DumpTest#"test_whitequark/string_plain.txt" = 0.10 s
[ 4107/24720] Prism::DumpTest#"test_whitequark/restarg_named.txt" = 0.22 s
[ 4108/24720] Prism::DumpTest#"test_indented_file_end.txt" = 0.09 s
[ 4109/24720] Prism::DumpTest#"test_whitequark/if_else.txt" = 0.34 s
[ 4110/24720] Prism::DumpTest#"test_seattlerb/parse_until_not_canonical.txt" = 0.19 s
[ 4111/24720] Prism::DumpTest#"test_whitequark/lbrace_arg_after_command_args.txt" = 0.29 s
[ 4112/24720] Prism::DumpTest#"test_seattlerb/masgn_star.txt" = 0.10 s
[ 4113/24720] Prism::DumpTest#"test_seattlerb/call_trailing_dots.txt" = 0.13 s
[ 4114/24720] Prism::DumpTest#"test_seattlerb/block_call_operation_dot.txt" = 0.27 s
[ 4115/24720] Prism::DumpTest#"test_seattlerb/difficult3_4.txt" = 0.18 s
[ 4116/24720] Prism::DumpTest#"test_seattlerb/parse_line_trailing_newlines.txt" = 0.10 s
[ 4117/24720] Prism::DumpTest#"test_whitequark/parser_bug_525.txt" = 0.33 s
[ 4118/24720] Prism::DumpTest#"test_whitequark/forward_args_legacy.txt" = 0.46 s
[ 4119/24720] Prism::DumpTest#"test_heredoc_with_escaped_newline_at_start.txt" = 0.29 s
[ 4120/24720] Prism::DumpTest#"test_seattlerb/call_gt.txt" = 0.18 s
[ 4121/24720] Prism::DumpTest#"test_seattlerb/block_scope.txt" = 0.13 s
[ 4122/24720] Prism::DumpTest#"test_tilde_heredocs.txt" = 1.95 s
[ 4123/24720] Prism::DumpTest#"test_whitequark/string___FILE__.txt" = 0.05 s
[ 4124/24720] Prism::DumpTest#"test_whitequark/procarg0.txt" = 0.38 s
[ 4125/24720] Prism::DumpTest#"test_seattlerb/iter_args_9_1.txt" = 0.21 s
[ 4126/24720] Prism::DumpTest#"test_whitequark/ruby_bug_11873.txt" = 2.48 s
[ 4127/24720] Prism::DumpTest#"test_whitequark/endless_method.txt" = 0.55 s
[ 4128/24720] Prism::DumpTest#"test_seattlerb/mlhs_back_splat.txt" = 0.19 s
[ 4129/24720] Prism::DumpTest#"test_seattlerb/parse_pattern_019.txt" = 0.16 s
[ 4130/24720] Prism::DumpTest#"test_seattlerb/iter_args_3.txt" = 0.22 s
[ 4131/24720] Prism::DumpTest#"test_whitequark/multiple_pattern_matches.txt" = 0.70 s
[ 4132/24720] Prism::DumpTest#"test_seattlerb/str_pct_q.txt" = 0.07 s
[ 4133/24720] Prism::DumpTest#"test_unparser/corpus/literal/def.txt" = 4.60 s
[ 4134/24720] Prism::DumpTest#"test_seattlerb/symbol_empty.txt" = 0.07 s
[ 4135/24720] Prism::DumpTest#"test_seattlerb/defn_endless_command.txt" = 0.14 s
[ 4136/24720] Prism::DumpTest#"test_seattlerb/heredoc_bad_hex_escape.txt" = 0.20 s
[ 4137/24720] Prism::DumpTest#"test_whitequark/ruby_bug_11990.txt" = 0.15 s
[ 4138/24720] Prism::DumpTest#"test_seattlerb/bug236.txt" = 0.36 s
[ 4139/24720] Prism::DumpTest#"test_whitequark/const_unscoped.txt" = 0.06 s
[ 4140/24720] Prism::DumpTest#"test_whitequark/xstring_interp.txt" = 0.17 s
[ 4141/24720] Prism::DumpTest#"test_whitequark/or.txt" = 0.30 s
[ 4142/24720] Prism::DumpTest#"test_whitequark/cond_iflipflop.txt" = 0.26 s
[ 4143/24720] Prism::DumpTest#"test_whitequark/var_op_asgn.txt" = 0.34 s
[ 4144/24720] Prism::DumpTest#"test_seattlerb/call_carat.txt" = 0.11 s
[ 4145/24720] Prism::DumpTest#"test_seattlerb/backticks_interpolation_line.txt" = 0.16 s
[ 4146/24720] Prism::DumpTest#"test_seattlerb/attrasgn_array_arg.txt" = 0.25 s
[ 4147/24720] Prism::DumpTest#"test_whitequark/return.txt" = 0.26 s
[ 4148/24720] Prism::DumpTest#"test_seattlerb/defn_args_forward_args.txt" = 0.36 s
[ 4149/24720] Prism::DumpTest#"test_begin_rescue.txt" = 2.97 s
[ 4150/24720] Prism::DumpTest#"test_unparser/corpus/semantic/opasgn.txt" = 0.37 s
[ 4151/24720] Prism::DumpTest#"test_seattlerb/call_array_arg.txt" = 0.16 s
[ 4152/24720] Prism::DumpTest#"test_whitequark/array_plain.txt" = 0.09 s
[ 4153/24720] Prism::DumpTest#"test_seattlerb/class_comments.txt" = 0.22 s
[ 4154/24720] Prism::DumpTest#"test_whitequark/gvar.txt" = 0.06 s
[ 4155/24720] Prism::DumpTest#"test_seattlerb/block_arg_opt_splat_arg_block_omfg.txt" = 0.25 s
[ 4156/24720] Prism::DumpTest#"test_whitequark/forward_arg.txt" = 0.26 s
[ 4157/24720] Prism::DumpTest#"test_seattlerb/str_evstr_escape.txt" = 0.17 s
[ 4158/24720] Prism::DumpTest#"test_seattlerb/heredoc_squiggly_blank_line_plus_interpolation.txt" =
0.35 s
[ 4159/24720] Prism::DumpTest#"test_seattlerb/block_args_no_kwargs.txt" = 0.15 s
[ 4160/24720] Prism::DumpTest#"test_whitequark/array_symbols_empty.txt" = 0.08 s
[ 4161/24720] Prism::DumpTest#"test_booleans.txt" = 0.07 s
[ 4162/24720] Prism::DumpTest#"test_seattlerb/str_str_str.txt" = 0.26 s
[ 4163/24720] Prism::DumpTest#"test_whitequark/while_post.txt" = 0.17 s
[ 4164/24720] Prism::DumpTest#"test_whitequark/case_cond_else.txt" = 0.31 s
[ 4165/24720] Prism::DumpTest#"test_seattlerb/defn_kwarg_kwsplat.txt" = 0.17 s
[ 4166/24720] Prism::DumpTest#"test_whitequark/anonymous_blockarg.txt" = 0.19 s
[ 4167/24720] Prism::DumpTest#"test_seattlerb/bug202.txt" = 0.23 s
[ 4168/24720] Prism::DumpTest#"test_seattlerb/mlhs_back_anonsplat.txt" = 0.17 s
[ 4169/24720] Prism::DumpTest#"test_seattlerb/bug_masgn_right.txt" = 0.21 s
[ 4170/24720] Prism::DumpTest#"test_whitequark/symbol_interp.txt" = 0.26 s
[ 4171/24720] Prism::DumpTest#"test_seattlerb/iter_args_2__19.txt" = 0.19 s
[ 4172/24720] Prism::DumpTest#"test_whitequark/cond_iflipflop_with_beginless_range.txt" = 0.19 s
[ 4173/24720] Prism::DumpTest#"test_seattlerb/safe_call_dot_parens.txt" = 0.10 s
[ 4174/24720] Prism::DumpTest#"test_seattlerb/heredoc_with_carriage_return_escapes.txt" = 0.07 s
[ 4175/24720] Prism::DumpTest#"test_seattlerb/mlhs_mid_splat.txt" = 0.24 s
[ 4176/24720] Prism::DumpTest#"test_seattlerb/safe_attrasgn_constant.txt" = 0.20 s
[ 4177/24720] Prism::DumpTest#"test_unparser/corpus/semantic/while.txt" = 1.15 s
[ 4178/24720] Prism::DumpTest#"test_seattlerb/symbol_list.txt" = 0.21 s
[ 4179/24720] Prism::DumpTest#"test_whitequark/parser_bug_830.txt" = 0.13 s
[ 4180/24720] Prism::DumpTest#"test_keyword_method_names.txt" = 0.73 s
[ 4181/24720] Prism::DumpTest#"test_seattlerb/difficult4__leading_dots.txt" = 0.10 s
[ 4182/24720] Prism::DumpTest#"test_seattlerb/parse_line_postexe.txt" = 0.11 s
[ 4183/24720] Prism::DumpTest#"test_seattlerb/if_elsif.txt" = 0.20 s
[ 4184/24720] Prism::DumpTest#"test_hashes.txt" = 1.58 s
[ 4185/24720] Prism::DumpTest#"test_yield.txt" = 0.50 s
[ 4186/24720] Prism::DumpTest#"test_heredoc_with_comment.txt" = 0.10 s
[ 4187/24720] Prism::DumpTest#"test_whitequark/space_args_arg.txt" = 0.13 s
[ 4188/24720] Prism::DumpTest#"test_seattlerb/call_leading_dots.txt" = 0.20 s
[ 4189/24720] Prism::DumpTest#"test_seattlerb/call_stabby_with_braces_block.txt" = 0.18 s
[ 4190/24720] Prism::DumpTest#"test_seattlerb/defs_endless_command_rescue.txt" = 0.20 s
[ 4191/24720] Prism::DumpTest#"test_seattlerb/str_single_double_escaped_newline.txt" = 0.21 s
[ 4192/24720] Prism::DumpTest#"test_whitequark/rational.txt" = 0.08 s
[ 4193/24720] Prism::DumpTest#"test_seattlerb/call_kwsplat.txt" = 0.12 s
[ 4194/24720] Prism::DumpTest#"test_seattlerb/masgn_arg_ident.txt" = 0.19 s
[ 4195/24720] Prism::DumpTest#"test_seattlerb/regexp_escape_extended.txt" = 0.07 s
[ 4196/24720] Prism::DumpTest#"test_seattlerb/masgn_lhs_splat.txt" = 0.15 s
[ 4197/24720] Prism::DumpTest#"test_whitequark/bug_do_block_in_hash_brace.txt" = 1.31 s
[ 4198/24720] Prism::DumpTest#"test_whitequark/var_op_asgn_cmd.txt" = 0.12 s
[ 4199/24720] Prism::DumpTest#"test_unparser/corpus/semantic/literal.txt" = 0.46 s
[ 4200/24720] Prism::DumpTest#"test_whitequark/rescue_else_ensure.txt" = 0.29 s
[ 4201/24720] Prism::DumpTest#"test_undef.txt" = 0.56 s
[ 4202/24720] Prism::DumpTest#"test_seattlerb/parse_line_dot3.txt" = 0.19 s
[ 4203/24720] Prism::DumpTest#"test_whitequark/asgn_mrhs.txt" = 0.31 s
[ 4204/24720] Prism::DumpTest#"test_whitequark/masgn_attr.txt" = 0.36 s
[ 4205/24720] Prism::DumpTest#"test_seattlerb/dsym_esc_to_sym.txt" = 0.07 s
[ 4206/24720] Prism::DumpTest#"test_whitequark/ruby_bug_11989.txt" = 0.11 s
[ 4207/24720] Prism::DumpTest#"test_whitequark/not_cmd.txt" = 0.13 s
[ 4208/24720] Prism::DumpTest#"test_seattlerb/lasgn_env.txt" = 0.08 s
[ 4209/24720] Prism::DumpTest#"test_whitequark/send_lambda_args_noparen.txt" = 0.23 s
[ 4210/24720] Prism::DumpTest#"test_seattlerb/defn_kwarg_no_parens.txt" = 0.14 s
[ 4211/24720] Prism::DumpTest#"test_seattlerb/parse_line_return.txt" = 0.19 s
[ 4212/24720] Prism::DumpTest#"test_unparser/corpus/literal/pragma.txt" = 0.11 s
[ 4213/24720] Prism::DumpTest#"test_whitequark/forwarded_kwrestarg_with_additional_kwarg.txt" = 0.26
 s
[ 4214/24720] Prism::DumpTest#"test_whitequark/args_block_pass.txt" = 0.11 s
[ 4215/24720] Prism::DumpTest#"test_single_quote_heredocs.txt" = 0.07 s
[ 4216/24720] Prism::DumpTest#"test_whitequark/bug_heredoc_do.txt" = 0.13 s
[ 4217/24720] Prism::DumpTest#"test_seattlerb/lambda_do_vs_brace.txt" = 0.35 s
[ 4218/24720] Prism::DumpTest#"test_seattlerb/block_args_opt2.txt" = 0.21 s
[ 4219/24720] Prism::DumpTest#"test_seattlerb/case_in_67.txt" = 0.16 s
[ 4220/24720] Prism::DumpTest#"test_seattlerb/bug_call_arglist_parens.txt" = 0.44 s
[ 4221/24720] Prism::DumpTest#"test_whitequark/op_asgn_cmd.txt" = 0.52 s
[ 4222/24720] Prism::DumpTest#"test_seattlerb/case_in_hash_pat.txt" = 0.30 s
[ 4223/24720] Prism::DumpTest#"test_unescaping.txt" = 0.18 s
[ 4224/24720] Prism::DumpTest#"test_seattlerb/difficult4__leading_dots2.txt" = 0.09 s
[ 4225/24720] Prism::DumpTest#"test_embdoc_no_newline_at_end.txt" = 0.04 s
[ 4226/24720] Prism::DumpTest#"test_seattlerb/block_call_dot_op2_brace_block.txt" = 0.35 s
[ 4227/24720] Prism::DumpTest#"test_seattlerb/call_args_assoc_trailing_comma.txt" = 0.15 s
[ 4228/24720] Prism::DumpTest#"test_whitequark/array_splat.txt" = 0.45 s
[ 4229/24720] Prism::DumpTest#"test_whitequark/begin_cmdarg.txt" = 0.31 s
[ 4230/24720] Prism::DumpTest#"test_whitequark/pattern_matching_else.txt" = 0.18 s
[ 4231/24720] Prism::DumpTest#"test_seattlerb/const_op_asgn_and2.txt" = 0.09 s
[ 4232/24720] Prism::DumpTest#"test_whitequark/cond_begin_masgn.txt" = 0.32 s
[ 4233/24720] Prism::DumpTest#"test_whitequark/pattern_matching_single_line.txt" = 0.21 s
[ 4234/24720] Prism::DumpTest#"test_seattlerb/regexp_esc_u.txt" = 0.19 s
[ 4235/24720] Prism::DumpTest#"test_seattlerb/case_in_find_array.txt" = 0.21 s
[ 4236/24720] Prism::DumpTest#"test_seattlerb/op_asgn_dot_ident_command_call.txt" = 0.13 s
[ 4237/24720] Prism::DumpTest#"test_whitequark/ruby_bug_12073.txt" = 0.45 s
[ 4238/24720] Prism::DumpTest#"test_single_method_call_with_bang.txt" = 0.07 s
[ 4239/24720] Prism::DumpTest#"test_whitequark/send_binary_op.txt" = 1.96 s
[ 4240/24720] Prism::DumpTest#"test_seattlerb/iter_args_7_1.txt" = 0.27 s
[ 4241/24720] Prism::DumpTest#"test_seattlerb/case_in_hash_pat_paren_true.txt" = 0.22 s
[ 4242/24720] Prism::DumpTest#"test_seattlerb/difficult6__8.txt" = 0.30 s
[ 4243/24720] Prism::DumpTest#"test_whitequark/array_symbols_interp.txt" = 0.28 s
[ 4244/24720] Prism::DumpTest#"test_seattlerb/heredoc_with_extra_carriage_returns.txt" = 0.07 s
[ 4245/24720] Prism::DumpTest#"test_whitequark/ruby_bug_9669.txt" = 0.25 s
[ 4246/24720] Prism::DumpTest#"test_whitequark/asgn_cmd.txt" = 0.30 s
[ 4247/24720] Prism::DumpTest#"test_whitequark/alias.txt" = 0.10 s
[ 4248/24720] Prism::DumpTest#"test_whitequark/case_cond.txt" = 0.16 s
[ 4249/24720] TestZlibInflate#test_inflate_buffer_chunked = 0.24 s
[ 4250/24720] TestZlibInflate#test_multithread_deflate = 31.63 s
[ 4251/24720] TestZlibInflate#test_recursive_inflate = 733.89 s
[ 4252/24720] TestZlibInflate#test_inflate_buffer = 0.01 s
[ 4253/24720] TestZlibInflate#test_add_dictionary = 0.01 s
[ 4254/24720] TestZlibInflate#test_inflate_partial_input = 0.02 s
[ 4255/24720] TestZlibInflate#test_class_inflate_dictionary = 0.01 s
[ 4256/24720] TestZlibInflate#test_inflate_chunked = 0.19 s
[ 4257/24720] TestZlibInflate#test_inflate_buffer_partial_input = 0.02 s
[ 4258/24720] TestZlibInflate#test_initialize = 0.02 s
[ 4259/24720] TestZlibInflate#test_sync = 0.03 s
[ 4260/24720] TestZlibInflate#test_multithread_inflate = 3.03 s
[ 4261/24720] TestZlibInflate#test_finish_chunked = 0.27 s
[ 4262/24720] TestZlibInflate#test_inflate_chunked_break = 0.02 s
[ 4263/24720] TestZlibInflate#test_set_dictionary = 0.01 s
[ 4264/24720] TestZlibInflate#test_recursive_deflate = 416.97 s
[ 4265/24720] TestZlibInflate#test_inflate = 0.01 s
[ 4266/24720] TestZlibInflate#test_inflate_dictionary = 0.01 s
[ 4267/24720] TestRDocMarkupAttributes#test_as_string = 0.04 s
[ 4268/24720] TestRDocMarkupAttributes#test_bitmap_for = 0.03 s
[ 4269/24720] TestRDocMarkupAttributes#test_each_name_of = 0.04 s
[ 4270/24720] OpenSSL::TestConfig#test_s_parse = 0.04 s
[ 4271/24720] OpenSSL::TestConfig#test_sections = 0.04 s
[ 4272/24720] OpenSSL::TestConfig#test_s_load = 0.04 s
[ 4273/24720] OpenSSL::TestConfig#test_initialize_with_empty_file = 0.03 s
[ 4274/24720] OpenSSL::TestConfig#test_s_parse_format = 0.12 s
[ 4275/24720] OpenSSL::TestConfig#test_s_parse_config = 0.03 s
[ 4276/24720] OpenSSL::TestConfig#test_dup = 0.03 s
[ 4277/24720] OpenSSL::TestConfig#test_inspect = 0.03 s
[ 4278/24720] OpenSSL::TestConfig#test_get_value_ENV = 0.03 s
[ 4279/24720] OpenSSL::TestConfig#test_to_s = 0.03 s
[ 4280/24720] OpenSSL::TestConfig#test_initialize = 0.03 s
[ 4281/24720] OpenSSL::TestConfig#test_aref = 0.03 s
[ 4282/24720] OpenSSL::TestConfig#test_initialize_with_example_file = 0.02 s
[ 4283/24720] OpenSSL::TestConfig#test_get_value = 0.03 s
[ 4284/24720] OpenSSL::TestConfig#test_constants = 0.05 s
[ 4285/24720] OpenSSL::TestConfig#test_each = 0.03 s
[ 4286/24720] OpenSSL::TestConfig#test_s_parse_include = 0.08 s
[ 4287/24720] TestForwardable#test_def_instance_delegator_kw = 0.06 s
[ 4288/24720] TestForwardable#test_obj_single_delegate = 0.16 s
[ 4289/24720] TestForwardable#test_aset = 0.03 s
[ 4290/24720] TestForwardable#test_def_instance_delegator = 0.05 s
[ 4291/24720] TestForwardable#test_instance_delegate = 0.16 s
[ 4292/24720] TestForwardable#test_def_instance_delegator_using_args_method_as_receiver = 0.06 s
[ 4293/24720] TestForwardable#test_non_module = 0.03 s
[ 4294/24720] TestForwardable#test_obj_single_delegator = 0.05 s
[ 4295/24720] TestForwardable#test_def_instance_delegator_constant = 0.05 s
[ 4296/24720] TestForwardable#test_def_instance_delegators_using_block_method_as_receiver = 0.09 s
[ 4297/24720] TestForwardable#test_obj_single_delegators = 0.08 s
[ 4298/24720] TestForwardable#test_def_instance_delegators_send_id = 0.02 s
[ 4299/24720] TestForwardable#test_def_instance_delegators_using_args_method_as_receiver = 0.09 s
[ 4300/24720] TestForwardable#test_class_single_delegators = 0.08 s
[ 4301/24720] TestForwardable#test_obj_single_delegators_send_id = 0.02 s
[ 4302/24720] TestForwardable#test_class_single_delegate = 0.16 s
[ 4303/24720] TestForwardable#test_class_single_delegator = 0.05 s
[ 4304/24720] TestForwardable#test_aref = 0.03 s
[ 4305/24720] TestForwardable#test_def_instance_delegators = 0.08 s
[ 4306/24720] TestForwardable#test_uniop = 0.03 s
[ 4307/24720] TestForwardable#test_def_instance_delegate_using_args_method_as_receiver = 0.09 s
[ 4308/24720] TestForwardable#test_def_instance_delegate_using_block_method_as_receiver = 0.09 s
[ 4309/24720] TestForwardable#test_binop = 0.03 s
[ 4310/24720] TestForwardable#test_backtrace_adjustment = 0.05 s
[ 4311/24720] TestForwardable#test_on_private_method = 0.04 s
[ 4312/24720] TestForwardable#test_def_instance_delegator_using_block_method_as_receiver = 0.05 s
[ 4313/24720] TestForwardable#test_basicobject_subclass = 0.02 s
[ 4314/24720] KeyNameCheckTest#test_corrects_hash_key_name_with_fetch = 0.08 s
[ 4315/24720] KeyNameCheckTest#test_corrects_env_key_name = 0.20 s
[ 4316/24720] KeyNameCheckTest#test_correct_symbolized_hash_keys_with_string_value = 0.02 s
[ 4317/24720] KeyNameCheckTest#test_corrects_sprintf_key_name = 0.04 s
[ 4318/24720] KeyNameCheckTest#test_corrects_hash_key_name_with_fetch_values = 0.07 s
[ 4319/24720] TestDigest::TestBase#test_base = 0.02 s
[ 4320/24720] PrettyPrintTest::NonString#test_7 = 0.02 s
[ 4321/24720] PrettyPrintTest::NonString#test_6 = 0.01 s
[ 4322/24720] TestGemConfigFile#test_handle_comment = 0.57 s
[ 4323/24720] TestGemConfigFile#test_load_ssl_ca_cert_from_config = 0.57 s
[ 4324/24720] TestGemConfigFile#test_rubygems_api_key_equals = 0.68 s
[ 4325/24720] TestGemConfigFile#test_handle_arguments_override = 0.65 s
[ 4326/24720] TestGemConfigFile#test_handle_arguments = 0.55 s
[ 4327/24720] TestGemConfigFile#test_dump_with_rubygems_yaml = 0.54 s
[ 4328/24720] TestGemConfigFile#test_write = 0.71 s
[ 4329/24720] TestGemConfigFile#test_handle_arguments_debug = 0.77 s
[ 4330/24720] TestGemConfigFile#test_initialize_platform_override = 0.65 s
[ 4331/24720] TestGemConfigFile#test_initialize_operating_system_override = 0.55 s
[ 4332/24720] TestGemConfigFile#test_disable_default_gem_server = 0.56 s
[ 4333/24720] TestGemConfigFile#test_rubygems_api_key_equals_bad_permission = 0.69 s
[ 4334/24720] TestGemConfigFile#test_load_ssl_client_cert_from_config = 0.65 s
[ 4335/24720] TestGemConfigFile#test_initialize_handle_arguments_config_file_with_other_params = 0.5
5 s
[ 4336/24720] TestGemConfigFile#test_load_install_extension_in_lib_from_config = 0.56 s
[ 4337/24720] TestGemConfigFile#test_accept_string_key = 0.56 s
[ 4338/24720] TestGemConfigFile#test_handle_arguments_norc = 0.57 s
[ 4339/24720] TestGemConfigFile#test_set_config_file_name_from_environment_variable = 0.55 s
[ 4340/24720] TestGemConfigFile#test_check_credentials_permissions = 0.67 s
[ 4341/24720] TestGemConfigFile#test_initialize_system_wide_override = 0.66 s
[ 4342/24720] TestGemConfigFile#test_s3_source = 0.61 s
[ 4343/24720] TestGemConfigFile#test_initialize_handle_arguments_config_file = 0.55 s
[ 4344/24720] TestGemConfigFile#test_load_api_keys = 0.58 s
[ 4345/24720] TestGemConfigFile#test_initialize = 0.63 s
[ 4346/24720] TestGemConfigFile#test_api_keys = 0.57 s
[ 4347/24720] TestGemConfigFile#test_write_from_hash = 0.78 s
[ 4348/24720] TestGemConfigFile#test_load_ssl_verify_mode_from_config = 0.65 s
[ 4349/24720] TestGemConfigFile#test_load_with_rubygems_config_hash = 0.56 s
[ 4350/24720] TestGemConfigFile#test_handle_arguments_backtrace = 0.57 s
[ 4351/24720] TestGemConfigFile#test_load_api_keys_bad_permission = 0.68 s
[ 4352/24720] TestGemConfigFile#test_ignore_invalid_config_file = 0.65 s
[ 4353/24720] TestGemConfigFile#test_handle_arguments_traceback = 0.57 s
[ 4354/24720] TestGemConfigFile#test_initialize_ipv4_fallback_enabled_env = 0.56 s
[ 4355/24720] TestGemConfigFile#test_initialize_environment_variable_override = 0.62 s
[ 4356/24720] TestGemConfigFile#test_s3_source_with_config_without_lookahead = 0.58 s
[ 4357/24720] TestGemConfigFile#test_initialize_handle_arguments_config_file_equals = 0.56 s
[ 4358/24720] TestGemConfigFile#test_really_verbose = 0.55 s
[ 4359/24720] Reline::TestKey#test_match_symbol = 0.02 s
[ 4360/24720] TestOptionParserDidYouMean#test_regexp = 0.04 s
[ 4361/24720] TestOptionParserDidYouMean#test_order = 0.08 s
[ 4362/24720] TestOptionParserDidYouMean#test_no_suggestion = 0.13 s
[ 4363/24720] TestOptionParserDidYouMean#test_nonopt_pattern = 0.08 s
[ 4364/24720] TestOptionParserDidYouMean#test_into = 0.18 s
[ 4365/24720] TestOptionParserDidYouMean#test_exact_option = 0.48 s
[ 4366/24720] TestOptionParserDidYouMean#test_require_exact = 0.47 s
[ 4367/24720] TestOptionParserDidYouMean#test_permute = 0.10 s
[ 4368/24720] TestOptionParserDidYouMean#test_ambiguous = 0.14 s
[ 4369/24720] TestOptionParserDidYouMean#test_raise_unknown = 0.15 s
[ 4370/24720] TestOptionParserDidYouMean#test_help_pager = 13.52 s
[ 4371/24720] TestOptionParserDidYouMean#test_plain = 0.18 s
[ 4372/24720] TestMethod#test_super_method_removed_regular = 0.03 s
[ 4373/24720] TestMethod#test_define_method_no_proc = 0.02 s
[ 4374/24720] TestMethod#test_method_list = 116.31 s
[ 4375/24720] TestMethod#test_method_in_method_visibility_should_be_public = 0.09 s
[ 4376/24720] TestMethod#test_singleton_method_included_or_prepended_bug_20620 = 0.04 s
[ 4377/24720] TestMethod#test_hash = 0.02 s
[ 4378/24720] TestMethod#test_define_singleton_method_with_extended_method = 0.01 s
[ 4379/24720] TestMethod#test_compose_with_callable = 0.01 s
[ 4380/24720] TestMethod#test_instance_methods_owner_consistency = 0.01 s
[ 4381/24720] TestMethod#test_define_method_visibility = 0.03 s
[ 4382/24720] TestMethod#test_zsuper_private_override_instance_method = 9.66 s
[ 4383/24720] TestMethod#test_callee = 0.07 s
[ 4384/24720] TestMethod#test_hash_does_not_change_after_compaction = 12.45 s
[ 4385/24720] TestMethod#test_default_accessibility = 0.04 s
[ 4386/24720] TestMethod#test_splat_long_array = 238.94 s
[ 4387/24720] TestMethod#test_alias_owner = 0.23 s
[ 4388/24720] TestMethod#test_define_singleton_method_no_proc = 0.02 s
[ 4389/24720] TestMethod#test_define_method = 0.12 s
[ 4390/24720] TestMethod#test_compose_with_noncallable = 0.02 s
[ 4391/24720] TestMethod#test_unbound_parameters = 0.05 s
[ 4392/24720] TestMethod#test_define_method_transplating = 0.01 s
[ 4393/24720] TestMethod#test_super_method_alias_to_prepended_module = 0.09 s
[ 4394/24720] TestMethod#test_super_in_proc_from_define_method = 0.01 s
[ 4395/24720] TestMethod#test_bmethod_bound_parameters = 0.04 s
[ 4396/24720] TestMethod#test_super_method_after_bind = 0.08 s
[ 4397/24720] TestMethod#test_override_optimized_method_on_class_using_prepend = 10.00 s
[ 4398/24720] TestMethod#test_super_method_with_prepended_module = 0.03 s
[ 4399/24720] TestMethod#test_unbound_method_proc_coerce = 0.02 s
[ 4400/24720] TestMethod#test_clone_under_gc_compact_stress = 2109.11 s
[ 4401/24720] TestMethod#test_respond_to_missing_argument = 0.02 s
[ 4402/24720] TestMethod#test_visibility = 0.04 s
[ 4403/24720] TestMethod#test_singleton_method_prepend = 0.01 s
[ 4404/24720] TestMethod#test_invalidating_CC_ASAN = 7.67 s
[ 4405/24720] TestMethod#test_compose_with_method = 0.02 s
[ 4406/24720] TestMethod#test___dir__ = 0.03 s
[ 4407/24720] TestMethod#test_hidden_parameters = 0.14 s
[ 4408/24720] TestMethod#test_eq = 0.02 s
[ 4409/24720] TestMethod#test_curry_from_proc_var_args = 0.02 s
[ 4410/24720] TestMethod#test_orphan_callee = 0.01 s
[ 4411/24720] TestMethod#test_super_method_module = 0.03 s
[ 4412/24720] TestMethod#test_inspect = 0.06 s
[ 4413/24720] TestMethod#test_instance_method = 0.05 s
[ 4414/24720] TestMethod#test_singleton_method = 0.02 s
[ 4415/24720] TestMethod#test_warn_unused_block = 12.37 s
[ 4416/24720] TestMethod#test_to_proc_binding = 0.04 s
[ 4417/24720] TestMethod#test_argument_error_location = 17.85 s
[ 4418/24720] TestMethod#test_method_parameters_inspect = 0.08 s
[ 4419/24720] TestMethod#test_method_in_define_method_block = 0.02 s
[ 4420/24720] TestMethod#test_define_method_with_symbol = 7.45 s
[ 4421/24720] TestMethod#test_included = 0.01 s
[ 4422/24720] TestMethod#test_super_method_module_alias = 0.01 s
[ 4423/24720] TestMethod#test_super_with_splat = 0.04 s
[ 4424/24720] TestMethod#test_body = 0.02 s
[ 4425/24720] TestMethod#test_caller_negative_level = 0.01 s
[ 4426/24720] TestMethod#test_curry_method = 0.03 s
[ 4427/24720] TestMethod#test_public_methods_with_extended = 0.01 s
[ 4428/24720] TestMethod#test_singleton_define_method_in_private_scope = 0.02 s
[ 4429/24720] TestMethod#test_attrset_ivar = 0.02 s
[ 4430/24720] TestMethod#test_curry_var_args = 0.02 s
[ 4431/24720] TestMethod#test_define_singleton_method_public = 0.01 s
[ 4432/24720] TestMethod#test_bmethod_unbound_parameters = 0.04 s
[ 4433/24720] TestMethod#test_eqq = 0.02 s
[ 4434/24720] TestMethod#test_define_singleton_method = 0.01 s
[ 4435/24720] TestMethod#test_bind_module_instance_method = 0.01 s
[ 4436/24720] TestMethod#test_zsuper_method_redefined_bind_call = 0.03 s
[ 4437/24720] TestMethod#test_method_in_block_in_define_method_block = 0.01 s
[ 4438/24720] TestMethod#test_super_method_unbound = 0.02 s
[ 4439/24720] TestMethod#test_unbind = 0.02 s
[ 4440/24720] TestMethod#test_clone = 0.02 s
[ 4441/24720] TestMethod#test_zsuper_method_removed_higher_method = 0.03 s
[ 4442/24720] TestMethod#test_arity_special = 0.01 s
[ 4443/24720] TestMethod#test_owner = 0.01 s
[ 4444/24720] TestMethod#test_prepended = 0.02 s
[ 4445/24720] TestMethod#test_new = 0.02 s
[ 4446/24720] TestMethod#test_umethod_bind_call = 0.01 s
[ 4447/24720] TestMethod#test_define_method_in_private_scope = 0.02 s
[ 4448/24720] TestMethod#test_unbound_method_parameters_inspect = 0.10 s
[ 4449/24720] TestMethod#test_super_method = 0.01 s
[ 4450/24720] TestMethod#test_super_method_removed_public = 0.02 s
[ 4451/24720] TestMethod#test_super_method_alias = 0.02 s
[ 4452/24720] TestMethod#test_public_method_with_zsuper_method = 0.02 s
[ 4453/24720] TestMethod#test_caller_top_level = 2.39 s
[ 4454/24720] TestMethod#test_callee_top_level = 2.38 s
[ 4455/24720] TestMethod#test_prepended_public_zsuper = 0.03 s
[ 4456/24720] TestMethod#test_super_method_bind_unbind_clone = 0.02 s
[ 4457/24720] TestMethod#test_compose_with_proc = 0.01 s
[ 4458/24720] TestMethod#test_gced_bmethod = 22.98 s
[ 4459/24720] TestMethod#test_curry_from_proc = 0.04 s
[ 4460/24720] TestMethod#test_owner_missing = 0.02 s
[ 4461/24720] TestMethod#test_bound_method_entry = 23.28 s
[ 4462/24720] TestMethod#test_arity = 0.03 s
[ 4463/24720] TestMethod#test_zsuper_method_removed = 0.04 s
[ 4464/24720] TestMethod#test_define_method_invalid_arg = 0.03 s
[ 4465/24720] TestMethod#test_bound_parameters = 0.05 s
[ 4466/24720] TestMethod#test_receiver_name_owner = 0.02 s
[ 4467/24720] TestSocket#test_socket_new_cloexec = 0.02 s
[ 4468/24720] TestSocket#test_tcp_socket_all_hostname_resolution_failed = 10.54 s
[ 4469/24720] TestSocket#test_socket_new = 0.02 s
[ 4470/24720] TestSocket#test_tcp_socket_resolv_timeout_with_connection_failure = 9.88 s
[ 4471/24720] TestSocket#test_connect_timeout = 0.11 s
[ 4472/24720] TestSocket#test_sysaccept = 0.02 s
[ 4473/24720] TestSocket#test_unpack_sockaddr = 0.03 s
[ 4474/24720] TestSocket#test_bintime = 0.08 s
[ 4475/24720] TestSocket#test_tcp_server_sockets = 0.03 s
[ 4476/24720] TestSocket#test_udp_recv_truncation = 0.03 s
[ 4477/24720] TestSocket#test_tcp = 0.05 s
[ 4478/24720] TestSocket#test_getifaddrs = 0.02 s
[ 4479/24720] TestSocket#test_ip_address_list = 0.02 s
[ 4480/24720] TestSocket#test_ip_address_list_include_localhost = 0.04 s
[ 4481/24720] TestSocket#test_bind = 0.03 s
[ 4482/24720] TestSocket#test_getaddrinfo_raises_no_errors_on_port_argument_of_0 = 0.05 s
[ 4483/24720] TestSocket#test_bind_in_rescue = 0.02 s
[ 4484/24720] TestSocket#test_udp_server_sockets_in_rescue = 0.05 s
[ 4485/24720] TestSocket#test_accept_loop_with_unix = 0.12 s
[ 4486/24720] TestSocket#test_tcp_fast_fallback = 9.48 s
[ 4487/24720] TestSocket#test_connect_in_rescue = 0.06 s
[ 4488/24720] TestSocket#test_listen_in_rescue = 0.02 s
[ 4489/24720] TestSocket#test_getaddrinfo = 0.02 s
[ 4490/24720] TestSocket#test_timestamp = 0.06 s
[ 4491/24720] TestSocket#test_tcp_socket_v4_hostname_resolved_earlier = 9.61 s
[ 4492/24720] TestSocket#test_udp_server = 0.35 s
[ 4493/24720] TestSocket#test_recvmsg_udp_no_arg = 0.03 s
[ 4494/24720] TestSocket#test_tcp_socket_v6_hostname_resolved_earlier = 9.72 s
[ 4495/24720] TestSocket#test_linger = 0.13 s
[ 4496/24720] TestSocket#test_tcp_socket_v6_hostname_resolved_in_resolution_delay = 9.63 s
[ 4497/24720] TestSocket#test_tcp_server_sockets_port0 = 0.04 s
[ 4498/24720] TestSocket#test_tcp_socket_resolv_timeout = 9.69 s
[ 4499/24720] TestSocket#test_tcp_socket_v6_hostname_resolved_earlier_and_v6_server_is_not_listening
 = 9.87 s
[ 4500/24720] TestSocket#test_unix_server_socket = 0.07 s
[ 4501/24720] TestSocket#test_timestampns = 0.01 s
[ 4502/24720] TestSocket#test_initialize = 0.05 s
[ 4503/24720] TestSocket#test_udp_read_truncation = 0.03 s
[ 4504/24720] TestSocket#test_tcp_socket_fast_fallback_is_false = 0.03 s
[ 4505/24720] TestSocket#test_tcp_server_sockets_in_rescue = 0.03 s
[ 4506/24720] TestSocket#test_getnameinfo = 0.16 s
[ 4507/24720] TestSocket#test_tcp_socket_v6_address_passed = 9.72 s
[ 4508/24720] TestSocket#test_tcp_socket_one_hostname_resolution_succeeded_at_least = 9.70 s
[ 4509/24720] TestSocket#test_tcp_cloexec = 0.04 s
[ 4510/24720] TestSocket#test_udp_recvmsg_truncation = 0.04 s
[ 4511/24720] TestSocket#test_accept_loop_multi_port = 0.20 s
[ 4512/24720] TestSocket#test_resolurion_error_error_code = 0.02 s
[ 4513/24720] TestSocket#test_unix = 0.04 s
[ 4514/24720] TestSocket#test_accept_loop = 0.21 s
[ 4515/24720] RDoc::Markup::PreProcessTest#test_handle_directive_nodoc_all = 0.08 s
[ 4516/24720] RDoc::Markup::PreProcessTest#test_handle_comment = 0.12 s
[ 4517/24720] RDoc::Markup::PreProcessTest#test_handle_unregistered = 0.05 s
[ 4518/24720] RDoc::Markup::PreProcessTest#test_handle_directive_registered = 0.04 s
[ 4519/24720] RDoc::Markup::PreProcessTest#test_handle_directive_registered_block = 0.04 s
[ 4520/24720] RDoc::Markup::PreProcessTest#test_handle_directive_args = 0.04 s
[ 4521/24720] RDoc::Markup::PreProcessTest#test_handle_directive_stopdoc = 0.04 s
[ 4522/24720] RDoc::Markup::PreProcessTest#test_handle_directive_yield_no_context = 0.04 s
[ 4523/24720] RDoc::Markup::PreProcessTest#test_handle_directive_yield = 0.04 s
[ 4524/24720] RDoc::Markup::PreProcessTest#test_handle_directive_arg = 0.04 s
[ 4525/24720] RDoc::Markup::PreProcessTest#test_handle_directive_main = 0.10 s
[ 4526/24720] RDoc::Markup::PreProcessTest#test_handle_directive_enddoc = 0.04 s
[ 4527/24720] RDoc::Markup::PreProcessTest#test_include_file_encoding_incompatible = 0.09 s
[ 4528/24720] RDoc::Markup::PreProcessTest#test_handle_directive_arg_no_context = 0.04 s
[ 4529/24720] RDoc::Markup::PreProcessTest#test_handle_directive_yield_block_param = 0.04 s
[ 4530/24720] RDoc::Markup::PreProcessTest#test_handle_directive_block_nil = 0.04 s
[ 4531/24720] RDoc::Markup::PreProcessTest#test_handle_directive_nodoc = 0.04 s
[ 4532/24720] RDoc::Markup::PreProcessTest#test_handle_directive_category = 0.05 s
[ 4533/24720] RDoc::Markup::PreProcessTest#test_handle_directive_unhandled_block = 0.04 s
[ 4534/24720] RDoc::Markup::PreProcessTest#test_handle_directive_block_false = 0.04 s
[ 4535/24720] RDoc::Markup::PreProcessTest#test_handle_directive_block = 0.04 s
[ 4536/24720] RDoc::Markup::PreProcessTest#test_handle_directive_notnew = 0.04 s
[ 4537/24720] RDoc::Markup::PreProcessTest#test_handle_directive_doc_no_context = 0.04 s
[ 4538/24720] RDoc::Markup::PreProcessTest#test_class_post_process = 0.04 s
[ 4539/24720] RDoc::Markup::PreProcessTest#test_handle_directive_include = 0.05 s
[ 4540/24720] RDoc::Markup::PreProcessTest#test_handle_directive_blankline = 0.04 s
[ 4541/24720] RDoc::Markup::PreProcessTest#test_handle_directive_startdoc = 0.04 s
[ 4542/24720] RDoc::Markup::PreProcessTest#test_handle_directive_unhandled = 0.04 s
[ 4543/24720] RDoc::Markup::PreProcessTest#test_include_file_in_other_directory = 0.10 s
[ 4544/24720] RDoc::Markup::PreProcessTest#test_class_register = 0.04 s
[ 4545/24720] RDoc::Markup::PreProcessTest#test_handle_directive_nodoc_no_context = 0.04 s
[ 4546/24720] RDoc::Markup::PreProcessTest#test_handle_post_process = 0.04 s
[ 4547/24720] RDoc::Markup::PreProcessTest#test_include_file = 0.05 s
[ 4548/24720] RDoc::Markup::PreProcessTest#test_handle_directive_not_new = 0.04 s
[ 4549/24720] RDoc::Markup::PreProcessTest#test_handle_directive_not_dash_new = 0.04 s
[ 4550/24720] RDoc::Markup::PreProcessTest#test_handle_directive_doc = 0.04 s
[ 4551/24720] RDoc::Markup::PreProcessTest#test_handle_markup_empty = 0.04 s
[ 4552/24720] RDoc::Markup::PreProcessTest#test_handle_markup = 0.04 s
[ 4553/24720] RDoc::Markup::PreProcessTest#test_handle = 0.09 s
[ 4554/24720] RDoc::Markup::PreProcessTest#test_handle_directive_registered_code_object = 0.04 s
[ 4555/24720] RDoc::Markup::PreProcessTest#test_handle_directive_downcase = 0.04 s
[ 4556/24720] RDoc::Markup::PreProcessTest#test_handle_directive_yields = 0.04 s
[ 4557/24720] RDoc::Markup::PreProcessTest#test_handle_directive_title = 0.09 s
[ 4558/24720] TestPipe#test_eof_1 = 0.06 s
[ 4559/24720] TestPipe#test_eof_3 = 0.01 s
[ 4560/24720] TestPipe#test_eof_2 = 0.01 s
[ 4561/24720] TestPipe#test_eof_0 = 0.03 s
[ 4562/24720] TestPipe#test_stdout_epipe = 9.14 s
[ 4563/24720] TestPipe#test_eof_0_rw = 0.01 s
[ 4564/24720] TestFiber#test_term = 0.04 s
[ 4565/24720] TestFiber#test_gc_root_fiber = 17.60 s
[ 4566/24720] TestFiber#test_prohibit_resume_to_transferring_fiber = 0.03 s
[ 4567/24720] TestFiber#test_argument = 0.01 s
[ 4568/24720] TestFiber#test_exit_in_fiber = 0.03 s
[ 4569/24720] TestFiber#test_new_symbol_proc = 7.51 s
[ 4570/24720] TestFiber#test_fiber_variables = 0.03 s
[ 4571/24720] TestFiber#test_prohibit_transfer_to_yielding_fiber = 0.02 s
[ 4572/24720] TestFiber#test_fiber_transfer_segv = 15.08 s
[ 4573/24720] TestFiber#test_terminate_transferred_fiber = 0.02 s
[ 4574/24720] TestFiber#test_tls = 0.03 s
[ 4575/24720] TestFiber#test_mark_fiber = 27.68 s
[ 4576/24720] TestFiber#test_resume_root_fiber = 0.03 s
[ 4577/24720] TestFiber#test_create_fiber_in_new_thread = 0.04 s
[ 4578/24720] TestFiber#test_throw = 0.03 s
[ 4579/24720] TestFiber#test_normal = 0.02 s
[ 4580/24720] TestFiber#test_raise_transferring_fiber = 0.02 s
[ 4581/24720] TestFiber#test_to_s = 0.03 s
[ 4582/24720] TestFiber#test_many_fibers = 21.37 s
[ 4583/24720] TestFiber#test_machine_stack_gc = 12.90 s
[ 4584/24720] TestFiber#test_fatal_in_fiber = 2.42 s
[ 4585/24720] TestFiber#test_fork_from_fiber = 9.96 s
[ 4586/24720] TestFiber#test_separate_lastline = 0.01 s
[ 4587/24720] TestFiber#test_many_fibers_with_threads = 112.44 s
[ 4588/24720] TestFiber#test_resume_self = 0.02 s
[ 4589/24720] TestFiber#test_return = 0.02 s
[ 4590/24720] TestFiber#test_prohibit_transfer_to_resuming_fiber = 0.03 s
[ 4591/24720] TestFiber#test_alive = 0.01 s
[ 4592/24720] TestFiber#test_no_valid_cfp = 0.02 s
[ 4593/24720] TestFiber#test_error = 0.09 s
[ 4594/24720] TestFiber#test_transfer = 0.01 s
[ 4595/24720] TestFiber#test_separate_lastmatch = 0.02 s
[ 4596/24720] TestFiber#test_raise = 0.03 s
[ 4597/24720] TestShellwords#test_unmatched_quotes = 0.02 s
[ 4598/24720] TestShellwords#test_nul_char = 0.02 s
[ 4599/24720] TestShellwords#test_unmatched_double_quote = 0.01 s
[ 4600/24720] TestShellwords#test_whitespace = 0.08 s
[ 4601/24720] TestShellwords#test_stringification = 0.01 s
[ 4602/24720] TestShellwords#test_backslashes = 0.06 s
[ 4603/24720] TestShellwords#test_shellwords = 0.02 s
[ 4604/24720] TestShellwords#test_shellescape = 0.01 s
[ 4605/24720] TestShellwords#test_frozenness = 0.03 s
[ 4606/24720] TestShellwords#test_multibyte_characters = 0.01 s
[ 4607/24720] TestShellwords#test_unmatched_single_quote = 0.01 s
[ 4608/24720] TestSetTraceFunc#test_break_with_rescue = 10.20 s
[ 4609/24720] TestSetTraceFunc#test_non_local_return_across_multiple_define_methods = 1.01 s
[ 4610/24720] TestSetTraceFunc#test_disable_local_tracepoint_in_trace = 15.53 s
[ 4611/24720] TestSetTraceFunc#test_rescue_and_ensure_should_not_cause_b_return = 10.33 s
[ 4612/24720] TestSetTraceFunc#test_thread_add_trace_func = 2.02 s
[ 4613/24720] TestSetTraceFunc#test_no_duplicate_line_events = 0.01 s
[ 4614/24720] TestSetTraceFunc#test_tracepoint_opt_invokebuiltin_delegate_leave = 15.14 s
[ 4615/24720] TestSetTraceFunc#test_invalid_proc = 0.01 s
[ 4616/24720] TestSetTraceFunc#test_recursive = 2.43 s
[ 4617/24720] TestSetTraceFunc#test_tracepoint_enabled = 3.02 s
[ 4618/24720] TestSetTraceFunc#test_aliased_c_method = 1.06 s
[ 4619/24720] TestSetTraceFunc#test_return_event_with_rescue = 0.98 s
[ 4620/24720] TestSetTraceFunc#test_raising_from_b_return_tp_tracing_bmethod = 14.99 s
[ 4621/24720] TestSetTraceFunc#test_allow_reentry = 0.02 s
[ 4622/24720] TestSetTraceFunc#test_b_tracepoints_going_away = 0.02 s
[ 4623/24720] TestSetTraceFunc#test_tracepoint_struct = 1.19 s
[ 4624/24720] TestSetTraceFunc#test_multiple_tracepoints_same_bmethod = 0.01 s
[ 4625/24720] TestSetTraceFunc#test_thread_trace = 1.82 s
[ 4626/24720] TestSetTraceFunc#test_c_return_no_binding = 0.98 s
[ 4627/24720] TestSetTraceFunc#test_raise_in_trace = 1.09 s
[ 4628/24720] TestSetTraceFunc#test_tracepoint_enable_with_target_line_two_times = 0.01 s
[ 4629/24720] TestSetTraceFunc#test_tracepoint_object_id = 9.99 s
[ 4630/24720] TestSetTraceFunc#test_target_different_bmethod_same_iseq = 0.04 s
[ 4631/24720] TestSetTraceFunc#test_multiple_enable = 0.98 s
[ 4632/24720] TestSetTraceFunc#test_tp_rescue_event = 0.02 s
[ 4633/24720] TestSetTraceFunc#test_script_compiled = 0.05 s
[ 4634/24720] TestSetTraceFunc#test_tracepoint_exception_at_line = 0.01 s
[ 4635/24720] TestSetTraceFunc#test_return_value_with_rescue_and_defined_methods = 4.88 s
[ 4636/24720] TestSetTraceFunc#test_tracepoint_disable = 2.91 s
[ 4637/24720] TestSetTraceFunc#test_return2 = 1.00 s
[ 4638/24720] TestSetTraceFunc#test_c_call_removed_method = 0.98 s
[ 4639/24720] TestSetTraceFunc#test_define_method_on_return = 3.92 s
[ 4640/24720] TestSetTraceFunc#test_class = 1.01 s
[ 4641/24720] TestSetTraceFunc#test_tracepoint_enable_target = 0.08 s
[ 4642/24720] TestSetTraceFunc#test_aliased_ruby_method = 0.98 s
[ 4643/24720] TestSetTraceFunc#test_tp_rescue = 0.01 s
[ 4644/24720] TestSetTraceFunc#test_single_raise_inside_load = 0.05 s
[ 4645/24720] TestSetTraceFunc#test_break = 1.00 s
[ 4646/24720] TestSetTraceFunc#test_set_trace_func_curry_argument_error = 1.00 s
[ 4647/24720] TestSetTraceFunc#test_tracepoint_thread_end_with_exception = 0.02 s
[ 4648/24720] TestSetTraceFunc#test_tracepoint_return_value = 0.98 s
[ 4649/24720] TestSetTraceFunc#test_return_value_with_rescue = 2.92 s
[ 4650/24720] TestSetTraceFunc#test_c_call = 0.99 s
[ 4651/24720] TestSetTraceFunc#test_argument_error_on_bmethod = 1.01 s
[ 4652/24720] TestSetTraceFunc#test_tracepoint_inspect = 1.10 s
[ 4653/24720] TestSetTraceFunc#test_define_method_on_exception = 1.95 s
[ 4654/24720] TestSetTraceFunc#test_fiber_switch = 0.07 s
[ 4655/24720] TestSetTraceFunc#test_tracepoint_parameters = 1.02 s
[ 4656/24720] TestSetTraceFunc#test_trace_point_binding_in_ifunc = 8.65 s
[ 4657/24720] TestSetTraceFunc#test_tracepoint_b_return_with_next = 0.01 s
[ 4658/24720] TestSetTraceFunc#test_tracepoint_block = 1.00 s
[ 4659/24720] TestSetTraceFunc#test_trace_point_at_return_when_exception = 1.97 s
[ 4660/24720] TestSetTraceFunc#test_tracepoint_thread = 0.03 s
[ 4661/24720] TestSetTraceFunc#test_tracepoint = 5.67 s
[ 4662/24720] TestSetTraceFunc#test_tracepoint_access_from_outside = 1.00 s
[ 4663/24720] TestSetTraceFunc#test_tracepoint_thread_end = 0.02 s
[ 4664/24720] TestSetTraceFunc#test_trace_defined_method = 1.00 s
[ 4665/24720] TestSetTraceFunc#test_stat_exists = 0.01 s
[ 4666/24720] TestSetTraceFunc#test_lineno_in_optimized_insn = 8.88 s
[ 4667/24720] TestSetTraceFunc#test_tracepoint_raised_exception = 1.10 s
[ 4668/24720] TestSetTraceFunc#test_tracepoint_exception_at_return = 7.66 s
[ 4669/24720] TestSetTraceFunc#test_tracepoint_thread_begin = 0.03 s
[ 4670/24720] TestSetTraceFunc#test_c_call_aliased_method = 1.14 s
[ 4671/24720] TestSetTraceFunc#test_trace_point_raising_exception_in_bmethod_call = 7.69 s
[ 4672/24720] TestSetTraceFunc#test_a_return = 1.15 s
[ 4673/24720] TestSetTraceFunc#test_rb_rescue = 1.01 s
[ 4674/24720] TestSetTraceFunc#test_tracepoint_attr = 1.01 s
[ 4675/24720] TestSetTraceFunc#test_tracepoint_nested_enabled_with_target = 0.04 s
[ 4676/24720] TestSetTraceFunc#test_return = 1.02 s
[ 4677/24720] TestSetTraceFunc#test_trace_point_binding_after_break = 2.31 s
[ 4678/24720] TestSetTraceFunc#test_throwing_return_with_finish_frame = 1.09 s
[ 4679/24720] TestSetTraceFunc#test_tracepoint_callee_id = 8.83 s
[ 4680/24720] TestSetTraceFunc#test_tracepoint_enable = 2.92 s
[ 4681/24720] TestSetTraceFunc#test_set_trace_func = 1.51 s
[ 4682/24720] TestSetTraceFunc#test_remove_in_trace = 0.97 s
[ 4683/24720] TestSetTraceFunc#test_trace_point_require_block = 0.01 s
[ 4684/24720] TestSetTraceFunc#test_tracepoint_exception_at_c_return = 7.67 s
[ 4685/24720] TestSetTraceFunc#test_tracepoint_enable_with_target_line = 0.02 s
[ 4686/24720] TestSetTraceFunc#test_a_call = 1.14 s
[ 4687/24720] TestSetTraceFunc#test_c_call_no_binding = 0.98 s
[ 4688/24720] TestSetTraceFunc#test_isolated_raise_in_trace = 2.43 s
[ 4689/24720] TestSetTraceFunc#test_call = 1.18 s
[ 4690/24720] TestSetTraceFunc#test_b_call_with_redo = 1.05 s
[ 4691/24720] TestSetTraceFunc#test_tracepoint_with_multithreads = 1.77 s
[ 4692/24720] TestSetTraceFunc#test_enable_target_thread = 0.03 s
[ 4693/24720] TestSetTraceFunc#test_const_missing = 11.30 s
[ 4694/24720] TestSetTraceFunc#test_return_bmethod_location = 1.00 s
[ 4695/24720] TestSetTraceFunc#test_raise = 1.02 s
[ 4696/24720] TestSetTraceFunc#test_method_missing = 0.98 s
[ 4697/24720] TestSetTraceFunc#test_while_in_while = 0.01 s
[ 4698/24720] TestSetTraceFunc#test_tracepoint_b_return_with_lambda = 0.01 s
[ 4699/24720] TestSetTraceFunc#test_elsif_line_event = 0.01 s
[ 4700/24720] TestGemCommandsHelpCommand#test_gem_help_gem_dependencies = 0.56 s
[ 4701/24720] TestGemCommandsHelpCommand#test_gem_help_commands_omits_deprecated_commands = 1.33 s
[ 4702/24720] TestGemCommandsHelpCommand#test_gem_help_platforms = 0.57 s
[ 4703/24720] TestGemCommandsHelpCommand#test_gem_help_commands = 0.83 s
[ 4704/24720] TestGemCommandsHelpCommand#test_gem_help_bad = 0.59 s
[ 4705/24720] TestGemCommandsHelpCommand#test_gem_help_build = 0.96 s
[ 4706/24720] TestGemCommandsHelpCommand#test_gem_no_args_shows_help = 0.50 s
[ 4707/24720] TestStringScannerRactor#test_ractor = 2.69 s
[ 4708/24720] TestGemCommandsRebuildCommand#test_build_is_reproducible = 0.99 s
[ 4709/24720] TestGem#test_self_bin_path_bin_name = 0.95 s
[ 4710/24720] TestGem#test_self_ruby_version_with_git_prerelease = 0.60 s
[ 4711/24720] TestGem#test_data_home_default = 0.50 s
[ 4712/24720] TestGem#test_register_default_spec = 1.09 s
[ 4713/24720] TestGem#test_self_user_home = 0.50 s
[ 4714/24720] TestGem#test_self_clear_paths = 0.53 s
[ 4715/24720] TestGem#test_self_platforms = 0.50 s
[ 4716/24720] TestGem#test_self_ruby_version_with_svn_trunk = 0.51 s
[ 4717/24720] TestGem#test_self_path_default = 0.52 s
[ 4718/24720] TestGem#test_activate_bin_path_in_debug_mode = 8.53 s
[ 4719/24720] TestGem#test_self_loaded_specs = 0.93 s
[ 4720/24720] TestGem#test_self_configuration = 0.60 s
[ 4721/24720] TestGem#test_self_ensure_gem_directories_missing_parents = 0.72 s
[ 4722/24720] TestGem#test_self_extension_dir_static = 0.58 s
[ 4723/24720] TestGem#test_self_ensure_gem_directories = 0.69 s
[ 4724/24720] TestGem#test_self_path_ENV_PATH = 0.59 s
[ 4725/24720] TestGem#test_self_bin_path_not_found = 0.51 s
[ 4726/24720] TestGem#test_self_latest_spec_for = 1.29 s
[ 4727/24720] TestGem#test_self_ruby_version_with_non_mri_implementations = 0.60 s
[ 4728/24720] TestGem#test_activate_bin_path_raises_a_meaningful_error_if_a_gem_thats_finally_activa
ted_has_orphaned_dependencies = 1.81 s
[ 4729/24720] TestGem#test_self_gunzip = 0.76 s
[ 4730/24720] TestGem#test_self_install = 0.98 s
[ 4731/24720] TestGem#test_setting_paths_does_not_mutate_parameter_object = 0.59 s
[ 4732/24720] TestGem#test_self_path_overlap = 0.52 s
[ 4733/24720] TestGem#test_self_refresh = 1.57 s
[ 4734/24720] TestGem#test_self_refresh_keeps_loaded_specs_activated = 1.65 s
[ 4735/24720] TestGem#test_self_bin_path_picking_newest = 1.08 s
[ 4736/24720] TestGem#test_self_ensure_gem_directories_safe_permissions = 0.75 s
[ 4737/24720] TestGem#test_try_activate_returns_true_for_activated_specs = 0.86 s
[ 4738/24720] TestGem#test_default_path_user_home = 0.58 s
[ 4739/24720] TestGem#test_self_post_uninstall = 0.50 s
[ 4740/24720] TestGem#test_register_default_spec_old_style_with_folder_starting_with_lib = 0.92 s
[ 4741/24720] TestGem#test_state_home_default = 0.50 s
[ 4742/24720] TestGem#test_self_latest_version_for_multiple_sources = 1.47 s
[ 4743/24720] TestGem#test_self_bin_path_bin_file_gone_in_latest = 1.07 s
[ 4744/24720] TestGem#test_load_env_plugins = 1.68 s
[ 4745/24720] TestGem#test_self_needs = 1.34 s
[ 4746/24720] TestGem#test_self_use_paths = 0.61 s
[ 4747/24720] TestGem#test_default_path_missing_vendor = 0.50 s
[ 4748/24720] TestGem#test_activate_bin_path_resolves_eagerly = 2.28 s
[ 4749/24720] TestGem#test_data_home_from_env = 0.58 s
[ 4750/24720] TestGem#test_self_try_activate_missing_dep = 1.10 s
[ 4751/24720] TestGem#test_self_pre_install = 0.58 s
[ 4752/24720] TestGem#test_self_default_sources = 0.50 s
[ 4753/24720] TestGem#test_self_ruby_escaping_spaces_in_path = 0.50 s
[ 4754/24720] TestGem#test_self_ruby_version_with_git_master = 0.51 s
[ 4755/24720] TestGem#test_self_extension_dir_shared = 0.50 s
[ 4756/24720] TestGem#test_self_pre_reset = 0.50 s
[ 4757/24720] TestGem#test_gem_path_ordering_short = 0.93 s
[ 4758/24720] TestGem#test_platform_defaults = 0.57 s
[ 4759/24720] TestGem#test_self_install_permissions_with_format_executable_and_non_standard_ruby_ins
tall_name = 0.98 s
[ 4760/24720] TestGem#test_self_latest_rubygems_version = 1.04 s
[ 4761/24720] TestGem#test_self_needs_picks_up_unresolved_deps = 1.00 s
[ 4762/24720] TestGem#test_activate_bin_path_does_not_error_if_a_gem_thats_not_finally_activated_has
_orphaned_dependencies = 1.81 s
[ 4763/24720] TestGem#test_self_prefix = 0.58 s
[ 4764/24720] TestGem#test_self_ruby_api_version = 0.50 s
[ 4765/24720] TestGem#test_self_prefix_sitelibdir = 0.50 s
[ 4766/24720] TestGem#test_self_datadir = 0.85 s
[ 4767/24720] TestGem#test_self_install_in_rescue = 0.97 s
[ 4768/24720] TestGem#test_default_path_vendor_dir = 0.60 s
[ 4769/24720] TestGem#test_self_latest_spec_for_multiple_sources = 1.46 s
[ 4770/24720] TestGem#test_self_path = 0.58 s
[ 4771/24720] TestGem#test_self_vendor_dir = 0.50 s
[ 4772/24720] TestGem#test_activated_specs_does_not_cause_duplicates_when_looping_through_specs = 1.
58 s
[ 4773/24720] TestGem#test_self_bindir_default_dir = 0.57 s
[ 4774/24720] TestGem#test_gem_path_ordering = 0.93 s
[ 4775/24720] TestGem#test_self_latest_version_for = 1.79 s
[ 4776/24720] TestGem#test_self_find_files = 1.29 s
[ 4777/24720] TestGem#test_deprecated_paths= = 0.84 s
[ 4778/24720] TestGem#test_require_missing = 0.82 s
[ 4779/24720] TestGem#test_self_find_latest_files = 1.37 s
[ 4780/24720] TestGem#test_self_install_permissions_umask_0 = 1.02 s
[ 4781/24720] TestGem#test_self_datadir_nonexistent_package = 0.58 s
[ 4782/24720] TestGem#test_self_ensure_gem_directories_permissions = 0.67 s
[ 4783/24720] TestGem#test_self_bin_path_no_bin_file = 0.57 s
[ 4784/24720] TestGem#test_self_bin_path_no_exec_name = 0.61 s
[ 4785/24720] TestGem#test_self_bin_path_bin_name_version = 0.80 s
[ 4786/24720] TestGem#test_self_user_dir = 0.59 s
[ 4787/24720] TestGem#test_self_post_reset = 0.58 s
[ 4788/24720] TestGem#test_self_done_installing = 0.48 s
[ 4789/24720] TestGem#test_self_sources = 0.49 s
[ 4790/24720] TestGem#test_self_gzip = 0.76 s
[ 4791/24720] TestGem#test_self_default_exec_format = 0.56 s
[ 4792/24720] TestGem#test_self_try_activate_missing_prerelease = 1.13 s
[ 4793/24720] TestGem#test_self_bin_path_nonexistent_binfile = 0.58 s
[ 4794/24720] TestGem#test_self_install_permissions_with_format_executable = 1.03 s
[ 4795/24720] TestGem#test_self_prefix_libdir = 0.56 s
[ 4796/24720] TestGem#test_load_plugins = 0.83 s
[ 4797/24720] TestGem#test_self_read_binary = 0.66 s
[ 4798/24720] TestGem#test_activate_bin_path_respects_underscore_selection_if_given = 1.23 s
[ 4799/24720] TestGem#test_load_user_installed_plugins = 0.91 s
[ 4800/24720] TestGem#test_self_ruby_version_with_non_mri_implementations_with_mri_prerelase_compati
bility = 0.57 s
[ 4801/24720] TestGem#test_self_finish_resolve = 2.04 s
[ 4802/24720] TestGem#test_require_does_not_glob = 0.96 s
[ 4803/24720] TestGem#test_self_bindir = 0.66 s
[ 4804/24720] TestGem#test_self_default_exec_format_18 = 0.49 s
[ 4805/24720] TestGem#test_activate_bin_path_gives_proper_error_for_bundler_when_underscore_selectio
n_given = 0.51 s
[ 4806/24720] TestGem#test_self_install_permissions = 1.05 s
[ 4807/24720] TestGem#test_self_pre_uninstall = 0.57 s
[ 4808/24720] TestGem#test_self_env_requirement = 0.52 s
[ 4809/24720] TestGem#test_operating_system_defaults = 0.59 s
[ 4810/24720] TestGem#test_self_rubygems_version = 0.49 s
[ 4811/24720] TestGem#test_self_try_activate_missing_extensions = 0.72 s
[ 4812/24720] TestGem#test_self_default_exec_format_jruby = 0.57 s
[ 4813/24720] TestGem#test_self_finish_resolve_wtf = 0.90 s
[ 4814/24720] TestGem#test_self_install_permissions_umask_077 = 1.14 s
[ 4815/24720] TestGem#test_self_path_duplicate = 0.60 s
[ 4816/24720] TestGem#test_self_bin_path_active = 0.62 s
[ 4817/24720] TestGem#test_self_vendor_dir_ENV_GEM_VENDOR = 0.49 s
[ 4818/24720] TestGem#test_state_home_from_env = 0.49 s
[ 4819/24720] TestGem#test_self_activate_bin_path_no_exec_name = 0.59 s
[ 4820/24720] TestGem#test_self_post_install = 0.50 s
[ 4821/24720] TestGem#test_default_source_date_epoch_doesnt_change = 1.49 s
[ 4822/24720] TestGem#test_self_dir = 0.54 s
[ 4823/24720] TestGem#test_activate_bin_path_selects_exact_bundler_version_if_present = 1.24 s
[ 4824/24720] TestGem#test_self_paths_eq_nonexistent_home = 0.59 s
[ 4825/24720] TestGem#test_self_use_paths_with_nils = 0.51 s
[ 4826/24720] TestGem#test_self_paths_eq = 0.56 s
[ 4827/24720] TestGem#test_self_ruby_path_without_spaces = 0.49 s
[ 4828/24720] TestGem#test_spec_order_is_consistent = 1.10 s
[ 4829/24720] TestGem#test_default_path = 0.57 s
[ 4830/24720] TestGem#test_self_post_build = 0.49 s
[ 4831/24720] TestGem#test_self_vendor_dir_missing = 0.48 s
[ 4832/24720] TestGem#test_self_finish_resolve_respects_loaded_specs = 2.08 s
[ 4833/24720] TestGem#test_self_ruby_version_with_svn_prerelease = 0.59 s
[ 4834/24720] TestGem#test_setting_paths_does_not_warn_about_unknown_keys = 0.65 s
[ 4835/24720] TestRandomExt::TestVersionMax#test_bad_version = 0.18 s
[ 4836/24720] TestGemImpossibleDependenciesError#test_message_conflict = 0.55 s
[ 4837/24720] TestRDocRubyGemsHook#test_setup = 0.09 s
[ 4838/24720] TestRDocRubyGemsHook#test_generate_default_gem = 0.07 s
[ 4839/24720] TestRDocRubyGemsHook#test_remove_unwritable = 0.09 s
[ 4840/24720] TestRDocRubyGemsHook#test_generate_all = 5.88 s
[ 4841/24720] TestRDocRubyGemsHook#test_remove = 0.09 s
[ 4842/24720] TestRDocRubyGemsHook#test_rdoc_installed? = 0.08 s
[ 4843/24720] TestRDocRubyGemsHook#test_setup_unwritable = 0.08 s
[ 4844/24720] TestRDocRubyGemsHook#test_generate_no_overwrite = 1.74 s
[ 4845/24720] TestRDocRubyGemsHook#test_delete_legacy_args = 0.06 s
[ 4846/24720] TestRDocRubyGemsHook#test_document = 3.83 s
[ 4847/24720] TestRDocRubyGemsHook#test_generate_rubygems_compatible = 6.26 s
[ 4848/24720] TestRDocRubyGemsHook#test_new_rdoc = 0.06 s
[ 4849/24720] TestRDocRubyGemsHook#test_generate_configuration_rdoc_array = 1.98 s
[ 4850/24720] TestRDocRubyGemsHook#test_generate_force = 2.08 s
[ 4851/24720] TestRDocRubyGemsHook#test_generate = 1.98 s
[ 4852/24720] TestRDocRubyGemsHook#test_initialize = 0.06 s
[ 4853/24720] TestRDocRubyGemsHook#test_ri_installed? = 0.08 s
[ 4854/24720] TestRDocRubyGemsHook#test_generate_configuration_rdoc_string = 1.98 s
[ 4855/24720] TestRDocRubyGemsHook#test_generate_disabled = 0.06 s
[ 4856/24720] Reline::Config::Test#test_encoding_is_not_ascii = 0.53 s
[ 4857/24720] Reline::Config::Test#test_unclosed_if = 0.53 s
[ 4858/24720] Reline::Config::Test#test_bind_key_with_macro = 0.53 s
[ 4859/24720] Reline::Config::Test#test_relative_xdg_config_home = 0.58 s
[ 4860/24720] Reline::Config::Test#test_else = 0.54 s
[ 4861/24720] Reline::Config::Test#test_bind_key = 0.53 s
[ 4862/24720] Reline::Config::Test#test_inputrc_with_utf8 = 0.56 s
[ 4863/24720] Reline::Config::Test#test_nested_if_else = 0.58 s
[ 4864/24720] Reline::Config::Test#test_inputrc_raw_value = 0.55 s
[ 4865/24720] Reline::Config::Test#test_inputrc = 0.52 s
[ 4866/24720] Reline::Config::Test#test_encoding_is_ascii = 0.78 s
[ 4867/24720] Reline::Config::Test#test_string_value_with_brackets = 0.54 s
[ 4868/24720] Reline::Config::Test#test_bind_key_with_hexadecimal_number = 0.55 s
[ 4869/24720] Reline::Config::Test#test_inputrc_with_eucjp = 0.54 s
[ 4870/24720] Reline::Config::Test#test_invalid_keystroke = 0.53 s
[ 4871/24720] Reline::Config::Test#test_bind_key_with_meta_chars = 0.54 s
[ 4872/24720] Reline::Config::Test#test_string_value_with_parens_and_quotes = 0.54 s
[ 4873/24720] Reline::Config::Test#test_default_key_bindings = 0.56 s
[ 4874/24720] Reline::Config::Test#test_empty_inputrc_env = 0.53 s
[ 4875/24720] Reline::Config::Test#test_string_value_with_parens = 0.53 s
[ 4876/24720] Reline::Config::Test#test_if_with_mode = 0.53 s
[ 4877/24720] Reline::Config::Test#test_if_with_indent = 0.56 s
[ 4878/24720] Reline::Config::Test#test_if_without_else_condition = 0.53 s
[ 4879/24720] Reline::Config::Test#test_empty_inputrc = 0.52 s
[ 4880/24720] Reline::Config::Test#test_bind_key_with_ctrl_chars = 0.54 s
[ 4881/24720] Reline::Config::Test#test_if_with_false = 0.53 s
[ 4882/24720] Reline::Config::Test#test_additional_key_bindings_for_auxiliary_emacs_keymaps = 0.57 s
[ 4883/24720] Reline::Config::Test#test_if = 0.54 s
[ 4884/24720] Reline::Config::Test#test_additional_key_bindings_with_nesting_and_comment_out = 0.54
s
[ 4885/24720] Reline::Config::Test#test_unquoted_additional_key_bindings = 0.57 s
[ 4886/24720] Reline::Config::Test#test_string_value = 0.53 s
[ 4887/24720] Reline::Config::Test#test_key_bindings_with_reset = 0.96 s
[ 4888/24720] Reline::Config::Test#test_xdg_config_home = 0.65 s
[ 4889/24720] Reline::Config::Test#test_additional_key_bindings_for_other_keymap = 0.63 s
[ 4890/24720] Reline::Config::Test#test_additional_key_bindings = 0.54 s
[ 4891/24720] Reline::Config::Test#test_mode_label_differs_from_keymap_label = 0.63 s
[ 4892/24720] Reline::Config::Test#test_unmatched_endif = 0.60 s
[ 4893/24720] Reline::Config::Test#test_unmatched_else = 0.60 s
[ 4894/24720] Reline::Config::Test#test_bind_key_with_octal_number = 0.56 s
[ 4895/24720] Reline::Config::Test#test_string_value_with_brackets_and_quotes = 0.60 s
[ 4896/24720] Reline::Config::Test#test_bind_key_with_ctrl_meta_chars = 0.61 s
[ 4897/24720] Reline::Config::Test#test_include_expand_path = 0.61 s
[ 4898/24720] Reline::Config::Test#test_include = 0.54 s
[ 4899/24720] Reline::Config::Test#test_read_lines = 0.53 s
[ 4900/24720] Reline::Config::Test#test_read_lines_with_variable = 0.60 s
[ 4901/24720] Reline::Config::Test#test_if_with_invalid_mode = 0.61 s
[ 4902/24720] Reline::Config::Test#test_bind_key_with_escaped_chars = 0.63 s
[ 4903/24720] Reline::Config::Test#test_empty_xdg_config_home = 0.55 s
[ 4904/24720] Reline::Config::Test#test_reload = 1.09 s
[ 4905/24720] Reline::Config::Test#test_history_size = 0.58 s
[ 4906/24720] TestSyntax#test_syntax_ext = 19.20 s
[ 4907/24720] TestSyntax#test_normal_argument = 0.11 s
[ 4908/24720] TestSyntax#test_keyword_rest = 589.46 s
[ 4909/24720] TestSyntax#test_anonymous_block_forwarding = 8.93 s
[ 4910/24720] TestSyntax#test_duplicated_rest_kwrest = 0.06 s
[ 4911/24720] TestSyntax#test_null_range_cmdarg = 3.69 s
[ 4912/24720] TestSyntax#test_newline_in_block_parameters = 0.08 s
[ 4913/24720] TestSyntax#test_alias_symbol = 0.11 s
[ 4914/24720] TestSyntax#test_no_warning_logop_literal = 0.03 s
[ 4915/24720] TestSyntax#test_cmdarg_in_paren = 0.09 s
[ 4916/24720] TestSyntax#test_cmd_symbol_in_string = 0.02 s
[ 4917/24720] TestSyntax#test_warn_unreachable = 0.02 s
[ 4918/24720] TestSyntax#test_rescue_do_end_ensure_result = 0.02 s
[ 4919/24720] TestSyntax#test_dedented_heredoc_with_interpolated_string = 0.05 s
[ 4920/24720] TestSyntax#test_classdef_in_cond = 0.02 s
[ 4921/24720] TestSyntax#test_duplicated_when = 0.09 s
[ 4922/24720] TestSyntax#test_duplicated_opt = 0.05 s
[ 4923/24720] TestSyntax#test_do_block_after_blockcall_colon_with_arg = 0.01 s
[ 4924/24720] TestSyntax#test_brace_block_after_blockcall_dot_no_arg = 0.01 s
[ 4925/24720] TestSyntax#test_dedented_heredoc_with_newline = 0.04 s
[ 4926/24720] TestSyntax#test_methoddef_endless = 0.18 s
[ 4927/24720] TestSyntax#test_numbered_parameter = 0.69 s
[ 4928/24720] TestSyntax#test_return_toplevel = 165.47 s
[ 4929/24720] TestSyntax#test_do_after_local_variable = 0.03 s
[ 4930/24720] TestSyntax#test_rescue_do_end_no_raise = 0.03 s
[ 4931/24720] TestSyntax#test_warning_for_cr = 0.03 s
[ 4932/24720] TestSyntax#test_command_semicolon_in_tlparen_at_the_first_arg = 0.03 s
[ 4933/24720] TestSyntax#test_unassignable = 0.24 s
[ 4934/24720] TestSyntax#test_cmd_symbol_singleton_class = 0.02 s
[ 4935/24720] TestSyntax#test_syntax_sample = 16.35 s
[ 4936/24720] TestSyntax#test_return_in_loop = 0.01 s
[ 4937/24720] TestSyntax#test_range_at_eol = 0.13 s
[ 4938/24720] TestSyntax#test_methoddef_in_cond = 0.03 s
[ 4939/24720] TestSyntax#test_duplicated_kw = 0.05 s
[ 4940/24720] TestSyntax#test_warn_grouped_expression = 0.02 s
[ 4941/24720] TestSyntax#test_invalid_regexp = 0.09 s
[ 4942/24720] TestSyntax#test_argument_forwarding_with_anon_rest_kwrest_and_block = 0.16 s
[ 4943/24720] TestSyntax#test_block_after_cmdarg_in_paren = 0.02 s
[ 4944/24720] TestSyntax#test_class_module_Object_ancestors = 17.90 s
[ 4945/24720] TestSyntax#test_paren_after_label = 0.03 s
[ 4946/24720] TestSyntax#test_dedented_heredoc_with_indentation = 0.04 s
[ 4947/24720] TestSyntax#test_duplicated_kw_kwrest = 0.05 s
[ 4948/24720] TestSyntax#test_too_big_nth_ref = 0.02 s
[ 4949/24720] TestSyntax#test_dedented_heredoc_concatenation = 0.01 s
[ 4950/24720] TestSyntax#test_undef_symbol = 0.10 s
[ 4951/24720] TestSyntax#test_keywords_specified_and_not_accepted = 0.32 s
[ 4952/24720] TestSyntax#test_command_newline_in_tlparen_args = 0.03 s
[ 4953/24720] TestSyntax#test_reserved_method_no_args = 0.01 s
[ 4954/24720] TestSyntax#test_cdhash = 26.84 s
[ 4955/24720] TestSyntax#test_rescue_do_end_ensure_in_lambda = 0.04 s
[ 4956/24720] TestSyntax#test_cmdarg_kwarg_lvar_clashing_method = 0.02 s
[ 4957/24720] TestSyntax#test_dedented_heredoc_with_empty_line = 0.11 s
[ 4958/24720] TestSyntax#test_invalid_encoding_symbol = 0.04 s
[ 4959/24720] TestSyntax#test_defined_empty_argument = 2.32 s
[ 4960/24720] TestSyntax#test_invalid_jump = 2.35 s
[ 4961/24720] TestSyntax#test_unexpected_fraction = 0.37 s
[ 4962/24720] TestSyntax#test_syntax_error_at_newline = 0.19 s
[ 4963/24720] TestSyntax#test_constant_reassignment_toplevel = 52.67 s
[ 4964/24720] TestSyntax#test_array_kwsplat_hash = 0.05 s
[ 4965/24720] TestSyntax#test_brace_block_after_blockcall_colon_no_arg = 0.03 s
[ 4966/24720] TestSyntax#test_invalid_next = 0.09 s
[ 4967/24720] TestSyntax#test_dedented_heredoc_with_concatenation = 0.04 s
[ 4968/24720] TestSyntax#test_do_block_in_call_args = 0.02 s
[ 4969/24720] TestSyntax#test_cmd_symbol_superclass = 0.02 s
[ 4970/24720] TestSyntax#test_do_block_after_blockcall_colon_no_arg = 0.02 s
[ 4971/24720] TestSyntax#test_duplicated_arg = 0.05 s
[ 4972/24720] TestSyntax#test_invalid_literal_message = 0.06 s
[ 4973/24720] TestSyntax#test_script_lines_encoding = 2.43 s
[ 4974/24720] TestSyntax#test_constant_reassignment_nested = 53.39 s
[ 4975/24720] TestSyntax#test_fluent_dot = 0.04 s
[ 4976/24720] TestSyntax#test_error_message_encoding = 0.04 s
[ 4977/24720] TestSyntax#test_must_ascii_compatible = 0.96 s
[ 4978/24720] TestSyntax#test_duplicated_opt_rest = 0.05 s
[ 4979/24720] TestSyntax#test_invalid_symbol_space = 0.08 s
[ 4980/24720] TestSyntax#test_warning_literal_in_condition = 0.10 s
[ 4981/24720] TestSyntax#test_do_block_in_cmdarg = 0.02 s
[ 4982/24720] TestSyntax#test_syntax_test = 175.66 s
[ 4983/24720] TestSyntax#test_value_expr_in_singleton = 0.04 s
[ 4984/24720] TestSyntax#test_keyword_self_reference = 0.12 s
[ 4985/24720] TestSyntax#test_duplicated_rest_opt = 0.03 s
[ 4986/24720] TestSyntax#test_assignment_return_in_loop = 0.01 s
[ 4987/24720] TestSyntax#test_eval_return_toplevel = 144.95 s
[ 4988/24720] TestSyntax#test__END___cr = 0.04 s
[ 4989/24720] TestSyntax#test_return_in_proc_in_class = 2.40 s
[ 4990/24720] TestSyntax#test_return_toplevel_with_argument = 0.02 s
[ 4991/24720] TestSyntax#test_value_of_def = 8.85 s
[ 4992/24720] TestSyntax#test_anonymous_rest_forwarding = 9.04 s
[ 4993/24720] TestSyntax#test_do_block_in_cmdarg_begin = 0.02 s
[ 4994/24720] TestSyntax#test_dedented_heredoc_with_blank_more_indented_line = 0.06 s
[ 4995/24720] TestSyntax#test_duplicated_rest_kw = 0.07 s
[ 4996/24720] TestSyntax#test_block_after_cond = 0.02 s
[ 4997/24720] TestSyntax#test_cmd_symbol_after_keyword = 0.03 s
[ 4998/24720] TestSyntax#test_it = 0.65 s
[ 4999/24720] TestSyntax#test_method_call_location = 0.02 s
[ 5000/24720] TestSyntax#test_dedented_heredoc_invalid_identifer = 0.03 s
[ 5001/24720] TestSyntax#test_lineno_operation_brace_block = 0.01 s
[ 5002/24720] TestSyntax#test_lineno_command_call_quote = 0.01 s
[ 5003/24720] TestSyntax#test_integer_suffix = 0.02 s
[ 5004/24720] TestSyntax#test_heredoc_cr = 0.03 s
[ 5005/24720] TestSyntax#test_value_expr_in_condition = 0.05 s
[ 5006/24720] TestSyntax#test_return_in_BEGIN_in_eval = 0.01 s
[ 5007/24720] TestSyntax#test_optional_argument = 0.09 s
[ 5008/24720] TestSyntax#test_warn_balanced = 0.31 s
[ 5009/24720] TestSyntax#test_anonymous_keyword_rest_forwarding = 8.91 s
[ 5010/24720] TestSyntax#test_optional_self_reference = 0.11 s
[ 5011/24720] TestSyntax#test_dedented_heredoc_with_blank_more_indented_line_escaped = 0.04 s
[ 5012/24720] TestSyntax#test_duplicated_when_check_option = 1.84 s
[ 5013/24720] TestSyntax#test_methoddef_endless_command = 0.23 s
[ 5014/24720] TestSyntax#test_percent_string_after_label = 0.02 s
[ 5015/24720] TestSyntax#test_brace_after_literal_argument = 0.24 s
[ 5016/24720] TestSyntax#test_dedented_heredoc_with_interpolated_expression = 0.04 s
[ 5017/24720] TestSyntax#test_return_in_END = 7.52 s
[ 5018/24720] TestSyntax#test_do_block_after_lambda = 0.05 s
[ 5019/24720] TestSyntax#test_argument_forwarding_with_leading_arguments = 0.21 s
[ 5020/24720] TestSyntax#test_script_lines = 1.01 s
[ 5021/24720] TestSyntax#test_keyword_not_parens = 0.01 s
[ 5022/24720] TestSyntax#test_dedented_heredoc_continued_line = 0.10 s
[ 5023/24720] TestSyntax#test_do_block_in_lambda = 0.02 s
[ 5024/24720] TestSyntax#test_argument_forwarding = 0.75 s
[ 5025/24720] TestSyntax#test_dedented_heredoc_with_blank_less_indented_line_escaped = 0.04 s
[ 5026/24720] TestSyntax#test_safe_call_in_for_variable = 8.87 s
[ 5027/24720] TestSyntax#test_command_do_block_call_with_empty_args_brace_block = 0.03 s
[ 5028/24720] TestSyntax#test_syntax_error_in_rescue = 0.04 s
[ 5029/24720] TestSyntax#test_brace_block_after_blockcall_dot_with_arg = 0.02 s
[ 5030/24720] TestSyntax#test_brace_block_after_blockcall_colon_with_arg = 0.01 s
[ 5031/24720] TestSyntax#test_heredoc_after_label = 0.03 s
[ 5032/24720] TestSyntax#test_dedented_heredoc_with_blank_less_indented_line = 0.04 s
[ 5033/24720] TestSyntax#test_duplicated_opt_kw = 0.05 s
[ 5034/24720] TestSyntax#test_invalid_break = 0.08 s
[ 5035/24720] TestSyntax#test_do_block_in_hash_brace = 0.05 s
[ 5036/24720] TestSyntax#test_heredoc_no_terminator = 0.08 s
[ 5037/24720] TestSyntax#test_parenthesised_statement_argument = 0.04 s
[ 5038/24720] TestSyntax#test_keyword_empty_splat = 26.90 s
[ 5039/24720] TestSyntax#test_do_block_after_blockcall_dot_with_arg = 0.02 s
[ 5040/24720] TestSyntax#test_warning_literal_in_flip_flop = 0.06 s
[ 5041/24720] TestSyntax#test_safe_call_in_massign_lhs = 0.06 s
[ 5042/24720] TestSyntax#test_keyword_splat = 0.02 s
[ 5043/24720] TestSyntax#test_unterminated_heredoc = 0.06 s
[ 5044/24720] TestSyntax#test_heredoc_mixed_encoding = 0.12 s
[ 5045/24720] TestSyntax#test_dedented_heredoc_with_leading_blank_line = 0.04 s
[ 5046/24720] TestSyntax#test_dedented_heredoc_expr_string = 0.04 s
[ 5047/24720] TestSyntax#test_defined_in_short_circuit_if_condition = 14.32 s
[ 5048/24720] TestSyntax#test_syntax_lib = 117.83 s
[ 5049/24720] TestSyntax#test_tautological_condition = 0.03 s
[ 5050/24720] TestSyntax#test_do_block_after_blockcall_dot_no_arg = 0.02 s
[ 5051/24720] TestSyntax#test_lambda_with_space = 0.02 s
[ 5052/24720] TestSyntax#test_dedented_heredoc_expr_at_beginning = 0.04 s
[ 5053/24720] TestSyntax#test_duplicated_rest = 0.05 s
[ 5054/24720] TestSyntax#test_duplicated_opt_kwrest = 0.05 s
[ 5055/24720] TestSyntax#test_unterminated_heredoc_cr = 0.07 s
[ 5056/24720] TestSyntax#test_keyword_duplicated_splat = 0.05 s
[ 5057/24720] TestSyntax#test_keyword_invalid_name = 0.36 s
[ 5058/24720] TestSyntax#test_rescue_do_end_raised = 0.02 s
[ 5059/24720] TestSyntax#test_rescue_do_end_rescued = 0.02 s
[ 5060/24720] TestSyntax#test_lineno_after_heredoc = 0.01 s
[ 5061/24720] TestSyntax#test_brace_after_local_variable = 0.01 s
[ 5062/24720] TestSyntax#test_hash_kwsplat_hash = 0.01 s
[ 5063/24720] TestSyntax#test_no_label_with_percent = 0.17 s
[ 5064/24720] TestSyntax#test_keyword_duplicated = 0.07 s
[ 5065/24720] TestSyntax#test_command_with_cmd_brace_block = 0.06 s
[ 5066/24720] TestSyntax#test_argument_forwarding_with_super = 0.07 s
[ 5067/24720] TestSyntax#test_duplicated_opt_post = 0.05 s
[ 5068/24720] TestSyntax#test_dedented_heredoc_without_indentation = 0.03 s
[ 5069/24720] TestSyntax#test_duplicated_rest_post = 0.05 s
[ 5070/24720] CGICoreTest#test_cgi_parse_illegal_query = 0.06 s
[ 5071/24720] CGICoreTest#test_cgi_core_print = 0.02 s
[ 5072/24720] CGICoreTest#test_cgi_core_out = 0.05 s
[ 5073/24720] CGICoreTest#test_cgi_core_environs = 0.08 s
[ 5074/24720] CGICoreTest#test_cgi_core_params_GET = 0.04 s
[ 5075/24720] CGICoreTest#test_cgi_core_htmltype_header = 0.68 s
[ 5076/24720] CGICoreTest#test_cgi_core_params_POST = 0.03 s
[ 5077/24720] CGICoreTest#test_cgi_core_cookie = 0.04 s
[ 5078/24720] CGICoreTest#test_cgi_core_params_encoding_check = 0.04 s
[ 5079/24720] TestResolvSvcbHttps#test_generic_key = 0.08 s
[ 5080/24720] TestResolvSvcbHttps#test_two_ipv6hints = 0.06 s
[ 5081/24720] TestResolvSvcbHttps#test_mandatory_alpn_ipv4hint = 0.07 s
[ 5082/24720] TestResolvSvcbHttps#test_alpn_comma_backslash = 0.05 s
[ 5083/24720] TestResolvSvcbHttps#test_dohpath = 0.09 s
[ 5084/24720] TestResolvSvcbHttps#test_svcb_encode_order = 0.04 s
[ 5085/24720] TestResolvSvcbHttps#test_specifies_port = 0.05 s
[ 5086/24720] TestResolvSvcbHttps#test_svcb = 0.02 s
[ 5087/24720] TestResolvSvcbHttps#test_alias_mode = 0.04 s
[ 5088/24720] TestResolvSvcbHttps#test_ipv6hint_embedded_ipv4 = 0.05 s
[ 5089/24720] TestResolvSvcbHttps#test_target_name_is_root = 0.03 s
[ 5090/24720] TestResolvSvcbHttps#test_svcparams = 0.02 s
[ 5091/24720] Prism::OverlapTest#"test_whitequark/preexe.txt" = 0.04 s
[ 5092/24720] Prism::OverlapTest#"test_unparser/corpus/semantic/kwbegin.txt" = 0.16 s
[ 5093/24720] Prism::OverlapTest#"test_seattlerb/defn_oneliner_rescue.txt" = 0.12 s
[ 5094/24720] Prism::OverlapTest#"test_unparser/corpus/literal/since/31.txt" = 0.06 s
[ 5095/24720] Prism::OverlapTest#"test_seattlerb/slashy_newlines_within_string.txt" = 0.04 s
[ 5096/24720] Prism::OverlapTest#"test_seattlerb/block_kw.txt" = 0.04 s
[ 5097/24720] Prism::OverlapTest#"test_whitequark/pattern_matching__FILE__LINE_literals.txt" = 0.06
s
[ 5098/24720] Prism::OverlapTest#"test_seattlerb/defn_opt_last_arg.txt" = 0.03 s
[ 5099/24720] Prism::OverlapTest#"test_seattlerb/call_lt.txt" = 0.03 s
[ 5100/24720] Prism::OverlapTest#"test_whitequark/pattern_matching_blank_else.txt" = 0.03 s
[ 5101/24720] Prism::OverlapTest#"test_whitequark/rescue_mod_op_assign.txt" = 0.03 s
[ 5102/24720] Prism::OverlapTest#"test_seattlerb/parse_opt_call_args_assocs_comma.txt" = 0.04 s
[ 5103/24720] Prism::OverlapTest#"test_whitequark/false.txt" = 0.02 s
[ 5104/24720] Prism::OverlapTest#"test_seattlerb/block_arg__bare.txt" = 0.02 s
[ 5105/24720] Prism::OverlapTest#"test_regex_escape_encoding.txt" = 0.04 s
[ 5106/24720] Prism::OverlapTest#"test_seattlerb/parse_line_block_inline_comment_leading_newlines.tx
t" = 0.03 s
[ 5107/24720] Prism::OverlapTest#"test_seattlerb/parse_pattern_058_2.txt" = 0.07 s
[ 5108/24720] Prism::OverlapTest#"test_whitequark/cond_eflipflop.txt" = 0.05 s
[ 5109/24720] Prism::OverlapTest#"test_seattlerb/do_bug.txt" = 0.05 s
[ 5110/24720] Prism::OverlapTest#"test_seattlerb/block_arg_optional.txt" = 0.03 s
[ 5111/24720] Prism::OverlapTest#"test_whitequark/ruby_bug_11873_a.txt" = 0.62 s
[ 5112/24720] Prism::OverlapTest#"test_whitequark/int___LINE__.txt" = 0.02 s
[ 5113/24720] Prism::OverlapTest#"test_seattlerb/interpolated_word_array_line_breaks.txt" = 0.03 s
[ 5114/24720] Prism::OverlapTest#"test_seattlerb/defs_oneliner.txt" = 0.04 s
[ 5115/24720] Prism::OverlapTest#"test_whitequark/restarg_unnamed.txt" = 0.02 s
[ 5116/24720] Prism::OverlapTest#"test_seattlerb/parse_line_block_inline_comment.txt" = 0.02 s
[ 5117/24720] Prism::OverlapTest#"test_procs.txt" = 0.27 s
[ 5118/24720] Prism::OverlapTest#"test_seattlerb/difficult3__8.txt" = 0.04 s
[ 5119/24720] Prism::OverlapTest#"test_seattlerb/call_star2.txt" = 0.03 s
[ 5120/24720] Prism::OverlapTest#"test_seattlerb/const_3_op_asgn_or.txt" = 0.03 s
[ 5121/24720] Prism::OverlapTest#"test_seattlerb/iter_args_10_1.txt" = 0.04 s
[ 5122/24720] Prism::OverlapTest#"test_whitequark/bug_def_no_paren_eql_begin.txt" = 0.02 s
[ 5123/24720] Prism::OverlapTest#"test_seattlerb/stabby_block_iter_call.txt" = 0.04 s
[ 5124/24720] Prism::OverlapTest#"test_whitequark/ruby_bug_13547.txt" = 0.02 s
[ 5125/24720] Prism::OverlapTest#"test_seattlerb/block_return.txt" = 0.05 s
[ 5126/24720] Prism::OverlapTest#"test_whitequark/cond_iflipflop_with_endless_range.txt" = 0.02 s
[ 5127/24720] Prism::OverlapTest#"test_whitequark/range_exclusive.txt" = 0.03 s
[ 5128/24720] Prism::OverlapTest#"test_seattlerb/iter_args_8_2.txt" = 0.04 s
[ 5129/24720] Prism::OverlapTest#"test_seattlerb/read_escape_unicode_curlies.txt" = 0.02 s
[ 5130/24720] Prism::OverlapTest#"test_seattlerb/parse_line_call_ivar_line_break_paren.txt" = 0.02 s
[ 5131/24720] Prism::OverlapTest#"test_seattlerb/difficult0_.txt" = 0.05 s
[ 5132/24720] Prism::OverlapTest#"test_seattlerb/case_in_array_pat_const.txt" = 0.04 s
[ 5133/24720] Prism::OverlapTest#"test_whitequark/send_unary_op.txt" = 0.03 s
[ 5134/24720] Prism::OverlapTest#"test_seattlerb/block_opt_splat_arg_block_omfg.txt" = 0.04 s
[ 5135/24720] Prism::OverlapTest#"test_whitequark/rescue_mod.txt" = 0.02 s
[ 5136/24720] Prism::OverlapTest#"test_seattlerb/call_bang_squiggle.txt" = 0.02 s
[ 5137/24720] Prism::OverlapTest#"test_whitequark/parser_drops_truncated_parts_of_squiggly_heredoc.t
xt" = 0.02 s
[ 5138/24720] Prism::OverlapTest#"test_endless_methods.txt" = 0.06 s
[ 5139/24720] Prism::OverlapTest#"test_seattlerb/defn_opt_splat_arg.txt" = 0.03 s
[ 5140/24720] Prism::OverlapTest#"test_unparser/corpus/literal/while.txt" = 0.42 s
[ 5141/24720] Prism::OverlapTest#"test_seattlerb/parse_line_block.txt" = 0.03 s
[ 5142/24720] Prism::OverlapTest#"test_seattlerb/index_0.txt" = 0.03 s
[ 5143/24720] Prism::OverlapTest#"test_seattlerb/str_pct_Q_nested.txt" = 0.03 s
[ 5144/24720] Prism::OverlapTest#"test_seattlerb/qsymbols_empty_space.txt" = 0.02 s
[ 5145/24720] Prism::OverlapTest#"test_patterns.txt" = 2.97 s
[ 5146/24720] Prism::OverlapTest#"test_whitequark/masgn.txt" = 0.07 s
[ 5147/24720] Prism::OverlapTest#"test_seattlerb/bug_hash_args.txt" = 0.03 s
[ 5148/24720] Prism::OverlapTest#"test_seattlerb/block_opt_arg.txt" = 0.03 s
[ 5149/24720] Prism::OverlapTest#"test_whitequark/bug_473.txt" = 0.03 s
[ 5150/24720] Prism::OverlapTest#"test_whitequark/method_definition_in_while_cond.txt" = 0.12 s
[ 5151/24720] Prism::OverlapTest#"test_seattlerb/defs_as_arg_with_do_block_inside.txt" = 0.04 s
[ 5152/24720] Prism::OverlapTest#"test_seattlerb/parse_line_preexe.txt" = 0.02 s
[ 5153/24720] Prism::OverlapTest#"test_seattlerb/defn_splat_arg.txt" = 0.03 s
[ 5154/24720] Prism::OverlapTest#"test_seattlerb/call_begin_call_block_call.txt" = 0.04 s
[ 5155/24720] Prism::OverlapTest#"test_whitequark/parser_slash_slash_n_escaping_in_literals.txt" = 0
.09 s
[ 5156/24720] Prism::OverlapTest#"test_seattlerb/case_in_hash_pat_paren_assign.txt" = 0.04 s
[ 5157/24720] Prism::OverlapTest#"test_seattlerb/regexp_unicode_curlies.txt" = 0.02 s
[ 5158/24720] Prism::OverlapTest#"test_super.txt" = 0.10 s
[ 5159/24720] Prism::OverlapTest#"test_whitequark/send_conditional.txt" = 0.02 s
[ 5160/24720] Prism::OverlapTest#"test_rescue.txt" = 0.30 s
[ 5161/24720] Prism::OverlapTest#"test_ranges.txt" = 0.34 s
[ 5162/24720] Prism::OverlapTest#"test_seattlerb/bug_and.txt" = 0.03 s
[ 5163/24720] Prism::OverlapTest#"test_whitequark/arg.txt" = 0.03 s
[ 5164/24720] Prism::OverlapTest#"test_seattlerb/safe_attrasgn.txt" = 0.02 s
[ 5165/24720] Prism::OverlapTest#"test_whitequark/kwarg.txt" = 0.02 s
[ 5166/24720] Prism::OverlapTest#"test_whitequark/unary_num_pow_precedence.txt" = 0.05 s
[ 5167/24720] Prism::OverlapTest#"test_seattlerb/bug179.txt" = 0.03 s
[ 5168/24720] Prism::OverlapTest#"test_seattlerb/mlhs_rescue.txt" = 0.03 s
[ 5169/24720] Prism::OverlapTest#"test_seattlerb/pct_w_heredoc_interp_nested.txt" = 0.04 s
[ 5170/24720] Prism::OverlapTest#"test_whitequark/bug_447.txt" = 0.04 s
[ 5171/24720] Prism::OverlapTest#"test_seattlerb/defs_oneliner_eq2.txt" = 0.04 s
[ 5172/24720] Prism::OverlapTest#"test_seattlerb/defn_oneliner_noargs.txt" = 0.02 s
[ 5173/24720] Prism::OverlapTest#"test_seattlerb/parse_line_heredoc.txt" = 0.03 s
[ 5174/24720] Prism::OverlapTest#"test_seattlerb/symbols_empty_space.txt" = 0.02 s
[ 5175/24720] Prism::OverlapTest#"test_seattlerb/bug_op_asgn_rescue.txt" = 0.03 s
[ 5176/24720] Prism::OverlapTest#"test_whitequark/nth_ref.txt" = 0.02 s
[ 5177/24720] Prism::OverlapTest#"test_whitequark/space_args_cmd.txt" = 0.03 s
[ 5178/24720] Prism::OverlapTest#"test_seattlerb/parse_line_block_inline_multiline_comment.txt" = 0.
02 s
[ 5179/24720] Prism::OverlapTest#"test_heredocs_nested.txt" = 0.06 s
[ 5180/24720] Prism::OverlapTest#"test_seattlerb/difficult3_.txt" = 0.04 s
[ 5181/24720] Prism::OverlapTest#"test_seattlerb/super_arg.txt" = 0.02 s
[ 5182/24720] Prism::OverlapTest#"test_seattlerb/parse_line_hash_lit.txt" = 0.03 s
[ 5183/24720] Prism::OverlapTest#"test_seattlerb/call_assoc_trailing_comma.txt" = 0.03 s
[ 5184/24720] Prism::OverlapTest#"test_dos_endings.txt" = 0.07 s
[ 5185/24720] Prism::OverlapTest#"test_seattlerb/f_kw.txt" = 0.03 s
[ 5186/24720] Prism::OverlapTest#"test_whitequark/until.txt" = 0.04 s
[ 5187/24720] Prism::OverlapTest#"test_range_begin_open_inclusive.txt" = 0.02 s
[ 5188/24720] Prism::OverlapTest#"test_whitequark/const_op_asgn.txt" = 0.08 s
[ 5189/24720] Prism::OverlapTest#"test_whitequark/const_toplevel.txt" = 0.02 s
[ 5190/24720] Prism::OverlapTest#"test_seattlerb/defn_powarg.txt" = 0.02 s
[ 5191/24720] Prism::OverlapTest#"test_seattlerb/dstr_evstr_empty_end.txt" = 0.03 s
[ 5192/24720] Prism::OverlapTest#"test_seattlerb/case_in_const.txt" = 0.03 s
[ 5193/24720] Prism::OverlapTest#"test_seattlerb/op_asgn_command_call.txt" = 0.03 s
[ 5194/24720] Prism::OverlapTest#"test_whitequark/bug_while_not_parens_do.txt" = 0.03 s
[ 5195/24720] Prism::OverlapTest#"test_seattlerb/defn_unary_not.txt" = 0.02 s
[ 5196/24720] Prism::OverlapTest#"test_whitequark/send_lambda_args.txt" = 0.04 s
[ 5197/24720] Prism::OverlapTest#"test_seattlerb/str_evstr.txt" = 0.03 s
[ 5198/24720] Prism::OverlapTest#"test_unparser/corpus/literal/flipflop.txt" = 0.14 s
[ 5199/24720] Prism::OverlapTest#"test_seattlerb/case_in_hash_pat_rest.txt" = 0.05 s
[ 5200/24720] Prism::OverlapTest#"test_seattlerb/heredoc_squiggly_interp.txt" = 0.03 s
[ 5201/24720] Prism::OverlapTest#"test_seattlerb/aref_args_assocs.txt" = 0.03 s
[ 5202/24720] Prism::OverlapTest#"test_whitequark/cvasgn.txt" = 0.02 s
[ 5203/24720] Prism::OverlapTest#"test_seattlerb/case_in_multiple.txt" = 0.05 s
[ 5204/24720] Prism::OverlapTest#"test_seattlerb/case_in_if_unless_post_mod.txt" = 0.06 s
[ 5205/24720] Prism::OverlapTest#"test_seattlerb/difficult1_line_numbers2.txt" = 0.06 s
[ 5206/24720] Prism::OverlapTest#"test_seattlerb/lasgn_middle_splat.txt" = 0.03 s
[ 5207/24720] Prism::OverlapTest#"test_seattlerb/difficult3_2.txt" = 0.03 s
[ 5208/24720] Prism::OverlapTest#"test_whitequark/regex_plain.txt" = 0.02 s
[ 5209/24720] Prism::OverlapTest#"test_whitequark/bug_452.txt" = 0.04 s
[ 5210/24720] Prism::OverlapTest#"test_seattlerb/str_single_newline.txt" = 0.03 s
[ 5211/24720] Prism::OverlapTest#"test_seattlerb/messy_op_asgn_lineno.txt" = 0.04 s
[ 5212/24720] Prism::OverlapTest#"test_seattlerb/bang_eq.txt" = 0.03 s
[ 5213/24720] Prism::OverlapTest#"test_whitequark/forwarded_argument_with_kwrestarg.txt" = 0.04 s
[ 5214/24720] Prism::OverlapTest#"test_regex.txt" = 0.31 s
[ 5215/24720] Prism::OverlapTest#"test_seattlerb/heredoc_squiggly_no_indent.txt" = 0.02 s
[ 5216/24720] Prism::OverlapTest#"test_seattlerb/attrasgn_primary_dot_constant.txt" = 0.03 s
[ 5217/24720] Prism::OverlapTest#"test_whitequark/numparam_outside_block.txt" = 0.07 s
[ 5218/24720] Prism::OverlapTest#"test_seattlerb/str_double_double_escaped_newline.txt" = 0.03 s
[ 5219/24720] Prism::OverlapTest#"test_whitequark/hash_kwsplat.txt" = 0.03 s
[ 5220/24720] Prism::OverlapTest#"test_seattlerb/iter_args_5.txt" = 0.03 s
[ 5221/24720] Prism::OverlapTest#"test_seattlerb/block_arg_scope2.txt" = 0.03 s
[ 5222/24720] Prism::OverlapTest#"test_whitequark/float.txt" = 0.02 s
[ 5223/24720] Prism::OverlapTest#"test_seattlerb/qsymbols.txt" = 0.02 s
[ 5224/24720] Prism::OverlapTest#"test_range_beginless.txt" = 0.06 s
[ 5225/24720] Prism::OverlapTest#"test_whitequark/const_scoped.txt" = 0.02 s
[ 5226/24720] Prism::OverlapTest#"test_seattlerb/ruby21_numbers.txt" = 0.03 s
[ 5227/24720] Prism::OverlapTest#"test_seattlerb/bug_187.txt" = 0.04 s
[ 5228/24720] Prism::OverlapTest#"test_whitequark/while_mod.txt" = 0.03 s
[ 5229/24720] Prism::OverlapTest#"test_break.txt" = 0.30 s
[ 5230/24720] Prism::OverlapTest#"test_seattlerb/lasgn_call_nobracket_rescue_arg.txt" = 0.03 s
[ 5231/24720] Prism::OverlapTest#"test_whitequark/resbody_var.txt" = 0.06 s
[ 5232/24720] Prism::OverlapTest#"test_seattlerb/block_kw__required.txt" = 0.03 s
[ 5233/24720] Prism::OverlapTest#"test_whitequark/args.txt" = 0.51 s
[ 5234/24720] Prism::OverlapTest#"test_seattlerb/lasgn_arg_rescue_arg.txt" = 0.03 s
[ 5235/24720] Prism::OverlapTest#"test_whitequark/ruby_bug_12402.txt" = 0.32 s
[ 5236/24720] Prism::OverlapTest#"test_unparser/corpus/literal/empty.txt" = 0.01 s
[ 5237/24720] Prism::OverlapTest#"test_whitequark/bug_ascii_8bit_in_literal.txt" = 0.02 s
[ 5238/24720] Prism::OverlapTest#"test_seattlerb/alias_gvar_backref.txt" = 0.03 s
[ 5239/24720] Prism::OverlapTest#"test_whitequark/bug_466.txt" = 0.05 s
[ 5240/24720] Prism::OverlapTest#"test_for.txt" = 0.16 s
[ 5241/24720] Prism::OverlapTest#"test_whitequark/unless.txt" = 0.04 s
[ 5242/24720] Prism::OverlapTest#"test_whitequark/def.txt" = 0.03 s
[ 5243/24720] Prism::OverlapTest#"test_command_method_call.txt" = 0.41 s
[ 5244/24720] Prism::OverlapTest#"test_whitequark/ensure.txt" = 0.03 s
[ 5245/24720] Prism::OverlapTest#"test_seattlerb/difficult6_.txt" = 0.05 s
[ 5246/24720] Prism::OverlapTest#"test_seattlerb/bug_args_masgn2.txt" = 0.04 s
[ 5247/24720] Prism::OverlapTest#"test_seattlerb/rescue_parens.txt" = 0.04 s
[ 5248/24720] Prism::OverlapTest#"test_whitequark/parser_bug_490.txt" = 0.08 s
[ 5249/24720] Prism::OverlapTest#"test_seattlerb/required_kwarg_no_value.txt" = 0.03 s
[ 5250/24720] Prism::OverlapTest#"test_whitequark/kwoptarg_with_kwrestarg_and_forwarded_args.txt" =
0.04 s
[ 5251/24720] Prism::OverlapTest#"test_whitequark/cond_eflipflop_with_endless_range.txt" = 0.02 s
[ 5252/24720] Prism::OverlapTest#"test_seattlerb/expr_not_bang.txt" = 0.02 s
[ 5253/24720] Prism::OverlapTest#"test_seattlerb/case_in_hash_pat_rest_solo.txt" = 0.04 s
[ 5254/24720] Prism::OverlapTest#"test_whitequark/parser_bug_989.txt" = 0.02 s
[ 5255/24720] Prism::OverlapTest#"test_seattlerb/case_in_42_2.txt" = 0.04 s
[ 5256/24720] Prism::OverlapTest#"test_seattlerb/heredoc_with_not_global_interpolation.txt" = 0.02 s
[ 5257/24720] Prism::OverlapTest#"test_seattlerb/case_in_31.txt" = 0.04 s
[ 5258/24720] Prism::OverlapTest#"test_seattlerb/defn_no_kwargs.txt" = 0.02 s
[ 5259/24720] Prism::OverlapTest#"test_seattlerb/defn_arg_forward_args.txt" = 0.04 s
[ 5260/24720] Prism::OverlapTest#"test_seattlerb/op_asgn_index_command_call.txt" = 0.04 s
[ 5261/24720] Prism::OverlapTest#"test_whitequark/newline_in_hash_argument.txt" = 0.12 s
[ 5262/24720] Prism::OverlapTest#"test_seattlerb/if_symbol.txt" = 0.03 s
[ 5263/24720] Prism::OverlapTest#"test_seattlerb/pct_Q_backslash_nl.txt" = 0.02 s
[ 5264/24720] Prism::OverlapTest#"test_seattlerb/heredoc_squiggly_tabs_extra.txt" = 0.02 s
[ 5265/24720] Prism::OverlapTest#"test_whitequark/lvar_injecting_match.txt" = 0.03 s
[ 5266/24720] Prism::OverlapTest#"test_seattlerb/parse_line_evstr_after_break.txt" = 0.03 s
[ 5267/24720] Prism::OverlapTest#"test_seattlerb/mlhs_front_splat.txt" = 0.04 s
[ 5268/24720] Prism::OverlapTest#"test_whitequark/if_elsif.txt" = 0.05 s
[ 5269/24720] Prism::OverlapTest#"test_unparser/corpus/semantic/def.txt" = 0.05 s
[ 5270/24720] Prism::OverlapTest#"test_seattlerb/masgn_paren.txt" = 0.03 s
[ 5271/24720] Prism::OverlapTest#"test_seattlerb/args_kw_block.txt" = 0.03 s
[ 5272/24720] Prism::OverlapTest#"test_unparser/corpus/literal/singletons.txt" = 0.03 s
[ 5273/24720] Prism::OverlapTest#"test_seattlerb/heredoc_with_extra_carriage_returns_windows.txt" =
0.02 s
[ 5274/24720] Prism::OverlapTest#"test_seattlerb/aref_args_lit_assocs.txt" = 0.03 s
[ 5275/24720] Prism::OverlapTest#"test_whitequark/bug_480.txt" = 0.04 s
[ 5276/24720] Prism::OverlapTest#"test_whitequark/not.txt" = 0.03 s
[ 5277/24720] Prism::OverlapTest#"test_whitequark/send_plain.txt" = 0.03 s
[ 5278/24720] Prism::OverlapTest#"test_seattlerb/magic_encoding_comment.txt" = 0.04 s
[ 5279/24720] Prism::OverlapTest#"test_whitequark/heredoc.txt" = 0.02 s
[ 5280/24720] Prism::OverlapTest#"test_seattlerb/masgn_colon2.txt" = 0.04 s
[ 5281/24720] Prism::OverlapTest#"test_whitequark/send_lambda.txt" = 0.03 s
[ 5282/24720] Prism::OverlapTest#"test_seattlerb/call_array_block_call.txt" = 0.03 s
[ 5283/24720] Prism::OverlapTest#"test_unparser/corpus/literal/unary.txt" = 0.15 s
[ 5284/24720] Prism::OverlapTest#"test_unparser/corpus/literal/module.txt" = 0.08 s
[ 5285/24720] Prism::OverlapTest#"test_seattlerb/call_block_arg_named.txt" = 0.02 s
[ 5286/24720] Prism::OverlapTest#"test_whitequark/or_asgn.txt" = 0.41 s
[ 5287/24720] Prism::OverlapTest#"test_seattlerb/stabby_block_kw.txt" = 0.03 s
[ 5288/24720] Prism::OverlapTest#"test_seattlerb/call_arg_kwsplat.txt" = 0.03 s
[ 5289/24720] Prism::OverlapTest#"test_seattlerb/block_call_operation_colon.txt" = 0.03 s
[ 5290/24720] Prism::OverlapTest#"test_seattlerb/call_array_lambda_block_call.txt" = 0.03 s
[ 5291/24720] Prism::OverlapTest#"test_seattlerb/case_in.txt" = 0.68 s
[ 5292/24720] Prism::OverlapTest#"test_whitequark/ternary_ambiguous_symbol.txt" = 0.05 s
[ 5293/24720] Prism::OverlapTest#"test_seattlerb/lasgn_ivar_env.txt" = 0.02 s
[ 5294/24720] Prism::OverlapTest#"test_whitequark/string_interp.txt" = 0.03 s
[ 5295/24720] Prism::OverlapTest#"test_whitequark/op_asgn_index.txt" = 0.03 s
[ 5296/24720] Prism::OverlapTest#"test_seattlerb/block_reg_optarg.txt" = 0.03 s
[ 5297/24720] Prism::OverlapTest#"test_seattlerb/masgn_var_star_var.txt" = 0.03 s
[ 5298/24720] Prism::OverlapTest#"test_seattlerb/eq_begin_why_wont_people_use_their_spacebar.txt" =
0.03 s
[ 5299/24720] Prism::OverlapTest#"test_seattlerb/parse_line_heredoc_evstr.txt" = 0.02 s
[ 5300/24720] Prism::OverlapTest#"test_seattlerb/str_double_newline.txt" = 0.03 s
[ 5301/24720] Prism::OverlapTest#"test_whitequark/kwoptarg.txt" = 0.02 s
[ 5302/24720] Prism::OverlapTest#"test_unparser/corpus/literal/variables.txt" = 0.05 s
[ 5303/24720] Prism::OverlapTest#"test_seattlerb/heredoc_with_interpolation_and_carriage_return_esca
pes_windows.txt" = 0.02 s
[ 5304/24720] Prism::OverlapTest#"test_unparser/corpus/literal/alias.txt" = 0.03 s
[ 5305/24720] Prism::OverlapTest#"test_seattlerb/iter_args_1.txt" = 0.03 s
[ 5306/24720] Prism::OverlapTest#"test_seattlerb/call_star.txt" = 0.02 s
[ 5307/24720] Prism::OverlapTest#"test_seattlerb/block_kwarg_lvar_multiple.txt" = 0.04 s
[ 5308/24720] Prism::OverlapTest#"test_seattlerb/stabby_proc_scope.txt" = 0.03 s
[ 5309/24720] Prism::OverlapTest#"test_seattlerb/block_opt_splat.txt" = 0.03 s
[ 5310/24720] Prism::OverlapTest#"test_unparser/corpus/literal/since/27.txt" = 0.04 s
[ 5311/24720] Prism::OverlapTest#"test_seattlerb/block_args_kwargs.txt" = 0.03 s
[ 5312/24720] Prism::OverlapTest#"test_comments.txt" = 0.06 s
[ 5313/24720] Prism::OverlapTest#"test_seattlerb/flip2_env_lvar.txt" = 0.03 s
[ 5314/24720] Prism::OverlapTest#"test_whitequark/ensure_empty.txt" = 0.02 s
[ 5315/24720] Prism::OverlapTest#"test_seattlerb/heredoc_squiggly_tabs.txt" = 0.02 s
[ 5316/24720] Prism::OverlapTest#"test_modules.txt" = 0.20 s
[ 5317/24720] Prism::OverlapTest#"test_seattlerb/str_heredoc_interp.txt" = 0.02 s
[ 5318/24720] Prism::OverlapTest#"test_seattlerb/lasgn_command.txt" = 0.03 s
[ 5319/24720] Prism::OverlapTest#"test_seattlerb/safe_call_after_newline.txt" = 0.02 s
[ 5320/24720] Prism::OverlapTest#"test_whitequark/blockarg.txt" = 0.02 s
[ 5321/24720] Prism::OverlapTest#"test_seattlerb/bug_case_when_regexp.txt" = 0.03 s
[ 5322/24720] Prism::OverlapTest#"test_whitequark/rescue_ensure.txt" = 0.04 s
[ 5323/24720] Prism::OverlapTest#"test_whitequark/hash_pair_value_omission.txt" = 0.07 s
[ 5324/24720] Prism::OverlapTest#"test_seattlerb/when_splat.txt" = 0.03 s
[ 5325/24720] Prism::OverlapTest#"test_seattlerb/defns_reserved.txt" = 0.02 s
[ 5326/24720] Prism::OverlapTest#"test_whitequark/masgn_const.txt" = 0.11 s
[ 5327/24720] Prism::OverlapTest#"test_seattlerb/call_arg_assoc_kwsplat.txt" = 0.04 s
[ 5328/24720] Prism::OverlapTest#"test_seattlerb/parse_pattern_069.txt" = 0.04 s
[ 5329/24720] Prism::OverlapTest#"test_seattlerb/rescue_in_block.txt" = 0.03 s
[ 5330/24720] Prism::OverlapTest#"test_whitequark/endless_method_command_syntax.txt" = 0.20 s
[ 5331/24720] Prism::OverlapTest#"test_whitequark/endless_method_forwarded_args_legacy.txt" = 0.03 s
[ 5332/24720] Prism::OverlapTest#"test_seattlerb/difficult3_5.txt" = 0.03 s
[ 5333/24720] Prism::OverlapTest#"test_range_begin_open_exclusive.txt" = 0.02 s
[ 5334/24720] Prism::OverlapTest#"test_whitequark/for_mlhs.txt" = 0.04 s
[ 5335/24720] Prism::OverlapTest#"test_seattlerb/regexp.txt" = 0.03 s
[ 5336/24720] Prism::OverlapTest#"test_whitequark/resbody_list_mrhs.txt" = 0.04 s
[ 5337/24720] Prism::OverlapTest#"test_seattlerb/parse_line_dot3_open.txt" = 0.03 s
[ 5338/24720] Prism::OverlapTest#"test_whitequark/args_cmd.txt" = 0.03 s
[ 5339/24720] Prism::OverlapTest#"test_seattlerb/defs_comments.txt" = 0.02 s
[ 5340/24720] Prism::OverlapTest#"test_seattlerb/lasgn_lasgn_command_call.txt" = 0.03 s
[ 5341/24720] Prism::OverlapTest#"test_seattlerb/str_single_escaped_newline.txt" = 0.03 s
[ 5342/24720] Prism::OverlapTest#"test_whitequark/op_asgn.txt" = 0.04 s
[ 5343/24720] Prism::OverlapTest#"test_whitequark/kwrestarg_named.txt" = 0.10 s
[ 5344/24720] Prism::OverlapTest#"test_seattlerb/call_eq3.txt" = 0.03 s
[ 5345/24720] Prism::OverlapTest#"test_seattlerb/safe_op_asgn2.txt" = 0.02 s
[ 5346/24720] Prism::OverlapTest#"test_seattlerb/bdot3.txt" = 0.03 s
[ 5347/24720] Prism::OverlapTest#"test_seattlerb/qsymbols_empty.txt" = 0.02 s
[ 5348/24720] Prism::OverlapTest#"test_seattlerb/block_arg_scope.txt" = 0.03 s
[ 5349/24720] Prism::OverlapTest#"test_seattlerb/heredoc_squiggly.txt" = 0.02 s
[ 5350/24720] Prism::OverlapTest#"test_unparser/corpus/literal/defined.txt" = 0.05 s
[ 5351/24720] Prism::OverlapTest#"test_whitequark/args_assocs_comma.txt" = 0.03 s
[ 5352/24720] Prism::OverlapTest#"test_blocks.txt" = 0.44 s
[ 5353/24720] Prism::OverlapTest#"test_seattlerb/TestRubyParserShared.txt" = 0.23 s
[ 5354/24720] Prism::OverlapTest#"test_seattlerb/difficult3__10.txt" = 0.04 s
[ 5355/24720] Prism::OverlapTest#"test_seattlerb/block_command_operation_colon.txt" = 0.03 s
[ 5356/24720] Prism::OverlapTest#"test_seattlerb/unary_minus.txt" = 0.02 s
[ 5357/24720] Prism::OverlapTest#"test_numbers.txt" = 0.14 s
[ 5358/24720] Prism::OverlapTest#"test_seattlerb/call_dot_parens.txt" = 0.02 s
[ 5359/24720] Prism::OverlapTest#"test_seattlerb/and_multi.txt" = 0.03 s
[ 5360/24720] Prism::OverlapTest#"test_seattlerb/interpolated_symbol_array_line_breaks.txt" = 0.02 s
[ 5361/24720] Prism::OverlapTest#"test_whitequark/return_block.txt" = 0.03 s
[ 5362/24720] Prism::OverlapTest#"test_whitequark/nil.txt" = 0.02 s
[ 5363/24720] Prism::OverlapTest#"test_unparser/corpus/literal/super.txt" = 0.14 s
[ 5364/24720] Prism::OverlapTest#"test_whitequark/forwarded_kwrestarg.txt" = 0.04 s
[ 5365/24720] Prism::OverlapTest#"test_unparser/corpus/semantic/undef.txt" = 0.03 s
[ 5366/24720] Prism::OverlapTest#"test_seattlerb/masgn_command_call.txt" = 0.03 s
[ 5367/24720] Prism::OverlapTest#"test_whitequark/array_assocs.txt" = 0.04 s
[ 5368/24720] Prism::OverlapTest#"test_seattlerb/parse_line_heredoc_hardnewline.txt" = 0.02 s
[ 5369/24720] Prism::OverlapTest#"test_seattlerb/bug_args_masgn.txt" = 0.04 s
[ 5370/24720] Prism::OverlapTest#"test_seattlerb/case_in_47.txt" = 0.04 s
[ 5371/24720] Prism::OverlapTest#"test_seattlerb/str_str.txt" = 0.03 s
[ 5372/24720] Prism::OverlapTest#"test_seattlerb/call_assoc_new_if_multiline.txt" = 0.05 s
[ 5373/24720] Prism::OverlapTest#"test_seattlerb/iter_kwarg_kwsplat.txt" = 0.03 s
[ 5374/24720] Prism::OverlapTest#"test_seattlerb/return_call_assocs.txt" = 0.15 s
[ 5375/24720] Prism::OverlapTest#"test_heredoc.txt" = 0.02 s
[ 5376/24720] Prism::OverlapTest#"test_whitequark/send_attr_asgn_conditional.txt" = 0.03 s
[ 5377/24720] Prism::OverlapTest#"test_seattlerb/heredoc_with_interpolation_and_carriage_return_esca
pes.txt" = 0.02 s
[ 5378/24720] Prism::OverlapTest#"test_whitequark/lvar.txt" = 0.02 s
[ 5379/24720] Prism::OverlapTest#"test_seattlerb/op_asgn_primary_colon_identifier_command_call.txt"
= 0.11 s
[ 5380/24720] Prism::OverlapTest#"test_seattlerb/array_lits_trailing_calls.txt" = 0.02 s
[ 5381/24720] Prism::OverlapTest#"test_seattlerb/array_line_breaks.txt" = 0.02 s
[ 5382/24720] Prism::OverlapTest#"test_whitequark/range_inclusive.txt" = 0.02 s
[ 5383/24720] Prism::OverlapTest#"test_unparser/corpus/semantic/dstr.txt" = 0.32 s
[ 5384/24720] Prism::OverlapTest#"test_return.txt" = 0.25 s
[ 5385/24720] Prism::OverlapTest#"test_seattlerb/bug190.txt" = 0.02 s
[ 5386/24720] Prism::OverlapTest#"test_while.txt" = 0.27 s
[ 5387/24720] Prism::OverlapTest#"test_whitequark/parser_bug_640.txt" = 0.02 s
[ 5388/24720] Prism::OverlapTest#"test_whitequark/cpath.txt" = 0.03 s
[ 5389/24720] Prism::OverlapTest#"test_seattlerb/heredoc_with_only_carriage_returns_windows.txt" = 0
.02 s
[ 5390/24720] Prism::OverlapTest#"test_endless_range_in_conditional.txt" = 0.04 s
[ 5391/24720] Prism::OverlapTest#"test_seattlerb/parse_line_dstr_soft_newline.txt" = 0.03 s
[ 5392/24720] Prism::OverlapTest#"test_seattlerb/pct_nl.txt" = 0.02 s
[ 5393/24720] Prism::OverlapTest#"test_whitequark/module.txt" = 0.02 s
[ 5394/24720] Prism::OverlapTest#"test_seattlerb/heredoc_comma_arg.txt" = 0.03 s
[ 5395/24720] Prism::OverlapTest#"test_seattlerb/stabby_arg_no_paren.txt" = 0.03 s
[ 5396/24720] Prism::OverlapTest#"test_whitequark/casgn_unscoped.txt" = 0.02 s
[ 5397/24720] Prism::OverlapTest#"test_seattlerb/attr_asgn_colon_id.txt" = 0.02 s
[ 5398/24720] Prism::OverlapTest#"test_arithmetic.txt" = 0.11 s
[ 5399/24720] Prism::OverlapTest#"test_unparser/corpus/literal/lambda.txt" = 0.09 s
[ 5400/24720] Prism::OverlapTest#"test_seattlerb/__ENCODING__.txt" = 0.02 s
[ 5401/24720] Prism::OverlapTest#"test_if.txt" = 0.33 s
[ 5402/24720] Prism::OverlapTest#"test_seattlerb/str_pct_nested_nested.txt" = 0.14 s
[ 5403/24720] Prism::OverlapTest#"test_seattlerb/block_args_opt2_2.txt" = 0.05 s
[ 5404/24720] Prism::OverlapTest#"test_seattlerb/mlhs_mid_anonsplat.txt" = 0.04 s
[ 5405/24720] Prism::OverlapTest#"test_constants.txt" = 0.72 s
[ 5406/24720] Prism::OverlapTest#"test_seattlerb/iter_args_6.txt" = 0.04 s
[ 5407/24720] Prism::OverlapTest#"test_seattlerb/begin_rescue_else_ensure_bodies.txt" = 0.05 s
[ 5408/24720] Prism::OverlapTest#"test_seattlerb/parse_pattern_044.txt" = 0.03 s
[ 5409/24720] Prism::OverlapTest#"test_seattlerb/safe_call_rhs_newline.txt" = 0.02 s
[ 5410/24720] Prism::OverlapTest#"test_seattlerb/assoc__bare.txt" = 0.03 s
[ 5411/24720] Prism::OverlapTest#"test_seattlerb/call_args_assoc_quoted.txt" = 0.07 s
[ 5412/24720] Prism::OverlapTest#"test_seattlerb/parse_opt_call_args_lit_comma.txt" = 0.03 s
[ 5413/24720] Prism::OverlapTest#"test_whitequark/endless_method_without_args.txt" = 0.06 s
[ 5414/24720] Prism::OverlapTest#"test_whitequark/comments_before_leading_dot__27.txt" = 0.04 s
[ 5415/24720] Prism::OverlapTest#"test_whitequark/var_and_asgn.txt" = 0.02 s
[ 5416/24720] Prism::OverlapTest#"test_seattlerb/difficult3__7.txt" = 0.04 s
[ 5417/24720] Prism::OverlapTest#"test_seattlerb/parse_line_defn_no_parens.txt" = 0.02 s
[ 5418/24720] Prism::OverlapTest#"test_whitequark/resbody_list.txt" = 0.13 s
[ 5419/24720] Prism::OverlapTest#"test_seattlerb/bug_comma.txt" = 0.03 s
[ 5420/24720] Prism::OverlapTest#"test_seattlerb/heredoc__backslash_dos_format.txt" = 0.02 s
[ 5421/24720] Prism::OverlapTest#"test_seattlerb/call_leading_dots_comment.txt" = 0.02 s
[ 5422/24720] Prism::OverlapTest#"test_seattlerb/symbols_empty.txt" = 0.02 s
[ 5423/24720] Prism::OverlapTest#"test_seattlerb/parse_line_multiline_str.txt" = 0.02 s
[ 5424/24720] Prism::OverlapTest#"test_whitequark/ivasgn.txt" = 0.02 s
[ 5425/24720] Prism::OverlapTest#"test_whitequark/until_post.txt" = 0.03 s
[ 5426/24720] Prism::OverlapTest#"test_whitequark/string_dvar.txt" = 0.04 s
[ 5427/24720] Prism::OverlapTest#"test_whitequark/lvasgn.txt" = 0.02 s
[ 5428/24720] Prism::OverlapTest#"test_whitequark/numbered_args_after_27.txt" = 0.10 s
[ 5429/24720] Prism::OverlapTest#"test_seattlerb/block_decomp_splat.txt" = 0.09 s
[ 5430/24720] Prism::OverlapTest#"test_non_alphanumeric_methods.txt" = 0.15 s
[ 5431/24720] Prism::OverlapTest#"test_seattlerb/quoted_symbol_keys.txt" = 0.02 s
[ 5432/24720] Prism::OverlapTest#"test_whitequark/endless_method_with_rescue_mod.txt" = 0.04 s
[ 5433/24720] Prism::OverlapTest#"test_seattlerb/call_assoc.txt" = 0.03 s
[ 5434/24720] Prism::OverlapTest#"test_seattlerb/bug_args__19.txt" = 0.04 s
[ 5435/24720] Prism::OverlapTest#"test_whitequark/until_mod.txt" = 0.02 s
[ 5436/24720] Prism::OverlapTest#"test_whitequark/bug_interp_single.txt" = 0.10 s
[ 5437/24720] Prism::OverlapTest#"test_whitequark/bug_435.txt" = 0.03 s
[ 5438/24720] Prism::OverlapTest#"test_seattlerb/case_in_hash_pat_assign.txt" = 0.07 s
[ 5439/24720] Prism::OverlapTest#"test_seattlerb/defs_endless_command.txt" = 0.03 s
[ 5440/24720] Prism::OverlapTest#"test_whitequark/space_args_arg_newline.txt" = 0.03 s
[ 5441/24720] Prism::OverlapTest#"test_seattlerb/block_args_opt3.txt" = 0.06 s
[ 5442/24720] Prism::OverlapTest#"test_seattlerb/utf8_bom.txt" = 0.02 s
[ 5443/24720] Prism::OverlapTest#"test_whitequark/dedenting_non_interpolating_heredoc_line_continuat
ion.txt" = 0.02 s
[ 5444/24720] Prism::OverlapTest#"test_alias.txt" = 0.18 s
[ 5445/24720] Prism::OverlapTest#"test_whitequark/class.txt" = 0.02 s
[ 5446/24720] Prism::OverlapTest#"test_seattlerb/parse_pattern_051.txt" = 0.05 s
[ 5447/24720] Prism::OverlapTest#"test_whitequark/beginless_irange_after_newline.txt" = 0.02 s
[ 5448/24720] Prism::OverlapTest#"test_whitequark/class_super.txt" = 0.02 s
[ 5449/24720] Prism::OverlapTest#"test_seattlerb/method_call_assoc_trailing_comma.txt" = 0.03 s
[ 5450/24720] Prism::OverlapTest#"test_unparser/corpus/literal/if.txt" = 0.18 s
[ 5451/24720] Prism::OverlapTest#"test_whitequark/and.txt" = 0.04 s
[ 5452/24720] Prism::OverlapTest#"test_seattlerb/qsymbols_interp.txt" = 0.05 s
[ 5453/24720] Prism::OverlapTest#"test_seattlerb/parse_line_dot2.txt" = 0.03 s
[ 5454/24720] Prism::OverlapTest#"test_seattlerb/pctW_lineno.txt" = 0.03 s
[ 5455/24720] Prism::OverlapTest#"test_seattlerb/op_asgn_val_dot_ident_command_call.txt" = 0.03 s
[ 5456/24720] Prism::OverlapTest#"test_unparser/corpus/literal/defs.txt" = 0.16 s
[ 5457/24720] Prism::OverlapTest#"test_seattlerb/defn_forward_args.txt" = 0.03 s
[ 5458/24720] Prism::OverlapTest#"test_whitequark/interp_digit_var.txt" = 0.16 s
[ 5459/24720] Prism::OverlapTest#"test_seattlerb/parse_line_op_asgn.txt" = 0.02 s
[ 5460/24720] Prism::OverlapTest#"test_whitequark/resbody_list_var.txt" = 0.04 s
[ 5461/24720] Prism::OverlapTest#"test_begin_ensure.txt" = 0.15 s
[ 5462/24720] Prism::OverlapTest#"test_unparser/corpus/semantic/send.txt" = 0.07 s
[ 5463/24720] Prism::OverlapTest#"test_seattlerb/heredoc_with_carriage_return_escapes_windows.txt" =
 0.02 s
[ 5464/24720] Prism::OverlapTest#"test_seattlerb/safe_call_operator.txt" = 0.02 s
[ 5465/24720] Prism::OverlapTest#"test_whitequark/rescue_in_lambda_block.txt" = 0.02 s
[ 5466/24720] Prism::OverlapTest#"test_seattlerb/call_rshift.txt" = 0.02 s
[ 5467/24720] Prism::OverlapTest#"test_seattlerb/str_interp_ternary_or_label.txt" = 0.06 s
[ 5468/24720] Prism::OverlapTest#"test_seattlerb/call_self_brackets.txt" = 0.02 s
[ 5469/24720] Prism::OverlapTest#"test_seattlerb/block_call_paren_call_block_call.txt" = 0.04 s
[ 5470/24720] Prism::OverlapTest#"test_seattlerb/stabby_block_iter_call_no_target_with_arg.txt" = 0.
04 s
[ 5471/24720] Prism::OverlapTest#"test_whitequark/send_self.txt" = 0.03 s
[ 5472/24720] Prism::OverlapTest#"test_seattlerb/call_args_command.txt" = 0.03 s
[ 5473/24720] Prism::OverlapTest#"test_whitequark/undef.txt" = 0.03 s
[ 5474/24720] Prism::OverlapTest#"test_unparser/corpus/literal/literal.txt" = 0.76 s
[ 5475/24720] Prism::OverlapTest#"test_seattlerb/stabby_arg_opt_splat_arg_block_omfg.txt" = 0.04 s
[ 5476/24720] Prism::OverlapTest#"test_seattlerb/iter_args_8_1.txt" = 0.04 s
[ 5477/24720] Prism::OverlapTest#"test_whitequark/bug_do_block_in_cmdarg.txt" = 0.03 s
[ 5478/24720] Prism::OverlapTest#"test_whitequark/parser_bug_272.txt" = 0.03 s
[ 5479/24720] Prism::OverlapTest#"test_whitequark/rescue_else.txt" = 0.04 s
[ 5480/24720] Prism::OverlapTest#"test_whitequark/beginless_range.txt" = 0.02 s
[ 5481/24720] Prism::OverlapTest#"test_unparser/corpus/semantic/and.txt" = 0.10 s
[ 5482/24720] Prism::OverlapTest#"test_whitequark/arg_scope.txt" = 0.03 s
[ 5483/24720] Prism::OverlapTest#"test_seattlerb/str_lit_concat_bad_encodings.txt" = 0.02 s
[ 5484/24720] Prism::OverlapTest#"test_seattlerb/module_comments.txt" = 0.03 s
[ 5485/24720] Prism::OverlapTest#"test_seattlerb/call_spaceship.txt" = 0.02 s
[ 5486/24720] Prism::OverlapTest#"test_seattlerb/case_in_86_2.txt" = 0.04 s
[ 5487/24720] Prism::OverlapTest#"test_whitequark/complex.txt" = 0.04 s
[ 5488/24720] Prism::OverlapTest#"test_whitequark/case_expr.txt" = 0.03 s
[ 5489/24720] Prism::OverlapTest#"test_whitequark/kwbegin_compstmt.txt" = 0.03 s
[ 5490/24720] Prism::OverlapTest#"test_seattlerb/defined_eh_parens.txt" = 0.02 s
[ 5491/24720] Prism::OverlapTest#"test_unparser/corpus/literal/pattern.txt" = 0.35 s
[ 5492/24720] Prism::OverlapTest#"test_seattlerb/parse_line_heredoc_regexp_chars.txt" = 0.03 s
[ 5493/24720] Prism::OverlapTest#"test_seattlerb/iter_args_10_2.txt" = 0.04 s
[ 5494/24720] Prism::OverlapTest#"test_seattlerb/heredoc_lineno.txt" = 0.03 s
[ 5495/24720] Prism::OverlapTest#"test_seattlerb/read_escape_unicode_h4.txt" = 0.02 s
[ 5496/24720] Prism::OverlapTest#"test_unparser/corpus/literal/case.txt" = 0.21 s
[ 5497/24720] Prism::OverlapTest#"test_spanning_heredoc_newlines.txt" = 0.09 s
[ 5498/24720] Prism::OverlapTest#"test_whitequark/empty_stmt.txt" = 0.01 s
[ 5499/24720] Prism::OverlapTest#"test_seattlerb/evstr_str.txt" = 0.03 s
[ 5500/24720] Prism::OverlapTest#"test_whitequark/numparam_ruby_bug_19025.txt" = 0.04 s
[ 5501/24720] Prism::OverlapTest#"test_seattlerb/call_lte.txt" = 0.02 s
[ 5502/24720] Prism::OverlapTest#"test_whitequark/send_block_conditional.txt" = 0.02 s
[ 5503/24720] Prism::OverlapTest#"test_whitequark/send_lambda_legacy.txt" = 0.02 s
[ 5504/24720] Prism::OverlapTest#"test_seattlerb/block_optarg.txt" = 0.03 s
[ 5505/24720] Prism::OverlapTest#"test_whitequark/alias_gvar.txt" = 0.03 s
[ 5506/24720] Prism::OverlapTest#"test_case.txt" = 0.29 s
[ 5507/24720] Prism::OverlapTest#"test_seattlerb/parse_while_not_canonical.txt" = 0.03 s
[ 5508/24720] Prism::OverlapTest#"test_unparser/corpus/literal/block.txt" = 0.67 s
[ 5509/24720] Prism::OverlapTest#"test_whitequark/ruby_bug_11873_b.txt" = 0.05 s
[ 5510/24720] Prism::OverlapTest#"test_seattlerb/heredoc_unicode.txt" = 0.02 s
[ 5511/24720] Prism::OverlapTest#"test_seattlerb/non_interpolated_symbol_array_line_breaks.txt" = 0.
02 s
[ 5512/24720] Prism::OverlapTest#"test_whitequark/cond_match_current_line.txt" = 0.03 s
[ 5513/24720] Prism::OverlapTest#"test_whitequark/cond_eflipflop_with_beginless_range.txt" = 0.02 s
[ 5514/24720] Prism::OverlapTest#"test_seattlerb/parse_line_call_ivar_arg_no_parens_line_break.txt"
= 0.02 s
[ 5515/24720] Prism::OverlapTest#"test_whitequark/array_symbols.txt" = 0.02 s
[ 5516/24720] Prism::OverlapTest#"test_seattlerb/float_with_if_modifier.txt" = 0.02 s
[ 5517/24720] Prism::OverlapTest#"test_seattlerb/evstr_evstr.txt" = 0.03 s
[ 5518/24720] Prism::OverlapTest#"test_seattlerb/block_arg_splat_arg.txt" = 0.03 s
[ 5519/24720] Prism::OverlapTest#"test_seattlerb/call_pipe.txt" = 0.02 s
[ 5520/24720] Prism::OverlapTest#"test_unparser/corpus/literal/since/32.txt" = 0.09 s
[ 5521/24720] Prism::OverlapTest#"test_seattlerb/do_lambda.txt" = 0.02 s
[ 5522/24720] Prism::OverlapTest#"test_seattlerb/dstr_str.txt" = 0.03 s
[ 5523/24720] Prism::OverlapTest#"test_whitequark/defs.txt" = 0.05 s
[ 5524/24720] Prism::OverlapTest#"test_whitequark/ruby_bug_12686.txt" = 0.03 s
[ 5525/24720] Prism::OverlapTest#"test_whitequark/int.txt" = 0.02 s
[ 5526/24720] Prism::OverlapTest#"test_whitequark/parser_bug_518.txt" = 0.02 s
[ 5527/24720] Prism::OverlapTest#"test_seattlerb/bug290.txt" = 0.02 s
[ 5528/24720] Prism::OverlapTest#"test_seattlerb/unary_tilde.txt" = 0.02 s
[ 5529/24720] Prism::OverlapTest#"test_seattlerb/parse_line_newlines.txt" = 0.02 s
[ 5530/24720] Prism::OverlapTest#"test_whitequark/send_call.txt" = 0.04 s
[ 5531/24720] Prism::OverlapTest#"test_seattlerb/masgn_double_paren.txt" = 0.03 s
[ 5532/24720] Prism::OverlapTest#"test_seattlerb/non_interpolated_word_array_line_breaks.txt" = 0.02
 s
[ 5533/24720] Prism::OverlapTest#"test_unparser/corpus/literal/for.txt" = 0.09 s
[ 5534/24720] Prism::OverlapTest#"test_whitequark/ruby_bug_10279.txt" = 0.03 s
[ 5535/24720] Prism::OverlapTest#"test_multi_write.txt" = 0.08 s
[ 5536/24720] Prism::OverlapTest#"test_seattlerb/mlhs_front_anonsplat.txt" = 0.03 s
[ 5537/24720] Prism::OverlapTest#"test_whitequark/bug_lambda_leakage.txt" = 0.03 s
[ 5538/24720] Prism::OverlapTest#"test_seattlerb/parse_line_str_with_newline_escape.txt" = 0.03 s
[ 5539/24720] Prism::OverlapTest#"test_seattlerb/const_op_asgn_and1.txt" = 0.02 s
[ 5540/24720] Prism::OverlapTest#"test_whitequark/args_args_assocs.txt" = 0.06 s
[ 5541/24720] Prism::OverlapTest#"test_whitequark/ruby_bug_11107.txt" = 0.03 s
[ 5542/24720] Prism::OverlapTest#"test_whitequark/space_args_block.txt" = 0.02 s
[ 5543/24720] Prism::OverlapTest#"test_seattlerb/parse_line_defn_complex.txt" = 0.05 s
[ 5544/24720] Prism::OverlapTest#"test_global_variables.txt" = 0.16 s
[ 5545/24720] Prism::OverlapTest#"test_seattlerb/iter_args_7_2.txt" = 0.04 s
[ 5546/24720] Prism::OverlapTest#"test_seattlerb/call_assoc_new.txt" = 0.03 s
[ 5547/24720] Prism::OverlapTest#"test_seattlerb/safe_calls.txt" = 0.03 s
[ 5548/24720] Prism::OverlapTest#"test_whitequark/space_args_arg_block.txt" = 0.07 s
[ 5549/24720] Prism::OverlapTest#"test_whitequark/send_index_legacy.txt" = 0.03 s
[ 5550/24720] Prism::OverlapTest#"test_seattlerb/block_call_defn_call_block_call.txt" = 0.04 s
[ 5551/24720] Prism::OverlapTest#"test_unparser/corpus/literal/kwbegin.txt" = 0.57 s
[ 5552/24720] Prism::OverlapTest#"test_xstring_with_backslash.txt" = 0.02 s
[ 5553/24720] Prism::OverlapTest#"test_seattlerb/defs_oneliner_rescue.txt" = 0.10 s
[ 5554/24720] Prism::OverlapTest#"test_whitequark/hash_hashrocket.txt" = 0.04 s
[ 5555/24720] Prism::OverlapTest#"test_until.txt" = 0.21 s
[ 5556/24720] Prism::OverlapTest#"test_seattlerb/index_0_opasgn.txt" = 0.02 s
[ 5557/24720] Prism::OverlapTest#"test_seattlerb/block_kwarg_lvar.txt" = 0.04 s
[ 5558/24720] Prism::OverlapTest#"test_lambda.txt" = 0.16 s
[ 5559/24720] Prism::OverlapTest#"test_whitequark/forwarded_argument_with_restarg.txt" = 0.04 s
[ 5560/24720] Prism::OverlapTest#"test_seattlerb/block_args_opt1.txt" = 0.04 s
[ 5561/24720] Prism::OverlapTest#"test_seattlerb/defn_arg_asplat_arg.txt" = 0.03 s
[ 5562/24720] Prism::OverlapTest#"test_seattlerb/defn_kwarg_env.txt" = 0.13 s
[ 5563/24720] Prism::OverlapTest#"test_methods.txt" = 1.06 s
[ 5564/24720] Prism::OverlapTest#"test_seattlerb/bug_cond_pct.txt" = 0.02 s
[ 5565/24720] Prism::OverlapTest#"test_whitequark/bang_cmd.txt" = 0.02 s
[ 5566/24720] Prism::OverlapTest#"test_seattlerb/rescue_do_end_ensure_result.txt" = 0.12 s
[ 5567/24720] Prism::OverlapTest#"test_seattlerb/case_in_86.txt" = 0.04 s
[ 5568/24720] Prism::OverlapTest#"test_seattlerb/masgn_arg_colon_arg.txt" = 0.03 s
[ 5569/24720] Prism::OverlapTest#"test_seattlerb/defn_oneliner_eq2.txt" = 0.04 s
[ 5570/24720] Prism::OverlapTest#"test_seattlerb/parse_if_not_noncanonical.txt" = 0.04 s
[ 5571/24720] Prism::OverlapTest#"test_seattlerb/f_kw__required.txt" = 0.02 s
[ 5572/24720] Prism::OverlapTest#"test_seattlerb/thingy.txt" = 0.04 s
[ 5573/24720] Prism::OverlapTest#"test_seattlerb/masgn_arg_splat_arg.txt" = 0.03 s
[ 5574/24720] Prism::OverlapTest#"test_seattlerb/parse_while_not_noncanonical.txt" = 0.03 s
[ 5575/24720] Prism::OverlapTest#"test_strings.txt" = 0.42 s
[ 5576/24720] Prism::OverlapTest#"test_seattlerb/pipe_space.txt" = 0.03 s
[ 5577/24720] Prism::OverlapTest#"test_seattlerb/dot2_nil__26.txt" = 0.02 s
[ 5578/24720] Prism::OverlapTest#"test_seattlerb/bug_249.txt" = 0.06 s
[ 5579/24720] Prism::OverlapTest#"test_seattlerb/defn_kwarg_kwsplat_anon.txt" = 0.03 s
[ 5580/24720] Prism::OverlapTest#"test_seattlerb/cond_unary_minus.txt" = 0.02 s
[ 5581/24720] Prism::OverlapTest#"test_seattlerb/dstr_lex_state.txt" = 0.03 s
[ 5582/24720] Prism::OverlapTest#"test_whitequark/super.txt" = 0.03 s
[ 5583/24720] Prism::OverlapTest#"test_whitequark/not_masgn__24.txt" = 0.03 s
[ 5584/24720] Prism::OverlapTest#"test_seattlerb/qw_escape_term.txt" = 0.02 s
[ 5585/24720] Prism::OverlapTest#"test_seattlerb/block_splat_reg.txt" = 0.03 s
[ 5586/24720] Prism::OverlapTest#"test_seattlerb/iter_kwarg.txt" = 0.03 s
[ 5587/24720] Prism::OverlapTest#"test_whitequark/hash_label.txt" = 0.02 s
[ 5588/24720] Prism::OverlapTest#"test_seattlerb/heredoc_squiggly_empty.txt" = 0.02 s
[ 5589/24720] Prism::OverlapTest#"test_seattlerb/parse_line_dot2_open.txt" = 0.03 s
[ 5590/24720] Prism::OverlapTest#"test_whitequark/var_or_asgn.txt" = 0.02 s
[ 5591/24720] Prism::OverlapTest#"test_unparser/corpus/literal/send.txt" = 1.09 s
[ 5592/24720] Prism::OverlapTest#"test_seattlerb/bug_args_masgn_outer_parens__19.txt" = 0.04 s
[ 5593/24720] Prism::OverlapTest#"test_heredoc_with_trailing_newline.txt" = 0.02 s
[ 5594/24720] Prism::OverlapTest#"test_whitequark/parser_bug_507.txt" = 0.03 s
[ 5595/24720] Prism::OverlapTest#"test_seattlerb/begin_ensure_no_bodies.txt" = 0.02 s
[ 5596/24720] Prism::OverlapTest#"test_seattlerb/defn_oneliner.txt" = 0.03 s
[ 5597/24720] Prism::OverlapTest#"test_whitequark/cvar.txt" = 0.09 s
[ 5598/24720] Prism::OverlapTest#"test_seattlerb/bug_215.txt" = 0.02 s
[ 5599/24720] Prism::OverlapTest#"test_whitequark/send_index_asgn.txt" = 0.03 s
[ 5600/24720] Prism::OverlapTest#"test_seattlerb/case_in_find.txt" = 0.04 s
[ 5601/24720] Prism::OverlapTest#"test_seattlerb/qwords_empty.txt" = 0.02 s
[ 5602/24720] Prism::OverlapTest#"test_boolean_operators.txt" = 0.03 s
[ 5603/24720] Prism::OverlapTest#"test_seattlerb/block_arg_opt_arg_block.txt" = 0.04 s
[ 5604/24720] Prism::OverlapTest#"test_whitequark/string_concat.txt" = 0.03 s
[ 5605/24720] Prism::OverlapTest#"test_seattlerb/parse_if_not_canonical.txt" = 0.04 s
[ 5606/24720] Prism::OverlapTest#"test_ternary_operator.txt" = 0.25 s
[ 5607/24720] Prism::OverlapTest#"test_seattlerb/qWords_space.txt" = 0.02 s
[ 5608/24720] Prism::OverlapTest#"test_nils.txt" = 0.04 s
[ 5609/24720] Prism::OverlapTest#"test_whitequark/masgn_nested.txt" = 0.05 s
[ 5610/24720] Prism::OverlapTest#"test_seattlerb/in_expr_no_case.txt" = 0.02 s
[ 5611/24720] Prism::OverlapTest#"test_seattlerb/difficult3__9.txt" = 0.04 s
[ 5612/24720] Prism::OverlapTest#"test_seattlerb/safe_call_newline.txt" = 0.02 s
[ 5613/24720] Prism::OverlapTest#"test_seattlerb/difficult7_.txt" = 0.06 s
[ 5614/24720] Prism::OverlapTest#"test_seattlerb/rhs_asgn.txt" = 0.02 s
[ 5615/24720] Prism::OverlapTest#"test_seattlerb/method_call_trailing_comma.txt" = 0.02 s
[ 5616/24720] Prism::OverlapTest#"test_newline_terminated.txt" = 0.07 s
[ 5617/24720] Prism::OverlapTest#"test_seattlerb/parse_line_call_no_args.txt" = 0.05 s
[ 5618/24720] Prism::OverlapTest#"test_seattlerb/defn_kwarg_lvar.txt" = 0.03 s
[ 5619/24720] Prism::OverlapTest#"test_whitequark/dedenting_heredoc.txt" = 0.19 s
[ 5620/24720] Prism::OverlapTest#"test_whitequark/optarg.txt" = 0.12 s
[ 5621/24720] Prism::OverlapTest#"test_whitequark/slash_newline_in_heredocs.txt" = 0.02 s
[ 5622/24720] Prism::OverlapTest#"test_whitequark/sclass.txt" = 0.02 s
[ 5623/24720] Prism::OverlapTest#"test_range_end_open_exclusive.txt" = 0.02 s
[ 5624/24720] Prism::OverlapTest#"test_heredocs_with_ignored_newlines.txt" = 0.03 s
[ 5625/24720] Prism::OverlapTest#"test_seattlerb/case_in_else.txt" = 0.04 s
[ 5626/24720] Prism::OverlapTest#"test_dsym_str.txt" = 0.02 s
[ 5627/24720] Prism::OverlapTest#"test_next.txt" = 0.22 s
[ 5628/24720] Prism::OverlapTest#"test_seattlerb/dstr_evstr.txt" = 0.03 s
[ 5629/24720] Prism::OverlapTest#"test_seattlerb/dot3_nil__26.txt" = 0.02 s
[ 5630/24720] Prism::OverlapTest#"test_whitequark/send_index.txt" = 0.03 s
[ 5631/24720] Prism::OverlapTest#"test_whitequark/forwarded_restarg.txt" = 0.03 s
[ 5632/24720] Prism::OverlapTest#"test_whitequark/class_super_label.txt" = 0.03 s
[ 5633/24720] Prism::OverlapTest#"test_unparser/corpus/semantic/block.txt" = 0.11 s
[ 5634/24720] Prism::OverlapTest#"test_seattlerb/block_command_operation_dot.txt" = 0.03 s
[ 5635/24720] Prism::OverlapTest#"test_seattlerb/heredoc_with_extra_carriage_horrible_mix.txt" = 0.0
2 s
[ 5636/24720] Prism::OverlapTest#"test_whitequark/ruby_bug_14690.txt" = 0.04 s
[ 5637/24720] Prism::OverlapTest#"test_unless.txt" = 0.13 s
[ 5638/24720] Prism::OverlapTest#"test_seattlerb/regexp_esc_C_slash.txt" = 0.02 s
[ 5639/24720] Prism::OverlapTest#"test_unparser/corpus/literal/since/30.txt" = 0.07 s
[ 5640/24720] Prism::OverlapTest#"test_seattlerb/block_decomp_anon_splat_arg.txt" = 0.03 s
[ 5641/24720] Prism::OverlapTest#"test_seattlerb/call_env.txt" = 0.02 s
[ 5642/24720] Prism::OverlapTest#"test_whitequark/hash_empty.txt" = 0.02 s
[ 5643/24720] Prism::OverlapTest#"test_seattlerb/defn_oneliner_noargs_parentheses.txt" = 0.02 s
[ 5644/24720] Prism::OverlapTest#"test_seattlerb/masgn_anon_splat_arg.txt" = 0.11 s
[ 5645/24720] Prism::OverlapTest#"test_seattlerb/masgn_splat_arg.txt" = 0.03 s
[ 5646/24720] Prism::OverlapTest#"test_whitequark/bug_cmd_string_lookahead.txt" = 0.02 s
[ 5647/24720] Prism::OverlapTest#"test_whitequark/op_asgn_index_cmd.txt" = 0.04 s
[ 5648/24720] Prism::OverlapTest#"test_seattlerb/call_not.txt" = 0.02 s
[ 5649/24720] Prism::OverlapTest#"test_dstring.txt" = 0.06 s
[ 5650/24720] Prism::OverlapTest#"test_seattlerb/call_trailing_comma.txt" = 0.02 s
[ 5651/24720] Prism::OverlapTest#"test_seattlerb/integer_with_if_modifier.txt" = 0.02 s
[ 5652/24720] Prism::OverlapTest#"test_whitequark/send_op_asgn_conditional.txt" = 0.02 s
[ 5653/24720] Prism::OverlapTest#"test_spanning_heredoc.txt" = 0.32 s
[ 5654/24720] Prism::OverlapTest#"test_whitequark/character.txt" = 0.02 s
[ 5655/24720] Prism::OverlapTest#"test_whitequark/args_star.txt" = 0.04 s
[ 5656/24720] Prism::OverlapTest#"test_whitequark/send_block_chain_cmd.txt" = 0.16 s
[ 5657/24720] Prism::OverlapTest#"test_whitequark/ambiuous_quoted_label_in_ternary_operator.txt" = 0
.04 s
[ 5658/24720] Prism::OverlapTest#"test_unparser/corpus/literal/assignment.txt" = 0.72 s
[ 5659/24720] Prism::OverlapTest#"test_seattlerb/call_colon_parens.txt" = 0.02 s
[ 5660/24720] Prism::OverlapTest#"test_whitequark/nil_expression.txt" = 0.02 s
[ 5661/24720] Prism::OverlapTest#"test_unparser/corpus/literal/opasgn.txt" = 0.26 s
[ 5662/24720] Prism::OverlapTest#"test_seattlerb/alias_resword.txt" = 0.02 s
[ 5663/24720] Prism::OverlapTest#"test_seattlerb/defn_endless_command_rescue.txt" = 0.13 s
[ 5664/24720] Prism::OverlapTest#"test_seattlerb/call_unary_bang.txt" = 0.02 s
[ 5665/24720] Prism::OverlapTest#"test_whitequark/zsuper.txt" = 0.02 s
[ 5666/24720] Prism::OverlapTest#"test_seattlerb/iter_args_9_2.txt" = 0.04 s
[ 5667/24720] Prism::OverlapTest#"test_seattlerb/parse_def_special_name.txt" = 0.02 s
[ 5668/24720] Prism::OverlapTest#"test_whitequark/bug_cmdarg.txt" = 0.06 s
[ 5669/24720] Prism::OverlapTest#"test_whitequark/trailing_forward_arg.txt" = 0.04 s
[ 5670/24720] Prism::OverlapTest#"test_seattlerb/multiline_hash_declaration.txt" = 0.06 s
[ 5671/24720] Prism::OverlapTest#"test_seattlerb/block_arg_opt_splat.txt" = 0.04 s
[ 5672/24720] Prism::OverlapTest#"test_whitequark/bug_481.txt" = 0.03 s
[ 5673/24720] Prism::OverlapTest#"test_seattlerb/iter_args_11_1.txt" = 0.10 s
[ 5674/24720] Prism::OverlapTest#"test_whitequark/non_lvar_injecting_match.txt" = 0.04 s
[ 5675/24720] Prism::OverlapTest#"test_whitequark/rescue.txt" = 0.03 s
[ 5676/24720] Prism::OverlapTest#"test_unparser/corpus/literal/class.txt" = 0.13 s
[ 5677/24720] Prism::OverlapTest#"test_seattlerb/difficult2_.txt" = 0.06 s
[ 5678/24720] Prism::OverlapTest#"test_repeat_parameters.txt" = 0.31 s
[ 5679/24720] Prism::OverlapTest#"test_whitequark/array_words_interp.txt" = 0.06 s
[ 5680/24720] Prism::OverlapTest#"test_whitequark/dedenting_interpolating_heredoc_fake_line_continua
tion.txt" = 0.02 s
[ 5681/24720] Prism::OverlapTest#"test_whitequark/casgn_toplevel.txt" = 0.02 s
[ 5682/24720] Prism::OverlapTest#"test_whitequark/ruby_bug_15789.txt" = 0.08 s
[ 5683/24720] Prism::OverlapTest#"test_whitequark/ivar.txt" = 0.02 s
[ 5684/24720] Prism::OverlapTest#"test_whitequark/args_args_star.txt" = 0.05 s
[ 5685/24720] Prism::OverlapTest#"test_symbols.txt" = 0.33 s
[ 5686/24720] Prism::OverlapTest#"test_seattlerb/block_decomp_arg_splat.txt" = 0.03 s
[ 5687/24720] Prism::OverlapTest#"test_not.txt" = 0.13 s
[ 5688/24720] Prism::OverlapTest#"test_seattlerb/bug_hash_interp_array.txt" = 0.03 s
[ 5689/24720] Prism::OverlapTest#"test_seattlerb/masgn_colon3.txt" = 0.03 s
[ 5690/24720] Prism::OverlapTest#"test_whitequark/xstring_plain.txt" = 0.02 s
[ 5691/24720] Prism::OverlapTest#"test_whitequark/if_masgn__24.txt" = 0.03 s
[ 5692/24720] Prism::OverlapTest#"test_seattlerb/pipe_semicolon.txt" = 0.03 s
[ 5693/24720] Prism::OverlapTest#"test_seattlerb/difficult6__7.txt" = 0.04 s
[ 5694/24720] Prism::OverlapTest#"test_seattlerb/defn_kwarg_val.txt" = 0.03 s
[ 5695/24720] Prism::OverlapTest#"test_seattlerb/eq_begin_line_numbers.txt" = 0.02 s
[ 5696/24720] Prism::OverlapTest#"test_unparser/corpus/literal/range.txt" = 0.05 s
[ 5697/24720] Prism::OverlapTest#"test_seattlerb/rescue_do_end_rescued.txt" = 0.05 s
[ 5698/24720] Prism::OverlapTest#"test_seattlerb/call_div.txt" = 0.02 s
[ 5699/24720] Prism::OverlapTest#"test_seattlerb/difficult3__12.txt" = 0.04 s
[ 5700/24720] Prism::OverlapTest#"test_whitequark/args_args_assocs_comma.txt" = 0.04 s
[ 5701/24720] Prism::OverlapTest#"test_seattlerb/bug_not_parens.txt" = 0.02 s
[ 5702/24720] Prism::OverlapTest#"test_heredoc_with_carriage_returns.txt" = 0.02 s
[ 5703/24720] Prism::OverlapTest#"test_seattlerb/block_decomp_arg_splat_arg.txt" = 0.04 s
[ 5704/24720] Prism::OverlapTest#"test_seattlerb/parse_pattern_076.txt" = 0.05 s
[ 5705/24720] Prism::OverlapTest#"test_seattlerb/uminus_float.txt" = 0.02 s
[ 5706/24720] Prism::OverlapTest#"test_whitequark/regex_interp.txt" = 0.03 s
[ 5707/24720] Prism::OverlapTest#"test_whitequark/if_nl_then.txt" = 0.03 s
[ 5708/24720] Prism::OverlapTest#"test_seattlerb/difficult1_line_numbers.txt" = 0.14 s
[ 5709/24720] Prism::OverlapTest#"test_whitequark/ruby_bug_11380.txt" = 0.04 s
[ 5710/24720] Prism::OverlapTest#"test_seattlerb/unary_plus.txt" = 0.02 s
[ 5711/24720] Prism::OverlapTest#"test_xstring.txt" = 0.05 s
[ 5712/24720] Prism::OverlapTest#"test_whitequark/arg_label.txt" = 0.06 s
[ 5713/24720] Prism::OverlapTest#"test_seattlerb/case_in_array_pat_paren_assign.txt" = 0.04 s
[ 5714/24720] Prism::OverlapTest#"test_dash_heredocs.txt" = 0.13 s
[ 5715/24720] Prism::OverlapTest#"test_unparser/corpus/literal/dstr.txt" = 0.19 s
[ 5716/24720] Prism::OverlapTest#"test_whitequark/casgn_scoped.txt" = 0.02 s
[ 5717/24720] Prism::OverlapTest#"test_unparser/corpus/literal/undef.txt" = 0.03 s
[ 5718/24720] Prism::OverlapTest#"test_seattlerb/bug169.txt" = 0.02 s
[ 5719/24720] Prism::OverlapTest#"test_whitequark/send_attr_asgn.txt" = 0.06 s
[ 5720/24720] Prism::OverlapTest#"test_whitequark/defined.txt" = 0.03 s
[ 5721/24720] Prism::OverlapTest#"test_unparser/corpus/literal/empty_begin.txt" = 0.02 s
[ 5722/24720] Prism::OverlapTest#"test_whitequark/send_lambda_args_shadow.txt" = 0.03 s
[ 5723/24720] Prism::OverlapTest#"test_whitequark/rescue_without_begin_end.txt" = 0.04 s
[ 5724/24720] Prism::OverlapTest#"test_seattlerb/attrasgn_array_lhs.txt" = 0.05 s
[ 5725/24720] Prism::OverlapTest#"test_whitequark/lparenarg_after_lvar__since_25.txt" = 0.05 s
[ 5726/24720] Prism::OverlapTest#"test_arrays.txt" = 0.81 s
[ 5727/24720] Prism::OverlapTest#"test_seattlerb/dsym_to_sym.txt" = 0.03 s
[ 5728/24720] Prism::OverlapTest#"test_seattlerb/op_asgn_primary_colon_identifier1.txt" = 0.02 s
[ 5729/24720] Prism::OverlapTest#"test_seattlerb/str_double_escaped_newline.txt" = 0.03 s
[ 5730/24720] Prism::OverlapTest#"test_seattlerb/call_stabby_do_end_with_block.txt" = 0.04 s
[ 5731/24720] Prism::OverlapTest#"test_whitequark/bug_do_block_in_call_args.txt" = 0.03 s
[ 5732/24720] Prism::OverlapTest#"test_whitequark/for.txt" = 0.05 s
[ 5733/24720] Prism::OverlapTest#"test_seattlerb/str_backslashes.txt" = 0.02 s
[ 5734/24720] Prism::OverlapTest#"test_seattlerb/parse_until_not_noncanonical.txt" = 0.03 s
[ 5735/24720] Prism::OverlapTest#"test_seattlerb/heredoc_backslash_nl.txt" = 0.02 s
[ 5736/24720] Prism::OverlapTest#"test_seattlerb/parse_line_multiline_str_literal_n.txt" = 0.02 s
[ 5737/24720] Prism::OverlapTest#"test_seattlerb/rescue_do_end_no_raise.txt" = 0.05 s
[ 5738/24720] Prism::OverlapTest#"test_whitequark/send_index_cmd.txt" = 0.03 s
[ 5739/24720] Prism::OverlapTest#"test_seattlerb/heredoc_trailing_slash_continued_call.txt" = 0.02 s
[ 5740/24720] Prism::OverlapTest#"test_seattlerb/mlhs_keyword.txt" = 0.03 s
[ 5741/24720] Prism::OverlapTest#"test_whitequark/arg_duplicate_ignored.txt" = 0.04 s
[ 5742/24720] Prism::OverlapTest#"test_seattlerb/defs_kwarg.txt" = 0.03 s
[ 5743/24720] Prism::OverlapTest#"test_whitequark/rescue_mod_asgn.txt" = 0.03 s
[ 5744/24720] Prism::OverlapTest#"test_seattlerb/begin_rescue_else_ensure_no_bodies.txt" = 0.03 s
[ 5745/24720] Prism::OverlapTest#"test_seattlerb/parse_line_rescue.txt" = 0.04 s
[ 5746/24720] Prism::OverlapTest#"test_whitequark/array_words.txt" = 0.02 s
[ 5747/24720] Prism::OverlapTest#"test_whitequark/cond_begin.txt" = 0.03 s
[ 5748/24720] Prism::OverlapTest#"test_unparser/corpus/literal/hookexe.txt" = 0.03 s
[ 5749/24720] Prism::OverlapTest#"test_seattlerb/BEGIN.txt" = 0.02 s
[ 5750/24720] Prism::OverlapTest#"test_whitequark/rescue_mod_masgn.txt" = 0.04 s
[ 5751/24720] Prism::OverlapTest#"test_whitequark/keyword_argument_omission.txt" = 0.05 s
[ 5752/24720] Prism::OverlapTest#"test_whitequark/symbol_plain.txt" = 0.02 s
[ 5753/24720] Prism::OverlapTest#"test_whitequark/when_then.txt" = 0.03 s
[ 5754/24720] Prism::OverlapTest#"test_seattlerb/unary_plus_on_literal.txt" = 0.02 s
[ 5755/24720] Prism::OverlapTest#"test_seattlerb/call_array_lit_inline_hash.txt" = 0.04 s
[ 5756/24720] Prism::OverlapTest#"test_seattlerb/str_newline_hash_line_number.txt" = 0.02 s
[ 5757/24720] Prism::OverlapTest#"test_seattlerb/iter_args_4.txt" = 0.03 s
[ 5758/24720] Prism::OverlapTest#"test_whitequark/true.txt" = 0.02 s
[ 5759/24720] Prism::OverlapTest#"test_seattlerb/qw_escape.txt" = 0.02 s
[ 5760/24720] Prism::OverlapTest#"test_whitequark/send_plain_cmd.txt" = 0.05 s
[ 5761/24720] Prism::OverlapTest#"test_seattlerb/op_asgn_primary_colon_const_command_call.txt" = 0.0
3 s
[ 5762/24720] Prism::OverlapTest#"test_seattlerb/masgn_splat_arg_arg.txt" = 0.03 s
[ 5763/24720] Prism::OverlapTest#"test_integer_operations.txt" = 0.39 s
[ 5764/24720] Prism::OverlapTest#"test_seattlerb/block_call_dot_op2_cmd_args_do_block.txt" = 0.06 s
[ 5765/24720] Prism::OverlapTest#"test_seattlerb/defn_kwarg_kwarg.txt" = 0.03 s
[ 5766/24720] Prism::OverlapTest#"test_whitequark/and_asgn.txt" = 0.04 s
[ 5767/24720] Prism::OverlapTest#"test_seattlerb/block_arg_kwsplat.txt" = 0.03 s
[ 5768/24720] Prism::OverlapTest#"test_seattlerb/case_in_array_pat_const2.txt" = 0.04 s
[ 5769/24720] Prism::OverlapTest#"test_whitequark/when_multi.txt" = 0.03 s
[ 5770/24720] Prism::OverlapTest#"test_seattlerb/difficult3_3.txt" = 0.03 s
[ 5771/24720] Prism::OverlapTest#"test_whitequark/bang.txt" = 0.02 s
[ 5772/24720] Prism::OverlapTest#"test_whitequark/unless_else.txt" = 0.05 s
[ 5773/24720] Prism::OverlapTest#"test_seattlerb/defn_forward_args__no_parens.txt" = 0.03 s
[ 5774/24720] Prism::OverlapTest#"test_heredocs_with_ignored_newlines_and_non_empty.txt" = 0.02 s
[ 5775/24720] Prism::OverlapTest#"test_whitequark/pattern_matching_single_line_allowed_omission_of_p
arentheses.txt" = 0.18 s
[ 5776/24720] Prism::OverlapTest#"test_whitequark/__ENCODING__.txt" = 0.02 s
[ 5777/24720] Prism::OverlapTest#"test_whitequark/if.txt" = 0.04 s
[ 5778/24720] Prism::OverlapTest#"test_range_end_open_inclusive.txt" = 0.02 s
[ 5779/24720] Prism::OverlapTest#"test_seattlerb/bug_hash_args_trailing_comma.txt" = 0.03 s
[ 5780/24720] Prism::OverlapTest#"test_seattlerb/quoted_symbol_hash_arg.txt" = 0.03 s
[ 5781/24720] Prism::OverlapTest#"test_seattlerb/stabby_block_kw__required.txt" = 0.02 s
[ 5782/24720] Prism::OverlapTest#"test_seattlerb/difficult3__6.txt" = 0.04 s
[ 5783/24720] Prism::OverlapTest#"test_seattlerb/heredoc_nested.txt" = 0.03 s
[ 5784/24720] Prism::OverlapTest#"test_seattlerb/parse_line_iter_call_parens.txt" = 0.05 s
[ 5785/24720] Prism::OverlapTest#"test_whitequark/args_args_comma.txt" = 0.02 s
[ 5786/24720] Prism::OverlapTest#"test_seattlerb/symbols.txt" = 0.02 s
[ 5787/24720] Prism::OverlapTest#"test_keywords.txt" = 0.05 s
[ 5788/24720] Prism::OverlapTest#"test_seattlerb/safe_op_asgn.txt" = 0.03 s
[ 5789/24720] Prism::OverlapTest#"test_whitequark/array_words_empty.txt" = 0.02 s
[ 5790/24720] Prism::OverlapTest#"test_whitequark/send_self_block.txt" = 0.04 s
[ 5791/24720] Prism::OverlapTest#"test_whitequark/hash_label_end.txt" = 0.07 s
[ 5792/24720] Prism::OverlapTest#"test_seattlerb/case_in_or.txt" = 0.04 s
[ 5793/24720] Prism::OverlapTest#"test_seattlerb/safe_call.txt" = 0.02 s
[ 5794/24720] Prism::OverlapTest#"test_whitequark/forward_arg_with_open_args.txt" = 0.24 s
[ 5795/24720] Prism::OverlapTest#"test_whitequark/send_index_asgn_legacy.txt" = 0.03 s
[ 5796/24720] Prism::OverlapTest#"test_whitequark/unless_mod.txt" = 0.03 s
[ 5797/24720] Prism::OverlapTest#"test_heredocs_leading_whitespace.txt" = 0.04 s
[ 5798/24720] Prism::OverlapTest#"test_seattlerb/begin_rescue_ensure_no_bodies.txt" = 0.02 s
[ 5799/24720] Prism::OverlapTest#"test_whitequark/back_ref.txt" = 0.02 s
[ 5800/24720] Prism::OverlapTest#"test_seattlerb/rescue_do_end_raised.txt" = 0.04 s
[ 5801/24720] Prism::OverlapTest#"test_whitequark/ruby_bug_12669.txt" = 0.07 s
[ 5802/24720] Prism::OverlapTest#"test_whitequark/__ENCODING___legacy_.txt" = 0.02 s
[ 5803/24720] Prism::OverlapTest#"test_whitequark/masgn_cmd.txt" = 0.03 s
[ 5804/24720] Prism::OverlapTest#"test_whitequark/parser_bug_604.txt" = 0.03 s
[ 5805/24720] Prism::OverlapTest#"test_whitequark/kwrestarg_unnamed.txt" = 0.02 s
[ 5806/24720] Prism::OverlapTest#"test_defined.txt" = 0.06 s
[ 5807/24720] Prism::OverlapTest#"test_seattlerb/heredoc_squiggly_blank_lines.txt" = 0.02 s
[ 5808/24720] Prism::OverlapTest#"test_seattlerb/parse_pattern_058.txt" = 0.06 s
[ 5809/24720] Prism::OverlapTest#"test_seattlerb/symbols_interp.txt" = 0.02 s
[ 5810/24720] Prism::OverlapTest#"test_seattlerb/bug191.txt" = 0.05 s
[ 5811/24720] Prism::OverlapTest#"test_seattlerb/defn_reg_opt_reg.txt" = 0.03 s
[ 5812/24720] Prism::OverlapTest#"test_seattlerb/assoc_label.txt" = 0.03 s
[ 5813/24720] Prism::OverlapTest#"test_unparser/corpus/literal/rescue.txt" = 0.06 s
[ 5814/24720] Prism::OverlapTest#"test_seattlerb/const_2_op_asgn_or2.txt" = 0.11 s
[ 5815/24720] Prism::OverlapTest#"test_seattlerb/case_in_37.txt" = 0.05 s
[ 5816/24720] Prism::OverlapTest#"test_whitequark/ternary.txt" = 0.03 s
[ 5817/24720] Prism::OverlapTest#"test_seattlerb/parse_line_defn_no_parens_args.txt" = 0.02 s
[ 5818/24720] Prism::OverlapTest#"test_seattlerb/words_interp.txt" = 0.03 s
[ 5819/24720] Prism::OverlapTest#"test_seattlerb/call_bang_command_call.txt" = 0.03 s
[ 5820/24720] Prism::OverlapTest#"test_whitequark/gvasgn.txt" = 0.02 s
[ 5821/24720] Prism::OverlapTest#"test_whitequark/postexe.txt" = 0.02 s
[ 5822/24720] Prism::OverlapTest#"test_whitequark/and_or_masgn.txt" = 0.06 s
[ 5823/24720] Prism::OverlapTest#"test_seattlerb/defn_opt_reg.txt" = 0.03 s
[ 5824/24720] Prism::OverlapTest#"test_method_calls.txt" = 1.37 s
[ 5825/24720] Prism::OverlapTest#"test_seattlerb/heredoc_with_only_carriage_returns.txt" = 0.02 s
[ 5826/24720] Prism::OverlapTest#"test_seattlerb/heredoc_squiggly_visually_blank_lines.txt" = 0.02 s
[ 5827/24720] Prism::OverlapTest#"test_seattlerb/call_colon2.txt" = 0.02 s
[ 5828/24720] Prism::OverlapTest#"test_whitequark/while.txt" = 0.04 s
[ 5829/24720] Prism::OverlapTest#"test_whitequark/kwnilarg.txt" = 0.05 s
[ 5830/24720] Prism::OverlapTest#"test_seattlerb/call_arg_assoc.txt" = 0.03 s
[ 5831/24720] Prism::OverlapTest#"test_whitequark/case_expr_else.txt" = 0.04 s
[ 5832/24720] Prism::OverlapTest#"test_seattlerb/block_paren_splat.txt" = 0.04 s
[ 5833/24720] Prism::OverlapTest#"test_seattlerb/call_and.txt" = 0.02 s
[ 5834/24720] Prism::OverlapTest#"test_whitequark/self.txt" = 0.10 s
[ 5835/24720] Prism::OverlapTest#"test_whitequark/bug_regex_verification.txt" = 0.02 s
[ 5836/24720] Prism::OverlapTest#"test_classes.txt" = 0.21 s
[ 5837/24720] Prism::OverlapTest#"test_whitequark/masgn_splat.txt" = 0.16 s
[ 5838/24720] Prism::OverlapTest#"test_emoji_method_calls.txt" = 0.03 s
[ 5839/24720] Prism::OverlapTest#"test_whitequark/parser_bug_645.txt" = 0.03 s
[ 5840/24720] Prism::OverlapTest#"test_seattlerb/parse_line_iter_call_no_parens.txt" = 0.05 s
[ 5841/24720] Prism::OverlapTest#"test_whitequark/super_block.txt" = 0.03 s
[ 5842/24720] Prism::OverlapTest#"test_whitequark/ruby_bug_10653.txt" = 0.11 s
[ 5843/24720] Prism::OverlapTest#"test_whitequark/beginless_erange_after_newline.txt" = 0.02 s
[ 5844/24720] Prism::OverlapTest#"test_seattlerb/lasgn_call_bracket_rescue_arg.txt" = 0.03 s
[ 5845/24720] Prism::OverlapTest#"test_seattlerb/parse_line_dstr_escaped_newline.txt" = 0.02 s
[ 5846/24720] Prism::OverlapTest#"test_seattlerb/const_op_asgn_or.txt" = 0.02 s
[ 5847/24720] Prism::OverlapTest#"test_seattlerb/parse_line_to_ary.txt" = 0.03 s
[ 5848/24720] Prism::OverlapTest#"test_seattlerb/heredoc_bad_oct_escape.txt" = 0.02 s
[ 5849/24720] Prism::OverlapTest#"test_seattlerb/defn_comments.txt" = 0.02 s
[ 5850/24720] Prism::OverlapTest#"test_whitequark/if_mod.txt" = 0.02 s
[ 5851/24720] Prism::OverlapTest#"test_whitequark/bug_rescue_empty_else.txt" = 0.02 s
[ 5852/24720] Prism::OverlapTest#"test_seattlerb/label_vs_string.txt" = 0.03 s
[ 5853/24720] Prism::OverlapTest#"test_whitequark/space_args_arg_call.txt" = 0.03 s
[ 5854/24720] Prism::OverlapTest#"test_variables.txt" = 0.28 s
[ 5855/24720] Prism::OverlapTest#"test_whitequark/endless_comparison_method.txt" = 0.10 s
[ 5856/24720] Prism::OverlapTest#"test_seattlerb/case_in_42.txt" = 0.04 s
[ 5857/24720] Prism::OverlapTest#"test_regex_char_width.txt" = 0.04 s
[ 5858/24720] Prism::OverlapTest#"test_seattlerb/difficult3__11.txt" = 0.03 s
[ 5859/24720] Prism::OverlapTest#"test_seattlerb/bdot2.txt" = 0.03 s
[ 5860/24720] Prism::OverlapTest#"test_whitequark/blockargs.txt" = 0.70 s
[ 5861/24720] Prism::OverlapTest#"test_whitequark/when_splat.txt" = 0.12 s
[ 5862/24720] Prism::OverlapTest#"test_seattlerb/iter_args_11_2.txt" = 0.04 s
[ 5863/24720] Prism::OverlapTest#"test_whitequark/string_plain.txt" = 0.02 s
[ 5864/24720] Prism::OverlapTest#"test_whitequark/restarg_named.txt" = 0.02 s
[ 5865/24720] Prism::OverlapTest#"test_indented_file_end.txt" = 0.02 s
[ 5866/24720] Prism::OverlapTest#"test_whitequark/if_else.txt" = 0.05 s
[ 5867/24720] Prism::OverlapTest#"test_seattlerb/parse_until_not_canonical.txt" = 0.03 s
[ 5868/24720] Prism::OverlapTest#"test_whitequark/lbrace_arg_after_command_args.txt" = 0.04 s
[ 5869/24720] Prism::OverlapTest#"test_seattlerb/masgn_star.txt" = 0.02 s
[ 5870/24720] Prism::OverlapTest#"test_seattlerb/call_trailing_dots.txt" = 0.02 s
[ 5871/24720] Prism::OverlapTest#"test_seattlerb/block_call_operation_dot.txt" = 0.03 s
[ 5872/24720] Prism::OverlapTest#"test_seattlerb/difficult3_4.txt" = 0.04 s
[ 5873/24720] Prism::OverlapTest#"test_seattlerb/parse_line_trailing_newlines.txt" = 0.02 s
[ 5874/24720] Prism::OverlapTest#"test_whitequark/parser_bug_525.txt" = 0.04 s
[ 5875/24720] Prism::OverlapTest#"test_whitequark/forward_args_legacy.txt" = 0.06 s
[ 5876/24720] Prism::OverlapTest#"test_heredoc_with_escaped_newline_at_start.txt" = 0.04 s
[ 5877/24720] Prism::OverlapTest#"test_seattlerb/call_gt.txt" = 0.02 s
[ 5878/24720] Prism::OverlapTest#"test_seattlerb/block_scope.txt" = 0.02 s
[ 5879/24720] Prism::OverlapTest#"test_tilde_heredocs.txt" = 0.23 s
[ 5880/24720] Prism::OverlapTest#"test_whitequark/string___FILE__.txt" = 0.02 s
[ 5881/24720] Prism::OverlapTest#"test_whitequark/procarg0.txt" = 0.05 s
[ 5882/24720] Prism::OverlapTest#"test_seattlerb/iter_args_9_1.txt" = 0.03 s
[ 5883/24720] Prism::OverlapTest#"test_whitequark/ruby_bug_11873.txt" = 0.34 s
[ 5884/24720] Prism::OverlapTest#"test_whitequark/endless_method.txt" = 0.08 s
[ 5885/24720] Prism::OverlapTest#"test_seattlerb/mlhs_back_splat.txt" = 0.04 s
[ 5886/24720] Prism::OverlapTest#"test_seattlerb/parse_pattern_019.txt" = 0.03 s
[ 5887/24720] Prism::OverlapTest#"test_seattlerb/iter_args_3.txt" = 0.04 s
[ 5888/24720] Prism::OverlapTest#"test_whitequark/multiple_pattern_matches.txt" = 0.12 s
[ 5889/24720] Prism::OverlapTest#"test_seattlerb/str_pct_q.txt" = 0.02 s
[ 5890/24720] Prism::OverlapTest#"test_unparser/corpus/literal/def.txt" = 0.61 s
[ 5891/24720] Prism::OverlapTest#"test_seattlerb/symbol_empty.txt" = 0.02 s
[ 5892/24720] Prism::OverlapTest#"test_seattlerb/defn_endless_command.txt" = 0.11 s
[ 5893/24720] Prism::OverlapTest#"test_seattlerb/heredoc_bad_hex_escape.txt" = 0.02 s
[ 5894/24720] Prism::OverlapTest#"test_whitequark/ruby_bug_11990.txt" = 0.03 s
[ 5895/24720] Prism::OverlapTest#"test_seattlerb/bug236.txt" = 0.05 s
[ 5896/24720] Prism::OverlapTest#"test_whitequark/const_unscoped.txt" = 0.02 s
[ 5897/24720] Prism::OverlapTest#"test_whitequark/xstring_interp.txt" = 0.03 s
[ 5898/24720] Prism::OverlapTest#"test_whitequark/or.txt" = 0.03 s
[ 5899/24720] Prism::OverlapTest#"test_whitequark/cond_iflipflop.txt" = 0.04 s
[ 5900/24720] Prism::OverlapTest#"test_whitequark/var_op_asgn.txt" = 0.04 s
[ 5901/24720] Prism::OverlapTest#"test_seattlerb/call_carat.txt" = 0.02 s
[ 5902/24720] Prism::OverlapTest#"test_seattlerb/backticks_interpolation_line.txt" = 0.03 s
[ 5903/24720] Prism::OverlapTest#"test_seattlerb/attrasgn_array_arg.txt" = 0.03 s
[ 5904/24720] Prism::OverlapTest#"test_whitequark/return.txt" = 0.05 s
[ 5905/24720] Prism::OverlapTest#"test_seattlerb/defn_args_forward_args.txt" = 0.05 s
[ 5906/24720] Prism::OverlapTest#"test_begin_rescue.txt" = 0.46 s
[ 5907/24720] Prism::OverlapTest#"test_unparser/corpus/semantic/opasgn.txt" = 0.05 s
[ 5908/24720] Prism::OverlapTest#"test_seattlerb/call_array_arg.txt" = 0.03 s
[ 5909/24720] Prism::OverlapTest#"test_whitequark/array_plain.txt" = 0.02 s
[ 5910/24720] Prism::OverlapTest#"test_seattlerb/class_comments.txt" = 0.03 s
[ 5911/24720] Prism::OverlapTest#"test_whitequark/gvar.txt" = 0.02 s
[ 5912/24720] Prism::OverlapTest#"test_seattlerb/block_arg_opt_splat_arg_block_omfg.txt" = 0.04 s
[ 5913/24720] Prism::OverlapTest#"test_whitequark/forward_arg.txt" = 0.04 s
[ 5914/24720] Prism::OverlapTest#"test_seattlerb/str_evstr_escape.txt" = 0.03 s
[ 5915/24720] Prism::OverlapTest#"test_seattlerb/heredoc_squiggly_blank_line_plus_interpolation.txt"
 = 0.04 s
[ 5916/24720] Prism::OverlapTest#"test_seattlerb/block_args_no_kwargs.txt" = 0.03 s
[ 5917/24720] Prism::OverlapTest#"test_whitequark/array_symbols_empty.txt" = 0.02 s
[ 5918/24720] Prism::OverlapTest#"test_booleans.txt" = 0.02 s
[ 5919/24720] Prism::OverlapTest#"test_seattlerb/str_str_str.txt" = 0.03 s
[ 5920/24720] Prism::OverlapTest#"test_whitequark/while_post.txt" = 0.03 s
[ 5921/24720] Prism::OverlapTest#"test_whitequark/case_cond_else.txt" = 0.04 s
[ 5922/24720] Prism::OverlapTest#"test_seattlerb/defn_kwarg_kwsplat.txt" = 0.03 s
[ 5923/24720] Prism::OverlapTest#"test_whitequark/anonymous_blockarg.txt" = 0.13 s
[ 5924/24720] Prism::OverlapTest#"test_seattlerb/bug202.txt" = 0.03 s
[ 5925/24720] Prism::OverlapTest#"test_seattlerb/mlhs_back_anonsplat.txt" = 0.03 s
[ 5926/24720] Prism::OverlapTest#"test_seattlerb/bug_masgn_right.txt" = 0.04 s
[ 5927/24720] Prism::OverlapTest#"test_whitequark/symbol_interp.txt" = 0.03 s
[ 5928/24720] Prism::OverlapTest#"test_seattlerb/iter_args_2__19.txt" = 0.03 s
[ 5929/24720] Prism::OverlapTest#"test_whitequark/cond_iflipflop_with_beginless_range.txt" = 0.02 s
[ 5930/24720] Prism::OverlapTest#"test_seattlerb/safe_call_dot_parens.txt" = 0.02 s
[ 5931/24720] Prism::OverlapTest#"test_seattlerb/heredoc_with_carriage_return_escapes.txt" = 0.02 s
[ 5932/24720] Prism::OverlapTest#"test_seattlerb/mlhs_mid_splat.txt" = 0.04 s
[ 5933/24720] Prism::OverlapTest#"test_seattlerb/safe_attrasgn_constant.txt" = 0.03 s
[ 5934/24720] Prism::OverlapTest#"test_unparser/corpus/semantic/while.txt" = 0.21 s
[ 5935/24720] Prism::OverlapTest#"test_seattlerb/symbol_list.txt" = 0.04 s
[ 5936/24720] Prism::OverlapTest#"test_whitequark/parser_bug_830.txt" = 0.02 s
[ 5937/24720] Prism::OverlapTest#"test_keyword_method_names.txt" = 0.08 s
[ 5938/24720] Prism::OverlapTest#"test_seattlerb/difficult4__leading_dots.txt" = 0.02 s
[ 5939/24720] Prism::OverlapTest#"test_seattlerb/parse_line_postexe.txt" = 0.02 s
[ 5940/24720] Prism::OverlapTest#"test_seattlerb/if_elsif.txt" = 0.03 s
[ 5941/24720] Prism::OverlapTest#"test_hashes.txt" = 0.27 s
[ 5942/24720] Prism::OverlapTest#"test_yield.txt" = 0.06 s
[ 5943/24720] Prism::OverlapTest#"test_heredoc_with_comment.txt" = 0.02 s
[ 5944/24720] Prism::OverlapTest#"test_whitequark/space_args_arg.txt" = 0.03 s
[ 5945/24720] Prism::OverlapTest#"test_seattlerb/call_leading_dots.txt" = 0.02 s
[ 5946/24720] Prism::OverlapTest#"test_seattlerb/call_stabby_with_braces_block.txt" = 0.03 s
[ 5947/24720] Prism::OverlapTest#"test_seattlerb/defs_endless_command_rescue.txt" = 0.04 s
[ 5948/24720] Prism::OverlapTest#"test_seattlerb/str_single_double_escaped_newline.txt" = 0.02 s
[ 5949/24720] Prism::OverlapTest#"test_whitequark/rational.txt" = 0.02 s
[ 5950/24720] Prism::OverlapTest#"test_seattlerb/call_kwsplat.txt" = 0.03 s
[ 5951/24720] Prism::OverlapTest#"test_seattlerb/masgn_arg_ident.txt" = 0.03 s
[ 5952/24720] Prism::OverlapTest#"test_seattlerb/regexp_escape_extended.txt" = 0.02 s
[ 5953/24720] Prism::OverlapTest#"test_seattlerb/masgn_lhs_splat.txt" = 0.03 s
[ 5954/24720] Prism::OverlapTest#"test_whitequark/bug_do_block_in_hash_brace.txt" = 0.18 s
[ 5955/24720] Prism::OverlapTest#"test_whitequark/var_op_asgn_cmd.txt" = 0.02 s
[ 5956/24720] Prism::OverlapTest#"test_unparser/corpus/semantic/literal.txt" = 0.09 s
[ 5957/24720] Prism::OverlapTest#"test_whitequark/rescue_else_ensure.txt" = 0.05 s
[ 5958/24720] Prism::OverlapTest#"test_undef.txt" = 0.08 s
[ 5959/24720] Prism::OverlapTest#"test_seattlerb/parse_line_dot3.txt" = 0.03 s
[ 5960/24720] Prism::OverlapTest#"test_whitequark/asgn_mrhs.txt" = 0.05 s
[ 5961/24720] Prism::OverlapTest#"test_whitequark/masgn_attr.txt" = 0.07 s
[ 5962/24720] Prism::OverlapTest#"test_seattlerb/dsym_esc_to_sym.txt" = 0.02 s
[ 5963/24720] Prism::OverlapTest#"test_whitequark/ruby_bug_11989.txt" = 0.02 s
[ 5964/24720] Prism::OverlapTest#"test_whitequark/not_cmd.txt" = 0.03 s
[ 5965/24720] Prism::OverlapTest#"test_seattlerb/lasgn_env.txt" = 0.02 s
[ 5966/24720] Prism::OverlapTest#"test_whitequark/send_lambda_args_noparen.txt" = 0.04 s
[ 5967/24720] Prism::OverlapTest#"test_seattlerb/defn_kwarg_no_parens.txt" = 0.03 s
[ 5968/24720] Prism::OverlapTest#"test_seattlerb/parse_line_return.txt" = 0.04 s
[ 5969/24720] Prism::OverlapTest#"test_unparser/corpus/literal/pragma.txt" = 0.03 s
[ 5970/24720] Prism::OverlapTest#"test_whitequark/forwarded_kwrestarg_with_additional_kwarg.txt" = 0
.04 s
[ 5971/24720] Prism::OverlapTest#"test_whitequark/args_block_pass.txt" = 0.02 s
[ 5972/24720] Prism::OverlapTest#"test_single_quote_heredocs.txt" = 0.02 s
[ 5973/24720] Prism::OverlapTest#"test_whitequark/bug_heredoc_do.txt" = 0.03 s
[ 5974/24720] Prism::OverlapTest#"test_seattlerb/lambda_do_vs_brace.txt" = 0.05 s
[ 5975/24720] Prism::OverlapTest#"test_seattlerb/block_args_opt2.txt" = 0.04 s
[ 5976/24720] Prism::OverlapTest#"test_seattlerb/case_in_67.txt" = 0.03 s
[ 5977/24720] Prism::OverlapTest#"test_seattlerb/bug_call_arglist_parens.txt" = 0.08 s
[ 5978/24720] Prism::OverlapTest#"test_whitequark/op_asgn_cmd.txt" = 0.08 s
[ 5979/24720] Prism::OverlapTest#"test_seattlerb/case_in_hash_pat.txt" = 0.05 s
[ 5980/24720] Prism::OverlapTest#"test_unescaping.txt" = 0.03 s
[ 5981/24720] Prism::OverlapTest#"test_seattlerb/difficult4__leading_dots2.txt" = 0.02 s
[ 5982/24720] Prism::OverlapTest#"test_embdoc_no_newline_at_end.txt" = 0.01 s
[ 5983/24720] Prism::OverlapTest#"test_seattlerb/block_call_dot_op2_brace_block.txt" = 0.05 s
[ 5984/24720] Prism::OverlapTest#"test_seattlerb/call_args_assoc_trailing_comma.txt" = 0.03 s
[ 5985/24720] Prism::OverlapTest#"test_whitequark/array_splat.txt" = 0.05 s
[ 5986/24720] Prism::OverlapTest#"test_whitequark/begin_cmdarg.txt" = 0.04 s
[ 5987/24720] Prism::OverlapTest#"test_whitequark/pattern_matching_else.txt" = 0.04 s
[ 5988/24720] Prism::OverlapTest#"test_seattlerb/const_op_asgn_and2.txt" = 0.02 s
[ 5989/24720] Prism::OverlapTest#"test_whitequark/cond_begin_masgn.txt" = 0.04 s
[ 5990/24720] Prism::OverlapTest#"test_whitequark/pattern_matching_single_line.txt" = 0.04 s
[ 5991/24720] Prism::OverlapTest#"test_seattlerb/regexp_esc_u.txt" = 0.02 s
[ 5992/24720] Prism::OverlapTest#"test_seattlerb/case_in_find_array.txt" = 0.04 s
[ 5993/24720] Prism::OverlapTest#"test_seattlerb/op_asgn_dot_ident_command_call.txt" = 0.03 s
[ 5994/24720] Prism::OverlapTest#"test_whitequark/ruby_bug_12073.txt" = 0.06 s
[ 5995/24720] Prism::OverlapTest#"test_single_method_call_with_bang.txt" = 0.02 s
[ 5996/24720] Prism::OverlapTest#"test_whitequark/send_binary_op.txt" = 0.26 s
[ 5997/24720] Prism::OverlapTest#"test_seattlerb/iter_args_7_1.txt" = 0.03 s
[ 5998/24720] Prism::OverlapTest#"test_seattlerb/case_in_hash_pat_paren_true.txt" = 0.04 s
[ 5999/24720] Prism::OverlapTest#"test_seattlerb/difficult6__8.txt" = 0.04 s
[ 6000/24720] Prism::OverlapTest#"test_whitequark/array_symbols_interp.txt" = 0.05 s
[ 6001/24720] Prism::OverlapTest#"test_seattlerb/heredoc_with_extra_carriage_returns.txt" = 0.02 s
[ 6002/24720] Prism::OverlapTest#"test_whitequark/ruby_bug_9669.txt" = 0.04 s
[ 6003/24720] Prism::OverlapTest#"test_whitequark/asgn_cmd.txt" = 0.04 s
[ 6004/24720] Prism::OverlapTest#"test_whitequark/alias.txt" = 0.02 s
[ 6005/24720] Prism::OverlapTest#"test_whitequark/case_cond.txt" = 0.03 s
[ 6006/24720] RDocParserTest#test_class_can_parse_zip = 0.04 s
[ 6007/24720] RDocParserTest#test_class_use_markup_tomdoc = 0.03 s
[ 6008/24720] RDocParserTest#test_class_for_modeline = 0.05 s
[ 6009/24720] RDocParserTest#test_class_use_markup = 0.03 s
[ 6010/24720] RDocParserTest#test_class_can_parse = 0.07 s
[ 6011/24720] RDocParserTest#test_class_use_markup_unknown = 0.04 s
[ 6012/24720] RDocParserTest#test_class_for_forbidden = 1.24 s
[ 6013/24720] RDocParserTest#test_class_binary_japanese_text = 0.03 s
[ 6014/24720] RDocParserTest#test_check_modeline_with_other = 0.04 s
[ 6015/24720] RDocParserTest#test_class_binary_japanese_rdoc = 0.03 s
[ 6016/24720] RDocParserTest#test_check_modeline_no_modeline = 0.03 s
[ 6017/24720] RDocParserTest#test_check_modeline_coding = 0.03 s
[ 6018/24720] RDocParserTest#test_class_use_markup_modeline_shebang = 0.03 s
[ 6019/24720] RDocParserTest#test_can_parse_modeline = 0.04 s
[ 6020/24720] RDocParserTest#test_class_use_markup_modeline = 0.03 s
[ 6021/24720] RDocParserTest#test_class_for_markup = 0.04 s
[ 6022/24720] RDocParserTest#test_initialize = 0.03 s
[ 6023/24720] RDocParserTest#test_can_parse_modeline_c = 0.04 s
[ 6024/24720] RDocParserTest#test_class_use_markup_markdown = 0.03 s
[ 6025/24720] RDocParserTest#test_class_for_binary = 0.04 s
[ 6026/24720] RDocParserTest#test_class_binary_eh_marshal = 0.03 s
[ 6027/24720] RDocParserTest#test_class_use_markup_none = 0.03 s
[ 6028/24720] RDocParserTest#test_class_for_executable = 0.06 s
[ 6029/24720] RDocParserTest#test_class_binary_eh_ISO_2022_JP = 0.04 s
[ 6030/24720] RDocParserTest#test_class_binary_large_japanese_rdoc = 0.09 s
[ 6031/24720] RDocParserTest#test_check_modeline = 0.03 s
[ 6032/24720] RDocParserTest#test_class_use_markup_shebang = 0.03 s
[ 6033/24720] Test_TooManyDummyEncodings#test_exceed_encoding_table_size = 9.13 s
[ 6034/24720] TestDigestRactor::TestSHA1Ractor#test_s_hexdigest = 2.74 s
[ 6035/24720] TestM17NComb#test_str_to_i = 0.51 s
[ 6036/24720] TestM17NComb#test_str_aref = 0.09 s
[ 6037/24720] TestM17NComb#test_str_eq_transitive = 16.62 s
[ 6038/24720] TestM17NComb#test_tr_s = 27.77 s
[ 6039/24720] TestM17NComb#test_str_length = 0.04 s
[ 6040/24720] TestM17NComb#test_str_rpartition = 26.64 s
[ 6041/24720] TestM17NComb#test_str_bytesize = 0.04 s
[ 6042/24720] TestM17NComb#test_str_reverse = 0.08 s
[ 6043/24720] TestM17NComb#test_str_assign_substr = 21.49 s
[ 6044/24720] TestM17NComb#test_str_new = 0.11 s
[ 6045/24720] TestM17NComb#test_str_sum = 0.04 s
[ 6046/24720] TestM17NComb#test_str_slice = 107.83 s
[ 6047/24720] TestM17NComb#test_str_bytes = 0.06 s
[ 6048/24720] TestM17NComb#test_str_assign_len = 22.93 s
[ 6049/24720] TestM17NComb#test_str_to_s = 0.06 s
[ 6050/24720] TestM17NComb#test_str_aref_range2 = 15.45 s
[ 6051/24720] TestM17NComb#test_str_hex = 0.06 s
[ 6052/24720] TestM17NComb#test_marshal = 0.08 s
[ 6053/24720] TestM17NComb#test_str_squeeze = 23.15 s
[ 6054/24720] TestM17NComb#test_str_each_byte = 0.08 s
[ 6055/24720] TestM17NComb#test_str_chop = 0.22 s
[ 6056/24720] TestM17NComb#test_str_assign = 44.33 s
[ 6057/24720] TestM17NComb#test_str_index = 24.40 s
[ 6058/24720] TestM17NComb#test_str_center = 37.95 s
[ 6059/24720] TestM17NComb#test_str_include? = 30.00 s
[ 6060/24720] TestM17NComb#test_str_casecmp? = 18.23 s
[ 6061/24720] TestM17NComb#test_str_clone = 0.11 s
[ 6062/24720] TestM17NComb#test_str_assign_range3 = 25.72 s
[ 6063/24720] TestM17NComb#test_str_smart_chomp = 257.34 s
[ 6064/24720] TestM17NComb#test_str_concat = 20.64 s
[ 6065/24720] TestM17NComb#test_str_rjust = 37.92 s
[ 6066/24720] TestM17NComb#test_str_start_with? = 25.19 s
[ 6067/24720] TestM17NComb#test_str_assign_range2 = 26.01 s
[ 6068/24720] TestM17NComb#test_str_dup = 0.16 s
[ 6069/24720] TestM17NComb#test_str_eq = 24.61 s
[ 6070/24720] TestM17NComb#test_str_replace = 17.57 s
[ 6071/24720] TestM17NComb#test_str_times = 0.40 s
[ 6072/24720] TestM17NComb#test_str_downcase = 0.14 s
[ 6073/24720] TestM17NComb#test_str_chr = 0.05 s
[ 6074/24720] TestM17NComb#test_str_strip = 0.23 s
[ 6075/24720] TestM17NComb#test_str_aref_substr = 22.10 s
[ 6076/24720] TestM17NComb#test_str_hash = 15.56 s
[ 6077/24720] TestM17NComb#test_str_end_with? = 26.54 s
[ 6078/24720] TestM17NComb#test_str_delete = 21.68 s
[ 6079/24720] TestM17NComb#test_str_insert = 44.72 s
[ 6080/24720] TestM17NComb#test_tr_sjis = 0.01 s
[ 6081/24720] TestM17NComb#test_str_crypt_nonstrict = 21.21 s
[ 6082/24720] TestM17NComb#test_str_succ2 = 0.01 s
[ 6083/24720] TestM17NComb#test_str_succ = 50.52 s
[ 6084/24720] TestM17NComb#test_str_rindex = 22.54 s
[ 6085/24720] TestM17NComb#test_str_eq_symmetric = 20.10 s
[ 6086/24720] TestM17NComb#test_str_split = 24.93 s
[ 6087/24720] TestM17NComb#test_str_upcase = 0.21 s
[ 6088/24720] TestM17NComb#test_str_oct = 0.05 s
[ 6089/24720] TestM17NComb#test_str_capitalize = 0.29 s
[ 6090/24720] TestM17NComb#test_str_chars = 0.07 s
[ 6091/24720] TestM17NComb#test_str_casecmp = 16.21 s
[ 6092/24720] TestM17NComb#test_bug11486 = 0.02 s
[ 6093/24720] TestM17NComb#test_str_clear = 0.09 s
[ 6094/24720] TestM17NComb#test_str_aref_range3 = 15.17 s
[ 6095/24720] TestM17NComb#test_str_ljust = 37.48 s
[ 6096/24720] TestM17NComb#test_str_sub = 59.87 s
[ 6097/24720] TestM17NComb#test_str_slice! = 137.87 s
[ 6098/24720] TestM17NComb#test_str_plus = 24.05 s
[ 6099/24720] TestM17NComb#test_str_scan = 22.19 s
[ 6100/24720] TestM17NComb#test_str_cmp = 19.25 s
[ 6101/24720] TestM17NComb#test_str_aref_len = 0.15 s
[ 6102/24720] TestM17NComb#test_str_intern = 0.12 s
[ 6103/24720] TestM17NComb#test_tr = 26.25 s
[ 6104/24720] TestM17NComb#test_sprintf_s = 0.42 s
[ 6105/24720] TestM17NComb#test_str_empty? = 0.06 s
[ 6106/24720] TestM17NComb#test_str_chomp = 24.28 s
[ 6107/24720] TestM17NComb#test_str_to_f = 0.02 s
[ 6108/24720] TestM17NComb#test_str_crypt = 16.30 s
[ 6109/24720] TestM17NComb#test_str_ord = 0.06 s
[ 6110/24720] TestM17NComb#test_str_eq_reflexive = 0.09 s
[ 6111/24720] TestM17NComb#test_str_sub! = 60.45 s
[ 6112/24720] TestM17NComb#test_str_count = 20.63 s
[ 6113/24720] TestM17NComb#test_str_partition = 26.30 s
[ 6114/24720] TestM17NComb#test_str_swapcase = 0.14 s
[ 6115/24720] TestM17NComb#test_str_dump = 0.28 s
[ 6116/24720] TestM17NComb#test_str_each_line = 23.90 s
[ 6117/24720] TestGemCommandsListCommand#test_execute_normal_gem_shadowing_default_gem = 1.09 s
[ 6118/24720] TestGemCommandsListCommand#test_execute_installed = 1.52 s
[ 6119/24720] TestBacktrace#test_caller_locations_label = 0.02 s
[ 6120/24720] TestBacktrace#test_exception = 0.02 s
[ 6121/24720] TestBacktrace#test_each_backtrace_location = 0.04 s
[ 6122/24720] TestBacktrace#test_caller_with_limit = 0.04 s
[ 6123/24720] TestBacktrace#test_thread_backtrace = 0.63 s
[ 6124/24720] TestBacktrace#test_caller_locations_absolute_path = 2.48 s
[ 6125/24720] TestBacktrace#test_caller_to_enum = 2.40 s
[ 6126/24720] TestBacktrace#test_core_backtrace_hash_merge = 0.02 s
[ 6127/24720] TestBacktrace#test_caller_locations_base_label = 0.01 s
[ 6128/24720] TestBacktrace#test_caller_locations_with_range = 0.01 s
[ 6129/24720] TestBacktrace#test_core_backtrace_undef = 0.02 s
[ 6130/24720] TestBacktrace#test_caller_limit_cfunc_iseq_no_pc = 0.02 s
[ 6131/24720] TestBacktrace#test_caller_locations_lineno = 2.41 s
[ 6132/24720] TestBacktrace#test_caller_locations_path = 2.74 s
[ 6133/24720] TestBacktrace#test_no_receiver_for_anonymous_class = 4.79 s
[ 6134/24720] TestBacktrace#test_caller_locations = 0.04 s
[ 6135/24720] TestBacktrace#test_core_backtrace_alias = 0.02 s
[ 6136/24720] TestBacktrace#test_caller_location_path_cfunc_iseq_no_pc = 0.02 s
[ 6137/24720] TestBacktrace#test_caller_location_inspect_cfunc_iseq_no_pc = 0.02 s
[ 6138/24720] TestBacktrace#test_exception_backtrace_locations = 0.02 s
[ 6139/24720] TestBacktrace#test_caller_lev = 0.79 s
[ 6140/24720] TestBacktrace#test_caller_locations_to_s_inspect = 0.11 s
[ 6141/24720] TestBacktrace#test_thread_backtrace_locations_with_range = 0.55 s
[ 6142/24720] TestBacktrace#test_caller_with_nil_length = 0.04 s
[ 6143/24720] TestBacktrace#test_notty_backtrace = 10.17 s
[ 6144/24720] TestBacktrace#test_caller_lev_and_n = 116.01 s
[ 6145/24720] TestBacktrace#test_argument_error_backtrace_locations = 0.02 s
[ 6146/24720] TestBacktrace#test_caller_locations_first_label = 0.02 s
[ 6147/24720] TestGemCommandsFetchCommand#test_execute_latest = 1.02 s
[ 6148/24720] TestGemCommandsFetchCommand#test_execute_platform = 0.96 s
[ 6149/24720] TestGemCommandsFetchCommand#test_execute_version_nonexistent = 0.91 s
[ 6150/24720] TestGemCommandsFetchCommand#test_execute = 0.97 s
[ 6151/24720] TestGemCommandsFetchCommand#test_execute_nonexistent_hint_disabled = 0.86 s
[ 6152/24720] TestGemCommandsFetchCommand#test_execute_version_specified_by_colon = 0.97 s
[ 6153/24720] TestGemCommandsFetchCommand#test_execute_specific_prerelease = 0.97 s
[ 6154/24720] TestGemCommandsFetchCommand#test_execute_two_version_specified_by_colon = 0.98 s
[ 6155/24720] TestGemCommandsFetchCommand#test_execute_version = 0.97 s
[ 6156/24720] TestGemCommandsFetchCommand#test_execute_prerelease = 0.98 s
[ 6157/24720] TestGemCommandsFetchCommand#test_execute_two_version = 0.59 s
[ 6158/24720] TestGemResolverGitSet#test_find_all = 0.55 s
[ 6159/24720] TestGemResolverGitSet#test_prefetch = 0.53 s
[ 6160/24720] TestGemResolverGitSet#test_add_git_spec = 0.53 s
[ 6161/24720] TestGemResolverGitSet#test_add_git_gem_submodules = 0.53 s
[ 6162/24720] TestGemResolverGitSet#test_root_dir = 0.50 s
[ 6163/24720] TestGemResolverGitSet#test_find_all_prerelease = 0.53 s
[ 6164/24720] TestGemResolverGitSet#test_find_all_local = 0.53 s
[ 6165/24720] TestGemResolverGitSet#test_prefetch_cache = 0.53 s
[ 6166/24720] TestGemResolverGitSet#test_prefetch_root_dir = 0.54 s
[ 6167/24720] TestGemResolverGitSet#test_prefetch_filter = 0.53 s
[ 6168/24720] TestGemResolverGitSet#test_add_git_gem = 0.54 s
[ 6169/24720] Reline::LineEditor::CompletionBlockTest#test_retrieve_completion_block = 0.32 s
[ 6170/24720] Reline::LineEditor::CompletionBlockTest#test_retrieve_completion_block_with_quote_char
acters = 0.02 s
[ 6171/24720] Reline::LineEditor::CompletionBlockTest#test_retrieve_completion_quote = 0.05 s
[ 6172/24720] TestIRB::ColorPrinterTest#test_color_printer = 0.42 s
[ 6173/24720] TestNetHTTPPartialResponse#test_partial_response = 0.25 s
[ 6174/24720] TestIONonblock#test_flush = 0.05 s
[ 6175/24720] TestIONonblock#test_nonblock = 0.02 s
[ 6176/24720] TestGemUninstaller#test_remove_executables_user_format = 0.95 s
[ 6177/24720] TestGemUninstaller#test_remove_symlinked_gem_home = 1.00 s
[ 6178/24720] TestGemUninstaller#test_path_ok_eh_legacy = 0.99 s
[ 6179/24720] TestGemUninstaller#test_uninstall_user_install_with_symlinked_home = 0.99 s
[ 6180/24720] TestGemUninstaller#test_uninstall_nonexistent = 0.99 s
[ 6181/24720] TestGemUninstaller#test_remove_not_in_home = 0.99 s
[ 6182/24720] TestGemUninstaller#test_uninstall_prompts_about_broken_deps = 0.99 s
[ 6183/24720] TestGemUninstaller#test_remove_executables_user = 0.99 s
[ 6184/24720] TestGemUninstaller#test_remove_all = 0.99 s
[ 6185/24720] TestGemUninstaller#test_uninstall_not_ok = 1.20 s
[ 6186/24720] TestGemUninstaller#test_uninstall_with_install_dir_regenerates_plugins = 0.99 s
[ 6187/24720] TestGemUninstaller#test_remove_executables_force_remove = 1.06 s
[ 6188/24720] TestGemUninstaller#test_path_ok_eh_user = 0.99 s
[ 6189/24720] TestGemUninstaller#test_uninstall_wrong_repo = 1.07 s
[ 6190/24720] TestGemUninstaller#test_uninstall = 0.99 s
[ 6191/24720] TestGemUninstaller#test_uninstall_default_gem = 1.04 s
[ 6192/24720] TestGemUninstaller#test_uninstall_doesnt_prompt_and_raises_when_abort_on_dependent_set
 = 1.00 s
[ 6193/24720] TestGemUninstaller#test_uninstall_user_install = 1.03 s
[ 6194/24720] TestGemUninstaller#test_uninstall_default_gem_with_same_version = 0.99 s
[ 6195/24720] TestGemUninstaller#test_uninstall_no_permission = 1.00 s
[ 6196/24720] TestGemUninstaller#test_uninstall_keeps_plugins_up_to_date = 0.99 s
[ 6197/24720] TestGemUninstaller#test_ask_if_ok = 1.00 s
[ 6198/24720] TestGemUninstaller#test_uninstall_with_install_dir_removes_plugins = 0.99 s
[ 6199/24720] TestGemUninstaller#test_remove_executables_user_format_disabled = 1.00 s
[ 6200/24720] TestGemUninstaller#test_regenerate_plugins_for = 0.99 s
[ 6201/24720] TestGemUninstaller#test_uninstall_selection = 1.00 s
[ 6202/24720] TestGemUninstaller#test_path_ok_eh = 0.99 s
[ 6203/24720] TestGemUninstaller#test_uninstall_doesnt_prompt_when_other_gem_satisfies_requirement =
 1.00 s
[ 6204/24720] TestGemUninstaller#test_uninstall_extension = 0.99 s
[ 6205/24720] TestGemUninstaller#test_remove_plugins = 0.99 s
[ 6206/24720] TestGemUninstaller#test_remove_executables_force_keep = 1.00 s
[ 6207/24720] TestGemUninstaller#test_uninstall_doesnt_prompt_when_removing_a_dev_dep = 0.99 s
[ 6208/24720] TestGemUninstaller#test_uninstall_prompt_includes_dep_type = 1.02 s
[ 6209/24720] TestGemUninstaller#test_uninstall_selection_greater_than_one = 0.99 s
[ 6210/24720] TestGemUninstaller#test_remove_plugins_user_installed = 1.00 s
[ 6211/24720] TestGemUninstaller#test_uninstall_prompt_only_lists_the_dependents_that_prevented_unin
stallation = 0.99 s
[ 6212/24720] TestGemUninstaller#test_initialize_expand_path = 1.01 s
[ 6213/24720] TestGemUninstaller#test_uninstall_only_lists_unsatisfied_deps = 0.98 s
[ 6214/24720] JSONFixturesTest#test_failing = 0.19 s
[ 6215/24720] JSONFixturesTest#test_passing = 0.12 s
[ 6216/24720] JSONFixturesTest#test_sanity = 0.10 s
[ 6217/24720] URI::TestGeneric#test_find_proxy_bad_uri = 0.03 s
[ 6218/24720] URI::TestGeneric#test_find_proxy = 0.18 s
[ 6219/24720] URI::TestGeneric#test_split = 0.02 s
[ 6220/24720] URI::TestGeneric#test_find_proxy_case_sensitive_env = 0.15 s
[ 6221/24720] URI::TestGeneric#test_route = 0.24 s
[ 6222/24720] URI::TestGeneric#test_build = 0.04 s
[ 6223/24720] URI::TestGeneric#test_find_proxy_no_proxy_cidr = 0.18 s
[ 6224/24720] URI::TestGeneric#test_rfc3986_examples = 0.79 s
[ 6225/24720] URI::TestGeneric#test_bad_password_component = 0.02 s
[ 6226/24720] URI::TestGeneric#test_set_component = 0.11 s
[ 6227/24720] URI::TestGeneric#test_find_proxy_bad_value = 0.09 s
[ 6228/24720] URI::TestGeneric#test_build2 = 0.04 s
[ 6229/24720] URI::TestGeneric#test_merge = 0.45 s
[ 6230/24720] URI::TestGeneric#test_parse = 0.11 s
[ 6231/24720] URI::TestGeneric#test_use_proxy_p = 0.06 s
[ 6232/24720] URI::TestGeneric#test_ipv6 = 0.03 s
[ 6233/24720] URI::TestGeneric#test_find_proxy_get = 0.11 s
[ 6234/24720] URI::TestGeneric#test_to_s = 0.05 s
[ 6235/24720] URI::TestGeneric#test_find_proxy_no_env = 0.05 s
[ 6236/24720] URI::TestGeneric#test_join = 0.30 s
[ 6237/24720] URI::TestGeneric#test_find_proxy_no_proxy = 0.33 s
[ 6238/24720] URI::TestGeneric#test_absolute = 0.02 s
[ 6239/24720] URI::TestGeneric#test_hierarchical = 0.02 s
[ 6240/24720] URI::TestGeneric#test_parse_scheme_with_symbols = 0.02 s
[ 6241/24720] URI::TestGeneric#test_set_scheme = 0.02 s
[ 6242/24720] TestUnicodeEscape#test_regexp = 0.07 s
[ 6243/24720] TestUnicodeEscape#test_basic = 8.79 s
[ 6244/24720] TestUnicodeEscape#test_chars = 0.01 s
[ 6245/24720] TestUnicodeEscape#test_syntax_variants = 0.01 s
[ 6246/24720] TestUnicodeEscape#test_fulton = 0.03 s
[ 6247/24720] TestUnicodeEscape#test_fail = 0.07 s
[ 6248/24720] TestUnicodeEscape#test_edge_cases = 0.04 s
[ 6249/24720] TestUnicodeEscape#test_dynamic_regexp = 0.01 s
[ 6250/24720] TestGemVersionOption#test_platform_option_twice = 0.80 s
[ 6251/24720] TestGemVersionOption#test_version_option = 0.66 s
[ 6252/24720] TestGemVersionOption#test_multiple_version_operator_option_compound = 0.67 s
[ 6253/24720] TestGemVersionOption#test_version_option_compound = 0.67 s
[ 6254/24720] TestGemVersionOption#test_version_option_twice = 0.68 s
[ 6255/24720] TestGemVersionOption#test_add_version_option = 0.64 s
[ 6256/24720] TestGemVersionOption#test_platform_option_ruby = 0.64 s
[ 6257/24720] TestGemVersionOption#test_enables_prerelease = 0.67 s
[ 6258/24720] TestGemVersionOption#test_add_platform_option = 0.64 s
[ 6259/24720] TestGemVersionOption#test_version_option_explicit_prerelease = 0.68 s
[ 6260/24720] TestGemVersionOption#test_platform_option = 0.64 s
[ 6261/24720] TestGemDependency#test_matches_spec_eh = 0.53 s
[ 6262/24720] TestGemDependency#test_hash = 0.53 s
[ 6263/24720] TestGemDependency#test_match_eh_name_tuple = 0.51 s
[ 6264/24720] TestGemDependency#test_equals2_type = 0.51 s
[ 6265/24720] TestGemDependency#test_to_specs_suggests_other_versions = 0.81 s
[ 6266/24720] TestGemDependency#test_specific = 0.58 s
[ 6267/24720] TestGemDependency#test_identity = 0.51 s
[ 6268/24720] TestGemDependency#test_to_spec_prerelease = 0.96 s
[ 6269/24720] TestGemDependency#test_to_specs_indicates_total_gem_set_size = 0.85 s
[ 6270/24720] TestGemDependency#test_initialize_type_bad = 0.59 s
[ 6271/24720] TestGemDependency#test_equals_tilde = 0.58 s
[ 6272/24720] TestGemDependency#test_prerelease_eh = 0.51 s
[ 6273/24720] TestGemDependency#test_merge_other_default = 0.51 s
[ 6274/24720] TestGemDependency#test_merge = 0.52 s
[ 6275/24720] TestGemDependency#test_initialize_type = 0.51 s
[ 6276/24720] TestGemDependency#test_equals_tilde_escape = 0.52 s
[ 6277/24720] TestGemDependency#test_to_spec_with_only_prereleases = 0.93 s
[ 6278/24720] TestGemDependency#test_to_specs_respects_bundler_version = 1.11 s
[ 6279/24720] TestGemDependency#test_equals_tilde_spec = 0.69 s
[ 6280/24720] TestGemDependency#test_equals_tilde_object = 0.51 s
[ 6281/24720] TestGemDependency#test_match_eh_allow_prerelease = 0.53 s
[ 6282/24720] TestGemDependency#test_initialize = 0.51 s
[ 6283/24720] TestGemDependency#test_initialize_double = 0.51 s
[ 6284/24720] TestGemDependency#test_merge_default = 0.51 s
[ 6285/24720] TestGemDependency#test_initialize_prerelease = 0.50 s
[ 6286/24720] TestGemDependency#test_to_spec = 0.92 s
[ 6287/24720] TestGemDependency#test_equals2 = 0.59 s
[ 6288/24720] TestGemDependency#test_match_eh_specification = 0.53 s
[ 6289/24720] TestGemDependency#test_initialize_empty = 0.51 s
[ 6290/24720] TestGemDependency#test_merge_name_mismatch = 0.51 s
[ 6291/24720] TestGemDependency#test_matches_spec_eh_prerelease = 0.53 s
[ 6292/24720] TestGemDependency#test_initialize_version = 0.50 s
[ 6293/24720] TestTranscode#test_invalid_ignore = 0.04 s
[ 6294/24720] TestTranscode#test_from_cp50221 = 0.03 s
[ 6295/24720] TestTranscode#test_IBM437 = 0.06 s
[ 6296/24720] TestTranscode#test_gb18030 = 2.80 s
[ 6297/24720] TestTranscode#test_koi8_r = 0.05 s
[ 6298/24720] TestTranscode#test_tilde_overline = 0.05 s
[ 6299/24720] TestTranscode#test_IBM852 = 0.05 s
[ 6300/24720] TestTranscode#test_macCyrillic = 0.05 s
[ 6301/24720] TestTranscode#test_arguments = 0.02 s
[ 6302/24720] TestTranscode#test_noargument = 0.02 s
[ 6303/24720] TestTranscode#test_encode_with_invalid_chars = 0.01 s
[ 6304/24720] TestTranscode#test_undef_replace_string = 0.01 s
[ 6305/24720] TestTranscode#test_iso_2022_jp = 0.06 s
[ 6306/24720] TestTranscode#test_twostep = 0.01 s
[ 6307/24720] TestTranscode#test_all_bytes = 0.04 s
[ 6308/24720] TestTranscode#test_valid_dummy_encoding = 9.04 s
[ 6309/24720] TestTranscode#test_utf_32 = 0.20 s
[ 6310/24720] TestTranscode#test_CP855 = 0.05 s
[ 6311/24720] TestTranscode#test_ill_formed_utf_8_replace = 0.14 s
[ 6312/24720] TestTranscode#test_nothing_changed = 0.01 s
[ 6313/24720] TestTranscode#test_eucjp_sjis_unassigned = 0.12 s
[ 6314/24720] TestTranscode#test_euc_jis_2004 = 0.16 s
[ 6315/24720] TestTranscode#test_invalid_replace = 0.07 s
[ 6316/24720] TestTranscode#test_gbk = 0.41 s
[ 6317/24720] TestTranscode#test_fallback_method = 0.02 s
[ 6318/24720] TestTranscode#test_IBM720 = 0.05 s
[ 6319/24720] TestTranscode#test_CESU_8 = 0.10 s
[ 6320/24720] TestTranscode#test_utf8_mac = 0.09 s
[ 6321/24720] TestTranscode#test_encodings = 0.15 s
[ 6322/24720] TestTranscode#test_undef_replace = 0.01 s
[ 6323/24720] TestTranscode#test_utf_32_bom = 0.02 s
[ 6324/24720] TestTranscode#test_eucjp_ms = 0.02 s
[ 6325/24720] TestTranscode#test_unicode_public_review_issue_121 = 0.01 s
[ 6326/24720] TestTranscode#test_utf_16 = 0.29 s
[ 6327/24720] TestTranscode#test_euc_jp = 0.16 s
[ 6328/24720] TestTranscode#test_eucjp_sjis_undef = 0.05 s
[ 6329/24720] TestTranscode#test_IBM869 = 0.08 s
[ 6330/24720] TestTranscode#test_Big5_UAO = 0.08 s
[ 6331/24720] TestTranscode#test_pseudo_encoding_inspect = 0.01 s
[ 6332/24720] TestTranscode#test_windows_1252 = 0.08 s
[ 6333/24720] TestTranscode#test_loading_race = 9.08 s
[ 6334/24720] TestTranscode#test_fallback_hash_default = 0.01 s
[ 6335/24720] TestTranscode#test_windows_1250 = 0.09 s
[ 6336/24720] TestTranscode#test_IBM865 = 0.05 s
[ 6337/24720] TestTranscode#test_windows_1256 = 0.07 s
[ 6338/24720] TestTranscode#test_macTurkish = 0.06 s
[ 6339/24720] TestTranscode#test_IBM863 = 0.05 s
[ 6340/24720] TestTranscode#test_windows_1254 = 0.08 s
[ 6341/24720] TestTranscode#test_EBCDIC = 0.03 s
[ 6342/24720] TestTranscode#test_IBM861 = 0.05 s
[ 6343/24720] TestTranscode#test_errors = 2.07 s
[ 6344/24720] TestTranscode#test_IBM860 = 0.06 s
[ 6345/24720] TestTranscode#test_windows_1255 = 0.14 s
[ 6346/24720] TestTranscode#test_IBM862 = 0.05 s
[ 6347/24720] TestTranscode#test_windows_1257 = 0.14 s
[ 6348/24720] TestTranscode#test_IBM864 = 0.06 s
[ 6349/24720] TestTranscode#test_windows_1251 = 0.06 s
[ 6350/24720] TestTranscode#test_windows_31j = 0.02 s
[ 6351/24720] TestTranscode#test_yen_sign = 0.06 s
[ 6352/24720] TestTranscode#test_IBM866 = 0.05 s
[ 6353/24720] TestTranscode#test_windows_1253 = 0.11 s
[ 6354/24720] TestTranscode#test_iso_2022_jp_1 = 0.01 s
[ 6355/24720] TestTranscode#test_macRoman = 0.05 s
[ 6356/24720] TestTranscode#test_windows_874 = 0.09 s
[ 6357/24720] TestTranscode#test_newline_options = 0.03 s
[ 6358/24720] TestTranscode#test_fallback_aref = 0.01 s
[ 6359/24720] TestTranscode#test_TIS_620 = 0.08 s
[ 6360/24720] TestTranscode#test_scrub_encode_with_coderange = 0.01 s
[ 6361/24720] TestTranscode#test_macRomania = 0.05 s
[ 6362/24720] TestTranscode#test_eucjp_sjis = 0.08 s
[ 6363/24720] TestTranscode#test_encode_xml_multibyte = 0.42 s
[ 6364/24720] TestTranscode#test_IBM775 = 0.05 s
[ 6365/24720] TestTranscode#test_ascii_range = 0.04 s
[ 6366/24720] TestTranscode#test_macCroatian = 0.10 s
[ 6367/24720] TestTranscode#test_shift_jis = 0.12 s
[ 6368/24720] TestTranscode#test_Big5 = 0.18 s
[ 6369/24720] TestTranscode#test_macUkraine = 0.05 s
[ 6370/24720] TestTranscode#test_CP852 = 0.05 s
[ 6371/24720] TestTranscode#test_fallback = 0.02 s
[ 6372/24720] TestTranscode#test_fallback_proc = 0.01 s
[ 6373/24720] TestTranscode#test_CP850 = 0.05 s
[ 6374/24720] TestTranscode#test_encoding_of_ascii_originating_from_binary = 0.02 s
[ 6375/24720] TestTranscode#test_macGreek = 0.06 s
[ 6376/24720] TestTranscode#test_length = 1.31 s
[ 6377/24720] TestTranscode#test_to_cp50221 = 0.02 s
[ 6378/24720] TestTranscode#test_utf_16_bom = 0.02 s
[ 6379/24720] TestTranscode#test_koi8_u = 0.07 s
[ 6380/24720] TestTranscode#test_IBM857 = 0.07 s
[ 6381/24720] TestTranscode#test_Big5_Hkscs = 0.32 s
[ 6382/24720] TestTranscode#test_IBM855 = 0.05 s
[ 6383/24720] TestTranscode#test_macIceland = 0.05 s
[ 6384/24720] TestTranscode#test_gb2312 = 0.20 s
[ 6385/24720] TestTranscode#test_invalid_replace_string = 0.02 s
[ 6386/24720] RDocMarkupToHtmlCrossrefTest#test_convert_CROSSREF_constant = 4.66 s
[ 6387/24720] RDocMarkupToHtmlCrossrefTest#test_convert_RDOCLINK_rdoc_ref_not_found = 4.59 s
[ 6388/24720] RDocMarkupToHtmlCrossrefTest#test_convert_RDOCLINK_rdoc_ref = 4.55 s
[ 6389/24720] RDocMarkupToHtmlCrossrefTest#test_handle_regexp_CROSSREF = 4.44 s
[ 6390/24720] RDocMarkupToHtmlCrossrefTest#test_convert_CROSSREF_label_space = 4.47 s
[ 6391/24720] RDocMarkupToHtmlCrossrefTest#test_handle_regexp_CROSSREF_with_arg_looks_like_TIDYLINK
= 4.49 s
[ 6392/24720] RDocMarkupToHtmlCrossrefTest#test_link_class_method_full = 4.44 s
[ 6393/24720] RDocMarkupToHtmlCrossrefTest#test_handle_regexp_TIDYLINK_rdoc = 4.49 s
[ 6394/24720] RDocMarkupToHtmlCrossrefTest#test_link = 4.44 s
[ 6395/24720] RDocMarkupToHtmlCrossrefTest#test_convert_CROSSREF_method = 4.53 s
[ 6396/24720] RDocMarkupToHtmlCrossrefTest#test_convert_RDOCLINK_rdoc_ref_label_in_current_file = 4.
54 s
[ 6397/24720] RDocMarkupToHtmlCrossrefTest#test_link_for_method_traverse = 4.51 s
[ 6398/24720] RDocMarkupToHtmlCrossrefTest#test_convert_CROSSREF_label = 4.57 s
[ 6399/24720] RDocMarkupToHtmlCrossrefTest#test_convert_CROSSREF_section = 4.52 s
[ 6400/24720] RDocMarkupToHtmlCrossrefTest#test_convert_RDOCLINK_rdoc_ref_method_percent = 4.63 s
[ 6401/24720] RDocMarkupToHtmlCrossrefTest#test_gen_url = 4.47 s
[ 6402/24720] RDocMarkupToHtmlCrossrefTest#test_convert_RDOCLINK_rdoc_ref_method_label = 4.55 s
[ 6403/24720] RDocMarkupToHtmlCrossrefTest#test_convert_RDOCLINK_rdoc_ref_method_escape_html = 4.67
s
[ 6404/24720] RDocMarkupToHtmlCrossrefTest#test_convert_RDOCLINK_rdoc_ref_method = 4.58 s
[ 6405/24720] RDocMarkupToHtmlCrossrefTest#test_to_html_CROSSREF_email = 4.58 s
[ 6406/24720] RDocMarkupToHtmlCrossrefTest#test_convert_RDOCLINK_rdoc_ref_method_percent_label = 5.1
9 s
[ 6407/24720] RDocMarkupToHtmlCrossrefTest#test_convert_CROSSREF = 4.99 s
[ 6408/24720] RDocMarkupToHtmlCrossrefTest#test_handle_regexp_CROSSREF_label = 4.61 s
[ 6409/24720] RDocMarkupToHtmlCrossrefTest#test_handle_regexp_HYPERLINK_rdoc = 4.72 s
[ 6410/24720] RDocMarkupToHtmlCrossrefTest#test_convert_CROSSREF_label_period = 4.67 s
[ 6411/24720] RDocMarkupToHtmlCrossrefTest#test_convert_CROSSREF_label_for_md = 4.74 s
[ 6412/24720] RDocMarkupToHtmlCrossrefTest#test_convert_RDOCLINK_rdoc_ref_label = 4.58 s
[ 6413/24720] RDocMarkupToHtmlCrossrefTest#test_handle_regexp_TIDYLINK_label = 4.52 s
[ 6414/24720] RDocMarkupToHtmlCrossrefTest#test_handle_regexp_CROSSREF_show_hash_false = 4.52 s
[ 6415/24720] RDocMarkupToHtmlCrossrefTest#test_gen_url_rdoc_ref_not_found = 4.59 s
[ 6416/24720] RDocMarkupToHtmlCrossrefTest#test_to_html_CROSSREF_email_hyperlink_all = 4.55 s
[ 6417/24720] TestDateAttr#test__wday_predicate = 0.03 s
[ 6418/24720] TestDateAttr#test__attr = 0.10 s
[ 6419/24720] TestRipper::ParserEvents#test_event_coverage = 0.10 s
[ 6420/24720] TestRipper::ParserEvents#test_while_mod = 0.03 s
[ 6421/24720] TestRipper::ParserEvents#test_anonymous_block_forwarding = 0.04 s
[ 6422/24720] TestRipper::ParserEvents#test_field = 0.02 s
[ 6423/24720] TestRipper::ParserEvents#test_opassign = 0.15 s
[ 6424/24720] TestRipper::ParserEvents#test_unterminated_regexp = 0.01 s
[ 6425/24720] TestRipper::ParserEvents#test_invalid_instance_variable_name = 0.02 s
[ 6426/24720] TestRipper::ParserEvents#test_params_mlhs_add_star = 0.10 s
[ 6427/24720] TestRipper::ParserEvents#test_ignored_nl = 0.02 s
[ 6428/24720] TestRipper::ParserEvents#test_begin = 0.02 s
[ 6429/24720] TestRipper::ParserEvents#test_super = 0.01 s
[ 6430/24720] TestRipper::ParserEvents#test_alias_error = 0.01 s
[ 6431/24720] TestRipper::ParserEvents#test_mlhs_add_star = 0.08 s
[ 6432/24720] TestRipper::ParserEvents#test_hash = 0.03 s
[ 6433/24720] TestRipper::ParserEvents#test_args_add_star = 0.03 s
[ 6434/24720] TestRipper::ParserEvents#test_warn_cr_in_middle = 0.02 s
[ 6435/24720] TestRipper::ParserEvents#test_if_mod = 0.02 s
[ 6436/24720] TestRipper::ParserEvents#"test_binary(-)" = 0.02 s
[ 6437/24720] TestRipper::ParserEvents#test_stmts_new = 0.01 s
[ 6438/24720] TestRipper::ParserEvents#test_word_new = 0.02 s
[ 6439/24720] TestRipper::ParserEvents#"test_binary(||)" = 0.02 s
[ 6440/24720] TestRipper::ParserEvents#test_dot3 = 0.02 s
[ 6441/24720] TestRipper::ParserEvents#test_top_const_ref = 0.01 s
[ 6442/24720] TestRipper::ParserEvents#test_blockarg = 0.12 s
[ 6443/24720] TestRipper::ParserEvents#test_args_forward = 0.16 s
[ 6444/24720] TestRipper::ParserEvents#test_params_mlhs_add = 0.02 s
[ 6445/24720] TestRipper::ParserEvents#test_bare_assoc_hash = 0.06 s
[ 6446/24720] TestRipper::ParserEvents#test_parse_error = 0.01 s
[ 6447/24720] TestRipper::ParserEvents#test_symbol = 0.04 s
[ 6448/24720] TestRipper::ParserEvents#test_operator_ambiguous = 0.02 s
[ 6449/24720] TestRipper::ParserEvents#test_case = 0.02 s
[ 6450/24720] TestRipper::ParserEvents#test_else = 0.02 s
[ 6451/24720] TestRipper::ParserEvents#test_assoc_new = 0.02 s
[ 6452/24720] TestRipper::ParserEvents#"test_binary(>)" = 0.02 s
[ 6453/24720] TestRipper::ParserEvents#test_method_add_arg = 0.04 s
[ 6454/24720] TestRipper::ParserEvents#test_mrhs_new_from_args = 0.02 s
[ 6455/24720] TestRipper::ParserEvents#test_hshptn = 0.02 s
[ 6456/24720] TestRipper::ParserEvents#test_yield0 = 0.01 s
[ 6457/24720] TestRipper::ParserEvents#test_assocs = 0.03 s
[ 6458/24720] TestRipper::ParserEvents#test_assign_error_const_toplevel = 0.05 s
[ 6459/24720] TestRipper::ParserEvents#test_do_block = 0.02 s
[ 6460/24720] TestRipper::ParserEvents#test_program = 0.01 s
[ 6461/24720] TestRipper::ParserEvents#test_params_mlhs_paren = 0.04 s
[ 6462/24720] TestRipper::ParserEvents#test_qsymbols_new = 0.01 s
[ 6463/24720] TestRipper::ParserEvents#test_arg_ambiguous = 0.02 s
[ 6464/24720] TestRipper::ParserEvents#test_fcall = 0.02 s
[ 6465/24720] TestRipper::ParserEvents#test_symbol_literal = 0.01 s
[ 6466/24720] TestRipper::ParserEvents#"test_binary(&)" = 0.02 s
[ 6467/24720] TestRipper::ParserEvents#"test_binary(<=)" = 0.02 s
[ 6468/24720] TestRipper::ParserEvents#test_regexp_new = 0.01 s
[ 6469/24720] TestRipper::ParserEvents#test_yield = 0.02 s
[ 6470/24720] TestRipper::ParserEvents#test_params = 0.10 s
[ 6471/24720] TestRipper::ParserEvents#test_mlhs_add_post = 0.08 s
[ 6472/24720] TestRipper::ParserEvents#"test_binary(===)" = 0.02 s
[ 6473/24720] TestRipper::ParserEvents#test_ifop = 0.02 s
[ 6474/24720] TestRipper::ParserEvents#test_params_mlhs_add_post = 0.09 s
[ 6475/24720] TestRipper::ParserEvents#test_mlhs_new = 0.02 s
[ 6476/24720] TestRipper::ParserEvents#"test_binary(*)" = 0.02 s
[ 6477/24720] TestRipper::ParserEvents#test_brace_block = 0.02 s
[ 6478/24720] TestRipper::ParserEvents#test_qwords_new = 0.01 s
[ 6479/24720] TestRipper::ParserEvents#"test_binary(or)" = 0.02 s
[ 6480/24720] TestRipper::ParserEvents#test_args_new = 0.01 s
[ 6481/24720] TestRipper::ParserEvents#test_local_variables = 0.06 s
[ 6482/24720] TestRipper::ParserEvents#test_args_add = 0.02 s
[ 6483/24720] TestRipper::ParserEvents#test_nokw_param = 0.02 s
[ 6484/24720] TestRipper::ParserEvents#test_rescue_mod = 0.02 s
[ 6485/24720] TestRipper::ParserEvents#test_qwords_add = 0.02 s
[ 6486/24720] TestRipper::ParserEvents#test_mlhs_add = 0.02 s
[ 6487/24720] TestRipper::ParserEvents#"test_binary(>>)" = 0.02 s
[ 6488/24720] TestRipper::ParserEvents#test_vcall = 0.01 s
[ 6489/24720] TestRipper::ParserEvents#test_warning_ignored_magic_comment = 0.02 s
[ 6490/24720] TestRipper::ParserEvents#test_when = 0.03 s
[ 6491/24720] TestRipper::ParserEvents#"test_binary(/)" = 0.02 s
[ 6492/24720] TestRipper::ParserEvents#test_regexp_add = 0.02 s
[ 6493/24720] TestRipper::ParserEvents#test_unary = 0.09 s
[ 6494/24720] TestRipper::ParserEvents#test_return0 = 0.01 s
[ 6495/24720] TestRipper::ParserEvents#test_array = 0.03 s
[ 6496/24720] TestRipper::ParserEvents#test_qsymbols_add = 0.03 s
[ 6497/24720] TestRipper::ParserEvents#"test_binary(**)" = 0.02 s
[ 6498/24720] TestRipper::ParserEvents#test_assign_error_const = 0.07 s
[ 6499/24720] TestRipper::ParserEvents#test_retry = 0.01 s
[ 6500/24720] TestRipper::ParserEvents#"test_binary(&&)" = 0.02 s
[ 6501/24720] TestRipper::ParserEvents#test_aref_field = 0.02 s
[ 6502/24720] TestRipper::ParserEvents#test_params_mlhs_new = 0.02 s
[ 6503/24720] TestRipper::ParserEvents#test_class = 0.02 s
[ 6504/24720] TestRipper::ParserEvents#test_warning_duplicated_when_clause = 0.02 s
[ 6505/24720] TestRipper::ParserEvents#test_word_add = 0.02 s
[ 6506/24720] TestRipper::ParserEvents#test_zsuper = 0.01 s
[ 6507/24720] TestRipper::ParserEvents#test_stmts_add = 0.02 s
[ 6508/24720] TestRipper::ParserEvents#test_string_content = 0.07 s
[ 6509/24720] TestRipper::ParserEvents#test_arg_paren = 0.01 s
[ 6510/24720] TestRipper::ParserEvents#test_call_colon2 = 0.02 s
[ 6511/24720] TestRipper::ParserEvents#"test_binary(<=>)" = 0.02 s
[ 6512/24720] TestRipper::ParserEvents#test_block_var = 0.13 s
[ 6513/24720] TestRipper::ParserEvents#"test_binary(^)" = 0.02 s
[ 6514/24720] TestRipper::ParserEvents#test_break = 0.02 s
[ 6515/24720] TestRipper::ParserEvents#test_sclass = 0.02 s
[ 6516/24720] TestRipper::ParserEvents#test_block_var_add_block = 0.01 s
[ 6517/24720] TestRipper::ParserEvents#test_alias = 0.01 s
[ 6518/24720] TestRipper::ParserEvents#test_rest_param = 0.03 s
[ 6519/24720] TestRipper::ParserEvents#test_string_add = 0.02 s
[ 6520/24720] TestRipper::ParserEvents#"test_binary(<)" = 0.02 s
[ 6521/24720] TestRipper::ParserEvents#test_dyna_symbol = 0.03 s
[ 6522/24720] TestRipper::ParserEvents#test_xstring_literal = 0.01 s
[ 6523/24720] TestRipper::ParserEvents#test_heredoc = 0.03 s
[ 6524/24720] TestRipper::ParserEvents#test_anonymous_rest_forwarding = 0.06 s
[ 6525/24720] TestRipper::ParserEvents#test_endless_defs = 0.09 s
[ 6526/24720] TestRipper::ParserEvents#test_mrhs_add = 0.02 s
[ 6527/24720] TestRipper::ParserEvents#test_fndptn = 0.02 s
[ 6528/24720] TestRipper::ParserEvents#test_assoc_splat = 0.02 s
[ 6529/24720] TestRipper::ParserEvents#test_undef = 0.03 s
[ 6530/24720] TestRipper::ParserEvents#test_lambda = 0.02 s
[ 6531/24720] TestRipper::ParserEvents#test_END = 0.02 s
[ 6532/24720] TestRipper::ParserEvents#test_invalid_global_variable_name = 0.01 s
[ 6533/24720] TestRipper::ParserEvents#test_const_ref = 0.03 s
[ 6534/24720] TestRipper::ParserEvents#test_rescue = 0.03 s
[ 6535/24720] TestRipper::ParserEvents#test_magic_comment = 0.01 s
[ 6536/24720] TestRipper::ParserEvents#test_method_add_block = 0.03 s
[ 6537/24720] TestRipper::ParserEvents#test_command = 0.02 s
[ 6538/24720] TestRipper::ParserEvents#test_warn_duplicated_hash_keys = 0.02 s
[ 6539/24720] TestRipper::ParserEvents#test_words_new = 0.01 s
[ 6540/24720] TestRipper::ParserEvents#test_mrhs_add_star = 0.02 s
[ 6541/24720] TestRipper::ParserEvents#test_until = 0.02 s
[ 6542/24720] TestRipper::ParserEvents#test_defs = 0.03 s
[ 6543/24720] TestRipper::ParserEvents#test_const_path_field = 0.02 s
[ 6544/24720] TestRipper::ParserEvents#test_anonymous_keyword_rest_forwarding = 0.09 s
[ 6545/24720] TestRipper::ParserEvents#"test_binary(!=)" = 0.02 s
[ 6546/24720] TestRipper::ParserEvents#test_BEGIN = 0.02 s
[ 6547/24720] TestRipper::ParserEvents#test_top_const_field = 0.01 s
[ 6548/24720] TestRipper::ParserEvents#test_xstring_new = 0.01 s
[ 6549/24720] TestRipper::ParserEvents#test_const_path_ref = 0.01 s
[ 6550/24720] TestRipper::ParserEvents#test_aryptn = 0.02 s
[ 6551/24720] TestRipper::ParserEvents#test_invalid_class_variable_name = 0.02 s
[ 6552/24720] TestRipper::ParserEvents#test_assign = 0.01 s
[ 6553/24720] TestRipper::ParserEvents#test_if = 0.02 s
[ 6554/24720] TestRipper::ParserEvents#test_rescue_class = 0.03 s
[ 6555/24720] TestRipper::ParserEvents#test_symbols_new = 0.01 s
[ 6556/24720] TestRipper::ParserEvents#"test_binary(==)" = 0.02 s
[ 6557/24720] TestRipper::ParserEvents#test_var_field = 0.02 s
[ 6558/24720] TestRipper::ParserEvents#"test_binary(%)" = 0.02 s
[ 6559/24720] TestRipper::ParserEvents#"test_binary(|)" = 0.02 s
[ 6560/24720] TestRipper::ParserEvents#test_aref = 0.02 s
[ 6561/24720] TestRipper::ParserEvents#test_param_error = 0.06 s
[ 6562/24720] TestRipper::ParserEvents#test_kwrest_param = 0.03 s
[ 6563/24720] TestRipper::ParserEvents#test_params_mlhs = 0.02 s
[ 6564/24720] TestRipper::ParserEvents#test_regexp_literal = 0.01 s
[ 6565/24720] TestRipper::ParserEvents#test_next = 0.02 s
[ 6566/24720] TestRipper::ParserEvents#test_in = 0.02 s
[ 6567/24720] TestRipper::ParserEvents#test_module = 0.02 s
[ 6568/24720] TestRipper::ParserEvents#test_string_embexpr = 0.02 s
[ 6569/24720] TestRipper::ParserEvents#test_void_stmt = 0.01 s
[ 6570/24720] TestRipper::ParserEvents#test_string_literal = 0.02 s
[ 6571/24720] TestRipper::ParserEvents#test_heredoc_dedent = 0.02 s
[ 6572/24720] TestRipper::ParserEvents#test_for = 0.02 s
[ 6573/24720] TestRipper::ParserEvents#test_class_name_error = 0.02 s
[ 6574/24720] TestRipper::ParserEvents#test_return = 0.02 s
[ 6575/24720] TestRipper::ParserEvents#test_while = 0.02 s
[ 6576/24720] TestRipper::ParserEvents#test_opassign_error = 0.02 s
[ 6577/24720] TestRipper::ParserEvents#test_unless_mod = 0.02 s
[ 6578/24720] TestRipper::ParserEvents#test_block_variables = 0.03 s
[ 6579/24720] TestRipper::ParserEvents#test_ensure = 0.02 s
[ 6580/24720] TestRipper::ParserEvents#test_until_mod = 0.02 s
[ 6581/24720] TestRipper::ParserEvents#test_unterminated_heredoc = 0.03 s
[ 6582/24720] TestRipper::ParserEvents#test_command_call = 0.02 s
[ 6583/24720] TestRipper::ParserEvents#test_paren = 0.01 s
[ 6584/24720] TestRipper::ParserEvents#test_mlhs_paren = 0.03 s
[ 6585/24720] TestRipper::ParserEvents#test_massign = 0.02 s
[ 6586/24720] TestRipper::ParserEvents#test_defined = 0.01 s
[ 6587/24720] TestRipper::ParserEvents#test_symbols_add = 0.03 s
[ 6588/24720] TestRipper::ParserEvents#test_string_dvar = 0.08 s
[ 6589/24720] TestRipper::ParserEvents#test_var_alias = 0.01 s
[ 6590/24720] TestRipper::ParserEvents#test_xstring_add = 0.02 s
[ 6591/24720] TestRipper::ParserEvents#test_call = 0.08 s
[ 6592/24720] TestRipper::ParserEvents#"test_binary(>=)" = 0.02 s
[ 6593/24720] TestRipper::ParserEvents#test_bodystmt = 0.02 s
[ 6594/24720] TestRipper::ParserEvents#test_unless = 0.02 s
[ 6595/24720] TestRipper::ParserEvents#test_args_add_block = 0.02 s
[ 6596/24720] TestRipper::ParserEvents#test_excessed_comma = 0.06 s
[ 6597/24720] TestRipper::ParserEvents#test_assoclist_from_args = 0.02 s
[ 6598/24720] TestRipper::ParserEvents#test_def = 0.05 s
[ 6599/24720] TestRipper::ParserEvents#test_redo = 0.01 s
[ 6600/24720] TestRipper::ParserEvents#"test_binary(=~)" = 0.02 s
[ 6601/24720] TestRipper::ParserEvents#test_arglist = 0.09 s
[ 6602/24720] TestRipper::ParserEvents#test_var_ref = 0.04 s
[ 6603/24720] TestRipper::ParserEvents#test_block_var_add_star = 0.01 s
[ 6604/24720] TestRipper::ParserEvents#test_assign_error_const_qualified = 0.06 s
[ 6605/24720] TestRipper::ParserEvents#test_words_add = 0.02 s
[ 6606/24720] TestRipper::ParserEvents#test_endless_def = 0.08 s
[ 6607/24720] TestRipper::ParserEvents#"test_binary(and)" = 0.02 s
[ 6608/24720] TestRipper::ParserEvents#"test_binary(!~)" = 0.02 s
[ 6609/24720] TestRipper::ParserEvents#test_warn_mismatched_indentations = 0.04 s
[ 6610/24720] TestRipper::ParserEvents#test_assign_error = 0.02 s
[ 6611/24720] TestRipper::ParserEvents#"test_binary(<<)" = 0.02 s
[ 6612/24720] TestRipper::ParserEvents#test_elsif = 0.02 s
[ 6613/24720] TestRipper::ParserEvents#test_warning_invalid_magic_comment = 0.01 s
[ 6614/24720] TestRipper::ParserEvents#test_dot2 = 0.02 s
[ 6615/24720] TestRipper::ParserEvents#"test_binary(+)" = 0.02 s
[ 6616/24720] TestRipper::ParserEvents#test_string_concat = 0.02 s
[ 6617/24720] TestRipper::ParserEvents#test_assign_error_backref = 0.05 s
[ 6618/24720] TestRipper::ParserEvents#test_mrhs_new = 0.02 s
[ 6619/24720] TestPathnameRactor#test_ractor_shareable = 9.58 s
[ 6620/24720] Test_RbStrDup#test_nested_shared_frozen = 0.02 s
[ 6621/24720] Test_RbStrDup#test_nested_shared_non_frozen = 0.01 s
[ 6622/24720] TestDebug#test_inspector_open_in_eval = 0.97 s
[ 6623/24720] TestDebug#test_lazy_block = 0.03 s
[ 6624/24720] TestDebug#test_inspector_open = 0.90 s
[ 6625/24720] TestRubyVM#test_stat = 0.02 s
[ 6626/24720] TestRubyVM#test_stat_unknown = 0.03 s
[ 6627/24720] TestRubyVM#test_keep_script_lines = 0.04 s
[ 6628/24720] HTTPResponseTest#test_ensure_zero_space_does_not_regress = 0.03 s
[ 6629/24720] HTTPResponseTest#test_singleline_header = 0.02 s
[ 6630/24720] HTTPResponseTest#test_read_body_receiving_no_body = 0.03 s
[ 6631/24720] HTTPResponseTest#test_read_body_content_encoding_deflate_disabled = 0.03 s
[ 6632/24720] HTTPResponseTest#test_read_body_body_encoding_true_with_iso8859_1_meta_charset = 0.10
s
[ 6633/24720] HTTPResponseTest#test_read_body_content_encoding_deflate_content_range = 0.03 s
[ 6634/24720] HTTPResponseTest#test_allow_empty_reason_code = 0.02 s
[ 6635/24720] HTTPResponseTest#test_read_body_body_encoding_true_with_utf8_meta_content_charset = 0.
09 s
[ 6636/24720] HTTPResponseTest#test_read_body_string = 0.02 s
[ 6637/24720] HTTPResponseTest#test_uri_equals = 0.02 s
[ 6638/24720] HTTPResponseTest#test_read_body = 0.02 s
[ 6639/24720] HTTPResponseTest#test_read_body_content_encoding_deflate_no_length = 0.04 s
[ 6640/24720] HTTPResponseTest#test_read_body_block_mod = 1.63 s
[ 6641/24720] HTTPResponseTest#test_raises_exception_with_missing_reason = 0.03 s
[ 6642/24720] HTTPResponseTest#test_read_body_block = 0.02 s
[ 6643/24720] HTTPResponseTest#test_inspect_response = 0.02 s
[ 6644/24720] HTTPResponseTest#test_read_code_type = 0.02 s
[ 6645/24720] HTTPResponseTest#test_multiline_header = 0.02 s
[ 6646/24720] HTTPResponseTest#test_allow_trailing_space_after_status = 0.02 s
[ 6647/24720] HTTPResponseTest#test_read_body_body_encoding_true_with_utf8_meta_charset = 0.08 s
[ 6648/24720] HTTPResponseTest#test_read_body_content_encoding_deflate = 0.03 s
[ 6649/24720] HTTPResponseTest#test_read_body_body_encoding_true_without_content_type_header = 0.03
s
[ 6650/24720] HTTPResponseTest#test_read_body_body_encoding_string = 0.03 s
[ 6651/24720] HTTPResponseTest#test_read_body_content_encoding_deflate_empty_body_no_length = 0.03 s
[ 6652/24720] HTTPResponseTest#test_read_body_body_encoding_false = 0.02 s
[ 6653/24720] HTTPResponseTest#test_read_body_body_encoding_true_with_iso8859_1_meta_content_charset
 = 0.09 s
[ 6654/24720] HTTPResponseTest#test_read_body_content_encoding_deflate_chunked = 0.04 s
[ 6655/24720] HTTPResponseTest#test_normal_status_line = 0.02 s
[ 6656/24720] HTTPResponseTest#test_read_body_body_encoding_encoding = 0.02 s
[ 6657/24720] HTTPResponseTest#test_read_body_body_encoding_true_with_iso_8859_1_content_type_header
 = 0.03 s
[ 6658/24720] HTTPResponseTest#test_read_body_body_encoding_true_with_utf8_content_type_header = 0.0
3 s
[ 6659/24720] HTTPResponseTest#test_read_body_content_encoding_deflate_uppercase = 0.03 s
[ 6660/24720] HTTPResponseTest#test_read_body_content_encoding_deflate_empty_body = 0.03 s
[ 6661/24720] HTTPResponseTest#test_read_body_outside_of_reading_body = 0.02 s
[ 6662/24720] TestGemRemoteFetcherLocalServer#test_implicit_proxy = 0.95 s
[ 6663/24720] TestGemRemoteFetcherLocalServer#test_implicit_no_proxy = 0.87 s
[ 6664/24720] TestGemRemoteFetcherLocalServer#test_implicit_proxy_no_env = 0.85 s
[ 6665/24720] TestGemRemoteFetcherLocalServer#test_observe_no_proxy_env_list = 1.61 s
[ 6666/24720] TestGemRemoteFetcherLocalServer#test_no_proxy = 0.93 s
[ 6667/24720] TestGemRemoteFetcherLocalServer#test_implicit_upper_case_proxy = 1.00 s
[ 6668/24720] TestGemRemoteFetcherLocalServer#test_fetch_http_with_additional_headers = 0.85 s
[ 6669/24720] TestGemRemoteFetcherLocalServer#test_observe_no_proxy_env_single_host = 0.85 s
[ 6670/24720] Test_Class::Test_Class2Name#test_toplevel_class = 0.02 s
[ 6671/24720] Test_Class::Test_Class2Name#test_singleton_class = 0.01 s
[ 6672/24720] Test_Class::Test_Class2Name#test_toplevel_module = 0.01 s
[ 6673/24720] TestRDocParserC#test_scan_order_dependent = 0.33 s
[ 6674/24720] TestRDocParserC#test_find_const_comment_document_const = 0.05 s
[ 6675/24720] TestRDocParserC#test_do_methods_in_c = 0.16 s
[ 6676/24720] TestRDocParserC#test_known_classes = 0.17 s
[ 6677/24720] TestRDocParserC#test_define_method_private_singleton = 0.15 s
[ 6678/24720] TestRDocParserC#test_rb_scan_args = 0.13 s
[ 6679/24720] TestRDocParserC#test_load_variable_map_legacy = 0.04 s
[ 6680/24720] TestRDocParserC#test_markup_format_override = 0.12 s
[ 6681/24720] TestRDocParserC#test_class_can_parse = 0.16 s
[ 6682/24720] TestRDocParserC#"test_do_attr:rb_define_attr:ruby" = 0.16 s
[ 6683/24720] TestRDocParserC#test_do_classes_struct_without_accessor = 0.09 s
[ 6684/24720] TestRDocParserC#test_find_class_comment_init = 0.08 s
[ 6685/24720] TestRDocParserC#test_do_classes_class_under = 0.11 s
[ 6686/24720] TestRDocParserC#test_handle_method_args_1 = 0.07 s
[ 6687/24720] TestRDocParserC#test_handle_method_args_minus_1 = 0.09 s
[ 6688/24720] TestRDocParserC#"test_do_attr:rb_attr:intern_const:bool" = 0.17 s
[ 6689/24720] TestRDocParserC#test_load_variable_map_trim = 0.05 s
[ 6690/24720] TestRDocParserC#test_find_class_comment_define_class = 0.08 s
[ 6691/24720] TestRDocParserC#test_do_constants = 0.39 s
[ 6692/24720] TestRDocParserC#test_define_method = 0.14 s
[ 6693/24720] TestRDocParserC#test_do_classes_class = 0.08 s
[ 6694/24720] TestRDocParserC#test_do_classes_struct_under = 0.19 s
[ 6695/24720] TestRDocParserC#test_do_constants_global = 0.07 s
[ 6696/24720] TestRDocParserC#test_do_aliases_missing_class = 0.10 s
[ 6697/24720] TestRDocParserC#test_find_body_document_method = 0.16 s
[ 6698/24720] TestRDocParserC#test_find_body_macro = 0.12 s
[ 6699/24720] TestRDocParserC#test_find_attr_comment_document_attr = 0.06 s
[ 6700/24720] TestRDocParserC#test_find_body_define_comment = 0.13 s
[ 6701/24720] TestRDocParserC#test_do_methods_in_y = 0.15 s
[ 6702/24720] TestRDocParserC#test_find_body_document_method_same = 0.16 s
[ 6703/24720] TestRDocParserC#test_find_class_comment_define_class_bogus_comment = 0.08 s
[ 6704/24720] TestRDocParserC#test_do_classes_struct_without_accessor_under = 0.11 s
[ 6705/24720] TestRDocParserC#test_do_includes = 0.11 s
[ 6706/24720] TestRDocParserC#test_find_body_2 = 0.20 s
[ 6707/24720] TestRDocParserC#"test_do_attr:rb_define_attr:bool" = 0.15 s
[ 6708/24720] TestRDocParserC#test_scan = 0.11 s
[ 6709/24720] TestRDocParserC#test_define_method_dynamically = 0.05 s
[ 6710/24720] TestRDocParserC#"test_do_attr:rb_attr:intern_const:num" = 0.17 s
[ 6711/24720] TestRDocParserC#test_find_body = 0.12 s
[ 6712/24720] TestRDocParserC#"test_do_attr:rb_define_attr:num" = 0.15 s
[ 6713/24720] TestRDocParserC#test_find_body_cast = 0.12 s
[ 6714/24720] TestRDocParserC#test_find_class_comment_define_class_under_Init = 0.12 s
[ 6715/24720] TestRDocParserC#test_define_method_singleton = 0.14 s
[ 6716/24720] TestRDocParserC#test_do_methods_in_cpp = 0.15 s
[ 6717/24720] TestRDocParserC#test_find_class_comment = 0.12 s
[ 6718/24720] TestRDocParserC#test_find_modifiers_yields = 0.06 s
[ 6719/24720] TestRDocParserC#test_do_classes_module_under = 0.10 s
[ 6720/24720] TestRDocParserC#test_handle_method_initialize = 0.07 s
[ 6721/24720] TestRDocParserC#test_do_classes_module = 0.08 s
[ 6722/24720] TestRDocParserC#test_do_classes_class_under_rb_path2class = 0.11 s
[ 6723/24720] TestRDocParserC#test_find_body_define = 0.13 s
[ 6724/24720] TestRDocParserC#test_find_class_comment_define_class_Init_Foo_no_void = 0.08 s
[ 6725/24720] TestRDocParserC#test_do_constants_file = 0.13 s
[ 6726/24720] TestRDocParserC#"test_do_attr:rb_attr:intern_const:macro" = 0.17 s
[ 6727/24720] TestRDocParserC#test_do_constants_curses = 0.10 s
[ 6728/24720] TestRDocParserC#test_define_method_private = 0.14 s
[ 6729/24720] TestRDocParserC#test_define_method_with_prototype = 0.14 s
[ 6730/24720] TestRDocParserC#"test_do_attr:rb_attr:intern_const:ruby" = 0.17 s
[ 6731/24720] TestRDocParserC#test_scan_method_copy = 0.54 s
[ 6732/24720] TestRDocParserC#test_find_body_static_inline = 0.12 s
[ 6733/24720] TestRDocParserC#test_find_alias_comment = 0.06 s
[ 6734/24720] TestRDocParserC#"test_do_attr:rb_define_attr:macro" = 0.15 s
[ 6735/24720] TestRDocParserC#test_do_classes_singleton = 0.08 s
[ 6736/24720] TestRDocParserC#test_load_variable_map_singleton = 0.06 s
[ 6737/24720] TestRDocParserC#"test_do_attr:rb_attr:intern:num" = 0.17 s
[ 6738/24720] TestRDocParserC#test_handle_singleton = 0.08 s
[ 6739/24720] TestRDocParserC#test_find_const_comment_document_const_full_name = 0.05 s
[ 6740/24720] TestRDocParserC#test_initialize = 0.08 s
[ 6741/24720] TestRDocParserC#test_do_classes_struct = 0.15 s
[ 6742/24720] TestRDocParserC#test_find_const_comment_rb_define_global = 0.05 s
[ 6743/24720] TestRDocParserC#test_do_methods_singleton_class = 0.10 s
[ 6744/24720] TestRDocParserC#test_do_missing_cycle = 0.19 s
[ 6745/24720] TestRDocParserC#test_find_modifiers_call_seq = 0.06 s
[ 6746/24720] TestRDocParserC#test_find_modifiers_nodoc = 0.06 s
[ 6747/24720] TestRDocParserC#"test_do_attr:rb_attr:intern:bool" = 0.17 s
[ 6748/24720] TestRDocParserC#test_do_aliases_singleton = 0.15 s
[ 6749/24720] TestRDocParserC#test_do_aliases = 0.13 s
[ 6750/24720] TestRDocParserC#test_find_class_comment_define_class_Init_Foo = 0.08 s
[ 6751/24720] TestRDocParserC#test_do_classes_duplicate_class = 0.11 s
[ 6752/24720] TestRDocParserC#test_markup_format_default = 0.11 s
[ 6753/24720] TestRDocParserC#test_load_variable_map_empty = 0.05 s
[ 6754/24720] TestRDocParserC#test_handle_method_args_0 = 0.07 s
[ 6755/24720] TestRDocParserC#test_load_variable_map = 0.06 s
[ 6756/24720] TestRDocParserC#test_handle_method_args_minus_2 = 0.07 s
[ 6757/24720] TestRDocParserC#test_handle_method_args_2 = 0.07 s
[ 6758/24720] TestRDocParserC#test_look_for_directives_in = 0.05 s
[ 6759/24720] TestRDocParserC#test_find_class_comment_define_class_under = 0.11 s
[ 6760/24720] TestRDocParserC#test_do_missing = 0.14 s
[ 6761/24720] TestRDocParserC#test_find_body_document_method_equals = 0.18 s
[ 6762/24720] TestRDocParserC#test_find_class_comment_initvm = 0.08 s
[ 6763/24720] TestRDocParserC#"test_do_attr:rb_attr:intern:macro" = 0.17 s
[ 6764/24720] TestRDocParserC#"test_do_attr:rb_attr:intern:ruby" = 0.17 s
[ 6765/24720] TestRDocParserC#test_find_const_comment_rb_define = 0.05 s
[ 6766/24720] TestRDocParserC#test_find_attr_comment_document_attr_oneline = 0.06 s
[ 6767/24720] TestRDocParserC#test_find_attr_comment_document_attr_overlap = 0.06 s
[ 6768/24720] TestRDocParserC#test_define_method_with_category = 0.14 s
[ 6769/24720] TestBenchmark#test_bmbm_correctly_guess_the_label_width_even_when_not_given = 31.05 s
[ 6770/24720] TestBenchmark#test_bugs_ruby_dev_40906_can_add_in_place_the_time_of_execution_of_the_b
lock_given = 0.13 s
[ 6771/24720] TestBenchmark#test_bm_can_make_extra_calcultations_with_an_array_at_the_end_of_the_ben
chmark = 0.26 s
[ 6772/24720] TestBenchmark#test_bmbm_correctly_output_when_the_label_width_is_given__bmbm_ignore_it
__but_it_is_a_frequent_mistake = 29.35 s
[ 6773/24720] TestBenchmark#test_realtime_output = 1.02 s
[ 6774/24720] TestBenchmark#test_bm_returns_an_Array_of_the_times_with_the_labels = 29.48 s
[ 6775/24720] TestBenchmark#test_benchmark_makes_extra_calculations_with_an_Array_at_the_end_of_the_
benchmark_and_show_the_result = 0.26 s
[ 6776/24720] TestBenchmark#test_report_item_shows_the_title__even_if_not_a_string = 9.91 s
[ 6777/24720] TestBenchmark#test_tms_to_h = 0.01 s
[ 6778/24720] TestBenchmark#test_benchmark_does_not_print_any_space_if_the_given_caption_is_empty =
0.09 s
[ 6779/24720] TestBenchmark#test_tms_outputs_nicely = 0.04 s
[ 6780/24720] TestBenchmark#test_tms_wont_modify_the_format_String_given = 0.01 s
[ 6781/24720] TestBenchmark#test_bm_correctly_output_when_the_label_width_is_given = 0.09 s
[ 6782/24720] TestBenchmark#test_bm_correctly_output_when_no_label_is_given = 0.24 s
[ 6783/24720] TestProcess#test_wait2 = 7.68 s
[ 6784/24720] TestProcess#test_status_quit = 2.50 s
[ 6785/24720] TestProcess#test_clock_gettime_GETTIMEOFDAY_BASED_CLOCK_REALTIME = 0.01 s
[ 6786/24720] TestProcess#test_sh_env = 0.57 s
[ 6787/24720] TestProcess#test_overwrite_ENV = 16.15 s
[ 6788/24720] TestProcess#test_daemon_readwrite = 0.69 s
[ 6789/24720] TestProcess#test_clock_gettime = 0.07 s
[ 6790/24720] TestProcess#test_execopts_duplex_io = 7.72 s
[ 6791/24720] TestProcess#test_execopts_gid = 59.93 s
[ 6792/24720] TestProcess#test_uid_re_exchangeable_p = 0.01 s
[ 6793/24720] TestProcess#test_execopts_popen_stdio = 7.54 s
[ 6794/24720] TestProcess#test_execopts_open_failure = 0.09 s
[ 6795/24720] TestProcess#test_setsid = 7.47 s
[ 6796/24720] TestProcess#test_clock_getres = 0.04 s
[ 6797/24720] TestProcess#test_execopts_redirect_dup2_child = 29.96 s
[ 6798/24720] TestProcess#test_signals_work_after_exec_fail = 6.24 s
[ 6799/24720] TestProcess#test_clock_gettime_CLOCK_BASED_CLOCK_PROCESS_CPUTIME_ID = 0.01 s
[ 6800/24720] TestProcess#test_gid_re_exchangeable_p = 0.01 s
[ 6801/24720] TestProcess#test_argv0_frozen = 0.01 s
[ 6802/24720] TestProcess#test_execopts_umask = 14.89 s
[ 6803/24720] TestProcess#test_kill_at_spawn_failure = 0.49 s
[ 6804/24720] TestProcess#test_rlimit_value = 7.71 s
[ 6805/24720] TestProcess#test_argv0_keep_alive = 2.98 s
[ 6806/24720] TestProcess#test_deadlock_by_signal_at_forking = 249.03 s
[ 6807/24720] TestProcess#test_wait_exception = 7.60 s
[ 6808/24720] TestProcess#test_fallback_to_sh = 1.38 s
[ 6809/24720] TestProcess#test_gid_sid_available? = 0.01 s
[ 6810/24720] TestProcess#test_concurrent_group_and_pid_wait = 12.19 s
[ 6811/24720] TestProcess#test_spawn_too_long_path = 0.38 s
[ 6812/24720] TestProcess#test_spawn_noshell = 0.36 s
[ 6813/24720] TestProcess#test_argv0 = 44.70 s
[ 6814/24720] TestProcess#test_rlimit_name = 0.10 s
[ 6815/24720] TestProcess#test_popen_reopen = 9.08 s
[ 6816/24720] TestProcess#test_initgroups = 0.01 s
[ 6817/24720] TestProcess#test_execopts_redirect_tempfile = 7.53 s
[ 6818/24720] TestProcess#test_execopts_rlimit = 54.25 s
[ 6819/24720] TestProcess#test_clock_getres_TIMES_BASED_CLOCK_PROCESS_CPUTIME_ID = 0.01 s
[ 6820/24720] TestProcess#test_warmup_promote_all_objects_to_oldgen = 9.93 s
[ 6821/24720] TestProcess#test_getuid = 0.01 s
[ 6822/24720] TestProcess#test_clock_getres_TIME_BASED_CLOCK_REALTIME = 0.01 s
[ 6823/24720] TestProcess#test_waitall = 22.38 s
[ 6824/24720] TestProcess#test_aspawn_too_long_pathmaxproc limit exceeded by uid 0 (pid 5984); see t
uning(7) and login.conf(5)
 = 249.43 s
[ 6825/24720] TestProcess#test_setpriority = 0.01 s
[ 6826/24720] TestProcess#test_execopts_redirect_open_order_normal = 10.07 s
[ 6827/24720] TestProcess#test_execopts_redirect_open_fifo_interrupt_raise = 8.10 s
[ 6828/24720] TestProcess#test_last_status_failure = 0.36 s
[ 6829/24720] TestProcess#test__fork_pid_cache = 0.72 s
[ 6830/24720] TestProcess#test__fork_hook_popen = 2.64 s
[ 6831/24720] TestProcess#test_handle_interrupt_with_fork = 6.34 s
[ 6832/24720] TestProcess#test_warmup_run_major_gc_and_compact = 10.04 s
[ 6833/24720] TestProcess#test_execopts_redirect_nonascii_path = 7.57 s
[ 6834/24720] TestProcess#test_popen_fork = 0.70 s
[ 6835/24720] TestProcess#test_execopts_redirect_self = 7.55 s
[ 6836/24720] TestProcess#test_maxgroups = 0.02 s
[ 6837/24720] TestProcess#test_daemon_pid = 0.54 s
[ 6838/24720] TestProcess#test_execopts_preserve_env_on_exec_failure = 8.21 s
[ 6839/24720] TestProcess#test_setegid = 0.02 s
[ 6840/24720] TestProcess#test_gid_from_name = 0.03 s
[ 6841/24720] TestProcess#test_sh_comment = 0.46 s
[ 6842/24720] TestProcess#test_status = 7.62 s
[ 6843/24720] TestProcess#test_clock_getres_GETRUSAGE_BASED_CLOCK_PROCESS_CPUTIME_ID = 0.01 s
[ 6844/24720] TestProcess#test_rescue_exec_fail = 8.96 s
[ 6845/24720] TestProcess#test_many_args = 45.57 s
[ 6846/24720] TestProcess#test_forked_child_handles_signal = 17.29 s
[ 6847/24720] TestProcess#test_execopts_close_others = 59.86 s
[ 6848/24720] TestProcess#test_clock_gettime_unit = 0.05 s
[ 6849/24720] TestProcess#test_clock_gettime_constants = 0.03 s
[ 6850/24720] TestProcess#test_spawn_shell = 14.88 s
[ 6851/24720] TestProcess#test_rlimit_nofile = 7.89 s
[ 6852/24720] TestProcess#test_popen_wordsplit = 7.56 s
[ 6853/24720] TestProcess#test_popen_wordsplit_beginning_and_trailing_spaces = 7.56 s
[ 6854/24720] TestProcess#test_sigpipe = 7.52 s
[ 6855/24720] TestProcess#test_spawn_wordsplit = 7.43 s
[ 6856/24720] TestProcess#test_groups = 0.02 s
[ 6857/24720] TestProcess#test_execopts_redirect_open_fifo_interrupt_print = 8.22 s
[ 6858/24720] TestProcess#test_clock_gettime_MACH_ABSOLUTE_TIME_BASED_CLOCK_MONOTONIC = 0.01 s
[ 6859/24720] TestProcess#test_warmup_frees_pages = 35.38 s
[ 6860/24720] TestProcess#test_execopts_modification = 22.68 s
[ 6861/24720] TestProcess#test_warmup_precompute_string_coderange = 9.91 s
[ 6862/24720] TestProcess#test_clock_getres_TIMES_BASED_CLOCK_MONOTONIC = 0.01 s
[ 6863/24720] TestProcess#test_system_sigpipe = 0.83 s
[ 6864/24720] TestProcess#test_getegid = 0.01 s
[ 6865/24720] TestProcess#test_system_noshell = 0.35 s
[ 6866/24720] TestProcess#test_to_hash_on_arguments = 32.42 s
[ 6867/24720] TestProcess#test_execopts_popen_extra_fd = 15.10 s
[ 6868/24720] TestProcess#test_clock_getres_constants = 0.04 s
[ 6869/24720] TestProcess#test_clock_getres_GETTIMEOFDAY_BASED_CLOCK_REALTIME = 0.01 s
[ 6870/24720] TestProcess#test_getpriority = 0.01 s
[ 6871/24720] TestProcess#test_execopts_redirect_fd = 97.94 s
[ 6872/24720] TestProcess#test_execopts_opts = 7.40 s
[ 6873/24720] TestProcess#test_execopts_env_popen_vector = 75.30 s
[ 6874/24720] TestProcess#test_execopts_redirect_to_out_and_err = 14.88 s
[ 6875/24720] TestProcess#test_last_status = 7.53 s
[ 6876/24720] TestProcess#test_execopt_env_path = 0.36 s
[ 6877/24720] TestProcess#test_geteuid = 0.01 s
[ 6878/24720] TestProcess#test_exec_noshell = 7.58 s
[ 6879/24720] TestProcess#test__fork_wrong_type_hook = 2.43 s
[ 6880/24720] TestProcess#test_fd_inheritance = 44.90 s
[ 6881/24720] TestProcess#test_daemon_no_threads = 0.64 s
[ 6882/24720] TestProcess#test_pst_inspect = 0.02 s
[ 6883/24720] TestProcess#test_execopts_env_single_word = 7.89 s
[ 6884/24720] TestProcess#test_threading_works_after_exec_fail = 7.11 s
[ 6885/24720] TestProcess#test_uid_sid_available? = 0.01 s
[ 6886/24720] TestProcess#test_execopts_chdir = 8.27 s
[ 6887/24720] TestProcess#test_wait_without_arg = 7.65 s
[ 6888/24720] TestProcess#test_popen_exit = 7.90 s
[ 6889/24720] TestProcess#test_execopts_open_chdir_m17n_path = 7.67 s
[ 6890/24720] TestProcess#test_execopts_unsetenv_others = 15.11 s
[ 6891/24720] TestProcess#test_seteuid = 0.01 s
[ 6892/24720] TestProcess#test_popen_shell = 14.90 s
[ 6893/24720] TestProcess#test_status_wait = 7.43 s
[ 6894/24720] TestProcess#test_daemon_noclose = 0.56 s
[ 6895/24720] TestProcess#test_sleep = 0.78 s
[ 6896/24720] TestProcess#test_execopts_open_chdir = 7.58 s
[ 6897/24720] TestProcess#test_sh_exec = 0.51 s
[ 6898/24720] TestProcess#test_close_others_default_false = 2.35 s
[ 6899/24720] TestProcess#test_execopts_new_pgroup = 0.01 s
[ 6900/24720] TestProcess#test_abort = 15.05 s
[ 6901/24720] TestProcess#test_execopts_env_popen_string = 75.49 s
[ 6902/24720] TestProcess#test_status_kill = 7.51 s
[ 6903/24720] TestProcess#test_execopts_popen = 15.49 s
[ 6904/24720] TestProcess#test_argv0_noarg = 74.34 s
[ 6905/24720] TestProcess#test__fork = 0.72 s
[ 6906/24720] TestProcess#test_popen_noshell = 0.45 s
[ 6907/24720] TestProcess#test_daemon_nochdir_noclose = 0.55 s
[ 6908/24720] TestProcess#test_exec_close_reserved_fd = 30.39 s
[ 6909/24720] TestProcess#test__fork_hook = 5.73 s
[ 6910/24720] TestProcess#test_clock_getres_CLOCK_BASED_CLOCK_PROCESS_CPUTIME_ID = 0.01 s
[ 6911/24720] TestProcess#test_execopts_redirect_pipe = 38.26 s
[ 6912/24720] TestProcess#test_popen_cloexec = 7.54 s
[ 6913/24720] TestProcess#test_clock_gettime_TIME_BASED_CLOCK_REALTIME = 0.08 s
[ 6914/24720] TestProcess#test_uid_from_name = 0.05 s
[ 6915/24720] TestProcess#test_rlimit_availability = 0.02 s
[ 6916/24720] TestProcess#test_no_curdir = 4.61 s
[ 6917/24720] TestProcess#test_execopts_pgroup = 45.62 s
[ 6918/24720] TestProcess#test_execopts_redirect_symbol = 22.61 s
[ 6919/24720] TestProcess#test_exec_wordsplit = 14.78 s
[ 6920/24720] TestProcess#test_process_detach = 6.38 s
[ 6921/24720] TestProcess#test_wait_and_sigchild = 6.99 s
[ 6922/24720] TestProcess#test_getpgid = 0.01 s
[ 6923/24720] TestProcess#test_clock_getres_MACH_ABSOLUTE_TIME_BASED_CLOCK_MONOTONIC = 0.06 s
[ 6924/24720] TestProcess#test_system_shell = 14.93 s
[ 6925/24720] TestProcess#test_exec_failure_leaves_no_child = 0.37 s
[ 6926/24720] TestProcess#test_execopts_env = 91.62 s
[ 6927/24720] TestProcess#test_daemon_detached = 0.83 s
[ 6928/24720] TestProcess#test_clock_gettime_TIMES_BASED_CLOCK_PROCESS_CPUTIME_ID = 0.16 s
[ 6929/24720] TestProcess#test_execopts_redirect_open_order_reverse = 7.69 s
[ 6930/24720] TestProcess#test_clock_gettime_GETRUSAGE_BASED_CLOCK_PROCESS_CPUTIME_ID = 0.01 s
[ 6931/24720] TestProcess#test_execopts_uid = 37.87 s
[ 6932/24720] TestProcess#test_clock_gettime_TIMES_BASED_CLOCK_MONOTONIC = 0.01 s
[ 6933/24720] TestProcess#test_daemon_default = 0.46 s
[ 6934/24720] TestProcess#test_system_wordsplit = 8.33 s
[ 6935/24720] TestProcess#test_status_fail = 0.06 s
[ 6936/24720] TestProcess#test_exec_shell = 22.05 s
[ 6937/24720] TestProcess#test_seteuid_name = 0.06 s
[ 6938/24720] TestProcess#test_execopts_redirect_open_fifo = 15.48 s
[ 6939/24720] TestProcess#test_execopts_exec = 7.58 s
[ 6940/24720] TestProcess#test_exec_fd_3_redirect = 16.38 s
[ 6941/24720] TestRDocGeneratorPOTPOEntry#test_references_multiple = 0.05 s
[ 6942/24720] TestRDocGeneratorPOTPOEntry#test_translator_comment_multiple_lines = 0.03 s
[ 6943/24720] TestRDocGeneratorPOTPOEntry#test_msgid_back_slash = 0.03 s
[ 6944/24720] TestRDocGeneratorPOTPOEntry#test_extracted_comment_normal = 0.03 s
[ 6945/24720] TestRDocGeneratorPOTPOEntry#test_references_normal = 0.03 s
[ 6946/24720] TestRDocGeneratorPOTPOEntry#test_msgid_normal = 0.03 s
[ 6947/24720] TestRDocGeneratorPOTPOEntry#test_flags_multiple = 0.03 s
[ 6948/24720] TestRDocGeneratorPOTPOEntry#test_msgid_multiple_lines = 0.03 s
[ 6949/24720] TestRDocGeneratorPOTPOEntry#test_msgid_double_quote = 0.03 s
[ 6950/24720] TestRDocGeneratorPOTPOEntry#test_translator_comment_normal = 0.03 s
[ 6951/24720] TestRDocGeneratorPOTPOEntry#test_full = 0.03 s
[ 6952/24720] TestRDocGeneratorPOTPOEntry#test_msgid_tab = 0.03 s
[ 6953/24720] TestRDocGeneratorPOTPOEntry#test_extracted_comment_multiple_lines = 0.03 s
[ 6954/24720] TestRDocGeneratorPOTPOEntry#test_flags_normal = 0.03 s
[ 6955/24720] TestWindows1252#test_windows_1252 = 0.42 s
[ 6956/24720] TestWindows1252#test_stset = 0.02 s
[ 6957/24720] OpenSSL::TestDigest#test_openssl_digest = 0.03 s
[ 6958/24720] OpenSSL::TestDigest#test_reset = 0.02 s
[ 6959/24720] OpenSSL::TestDigest#test_dup = 0.02 s
[ 6960/24720] OpenSSL::TestDigest#test_eql = 0.01 s
[ 6961/24720] OpenSSL::TestDigest#test_sha3 = 0.03 s
[ 6962/24720] OpenSSL::TestDigest#test_digest = 0.02 s
[ 6963/24720] OpenSSL::TestDigest#test_sha512_truncate = 0.02 s
[ 6964/24720] OpenSSL::TestDigest#test_digest_by_oid_and_name_sha2 = 0.03 s
[ 6965/24720] OpenSSL::TestDigest#test_sha2 = 0.03 s
[ 6966/24720] OpenSSL::TestDigest#test_info = 0.01 s
[ 6967/24720] OpenSSL::TestDigest#test_digest_by_oid_and_name = 0.02 s
[ 6968/24720] OpenSSL::TestDigest#test_digests = 0.02 s
[ 6969/24720] OpenSSL::TestDigest#test_digest_constants = 0.03 s
[ 6970/24720] TestIRB::MeasureTest#test_measure_with_proc_warning = 0.32 s
[ 6971/24720] TestIRB::MeasureTest#test_measure_keeps_previous_value = 0.26 s
[ 6972/24720] TestIRB::MeasureTest#test_measure_enabled_by_rc = 0.25 s
[ 6973/24720] TestIRB::MeasureTest#test_measure_enabled_by_rc_with_custom = 0.25 s
[ 6974/24720] TestIRB::MeasureTest#test_measure_toggle = 0.44 s
[ 6975/24720] TestIRB::MeasureTest#test_measure_with_custom = 0.34 s
[ 6976/24720] TestIRB::MeasureTest#test_measure = 0.46 s
[ 6977/24720] TestLoggerSeverity#test_level_assignment = 0.03 s
[ 6978/24720] TestLoggerSeverity#test_enum = 0.02 s
[ 6979/24720] TestLoggerSeverity#test_fiber_local_level = 0.03 s
[ 6980/24720] TestLoggerSeverity#test_thread_local_level = 0.03 s
[ 6981/24720] JSONStringMatchingTest#test_match_date = 0.06 s
[ 6982/24720] HTTPSProxyTest#test_https_proxy_ssl_connection = 0.79 s
[ 6983/24720] HTTPSProxyTest#test_https_proxy_authentication = 0.09 s
[ 6984/24720] TestTimeExtension#test_completion_with_different_timezone = 0.02 s
[ 6985/24720] TestTimeExtension#test_xmlschema_leap_second = 0.09 s
[ 6986/24720] TestTimeExtension#test_xmlschema_encode = 0.07 s
[ 6987/24720] TestTimeExtension#test_ruby_talk_152866 = 0.02 s
[ 6988/24720] TestTimeExtension#test_xmlschema_alias = 0.05 s
[ 6989/24720] TestTimeExtension#test_strptime = 0.03 s
[ 6990/24720] TestTimeExtension#test_rfc2822_utc_roundtrip_summer = 0.02 s
[ 6991/24720] TestTimeExtension#test_strptime_empty = 0.02 s
[ 6992/24720] TestTimeExtension#test_strptime_wuvg = 0.07 s
[ 6993/24720] TestTimeExtension#test_rfc2822 = 0.08 s
[ 6994/24720] TestTimeExtension#test_iso8601_nsec = 0.01 s
[ 6995/24720] TestTimeExtension#test_strptime_s_z = 0.02 s
[ 6996/24720] TestTimeExtension#test_parse_fraction = 0.02 s
[ 6997/24720] TestTimeExtension#test_encode_rfc2822 = 0.01 s
[ 6998/24720] TestTimeExtension#test_xmlschema = 0.08 s
[ 6999/24720] TestTimeExtension#test_strptime_s_N = 0.02 s
[ 7000/24720] TestTimeExtension#test_rfc2616 = 0.05 s
[ 7001/24720] TestTimeExtension#test_encode_httpdate = 0.01 s
[ 7002/24720] TestTimeExtension#test_parse_offset_hour_minute_second = 0.04 s
[ 7003/24720] TestTimeExtension#test_completion = 0.04 s
[ 7004/24720] TestTimeExtension#test_rfc2822_leap_second = 0.10 s
[ 7005/24720] TestTimeExtension#test_xmlschema_nsec = 0.01 s
[ 7006/24720] TestTimeExtension#test_iso8601_fraction = 0.01 s
[ 7007/24720] TestTimeExtension#test_iso8601_encode = 0.05 s
[ 7008/24720] TestTimeExtension#test_rfc822 = 0.02 s
[ 7009/24720] TestTimeExtension#test_iso8601 = 0.08 s
[ 7010/24720] TestTimeExtension#test_iso8601_alias = 0.05 s
[ 7011/24720] TestTimeExtension#test_xmlschema_fraction = 0.01 s
[ 7012/24720] TestTimeExtension#test_iso8601_leap_second = 0.08 s
[ 7013/24720] TestTimeExtension#test_parse_with_various_object = 0.03 s
[ 7014/24720] TestTimeExtension#test_rfc2822_ractor = 9.78 s
[ 7015/24720] TestTimeExtension#test_parse_now_nil = 0.02 s
[ 7016/24720] TestTimeExtension#test_parse_leap_second = 0.20 s
[ 7017/24720] TestTimeExtension#test_strptime_j = 0.03 s
[ 7018/24720] TestTimeExtension#test_invalid = 0.19 s
[ 7019/24720] TestTimeExtension#test_strptime_Ymd_z = 0.03 s
[ 7020/24720] TestTimeExtension#test_strptime_p = 0.03 s
[ 7021/24720] TestTimeExtension#test_rfc2822_nonlinear = 3.76 s
[ 7022/24720] TestTimeExtension#test_nsec = 0.02 s
[ 7023/24720] TestTimeExtension#test_huge_precision = 7.45 s
[ 7024/24720] TestTimeExtension#test_zone_0000 = 0.08 s
[ 7025/24720] TestTimeExtension#test_rfc2822_utc_roundtrip_winter = 0.01 s
[ 7026/24720] Bug::Struct::Test_Len#test_rstruct_len = 0.02 s
[ 7027/24720] TestFiberQueue#test_pop_with_timeout = 0.06 s
[ 7028/24720] TestFiberQueue#test_pop_with_timeout_and_value = 0.03 s
[ 7029/24720] TestUTF16#test_count2 = 0.02 s
[ 7030/24720] TestUTF16#test_utf16be_valid_encoding = 0.04 s
[ 7031/24720] TestUTF16#test_succ = 0.01 s
[ 7032/24720] TestUTF16#test_plus_empty2 = 0.01 s
[ 7033/24720] TestUTF16#test_intern = 0.01 s
[ 7034/24720] TestUTF16#test_concat_empty1 = 0.01 s
[ 7035/24720] TestUTF16#test_slice! = 0.01 s
[ 7036/24720] TestUTF16#test_gsub = 0.02 s
[ 7037/24720] TestUTF16#test_casecmp2 = 0.02 s
[ 7038/24720] TestUTF16#test_interpolation = 0.01 s
[ 7039/24720] TestUTF16#test_plus = 0.01 s
[ 7040/24720] TestUTF16#test_empty_regexp = 0.01 s
[ 7041/24720] TestUTF16#test_count = 0.01 s
[ 7042/24720] TestUTF16#test_chomp = 0.01 s
[ 7043/24720] TestUTF16#test_code_to_mbc = 0.01 s
[ 7044/24720] TestUTF16#test_regexp_union = 0.01 s
[ 7045/24720] TestUTF16#test_oct = 0.01 s
[ 7046/24720] TestUTF16#test_regexp_escape = 0.01 s
[ 7047/24720] TestUTF16#test_header = 0.02 s
[ 7048/24720] TestUTF16#test_utf16le_valid_encoding = 0.04 s
[ 7049/24720] TestUTF16#test_strftime = 0.01 s
[ 7050/24720] TestUTF16#test_compatible = 0.01 s
[ 7051/24720] TestUTF16#test_encoding_find = 0.01 s
[ 7052/24720] TestUTF16#test_sym_eq = 0.01 s
[ 7053/24720] TestUTF16#test_concat_nonempty = 0.01 s
[ 7054/24720] TestUTF16#test_split_awk = 0.02 s
[ 7055/24720] TestUTF16#test_surrogate_pair = 0.01 s
[ 7056/24720] TestUTF16#test_regexp_match = 0.01 s
[ 7057/24720] TestUTF16#test_concat_empty2 = 0.01 s
[ 7058/24720] TestUTF16#test_mbc_case_fold = 0.03 s
[ 7059/24720] TestUTF16#test_casecmp = 0.01 s
[ 7060/24720] TestUTF16#test_hex = 0.01 s
[ 7061/24720] TestUTF16#test_end_with = 0.01 s
[ 7062/24720] TestUTF16#test_plus_nonempty = 0.01 s
[ 7063/24720] TestUTF16#test_plus_empty1 = 0.01 s
[ 7064/24720] TestUTF16#test_is_mbc_newline = 0.02 s
[ 7065/24720] TestEnv#test_select_bang_in_ractor = 9.31 s
[ 7066/24720] TestEnv#test_reject_bang = 0.06 s
[ 7067/24720] TestEnv#test_huge_value = 0.06 s
[ 7068/24720] TestEnv#test_to_h_in_ractor = 9.43 s
[ 7069/24720] TestEnv#test_delete_if = 0.06 s
[ 7070/24720] TestEnv#test_aset = 0.05 s
[ 7071/24720] TestEnv#test_shift_in_ractor = 9.39 s
[ 7072/24720] TestEnv#test_update = 0.06 s
[ 7073/24720] TestEnv#test_shared_substring = 0.03 s
[ 7074/24720] TestEnv#test_dup_in_ractor = 9.37 s
[ 7075/24720] TestEnv#test_each_pair = 0.07 s
[ 7076/24720] TestEnv#test_slice_in_ractor = 9.36 s
[ 7077/24720] TestEnv#test_frozen_env = 0.02 s
[ 7078/24720] TestEnv#test_filter_bang_in_ractor = 9.42 s
[ 7079/24720] TestEnv#test_each_value_in_ractor = 9.85 s
[ 7080/24720] TestEnv#test_rehash_in_ractor = 9.33 s
[ 7081/24720] TestEnv#test_rehash = 0.02 s
[ 7082/24720] TestEnv#test_each_key_in_ractor = 9.45 s
[ 7083/24720] TestEnv#test_values_in_ractor = 9.43 s
[ 7084/24720] TestEnv#test_getenv = 0.04 s
[ 7085/24720] TestEnv#test_ivar_in_env_should_not_be_access_from_non_main_ractors = 9.45 s
[ 7086/24720] TestEnv#test_reject_bang_in_ractor = 9.42 s
[ 7087/24720] TestEnv#test_key = 0.03 s
[ 7088/24720] TestEnv#test_assoc_in_ractor = 9.43 s
[ 7089/24720] TestEnv#test_to_h = 0.08 s
[ 7090/24720] TestEnv#test_empty_p = 0.05 s
[ 7091/24720] TestEnv#test_invert = 0.02 s
[ 7092/24720] TestEnv#test_delete = 0.03 s
[ 7093/24720] TestEnv#test_keys_in_ractor = 9.43 s
[ 7094/24720] TestEnv#test_huge_value_in_ractor = 9.43 s
[ 7095/24720] TestEnv#test_shared_substring_in_ractor = 9.38 s
[ 7096/24720] TestEnv#test_dup = 0.03 s
[ 7097/24720] TestEnv#test_values_at = 0.02 s
[ 7098/24720] TestEnv#test_clear_in_ractor = 9.23 s
[ 7099/24720] TestEnv#test_getenv_in_ractor = 9.42 s
[ 7100/24720] TestEnv#test_except = 0.03 s
[ 7101/24720] TestEnv#test_frozen_env_in_ractor = 9.36 s
[ 7102/24720] TestEnv#test_select_bang = 0.11 s
[ 7103/24720] TestEnv#test_each_value = 0.04 s
[ 7104/24720] TestEnv#test_inspect = 0.02 s
[ 7105/24720] TestEnv#test_key_in_ractor = 9.38 s
[ 7106/24720] TestEnv#test_assoc = 0.04 s
[ 7107/24720] TestEnv#test_inspect_in_ractor = 9.25 s
[ 7108/24720] TestEnv#test_clear = 0.02 s
[ 7109/24720] TestEnv#test_fetch = 0.07 s
[ 7110/24720] TestEnv#test_slice = 0.03 s
[ 7111/24720] TestEnv#test_has_key_in_ractor = 9.41 s
[ 7112/24720] TestEnv#test_empty_p_in_ractor = 10.92 s
[ 7113/24720] TestEnv#test_has_value2_in_ractor = 9.36 s
[ 7114/24720] TestEnv#test_to_hash_in_ractor = 9.40 s
[ 7115/24720] TestEnv#test_keys = 0.05 s
[ 7116/24720] TestEnv#test_except_in_ractor = 9.39 s
[ 7117/24720] TestEnv#test_delete_if_in_ractor = 9.43 s
[ 7118/24720] TestEnv#test_delete_in_ractor = 9.45 s
[ 7119/24720] TestEnv#test_replace = 0.04 s
[ 7120/24720] TestEnv#test_keep_if = 0.06 s
[ 7121/24720] TestEnv#test_to_s = 0.02 s
[ 7122/24720] TestEnv#test_has_value2 = 0.03 s
[ 7123/24720] TestEnv#test_has_value_in_ractor = 9.42 s
[ 7124/24720] TestEnv#test_to_hash = 0.04 s
[ 7125/24720] TestEnv#test_each_pair_in_ractor = 9.47 s
[ 7126/24720] TestEnv#test_filter_bang = 0.07 s
[ 7127/24720] TestEnv#test_update_in_ractor = 9.44 s
[ 7128/24720] TestEnv#test_select_in_ractor = 9.38 s
[ 7129/24720] TestEnv#test_each_key = 0.05 s
[ 7130/24720] TestEnv#test_values_at_in_ractor = 9.36 s
[ 7131/24720] TestEnv#test_has_value = 0.03 s
[ 7132/24720] TestEnv#test_frozen = 0.20 s
[ 7133/24720] TestEnv#test_frozen_in_ractor = 9.87 s
[ 7134/24720] TestEnv#test_size_in_ractor = 9.40 s
[ 7135/24720] TestEnv#test_bracket_in_ractor = 9.46 s
[ 7136/24720] TestEnv#test_to_a = 0.03 s
[ 7137/24720] TestEnv#test_bracket = 0.04 s
[ 7138/24720] TestEnv#test_clone = 0.09 s
[ 7139/24720] TestEnv#test_select = 0.03 s
[ 7140/24720] TestEnv#test_to_s_in_ractor = 9.39 s
[ 7141/24720] TestEnv#test_filter_in_ractor = 9.40 s
[ 7142/24720] TestEnv#test_size = 0.02 s
[ 7143/24720] TestEnv#test_reject = 0.04 s
[ 7144/24720] TestEnv#test_rassoc = 0.02 s
[ 7145/24720] TestEnv#test_keep_if_in_ractor = 9.96 s
[ 7146/24720] TestEnv#test_replace_in_ractor = 9.43 s
[ 7147/24720] TestEnv#test_reject_in_ractor = 9.42 s
[ 7148/24720] TestEnv#test_values = 0.05 s
[ 7149/24720] TestEnv#test_filter = 0.04 s
[ 7150/24720] TestEnv#test_rassoc_in_ractor = 9.54 s
[ 7151/24720] TestEnv#test_invert_in_ractor = 9.38 s
[ 7152/24720] TestEnv#test_has_key = 0.04 s
[ 7153/24720] TestEnv#test_shift = 0.03 s
[ 7154/24720] TestEnv#test_aset_in_ractor = 9.54 s
[ 7155/24720] TestEnv#test_to_a_in_ractor = 9.38 s
[ 7156/24720] TestEnv#test_fetch_in_ractor = 9.49 s
[ 7157/24720] TestGemCommandsSetupCommand#test_show_release_notes = 1.35 s
[ 7158/24720] TestGemCommandsSetupCommand#test_remove_old_man_files = 1.30 s
[ 7159/24720] TestGemCommandsSetupCommand#test_execute_regenerate_plugins = 1.30 s
[ 7160/24720] TestGemCommandsSetupCommand#test_install_default_bundler_gem_with_destdir_flag = 1.30
s
[ 7161/24720] TestGemCommandsSetupCommand#test_execute_regenerate_plugins_creates_plugins_dir_if_not
_there = 1.32 s
[ 7162/24720] TestGemCommandsSetupCommand#test_install_default_bundler_gem_with_destdir_and_prefix_f
lags = 1.31 s
[ 7163/24720] TestGemCommandsSetupCommand#test_env_shebang_flag = 1.31 s
[ 7164/24720] TestGemCommandsSetupCommand#test_files_in = 1.31 s
[ 7165/24720] TestGemCommandsSetupCommand#test_install_default_bundler_gem = 1.32 s
[ 7166/24720] TestGemCommandsSetupCommand#test_execute_no_regenerate_plugins = 1.34 s
[ 7167/24720] TestGemCommandsSetupCommand#test_destdir_flag_regenerates_binstubs = 1.32 s
[ 7168/24720] TestGemCommandsSetupCommand#test_remove_old_lib_files = 1.34 s
[ 7169/24720] TestGemCommandsSetupCommand#test_destdir_flag_does_not_try_to_write_to_the_default_gem
_home = 1.34 s
[ 7170/24720] TestGemCommandsSetupCommand#test_execute_no_regenerate_binstubs = 1.32 s
[ 7171/24720] TestGemCommandsSetupCommand#test_execute_informs_about_installed_executables = 1.32 s
[ 7172/24720] TestGemCommandsSetupCommand#test_install_default_bundler_gem_with_default_gems_not_ins
talled_at_default_dir = 1.32 s
[ 7173/24720] TestGemCommandsSetupCommand#test_execute_regenerate_binstubs = 1.31 s
[ 7174/24720] TestGemCommandsSetupCommand#test_install_lib = 1.32 s
[ 7175/24720] TestGemCommandsSetupCommand#test_install_default_bundler_gem_with_force_flag = 1.32 s
[ 7176/24720] TestNumeric#test_cmp = 0.02 s
[ 7177/24720] TestNumeric#test_coerced_remainder = 8.95 s
[ 7178/24720] TestNumeric#test_floor_ceil_ndigits = 0.07 s
[ 7179/24720] TestNumeric#test_dummynumeric = 0.06 s
[ 7180/24720] TestNumeric#test_quo = 0.01 s
[ 7181/24720] TestNumeric#test_zero_p = 0.01 s
[ 7182/24720] TestNumeric#test_dup = 0.01 s
[ 7183/24720] TestNumeric#test_coerce = 0.19 s
[ 7184/24720] TestNumeric#test_nonzero_p = 0.01 s
[ 7185/24720] TestNumeric#test_singleton_method = 0.03 s
[ 7186/24720] TestNumeric#test_eql = 0.01 s
[ 7187/24720] TestNumeric#test_positive_p = 0.01 s
[ 7188/24720] TestNumeric#test_real_p = 0.01 s
[ 7189/24720] TestNumeric#test_float_round_ndigits = 0.04 s
[ 7190/24720] TestNumeric#test_divmod = 0.01 s
[ 7191/24720] TestNumeric#test_abs = 0.01 s
[ 7192/24720] TestNumeric#test_num2long = 0.03 s
[ 7193/24720] TestNumeric#test_quo_ruby_core_41575 = 0.01 s
[ 7194/24720] TestNumeric#test_integer_p = 0.01 s
[ 7195/24720] TestNumeric#test_comparison_comparable = 0.03 s
[ 7196/24720] TestNumeric#test_step_bug15537 = 0.07 s
[ 7197/24720] TestNumeric#test_step = 0.23 s
[ 7198/24720] TestNumeric#test_clone = 0.03 s
[ 7199/24720] TestNumeric#test_pow = 0.13 s
[ 7200/24720] TestNumeric#test_remainder_infinity = 0.02 s
[ 7201/24720] TestNumeric#test_negative_p = 0.01 s
[ 7202/24720] TestNumeric#test_to_int = 0.01 s
[ 7203/24720] TestNumeric#test_floor_ceil_round_truncate = 0.03 s
[ 7204/24720] TestEnumerator#test_size_for_enum_created_from_hash = 0.03 s
[ 7205/24720] TestEnumerator#test_peek_values_modify = 0.02 s
[ 7206/24720] TestEnumerator#test_gc = 21.39 s
[ 7207/24720] TestEnumerator#test_nested_iteration = 0.02 s
[ 7208/24720] TestEnumerator#test_uniq = 0.02 s
[ 7209/24720] TestEnumerator#test_peek_values = 0.05 s
[ 7210/24720] TestEnumerator#test_size_for_enum_created_from_enumerable = 0.05 s
[ 7211/24720] TestEnumerator#test_size_for_downup_to = 0.02 s
[ 7212/24720] TestEnumerator#test_with_index_dangling_memo = 8.98 s
[ 7213/24720] TestEnumerator#test_chain_undef_methods = 0.04 s
[ 7214/24720] TestEnumerator#test_lazy_chain = 0.06 s
[ 7215/24720] TestEnumerator#test_product_new = 0.06 s
[ 7216/24720] TestEnumerator#test_rewind_clear_feed = 0.02 s
[ 7217/24720] TestEnumerator#test_freeze = 0.04 s
[ 7218/24720] TestEnumerator#test_with_index_under_gc_compact_stress = 2123.51 s
[ 7219/24720] TestEnumerator#test_size_for_loops = 0.02 s
[ 7220/24720] TestEnumerator#test_size_for_enum_created_from_env = 0.02 s
[ 7221/24720] TestEnumerator#test_with_index_string_offset = 0.02 s
[ 7222/24720] TestEnumerator#test_size_for_each_slice = 0.02 s
[ 7223/24720] TestEnumerator#test_with_index = 0.02 s
[ 7224/24720] TestEnumerator#test_chained_enums = 0.05 s
[ 7225/24720] TestEnumerator#test_peek = 0.02 s
[ 7226/24720] TestEnumerator#test_stop_result = 0.02 s
[ 7227/24720] TestEnumerator#test_with_object = 0.02 s
[ 7228/24720] TestEnumerator#test_inspect_encoding = 0.02 s
[ 7229/24720] TestEnumerator#test_stopiteration_rescue = 0.07 s
[ 7230/24720] TestEnumerator#test_inspect = 0.02 s
[ 7231/24720] TestEnumerator#test_size_for_array_combinatorics = 1.30 s
[ 7232/24720] TestEnumerator#test_peek_for_enumerator_objects = 0.02 s
[ 7233/24720] TestEnumerator#test_initialize_copy = 0.03 s
[ 7234/24720] TestEnumerator#test_generator_args = 0.02 s
[ 7235/24720] TestEnumerator#test_with_index_large_offset = 0.02 s
[ 7236/24720] TestEnumerator#test_slice = 0.01 s
[ 7237/24720] TestEnumerator#test_size_for_string = 0.02 s
[ 7238/24720] TestEnumerator#test_compact = 0.01 s
[ 7239/24720] TestEnumerator#test_peek_modify = 0.02 s
[ 7240/24720] TestEnumerator#test_s_product = 0.04 s
[ 7241/24720] TestEnumerator#test_produce = 0.05 s
[ 7242/24720] TestEnumerator#test_initialize = 0.16 s
[ 7243/24720] TestEnumerator#test_feed = 0.02 s
[ 7244/24720] TestEnumerator#test_size_for_enum_created_by_enumerators = 0.01 s
[ 7245/24720] TestEnumerator#test_next = 0.02 s
[ 7246/24720] TestEnumerator#test_lazy_chain_under_gc_compact_stress = 5119.99 s
[ 7247/24720] TestEnumerator#test_next_after_stopiteration = 0.03 s
[ 7248/24720] TestEnumerator#test_loop = 0.02 s
[ 7249/24720] TestEnumerator#test_iterators = 0.02 s
[ 7250/24720] TestEnumerator#test_cons = 0.01 s
[ 7251/24720] TestEnumerator#test_size_for_enum_created_from_struct = 0.02 s
[ 7252/24720] TestEnumerator#test_loop_return_value = 0.02 s
[ 7253/24720] TestEnumerator#test_size_for_enum_created_from_array = 0.02 s
[ 7254/24720] TestEnumerator#test_next_rewind = 0.02 s
[ 7255/24720] TestEnumerator#test_chain_with_index = 0.01 s
[ 7256/24720] TestEnumerator#test_chain_each_lambda = 0.02 s
[ 7257/24720] TestEnumerator#test_size = 0.03 s
[ 7258/24720] TestEnumerator#test_yielder = 0.03 s
[ 7259/24720] TestEnumerator#test_feed_before_first_next = 0.01 s
[ 7260/24720] TestEnumerator#test_feed_yielder = 0.02 s
[ 7261/24720] TestEnumerator#test_size_for_each_cons = 0.03 s
[ 7262/24720] TestEnumerator#test_with_index_nonnum_offset = 0.01 s
[ 7263/24720] TestEnumerator#test_next_values = 0.02 s
[ 7264/24720] TestEnumerator#test_size_for_step = 0.03 s
[ 7265/24720] TestEnumerator#test_feed_twice = 0.01 s
[ 7266/24720] TestEnumerator#test_generator = 0.05 s
[ 7267/24720] TestEnumerator#test_inspect_verbose = 0.02 s
[ 7268/24720] TestEnumerator#test_each_arg = 0.02 s
[ 7269/24720] TestEnumerator#test_enum_chain_and_plus = 0.03 s
[ 7270/24720] TestEnumerator#test_feed_mixed = 0.02 s
[ 7271/24720] TestEnumerator#test_each_slice_size = 0.01 s
[ 7272/24720] TestEnumerator#test_size_for_cycle = 0.03 s
[ 7273/24720] TestEucKr#test_code_to_mbc = 0.01 s
[ 7274/24720] TestEucKr#test_mbc_to_code = 0.01 s
[ 7275/24720] TestEucKr#test_euro_sign = 0.01 s
[ 7276/24720] TestEucKr#test_registered_mark = 0.01 s
[ 7277/24720] TestEucKr#test_left_adjust_char_head = 0.01 s
[ 7278/24720] TestEucKr#test_mbc_case_fold = 0.01 s
[ 7279/24720] TestEucKr#test_mbc_enc_len = 0.01 s
[ 7280/24720] TestOptionParserZshCompletion#test_compsys = 0.06 s
[ 7281/24720] TestRequire#test_load_syntax_error = 0.07 s
[ 7282/24720] TestRequire#test_require_with_public_method_missing = 131.73 s
[ 7283/24720] TestRequire#test_loaded_features_encoding = 0.20 s
[ 7284/24720] TestRequire#test_require_nonascii_path = 1.81 s
[ 7285/24720] TestRequire#test_require_too_long_filename = 11.08 s
[ 7286/24720] TestRequire#test_require_to_str_redefined_in_load_path = 2.40 s
[ 7287/24720] TestRequire#test_relative = 1.06 s
[ 7288/24720] TestRequire#test_load_error_path = 9.65 s
[ 7289/24720] TestRequire#test_load_wrap_nil = 9.17 s
[ 7290/24720] TestRequire#test_require_in_wrapped_load = 8.92 s
[ 7291/24720] TestRequire#test_require_syntax_error = 0.08 s
[ 7292/24720] TestRequire#test_require_path_home_1 = 1.74 s
[ 7293/24720] TestRequire#test_require_path_home_3 = 4.26 s
[ 7294/24720] TestRequire#test_relative_symlink_realpath = 7.58 s
[ 7295/24720] TestRequire#test_loading_fifo_fd_leak = 11.37 s
[ 7296/24720] TestRequire#test_load_scope = 2.43 s
[ 7297/24720] TestRequire#test_require_changed_home = 3.26 s
[ 7298/24720] TestRequire#test_require_local_var_on_toplevel = 2.44 s
[ 7299/24720] TestRequire#test_define_module_under = 9.50 s
[ 7300/24720] TestRequire#test_require_nonascii = 0.36 s
[ 7301/24720] TestRequire#test_symlink_load_path = 7.56 s
[ 7302/24720] TestRequire#test_require_to_path_redefined_in_load_path = 2.46 s
[ 7303/24720] TestRequire#test_loading_fifo_threading_success = 0.04 s
[ 7304/24720] TestRequire#test_resolve_feature_path = 0.12 s
[ 7305/24720] TestRequire#test_private_in_wrapped_load = 0.05 s
[ 7306/24720] TestRequire#test_define_class = 29.18 s
[ 7307/24720] TestRequire#test_loading_fifo_threading_raise = 8.97 s
[ 7308/24720] TestRequire#test_require_twice = 2.54 s
[ 7309/24720] TestRequire#test_relative_symlink = 7.62 s
[ 7310/24720] TestRequire#test_frozen_loaded_features = 2.64 s
[ 7311/24720] TestRequire#test_define_module = 8.90 s
[ 7312/24720] TestRequire#test_require_invalid_shared_object = 8.94 s
[ 7313/24720] TestRequire#test_public_in_wrapped_load = 0.10 s
[ 7314/24720] TestRequire#test_require_nonascii_path_utf8 = 0.01 s
[ 7315/24720] TestRequire#test_load_ospath = 0.13 s
[ 7316/24720] TestRequire#test_require_not_modified_load_path = 2.49 s
[ 7317/24720] TestRequire#test_require_path_home_2 = 1.92 s
[ 7318/24720] TestRequire#test_race_exception = 0.17 s
[ 7319/24720] TestRequire#test_load = 2.69 s
[ 7320/24720] TestRequire#test_require_with_loaded_features_pop = 117.21 s
[ 7321/24720] TestRequire#test_require_with_array_pop = 2.47 s
[ 7322/24720] TestRequire#test_default_loaded_features_encoding = 8.99 s
[ 7323/24720] TestRequire#test_require_syntax_error_rescued = 0.93 s
[ 7324/24720] TestRequire#test_resolve_feature_path_with_missing_feature = 0.16 s
[ 7325/24720] TestRequire#test_define_class_under = 26.97 s
[ 7326/24720] TestRequire#test_require_nonascii_path_shift_jis = 0.11 s
[ 7327/24720] TestRequire#test_throw_while_loading = 8.94 s
[ 7328/24720] TestRequire#test_provide_in_required_file = 1.58 s
[ 7329/24720] TestRequire#test_require_changed_current_dir = 2.47 s
[ 7330/24720] TestRequire#test_require_with_array_shift = 2.46 s
[ 7331/24720] TestRequire#test_load_into_module = 0.05 s
[ 7332/24720] TestDigestRactor::TestRMD160Ractor#test_s_hexdigest = 2.76 s
[ 7333/24720] TestGraphemeBreaksFromFile#test_data_files_available = 0.05 s
[ 7334/24720] TestGc#test_stat = 27.89 s
[ 7335/24720] TestGc#test_profiler_clear = 0.03 s
[ 7336/24720] TestGc#test_stat_heap = 0.08 s
[ 7337/24720] TestGc#test_gc_stress_on_realloc = 10.94 s
[ 7338/24720] TestGc#test_profiler_enabled = 0.02 s
[ 7339/24720] TestGc#test_gc = 62.59 s
[ 7340/24720] TestGc#test_ast_node_bufferIn-address space security exception (core dumped)
end time: 2025-06-21T15:56:09
root@cheribsd-riscv64-purecap:~/ruby-3.4.1/build # date
Sat Jun 21 17:16:12 UTC 2025
root@cheribsd-riscv64-purecap:~/ruby-3.4.1/build # rm ../test/ruby/test_gc.rb
root@cheribsd-riscv64-purecap:~/ruby-3.4.1/build # rm ../test/ruby/test_enumerator.rb
root@cheribsd-riscv64-purecap:~/ruby-3.4.1/build # rm ../test/ruby/test_method.rb
root@cheribsd-riscv64-purecap:~/ruby-3.4.1/build # rm ../test/ruby/test_process.rb
root@cheribsd-riscv64-purecap:~/ruby-3.4.1/build # rm ../test/ruby/test_m17n_comb.rb
root@cheribsd-riscv64-purecap:~/ruby-3.4.1/build # rm ../test/ruby/test_syntax.rb
root@cheribsd-riscv64-purecap:~/ruby-3.4.1/build # rm ../test/zlib/test_zlib.rb
root@cheribsd-riscv64-purecap:~/ruby-3.4.1/build # rm ../test/ruby/test_argf.rb
root@cheribsd-riscv64-purecap:~/ruby-3.4.1/build # rm ../test/ruby/test_require_lib.rb
root@cheribsd-riscv64-purecap:~/ruby-3.4.1/build # rm ../test/rdoc/test_rdoc_markdown_test.rb
root@cheribsd-riscv64-purecap:~/ruby-3.4.1/build # rm ../test/ruby/test_require.rb
root@cheribsd-riscv64-purecap:~/ruby-3.4.1/build # rm ../test/ruby/test_env.rb
root@cheribsd-riscv64-purecap:~/ruby-3.4.1/build # rm ../test/prism/unescape_test.rb
root@cheribsd-riscv64-purecap:~/ruby-3.4.1/build # ./trunnerallnorevoke.sh
start time: 2025-06-21T17:25:43
Running tests with miniruby without cherirevoke...
/root/ruby-3.4.1/lib/yaml.rb:3: warning: It seems your ruby installation is missing psych (for YAML
output).
To eliminate this warning, please install libyaml and reinstall your ruby.
/root/ruby-3.4.1/test/did_you_mean/test_tree_spell_checker.rb: cannot load such file -- psych
/root/ruby-3.4.1/lib/yaml.rb:3: warning: It seems your ruby installation is missing psych (for YAML
output).
To eliminate this warning, please install libyaml and reinstall your ruby.
In-address space security exception (core dumped)
end time: 2025-06-21T17:30:17
root@cheribsd-riscv64-purecap:~/ruby-3.4.1/build # ./trunnerallnorevoke.sh
start time: 2025-06-21T17:30:30
Running tests with miniruby without cherirevoke...
/root/ruby-3.4.1/lib/yaml.rb:3: warning: It seems your ruby installation is missing psych (for YAML
output).
To eliminate this warning, please install libyaml and reinstall your ruby.
/root/ruby-3.4.1/test/did_you_mean/test_tree_spell_checker.rb: cannot load such file -- psych
/root/ruby-3.4.1/lib/yaml.rb:3: warning: It seems your ruby installation is missing psych (for YAML
output).
To eliminate this warning, please install libyaml and reinstall your ruby.
In-address space security exception (core dumped)
end time: 2025-06-21T17:34:59
root@cheribsd-riscv64-purecap:~/ruby-3.4.1/build # ls
.ext                            btthread1-orig.rb               rbconfigcp.rb
.rbconfig.time                  c10.gdb                         riscv64-freebsd-fake.rb
.revision.time                  c6.gdb                          riscv64-freebsd-fakecp.rb
GNUmakefile                     cmpdiff.sh                      rmfiles.sh
Makefile                        common.gdb                      ruby
TestArray.rb                    config.status                   ruby.core
basic.gdb                       errmsg.gdb                      runner.gdb
btallnorevoke.sh                fiber.gdb                       saku.gdb
bteval40-348-mod.rb             funcs.rb                        sakuconfig.rb
bteval40-348.rb                 gctest.gdb                      sakufake.rb
bteval40-mod.gdb                hex2bin.sh                      sort.diff
bteval40.gdb                    index.txt                       talloc.gdb
btfork5-78.rb                   iotest.gdb                      testlog.sh
btonenorevoke.sh                jemalloc_jemalloc.c             testone.sh
btractor1--18.rb                miniruby                        tonenorevoke.sh
btractor1.rb                    miniruby.core                   tran.txt
btractor18-180.rb               mrs.c                           transfer.sh
btractor2-mod.rb                norevoke.sh                     trunnerallnorevoke.sh
btractor2-orig.rb               pm_nodes.log                    tspec.gdb
btthread1-body.rb               r796.gdb                        tspec.rb
btthread1-minorig.rb            ractor.gdb                      uintptr_t-bitwise
btthread1-mod.rb                rbconfig.rb                     y133.gdb
root@cheribsd-riscv64-purecap:~/ruby-3.4.1/build # gdb miniruby.core
GNU gdb (GDB) 14.1
Copyright (C) 2023 Free Software Foundation, Inc.
License GPLv3+: GNU GPL version 3 or later <http://gnu.org/licenses/gpl.html>
This is free software: you are free to change and redistribute it.
There is NO WARRANTY, to the extent permitted by law.
Type "show copying" and "show warranty" for details.
This GDB was configured as "riscv64-unknown-freebsd13".
Type "show configuration" for configuration details.
For bug reporting instructions, please see:
<https://www.gnu.org/software/gdb/bugs/>.
Find the GDB manual and other documentation resources online at:
    <http://www.gnu.org/software/gdb/documentation/>.

For help, type "help".
Type "apropos word" to search for commands related to "word"...
"/root/ruby-3.4.1/build/miniruby.core": not in executable format: file format not recognized
(gdb) bt
No stack.
(gdb) r
Starting program:
No executable file specified.
Use the "file" or "exec-file" command.
(gdb) q
root@cheribsd-riscv64-purecap:~/ruby-3.4.1/build # gdb miniruby miniruby.core
GNU gdb (GDB) 14.1
Copyright (C) 2023 Free Software Foundation, Inc.
License GPLv3+: GNU GPL version 3 or later <http://gnu.org/licenses/gpl.html>
This is free software: you are free to change and redistribute it.
There is NO WARRANTY, to the extent permitted by law.
Type "show copying" and "show warranty" for details.
This GDB was configured as "riscv64-unknown-freebsd13".
Type "show configuration" for configuration details.
For bug reporting instructions, please see:
<https://www.gnu.org/software/gdb/bugs/>.
Find the GDB manual and other documentation resources online at:
    <http://www.gnu.org/software/gdb/documentation/>.

For help, type "help".
Type "apropos word" to search for commands related to "word"...
Reading symbols from miniruby...

warning: exec file is newer than core file.
[New LWP 100072]
[New LWP 100173]
Core was generated by `./miniruby bteval40-348-mod.rb'.
Program terminated with signal SIGPROT, CHERI protection violation
warning: could not convert 'si_code' from the host encoding (ISO-8859-1) to UTF-32.
This normally should not happen, please file a bug report.
.
Capability tag fault caused by register ca6.
#0  0x0000000040a7c3ec in ?? ()
[Current thread is 1 (LWP 100072)]
(gdb) p $ca6
$1 = () 0x834e1000 [rwRW,0x832e0000-0x836e2000] (invalid)
(gdb) up
Initial frame selected; you cannot go up.
(gdb)
Initial frame selected; you cannot go up.
(gdb)
Initial frame selected; you cannot go up.
(gdb)
Initial frame selected; you cannot go up.
(gdb)
Initial frame selected; you cannot go up.
(gdb) q
root@cheribsd-riscv64-purecap:~/ruby-3.4.1/build # ls
.ext                            btthread1-orig.rb               rbconfigcp.rb
.rbconfig.time                  c10.gdb                         riscv64-freebsd-fake.rb
.revision.time                  c6.gdb                          riscv64-freebsd-fakecp.rb
GNUmakefile                     cmpdiff.sh                      rmfiles.sh
Makefile                        common.gdb                      ruby
TestArray.rb                    config.status                   ruby.core
basic.gdb                       errmsg.gdb                      runner.gdb
btallnorevoke.sh                fiber.gdb                       saku.gdb
bteval40-348-mod.rb             funcs.rb                        sakuconfig.rb
bteval40-348.rb                 gctest.gdb                      sakufake.rb
bteval40-mod.gdb                hex2bin.sh                      sort.diff
bteval40.gdb                    index.txt                       talloc.gdb
btfork5-78.rb                   iotest.gdb                      testlog.sh
btonenorevoke.sh                jemalloc_jemalloc.c             testone.sh
btractor1--18.rb                miniruby                        tonenorevoke.sh
btractor1.rb                    miniruby.core                   tran.txt
btractor18-180.rb               mrs.c                           transfer.sh
btractor2-mod.rb                norevoke.sh                     trunnerallnorevoke.sh
btractor2-orig.rb               pm_nodes.log                    tspec.gdb
btthread1-body.rb               r796.gdb                        tspec.rb
btthread1-minorig.rb            ractor.gdb                      uintptr_t-bitwise
btthread1-mod.rb                rbconfig.rb                     y133.gdb
root@cheribsd-riscv64-purecap:~/ruby-3.4.1/build # ls *.core
miniruby.core   ruby.core
root@cheribsd-riscv64-purecap:~/ruby-3.4.1/build # gdb miniruby ruby.core
GNU gdb (GDB) 14.1
Copyright (C) 2023 Free Software Foundation, Inc.
License GPLv3+: GNU GPL version 3 or later <http://gnu.org/licenses/gpl.html>
This is free software: you are free to change and redistribute it.
There is NO WARRANTY, to the extent permitted by law.
Type "show copying" and "show warranty" for details.
This GDB was configured as "riscv64-unknown-freebsd13".
Type "show configuration" for configuration details.
For bug reporting instructions, please see:
<https://www.gnu.org/software/gdb/bugs/>.
Find the GDB manual and other documentation resources online at:
    <http://www.gnu.org/software/gdb/documentation/>.

For help, type "help".
Type "apropos word" to search for commands related to "word"...
Reading symbols from miniruby...

warning: core file may not match specified executable file.
[New LWP 105685]
[New LWP 132599]
Core was generated by `/root/ruby-3.4.1/build/ruby --disable-gems -r../tool/lib/_tmpdir ../test/runn
er.'.
Program terminated with signal SIGPROT, CHERI protection violation
warning: could not convert 'si_code' from the host encoding (ISO-8859-1) to UTF-32.
This normally should not happen, please file a bug report.
.
Capability tag fault caused by register ca1.
#0  0x0000000000604874 in pack_type_to_symbol (type=3514630144) at ../prism/api_pack.c:55
55                  return ID2SYM(rb_intern("STRING_HEX_HIGH"));
[Current thread is 1 (LWP 105685)]
(gdb) q
root@cheribsd-riscv64-purecap:~/ruby-3.4.1/build # QEMU: Terminated
Built for target 'run-riscv64-purecap' in 532162.2671062946 seconds
hanhaotian@assam: research$ ./runbsd.sh
link start
cheruby purecap ISAv9
remote: Enumerating objects: 6, done.
remote: Counting objects: 100% (6/6), done.
remote: Total 6 (delta 5), reused 6 (delta 5), pack-reused 0 (from 0)
Unpacking objects: 100% (6/6), 638 bytes | 49.00 KiB/s, done.
From https://github.com/CTSRD-CHERI/cheribuild
 * [new branch]        release-kernel-configs -> origin/release-kernel-configs

Listening for SSH connections on localhost:10201
bbl loader
SoC version: unknown
Hart 0 version: unknown
---<<BOOT>>---
GDB: no debug ports present
KDB: debugger backends: ddb
KDB: current backend: ddb
Physical memory chunk(s):
  0x80000000 - 0xffffffff,  2048 MB ( 524288 pages)
Excluded memory regions:
  0x80000000 - 0x801fffff,     2 MB (    512 pages) NoAlloc NoDump
  0x80200000 - 0x8141bfff,    18 MB (   4636 pages) NoAlloc
Found 1 CPUs in the device tree
Copyright 2011-2024 University of Cambridge.
Copyright 2012-2024 SRI International.
Copyright (c) 1992-2024 The FreeBSD Project.
Copyright (c) 1979, 1980, 1983, 1986, 1988, 1989, 1991, 1992, 1993, 1994
        The Regents of the University of California. All rights reserved.
FreeBSD is a registered trademark of The FreeBSD Foundation.
FreeBSD 15.0-CURRENT #0 main-2339ee891f: Sat Jun  7 14:28:36 JST 2025
    hanhaotian@assam:/cheriv9/src/build/cheribsd-riscv64-purecap-build/cheriv9/src/cheribsd/riscv.ri
scv64c/sys/CHERI-PURECAP-QEMU riscv
clang version 15.0.0 (https://github.com/CTSRD-CHERI/llvm-project.git 578ea4f7ef67d589f0ca7d10ec9e38
3333567421)
WARNING: WITNESS option enabled, expect reduced performance.
CHERI pure-capability kernel with revocation support
VT: init without driver.
Preloaded elf kernel "kernel" at 0xffffffc00109bde0.
SBI: Unknown (Legacy) Implementation
SBI Specification Version: 0.1
CPU 0  : Vendor=Unspecified Core=Unspecified (Hart 0)
  marchid=0, mimpid=0
  MMU: 0x3<Sv39,Sv48>
  ISA: 0x112d<Atomic,Compressed,Double,Float,Mult/Div>
  S-mode Extensions: 0
real memory  = 2147483648 (2048 MB)
Physical memory chunk(s):
0x000000008141c000 - 0x00000000fa9b5fff, 2035916800 bytes (497050 pages)
avail memory = 2012278784 (1919 MB)
No static device mappings.
random: no preloaded entropy cache
random: no platform bootloader entropy
arc4random: WARNING: initial seeding bypassed the cryptographic random device because it was not yet
 seeded and the knob 'bypass_before_seeding' was enabled.
VIMAGE (virtualized network stack) enabled
hostuuid: using 00000000-0000-0000-0000-000000000000
ULE: setup cpu 0
random: entropy device external interface
kbd0 at kbdmux0
mem: <memory>
null: <full device, null device, zero device>
openfirm: <Open Firmware control device>
tcp_log: tcp_log device
crypto: <crypto core>
ofwbus0: <Open Firmware Device Tree>
simplebus0: <Flattened device tree simple bus> on ofwbus0
sbi0: <RISC-V Supervisor Binary Interface>
intc0: <RISC-V Local Interrupt Controller> on ofwbus0
sbi_ipi0: <RISC-V SBI Inter-Processor Interrupts> on sbi0
plic0: <RISC-V PLIC> mem 0xc000000-0xc20ffff irq 10,11 on simplebus0
timer0: <RISC-V Timer>
Timecounter "RISC-V Timecounter" frequency 10000000 Hz quality 1000
Event timer "RISC-V Eventtimer" frequency 10000000 Hz quality 1000
riscv_syscon0: <RISC-V syscon> mem 0x100000-0x100fff on simplebus0
ram0: reserving memory region:   8141c000-100000000
rcons0: <RISC-V console>
ofwbus0: <fw-cfg@10100000> mem 0x10100000-0x10100017 compat qemu,fw-cfg-mmio (no driver attached)
cpulist0: <Open Firmware CPU Group> on ofwbus0
cpu0: <Open Firmware CPU> on cpulist0
cpu0: missing 'clock-frequency' property
simplebus0: <flash@20000000> mem 0x20000000-0x21ffffff,0x22000000-0x23ffffff compat cfi-flash (no dr
iver attached)
goldfish_rtc0: <Goldfish RTC> mem 0x101000-0x101fff irq 0 on simplebus0
goldfish_rtc0: registered as a time-of-day clock, resolution 1.000000s
simplebus0: no default resources for rid = 0, type = 4
uart0: <16550 or compatible> mem 0x10000000-0x100000ff irq 1 on simplebus0
uart0: console (38400,n,8,1)
uart0: fast interrupt
uart0: PPS capture mode: DCD
syscon_power0: <Syscon poweroff> on simplebus0
syscon_power1: <Syscon reboot> on simplebus0
pcib0: <Generic PCI host controller> mem 0x30000000-0x3fffffff on simplebus0
pcib0: parsing FDT for ECAM0:
pcib0: Bus is cache-coherent
pcib0: PCI addr: 0x0, CPU addr: 0x3000000, Size: 0x10000, Type: I/O port
pcib0: PCI addr: 0x40000000, CPU addr: 0x40000000, Size: 0x40000000, Type: memory
pcib0: PCI addr: 0x400000000, CPU addr: 0x400000000, Size: 0x400000000, Type: memory
pci0: <PCI bus> on pcib0
pci0: domain=0, physical bus=0
found-> vendor=0x1b36, dev=0x0008, revid=0x00
        domain=0, bus=0, slot=0, func=0
        class=06-00-00, hdrtype=0x00, mfdev=0
        cmdreg=0x0000, statreg=0x0000, cachelnsz=0 (dwords)
        lattimer=0x00 (0 ns), mingnt=0x00 (0 ns), maxlat=0x00 (0 ns)
found-> vendor=0x1af4, dev=0x1005, revid=0x00
        domain=0, bus=0, slot=1, func=0
        class=00-ff-00, hdrtype=0x00, mfdev=0
        cmdreg=0x0000, statreg=0x0010, cachelnsz=0 (dwords)
        lattimer=0x00 (0 ns), mingnt=0x00 (0 ns), maxlat=0x00 (0 ns)
        intpin=a, irq=0
        map[10]: type I/O Port, range 32, base 0, size  5, port disabled
        map[20]: type Prefetchable Memory, range 64, base 0, size 14, memory disabled
virtio_pci0: <VirtIO PCI (legacy) Entropy adapter> irq 14 at device 1.0 on pci0
virtio_pci0: Lazy allocation of 0x20 bytes rid 0x10 type 4 at 0
virtio_mmio0: <VirtIO MMIO adapter> mem 0x10008000-0x10008fff irq 2 on simplebus0
vtblk0: <VirtIO Block Adapter> on virtio_mmio0
virtio_mmio0: host features: 0x31006ed4 <RingEventIdx,RingIndirectDesc,NotifyOnEmpty,WriteZeros,Disc
ard,ConfigWCE,Topology,FlushCmd,SCSICmds,BlockSize,DiskGeometry,MaxNumSegs>
virtio_mmio0: negotiated features: 0x10002e54 <RingIndirectDesc,Discard,ConfigWCE,Topology,FlushCmd,
BlockSize,DiskGeometry,MaxNumSegs>
vtblk0: 8994MB (18419779 512 byte sectors)
virtio_mmio1: <VirtIO MMIO adapter> mem 0x10007000-0x10007fff irq 3 on simplebus0
vtnet0: <VirtIO Networking Adapter> on virtio_mmio1
virtio_mmio1: host features: 0x39bf8064 <RingEventIdx,RingIndirectDesc,AnyLayout,NotifyOnEmpty,CtrlM
acAddr,GuestAnnounce,CtrlRxModeExtra,CtrlVLANFilter,CtrlRxMode,CtrlVq,Status,MrgRxBuf,TxGSO,MAC,Ctrl
RxOffloads>
virtio_mmio1: negotiated features: 0x308f8064 <RingEventIdx,RingIndirectDesc,CtrlMacAddr,CtrlVLANFil
ter,CtrlRxMode,CtrlVq,Status,MrgRxBuf,TxGSO,MAC,CtrlRxOffloads>
vtnet0: bpf attached
vtnet0: Ethernet address: 52:54:00:12:34:56
simplebus0: <virtio_mmio@10006000> mem 0x10006000-0x10006fff irq 4 compat virtio,mmio (no driver att
ached)
simplebus0: <virtio_mmio@10005000> mem 0x10005000-0x10005fff irq 5 compat virtio,mmio (no driver att
ached)
simplebus0: <virtio_mmio@10004000> mem 0x10004000-0x10004fff irq 6 compat virtio,mmio (no driver att
ached)
simplebus0: <virtio_mmio@10003000> mem 0x10003000-0x10003fff irq 7 compat virtio,mmio (no driver att
ached)
simplebus0: <virtio_mmio@10002000> mem 0x10002000-0x10002fff irq 8 compat virtio,mmio (no driver att
ached)
simplebus0: <virtio_mmio@10001000> mem 0x10001000-0x10001fff irq 9 compat virtio,mmio (no driver att
ached)
crypto: assign cryptosoft0 driver id 0, flags 0x6000000
Device configuration finished.
procfs registered
Timecounters tick every 10.000 msec
lo0: bpf attached
vlan: initialized, using hash tables with chaining
IPsec: Initialized Security Association Processing.
tcp_init: net.inet.tcp.tcbhashsize auto tuned to 16384
usb_needs_explore_all: no devclass
GEOM: new disk vtbd0
WARNING: WITNESS option enabled, expect reduced performance.
regulator: shutting down unused regulators
Trying to mount root from ufs:/dev/ufs/root []...
WARNING: / was not properly dismounted
goldfish_rtc0: providing initial system time
failed to load CTF for kernel: 2
start_init: trying /sbin/init
random: unblocking device.
Setting hostuuid: efebf59f-42dc-47b8-8d18-267f1b2e0494.
Setting hostid: 0x7cc42306.
Starting file system checks:
/dev/ufs/root: 53553 files, 1452287 used, 264968 free (360 frags, 33076 blocks, 0.0% fragmentation)
Mounting local filesystems:.
Autoloading module: virtio_random
link_elf_ctf_get(175): module /boot/kernel/virtio_random.ko has no .SUNW_ctf section
failed to load CTF for virtio_random.ko: 79
vtrnd0: <VirtIO Entropy Adapter> on virtio_pci0
virtio_pci0: host features: 0x79000000 <RingEventIdx,RingIndirectDesc,AnyLayout,NotifyOnEmpty>
virtio_pci0: negotiated features: 0
random: registering fast source VirtIO Entropy Adapter
ELF ldconfig path: /lib /usr/lib /usr/lib/compat
64-bit compatibility ldconfig path: /usr/lib64
Setting up harvesting: PURE_VIRTIO,[CALLOUT],[UMA],[FS_ATIME],SWI,INTERRUPT,NET_NG,[NET_ETHER],NET_T
UN,MOUSE,KEYBOARD,ATTACH,CACHED
Feeding entropy: .
Setting hostname: cheribsd-riscv64-purecap.
lo0: link state changed to UP
vtnet0: link state changed to UP
Starting Network: lo0 vtnet0.
lo0: flags=1008049<UP,LOOPBACK,RUNNING,MULTICAST,LOWER_UP> metric 0 mtu 16384
        options=680003<RXCSUM,TXCSUM,LINKSTATE,RXCSUM_IPV6,TXCSUM_IPV6>
        inet 127.0.0.1 netmask 0xff000000
        inet6 ::1 prefixlen 128
        inet6 fe80::1%lo0 prefixlen 64 scopeid 0x2
        groups: lo
        nd6 options=21<PERFORMNUD,AUTO_LINKLOCAL>
vtnet0: flags=1008843<UP,BROADCAST,RUNNING,SIMPLEX,MULTICAST,LOWER_UP> metric 0 mtu 1500
        options=80028<VLAN_MTU,JUMBO_MTU,LINKSTATE>
        ether 52:54:00:12:34:56
        media: Ethernet autoselect (10Gbase-T <full-duplex>)
        status: active
        nd6 options=29<PERFORMNUD,IFDISABLED,AUTO_LINKLOCAL>
Starting devd.
Starting dhclient.
DHCPREQUEST on vtnet0 to 255.255.255.255 port 67
DHCPACK from 10.0.2.2
bound to 10.0.2.15 -- renewal in 43200 seconds.
route: message indicates error: File exists
add host 127.0.0.1: gateway lo0 fib 0: route already in table
route: message indicates error: File exists
add host ::1: gateway lo0 fib 0: route already in table
add net fe80::: gateway ::1
add net ff02::: gateway ::1
add net ::ffff:0.0.0.0: gateway ::1
add net ::0.0.0.0: gateway ::1
Creating and/or trimming log files.
Updating motd: INVARIANTS WITNESS CHERI_CAPREVOKE.
Clearing /tmp (X related).
Updating /var/run/os-release done.
Starting syslogd.
No core dumps found.
NFS access cache time=60
Mounting late filesystems:.
Performing sanity check on sshd configuration.
Starting sshd.
Starting background file system checks in 60 seconds.

Sat Jun 21 17:42:47 UTC 2025

CheriBSD/riscv (cheribsd-riscv64-purecap) (ttyu0)

login: root
Jun 21 17:43:05 cheribsd-riscv64-purecap login[1168]: ROOT LOGIN (root) ON ttyu0
Last login: Sun Jun 15 13:53:25 on ttyu0
FreeBSD 15.0-CURRENT (CHERI-PURECAP-QEMU) #0 main-2339ee891f: Sat Jun  7 14:28:36 JST 2025

Welcome to CheriBSD!

CheriBSD extends FreeBSD to implement memory protection and software
compartmentalization features enabled by CHERI-extended CPUs.

The CheriBSD front page:
  https://www.cheribsd.org/

We provide support via a mailing list:
  https://www.cl.cam.ac.uk/research/security/ctsrd/cheri/cheri-lists.html

And also via the CHERI-CPU Slack:
  https://www.cl.cam.ac.uk/research/security/ctsrd/cheri/cheri-slack.html

CheriBSD source may be found at:
  https://github.com/CTSRD-CHERI/cheribsd/

Find out more about about CHERI at https://cheri-cpu.org/

WARNING: INVARIANTS kernel option defined, expect reduced performance
WARNING: WITNESS kernel option defined, expect reduced performance
WARNING: capability revocation enabled by default, this may affect performance
+ kind=smb
+ ls -A /nfsroot
+ [ -n '' ]
+ [ smb '=' smb ]
+ mkdir -p /nfsroot
+ mount_smbfs -I 10.0.2.4 -N //10.0.2.4/rootfs /nfsroot
+ ls -A /outputroot
+ [ -n '' ]
+ mkdir -p /outputroot
+ mount_smbfs -I 10.0.2.4 -N //10.0.2.4/output_root /outputroot
+ test -L /nfsroot-nocheri
+ test -L /nfsroot-hybrid
+ test -L /nfsroot-purecap
+ test -L /rootfs
root@cheribsd-riscv64-purecap:~ # cd ruby-3.4.1/build
root@cheribsd-riscv64-purecap:~/ruby-3.4.1/build # ./trunnerallnorevoke.sh
start time: 2025-06-21T17:43:17
Running tests with miniruby without cherirevoke...

