root@cheribsd-riscv64-purecap:~/ruby-3.4.1/build # ./trunneriternorevoke.sh
Running test: ../test/ruby/test_marshal.rb
start time: 2025-06-21T19:58:05
Run options:
  "--ruby=./miniruby -I../lib -I. -I.ext/common  ../tool/runruby.rb --extout=.ext  -- --disable-gems
"
  --excludes-dir=../test/.excludes
  --name=!/memory_leak/
  -s
  3216
  --timeout-scale
  10
  --worker-timeout=100
  -v

# Running tests:

[  1/224] TestMarshal#test_range_cyclic = 0.05 s
[  2/224] TestMarshal#test_undumpable_message = 0.05 s
[  3/224] TestMarshal#test_object_subclass = 0.04 s
[  4/224] TestMarshal#test_symbol2 = 0.01 s
[  5/224] TestMarshal#test_anonymous = 0.02 s
[  6/224] TestMarshal#test_change_class_name = 0.03 s
[  7/224] TestMarshal#test_invalid_byte_sequence_symbol = 0.03 s
[  8/224] TestMarshal#test_marshal = 0.04 s
[  9/224] TestMarshal#test_string_subclass = 0.04 s
[ 10/224] TestMarshal#test_marshal_nameerror = 0.05 s
[ 11/224] TestMarshal#test_symlink = 0.01 s
[ 12/224] TestMarshal#test_class_nonascii = 0.05 s
[ 13/224] TestMarshal#test_object_prepend = 0.04 s
[ 14/224] TestMarshal#test_marshal_dump_excess_encoding = 0.01 s
[ 15/224] TestMarshal#test_marshal_dump_struct_ivar = 0.01 s
[ 16/224] TestMarshal#test_too_long_string = 0.02 s
[ 17/224] TestMarshal#test_struct_subclass_extend = 0.05 s
[ 18/224] TestMarshal#test_time = 0.26 s
[ 19/224] TestMarshal#test_share = 0.01 s
[ 20/224] TestMarshal#test_load_range_as_struct = 0.01 s
[ 21/224] TestMarshal#test_time_subclass = 0.43 s
[ 22/224] TestMarshal#test_time_ivar = 0.04 s
[ 23/224] TestMarshal#test_false = 0.02 s
[ 24/224] TestMarshal#test_nil = 0.03 s
[ 25/224] TestMarshal#test_gc = 10.23 s
[ 26/224] TestMarshal#test_bignum = 0.07 s
[ 27/224] TestMarshal#test_float = 0.05 s
[ 28/224] TestMarshal#test_userdef_encoding = 0.02 s
[ 29/224] TestMarshal#test_exception = 0.08 s
[ 30/224] TestMarshal#test_marshal_regexp_encoding = 0.01 s
[ 31/224] TestMarshal#test_marshal_load_ivar = 0.03 s
[ 32/224] TestMarshal#test_regexp = 0.10 s
[ 33/224] TestMarshal#test_marshal_dump_extra_iv = 0.01 s
[ 34/224] TestMarshal#test_symbol = 0.51 s
[ 35/224] TestMarshal#test_object = 0.03 s
[ 36/224] TestMarshal#test_fixnum = 0.25 s
[ 37/224] TestMarshal#test_unloadable_userdef = 0.03 s
[ 38/224] TestMarshal#test_marshal_integers = 0.10 s
[ 39/224] TestMarshal#test_dump_buffer = 0.01 s
[ 40/224] TestMarshal#test_marshal_load_r_prepare_reference_crash = 11.49 s
[ 41/224] TestMarshal#test_hash = 0.03 s
[ 42/224] TestMarshal#test_extend = 0.07 s
[ 43/224] TestMarshal#test_hash_compared_by_identity = 0.03 s
[ 44/224] TestMarshal#test_string = 0.03 s
[ 45/224] TestMarshal#test_array_subclass = 0.04 s
[ 46/224] TestMarshal#test_exception_subclass = 0.04 s
[ 47/224] TestMarshal#test_struct = 0.03 s
[ 48/224] TestMarshal#test_hash_default_compared_by_identity = 0.01 s
[ 49/224] TestMarshal#test_hash_extend = 0.05 s
[ 50/224] TestMarshal#test_class = 0.03 s
[ 51/224] TestMarshal#test_marshal_proc_freeze = 0.02 s
[ 52/224] TestMarshal#test_array = 0.04 s
[ 53/224] TestMarshal#test_module_ivar = 0.02 s
[ 54/224] TestMarshal#test_symlink_in_ivar = 0.01 s
[ 55/224] TestMarshal#test_struct_subclass = 0.04 s
[ 56/224] TestMarshal#test_object_subclass_extend = 0.07 s
[ 57/224] TestMarshal#test_true = 0.03 s
[ 58/224] TestMarshal#test_struct_ivar = 0.04 s
[ 59/224] TestMarshal#test_marshal_dump_ivar = 0.02 s
[ 60/224] TestMarshal#test_string_crlf = 0.03 s
[ 61/224] TestMarshal#test_marshal_with_ruby2_keywords_hash = 0.05 s
[ 62/224] TestMarshal#test_marshal_honor_post_proc_value_for_link = 0.01 s
[ 63/224] TestMarshal#test_float_inf_nan = 0.08 s
[ 64/224] TestMarshal#test_method_missing_without_respond_to = 0.01 s
[ 65/224] TestMarshal#test_hash_subclass = 0.04 s
[ 66/224] TestMarshal#test_hash_subclass_extend = 0.07 s
[ 67/224] TestMarshal#test_marshal_cloned_class = 0.01 s
[ 68/224] TestMarshal#test_string_subclass_cycle = 0.04 s
[ 69/224] TestMarshal#test_undumpable_data = 0.03 s
[ 70/224] TestMarshal#test_singleton = 0.03 s
[ 71/224] TestMarshal#test_unloadable_data = 0.03 s
[ 72/224] TestMarshal#test_marshal_symbol_ascii8bit = 0.01 s
[ 73/224] TestMarshal#test_class_ivar = 0.02 s
[ 74/224] TestMarshal#test_struct_invalid_members = 0.02 s
[ 75/224] TestMarshal#test_array_ivar = 0.04 s
[ 76/224] TestMarshal#test_struct_toplevel = 0.03 s
[ 77/224] TestMarshal#test_string_subclass_extend = 0.04 s
[ 78/224] TestMarshal#test_packed_string = 0.01 s
[ 79/224] TestMarshal#test_marshal_respond_to_arity = 0.01 s
[ 80/224] TestMarshal#test_inconsistent_struct = 0.02 s
[ 81/224] TestMarshal#test_range_subclass = 0.04 s
[ 82/224] TestMarshal#test_marshal_exception = 0.04 s
[ 83/224] TestMarshal#test_marshal_encoding_encoding = 0.01 s
[ 84/224] TestMarshal#test_range = 0.06 s
[ 85/224] TestMarshal#test_marshal_proc_string_encoding = 0.01 s
[ 86/224] TestMarshal#test_string_ivar = 0.03 s
[ 87/224] TestMarshal#test_string_escape = 0.02 s
[ 88/224] TestMarshal#test_hash_default = 0.04 s
[ 89/224] TestMarshal#test_marshal_dump_removing_instance_variable = 0.03 s
[ 90/224] TestMarshal#test_marshal_complex = 0.02 s
[ 91/224] TestMarshal#test_userdef_invalid = 0.01 s
[ 92/224] TestMarshal#test_marshal_keyword_init_struct = 0.01 s
[ 93/224] TestMarshal#test_limit = 0.01 s
[ 94/224] TestMarshal#test_marshal_dump_recursion = 0.02 s
[ 95/224] TestMarshal#test_continuation = 0.06 s
[ 96/224] TestMarshal#test_time_in_array = 0.02 s
[ 97/224] TestMarshal#test_context_switch = 1.95 s
[ 98/224] TestMarshal#test_pipe = 0.08 s
[ 99/224] TestMarshal#test_unloadable_usrmarshal = 0.03 s
[100/224] TestMarshal#test_marshal_private_class = 0.01 s
[101/224] TestMarshal#test_marshal_small_bignum_backref = 0.01 s
[102/224] TestMarshal#test_change_struct = 0.04 s
[103/224] TestMarshal#test_hash_ivar = 0.03 s
[104/224] TestMarshal#test_no_internal_ids = 4.69 s
[105/224] TestMarshal#test_regexp2 = 0.06 s
[106/224] TestMarshal#test_marshal_string_encoding = 0.01 s
[107/224] TestMarshal#test_marshal_dump = 0.02 s
[108/224] TestMarshal#test_marshal_flonum_reference = 0.01 s
[109/224] TestMarshal#test_extend_string = 0.07 s
[110/224] TestMarshal#test_object_extend = 0.06 s
[111/224] TestMarshal#test_modify_array_during_dump = 0.02 s
[112/224] TestMarshal#test_string_empty = 0.03 s
[113/224] TestMarshal#test_marshal_dump_adding_instance_variable = 0.03 s
[114/224] TestMarshal#test_marshal_load_extended_class_crash = 11.41 s
[115/224] TestMarshal#test_regexp_subclass = 0.06 s
[116/224] TestMarshal#test_marshal_rational = 0.03 s
[117/224] TestMarshal#test_hash_default_proc = 0.01 s
[118/224] TestMarshal::TestMarshalFreezeProc#test_range_cyclic = 0.03 s
[119/224] TestMarshal::TestMarshalFreezeProc#test_object_subclass = 0.04 s
[120/224] TestMarshal::TestMarshalFreezeProc#test_anonymous = 0.02 s
[121/224] TestMarshal::TestMarshalFreezeProc#test_string_subclass = 0.04 s
[122/224] TestMarshal::TestMarshalFreezeProc#test_object_prepend = 0.04 s
[123/224] TestMarshal::TestMarshalFreezeProc#test_struct_subclass_extend = 0.06 s
[124/224] TestMarshal::TestMarshalFreezeProc#test_time = 0.25 s
[125/224] TestMarshal::TestMarshalFreezeProc#test_share = 0.01 s
[126/224] TestMarshal::TestMarshalFreezeProc#test_time_subclass = 0.04 s
[127/224] TestMarshal::TestMarshalFreezeProc#test_time_ivar = 0.04 s
[128/224] TestMarshal::TestMarshalFreezeProc#test_false = 0.03 s
[129/224] TestMarshal::TestMarshalFreezeProc#test_nil = 0.03 s
[130/224] TestMarshal::TestMarshalFreezeProc#test_bignum = 0.08 s
[131/224] TestMarshal::TestMarshalFreezeProc#test_float = 0.06 s
[132/224] TestMarshal::TestMarshalFreezeProc#test_exception = 0.09 s
[133/224] TestMarshal::TestMarshalFreezeProc#test_regexp = 0.11 s
[134/224] TestMarshal::TestMarshalFreezeProc#test_symbol = 0.55 s
[135/224] TestMarshal::TestMarshalFreezeProc#test_object = 0.04 s
[136/224] TestMarshal::TestMarshalFreezeProc#test_fixnum = 0.11 s
[137/224] TestMarshal::TestMarshalFreezeProc#test_hash = 0.03 s
[138/224] TestMarshal::TestMarshalFreezeProc#test_extend = 0.06 s
[139/224] TestMarshal::TestMarshalFreezeProc#test_string = 0.02 s
[140/224] TestMarshal::TestMarshalFreezeProc#test_array_subclass = 0.04 s
[141/224] TestMarshal::TestMarshalFreezeProc#test_exception_subclass = 0.04 s
[142/224] TestMarshal::TestMarshalFreezeProc#test_struct = 0.03 s
[143/224] TestMarshal::TestMarshalFreezeProc#test_hash_extend = 0.05 s
[144/224] TestMarshal::TestMarshalFreezeProc#test_array = 0.04 s
[145/224] TestMarshal::TestMarshalFreezeProc#test_struct_subclass = 0.04 s
[146/224] TestMarshal::TestMarshalFreezeProc#test_object_subclass_extend = 0.07 s
[147/224] TestMarshal::TestMarshalFreezeProc#test_true = 0.03 s
[148/224] TestMarshal::TestMarshalFreezeProc#test_struct_ivar = 0.04 s
[149/224] TestMarshal::TestMarshalFreezeProc#test_string_crlf = 0.02 s
[150/224] TestMarshal::TestMarshalFreezeProc#test_float_inf_nan = 0.09 s
[151/224] TestMarshal::TestMarshalFreezeProc#test_hash_subclass = 0.04 s
[152/224] TestMarshal::TestMarshalFreezeProc#test_hash_subclass_extend = 0.07 s
[153/224] TestMarshal::TestMarshalFreezeProc#test_string_subclass_cycle = 0.04 s
[154/224] TestMarshal::TestMarshalFreezeProc#test_singleton = 0.03 s
[155/224] TestMarshal::TestMarshalFreezeProc#test_array_ivar = 0.04 s
[156/224] TestMarshal::TestMarshalFreezeProc#test_struct_toplevel = 0.03 s
[157/224] TestMarshal::TestMarshalFreezeProc#test_string_subclass_extend = 0.04 s
[158/224] TestMarshal::TestMarshalFreezeProc#test_range_subclass = 0.04 s
[159/224] TestMarshal::TestMarshalFreezeProc#test_range = 0.04 s
[160/224] TestMarshal::TestMarshalFreezeProc#test_string_ivar = 0.03 s
[161/224] TestMarshal::TestMarshalFreezeProc#test_string_escape = 0.02 s
[162/224] TestMarshal::TestMarshalFreezeProc#test_hash_default = 0.02 s
[163/224] TestMarshal::TestMarshalFreezeProc#test_time_in_array = 0.01 s
[164/224] TestMarshal::TestMarshalFreezeProc#test_hash_ivar = 0.03 s
[165/224] TestMarshal::TestMarshalFreezeProc#test_extend_string = 0.05 s
[166/224] TestMarshal::TestMarshalFreezeProc#test_object_extend = 0.05 s
[167/224] TestMarshal::TestMarshalFreezeProc#test_string_empty = 0.02 s
[168/224] TestMarshal::TestMarshalFreezeProc#test_regexp_subclass = 0.04 s
[169/224] TestMarshal::TestMarshalFreezeProc#test_hash_default_proc = 0.01 s
[170/224] TestMarshal::TestMarshalFreeze#test_range_cyclic = 0.02 s
[171/224] TestMarshal::TestMarshalFreeze#test_object_subclass = 0.03 s
[172/224] TestMarshal::TestMarshalFreeze#test_anonymous = 0.02 s
[173/224] TestMarshal::TestMarshalFreeze#test_string_subclass = 0.03 s
[174/224] TestMarshal::TestMarshalFreeze#test_object_prepend = 0.04 s
[175/224] TestMarshal::TestMarshalFreeze#test_struct_subclass_extend = 0.05 s
[176/224] TestMarshal::TestMarshalFreeze#test_time = 0.23 s
[177/224] TestMarshal::TestMarshalFreeze#test_proc_returned_object_are_not_frozen = 0.03 s
[178/224] TestMarshal::TestMarshalFreeze#test_share = 0.01 s
[179/224] TestMarshal::TestMarshalFreeze#test_time_subclass = 0.04 s
[180/224] TestMarshal::TestMarshalFreeze#test_time_ivar = 0.04 s
[181/224] TestMarshal::TestMarshalFreeze#test_false = 0.02 s
[182/224] TestMarshal::TestMarshalFreeze#test_nil = 0.02 s
[183/224] TestMarshal::TestMarshalFreeze#test_bignum = 0.07 s
[184/224] TestMarshal::TestMarshalFreeze#test_float = 0.06 s
[185/224] TestMarshal::TestMarshalFreeze#test_exception = 0.08 s
[186/224] TestMarshal::TestMarshalFreeze#test_modules_and_classes_are_not_frozen = 0.01 s
[187/224] TestMarshal::TestMarshalFreeze#test_regexp = 0.09 s
[188/224] TestMarshal::TestMarshalFreeze#test_symbol = 0.48 s
[189/224] TestMarshal::TestMarshalFreeze#test_object = 0.03 s
[190/224] TestMarshal::TestMarshalFreeze#test_fixnum = 0.10 s
[191/224] TestMarshal::TestMarshalFreeze#test_hash = 0.02 s
[192/224] TestMarshal::TestMarshalFreeze#test_extend = 0.05 s
[193/224] TestMarshal::TestMarshalFreeze#test_string = 0.02 s
[194/224] TestMarshal::TestMarshalFreeze#test_array_subclass = 0.03 s
[195/224] TestMarshal::TestMarshalFreeze#test_exception_subclass = 0.04 s
[196/224] TestMarshal::TestMarshalFreeze#test_struct = 0.03 s
[197/224] TestMarshal::TestMarshalFreeze#test_hash_extend = 0.05 s
[198/224] TestMarshal::TestMarshalFreeze#test_array = 0.04 s
[199/224] TestMarshal::TestMarshalFreeze#test_struct_subclass = 0.03 s
[200/224] TestMarshal::TestMarshalFreeze#test_object_subclass_extend = 0.06 s
[201/224] TestMarshal::TestMarshalFreeze#test_true = 0.02 s
[202/224] TestMarshal::TestMarshalFreeze#test_struct_ivar = 0.03 s
[203/224] TestMarshal::TestMarshalFreeze#test_return_objects_are_frozen = 0.02 s
[204/224] TestMarshal::TestMarshalFreeze#test_string_crlf = 0.02 s
[205/224] TestMarshal::TestMarshalFreeze#test_float_inf_nan = 0.08 s
[206/224] TestMarshal::TestMarshalFreeze#test_hash_subclass = 0.03 s
[207/224] TestMarshal::TestMarshalFreeze#test_hash_subclass_extend = 0.07 s
[208/224] TestMarshal::TestMarshalFreeze#test_string_subclass_cycle = 0.03 s
[209/224] TestMarshal::TestMarshalFreeze#test_singleton = 0.02 s
[210/224] TestMarshal::TestMarshalFreeze#test_array_ivar = 0.03 s
[211/224] TestMarshal::TestMarshalFreeze#test_struct_toplevel = 0.03 s
[212/224] TestMarshal::TestMarshalFreeze#test_string_subclass_extend = 0.25 s
[213/224] TestMarshal::TestMarshalFreeze#test_range_subclass = 0.04 s
[214/224] TestMarshal::TestMarshalFreeze#test_range = 0.04 s
[215/224] TestMarshal::TestMarshalFreeze#test_string_ivar = 0.03 s
[216/224] TestMarshal::TestMarshalFreeze#test_string_escape = 0.02 s
[217/224] TestMarshal::TestMarshalFreeze#test_hash_default = 0.03 s
[218/224] TestMarshal::TestMarshalFreeze#test_time_in_array = 0.01 s
[219/224] TestMarshal::TestMarshalFreeze#test_hash_ivar = 0.03 s
[220/224] TestMarshal::TestMarshalFreeze#test_extend_string = 0.05 s
[221/224] TestMarshal::TestMarshalFreeze#test_object_extend = 0.05 s
[222/224] TestMarshal::TestMarshalFreeze#test_string_empty = 0.02 s
[223/224] TestMarshal::TestMarshalFreeze#test_regexp_subclass = 0.03 s
[224/224] TestMarshal::TestMarshalFreeze#test_hash_default_proc = 0.01 s
Finished tests in 62.214715s, 3.6004 tests/s, 32.6932 assertions/s.
224 tests, 2034 assertions, 0 failures, 0 errors, 1 skips

ruby -v: ruby 3.4.1 (2025-06-14 revision 742e381c9f) +PRISM [riscv64-freebsd]
end time: 2025-06-21T19:59:30
----------------------------------------
Running test: ../test/ruby/test_io_m17n.rb
start time: 2025-06-21T19:59:30
Run options:
  "--ruby=./miniruby -I../lib -I. -I.ext/common  ../tool/runruby.rb --extout=.ext  -- --disable-gems
"
  --excludes-dir=../test/.excludes
  --name=!/memory_leak/
  -s
  3216
  --timeout-scale
  10
  --worker-timeout=100
  -v

# Running tests:

[  1/159] TestIO_M17N#"test_strip_bom:UTF-16LE" = 0.16 s
[  2/159] TestIO_M17N#test_s_foreach_enc = 0.03 s
[  3/159] TestIO_M17N#test_read_newline_conversion_with_encoding_conversion = 0.81 s
[  4/159] TestIO_M17N#test_s_foreach_open_args_enc_enc_in_opt2 = 0.06 s
[  5/159] TestIO_M17N#test_bom_non_utf = 0.08 s
[  6/159] TestIO_M17N#test_marshal = 0.06 s
[  7/159] TestIO_M17N#test_open_ascii = 0.06 s
[  8/159] TestIO_M17N#test_textmode_paragraph_binaryread = 0.08 s
[  9/159] TestIO_M17N#test_s_pipe_undef = 0.05 s
[ 10/159] TestIO_M17N#test_textmode_decode_universal_newline_getc = 0.07 s
[ 11/159] TestIO_M17N#test_write_conversion = 0.04 s
[ 12/159] TestIO_M17N#test_s_foreach_open_args_enc_enc_in_opt = 0.03 s
[ 13/159] TestIO_M17N#test_stdin_external_encoding_with_reopen = 9.71 s
[ 14/159] TestIO_M17N#test_bom_too_long_utfname = 24.04 s
[ 15/159] TestIO_M17N#test_read_stateful = 0.07 s
[ 16/159] TestIO_M17N#test_popen_r_enc_in_opt2 = 9.74 s
[ 17/159] TestIO_M17N#test_s_pipe_invalid = 0.09 s
[ 18/159] TestIO_M17N#test_set_encoding_invalid = 0.04 s
[ 19/159] TestIO_M17N#test_set_encoding_identical = 0.04 s
[ 20/159] TestIO_M17N#test_open_w_enc_enc_in_opt2 = 0.03 s
[ 21/159] TestIO_M17N#test_nonascii_terminator = 0.03 s
[ 22/159] TestIO_M17N#test_each_codepoint_need_more = 10.50 s
[ 23/159] TestIO_M17N#test_s_foreach_enc_enc_in_opt = 0.10 s
[ 24/159] TestIO_M17N#test_s_foreach_open_args_enc = 0.07 s
[ 25/159] TestIO_M17N#test_open_r_enc_enc = 0.04 s
[ 26/159] TestIO_M17N#test_s_foreach_enc_in_opt = 0.03 s
[ 27/159] TestIO_M17N#test_open_w = 0.03 s
[ 28/159] TestIO_M17N#test_textmode_decode_universal_newline_gets = 0.06 s
[ 29/159] TestIO_M17N#test_open_w_enc_in_opt = 0.03 s
[ 30/159] TestIO_M17N#test_write_conversion_fixenc = 0.74 s
[ 31/159] TestIO_M17N#test_ignored_encoding_option = 0.08 s
[ 32/159] TestIO_M17N#test_binmode_paragraph_nonasciicompat = 0.12 s
[ 33/159] TestIO_M17N#test_set_encoding_undef_replace = 0.05 s
[ 34/159] TestIO_M17N#test_textmode_paragraph_nonasciicompat = 0.10 s
[ 35/159] TestIO_M17N#"test_strip_bom:UTF-32BE" = 0.06 s
[ 36/159] TestIO_M17N#test_text_mode = 0.03 s
[ 37/159] TestIO_M17N#test_popen_r_enc_enc_in_opt2 = 9.80 s
[ 38/159] TestIO_M17N#test_stderr = 0.01 s
[ 39/159] TestIO_M17N#test_gets_nil = 0.89 s
[ 40/159] TestIO_M17N#"test_strip_bom:UTF-8" = 0.06 s
[ 41/159] TestIO_M17N#test_cbuf_select = 0.04 s
[ 42/159] TestIO_M17N#test_w_xml_attr = 0.19 s
[ 43/159] TestIO_M17N#test_undef_w_stateless = 0.06 s
[ 44/159] TestIO_M17N#test_write_noenc = 0.03 s
[ 45/159] TestIO_M17N#test_textmode_encode_newline_enc = 0.03 s
[ 46/159] TestIO_M17N#test_gets_invalid = 0.05 s
[ 47/159] TestIO_M17N#test_ungetc_stateful_conversion2 = 0.04 s
[ 48/159] TestIO_M17N#test_strip_bom_no_bom = 0.05 s
[ 49/159] TestIO_M17N#test_invalid_w = 0.05 s
[ 50/159] TestIO_M17N#test_read_mode = 0.27 s
[ 51/159] TestIO_M17N#test_binmode3 = 0.03 s
[ 52/159] TestIO_M17N#test_getc_invalid2 = 0.09 s
[ 53/159] TestIO_M17N#test_open_r_ext_enc_in_opt = 0.03 s
[ 54/159] TestIO_M17N#test_set_encoding_binmode = 0.13 s
[ 55/159] TestIO_M17N#test_error_nonascii = 0.03 s
[ 56/159] TestIO_M17N#test_write_mode_fail = 0.01 s
[ 57/159] TestIO_M17N#test_popen_r_enc_enc = 9.74 s
[ 58/159] TestIO_M17N#test_undef_w_stateful = 0.13 s
[ 59/159] TestIO_M17N#test_open_pipe_r_enc2 = 9.72 s
[ 60/159] TestIO_M17N#test_set_encoding_undef = 0.08 s
[ 61/159] TestIO_M17N#test_ungetc_int = 0.06 s
[ 62/159] TestIO_M17N#"test_strip_bom:UTF-16BE" = 0.06 s
[ 63/159] TestIO_M17N#test_open_pipe_r_enc = 9.72 s
[ 64/159] TestIO_M17N#test_dup = 0.07 s
[ 65/159] TestIO_M17N#test_terminator_conversion2 = 0.04 s
[ 66/159] TestIO_M17N#test_read_newline_conversion_without_encoding_conversion = 0.03 s
[ 67/159] TestIO_M17N#test_write_ascii_incompat = 0.04 s
[ 68/159] TestIO_M17N#test_read_all_invalid = 0.05 s
[ 69/159] TestIO_M17N#test_cbuf = 0.06 s
[ 70/159] TestIO_M17N#test_textmode_decode_universal_newline_utf16 = 0.09 s
[ 71/159] TestIO_M17N#"test_strip_bom:UTF-32LE" = 0.05 s
[ 72/159] TestIO_M17N#test_bom_non_reading = 0.03 s
[ 73/159] TestIO_M17N#test_read_with_buf_broken_ascii_only = 0.01 s
[ 74/159] TestIO_M17N#test_inspect_nonascii = 0.04 s
[ 75/159] TestIO_M17N#test_set_encoding2 = 0.04 s
[ 76/159] TestIO_M17N#test_lf_decorator_on_stdout = 9.67 s
[ 77/159] TestIO_M17N#test_open_w_enc = 0.04 s
[ 78/159] TestIO_M17N#test_getc_invalid = 0.06 s
[ 79/159] TestIO_M17N#test_write_conversion_anyenc_stateful = 0.06 s
[ 80/159] TestIO_M17N#test_text_mode_ungetc_eof = 0.03 s
[ 81/159] TestIO_M17N#test_pipe_conversion = 0.03 s
[ 82/159] TestIO_M17N#test_open_nonascii = 0.06 s
[ 83/159] TestIO_M17N#test_set_encoding_unsupported = 0.11 s
[ 84/159] TestIO_M17N#test_set_encoding_nil = 0.04 s
[ 85/159] TestIO_M17N#test_strip_bom_no_conv = 0.04 s
[ 86/159] TestIO_M17N#test_open_r_encname_in_opt = 0.03 s
[ 87/159] TestIO_M17N#test_io_new_enc = 0.03 s
[ 88/159] TestIO_M17N#test_popen_r_enc_in_opt = 9.72 s
[ 89/159] TestIO_M17N#test_getc_stateful_conversion = 0.04 s
[ 90/159] TestIO_M17N#test_open_w_enc_enc_perm = 0.03 s
[ 91/159] TestIO_M17N#test_popen_r_enc_enc_in_opt = 9.74 s
[ 92/159] TestIO_M17N#test_open_r_encname_encname = 0.03 s
[ 93/159] TestIO_M17N#test_binmode_write_ascii_incompat_internal = 0.04 s
[ 94/159] TestIO_M17N#test_both_textmode_binmode = 0.03 s
[ 95/159] TestIO_M17N#test_textmode_paragraphmode = 0.86 s
[ 96/159] TestIO_M17N#test_getc_ascii_only = 0.03 s
[ 97/159] TestIO_M17N#test_textmode_decode_universal_newline_read = 0.08 s
[ 98/159] TestIO_M17N#test_s_foreach_enc_enc = 0.03 s
[ 99/159] TestIO_M17N#test_getc_conversion = 0.03 s
[100/159] TestIO_M17N#test_read_all = 0.03 s
[101/159] TestIO_M17N#test_s_foreach_open_args_enc_enc = 0.03 s
[102/159] TestIO_M17N#test_invalid_r = 0.05 s
[103/159] TestIO_M17N#test_open_r_encname_encname_in_opt = 0.03 s
[104/159] TestIO_M17N#test_open_r_enc_in_opt = 0.03 s
[105/159] TestIO_M17N#test_getc_invalid3 = 0.05 s
[106/159] TestIO_M17N#test_ungetc_stateful_conversion = 0.04 s
[107/159] TestIO_M17N#test_binmode2 = 0.04 s
[108/159] TestIO_M17N#test_default_mode_on_unix = 0.03 s
[109/159] TestIO_M17N#test_getc_newlineconv_invalid = 0.03 s
[110/159] TestIO_M17N#test_popenv_r_enc_enc_in_opt2 = 9.64 s
[111/159] TestIO_M17N#test_textmode_twice = 0.02 s
[112/159] TestIO_M17N#test_open_r_enc_enc_in_opt = 0.04 s
[113/159] TestIO_M17N#test_binmode = 0.04 s
[114/159] TestIO_M17N#test_terminator_stateful_conversion = 0.04 s
[115/159] TestIO_M17N#test_gets_limit = 0.28 s
[116/159] TestIO_M17N#test_cr_decorator_on_stdout = 9.71 s
[117/159] TestIO_M17N#test_pipe_terminator_conversion = 0.13 s
[118/159] TestIO_M17N#test_strip_bom_invalid = 0.08 s
[119/159] TestIO_M17N#test_getc_newlineconv = 0.07 s
[120/159] TestIO_M17N#test_open_wb = 0.03 s
[121/159] TestIO_M17N#test_set_encoding_argument_parsing = 0.09 s
[122/159] TestIO_M17N#test_file_foreach = 0.09 s
[123/159] TestIO_M17N#test_pipe = 1.40 s
[124/159] TestIO_M17N#test_write_mode = 1.54 s
[125/159] TestIO_M17N#test_s_foreach_open_args_enc_in_opt2 = 0.03 s
[126/159] TestIO_M17N#test_open_w_enc_enc = 0.03 s
[127/159] TestIO_M17N#test_s_foreach_open_args_enc_in_opt = 0.03 s
[128/159] TestIO_M17N#test_open_rb = 0.03 s
[129/159] TestIO_M17N#test_write_conversion_anyenc_stateful_nosync = 0.05 s
[130/159] TestIO_M17N#test_open_r = 0.03 s
[131/159] TestIO_M17N#test_binary_mode = 0.03 s
[132/159] TestIO_M17N#test_popen_r_enc = 9.73 s
[133/159] TestIO_M17N#test_read_newline_conversion_error = 0.04 s
[134/159] TestIO_M17N#test_set_encoding_enc = 0.07 s
[135/159] TestIO_M17N#test_dup_undef = 0.04 s
[136/159] TestIO_M17N#test_s_foreach_enc_enc_in_opt2 = 0.04 s
[137/159] TestIO_M17N#test_binary = 0.04 s
[138/159] TestIO_M17N#test_default_mode_decode_universal_newline_gets = 0.06 s
[139/159] TestIO_M17N#test_stdin = 0.01 s
[140/159] TestIO_M17N#test_pipe_convert_partial_read = 0.16 s
[141/159] TestIO_M17N#test_set_encoding = 0.26 s
[142/159] TestIO_M17N#test_puts_widechar = 0.05 s
[143/159] TestIO_M17N#test_terminator_conversion = 0.03 s
[144/159] TestIO_M17N#test_open_r_enc = 0.03 s
[145/159] TestIO_M17N#test_s_pipe_undef_replace_string = 0.03 s
[146/159] TestIO_M17N#test_undef_r = 0.05 s
[147/159] TestIO_M17N#test_open_r_externalencname_internalencname_in_opt = 0.03 s
[148/159] TestIO_M17N#test_read_encoding = 0.88 s
[149/159] TestIO_M17N#test_write_conversion_anyenc_stateless = 0.04 s
[150/159] TestIO_M17N#test_open_w_enc_enc_in_opt = 0.03 s
[151/159] TestIO_M17N#test_binmode_decode_universal_newline = 0.03 s
[152/159] TestIO_M17N#test_open_w_enc_in_opt2 = 0.03 s
[153/159] TestIO_M17N#test_ungetc_str = 0.03 s
[154/159] TestIO_M17N#test_textmode_encode_newline = 0.03 s
[155/159] TestIO_M17N#test_s_foreach_enc_in_opt2 = 0.03 s
[156/159] TestIO_M17N#test_open_r_ascii8bit = 0.05 s
[157/159] TestIO_M17N#test_stdout = 0.01 s
[158/159] TestIO_M17N#test_open_r_ext_encname_in_opt = 0.03 s
[159/159] TestIO_M17N#test_crlf_decorator_on_stdout = 9.73 s
Finished tests in 185.067224s, 0.8591 tests/s, 5.8681 assertions/s.
159 tests, 1086 assertions, 0 failures, 0 errors, 0 skips

ruby -v: ruby 3.4.1 (2025-06-14 revision 742e381c9f) +PRISM [riscv64-freebsd]
end time: 2025-06-21T20:02:57
----------------------------------------
Running test: ../test/ruby/test_random_formatter.rb
start time: 2025-06-21T20:02:58
Run options:
  "--ruby=./miniruby -I../lib -I. -I.ext/common  ../tool/runruby.rb --extout=.ext  -- --disable-gems
"
  --excludes-dir=../test/.excludes
  --name=!/memory_leak/
  -s
  3216
  --timeout-scale
  10
  --worker-timeout=100
  -v

# Running tests:

[ 1/26] Random::Formatter::TestClassMethods#test_base64 = 0.05 s
[ 2/26] Random::Formatter::TestClassMethods#test_uuid_v7 = 0.28 s
[ 3/26] Random::Formatter::TestClassMethods#test_hex_encoding = 0.01 s
[ 4/26] Random::Formatter::TestClassMethods#test_random_number_float_by_zero = 0.20 s
[ 5/26] Random::Formatter::TestClassMethods#test_alphanumeric_chars = 0.11 s
[ 6/26] Random::Formatter::TestClassMethods#test_alphanumeric = 0.48 s
[ 7/26] Random::Formatter::TestClassMethods#test_uuid = 0.01 s
[ 8/26] Random::Formatter::TestClassMethods#test_urlsafe_base64 = 0.14 s
[ 9/26] Random::Formatter::TestClassMethods#test_alphanumeric_frozen = 0.01 s
[10/26] Random::Formatter::TestClassMethods#test_random_bytes = 0.07 s
[11/26] Random::Formatter::TestClassMethods#test_random_number_float = 0.19 s
[12/26] Random::Formatter::TestClassMethods#test_hex = 0.09 s
[13/26] Random::Formatter::TestClassMethods#test_random_number_int = 0.48 s
[14/26] Random::Formatter::TestInstanceMethods#test_base64 = 0.03 s
[15/26] Random::Formatter::TestInstanceMethods#test_uuid_v7 = 0.24 s
[16/26] Random::Formatter::TestInstanceMethods#test_hex_encoding = 0.01 s
[17/26] Random::Formatter::TestInstanceMethods#test_random_number_float_by_zero = 0.19 s
[18/26] Random::Formatter::TestInstanceMethods#test_alphanumeric_chars = 0.11 s
[19/26] Random::Formatter::TestInstanceMethods#test_random_number_not_default = 0.01 s
[20/26] Random::Formatter::TestInstanceMethods#test_alphanumeric = 0.45 s
[21/26] Random::Formatter::TestInstanceMethods#test_uuid = 0.01 s
[22/26] Random::Formatter::TestInstanceMethods#test_urlsafe_base64 = 0.13 s
[23/26] Random::Formatter::TestInstanceMethods#test_random_bytes = 0.06 s
[24/26] Random::Formatter::TestInstanceMethods#test_random_number_float = 0.44 s
[25/26] Random::Formatter::TestInstanceMethods#test_hex = 0.08 s
[26/26] Random::Formatter::TestInstanceMethods#test_random_number_int = 0.21 s
Finished tests in 6.546889s, 3.9714 tests/s, 239.8086 assertions/s.
26 tests, 1570 assertions, 0 failures, 0 errors, 0 skips

ruby -v: ruby 3.4.1 (2025-06-14 revision 742e381c9f) +PRISM [riscv64-freebsd]
end time: 2025-06-21T20:03:23
----------------------------------------
Running test: ../test/ruby/test_backtrace.rb
start time: 2025-06-21T20:03:23
Run options:
  "--ruby=./miniruby -I../lib -I. -I.ext/common  ../tool/runruby.rb --extout=.ext  -- --disable-gems
"
  --excludes-dir=../test/.excludes
  --name=!/memory_leak/
  -s
  3216
  --timeout-scale
  10
  --worker-timeout=100
  -v

# Running tests:

[ 1/28] TestBacktrace#test_caller_with_limit = 0.06 s
[ 2/28] TestBacktrace#test_thread_backtrace = 0.64 s
[ 3/28] TestBacktrace#test_caller_locations_absolute_path = 2.37 s
[ 4/28] TestBacktrace#test_each_backtrace_location = 0.06 s
[ 5/28] TestBacktrace#test_caller_to_enum = 2.34 s
[ 6/28] TestBacktrace#test_exception = 0.03 s
[ 7/28] TestBacktrace#test_caller_locations_label = 0.02 s
[ 8/28] TestBacktrace#test_caller_locations_path = 2.34 s
[ 9/28] TestBacktrace#test_caller_limit_cfunc_iseq_no_pc = 0.02 s
[10/28] TestBacktrace#test_caller_locations_lineno = 3.41 s
[11/28] TestBacktrace#test_caller_locations_with_range = 0.01 s
[12/28] TestBacktrace#test_core_backtrace_undef = 0.03 s
[13/28] TestBacktrace#test_caller_locations_base_label = 0.01 s
[14/28] TestBacktrace#test_core_backtrace_hash_merge = 0.02 s
[15/28] TestBacktrace#test_caller_location_path_cfunc_iseq_no_pc = 0.01 s
[16/28] TestBacktrace#test_caller_location_inspect_cfunc_iseq_no_pc = 0.02 s
[17/28] TestBacktrace#test_caller_locations = 0.03 s
[18/28] TestBacktrace#test_core_backtrace_alias = 0.02 s
[19/28] TestBacktrace#test_no_receiver_for_anonymous_class = 4.68 s
[20/28] TestBacktrace#test_caller_locations_first_label = 0.03 s
[21/28] TestBacktrace#test_argument_error_backtrace_locations = 0.03 s
[22/28] TestBacktrace#test_caller_lev_and_n = 108.46 s
[23/28] TestBacktrace#test_notty_backtrace = 7.04 s
[24/28] TestBacktrace#test_caller_with_nil_length = 0.04 s
[25/28] TestBacktrace#test_thread_backtrace_locations_with_range = 0.53 s
[26/28] TestBacktrace#test_exception_backtrace_locations = 0.03 s
[27/28] TestBacktrace#test_caller_locations_to_s_inspect = 0.12 s
[28/28] TestBacktrace#test_caller_lev = 0.71 s
Finished tests in 135.437212s, 0.2067 tests/s, 28.3231 assertions/s.
28 tests, 3836 assertions, 0 failures, 0 errors, 0 skips

ruby -v: ruby 3.4.1 (2025-06-14 revision 742e381c9f) +PRISM [riscv64-freebsd]
end time: 2025-06-21T20:05:57
----------------------------------------
Running test: ../test/ruby/test_pipe.rb
start time: 2025-06-21T20:05:57
Run options:
  "--ruby=./miniruby -I../lib -I. -I.ext/common  ../tool/runruby.rb --extout=.ext  -- --disable-gems
"
  --excludes-dir=../test/.excludes
  --name=!/memory_leak/
  -s
  3216
  --timeout-scale
  10
  --worker-timeout=100
  -v

# Running tests:

[ 1/12] TestPipe#test_eof_3 = 0.03 s
[ 2/12] TestPipe#test_eof_1 = 0.06 s
[ 3/12] TestPipe#test_eof_0 = 0.03 s
[ 4/12] TestPipe#test_eof_2 = 0.01 s
[ 5/12] TestPipe#test_eof_0_rw = 0.01 s
[ 6/12] TestPipe#test_stdout_epipe = 11.65 s
[ 7/12] TestPipe::WithConversion#test_eof_3 = 0.02 s
[ 8/12] TestPipe::WithConversion#test_eof_1 = 0.10 s
[ 9/12] TestPipe::WithConversion#test_eof_0 = 0.58 s
[10/12] TestPipe::WithConversion#test_eof_2 = 0.01 s
[11/12] TestPipe::WithConversion#test_eof_0_rw = 0.01 s
[12/12] TestPipe::WithConversion#test_stdout_epipe = 11.64 s
Finished tests in 25.905969s, 0.4632 tests/s, 4.4005 assertions/s.
12 tests, 114 assertions, 0 failures, 0 errors, 0 skips

ruby -v: ruby 3.4.1 (2025-06-14 revision 742e381c9f) +PRISM [riscv64-freebsd]
end time: 2025-06-21T20:06:42
----------------------------------------
Running test: ../test/ruby/test_syntax.rb
start time: 2025-06-21T20:06:42
Run options:
  "--ruby=./miniruby -I../lib -I. -I.ext/common  ../tool/runruby.rb --extout=.ext  -- --disable-gems
"
  --excludes-dir=../test/.excludes
  --name=!/memory_leak/
  -s
  3216
  --timeout-scale
  10
  --worker-timeout=100
  -v

# Running tests:

[  1/164] TestSyntax#test_methoddef_in_cond = 0.06 s
[  2/164] TestSyntax#test_invalid_regexp = 0.09 s
[  3/164] TestSyntax#test_warn_grouped_expression = 0.02 s
[  4/164] TestSyntax#test_duplicated_kw = 0.05 s
[  5/164] TestSyntax#test_return_in_loop = 0.01 s
[  6/164] TestSyntax#test_range_at_eol = 0.12 s
[  7/164] TestSyntax#test_dedented_heredoc_with_indentation = 0.05 s
[  8/164] TestSyntax#test_duplicated_kw_kwrest = 0.05 s
[  9/164] TestSyntax#test_argument_forwarding_with_anon_rest_kwrest_and_block = 0.16 s
[ 10/164] TestSyntax#test_block_after_cmdarg_in_paren = 0.02 s
[ 11/164] TestSyntax#test_class_module_Object_ancestors = 22.79 s
[ 12/164] TestSyntax#test_paren_after_label = 0.03 s
[ 13/164] TestSyntax#test_rescue_do_end_no_raise = 0.03 s
[ 14/164] TestSyntax#test_warning_for_cr = 0.03 s
[ 15/164] TestSyntax#test_return_toplevel = 144.29 s
[ 16/164] TestSyntax#test_do_after_local_variable = 0.03 s
[ 17/164] TestSyntax#test_syntax_sample = 22.31 s
[ 18/164] TestSyntax#test_unassignable = 0.59 s
[ 19/164] TestSyntax#test_command_semicolon_in_tlparen_at_the_first_arg = 0.03 s
[ 20/164] TestSyntax#test_cmd_symbol_singleton_class = 0.70 s
[ 21/164] TestSyntax#test_duplicated_when = 0.10 s
[ 22/164] TestSyntax#test_do_block_after_blockcall_colon_with_arg = 0.02 s
[ 23/164] TestSyntax#test_brace_block_after_blockcall_dot_no_arg = 0.01 s
[ 24/164] TestSyntax#test_duplicated_opt = 0.05 s
[ 25/164] TestSyntax#test_classdef_in_cond = 0.03 s
[ 26/164] TestSyntax#test_dedented_heredoc_with_interpolated_string = 0.05 s
[ 27/164] TestSyntax#test_numbered_parameter = 0.72 s
[ 28/164] TestSyntax#test_dedented_heredoc_with_newline = 0.04 s
[ 29/164] TestSyntax#test_methoddef_endless = 0.16 s
[ 30/164] TestSyntax#test_duplicated_rest_kwrest = 0.04 s
[ 31/164] TestSyntax#test_null_range_cmdarg = 3.30 s
[ 32/164] TestSyntax#test_newline_in_block_parameters = 0.09 s
[ 33/164] TestSyntax#test_syntax_ext = 26.63 s
[ 34/164] TestSyntax#test_normal_argument = 0.10 s
[ 35/164] TestSyntax#test_keyword_rest = 29.15 s
[ 36/164] TestSyntax#test_anonymous_block_forwarding = 11.56 s
[ 37/164] TestSyntax#test_warn_unreachable = 0.03 s
[ 38/164] TestSyntax#test_cmdarg_in_paren = 0.10 s
[ 39/164] TestSyntax#test_cmd_symbol_in_string = 0.01 s
[ 40/164] TestSyntax#test_rescue_do_end_ensure_result = 0.02 s
[ 41/164] TestSyntax#test_no_warning_logop_literal = 0.03 s
[ 42/164] TestSyntax#test_alias_symbol = 0.10 s
[ 43/164] TestSyntax#test_value_expr_in_singleton = 0.03 s
[ 44/164] TestSyntax#test_eval_return_toplevel = 133.94 s
[ 45/164] TestSyntax#test_keyword_self_reference = 0.14 s
[ 46/164] TestSyntax#test_duplicated_rest_opt = 0.04 s
[ 47/164] TestSyntax#test_assignment_return_in_loop = 0.01 s
[ 48/164] TestSyntax#test_duplicated_opt_rest = 0.05 s
[ 49/164] TestSyntax#test_must_ascii_compatible = 1.59 s
[ 50/164] TestSyntax#test_invalid_symbol_space = 0.08 s
[ 51/164] TestSyntax#test_warning_literal_in_condition = 0.09 s
[ 52/164] TestSyntax#test_do_block_in_cmdarg = 0.01 s
[ 53/164] TestSyntax#test_syntax_test = 316.87 s
[ 54/164] TestSyntax#test_do_block_in_cmdarg_begin = 0.02 s
[ 55/164] TestSyntax#test_anonymous_rest_forwarding = 11.55 s
[ 56/164] TestSyntax#test_return_in_proc_in_class = 2.34 s
[ 57/164] TestSyntax#test__END___cr = 0.04 s
[ 58/164] TestSyntax#test_value_of_def = 11.37 s
[ 59/164] TestSyntax#test_return_toplevel_with_argument = 0.02 s
[ 60/164] TestSyntax#test_constant_reassignment_nested = 42.69 s
[ 61/164] TestSyntax#test_invalid_literal_message = 0.10 s
[ 62/164] TestSyntax#test_script_lines_encoding = 2.44 s
[ 63/164] TestSyntax#test_fluent_dot = 0.07 s
[ 64/164] TestSyntax#test_error_message_encoding = 0.15 s
[ 65/164] TestSyntax#test_duplicated_arg = 0.05 s
[ 66/164] TestSyntax#test_invalid_next = 0.15 s
[ 67/164] TestSyntax#test_constant_reassignment_toplevel = 43.97 s
[ 68/164] TestSyntax#test_syntax_error_at_newline = 0.07 s
[ 69/164] TestSyntax#test_array_kwsplat_hash = 0.05 s
[ 70/164] TestSyntax#test_brace_block_after_blockcall_colon_no_arg = 0.02 s
[ 71/164] TestSyntax#test_do_block_after_blockcall_colon_no_arg = 0.02 s
[ 72/164] TestSyntax#test_dedented_heredoc_with_concatenation = 0.04 s
[ 73/164] TestSyntax#test_cmd_symbol_superclass = 0.02 s
[ 74/164] TestSyntax#test_do_block_in_call_args = 0.02 s
[ 75/164] TestSyntax#test_command_newline_in_tlparen_args = 0.04 s
[ 76/164] TestSyntax#test_keywords_specified_and_not_accepted = 0.32 s
[ 77/164] TestSyntax#test_reserved_method_no_args = 0.01 s
[ 78/164] TestSyntax#test_undef_symbol = 0.11 s
[ 79/164] TestSyntax#test_too_big_nth_ref = 0.02 s
[ 80/164] TestSyntax#test_dedented_heredoc_concatenation = 0.01 s
[ 81/164] TestSyntax#test_invalid_encoding_symbol = 0.04 s
[ 82/164] TestSyntax#test_defined_empty_argument = 2.34 s
[ 83/164] TestSyntax#test_invalid_jump = 2.34 s
[ 84/164] TestSyntax#test_unexpected_fraction = 0.15 s
[ 85/164] TestSyntax#test_rescue_do_end_ensure_in_lambda = 0.03 s
[ 86/164] TestSyntax#test_cdhash = 35.04 s
[ 87/164] TestSyntax#test_dedented_heredoc_with_empty_line = 0.06 s
[ 88/164] TestSyntax#test_cmdarg_kwarg_lvar_clashing_method = 0.02 s
[ 89/164] TestSyntax#test_argument_forwarding_with_leading_arguments = 0.25 s
[ 90/164] TestSyntax#test_script_lines = 1.12 s
[ 91/164] TestSyntax#test_keyword_not_parens = 0.01 s
[ 92/164] TestSyntax#test_dedented_heredoc_continued_line = 0.11 s
[ 93/164] TestSyntax#test_do_block_in_lambda = 0.01 s
[ 94/164] TestSyntax#test_do_block_after_lambda = 0.04 s
[ 95/164] TestSyntax#test_return_in_END = 9.70 s
[ 96/164] TestSyntax#test_dedented_heredoc_with_interpolated_expression = 0.06 s
[ 97/164] TestSyntax#test_syntax_error_in_rescue = 0.04 s
[ 98/164] TestSyntax#test_dedented_heredoc_with_blank_less_indented_line_escaped = 0.04 s
[ 99/164] TestSyntax#test_argument_forwarding = 0.88 s
[100/164] TestSyntax#test_safe_call_in_for_variable = 11.35 s
[101/164] TestSyntax#test_command_do_block_call_with_empty_args_brace_block = 0.02 s
[102/164] TestSyntax#test_duplicated_when_check_option = 1.65 s
[103/164] TestSyntax#test_methoddef_endless_command = 0.25 s
[104/164] TestSyntax#test_dedented_heredoc_with_blank_more_indented_line_escaped = 0.04 s
[105/164] TestSyntax#test_percent_string_after_label = 0.02 s
[106/164] TestSyntax#test_brace_after_literal_argument = 0.25 s
[107/164] TestSyntax#test_return_in_BEGIN_in_eval = 0.01 s
[108/164] TestSyntax#test_lineno_command_call_quote = 0.01 s
[109/164] TestSyntax#test_heredoc_cr = 0.03 s
[110/164] TestSyntax#test_value_expr_in_condition = 0.05 s
[111/164] TestSyntax#test_integer_suffix = 0.02 s
[112/164] TestSyntax#test_warn_balanced = 0.28 s
[113/164] TestSyntax#test_optional_self_reference = 0.81 s
[114/164] TestSyntax#test_anonymous_keyword_rest_forwarding = 11.55 s
[115/164] TestSyntax#test_optional_argument = 0.10 s
[116/164] TestSyntax#test_it = 0.71 s
[117/164] TestSyntax#test_duplicated_rest_kw = 0.05 s
[118/164] TestSyntax#test_dedented_heredoc_with_blank_more_indented_line = 0.04 s
[119/164] TestSyntax#test_block_after_cond = 0.02 s
[120/164] TestSyntax#test_cmd_symbol_after_keyword = 0.03 s
[121/164] TestSyntax#test_lineno_operation_brace_block = 0.01 s
[122/164] TestSyntax#test_dedented_heredoc_invalid_identifer = 0.03 s
[123/164] TestSyntax#test_method_call_location = 0.02 s
[124/164] TestSyntax#test_command_with_cmd_brace_block = 0.06 s
[125/164] TestSyntax#test_hash_kwsplat_hash = 0.01 s
[126/164] TestSyntax#test_no_label_with_percent = 0.18 s
[127/164] TestSyntax#test_keyword_duplicated = 0.07 s
[128/164] TestSyntax#test_lineno_after_heredoc = 0.01 s
[129/164] TestSyntax#test_brace_after_local_variable = 0.01 s
[130/164] TestSyntax#test_dedented_heredoc_without_indentation = 0.04 s
[131/164] TestSyntax#test_duplicated_rest_post = 0.05 s
[132/164] TestSyntax#test_argument_forwarding_with_super = 0.07 s
[133/164] TestSyntax#test_duplicated_opt_post = 0.05 s
[134/164] TestSyntax#test_keyword_duplicated_splat = 0.05 s
[135/164] TestSyntax#test_unterminated_heredoc_cr = 0.06 s
[136/164] TestSyntax#test_keyword_invalid_name = 0.18 s
[137/164] TestSyntax#test_duplicated_rest = 0.04 s
[138/164] TestSyntax#test_dedented_heredoc_expr_at_beginning = 0.04 s
[139/164] TestSyntax#test_duplicated_opt_kwrest = 0.04 s
[140/164] TestSyntax#test_rescue_do_end_rescued = 0.02 s
[141/164] TestSyntax#test_rescue_do_end_raised = 0.02 s
[142/164] TestSyntax#test_dedented_heredoc_expr_string = 0.04 s
[143/164] TestSyntax#test_defined_in_short_circuit_if_condition = 14.22 s
[144/164] TestSyntax#test_warning_literal_in_flip_flop = 0.07 s
[145/164] TestSyntax#test_safe_call_in_massign_lhs = 0.06 s
[146/164] TestSyntax#test_heredoc_mixed_encoding = 0.13 s
[147/164] TestSyntax#test_dedented_heredoc_with_leading_blank_line = 0.04 s
[148/164] TestSyntax#test_keyword_splat = 0.02 s
[149/164] TestSyntax#test_unterminated_heredoc = 0.06 s
[150/164] TestSyntax#test_lambda_with_space = 0.01 s
[151/164] TestSyntax#test_syntax_lib = 193.88 s
[152/164] TestSyntax#test_tautological_condition = 0.03 s
[153/164] TestSyntax#test_do_block_after_blockcall_dot_no_arg = 0.02 s
[154/164] TestSyntax#test_duplicated_opt_kw = 0.05 s
[155/164] TestSyntax#test_dedented_heredoc_with_blank_less_indented_line = 0.04 s
[156/164] TestSyntax#test_heredoc_after_label = 0.03 s
[157/164] TestSyntax#test_brace_block_after_blockcall_colon_with_arg = 0.02 s
[158/164] TestSyntax#test_brace_block_after_blockcall_dot_with_arg = 0.02 s
[159/164] TestSyntax#test_keyword_empty_splat = 34.12 s
[160/164] TestSyntax#test_parenthesised_statement_argument = 0.05 s
[161/164] TestSyntax#test_do_block_after_blockcall_dot_with_arg = 0.02 s
[162/164] TestSyntax#test_do_block_in_hash_brace = 0.05 s
[163/164] TestSyntax#test_invalid_break = 0.09 s
[164/164] TestSyntax#test_heredoc_no_terminator = 1.03 s
Finished tests in 1167.269184s, 0.1405 tests/s, 6.1957 assertions/s.
164 tests, 7232 assertions, 0 failures, 0 errors, 0 skips

ruby -v: ruby 3.4.1 (2025-06-14 revision 742e381c9f) +PRISM [riscv64-freebsd]
end time: 2025-06-21T20:26:30
----------------------------------------
Running test: ../test/ruby/test_comparable.rb
start time: 2025-06-21T20:26:30
Run options:
  "--ruby=./miniruby -I../lib -I. -I.ext/common  ../tool/runruby.rb --extout=.ext  -- --disable-gems
"
  --excludes-dir=../test/.excludes
  --name=!/memory_leak/
  -s
  3216
  --timeout-scale
  10
  --worker-timeout=100
  -v

# Running tests:

[ 1/11] TestComparable#test_le = 0.04 s
[ 2/11] TestComparable#test_between = 0.01 s
[ 3/11] TestComparable#test_ge = 0.01 s
[ 4/11] TestComparable#test_clamp_with_range = 0.05 s
[ 5/11] TestComparable#test_clamp = 0.02 s
[ 6/11] TestComparable#test_equal = 0.03 s
[ 7/11] TestComparable#test_no_cmp = 0.01 s
[ 8/11] TestComparable#test_lt = 0.01 s
[ 9/11] TestComparable#test_inversed_compare = 0.01 s
[10/11] TestComparable#test_gt = 0.01 s
[11/11] TestComparable#test_err = 0.04 s
Finished tests in 1.798273s, 6.1170 tests/s, 48.3797 assertions/s.
11 tests, 87 assertions, 0 failures, 0 errors, 0 skips

ruby -v: ruby 3.4.1 (2025-06-14 revision 742e381c9f) +PRISM [riscv64-freebsd]
end time: 2025-06-21T20:26:50
----------------------------------------
Running test: ../test/ruby/test_array.rb
start time: 2025-06-21T20:26:50
Run options:
  "--ruby=./miniruby -I../lib -I. -I.ext/common  ../tool/runruby.rb --extout=.ext  -- --disable-gems
"
  --excludes-dir=../test/.excludes
  --name=!/memory_leak/
  -s
  3216
  --timeout-scale
  10
  --worker-timeout=100
  -v

# Running tests:

[  1/455] TestArray#test_cycle = 0.04 s
[  2/455] TestArray#test_aset_error = 0.05 s
[  3/455] TestArray#test_shared_array_reject! = 0.02 s
[  4/455] TestArray#test_replace_wb_variable_width_alloc = 4.24 s
[  5/455] TestArray#test_collect = 0.03 s
[  6/455] TestArray#test_VERY_EQUAL = 0.01 s
[  7/455] TestArray#test_at = 0.02 s
[  8/455] TestArray#test_reverse = 0.01 s
[  9/455] TestArray#test_sort_bang_with_freeze = 0.02 s
[ 10/455] TestArray#test_times = 0.01 s
[ 11/455] TestArray#test_first2 = 0.01 s
[ 12/455] TestArray#test_prepend = 0.01 s
[ 13/455] TestArray#test_zip = 0.02 s
[ 14/455] TestArray#test_unshift_error = 0.01 s
[ 15/455] TestArray#test_join_recheck_array_length = 0.13 s
[ 16/455] TestArray#test_eql? = 0.01 s
[ 17/455] TestArray#test_pop = 0.01 s
[ 18/455] TestArray#test_values_at2 = 0.01 s
[ 19/455] TestArray#test_slice_out_of_range = 0.03 s
[ 20/455] TestArray#test_fill2 = 0.01 s
[ 21/455] TestArray#test_flatten! = 0.01 s
[ 22/455] TestArray#test_zip_bug = 0.02 s
[ 23/455] TestArray#test_bsearch_index_typechecks_return_values = 0.01 s
[ 24/455] TestArray#test_unshift_frozen = 0.02 s
[ 25/455] TestArray#test_drop_while = 0.01 s
[ 26/455] TestArray#test_ary_new = 0.01 s
[ 27/455] TestArray#test_PLUS = 0.02 s
[ 28/455] TestArray#test_flatten_respond_to_missing = 0.01 s
[ 29/455] TestArray#test_slice! = 0.03 s
[ 30/455] TestArray#test_sample_statistics = 37.09 s
[ 31/455] TestArray#test_sort_by! = 0.01 s
[ 32/455] TestArray#test_monkey_patch_include? = 11.47 s
[ 33/455] TestArray#test_bsearch_index_in_find_any_mode = 0.02 s
[ 34/455] TestArray#test_intersect_big_array = 0.02 s
[ 35/455] TestArray#test_MUL = 0.02 s
[ 36/455] TestArray#test_take_while = 0.01 s
[ 37/455] TestArray#test_flatten_error = 0.02 s
[ 38/455] TestArray#test_slice_gc_compact_stress = 49.07 s
[ 39/455] TestArray#test_uniq_bang_with_block = 0.02 s
[ 40/455] TestArray#test_find_all_0 = 0.02 s
[ 41/455] TestArray#test_repeated_permutation = 5.23 s
[ 42/455] TestArray#test_uniq = 0.04 s
[ 43/455] TestArray#test_sample_random_generator_half = 0.23 s
[ 44/455] TestArray#test_empty? = 0.01 s
[ 45/455] TestArray#test_flatten_with_callcc = 0.05 s
[ 46/455] TestArray#test_dig = 0.01 s
[ 47/455] TestArray#test_each_index = 0.01 s
[ 48/455] TestArray#test_repeated_combination_stack_error = 13.64 s
[ 49/455] TestArray#test_iseq_shared_array_reject! = 0.02 s
[ 50/455] TestArray#test_append = 0.01 s
[ 51/455] TestArray#test_flattern_singleton_class! = 0.02 s
[ 52/455] TestArray#test_select! = 0.02 s
[ 53/455] TestArray#test_hash = 0.01 s
[ 54/455] TestArray#test_shift_shared_ary = 0.02 s
[ 55/455] TestArray#test_array_safely_modified_by_sort_block = 0.04 s
[ 56/455] TestArray#test_OR_in_order = 0.01 s
[ 57/455] TestArray#test_shift2 = 0.01 s
[ 58/455] TestArray#test_rotate = 0.03 s
[ 59/455] TestArray#test_uniq_0 = 0.01 s
[ 60/455] TestArray#test_delete_if = 0.02 s
[ 61/455] TestArray#test_intersection_big_array = 0.03 s
[ 62/455] TestArray#test_to_h_block = 0.06 s
[ 63/455] TestArray#test_assoc = 0.02 s
[ 64/455] TestArray#test_00_new = 0.01 s
[ 65/455] TestArray#test_ASET = 0.17 s
[ 66/455] TestArray#test_01_square_brackets = 0.01 s
[ 67/455] TestArray#test_shuffle_random = 0.01 s
[ 68/455] TestArray#test_clear = 0.01 s
[ 69/455] TestArray#test_drop = 0.02 s
[ 70/455] TestArray#test_sort_0 = 0.01 s
[ 71/455] TestArray#test_sort_with_callcc = 2.58 s
[ 72/455] TestArray#test_replace_shared_ary = 0.01 s
[ 73/455] TestArray#test_uniq! = 0.04 s
[ 74/455] TestArray#test_join2 = 0.02 s
[ 75/455] TestArray#test_first = 0.01 s
[ 76/455] TestArray#test_minmax = 0.03 s
[ 77/455] TestArray#test_permutation_stack_error = 16.04 s
[ 78/455] TestArray#test_product = 16.96 s
[ 79/455] TestArray#test_values_at = 0.01 s
[ 80/455] TestArray#test_dup = 0.02 s
[ 81/455] TestArray#test_min = 0.03 s
[ 82/455] TestArray#test_product2 = 0.02 s
[ 83/455] TestArray#test_shrink_shared_array = 9.72 s
[ 84/455] TestArray#test_intersect? = 0.01 s
[ 85/455] TestArray#test_big_array_literal_with_kwsplat = 3.51 s
[ 86/455] TestArray#test_intersection = 0.01 s
[ 87/455] TestArray#test_bsearch_typechecks_return_values = 0.04 s
[ 88/455] TestArray#test_flatten_splat = 0.02 s
[ 89/455] TestArray#test_reverse_each2 = 0.01 s
[ 90/455] TestArray#test_flatten_splat! = 0.01 s
[ 91/455] TestArray#test_delete = 0.05 s
[ 92/455] TestArray#test_insert = 0.04 s
[ 93/455] TestArray#test_repeated_combination = 0.41 s
[ 94/455] TestArray#test_array_andor_0 = 0.01 s
[ 95/455] TestArray#test_count = 4.73 s
[ 96/455] TestArray#test_clear2 = 0.01 s
[ 97/455] TestArray#test_sort! = 0.02 s
[ 98/455] TestArray#test_compact_0 = 0.01 s
[ 99/455] TestArray#test_product_with_callcc = 1.24 s
[100/455] TestArray#test_combination2 = 0.01 s
[101/455] TestArray#test_rindex = 0.03 s
[102/455] TestArray#test_reject! = 0.02 s
[103/455] TestArray#test_to_h = 0.04 s
[104/455] TestArray#test_rotate! = 0.04 s
[105/455] TestArray#test_union_big_array = 0.04 s
[106/455] TestArray#test_flatten = 0.02 s
[107/455] TestArray#test_equal = 0.01 s
[108/455] TestArray#test_bsearch_index_with_no_block = 0.01 s
[109/455] TestArray#test_repeated_permutation_stack_error = 13.69 s
[110/455] TestArray#test_sort = 0.02 s
[111/455] TestArray#test_bsearch_with_no_block = 0.01 s
[112/455] TestArray#test_shuffle_random_invalid_generator = 0.02 s
[113/455] TestArray#test_unshift = 0.01 s
[114/455] TestArray#test_fill_0 = 0.03 s
[115/455] TestArray#test_pack_format_mutation = 0.02 s
[116/455] TestArray#test_zip_with_enumerator = 0.03 s
[117/455] TestArray#test_fill_negative_length = 0.01 s
[118/455] TestArray#test_initialize2 = 0.01 s
[119/455] TestArray#test_splice_over_ary_max PID COMMAND          %CPU %MEM NLWP   RSS    VSZ WCHAN
   STAT STARTED     TIME  ELAPSED  BLOCKED   CAUGHT  IGNORED PENDING        F
   0 [kernel]          0.0  0.0   14   280      0 parked   DLs  17:40    0:05.26 02:50:03        0
      0 18488000       0 10000284
   1 /sbin/init        0.0  0.0    1  1028  17016 wait     ILs  17:40    0:00.30 02:50:03 967c9014 6
9826eeb 10788000       0 10004200
   2 [clock]           0.0  0.0    1    20      0 -        WL   17:40    0:24.69 02:50:03        0
      0 18488000       0 10000204
   3 [crypto]          0.0  0.0    2    40      0 crypto_w DL   17:40    0:00.00 02:50:03        0
      0 18488000       0 10000284
   4 [cam]             0.0  0.0    3    60      0 -        DL   17:40    0:00.00 02:50:03        0
      0 18488000       0 10000284
   5 [rand_harvestq]   0.0  0.0    1    20      0 -        RL   17:40    0:25.77 02:50:03        0
      0 18488000       0 10000204
   6 [cheri_revoke]   10.0  0.0    1    20      0 rvkslp   DL   17:40    6:49.70 02:50:03        0
      0 18488000       0 10000204
   7 [pagedaemon]      0.0  0.0    3    60      0 psleep   DL   17:40    0:35.50 02:50:03        0
      0 18488000       0 10000284
   8 [vmdaemon]        0.0  0.0    1    20      0 psleep   DL   17:40    0:00.00 02:50:03        0
      0 18488000       0 10000204
   9 [bufdaemon]       0.0  0.0    3    60      0 psleep   DL   17:40    0:14.83 02:50:03        0
      0 18488000       0 10000284
  10 [audit]           0.0  0.0    1    20      0 audit_wo DL   17:40    0:00.00 02:50:03        0
      0 18488000       0 10000204
  11 [idle]            0.0  0.0    1    20      0 -        RNL  17:40   28:47.40 02:50:03        0
      0 18488000       0 10000204
  12 [intr]            0.0  0.0    7   140      0 -        WL   17:40    0:26.60 02:50:03        0
      0 18488000       0 10000284
  13 [geom]            0.0  0.0    3    60      0 -        DL   17:40    0:00.30 02:50:03        0
      0 18488000       0 10000284
  14 [vnlru]           0.0  0.0    1    20      0 vlruwt   DL   17:40    0:01.76 02:50:03        0
      0 18488000       0 10000204
  15 [syncer]          0.0  0.0    1    20      0 syncer   DL   17:40    0:04.73 02:50:03        0
      0 18488000       0 10000204
 770 dhclient: system  0.0  0.1    1  1452  18636 select   Is   17:42    0:00.05 02:48:38        0
      0 187a9000       0 10000000
 773 dhclient: vtnet0  0.0  0.1    1  1092  18636 select   Is   17:42    0:00.09 02:48:38        0
      0 187a9000       0 10000000
 834 /sbin/devd        0.0  0.1    1  2252  22764 select   Is   17:42    0:00.17 02:48:34        0 1
0004003  87a9000       0 10000000
1048 /usr/sbin/syslog  0.0  0.1    1  1716  18256 kqread   Ss   17:42    0:00.36 02:48:15        0
      0 187af007       0 10100000
1136 sshd: /usr/sbin/  0.0  0.3    1  5612  29148 select   Is   17:42    0:00.59 02:48:01        0 9
0084005  8729000       0 10000100
1175 [smbiod0]         0.0  0.0    1    20      0 90idle   DL   17:43    0:01.35 02:47:39        0
      0 18488000       0 10000204
1179 [smbiod1]         0.0  0.0    1    20      0 90idle   DL   17:43    0:01.32 02:47:38        0
      0 18488000       0 10000204
1168 login [pam] (log  0.0  0.2    1  4112  18856 wait     Is   17:42    0:00.45 02:47:58        0
   6001 18788006       0 10004102
1169 -sh (sh)          0.0  0.2    1  4072  18984 wait     I    17:43    0:02.30 02:47:40        0
      6 186ac000       0 10004002
1390 /bin/sh ./trunne  0.0  0.2    1  3408  18856 wait     I+   19:58    0:00.12    32:40        0
      6 18488000       0 10004002
1393 /bin/sh ./trunne  0.0  0.1    1  1116  18856 wait     I+   19:58    0:00.10    32:40        0
      6 18488000       0 10000002
1642 ruby: ../test/ru  0.0  2.6    2 53892 927600 wait     S+   20:26    2:28.10    03:55        0 e
2087e0f 18408000       0 10004082
1652 ps x -opid,args,  0.0  0.2    1  3516  18996 -        R+   20:30    0:00.16    00:00        0
      0 18488000       0 10004002
/root/ruby-3.4.1/test/ruby/test_array.rb:3484:in 'TestArray#test_splice_over_ary_max': failed to all
ocate memory (NoMemoryError)
        from /root/ruby-3.4.1/tool/lib/test/unit/testcase.rb:202:in 'Test::Unit::TestCase#run_test'
        from /root/ruby-3.4.1/tool/lib/test/unit/testcase.rb:170:in 'Test::Unit::TestCase#run'
        from /root/ruby-3.4.1/tool/lib/test/unit.rb:1671:in 'block in Test::Unit::Runner#_run_suite'
        from /root/ruby-3.4.1/tool/lib/test/unit.rb:1658:in 'Array#map'
        from /root/ruby-3.4.1/tool/lib/test/unit.rb:1658:in 'Test::Unit::Runner#_run_suite'
        from /root/ruby-3.4.1/tool/lib/test/unit.rb:1362:in 'Test::Unit::ExcludesOption#_run_suite'
        from /root/ruby-3.4.1/tool/lib/test/unit.rb:823:in 'block in Test::Unit::Parallel#_run_suite
s'
        from /root/ruby-3.4.1/tool/lib/test/unit.rb:821:in 'Array#each'
        from /root/ruby-3.4.1/tool/lib/test/unit.rb:821:in 'Test::Unit::Parallel#_run_suites'
        from /root/ruby-3.4.1/tool/lib/test/unit.rb:858:in 'Test::Unit::Skipping#_run_suites'
        from /root/ruby-3.4.1/tool/lib/test/unit.rb:1604:in 'Test::Unit::Runner#_run_anything'
        from /root/ruby-3.4.1/tool/lib/test/unit.rb:1299:in 'Test::Unit::RepeatOption#_run_anything'
        from /root/ruby-3.4.1/tool/lib/test/unit.rb:1769:in 'Test::Unit::Runner#run_tests'
        from /root/ruby-3.4.1/tool/lib/test/unit.rb:1756:in 'block in Test::Unit::Runner#_run'
        from /root/ruby-3.4.1/tool/lib/test/unit.rb:1755:in 'Array#each'
        from /root/ruby-3.4.1/tool/lib/test/unit.rb:1755:in 'Test::Unit::Runner#_run'
        from /root/ruby-3.4.1/tool/lib/test/unit.rb:1799:in 'Test::Unit::Runner#run'
        from /root/ruby-3.4.1/tool/lib/test/unit.rb:1046:in 'Test::Unit::StatusLine#run'
        from /root/ruby-3.4.1/tool/lib/test/unit.rb:891:in 'Test::Unit::Statistics#run'
        from /root/ruby-3.4.1/tool/lib/test/unit.rb:145:in 'Test::Unit::RunCount#run'
        from /root/ruby-3.4.1/tool/lib/test/unit.rb:1283:in 'Test::Unit::RequireFiles#run'
        from /root/ruby-3.4.1/tool/lib/test/unit.rb:1882:in 'Test::Unit::AutoRunner#run'
        from /root/ruby-3.4.1/tool/lib/test/unit.rb:1886:in 'Test::Unit::AutoRunner.run'
        from /root/ruby-3.4.1/tool/test/runner.rb:14:in '<top (required)>'
        from ../test/runner.rb:5:in 'Kernel#require_relative'
        from ../test/runner.rb:5:in '<main>'
end time: 2025-06-21T20:30:46
----------------------------------------
Running test: ../test/ruby/ut_eof.rb
start time: 2025-06-21T20:30:46
Run options:
  "--ruby=./miniruby -I../lib -I. -I.ext/common  ../tool/runruby.rb --extout=.ext  -- --disable-gems
"
  --excludes-dir=../test/.excludes
  --name=!/memory_leak/
  -s
  3216
  --timeout-scale
  10
  --worker-timeout=100
  -v

# Running tests:

Finished tests in 1.015766s, 0.0000 tests/s, 0.0000 assertions/s.
0 tests, 0 assertions, 0 failures, 0 errors, 0 skips

ruby -v: ruby 3.4.1 (2025-06-14 revision 742e381c9f) +PRISM [riscv64-freebsd]
end time: 2025-06-21T20:31:05
----------------------------------------
Running test: ../test/ruby/test_frozen_error.rb
start time: 2025-06-21T20:31:06
Run options:
  "--ruby=./miniruby -I../lib -I. -I.ext/common  ../tool/runruby.rb --extout=.ext  -- --disable-gems
"
  --excludes-dir=../test/.excludes
  --name=!/memory_leak/
  -s
  3216
  --timeout-scale
  10
  --worker-timeout=100
  -v

# Running tests:

[1/5] TestFrozenError#test_receiver = 0.05 s
[2/5] TestFrozenError#test_message = 0.05 s
[3/5] TestFrozenError#test_new_default = 0.02 s
[4/5] TestFrozenError#test_new_receiver = 0.01 s
[5/5] TestFrozenError#test_new_message = 0.01 s
Finished tests in 1.464408s, 3.4143 tests/s, 19.1203 assertions/s.
5 tests, 28 assertions, 0 failures, 0 errors, 0 skips

ruby -v: ruby 3.4.1 (2025-06-14 revision 742e381c9f) +PRISM [riscv64-freebsd]
end time: 2025-06-21T20:31:25
----------------------------------------
Running test: ../test/ruby/test_readpartial.rb
start time: 2025-06-21T20:31:25
Run options:
  "--ruby=./miniruby -I../lib -I. -I.ext/common  ../tool/runruby.rb --extout=.ext  -- --disable-gems
"
  --excludes-dir=../test/.excludes
  --name=!/memory_leak/
  -s
  3216
  --timeout-scale
  10
  --worker-timeout=100
  -v

# Running tests:

[1/4] TestReadPartial#test_closed_pipe = 0.06 s
[2/4] TestReadPartial#test_length_zero = 0.01 s
[3/4] TestReadPartial#test_with_stdio = 0.29 s
[4/4] TestReadPartial#test_open_pipe = 0.27 s
Finished tests in 1.939088s, 2.0628 tests/s, 17.5340 assertions/s.
4 tests, 34 assertions, 0 failures, 0 errors, 0 skips

ruby -v: ruby 3.4.1 (2025-06-14 revision 742e381c9f) +PRISM [riscv64-freebsd]
end time: 2025-06-21T20:31:46
----------------------------------------
Running test: ../test/ruby/test_settracefunc.rb
start time: 2025-06-21T20:31:46
Run options:
  "--ruby=./miniruby -I../lib -I. -I.ext/common  ../tool/runruby.rb --extout=.ext  -- --disable-gems
"
  --excludes-dir=../test/.excludes
  --name=!/memory_leak/
  -s
  3216
  --timeout-scale
  10
  --worker-timeout=100
  -v

# Running tests:

[ 1/92] TestSetTraceFunc#test_c_return_no_binding = 0.52 s
[ 2/92] TestSetTraceFunc#test_tracepoint_enable_with_target_line_two_times = 0.02 s
[ 3/92] TestSetTraceFunc#test_raise_in_trace = 0.40 s
[ 4/92] TestSetTraceFunc#test_multiple_tracepoints_same_bmethod = 0.01 s
[ 5/92] TestSetTraceFunc#test_tracepoint_struct = 0.11 s
[ 6/92] TestSetTraceFunc#test_thread_trace = 0.18 s
[ 7/92] TestSetTraceFunc#test_tracepoint_object_id = 0.32 s
[ 8/92] TestSetTraceFunc#test_target_different_bmethod_same_iseq = 0.02 s
[ 9/92] TestSetTraceFunc#test_aliased_c_method = 0.06 s
[10/92] TestSetTraceFunc#test_recursive = 2.40 s
[11/92] TestSetTraceFunc#test_invalid_proc = 0.02 s
[12/92] TestSetTraceFunc#test_tracepoint_enabled = 0.16 s
[13/92] TestSetTraceFunc#test_allow_reentry = 0.02 s
[14/92] TestSetTraceFunc#test_b_tracepoints_going_away = 0.02 s
[15/92] TestSetTraceFunc#test_return_event_with_rescue = 0.06 s
[16/92] TestSetTraceFunc#test_raising_from_b_return_tp_tracing_bmethod = 19.59 s
[17/92] TestSetTraceFunc#test_thread_add_trace_func = 1.39 s
[18/92] TestSetTraceFunc#test_rescue_and_ensure_should_not_cause_b_return = 0.12 s
[19/92] TestSetTraceFunc#test_tracepoint_opt_invokebuiltin_delegate_leave = 19.52 s
[20/92] TestSetTraceFunc#test_no_duplicate_line_events = 0.02 s
[21/92] TestSetTraceFunc#test_non_local_return_across_multiple_define_methods = 0.07 s
[22/92] TestSetTraceFunc#test_break_with_rescue = 0.06 s
[23/92] TestSetTraceFunc#test_disable_local_tracepoint_in_trace = 19.83 s
[24/92] TestSetTraceFunc#test_break = 0.11 s
[25/92] TestSetTraceFunc#test_set_trace_func_curry_argument_error = 0.10 s
[26/92] TestSetTraceFunc#test_tp_rescue = 0.02 s
[27/92] TestSetTraceFunc#test_single_raise_inside_load = 0.09 s
[28/92] TestSetTraceFunc#test_return_value_with_rescue = 0.17 s
[29/92] TestSetTraceFunc#test_tracepoint_return_value = 0.06 s
[30/92] TestSetTraceFunc#test_c_call = 0.08 s
[31/92] TestSetTraceFunc#test_tracepoint_thread_end_with_exception = 0.04 s
[32/92] TestSetTraceFunc#test_class = 0.11 s
[33/92] TestSetTraceFunc#test_aliased_ruby_method = 0.06 s
[34/92] TestSetTraceFunc#test_tracepoint_enable_target = 0.10 s
[35/92] TestSetTraceFunc#test_return2 = 0.09 s
[36/92] TestSetTraceFunc#test_c_call_removed_method = 0.07 s
[37/92] TestSetTraceFunc#test_tracepoint_disable = 0.17 s
[38/92] TestSetTraceFunc#test_return_value_with_rescue_and_defined_methods = 0.28 s
[39/92] TestSetTraceFunc#test_define_method_on_return = 0.22 s
[40/92] TestSetTraceFunc#test_tp_rescue_event = 0.02 s
[41/92] TestSetTraceFunc#test_multiple_enable = 0.07 s
[42/92] TestSetTraceFunc#test_tracepoint_exception_at_line = 0.01 s
[43/92] TestSetTraceFunc#test_script_compiled = 0.06 s
[44/92] TestSetTraceFunc#test_rb_rescue = 0.10 s
[45/92] TestSetTraceFunc#test_a_return = 0.07 s
[46/92] TestSetTraceFunc#test_c_call_aliased_method = 0.07 s
[47/92] TestSetTraceFunc#test_trace_point_raising_exception_in_bmethod_call = 9.84 s
[48/92] TestSetTraceFunc#test_tracepoint_thread_end = 0.02 s
[49/92] TestSetTraceFunc#test_trace_defined_method = 0.12 s
[50/92] TestSetTraceFunc#test_tracepoint_thread_begin = 1.03 s
[51/92] TestSetTraceFunc#test_lineno_in_optimized_insn = 11.45 s
[52/92] TestSetTraceFunc#test_stat_exists = 0.01 s
[53/92] TestSetTraceFunc#test_tracepoint_raised_exception = 0.19 s
[54/92] TestSetTraceFunc#test_tracepoint_exception_at_return = 9.85 s
[55/92] TestSetTraceFunc#test_trace_point_at_return_when_exception = 0.16 s
[56/92] TestSetTraceFunc#test_tracepoint_thread = 0.03 s
[57/92] TestSetTraceFunc#test_tracepoint = 1.23 s
[58/92] TestSetTraceFunc#test_tracepoint_access_from_outside = 0.09 s
[59/92] TestSetTraceFunc#test_tracepoint_inspect = 0.22 s
[60/92] TestSetTraceFunc#test_fiber_switch = 0.08 s
[61/92] TestSetTraceFunc#test_define_method_on_exception = 0.13 s
[62/92] TestSetTraceFunc#test_argument_error_on_bmethod = 0.19 s
[63/92] TestSetTraceFunc#test_tracepoint_b_return_with_next = 0.01 s
[64/92] TestSetTraceFunc#test_tracepoint_block = 1.21 s
[65/92] TestSetTraceFunc#test_trace_point_binding_in_ifunc = 9.86 s
[66/92] TestSetTraceFunc#test_tracepoint_parameters = 0.12 s
[67/92] TestSetTraceFunc#test_method_missing = 0.08 s
[68/92] TestSetTraceFunc#test_raise = 0.12 s
[69/92] TestSetTraceFunc#test_elsif_line_event = 0.01 s
[70/92] TestSetTraceFunc#test_tracepoint_b_return_with_lambda = 0.01 s
[71/92] TestSetTraceFunc#test_while_in_while = 0.01 s
[72/92] TestSetTraceFunc#test_const_missing = 0.07 s
[73/92] TestSetTraceFunc#test_return_bmethod_location = 0.07 s
[74/92] TestSetTraceFunc#test_enable_target_thread = 0.04 s
[75/92] TestSetTraceFunc#test_tracepoint_with_multithreads = 1.80 s
[76/92] TestSetTraceFunc#test_tracepoint_exception_at_c_return = 9.86 s
[77/92] TestSetTraceFunc#test_a_call = 0.15 s
[78/92] TestSetTraceFunc#test_c_call_no_binding = 0.07 s
[79/92] TestSetTraceFunc#test_tracepoint_enable_with_target_line = 0.02 s
[80/92] TestSetTraceFunc#test_trace_point_require_block = 0.01 s
[81/92] TestSetTraceFunc#test_call = 0.12 s
[82/92] TestSetTraceFunc#test_b_call_with_redo = 0.14 s
[83/92] TestSetTraceFunc#test_isolated_raise_in_trace = 2.40 s
[84/92] TestSetTraceFunc#test_tracepoint_nested_enabled_with_target = 0.04 s
[85/92] TestSetTraceFunc#test_return = 0.13 s
[86/92] TestSetTraceFunc#test_tracepoint_callee_id = 0.58 s
[87/92] TestSetTraceFunc#test_throwing_return_with_finish_frame = 0.07 s
[88/92] TestSetTraceFunc#test_trace_point_binding_after_break = 2.39 s
[89/92] TestSetTraceFunc#test_tracepoint_attr = 0.12 s
[90/92] TestSetTraceFunc#test_remove_in_trace = 0.07 s
[91/92] TestSetTraceFunc#test_tracepoint_enable = 0.20 s
[92/92] TestSetTraceFunc#test_set_trace_func = 0.92 s
Finished tests in 137.588553s, 0.6687 tests/s, 7.5297 assertions/s.
92 tests, 1036 assertions, 0 failures, 0 errors, 1 skips

ruby -v: ruby 3.4.1 (2025-06-14 revision 742e381c9f) +PRISM [riscv64-freebsd]
end time: 2025-06-21T20:34:25
----------------------------------------
Running test: ../test/ruby/test_vm_dump.rb
start time: 2025-06-21T20:34:25
Run options:
  "--ruby=./miniruby -I../lib -I. -I.ext/common  ../tool/runruby.rb --extout=.ext  -- --disable-gems
"
  --excludes-dir=../test/.excludes
  --name=!/memory_leak/
  -s
  3216
  --timeout-scale
  10
  --worker-timeout=100
  -v

# Running tests:

Finished tests in 1.019964s, 0.0000 tests/s, 0.0000 assertions/s.
0 tests, 0 assertions, 0 failures, 0 errors, 0 skips

ruby -v: ruby 3.4.1 (2025-06-14 revision 742e381c9f) +PRISM [riscv64-freebsd]
end time: 2025-06-21T20:34:44
----------------------------------------
Running test: ../test/ruby/test_method.rb
start time: 2025-06-21T20:34:44
Run options:
  "--ruby=./miniruby -I../lib -I. -I.ext/common  ../tool/runruby.rb --extout=.ext  -- --disable-gems
"
  --excludes-dir=../test/.excludes
  --name=!/memory_leak/
  -s
  3216
  --timeout-scale
  10
  --worker-timeout=100
  -v

# Running tests:

[ 1/95] TestMethod#test_define_method_transplating = 0.04 s
[ 2/95] TestMethod#test_unbound_parameters = 0.04 s
[ 3/95] TestMethod#test_super_method_alias_to_prepended_module = 0.02 s
[ 4/95] TestMethod#test_super_in_proc_from_define_method = 0.01 s
[ 5/95] TestMethod#test_splat_long_array = 249.20 s
[ 6/95] TestMethod#test_default_accessibility = 0.02 s
[ 7/95] TestMethod#test_callee = 0.14 s
[ 8/95] TestMethod#test_zsuper_private_override_instance_method = 12.84 s
[ 9/95] TestMethod#test_hash_does_not_change_after_compaction = 14.50 s
[10/95] TestMethod#test_compose_with_noncallable = 0.03 s
[11/95] TestMethod#test_alias_owner = 0.03 s
[12/95] TestMethod#test_define_singleton_method_no_proc = 0.12 s
[13/95] TestMethod#test_define_method = 0.06 s
[14/95] TestMethod#test_compose_with_callable = 0.01 s
[15/95] TestMethod#test_define_singleton_method_with_extended_method = 0.01 s
[16/95] TestMethod#test_define_method_visibility = 0.02 s
[17/95] TestMethod#test_instance_methods_owner_consistency = 0.01 s
[18/95] TestMethod#test_define_method_no_proc = 0.01 s
[19/95] TestMethod#test_super_method_removed_regular = 0.01 s
[20/95] TestMethod#test_singleton_method_included_or_prepended_bug_20620 = 0.04 s
[21/95] TestMethod#test_method_in_method_visibility_should_be_public = 0.02 s
[22/95] TestMethod#test_method_list = 18.19 s
[23/95] TestMethod#test_hash = 0.01 s
[24/95] TestMethod#test_warn_unused_block = 12.30 s
[25/95] TestMethod#test_singleton_method = 0.02 s
[26/95] TestMethod#test_instance_method = 0.05 s
[27/95] TestMethod#test_argument_error_location = 22.89 s
[28/95] TestMethod#test_to_proc_binding = 0.03 s
[29/95] TestMethod#test___dir__ = 0.03 s
[30/95] TestMethod#test_hidden_parameters = 0.19 s
[31/95] TestMethod#test_orphan_callee = 0.01 s
[32/95] TestMethod#test_super_method_module = 0.03 s
[33/95] TestMethod#test_inspect = 0.06 s
[34/95] TestMethod#test_eq = 0.02 s
[35/95] TestMethod#test_curry_from_proc_var_args = 0.02 s
[36/95] TestMethod#test_visibility = 0.04 s
[37/95] TestMethod#test_compose_with_method = 0.01 s
[38/95] TestMethod#test_invalidating_CC_ASAN = 9.75 s
[39/95] TestMethod#test_singleton_method_prepend = 0.09 s
[40/95] TestMethod#test_super_method_with_prepended_module = 0.03 s
[41/95] TestMethod#test_unbound_method_proc_coerce = 0.01 s
[42/95] TestMethod#test_clone_under_gc_compact_stress/root/ruby-3.4.1/test/ruby/test_method.rb:477:
[BUG] Couldn't unprotect page 0x00000000000000000000000076710000, errno: Memory protection violation
ruby 3.4.1 (2025-06-14 revision 742e381c9f) +PRISM [riscv64-freebsd]

-- Control frame information -----------------------------------------------
/root/ruby-3.4.1/test/ruby/test_method.rb:477: [BUG] Segmentation fault at 0x00000000000000000000000
0768ea6e0
ruby 3.4.1 (2025-06-14 revision 742e381c9f) +PRISM [riscv64-freebsd]

In-address space security exception (core dumped)
end time: 2025-06-21T20:44:22
----------------------------------------
Running test: ../test/ruby/allpairs.rb
start time: 2025-06-21T20:44:22
Run options:
  "--ruby=./miniruby -I../lib -I. -I.ext/common  ../tool/runruby.rb --extout=.ext  -- --disable-gems
"
  --excludes-dir=../test/.excludes
  --name=!/memory_leak/
  -s
  3216
  --timeout-scale
  10
  --worker-timeout=100
  -v

# Running tests:

Finished tests in 1.022356s, 0.0000 tests/s, 0.0000 assertions/s.
0 tests, 0 assertions, 0 failures, 0 errors, 0 skips

ruby -v: ruby 3.4.1 (2025-06-14 revision 742e381c9f) +PRISM [riscv64-freebsd]
end time: 2025-06-21T20:44:42
----------------------------------------
Running test: ../test/ruby/test_file.rb
start time: 2025-06-21T20:44:42
Run options:
  "--ruby=./miniruby -I../lib -I. -I.ext/common  ../tool/runruby.rb --extout=.ext  -- --disable-gems
"
  --excludes-dir=../test/.excludes
  --name=!/memory_leak/
  -s
  3216
  --timeout-scale
  10
  --worker-timeout=100
  -v

# Running tests:

[ 1/78] TestFile::NewlineConvTests#test_c_rb_io_fdopen_bin_mode_read_lf_with_utf8_encoding = 0.08 s
[ 2/78] TestFile::NewlineConvTests#test_c_rb_io_fdopen_bin_mode_write_lf = 0.04 s
[ 3/78] TestFile::NewlineConvTests#test_c_rb_io_fdopen_text_mode_read_crlf = 0.04 s
[ 4/78] TestFile::NewlineConvTests#test_c_rb_io_fdopen_bin_mode_write_crlf = 0.04 s
[ 5/78] TestFile::NewlineConvTests#test_ruby_file_open_text_mode_read_lf_with_utf8_encoding = 0.04 s
[ 6/78] TestFile::NewlineConvTests#test_ruby_file_open_bin_mode_read_crlf = 0.04 s
[ 7/78] TestFile::NewlineConvTests#test_c_rb_io_fdopen_text_mode_read_lf = 0.04 s
[ 8/78] TestFile::NewlineConvTests#test_c_rb_file_open_text_mode_read_crlf_with_utf8_encoding = 0.04
 s
[ 9/78] TestFile::NewlineConvTests#test_c_rb_file_open_bin_mode_read_crlf_with_utf8_encoding = 0.04
s
[10/78] TestFile::NewlineConvTests#test_c_rb_io_fdopen_text_mode_write_lf = 0.04 s
[11/78] TestFile::NewlineConvTests#test_c_rb_file_open_bin_mode_read_crlf = 0.04 s
[12/78] TestFile::NewlineConvTests#test_ruby_file_open_bin_mode_read_lf = 0.04 s
[13/78] TestFile::NewlineConvTests#test_ruby_file_open_text_mode_read_crlf_with_utf8_encoding = 0.04
 s
[14/78] TestFile::NewlineConvTests#test_ruby_file_open_bin_mode_write_crlf = 0.04 s
[15/78] TestFile::NewlineConvTests#test_c_rb_file_open_bin_mode_read_lf_with_utf8_encoding = 0.04 s
[16/78] TestFile::NewlineConvTests#test_ruby_file_open_text_mode_read_crlf = 0.04 s
[17/78] TestFile::NewlineConvTests#test_c_rb_file_open_text_mode_read_lf_with_utf8_encoding = 0.04 s
[18/78] TestFile::NewlineConvTests#test_c_rb_io_fdopen_bin_mode_read_lf = 0.04 s
[19/78] TestFile::NewlineConvTests#test_c_rb_io_fdopen_text_mode_read_lf_with_utf8_encoding = 0.39 s
[20/78] TestFile::NewlineConvTests#test_ruby_file_open_text_mode_write_lf = 0.04 s
[21/78] TestFile::NewlineConvTests#test_c_rb_file_open_text_mode_read_lf = 0.04 s
[22/78] TestFile::NewlineConvTests#test_ruby_file_open_text_mode_read_lf = 0.04 s
[23/78] TestFile::NewlineConvTests#test_c_rb_file_open_text_mode_write_lf = 0.04 s
[24/78] TestFile::NewlineConvTests#test_c_rb_io_fdopen_bin_mode_read_crlf = 0.04 s
[25/78] TestFile::NewlineConvTests#test_c_rb_file_open_bin_mode_write_lf = 0.04 s
[26/78] TestFile::NewlineConvTests#test_ruby_file_open_bin_mode_write_lf = 0.04 s
[27/78] TestFile::NewlineConvTests#test_c_rb_io_fdopen_text_mode_read_crlf_with_utf8_encoding = 0.04
 s
[28/78] TestFile::NewlineConvTests#test_c_rb_io_fdopen_bin_mode_read_crlf_with_utf8_encoding = 0.04
s
[29/78] TestFile::NewlineConvTests#test_ruby_file_open_bin_mode_read_crlf_with_utf8_encoding = 0.04
s
[30/78] TestFile::NewlineConvTests#test_c_rb_file_open_bin_mode_read_lf = 0.04 s
[31/78] TestFile::NewlineConvTests#test_ruby_file_open_bin_mode_read_lf_with_utf8_encoding = 0.04 s
[32/78] TestFile::NewlineConvTests#test_c_rb_file_open_bin_mode_write_crlf = 0.04 s
[33/78] TestFile::NewlineConvTests#test_c_rb_file_open_text_mode_read_crlf = 0.04 s
[34/78] TestFile#test_uninitialized = 0.02 s
[35/78] TestFile#test_realpath_special_symlink = 0.01 s
[36/78] TestFile#test_utime_with_minus_time_segv = 6.20 s
[37/78] TestFile#test_chown = 0.03 s
[38/78] TestFile#test_realpath = 0.04 s
[39/78] TestFile#test_getc_extended_file = 0.06 s
[40/78] TestFile#test_absolute_path? = 0.03 s
[41/78] TestFile#test_eof_0_seek = 0.02 s
[42/78] TestFile#test_stat = 6.08 s
[43/78] TestFile#test_truncate_size = 0.39 s
[44/78] TestFile#test_truncate_beyond_eof = 0.02 s
[45/78] TestFile#test_gets_extended_file = 0.05 s
[46/78] TestFile#test_getbyte_extended_file = 0.05 s
[47/78] TestFile#test_eof_3 = 0.02 s
[48/78] TestFile#test_s_chown = 0.01 s
[49/78] TestFile#test_eof_1 = 0.12 s
[50/78] TestFile#test_file_share_delete = 0.03 s
[51/78] TestFile#test_each_byte_extended_file = 0.05 s
[52/78] TestFile#test_stat_inode = 0.01 s
[53/78] TestFile#test_eof_1_seek = 0.04 s
[54/78] TestFile#test_bom_32be = 0.05 s
[55/78] TestFile#test_read_all_extended_file = 0.05 s
[56/78] TestFile#test_eof_0 = 0.06 s
[57/78] TestFile#test_bom_8 = 0.03 s
[58/78] TestFile#test_initialize = 0.05 s
[59/78] TestFile#test_eof_2 = 0.02 s
[60/78] TestFile#test_file_open_permissions = 0.03 s
[61/78] TestFile#test_bom_16le = 0.04 s
[62/78] TestFile#test_file_open_double_mode = 0.02 s
[63/78] TestFile#test_conflicting_encodings = 0.04 s
[64/78] TestFile#test_gets_para_extended_file = 0.05 s
[65/78] TestFile#test_unlink_before_close = 0.03 s
[66/78] TestFile#test_chmod_m17n = 0.03 s
[67/78] TestFile#test_bom_32le = 0.03 s
[68/78] TestFile#test_open_nul = 0.03 s
[69/78] TestFile#test_realpath_encoding = 0.04 s
[70/78] TestFile#test_eof_0_rw = 0.03 s
[71/78] TestFile#test_truncate_rbuf = 0.02 s
[72/78] TestFile#test_each_char_extended_file = 0.05 s
[73/78] TestFile#test_file_open_newline_option = 0.60 s
[74/78] TestFile#test_bom_16be = 0.04 s
[75/78] TestFile#test_utime = 0.04 s
[76/78] TestFile#test_truncate_wbuf = 0.02 s
[77/78] TestFile#test_empty_file_bom = 0.02 s
[78/78] TestFile#test_realdirpath = 0.04 s
Finished tests in 22.440306s, 3.4759 tests/s, 22.4150 assertions/s.
78 tests, 503 assertions, 0 failures, 0 errors, 0 skips

ruby -v: ruby 3.4.1 (2025-06-14 revision 742e381c9f) +PRISM [riscv64-freebsd]
end time: 2025-06-21T20:45:23
----------------------------------------
Running test: ../test/ruby/test_fixnum.rb
start time: 2025-06-21T20:45:23
Run options:
  "--ruby=./miniruby -I../lib -I. -I.ext/common  ../tool/runruby.rb --extout=.ext  -- --disable-gems
"
  --excludes-dir=../test/.excludes
  --name=!/memory_leak/
  -s
  3216
  --timeout-scale
  10
  --worker-timeout=100
  -v

# Running tests:

[ 1/39] TestFixnum#test_xor_with_float = 0.04 s
[ 2/39] TestFixnum#test_zero_p = 0.01 s
[ 3/39] TestFixnum#test_sub = 0.01 s
[ 4/39] TestFixnum#test_and_with_nonintegral_numeric = 0.01 s
[ 5/39] TestFixnum#test_minus = 0.01 s
[ 6/39] TestFixnum#test_pow2 = 0.02 s
[ 7/39] TestFixnum#test_mult = 0.01 s
[ 8/39] TestFixnum#test_xor_with_nonintegral_numeric = 0.01 s
[ 9/39] TestFixnum#test_succ = 0.01 s
[10/39] TestFixnum#test_or_with_rational = 0.01 s
[11/39] TestFixnum#test_cmp = 0.04 s
[12/39] TestFixnum#test_and_with_float = 0.01 s
[13/39] TestFixnum#test_plus2 = 0.01 s
[14/39] TestFixnum#test_and_with_rational = 0.01 s
[15/39] TestFixnum#test_power_of_0 = 0.02 s
[16/39] TestFixnum#test_singleton_method = 0.01 s
[17/39] TestFixnum#test_positive_p = 0.01 s
[18/39] TestFixnum#test_xor_with_rational = 0.01 s
[19/39] TestFixnum#test_remainder = 0.01 s
[20/39] TestFixnum#test_finite_p = 0.01 s
[21/39] TestFixnum#test_rshift = 0.01 s
[22/39] TestFixnum#test_divide = 0.04 s
[23/39] TestFixnum#test_plus = 0.01 s
[24/39] TestFixnum#test_frozen = 0.01 s
[25/39] TestFixnum#test_abs = 0.01 s
[26/39] TestFixnum#test_divmod = 0.61 s
[27/39] TestFixnum#test_mod = 0.01 s
[28/39] TestFixnum#test_to_s = 0.01 s
[29/39] TestFixnum#test_or_with_nonintegral_numeric = 0.01 s
[30/39] TestFixnum#test_or_with_float = 0.01 s
[31/39] TestFixnum#test_power_of_1_and_minus_1 = 0.01 s
[32/39] TestFixnum#test_infinite_p = 0.01 s
[33/39] TestFixnum#test_negative_p = 0.01 s
[34/39] TestFixnum#test_lshift = 0.01 s
[35/39] TestFixnum#test_pred = 0.01 s
[36/39] TestFixnum#test_pow = 0.02 s
[37/39] TestFixnum#test_mul = 0.01 s
[38/39] TestFixnum#test_not = 0.01 s
[39/39] TestFixnum#test_div = 0.02 s
Finished tests in 4.030689s, 9.6758 tests/s, 281.5896 assertions/s.
39 tests, 1135 assertions, 0 failures, 0 errors, 0 skips

ruby -v: ruby 3.4.1 (2025-06-14 revision 742e381c9f) +PRISM [riscv64-freebsd]
end time: 2025-06-21T20:45:46
----------------------------------------
Running test: ../test/ruby/test_yield.rb
start time: 2025-06-21T20:45:46
Run options:
  "--ruby=./miniruby -I../lib -I. -I.ext/common  ../tool/runruby.rb --extout=.ext  -- --disable-gems
"
  --excludes-dir=../test/.excludes
  --name=!/memory_leak/
  -s
  3216
  --timeout-scale
  10
  --worker-timeout=100
  -v

# Running tests:

[ 1/13] TestRubyYield#test_yield2 = 0.04 s
[ 2/13] TestRubyYield#test_ary_each = 0.01 s
[ 3/13] TestRubyYield#test_hash_each = 0.01 s
[ 4/13] TestRubyYield#test_with_enum = 0.01 s
[ 5/13] TestRubyYield#test_yield_1 = 0.01 s
[ 6/13] TestRubyYield#test_yield_0 = 0.01 s
[ 7/13] TestRubyYield#test_block_args_unleashed = 0.01 s
[ 8/13] TestRubyYield#test_yield_nested = 0.01 s
[ 9/13] TestRubyYieldGen#test_yield = 285.52 s
[10/13] TestRubyYieldGen#test_block_cached_argc = 11.50 s
[11/13] TestRubyYieldGen#test_yield_enum = 296.37 s
[12/13] TestRubyYieldGen#test_yield_lambda = 520.26 s
[13/13] TestRubyYieldGen#test_block_with_mock = 0.01 s
Finished tests in 1115.578885s, 0.0117 tests/s, 21.2132 assertions/s.
13 tests, 23665 assertions, 0 failures, 0 errors, 0 skips

ruby -v: ruby 3.4.1 (2025-06-14 revision 742e381c9f) +PRISM [riscv64-freebsd]
end time: 2025-06-21T21:04:41
----------------------------------------
Running test: ../test/ruby/test_keyword.rb
start time: 2025-06-21T21:04:41
Run options:
  "--ruby=./miniruby -I../lib -I. -I.ext/common  ../tool/runruby.rb --extout=.ext  -- --disable-gems
"
  --excludes-dir=../test/.excludes
  --name=!/memory_leak/
  -s
  3216
  --timeout-scale
  10
  --worker-timeout=100
  -v

# Running tests:

[  1/109] TestKeywordArguments#test_gced_object_in_stack = 27.85 s
[  2/109] TestKeywordArguments#test_non_keyword_hash_subclass = 0.02 s
[  3/109] TestKeywordArguments#test_do_not_use_newarraykwsplat = 0.01 s
[  4/109] TestKeywordArguments#test_anon_splat_ruby2_keywords = 0.02 s
[  5/109] TestKeywordArguments#test_ruby2_keywords_bug_20679 = 0.01 s
[  6/109] TestKeywordArguments#test_required_keyword_with_newline = 0.03 s
[  7/109] TestKeywordArguments#test_unknown_keyword_with_block = 0.05 s
[  8/109] TestKeywordArguments#test_method_missing_kwsplat = 0.33 s
[  9/109] TestKeywordArguments#test_zsuper_only_anonymous_kwrest = 0.01 s
[ 10/109] TestKeywordArguments#test_p5 = 0.03 s
[ 11/109] TestKeywordArguments#test_define_method_method_kwsplat = 0.38 s
[ 12/109] TestKeywordArguments#test_Fiber_resume_kwsplat = 0.11 s
[ 13/109] TestKeywordArguments#test_p3 = 0.02 s
[ 14/109] TestKeywordArguments#test_explicit_super_kwsplat = 0.34 s
[ 15/109] TestKeywordArguments#test_p1 = 0.04 s
[ 16/109] TestKeywordArguments#test_kwrest_overwritten = 0.45 s
[ 17/109] TestKeywordArguments#test_splat_hash_conversion = 0.01 s
[ 18/109] TestKeywordArguments#test_top_ruby2_keywords = 2.37 s
[ 19/109] TestKeywordArguments#test_precedence_of_keyword_arguments = 0.02 s
[ 20/109] TestKeywordArguments#test_anon_splat_ruby2_keywords_bug_20388 = 0.02 s
[ 21/109] TestKeywordArguments#test_keyword_splat_nil = 0.04 s
[ 22/109] TestKeywordArguments#test_UnboundMethod_bindcall_kwsplat_call = 0.34 s
[ 23/109] TestKeywordArguments#test_ruby2_keywords = 0.39 s
[ 24/109] TestKeywordArguments#test_splat_hash = 0.08 s
[ 25/109] TestKeywordArguments#test_unknown_keyword = 0.04 s
[ 26/109] TestKeywordArguments#test_f10 = 0.01 s
[ 27/109] TestKeywordArguments#test_f12 = 0.02 s
[ 28/109] TestKeywordArguments#test_super_with_keyword_kwrest = 0.01 s
[ 29/109] TestKeywordArguments#test_splat_empty_hash_with_block_passing = 0.02 s
[ 30/109] TestKeywordArguments#test_f9 = 0.01 s
[ 31/109] TestKeywordArguments#test_rb_call_super_kw_method_missing_kwsplat = 0.33 s
[ 32/109] TestKeywordArguments#test_keyword_no_split = 0.08 s
[ 33/109] TestKeywordArguments#test_attr_reader_kwsplat = 0.03 s
[ 34/109] TestKeywordArguments#test_define_method_kwsplat = 0.35 s
[ 35/109] TestKeywordArguments#test_f5 = 0.04 s
[ 36/109] TestKeywordArguments#test_f7 = 0.02 s
[ 37/109] TestKeywordArguments#test_f1 = 0.05 s
[ 38/109] TestKeywordArguments#test_dig_method_missing_kwsplat = 0.28 s
[ 39/109] TestKeywordArguments#test_splat_keyword_nondestructive = 0.01 s
[ 40/109] TestKeywordArguments#test_proc_ruby2_keywords = 0.07 s
[ 41/109] TestKeywordArguments#test_f3 = 0.03 s
[ 42/109] TestKeywordArguments#test_keyword_with_anonymous_keyword_splat = 0.01 s
[ 43/109] TestKeywordArguments#test_method_parameters = 0.02 s
[ 44/109] TestKeywordArguments#test_unset_hash_flag = 0.03 s
[ 45/109] TestKeywordArguments#test_Class_new_method_kwsplat_call = 0.35 s
[ 46/109] TestKeywordArguments#test_Enumerator_Yielder_yield_kwsplat = 0.36 s
[ 47/109] TestKeywordArguments#test_block_required_keyword = 0.20 s
[ 48/109] TestKeywordArguments#test_attr_writer_method_kwsplat = 0.03 s
[ 49/109] TestKeywordArguments#test_to_hash_call_during_setup_complex_parameters = 0.02 s
[ 50/109] TestKeywordArguments#test_send_kwsplat = 1.41 s
[ 51/109] TestKeywordArguments#test_nonsymbol_key = 0.01 s
[ 52/109] TestKeywordArguments#test_send_method_kwsplat = 0.31 s
[ 53/109] TestKeywordArguments#test_enumerator_size_kwsplat = 0.44 s
[ 54/109] TestKeywordArguments#test_precedence_of_keyword_arguments_with_post_argument = 0.02 s
[ 55/109] TestKeywordArguments#test_attr_reader_method_kwsplat = 0.02 s
[ 56/109] TestKeywordArguments#test_instance_exec_kwsplat = 0.42 s
[ 57/109] TestKeywordArguments#test_large_kwsplat_to_method_taking_kw_and_kwsplat = 76.77 s
[ 58/109] TestKeywordArguments#test_sym_proc_kwsplat = 0.33 s
[ 59/109] TestKeywordArguments#test_lambda_kwsplat_call = 0.30 s
[ 60/109] TestKeywordArguments#test_instance_exec_define_method_kwsplat = 0.36 s
[ 61/109] TestKeywordArguments#test_bare_kwrest = 0.03 s
[ 62/109] TestKeywordArguments#test_required_keyword_with_reserved = 0.02 s
[ 63/109] TestKeywordArguments#test_sym_proc_method_kwsplat = 0.34 s
[ 64/109] TestKeywordArguments#test_zsuper_only_named_kwrest = 0.01 s
[ 65/109] TestKeywordArguments#test_f8 = 0.01 s
[ 66/109] TestKeywordArguments#test_f13 = 0.02 s
[ 67/109] TestKeywordArguments#test_keyword_splat_to_non_keyword_method = 0.04 s
[ 68/109] TestKeywordArguments#test_f11 = 0.01 s
[ 69/109] TestKeywordArguments#test_required_keyword = 0.44 s
[ 70/109] TestKeywordArguments#test_f2 = 0.02 s
[ 71/109] TestKeywordArguments#test_super_with_keyword = 0.01 s
[ 72/109] TestKeywordArguments#test_f6 = 0.02 s
[ 73/109] TestKeywordArguments#test_lambda_method_kwsplat_call = 0.28 s
[ 74/109] TestKeywordArguments#test_lambda = 0.01 s
[ 75/109] TestKeywordArguments#test_proc_parameters = 0.02 s
[ 76/109] TestKeywordArguments#test_block = 0.01 s
[ 77/109] TestKeywordArguments#test_f4 = 0.04 s
[ 78/109] TestKeywordArguments#test_regular_kwsplat = 0.43 s
[ 79/109] TestKeywordArguments#test_Thread_new_kwsplat = 1.40 s
[ 80/109] TestKeywordArguments#test_attr_set_method_cache = 0.02 s
[ 81/109] TestKeywordArguments#test_dynamic_symbol_keyword = 11.45 s
[ 82/109] TestKeywordArguments#test_without_paren = 0.04 s
[ 83/109] TestKeywordArguments#test_super_method_missing_kwsplat = 0.50 s
[ 84/109] TestKeywordArguments#test_dig_kwsplat = 0.47 s
[ 85/109] TestKeywordArguments#test_rest_keyrest = 0.02 s
[ 86/109] TestKeywordArguments#test_attr_writer_kwsplat = 0.06 s
[ 87/109] TestKeywordArguments#test_keyword_splat_new = 1.10 s
[ 88/109] TestKeywordArguments#test_many_kwargs = 0.18 s
[ 89/109] TestKeywordArguments#test_no_implicit_hash_conversion = 0.03 s
[ 90/109] TestKeywordArguments#test_implicit_super_kwsplat = 0.31 s
[ 91/109] TestKeywordArguments#test_arity_error_message = 0.07 s
[ 92/109] TestKeywordArguments#test_Method_call_kwsplat_call = 0.33 s
[ 93/109] TestKeywordArguments#test_super_with_anon_restkeywords = 0.01 s
[ 94/109] TestKeywordArguments#test_public_send_kwsplat = 0.31 s
[ 95/109] TestKeywordArguments#test_Enumerator_Generator_each_kwsplat = 0.32 s
[ 96/109] TestKeywordArguments#test_p2 = 0.01 s
[ 97/109] TestKeywordArguments#test_instance_exec_sym_proc_kwsplat = 0.34 s
[ 98/109] TestKeywordArguments#test_Class_new_kwsplat_call = 0.34 s
[ 99/109] TestKeywordArguments#test_p4 = 0.02 s
[100/109] TestKeywordArguments#test_rb_yield_block_kwsplat = 0.35 s
[101/109] TestKeywordArguments#test_instance_exec_method_kwsplat = 0.52 s
[102/109] TestKeywordArguments#test_p6 = 0.02 s
[103/109] TestKeywordArgumentsSymProcRefinements#test_sym_proc_refine_kwsplat = 0.31 s
[104/109] TestKeywordArgumentsSymProcRefinements#test_value_omission = 0.01 s
[105/109] TestKeywordArgumentsSymProcRefinements#test_protected_kwarg = 0.01 s
[106/109] TestKeywordArgumentsSymProcRefinements#test_sym_proc_refine_method_missing_kwsplat = 0.31
s
[107/109] TestKeywordArgumentsSymProcRefinements#test_splat_arg_with_prohibited_keyword = 0.02 s
[108/109] TestKeywordArgumentsSymProcRefinements#test_sym_proc_refine_super_method_missing_kwsplat =
 0.33 s
[109/109] TestKeywordArgumentsSymProcRefinements#test_splat_fixnum = 0.01 s
Finished tests in 142.826905s, 0.7632 tests/s, 19.3171 assertions/s.
109 tests, 2759 assertions, 0 failures, 0 errors, 0 skips

ruby -v: ruby 3.4.1 (2025-06-14 revision 742e381c9f) +PRISM [riscv64-freebsd]
end time: 2025-06-21T21:07:30
----------------------------------------
Running test: ../test/ruby/test_rand.rb
start time: 2025-06-21T21:07:30
Run options:
  "--ruby=./miniruby -I../lib -I. -I.ext/common  ../tool/runruby.rb --extout=.ext  -- --disable-gems
"
  --excludes-dir=../test/.excludes
  --name=!/memory_leak/
  -s
  3216
  --timeout-scale
  10
  --worker-timeout=100
  -v

# Running tests:

[ 1/41] TestRand#test_mt = 0.25 s
[ 2/41] TestRand#test_0x4000000000000001 = 0.23 s
[ 3/41] TestRand#test_marshal = 0.02 s
[ 4/41] TestRand#test_broken_marshal = 0.02 s
[ 5/41] TestRand#test_default_seed = 11.38 s
[ 6/41] TestRand#test_0x100000001 = 0.23 s
[ 7/41] TestRand#test_0x3fffffff = 0.22 s
[ 8/41] TestRand#test_random_argument_error = 0.04 s
[ 9/41] TestRand#test_types = 0.06 s
[10/41] TestRand#test_0x3fffffffffffffff = 0.23 s
[11/41] TestRand#test_seed = 0.03 s
[12/41] TestRand#test_random_float = 0.06 s
[13/41] TestRand#test_0x10000000000 = 0.21 s
[14/41] TestRand#test_rand_0x100000000 = 0.21 s
[15/41] TestRand#test_random_ulong_limited = 0.07 s
[16/41] TestRand#test_0x1000000000000 = 0.22 s
[17/41] TestRand#test_random_equal = 0.01 s
[18/41] TestRand#test_random_seed = 0.01 s
[19/41] TestRand#test_fork_shuffle = 0.64 s
[20/41] TestRand#test_random_dup = 0.03 s
[21/41] TestRand#test_0x40000001 = 0.23 s
[22/41] TestRand#test_0x40000000 = 0.23 s
[23/41] TestRand#test_seed_leading_zero_guard = 0.02 s
[24/41] TestRand#test_0x1000000000001 = 0.21 s
[25/41] TestRand#test_random_type_error = 0.02 s
[26/41] TestRand#test_random_gc = 0.62 s
[27/41] TestRand#test_big_seed = 7.29 s
[28/41] TestRand#test_urandom = 0.01 s
[29/41] TestRand#test_random_bytes = 0.01 s
[30/41] TestRand#test_shuffle = 0.01 s
[31/41] TestRand#test_0xffffffff = 0.21 s
[32/41] TestRand#test_random_ulong_limited_no_rand = 0.01 s
[33/41] TestRand#test_rand_reseed_on_fork = 9.66 s
[34/41] TestRand#test_random_range = 0.09 s
[35/41] TestRand#test_srand = 0.03 s
[36/41] TestRand#test_initialize_frozen = 0.02 s
[37/41] TestRand#test_new_seed = 0.02 s
[38/41] TestRand#test_0x10000 = 0.21 s
[39/41] TestRand#test_0x4000000000000000 = 0.24 s
[40/41] TestRand#test_marshal_load_frozen = 0.02 s
[41/41] TestRand#test_0x100000000 = 0.22 s
Finished tests in 38.300387s, 1.0705 tests/s, 23.1329 assertions/s.
41 tests, 886 assertions, 0 failures, 0 errors, 0 skips

ruby -v: ruby 3.4.1 (2025-06-14 revision 742e381c9f) +PRISM [riscv64-freebsd]
end time: 2025-06-21T21:08:27
----------------------------------------
Running test: ../test/ruby/test_refinement.rb
start time: 2025-06-21T21:08:27
Run options:
  "--ruby=./miniruby -I../lib -I. -I.ext/common  ../tool/runruby.rb --extout=.ext  -- --disable-gems
"
  --excludes-dir=../test/.excludes
  --name=!/memory_leak/
  -s
  3216
  --timeout-scale
  10
  --worker-timeout=100
  -v

# Running tests:

[  1/119] TestRefinement#test_include_refinement = 0.11 s
[  2/119] TestRefinement#test_eval_scoping = 2.40 s
[  3/119] TestRefinement#test_undef_refined_method = 4.73 s
[  4/119] TestRefinement#test_instance_methods = 0.02 s
[  5/119] TestRefinement#test_refine_alias_in_subclass = 0.07 s
[  6/119] TestRefinement#test_instance_methods_not_include_superclass_method = 0.02 s
[  7/119] TestRefinement#test_using_same_class_refinements = 0.01 s
[  8/119] TestRefinement#test_refine_scoping = 0.02 s
[  9/119] TestRefinement#test_inlinecache = 11.45 s
[ 10/119] TestRefinement#test_change_refined_new_method_visibility = 12.45 s
[ 11/119] TestRefinement#test_undef_prepended_method = 0.08 s
[ 12/119] TestRefinement#test_refining_module_repeatedly = 39.50 s
[ 13/119] TestRefinement#test_refine_with_proc = 0.02 s
[ 14/119] TestRefinement#test_tostring = 0.01 s
[ 15/119] TestRefinement#test_instance_eval_without_refinement = 0.01 s
[ 16/119] TestRefinement#test_symbol_proc = 0.01 s
[ 17/119] TestRefinement#test_inline_cache_invalidation = 0.06 s
[ 18/119] TestRefinement#test_prepend_refined_module = 0.01 s
[ 19/119] TestRefinement#test_return_value_of_refine = 0.01 s
[ 20/119] TestRefinement#test_instance_method_should_use_refinements = 0.14 s
[ 21/119] TestRefinement#test_multiple_refinements_for_same_module = 2.43 s
[ 22/119] TestRefinement#test_super = 0.02 s
[ 23/119] TestRefinement#test_refine_in_class = 0.01 s
[ 24/119] TestRefinement#test_override_builtin_method_with_method_added = 0.07 s
[ 25/119] TestRefinement#test_call_method_in_unused_refinement = 2.41 s
[ 26/119] TestRefinement#test_target = 0.02 s
[ 27/119] TestRefinement#test_two_refinements_for_prepended_class = 9.79 s
[ 28/119] TestRefinement#test_check_funcall_undefined = 0.07 s
[ 29/119] TestRefinement#test_alias_refined_method = 11.46 s
[ 30/119] TestRefinement#test_prepend_after_refine_wb_miss = 240.17 s
[ 31/119] TestRefinement#test_symbol_proc_with_block = 11.43 s
[ 32/119] TestRefinement#test_refine_module = 0.03 s
[ 33/119] TestRefinement#test_override_builtin_method = 0.07 s
[ 34/119] TestRefinement#test_refined_protected_methods = 11.56 s
[ 35/119] TestRefinement#test_refine_undefed_method_and_send = 2.45 s
[ 36/119] TestRefinement#test_redefine_refined_method = 1.26 s
[ 37/119] TestRefinement#test_refine_array_min_max = 0.01 s
[ 38/119] TestRefinement#test_inspect = 0.01 s
[ 39/119] TestRefinement#test_to_proc = 0.03 s
[ 40/119] TestRefinement#test_new_method_on_subclass = 0.01 s
[ 41/119] TestRefinement#test_public_send_should_use_refinements = 0.02 s
[ 42/119] TestRefinement#test_prepended_with_method_cache = 0.06 s
[ 43/119] TestRefinement#test_module_using_class = 0.02 s
[ 44/119] TestRefinement#test_respond_to_should_use_refinements = 0.06 s
[ 45/119] TestRefinement#test_refinements = 0.01 s
[ 46/119] TestRefinement#test_prepended_with_method_cache_17417 = 9.76 s
[ 47/119] TestRefinement#test_using_in_method = 0.05 s
[ 48/119] TestRefinement#test_prepend_into_refinement = 0.01 s
[ 49/119] TestRefinement#test_super_in_subclass = 0.02 s
[ 50/119] TestRefinement#test_privatizing_refined_method = 0.01 s
[ 51/119] TestRefinement#test_refine_inherited_method_with_visibility_changes = 0.20 s
[ 52/119] TestRefinement#test_refine_in_using = 0.01 s
[ 53/119] TestRefinement#test_refine_neither_class_nor_module = 0.02 s
[ 54/119] TestRefinement#test_super_to_module = 0.01 s
[ 55/119] TestRefinement#test_module_inclusion = 0.01 s
[ 56/119] TestRefinement#test_module_using_in_method = 0.01 s
[ 57/119] TestRefinement#test_module_using = 0.02 s
[ 58/119] TestRefinement#test_undef_original_method = 2.37 s
[ 59/119] TestRefinement#test_super_in_block = 0.08 s
[ 60/119] TestRefinement#test_method_should_use_refinements = 0.19 s
[ 61/119] TestRefinement#test_super_not_chained = 0.01 s
[ 62/119] TestRefinement#test_main_using = 2.37 s
[ 63/119] TestRefinement#test_builtin_method_no_local_rebinding = 0.13 s
[ 64/119] TestRefinement#test_method_defined = 0.01 s
[ 65/119] TestRefinement#test_no_local_rebinding = 0.01 s
[ 66/119] TestRefinement#test_refine_same_class_twice = 0.12 s
[ 67/119] TestRefinement#test_refine_prepended_module = 0.01 s
[ 68/119] TestRefinement#test_redefining_refined_for_prepended_class = 0.07 s
[ 69/119] TestRefinement#test_refine_with_prepend = 11.43 s
[ 70/119] TestRefinement#test_defining_after_cached = 0.07 s
[ 71/119] TestRefinement#test_module_using_invalid_self = 0.03 s
[ 72/119] TestRefinement#test_case_dispatch_is_aware_of_refinements = 2.73 s
[ 73/119] TestRefinement#test_subclass_is_prior = 0.02 s
[ 74/119] TestRefinement#test_warn_setconst_in_refinmenet = 2.34 s
[ 75/119] TestRefinement#test_refine_undefed_method_and_call = 2.36 s
[ 76/119] TestRefinement#test_using_method_cache = 2.41 s
[ 77/119] TestRefinement#test_ancestors = 0.01 s
[ 78/119] TestRefinement#test_alias_refined_method2 = 2.38 s
[ 79/119] TestRefinement#test_mixed_using = 0.03 s
[ 80/119] TestRefinement#test_refine_recursion = 0.15 s
[ 81/119] TestRefinement#test_adding_private_method = 2.38 s
[ 82/119] TestRefinement#test_call_refined_method_in_duplicate_module = 2.39 s
[ 83/119] TestRefinement#test_using_wrong_argument = 22.74 s
[ 84/119] TestRefinement#test_remove_refined_method = 11.44 s
[ 85/119] TestRefinement#test_refine_prepended_class = 0.08 s
[ 86/119] TestRefinement#test_refine_without_block = 0.02 s
[ 87/119] TestRefinement#test_method_missing = 0.02 s
[ 88/119] TestRefinement#test_module_eval = 0.02 s
[ 89/119] TestRefinement#test_super_from_refined_module = 0.08 s
[ 90/119] TestRefinement#test_used_refinements = 0.01 s
[ 91/119] TestRefinement#test_refine_frozen_class = 0.22 s
[ 92/119] TestRefinement#test_override = 0.01 s
[ 93/119] TestRefinement#test_include_into_refinement = 0.01 s
[ 94/119] TestRefinement#test_public_in_refine = 11.50 s
[ 95/119] TestRefinement#test_unused_refinement_for_module = 2.36 s
[ 96/119] TestRefinement#test_dsym_literal = 0.02 s
[ 97/119] TestRefinement#test_eval_with_binding_scoping = 3.18 s
[ 98/119] TestRefinement#test_used_modules = 0.01 s
[ 99/119] TestRefinement#test_import_methods = 0.02 s
[100/119] TestRefinement#test_undefined_refined_method_defined = 11.60 s
[101/119] TestRefinement#test_making_private_method_public = 2.38 s
[102/119] TestRefinement#test_no_kernel_using = 0.02 s
[103/119] TestRefinement#test_inherit_singleton_methods_of_module = 0.01 s
[104/119] TestRefinement#test_remove_undefined_refined_method = 11.46 s
[105/119] TestRefinement#test_funcall_inherited = 0.64 s
[106/119] TestRefinement#test_refined_method_defined = 11.61 s
[107/119] TestRefinement#test_refine_after_using = 11.44 s
[108/119] TestRefinement#test_refine_mutual_recursion = 0.08 s
[109/119] TestRefinement#test_refine_basic_object = 22.79 s
[110/119] TestRefinement#test_module_inclusion2 = 0.02 s
[111/119] TestRefinement#test_new_method = 0.02 s
[112/119] TestRefinement#test_reopen_refinement_module = 11.56 s
[113/119] TestRefinement#test_main_using_is_private = 0.02 s
[114/119] TestRefinement#test_using_in_module = 0.03 s
[115/119] TestRefinement#test_singleton_method_should_not_use_refinements = 11.47 s
[116/119] TestRefinement#test_unbound_refine_method = 1.22 s
[117/119] TestRefinement#test_refined_method_alias_warning = 0.07 s
[118/119] TestRefinement#test_prepend_after_refine = 0.12 s
[119/119] TestRefinement#test_send_should_use_refinements = 0.02 s
Finished tests in 563.597890s, 0.2111 tests/s, 1.0486 assertions/s.
119 tests, 591 assertions, 0 failures, 0 errors, 0 skips

ruby -v: ruby 3.4.1 (2025-06-14 revision 742e381c9f) +PRISM [riscv64-freebsd]
end time: 2025-06-21T21:18:15
----------------------------------------
Running test: ../test/ruby/test_nomethod_error.rb
start time: 2025-06-21T21:18:15
Run options:
  "--ruby=./miniruby -I../lib -I. -I.ext/common  ../tool/runruby.rb --extout=.ext  -- --disable-gems
"
  --excludes-dir=../test/.excludes
  --name=!/memory_leak/
  -s
  3216
  --timeout-scale
  10
  --worker-timeout=100
  -v

# Running tests:

[1/8] TestNoMethodError#test_new_name_args = 0.04 s
[2/8] TestNoMethodError#test_new_name = 0.01 s
[3/8] TestNoMethodError#test_new_name_args_priv = 0.01 s
[4/8] TestNoMethodError#test_message_encoding = 0.04 s
[5/8] TestNoMethodError#test_to_s = 0.02 s
[6/8] TestNoMethodError#test_new_default = 0.01 s
[7/8] TestNoMethodError#test_new_receiver = 0.04 s
[8/8] TestNoMethodError#test_new_message = 0.01 s
Finished tests in 1.646546s, 4.8587 tests/s, 27.9373 assertions/s.
8 tests, 46 assertions, 0 failures, 0 errors, 0 skips

ruby -v: ruby 3.4.1 (2025-06-14 revision 742e381c9f) +PRISM [riscv64-freebsd]
end time: 2025-06-21T21:18:35
----------------------------------------
Running test: ../test/ruby/test_iterator.rb
start time: 2025-06-21T21:18:35
Run options:
  "--ruby=./miniruby -I../lib -I. -I.ext/common  ../tool/runruby.rb --extout=.ext  -- --disable-gems
"
  --excludes-dir=../test/.excludes
  --name=!/memory_leak/
  -s
  3216
  --timeout-scale
  10
  --worker-timeout=100
  -v

# Running tests:

[ 1/32] TestIterator#test_iter_test2 = 0.03 s
[ 2/32] TestIterator#test_itertest = 0.04 s
[ 3/32] TestIterator#test_collect = 0.01 s
[ 4/32] TestIterator#test_break_from_enum = 0.01 s
[ 5/32] TestIterator#test_assoc_yield = 0.02 s
[ 6/32] TestIterator#test_argument = 0.06 s
[ 7/32] TestIterator#test_block_passing = 0.01 s
[ 8/32] TestIterator#test_array_for_masgn = 0.01 s
[ 9/32] TestIterator#test_yield_vs_call = 0.01 s
[10/32] TestIterator#test_break = 0.01 s
[11/32] TestIterator#test_return_trace_func = 0.41 s
[12/32] TestIterator#test_enumerator = 0.03 s
[13/32] TestIterator#test_break__nested_loop2 = 0.01 s
[14/32] TestIterator#test_return2 = 0.01 s
[15/32] TestIterator#test_array = 0.01 s
[16/32] TestIterator#test_block_given_within_iterator = 0.01 s
[17/32] TestIterator#test_proc_return2 = 0.01 s
[18/32] TestIterator#test_yield_at_toplevel = 11.40 s
[19/32] TestIterator#test_marity = 0.02 s
[20/32] TestIterator#test_return1 = 0.01 s
[21/32] TestIterator#test_proc_return1 = 0.01 s
[22/32] TestIterator#test_block_argument_without_paren = 0.01 s
[23/32] TestIterator#test_append_method_to_built_in_class = 0.01 s
[24/32] TestIterator#test_block_given = 0.01 s
[25/32] TestIterator#test_break__nested_loop3 = 0.01 s
[26/32] TestIterator#test_break__nested_loop1 = 0.01 s
[27/32] TestIterator#test_block = 0.01 s
[28/32] TestIterator#test_ljump = 0.02 s
[29/32] TestIterator#test_nested_iterator = 0.01 s
[30/32] TestIterator#test_iter4 = 0.01 s
[31/32] TestIterator#test_get_block = 0.05 s
[32/32] TestIterator#test_proc = 0.01 s
Finished tests in 15.160563s, 2.1107 tests/s, 12.4006 assertions/s.
32 tests, 188 assertions, 0 failures, 0 errors, 0 skips

ruby -v: ruby 3.4.1 (2025-06-14 revision 742e381c9f) +PRISM [riscv64-freebsd]
end time: 2025-06-21T21:19:09
----------------------------------------
Running test: ../test/ruby/test_lambda.rb
start time: 2025-06-21T21:19:09
Run options:
  "--ruby=./miniruby -I../lib -I. -I.ext/common  ../tool/runruby.rb --extout=.ext  -- --disable-gems
"
  --excludes-dir=../test/.excludes
  --name=!/memory_leak/
  -s
  3216
  --timeout-scale
  10
  --worker-timeout=100
  -v

# Running tests:

[ 1/27] TestLambdaParameters#test_proc_inside_lambda_inside_method_return_inside_lambda_outside_meth
od = 0.04 s
[ 2/27] TestLambdaParameters#test_not_orphan_return = 0.02 s
[ 3/27] TestLambdaParameters#test_lambda_as_iterator = 0.04 s
[ 4/27] TestLambdaParameters#test_instance_exec_return = 0.01 s
[ 5/27] TestLambdaParameters#test_proc_inside_lambda_inside_method_return_outside_lambda_outside_met
hod = 0.02 s
[ 6/27] TestLambdaParameters#test_brace_lambda_source_location = 0.01 s
[ 7/27] TestLambdaParameters#test_call_rest_args = 0.03 s
[ 8/27] TestLambdaParameters#test_proc_inside_lambda_inside_method_return_outside_lambda_inside_meth
od = 0.02 s
[ 9/27] TestLambdaParameters#test_in_basic_object = 0.01 s
[10/27] TestLambdaParameters#test_break = 0.01 s
[11/27] TestLambdaParameters#test_call_simple = 0.14 s
[12/27] TestLambdaParameters#test_proc_inside_lambda2_inside_method_return_outside_lambda1_inside_me
thod = 0.02 s
[13/27] TestLambdaParameters#test_call_opt_args = 0.05 s
[14/27] TestLambdaParameters#test_instance_eval_return = 0.01 s
[15/27] TestLambdaParameters#test_not_orphan_next = 0.01 s
[16/27] TestLambdaParameters#test_instance_exec = 0.01 s
[17/27] TestLambdaParameters#test_proc_inside_lambda_inside_method_return_inside_lambda_inside_metho
d = 0.01 s
[18/27] TestLambdaParameters#test_arity_error = 0.02 s
[19/27] TestLambdaParameters#test_call_rest_and_opt = 0.03 s
[20/27] TestLambdaParameters#test_location_on_error = 0.05 s
[21/27] TestLambdaParameters#test_proc_inside_lambda_toplevel = 11.90 s
[22/27] TestLambdaParameters#test_do_lambda_source_location = 0.01 s
[23/27] TestLambdaParameters#test_not_orphan_break = 0.02 s
[24/27] TestLambdaParameters#test_call_with_block = 0.02 s
[25/27] TestLambdaParameters#test_exact_parameter = 0.02 s
[26/27] TestLambdaParameters#test_return = 0.01 s
[27/27] TestLambdaParameters#test_call_block_from_lambda = 0.02 s
Finished tests in 14.754608s, 1.8299 tests/s, 9.0819 assertions/s.
27 tests, 134 assertions, 0 failures, 0 errors, 0 skips

ruby -v: ruby 3.4.1 (2025-06-14 revision 742e381c9f) +PRISM [riscv64-freebsd]
end time: 2025-06-21T21:19:43
----------------------------------------
Running test: ../test/ruby/test_compile_prism.rb
start time: 2025-06-21T21:19:43
Run options:
  "--ruby=./miniruby -I../lib -I. -I.ext/common  ../tool/runruby.rb --extout=.ext  -- --disable-gems
"
  --excludes-dir=../test/.excludes
  --name=!/memory_leak/
  -s
  3216
  --timeout-scale
  10
  --worker-timeout=100
  -v

# Running tests:

[  1/180] Prism::TestCompilePrism#test_InstanceVariableOperatorWriteNode = 0.07 s
[  2/180] Prism::TestCompilePrism#test_repeated_required_keyword_underscore = 0.09 s
[  3/180] Prism::TestCompilePrism#test_forward_parameters_block = 0.04 s
[  4/180] Prism::TestCompilePrism#test_MultiTargetNode = 0.28 s
[  5/180] Prism::TestCompilePrism#test_StringNode = 0.05 s
[  6/180] Prism::TestCompilePrism#test_ConstantPathTargetNode = 11.42 s
[  7/180] Prism::TestCompilePrism#test_repeated_splat_underscore = 0.06 s
[  8/180] Prism::TestCompilePrism#test_ForNode = 0.19 s
[  9/180] Prism::TestCompilePrism#test_repeated_kw_rest_underscore = 0.04 s
[ 10/180] Prism::TestCompilePrism#test_ConstantTargetNode = 0.02 s
[ 11/180] Prism::TestCompilePrism#test_repeated_required_underscore = 0.05 s
[ 12/180] Prism::TestCompilePrism#test_IntegerNode = 1.16 s
[ 13/180] Prism::TestCompilePrism#test_star_parameters = 0.04 s
[ 14/180] Prism::TestCompilePrism#test_GlobalVariableOrWriteNode = 0.03 s
[ 15/180] Prism::TestCompilePrism#test_LocalVariableAndWriteNode = 0.03 s
[ 16/180] Prism::TestCompilePrism#test_RescueNode = 0.52 s
[ 17/180] Prism::TestCompilePrism#test_InterpolatedXStringNode = 0.07 s
[ 18/180] Prism::TestCompilePrism#test_concatenated_StringNode = 0.05 s
[ 19/180] Prism::TestCompilePrism#test_RestParameterNode = 0.03 s
[ 20/180] Prism::TestCompilePrism#test_GlobalVariableReadNode = 0.03 s
[ 21/180] Prism::TestCompilePrism#test_ClassVariableTargetNode = 0.04 s
[ 22/180] Prism::TestCompilePrism#test_WhileNode = 0.11 s
[ 23/180] Prism::TestCompilePrism#test_LocalVariableReadNode = 0.03 s
[ 24/180] Prism::TestCompilePrism#test_BlockParametersNode = 0.14 s
[ 25/180] Prism::TestCompilePrism#test_break_runs_ensure = 0.05 s
[ 26/180] Prism::TestCompilePrism#test_ArrayNode = 0.89 s
[ 27/180] Prism::TestCompilePrism#test_GlobalVariableWriteNode = 0.02 s
[ 28/180] Prism::TestCompilePrism#test_GlobalVariableOperatorWriteNode = 0.03 s
[ 29/180] Prism::TestCompilePrism#test_StatementsNode = 0.02 s
[ 30/180] Prism::TestCompilePrism#test_LocalVariableWriteNode = 0.10 s
[ 31/180] Prism::TestCompilePrism#test_NoKeywordsParameterNode = 0.05 s
[ 32/180] Prism::TestCompilePrism#test_RedoNode = 0.12 s
[ 33/180] Prism::TestCompilePrism#test_PreExecutionNode = 0.03 s
[ 34/180] Prism::TestCompilePrism#test_keyword_method_params_with_splat = 0.04 s
[ 35/180] Prism::TestCompilePrism#test_InstanceVariableWriteNode = 0.04 s
[ 36/180] Prism::TestCompilePrism#test_ForwardingArgumentsNode = 0.12 s
[ 37/180] Prism::TestCompilePrism#test_keyword_method_params_only = 0.04 s
[ 38/180] Prism::TestCompilePrism#test_SourceLineNode = 0.02 s
[ 39/180] Prism::TestCompilePrism#test_LocalVariableTargetNode = 0.06 s
[ 40/180] Prism::TestCompilePrism#test_AssocSplatNode = 0.72 s
[ 41/180] Prism::TestCompilePrism#test_AlternationPatternNode = 0.09 s
[ 42/180] Prism::TestCompilePrism#test_InterpolatedStringNode = 0.16 s
[ 43/180] Prism::TestCompilePrism#test_ClassVariableOrWriteNode = 0.06 s
[ 44/180] Prism::TestCompilePrism#test_PinnedExpressionNode = 0.03 s
[ 45/180] Prism::TestCompilePrism#test_RescueModifierNode = 0.14 s
[ 46/180] Prism::TestCompilePrism#test_ensure_in_methods = 0.39 s
[ 47/180] Prism::TestCompilePrism#test_BlockNode = 0.35 s
[ 48/180] Prism::TestCompilePrism#test_GlobalVariableAndWriteNode = 0.03 s
[ 49/180] Prism::TestCompilePrism#test_ReturnNode = 0.18 s
[ 50/180] Prism::TestCompilePrism#test_AssocNode = 0.63 s
[ 51/180] Prism::TestCompilePrism#test_BreakNode = 0.11 s
[ 52/180] Prism::TestCompilePrism#test_MissingNode = 0.01 s
[ 53/180] Prism::TestCompilePrism#test_method_parameters = 0.13 s
[ 54/180] Prism::TestCompilePrism#test_FindPatternNode = 7.23 s
[ 55/180] Prism::TestCompilePrism#test_repeated_method_params = 0.04 s
[ 56/180] Prism::TestCompilePrism#test_ConstantAndWriteNode = 0.03 s
[ 57/180] Prism::TestCompilePrism#test_SuperNode = 0.12 s
[ 58/180] Prism::TestCompilePrism#test_ConstantPathOperatorWriteNode = 0.68 s
[ 59/180] Prism::TestCompilePrism#test_pow_parameters = 0.03 s
[ 60/180] Prism::TestCompilePrism#test_KeywordRestParameterNode = 0.09 s
[ 61/180] Prism::TestCompilePrism#test_ImaginaryNode = 0.06 s
[ 62/180] Prism::TestCompilePrism#test_repeated_block_underscore = 0.04 s
[ 63/180] Prism::TestCompilePrism#test_HashPatternNode = 2.45 s
[ 64/180] Prism::TestCompilePrism#test_encoding = 0.05 s
[ 65/180] Prism::TestCompilePrism#test_ConstantWriteNode = 0.01 s
[ 66/180] Prism::TestCompilePrism#test_CallOrWriteNode = 0.99 s
[ 67/180] Prism::TestCompilePrism#test_InterpolatedMatchLastLineNode = 0.04 s
[ 68/180] Prism::TestCompilePrism#test_SingletonClassNode = 0.03 s
[ 69/180] Prism::TestCompilePrism#test_ClassVariableAndWriteNode = 0.03 s
[ 70/180] Prism::TestCompilePrism#test_BlockLocalVariableNode = 0.06 s
[ 71/180] Prism::TestCompilePrism#test_PinnedVariableNode = 0.13 s
[ 72/180] Prism::TestCompilePrism#test_positional_with_splat_and_keyword_method_params = 0.04 s
[ 73/180] Prism::TestCompilePrism#test_trailing_keyword_method_params = 0.04 s
[ 74/180] Prism::TestCompilePrism#test_HashNode = 0.25 s
[ 75/180] Prism::TestCompilePrism#test_ImplicitNode = 0.03 s
[ 76/180] Prism::TestCompilePrism#test_leading_splat_and_keyword_method_params = 0.06 s
[ 77/180] Prism::TestCompilePrism#test_CaseNode = 0.39 s
[ 78/180] Prism::TestCompilePrism#test_FowardingParameterNode = 0.03 s
[ 79/180] Prism::TestCompilePrism#test_UndefNode = 0.12 s
[ 80/180] Prism::TestCompilePrism#test_PostExecutionNode = 0.19 s
[ 81/180] Prism::TestCompilePrism#test_RationalNode = 0.04 s
[ 82/180] Prism::TestCompilePrism#test_RangeNode = 1.33 s
[ 83/180] Prism::TestCompilePrism#test_ConstantReadNode = 0.02 s
[ 84/180] Prism::TestCompilePrism#test_EmbeddedVariableNode = 0.08 s
[ 85/180] Prism::TestCompilePrism#test_KeywordHashNode = 0.03 s
[ 86/180] Prism::TestCompilePrism#test_RegularExpressionNode = 1.09 s
[ 87/180] Prism::TestCompilePrism#test_YieldNode = 0.12 s
[ 88/180] Prism::TestCompilePrism#test_ClassNode = 0.12 s
[ 89/180] Prism::TestCompilePrism#test_LambdaNode = 0.03 s
[ 90/180] Prism::TestCompilePrism#test_SymbolNode = 0.05 s
[ 91/180] Prism::TestCompilePrism#test_ConstantPathAndWriteNode = 0.07 s
[ 92/180] Prism::TestCompilePrism#test_RequiredKeywordParameterNode = 0.08 s
[ 93/180] Prism::TestCompilePrism#test_DefNode = 1.67 s
[ 94/180] Prism::TestCompilePrism#test_UnlessNode = 0.07 s
[ 95/180] Prism::TestCompilePrism#test_InstanceVariableReadNode = 0.03 s
[ 96/180] Prism::TestCompilePrism#test_ConstantOrWriteNode = 0.03 s
[ 97/180] Prism::TestCompilePrism#test_ForwardingSuperNode = 0.12 s
[ 98/180] Prism::TestCompilePrism#test_EnsureNode = 1.02 s
[ 99/180] Prism::TestCompilePrism#test_positional_and_splat_method_params = 0.04 s
[100/180] Prism::TestCompilePrism#test_rescue_with_ensure = 0.06 s
[101/180] Prism::TestCompilePrism#test_required_kwarg_ordering = 0.03 s
[102/180] Prism::TestCompilePrism#test_CaseMatchNode = 0.22 s
[103/180] Prism::TestCompilePrism#test_NextNode = 0.22 s
[104/180] Prism::TestCompilePrism#test_MatchLastLineNode = 0.99 s
[105/180] Prism::TestCompilePrism#test_parse_file = 0.69 s
[106/180] Prism::TestCompilePrism#test_ConstantOperatorWriteNode = 0.03 s
[107/180] Prism::TestCompilePrism#test_RequiredParameterNode = 0.05 s
[108/180] Prism::TestCompilePrism#test_OptionalKeywordParameterNode = 0.16 s
[109/180] Prism::TestCompilePrism#test_SplatNode = 0.26 s
[110/180] Prism::TestCompilePrism#test_LocalVariableOrWriteNode = 0.02 s
[111/180] Prism::TestCompilePrism#test_TrueNode = 0.02 s
[112/180] Prism::TestCompilePrism#test_positional_and_splat_keyword_method_params = 0.69 s
[113/180] Prism::TestCompilePrism#test_OrNode = 0.04 s
[114/180] Prism::TestCompilePrism#test_BeginNode = 0.04 s
[115/180] Prism::TestCompilePrism#test_ParametersNode = 0.05 s
[116/180] Prism::TestCompilePrism#test_EmbeddedStatementsNode = 0.03 s
[117/180] Prism::TestCompilePrism#test_InterpolatedRegularExpressionNode = 0.10 s
[118/180] Prism::TestCompilePrism#test_ClassVariableReadNode = 0.03 s
[119/180] Prism::TestCompilePrism#test_BlockArgumentNode = 0.06 s
[120/180] Prism::TestCompilePrism#test_ParenthesesNode = 0.04 s
[121/180] Prism::TestCompilePrism#test_repeated_proc_params = 0.04 s
[122/180] Prism::TestCompilePrism#test_LambdaNode_with_multiline_args = 0.03 s
[123/180] Prism::TestCompilePrism#test_ArrayPatternNode = 3.58 s
[124/180] Prism::TestCompilePrism#test_positional_with_splat_and_splat_keyword_method_params = 0.05
s
[125/180] Prism::TestCompilePrism#test_splat_params_with_no_lefties = 0.03 s
[126/180] Prism::TestCompilePrism#test_locals_in_parameters = 0.04 s
[127/180] Prism::TestCompilePrism#test_forward_parameters = 0.03 s
[128/180] Prism::TestCompilePrism#test_OptionalParameterNode = 0.03 s
[129/180] Prism::TestCompilePrism#test_repeated_block_params = 0.04 s
[130/180] Prism::TestCompilePrism#test_MatchPredicateNode = 0.57 s
[131/180] Prism::TestCompilePrism#test_MultiWriteNode = 1.51 s
[132/180] Prism::TestCompilePrism#test_XStringNode = 0.04 s
[133/180] Prism::TestCompilePrism#test_GlobalVariableTargetNode = 0.03 s
[134/180] Prism::TestCompilePrism#test_StringNode_frozen_string_literal_true = 0.03 s
[135/180] Prism::TestCompilePrism#test_ClassVariableWriteNode = 0.03 s
[136/180] Prism::TestCompilePrism#test_InstanceVariableAndWriteNode = 0.03 s
[137/180] Prism::TestCompilePrism#test_InterpolatedSymbolNode = 0.05 s
[138/180] Prism::TestCompilePrism#test_CallNode = 1.26 s
[139/180] Prism::TestCompilePrism#test_trailing_comma_on_block = 0.04 s
[140/180] Prism::TestCompilePrism#test_CallOperatorWriteNode = 0.05 s
[141/180] Prism::TestCompilePrism#test_InstanceVariableOrWriteNode = 0.02 s
[142/180] Prism::TestCompilePrism#test_FloatNode = 0.07 s
[143/180] Prism::TestCompilePrism#test_complex_default_params = 0.07 s
[144/180] Prism::TestCompilePrism#test_BackReferenceReadNode = 0.02 s
[145/180] Prism::TestCompilePrism#test_BlockParameterNode = 0.09 s
[146/180] Prism::TestCompilePrism#test_InstanceVariableTargetNode = 0.03 s
[147/180] Prism::TestCompilePrism#test_AndNode = 0.04 s
[148/180] Prism::TestCompilePrism#test_NumberedReferenceReadNode = 0.04 s
[149/180] Prism::TestCompilePrism#test_ScopeNode = 11.45 s
[150/180] Prism::TestCompilePrism#test_ElseNode = 0.11 s
[151/180] Prism::TestCompilePrism#test_repeated_required_post_underscore = 0.05 s
[152/180] Prism::TestCompilePrism#test_SelfNode = 0.03 s
[153/180] Prism::TestCompilePrism#test_ClassVariableOperatorWriteNode = 1.06 s
[154/180] Prism::TestCompilePrism#test_ConstantPathNode = 0.03 s
[155/180] Prism::TestCompilePrism#test_ConstantPathOrWriteNode = 0.09 s
[156/180] Prism::TestCompilePrism#test_repeated_optional_underscore = 0.04 s
[157/180] Prism::TestCompilePrism#test_SourceFileNode = 0.03 s
[158/180] Prism::TestCompilePrism#test_ProgramNode = 0.05 s
[159/180] Prism::TestCompilePrism#test_StringNode_frozen_string_literal_false = 0.04 s
[160/180] Prism::TestCompilePrism#test_CapturePatternNode = 0.06 s
[161/180] Prism::TestCompilePrism#test_RetryNode = 0.11 s
[162/180] Prism::TestCompilePrism#test_StringNode_frozen_string_literal_default = 0.05 s
[163/180] Prism::TestCompilePrism#test_ConstantPathWriteNode = 0.05 s
[164/180] Prism::TestCompilePrism#test_SourceEncodingNode = 0.02 s
[165/180] Prism::TestCompilePrism#test_FalseNode = 0.02 s
[166/180] Prism::TestCompilePrism#test_numbered_params = 0.06 s
[167/180] Prism::TestCompilePrism#test_ModuleNode = 0.08 s
[168/180] Prism::TestCompilePrism#test_NilNode = 0.03 s
[169/180] Prism::TestCompilePrism#test_AliasGlobalVariableNode = 0.03 s
[170/180] Prism::TestCompilePrism#test_AliasMethodNode = 0.03 s
[171/180] Prism::TestCompilePrism#test_UntilNode = 0.21 s
[172/180] Prism::TestCompilePrism#test_ArgumentsNode = 0.01 s
[173/180] Prism::TestCompilePrism#test_MatchRequiredNode = 1.19 s
[174/180] Prism::TestCompilePrism#test_DefinedNode = 3.07 s
[175/180] Prism::TestCompilePrism#test_FlipFlopNode = 0.05 s
[176/180] Prism::TestCompilePrism#test_MatchWriteNode = 0.79 s
[177/180] Prism::TestCompilePrism#test_IfNode = 0.19 s
[178/180] Prism::TestCompilePrism#test_eval = 0.17 s
[179/180] Prism::TestCompilePrism#test_CallAndWriteNode = 0.20 s
[180/180] Prism::TestCompilePrism#test_LocalVariableOperatorWriteNode = 0.03 s
Finished tests in 79.936130s, 2.2518 tests/s, 27.7096 assertions/s.
180 tests, 2215 assertions, 0 failures, 0 errors, 0 skips

ruby -v: ruby 3.4.1 (2025-06-14 revision 742e381c9f) +PRISM [riscv64-freebsd]
end time: 2025-06-21T21:21:22
----------------------------------------
Running test: ../test/ruby/test_sprintf.rb
start time: 2025-06-21T21:21:22
Run options:
  "--ruby=./miniruby -I../lib -I. -I.ext/common  ../tool/runruby.rb --extout=.ext  -- --disable-gems
"
  --excludes-dir=../test/.excludes
  --name=!/memory_leak/
  -s
  3216
  --timeout-scale
  10
  --worker-timeout=100
  -v

# Running tests:

[ 1/33] TestSprintf#test_rational = 86.20 s
[ 2/33] TestSprintf#test_named_typed_enc = 0.11 s
[ 3/33] TestSprintf#test_width_underflow = 0.01 s
[ 4/33] TestSprintf#test_named_typed = 0.03 s
[ 5/33] TestSprintf#test_bignum = 0.01 s
[ 6/33] TestSprintf#test_float = 0.01 s
[ 7/33] TestSprintf#test_star = 0.03 s
[ 8/33] TestSprintf#test_hash = 0.01 s
[ 9/33] TestSprintf#test_string = 0.01 s
[10/33] TestSprintf#test_positional = 0.01 s
[11/33] TestSprintf#test_inspect = 0.01 s
[12/33] TestSprintf#test_float_prec = 0.02 s
[13/33] TestSprintf#test_inf = 0.06 s
[14/33] TestSprintf#test_float2 = 0.01 s
[15/33] TestSprintf#test_char = 0.02 s
[16/33] TestSprintf#test_named_with_nil = 0.01 s
[17/33] TestSprintf#test_binary_format_coderange = 1.05 s
[18/33] TestSprintf#test_percent_sign_at_end = 0.02 s
[19/33] TestSprintf#test_coderange = 0.01 s
[20/33] TestSprintf#test_rational_precision = 0.01 s
[21/33] TestSprintf#test_float_hex = 0.04 s
[22/33] TestSprintf#test_nan = 0.03 s
[23/33] TestSprintf#test_integer = 0.03 s
[24/33] TestSprintf#test_negative_hex = 0.01 s
[25/33] TestSprintf#test_rb_sprintf = 0.01 s
[26/33] TestSprintf#test_named_untyped_enc = 0.06 s
[27/33] TestSprintf#test_negative_width_overflow = 0.02 s
[28/33] TestSprintf#test_named_default = 0.01 s
[29/33] TestSprintf#test_escape = 0.01 s
[30/33] TestSprintf#test_binary = 0.06 s
[31/33] TestSprintf#test_invalid = 0.06 s
[32/33] TestSprintf#test_named_untyped = 0.03 s
[33/33] TestSprintf#test_skip = 0.01 s
Finished tests in 90.471089s, 0.3648 tests/s, 417.0725 assertions/s.
33 tests, 37733 assertions, 0 failures, 0 errors, 0 skips

ruby -v: ruby 3.4.1 (2025-06-14 revision 742e381c9f) +PRISM [riscv64-freebsd]
end time: 2025-06-21T21:23:12
----------------------------------------
Running test: ../test/ruby/test_lazy_enumerator.rb
start time: 2025-06-21T21:23:12
Run options:
  "--ruby=./miniruby -I../lib -I. -I.ext/common  ../tool/runruby.rb --extout=.ext  -- --disable-gems
"
  --excludes-dir=../test/.excludes
  --name=!/memory_leak/
  -s
  3216
  --timeout-scale
  10
  --worker-timeout=100
  -v

# Running tests:

[ 1/64] TestLazyEnumerator#test_cycle = 0.04 s
[ 2/64] TestLazyEnumerator#test_lazy_to_enum_lazy_methods = 4.29 s
[ 3/64] TestLazyEnumerator#test_grep_v = 0.02 s
[ 4/64] TestLazyEnumerator#test_zip = 0.02 s
[ 5/64] TestLazyEnumerator#test_zip_short_arg = 0.03 s
[ 6/64] TestLazyEnumerator#test_grep = 0.02 s
[ 7/64] TestLazyEnumerator#test_drop_while = 0.02 s
[ 8/64] TestLazyEnumerator#test_select_multiple_values = 0.02 s
[ 9/64] TestLazyEnumerator#test_take_while = 0.02 s
[10/64] TestLazyEnumerator#test_flat_map_hash = 0.02 s
[11/64] TestLazyEnumerator#test_grep_with_block = 0.01 s
[12/64] TestLazyEnumerator#test_uniq = 0.02 s
[13/64] TestLazyEnumerator#test_with_index_size = 0.01 s
[14/64] TestLazyEnumerator#test_drop_nested = 0.04 s
[15/64] TestLazyEnumerator#test_grep_multiple_values = 0.02 s
[16/64] TestLazyEnumerator#test_map_packed_nested = 0.01 s
[17/64] TestLazyEnumerator#test_each_slice_limit = 0.01 s
[18/64] TestLazyEnumerator#test_drop = 0.02 s
[19/64] TestLazyEnumerator#test_zip_lazy_on_args = 0.02 s
[20/64] TestLazyEnumerator#test_lazy_zip_map_yield_arity_bug_20623 = 0.01 s
[21/64] TestLazyEnumerator#test_zip_map_lambda_bug_19569 = 0.01 s
[22/64] TestLazyEnumerator#test_inspect = 0.05 s
[23/64] TestLazyEnumerator#test_filter_map = 0.02 s
[24/64] TestLazyEnumerator#test_with_index = 0.51 s
[25/64] TestLazyEnumerator#test_drop_and_take = 0.02 s
[26/64] TestLazyEnumerator#test_no_warnings = 0.04 s
[27/64] TestLazyEnumerator#test_reject_multiple_values = 0.02 s
[28/64] TestLazyEnumerator#test_require_block = 0.41 s
[29/64] TestLazyEnumerator#test_each_args = 0.01 s
[30/64] TestLazyEnumerator#test_grep_v_multiple_values = 0.02 s
[31/64] TestLazyEnumerator#test_take_nested = 0.03 s
[32/64] TestLazyEnumerator#test_cycle_with_block = 0.01 s
[33/64] TestLazyEnumerator#test_flat_map = 0.01 s
[34/64] TestLazyEnumerator#test_lazy_to_enum = 0.01 s
[35/64] TestLazyEnumerator#test_force = 0.01 s
[36/64] TestLazyEnumerator#test_initialize = 0.02 s
[37/64] TestLazyEnumerator#test_flat_map_non_array = 0.01 s
[38/64] TestLazyEnumerator#test_zip_bad_arg = 0.01 s
[39/64] TestLazyEnumerator#test_zip_nested = 0.04 s
[40/64] TestLazyEnumerator#test_map_zip = 81.45 s
[41/64] TestLazyEnumerator#test_take_0_bug_18971 = 0.08 s
[42/64] TestLazyEnumerator#test_cycle_chain = 0.03 s
[43/64] TestLazyEnumerator#test_lazy_eager = 0.02 s
[44/64] TestLazyEnumerator#test_grep_v_with_block = 0.02 s
[45/64] TestLazyEnumerator#test_take_bad_arg = 0.01 s
[46/64] TestLazyEnumerator#test_zip_efficient_on_array_args = 0.01 s
[47/64] TestLazyEnumerator#test_take_recycle = 0.02 s
[48/64] TestLazyEnumerator#test_zip_without_arg = 0.08 s
[49/64] TestLazyEnumerator#test_map = 0.01 s
[50/64] TestLazyEnumerator#test_drop_while_nested = 0.03 s
[51/64] TestLazyEnumerator#test_laziness_conservation = 0.03 s
[52/64] TestLazyEnumerator#test_size = 0.07 s
[53/64] TestLazyEnumerator#test_zip_nonsingle = 0.02 s
[54/64] TestLazyEnumerator#test_flat_map_take = 0.01 s
[55/64] TestLazyEnumerator#test_zip_with_block = 0.02 s
[56/64] TestLazyEnumerator#test_each_line = 0.12 s
[57/64] TestLazyEnumerator#test_reject = 0.02 s
[58/64] TestLazyEnumerator#test_flat_map_nested = 0.02 s
[59/64] TestLazyEnumerator#test_take_rewound = 0.02 s
[60/64] TestLazyEnumerator#test_select = 0.02 s
[61/64] TestLazyEnumerator#test_take = 0.02 s
[62/64] TestLazyEnumerator#test_flat_map_to_ary = 0.02 s
[63/64] TestLazyEnumerator#test_each_cons_limit = 0.01 s
[64/64] TestLazyEnumerator#test_symbol_chain = 0.02 s
Finished tests in 92.260694s, 0.6937 tests/s, 5.0401 assertions/s.
64 tests, 465 assertions, 0 failures, 0 errors, 0 skips

ruby -v: ruby 3.4.1 (2025-06-14 revision 742e381c9f) +PRISM [riscv64-freebsd]
end time: 2025-06-21T21:25:03
----------------------------------------
Running test: ../test/ruby/beginmainend.rb
start time: 2025-06-21T21:25:03
b1
b2-1
b2
main
b3-1
b3
b4
Run options:
  "--ruby=./miniruby -I../lib -I. -I.ext/common  ../tool/runruby.rb --extout=.ext  -- --disable-gems
"
  --excludes-dir=../test/.excludes
  --name=!/memory_leak/
  -s
  3216
  --timeout-scale
  10
  --worker-timeout=100
  -v

# Running tests:

Finished tests in 1.020093s, 0.0000 tests/s, 0.0000 assertions/s.
0 tests, 0 assertions, 0 failures, 0 errors, 0 skips

ruby -v: ruby 3.4.1 (2025-06-14 revision 742e381c9f) +PRISM [riscv64-freebsd]
e1
e1-1
e4
e4-2
e4-1
e4-1-1
e3
e2
end time: 2025-06-21T21:25:23
----------------------------------------
Running test: ../test/ruby/test_inlinecache.rb
start time: 2025-06-21T21:25:23
Run options:
  "--ruby=./miniruby -I../lib -I. -I.ext/common  ../tool/runruby.rb --extout=.ext  -- --disable-gems
"
  --excludes-dir=../test/.excludes
  --name=!/memory_leak/
  -s
  3216
  --timeout-scale
  10
  --worker-timeout=100
  -v

# Running tests:

[1/3] TestMethodInlineCache#test_module_methods_redefiniton = 0.04 s
[2/3] TestMethodInlineCache#test_alias = 0.02 s
[3/3] TestMethodInlineCache#test_zsuper = 11.43 s
Finished tests in 12.785902s, 0.2346 tests/s, 1.1732 assertions/s.
3 tests, 15 assertions, 0 failures, 0 errors, 0 skips

ruby -v: ruby 3.4.1 (2025-06-14 revision 742e381c9f) +PRISM [riscv64-freebsd]
end time: 2025-06-21T21:25:54
----------------------------------------
Running test: ../test/ruby/test_path.rb
start time: 2025-06-21T21:25:54
Run options:
  "--ruby=./miniruby -I../lib -I. -I.ext/common  ../tool/runruby.rb --extout=.ext  -- --disable-gems
"
  --excludes-dir=../test/.excludes
  --name=!/memory_leak/
  -s
  3216
  --timeout-scale
  10
  --worker-timeout=100
  -v

# Running tests:

[1/6] TestPath#test_extname = 0.04 s
[2/6] TestPath#test_dirname = 0.04 s
[3/6] TestPath#test_ascii_incompatible_path = 0.09 s
[4/6] TestPath#test_join = 0.44 s
[5/6] TestPath#test_basename = 0.05 s
[6/6] TestPath#test_path = 0.03 s
Finished tests in 2.067891s, 2.9015 tests/s, 101.5527 assertions/s.
6 tests, 210 assertions, 0 failures, 0 errors, 0 skips

ruby -v: ruby 3.4.1 (2025-06-14 revision 742e381c9f) +PRISM [riscv64-freebsd]
end time: 2025-06-21T21:26:15
----------------------------------------
Running test: ../test/ruby/test_weakkeymap.rb
start time: 2025-06-21T21:26:15
Run options:
  "--ruby=./miniruby -I../lib -I. -I.ext/common  ../tool/runruby.rb --extout=.ext  -- --disable-gems
"
  --excludes-dir=../test/.excludes
  --name=!/memory_leak/
  -s
  3216
  --timeout-scale
  10
  --worker-timeout=100
  -v

# Running tests:

[ 1/12] TestWeakKeyMap#test_no_hash_method = 0.04 s
[ 2/12] TestWeakKeyMap#test_gc_compact_stress = 6.43 s
[ 3/12] TestWeakKeyMap#test_getkey = 0.01 s
[ 4/12] TestWeakKeyMap#test_frozen_object = 0.01 s
[ 5/12] TestWeakKeyMap#test_clear_bug_20691 = 100.60 s
[ 6/12] TestWeakKeyMap#test_key? = 0.02 s
[ 7/12] TestWeakKeyMap#test_clear = 0.01 s
[ 8/12] TestWeakKeyMap#test_compaction = 14.42 s
[ 9/12] TestWeakKeyMap#test_inspect = 0.76 s
[10/12] TestWeakKeyMap#test_delete = 0.02 s
[11/12] TestWeakKeyMap#test_aset_const = 0.03 s
[12/12] TestWeakKeyMap#test_map = 0.01 s

  1) Timeout:
TestWeakKeyMap#test_clear_bug_20691

Finished tests in 123.978836s, 0.0968 tests/s, 0.4678 assertions/s.
12 tests, 58 assertions, 0 failures, 1 errors, 0 skips

ruby -v: ruby 3.4.1 (2025-06-14 revision 742e381c9f) +PRISM [riscv64-freebsd]
end time: 2025-06-21T21:28:37
----------------------------------------
Running test: ../test/ruby/test_autoload.rb
start time: 2025-06-21T21:28:37
Run options:
  "--ruby=./miniruby -I../lib -I. -I.ext/common  ../tool/runruby.rb --extout=.ext  -- --disable-gems
"
  --excludes-dir=../test/.excludes
  --name=!/memory_leak/
  -s
  3216
  --timeout-scale
  10
  --worker-timeout=100
  -v

# Running tests:

[ 1/27] TestAutoload#test_autoload_private_constant_before_autoload = 22.84 s
[ 2/27] TestAutoload#test_override_autoload = 0.07 s
[ 3/27] TestAutoload#test_require_implemented_in_ruby_is_called = 0.04 s
[ 4/27] TestAutoload#test_autoload_so = 2.46 s
[ 5/27] TestAutoload#test_non_realpath_in_loadpath = 2.39 s
[ 6/27] TestAutoload#test_autoload_p_with_static_extensions = 0.05 s
[ 7/27] TestAutoload#test_override_while_autoloading = 0.57 s
[ 8/27] TestAutoload#test_autoload_fork = 3.44 s
[ 9/27] TestAutoload#test_autoload_module_gc = 1.99 s
[10/27] TestAutoload#test_autoload_while_autoloading = 0.09 s
[11/27] TestAutoload#test_autoload_parallel_race = 529.43 s
[12/27] TestAutoload#test_require_explicit = 0.07 s
[13/27] TestAutoload#test_bug_13526 = 73.12 s
[14/27] TestAutoload#test_autoload_parent_namespace = 11.43 s
[15/27] TestAutoload#test_autoload_after_failed_and_removed_from_loaded_features = 11.42 s
[16/27] TestAutoload#test_nameerror_when_autoload_did_not_define_the_constant = 0.05 s
[17/27] TestAutoload#test_autoload_private_constant = 11.42 s
[18/27] TestAutoload#test_source_location = 11.43 s
[19/27] TestAutoload#test_autoload_deprecate_constant_before_autoload = 22.81 s
[20/27] TestAutoload#test_autoload_same_file = 35.01 s
[21/27] TestAutoload#test_threaded_accessing_inner_constant = 0.60 s
[22/27] TestAutoload#test_source_location_after_require = 11.39 s
[23/27] TestAutoload#test_autoload_p = 0.06 s
[24/27] TestAutoload#test_autoload_same_file_with_raise = 11.50 s
[25/27] TestAutoload#test_threaded_accessing_constant = 0.59 s
[26/27] TestAutoload#test_autoload_with_unqualified_file_name = 0.11 s
[27/27] TestAutoload#test_autoload_deprecate_constant = 11.40 s

  1) Failure:
TestAutoload#test_bug_13526 [/root/ruby-3.4.1/test/ruby/test_autoload.rb:282]:
[ruby-core:81016] [Bug #13526]
pid 1849 killed by signal 34 (core dumped)
| /root/ruby-3.4.1/test/ruby/bug-13526.rb: [BUG] Segmentation fault at 0x000000000000000000000000766
66ff0
| ruby 3.4.1 (2025-06-14 revision 742e381c9f) +PRISM [riscv64-freebsd]
|
| -- Control frame information -----------------------------------------------
| c:0005 p:---- s:0020 e:000019 DUMMY  [FINISH]
| c:0004 p:---- s:0017 e:000016 CFUNC  :require
| c:0003 p:0023 s:0012 e:000011 METHOD <internal:/root/ruby-3.4.1/lib/rubygems/core_ext/kernel_requi
re.rb>:136 [FINISH]
| c:0002 p:0020 s:0006 e:000005 BLOCK  /root/ruby-3.4.1/test/ruby/bug-13526.rb:14 [FINISH]
| c:0001 p:---- s:0003 e:000002 DUMMY  [FINISH]
|
| -- Ruby level backtrace information ----------------------------------------
| /root/ruby-3.4.1/test/ruby/bug-13526.rb:14:in 'block (2 levels) in <main>'
| <internal:/root/ruby-3.4.1/lib/rubygems/core_ext/kernel_require.rb>:136:in 'require'
| <internal:/root/ruby-3.4.1/lib/rubygems/core_ext/kernel_require.rb>:136:in 'require'
|
| -- Threading information ---------------------------------------------------
| Total ractor count: 1
| Ruby thread count for this ractor: 11
|
| -- C level backtrace information -------------------------------------------


Finished tests in 778.198816s, 0.0347 tests/s, 0.2082 assertions/s.
27 tests, 162 assertions, 1 failures, 0 errors, 1 skips

ruby -v: ruby 3.4.1 (2025-06-14 revision 742e381c9f) +PRISM [riscv64-freebsd]
end time: 2025-06-21T21:41:54
----------------------------------------
Running test: ../test/ruby/test_arithmetic_sequence.rb
start time: 2025-06-21T21:41:54
Run options:
  "--ruby=./miniruby -I../lib -I. -I.ext/common  ../tool/runruby.rb --extout=.ext  -- --disable-gems
"
  --excludes-dir=../test/.excludes
  --name=!/memory_leak/
  -s
  3216
  --timeout-scale
  10
  --worker-timeout=100
  -v

# Running tests:

[ 1/37] TestArithmeticSequence#test_range_step_inspect = 0.04 s
[ 2/37] TestArithmeticSequence#test_last_bug17218 = 0.01 s
[ 3/37] TestArithmeticSequence#test_num_step_size = 0.02 s
[ 4/37] TestArithmeticSequence#test_to_a_bug17218 = 0.01 s
[ 5/37] TestArithmeticSequence#test_peek_values = 0.01 s
[ 6/37] TestArithmeticSequence#test_first_bug15518 = 0.02 s
[ 7/37] TestArithmeticSequence#test_begin = 0.03 s
[ 8/37] TestArithmeticSequence#test_hash = 0.01 s
[ 9/37] TestArithmeticSequence#test_num_step_inspect = 0.02 s
[10/37] TestArithmeticSequence#test_exclude_end_p = 0.03 s
[11/37] TestArithmeticSequence#test_first = 0.05 s
[12/37] TestArithmeticSequence#test_with_object = 0.01 s
[13/37] TestArithmeticSequence#test_eq = 0.01 s
[14/37] TestArithmeticSequence#test_end = 0.03 s
[15/37] TestArithmeticSequence#test_stop_result = 0.02 s
[16/37] TestArithmeticSequence#test_with_index = 0.02 s
[17/37] TestArithmeticSequence#test_peek = 0.03 s
[18/37] TestArithmeticSequence#test_next_after_stopiteration = 0.03 s
[19/37] TestArithmeticSequence#test_next = 0.02 s
[20/37] TestArithmeticSequence#test_to_a = 0.02 s
[21/37] TestArithmeticSequence#test_step = 0.03 s
[22/37] TestArithmeticSequence#test_cons = 0.01 s
[23/37] TestArithmeticSequence#test_last_with_float = 0.01 s
[24/37] TestArithmeticSequence#test_eqq = 0.01 s
[25/37] TestArithmeticSequence#test_eql_p = 0.01 s
[26/37] TestArithmeticSequence#test_range_step_size = 0.02 s
[27/37] TestArithmeticSequence#test_last_with_rational = 0.01 s
[28/37] TestArithmeticSequence#test_slice = 0.01 s
[29/37] TestArithmeticSequence#test_to_a_bug15444 = 0.02 s
[30/37] TestArithmeticSequence#test_last = 0.04 s
[31/37] TestArithmeticSequence#test_complex = 0.04 s
[32/37] TestArithmeticSequence#test_next_values = 0.01 s
[33/37] TestArithmeticSequence#test_next_bug15444 = 0.01 s
[34/37] TestArithmeticSequence#test_new = 0.01 s
[35/37] TestArithmeticSequence#test_next_rewind = 0.03 s
[36/37] TestArithmeticSequence#test_allocate = 0.01 s
[37/37] TestArithmeticSequence#test_sum = 0.02 s
Finished tests in 3.600210s, 10.2772 tests/s, 105.8272 assertions/s.
37 tests, 381 assertions, 0 failures, 0 errors, 0 skips

ruby -v: ruby 3.4.1 (2025-06-14 revision 742e381c9f) +PRISM [riscv64-freebsd]
end time: 2025-06-21T21:42:17
----------------------------------------
Running test: ../test/ruby/test_pack.rb
start time: 2025-06-21T21:42:17
Run options:
  "--ruby=./miniruby -I../lib -I. -I.ext/common  ../tool/runruby.rb --extout=.ext  -- --disable-gems
"
  --excludes-dir=../test/.excludes
  --name=!/memory_leak/
  -s
  3216
  --timeout-scale
  10
  --worker-timeout=100
  -v

# Running tests:

[ 1/53] TestPack#test_pack_unpack_vV = 0.03 s
[ 2/53] TestPack#test_unpack_garbage = 0.01 s
[ 3/53] TestPack#test_pack_p = 0.02 s
[ 4/53] TestPack#test_pack_unpack_cC = 0.01 s
[ 5/53] TestPack#test_pack_n = 0.02 s
[ 6/53] TestPack#test_unpack1 = 0.01 s
[ 7/53] TestPack#test_pack_unpack_nN = 0.01 s
[ 8/53] TestPack#test_unpack_N = 0.01 s
[ 9/53] TestPack#test_pack_unpack_percent = 0.01 s
[10/53] TestPack#test_length_too_big = 0.01 s
[11/53] TestPack#test_pack_unpack_Z = 0.02 s
[12/53] TestPack#test_pack_unpack_bB = 0.04 s
[13/53] TestPack#test_pack_unpack_X = 0.02 s
[14/53] TestPack#test_monkey_pack = 11.39 s
[15/53] TestPack#test_pack_unpack_aA = 0.04 s
[16/53] TestPack#test_integer_endian_explicit<internal:pack>:8: [BUG] unexpected integer size for pa
ck: 16
ruby 3.4.1 (2025-06-14 revision 742e381c9f) +PRISM [riscv64-freebsd]

-- Control frame information -----------------------------------------------
c:0032 p:0003 s:0185 e:000184 METHOD <internal:pack>:8
c:0031 p:0014 s:0178 e:000177 BLOCK  /root/ruby-3.4.1/test/ruby/test_pack.rb:127 [FINISH]
c:0030 p:---- s:0169 e:000168 CFUNC  :each
c:0029 p:0455 s:0165 e:000164 METHOD /root/ruby-3.4.1/test/ruby/test_pack.rb:125
c:0028 p:0005 s:0160 e:000159 METHOD /root/ruby-3.4.1/test/ruby/test_pack.rb:206
c:0027 p:0037 s:0156 e:000155 METHOD /root/ruby-3.4.1/tool/lib/test/unit/testcase.rb:202
c:0026 p:0052 s:0150 E:001e80 METHOD /root/ruby-3.4.1/tool/lib/test/unit/testcase.rb:170
c:0025 p:0083 s:0141 e:000140 BLOCK  /root/ruby-3.4.1/tool/lib/test/unit.rb:1671 [FINISH]
c:0024 p:---- s:0134 e:000133 CFUNC  :map
c:0023 p:0103 s:0130 e:000129 METHOD /root/ruby-3.4.1/tool/lib/test/unit.rb:1658
c:0022 p:0035 s:0118 e:000117 METHOD /root/ruby-3.4.1/tool/lib/test/unit.rb:1362
c:0021 p:0010 s:0111 e:000109 BLOCK  /root/ruby-3.4.1/tool/lib/test/unit.rb:823 [FINISH]
c:0020 p:---- s:0105 e:000104 CFUNC  :each
c:0019 p:0047 s:0101 e:000100 METHOD /root/ruby-3.4.1/tool/lib/test/unit.rb:821
c:0018 p:0008 s:0094 e:000093 METHOD /root/ruby-3.4.1/tool/lib/test/unit.rb:858
c:0017 p:0130 s:0087 e:000086 METHOD /root/ruby-3.4.1/tool/lib/test/unit.rb:1604
c:0016 p:0016 s:0074 e:000073 METHOD /root/ruby-3.4.1/tool/lib/test/unit.rb:1299
c:0015 p:0005 s:0069 e:000068 METHOD /root/ruby-3.4.1/tool/lib/test/unit.rb:1769
c:0014 p:0006 s:0065 e:000064 BLOCK  /root/ruby-3.4.1/tool/lib/test/unit.rb:1756 [FINISH]
c:0013 p:---- s:0061 e:000060 CFUNC  :each
c:0012 p:0042 s:0057 e:000056 METHOD /root/ruby-3.4.1/tool/lib/test/unit.rb:1755
c:0011 p:0013 s:0052 e:000051 METHOD /root/ruby-3.4.1/tool/lib/test/unit.rb:1799
c:0010 p:0008 s:0047 e:000046 METHOD /root/ruby-3.4.1/tool/lib/test/unit.rb:1046
c:0009 p:0008 s:0041 e:000040 METHOD /root/ruby-3.4.1/tool/lib/test/unit.rb:891
c:0008 p:0017 s:0035 e:000034 METHOD /root/ruby-3.4.1/tool/lib/test/unit.rb:145
c:0007 p:0008 s:0030 e:000029 METHOD /root/ruby-3.4.1/tool/lib/test/unit.rb:1283
c:0006 p:0032 s:0025 e:000024 METHOD /root/ruby-3.4.1/tool/lib/test/unit.rb:1882
c:0005 p:0009 s:0021 e:000020 METHOD /root/ruby-3.4.1/tool/lib/test/unit.rb:1886
c:0004 p:0065 s:0016 e:000014 TOP    /root/ruby-3.4.1/tool/test/runner.rb:14 [FINISH]
c:0003 p:---- s:0011 e:000010 CFUNC  :require_relative
c:0002 p:0005 s:0006 e:000005 EVAL   ../test/runner.rb:5 [FINISH]
c:0001 p:0000 s:0003 E:001090 DUMMY  [FINISH]

-- Ruby level backtrace information ----------------------------------------
../test/runner.rb:5:in '<main>'
../test/runner.rb:5:in 'require_relative'
/root/ruby-3.4.1/tool/test/runner.rb:14:in '<top (required)>'
/root/ruby-3.4.1/tool/lib/test/unit.rb:1886:in 'run'
/root/ruby-3.4.1/tool/lib/test/unit.rb:1882:in 'run'
/root/ruby-3.4.1/tool/lib/test/unit.rb:1283:in 'run'
/root/ruby-3.4.1/tool/lib/test/unit.rb:145:in 'run'
/root/ruby-3.4.1/tool/lib/test/unit.rb:891:in 'run'
/root/ruby-3.4.1/tool/lib/test/unit.rb:1046:in 'run'
/root/ruby-3.4.1/tool/lib/test/unit.rb:1799:in 'run'
/root/ruby-3.4.1/tool/lib/test/unit.rb:1755:in '_run'
/root/ruby-3.4.1/tool/lib/test/unit.rb:1755:in 'each'
/root/ruby-3.4.1/tool/lib/test/unit.rb:1756:in 'block in _run'
/root/ruby-3.4.1/tool/lib/test/unit.rb:1769:in 'run_tests'
/root/ruby-3.4.1/tool/lib/test/unit.rb:1299:in '_run_anything'
/root/ruby-3.4.1/tool/lib/test/unit.rb:1604:in '_run_anything'
/root/ruby-3.4.1/tool/lib/test/unit.rb:858:in '_run_suites'
/root/ruby-3.4.1/tool/lib/test/unit.rb:821:in '_run_suites'
/root/ruby-3.4.1/tool/lib/test/unit.rb:821:in 'each'
/root/ruby-3.4.1/tool/lib/test/unit.rb:823:in 'block in _run_suites'
/root/ruby-3.4.1/tool/lib/test/unit.rb:1362:in '_run_suite'
/root/ruby-3.4.1/tool/lib/test/unit.rb:1658:in '_run_suite'
/root/ruby-3.4.1/tool/lib/test/unit.rb:1658:in 'map'
/root/ruby-3.4.1/tool/lib/test/unit.rb:1671:in 'block in _run_suite'
/root/ruby-3.4.1/tool/lib/test/unit/testcase.rb:170:in 'run'
/root/ruby-3.4.1/tool/lib/test/unit/testcase.rb:202:in 'run_test'
/root/ruby-3.4.1/test/ruby/test_pack.rb:206:in 'test_integer_endian_explicit'
/root/ruby-3.4.1/test/ruby/test_pack.rb:125:in '_integer_big_endian'
/root/ruby-3.4.1/test/ruby/test_pack.rb:125:in 'each'
/root/ruby-3.4.1/test/ruby/test_pack.rb:127:in 'block in _integer_big_endian'
<internal:pack>:8:in 'pack'

-- Threading information ---------------------------------------------------
Total ractor count: 1
Ruby thread count for this ractor: 1

-- C level backtrace information -------------------------------------------
Unexpected file number 3 in /root/ruby-3.4.1/build/ruby at a4dfda
Unexpected file number 21 in /root/ruby-3.4.1/build/ruby at a4dfda
Unexpected file number 21 in /root/ruby-3.4.1/build/ruby at a4dfda
Unexpected file number 7 in /root/ruby-3.4.1/build/ruby at a4dfda
Unexpected file number 39 in /root/ruby-3.4.1/build/ruby at a4dfda
Unexpected file number 3 in /root/ruby-3.4.1/build/ruby at a4dfda
Unexpected file number 21 in /root/ruby-3.4.1/build/ruby at a4dfda
Unexpected file number 21 in /root/ruby-3.4.1/build/ruby at a4dfda
Unexpected file number 3 in /root/ruby-3.4.1/build/ruby at a4dfda
Unexpected file number 3 in /root/ruby-3.4.1/build/ruby at a4dfda
Unexpected file number 3 in /root/ruby-3.4.1/build/ruby at a4dfda
Unexpected file number 21 in /root/ruby-3.4.1/build/ruby at a4dfda
Unexpected file number 21 in /root/ruby-3.4.1/build/ruby at a4dfda
Unexpected file number 3 in /root/ruby-3.4.1/build/ruby at a4dfda
Unexpected file number 3 in /root/ruby-3.4.1/build/ruby at a4dfda
Unexpected file number 22 in /root/ruby-3.4.1/build/ruby at a4e023
Unexpected file number 15 in /root/ruby-3.4.1/build/ruby at a4e023
Unexpected file number 15 in /root/ruby-3.4.1/build/ruby at a4e023
Unexpected file number 40 in /root/ruby-3.4.1/build/ruby at a4e157
Unexpected file number 46 in /root/ruby-3.4.1/build/ruby at a835bc
Unexpected file number 27 in /root/ruby-3.4.1/build/ruby at aa99e1
Unexpected file number 12 in /root/ruby-3.4.1/build/ruby at aa99e1
Unexpected file number 12 in /root/ruby-3.4.1/build/ruby at aa99e1
Unexpected file number 39 in /root/ruby-3.4.1/build/ruby at ac15db
Unexpected file number 28 in /root/ruby-3.4.1/build/ruby at ad7397
Unexpected file number 28 in /root/ruby-3.4.1/build/ruby at ad7397
Unexpected file number 28 in /root/ruby-3.4.1/build/ruby at ad7397
Unexpected file number 28 in /root/ruby-3.4.1/build/ruby at ad7397
Unexpected file number 28 in /root/ruby-3.4.1/build/ruby at ad7397
Unexpected file number 77 in /root/ruby-3.4.1/build/ruby at ad7397
Unexpected file number 77 in /root/ruby-3.4.1/build/ruby at ad7397
Unexpected file number 15 in /root/ruby-3.4.1/build/ruby at ad7397
Unexpected file number 28 in /root/ruby-3.4.1/build/ruby at ad7397
Unexpected file number 28 in /root/ruby-3.4.1/build/ruby at ad7397
Unexpected file number 82 in /root/ruby-3.4.1/build/ruby at ad7397
Unexpected file number 28 in /root/ruby-3.4.1/build/ruby at ad7397
Unexpected file number 28 in /root/ruby-3.4.1/build/ruby at ad7397
Unexpected file number 44 in /root/ruby-3.4.1/build/ruby at b1e938
Unexpected file number 22 in /root/ruby-3.4.1/build/ruby at b1e938
Unexpected file number 22 in /root/ruby-3.4.1/build/ruby at b1e938
Unexpected file number 56 in /root/ruby-3.4.1/build/ruby at b1e938
Unexpected file number 58 in /root/ruby-3.4.1/build/ruby at b1e938
Unexpected file number 65 in /root/ruby-3.4.1/build/ruby at b2341f
Unexpected file number 17 in /root/ruby-3.4.1/build/ruby at bbf24a
Unexpected file number 35 in /root/ruby-3.4.1/build/ruby at bc444b
Unexpected file number 19 in /root/ruby-3.4.1/build/ruby at c123cb
Unexpected file number 9 in /root/ruby-3.4.1/build/ruby at c123cb
Unexpected file number 9 in /root/ruby-3.4.1/build/ruby at c123cb
Unexpected file number 28 in /root/ruby-3.4.1/build/ruby at ccbec4
Unexpected file number 39 in /root/ruby-3.4.1/build/ruby at d3ca76
Unexpected file number 36 in /root/ruby-3.4.1/build/ruby at d502b9
Unexpected file number 41 in /root/ruby-3.4.1/build/ruby at d502b9
Unexpected file number 41 in /root/ruby-3.4.1/build/ruby at d502b9
Unexpected file number 61 in /root/ruby-3.4.1/build/ruby at d502b9
Unexpected file number 41 in /root/ruby-3.4.1/build/ruby at d502b9
Unexpected file number 41 in /root/ruby-3.4.1/build/ruby at d502b9
Unexpected file number 83 in /root/ruby-3.4.1/build/ruby at d502b9
Unexpected file number 41 in /root/ruby-3.4.1/build/ruby at d502b9
Unexpected file number 41 in /root/ruby-3.4.1/build/ruby at d502b9
Unexpected file number 43 in /root/ruby-3.4.1/build/ruby at d502b9
Unexpected file number 31 in /root/ruby-3.4.1/build/ruby at d502b9
Unexpected file number 32 in /root/ruby-3.4.1/build/ruby at d502b9
Unexpected file number 32 in /root/ruby-3.4.1/build/ruby at d502b9
Unexpected file number 32 in /root/ruby-3.4.1/build/ruby at d502b9
Unexpected file number 32 in /root/ruby-3.4.1/build/ruby at d502b9
Unexpected file number 32 in /root/ruby-3.4.1/build/ruby at d502b9
Unexpected file number 32 in /root/ruby-3.4.1/build/ruby at d502b9
Unexpected file number 32 in /root/ruby-3.4.1/build/ruby at d502b9
Unexpected file number 32 in /root/ruby-3.4.1/build/ruby at d502b9
Unexpected file number 32 in /root/ruby-3.4.1/build/ruby at d502b9
Unexpected file number 32 in /root/ruby-3.4.1/build/ruby at d502b9
Unexpected file number 32 in /root/ruby-3.4.1/build/ruby at d502b9
Unexpected file number 32 in /root/ruby-3.4.1/build/ruby at d502b9
Unexpected file number 32 in /root/ruby-3.4.1/build/ruby at d502b9
Unexpected file number 32 in /root/ruby-3.4.1/build/ruby at d502b9
Unexpected file number 32 in /root/ruby-3.4.1/build/ruby at d502b9
Unexpected file number 32 in /root/ruby-3.4.1/build/ruby at d502b9
Unexpected file number 32 in /root/ruby-3.4.1/build/ruby at d502b9
Unexpected file number 32 in /root/ruby-3.4.1/build/ruby at d502b9
Unexpected file number 32 in /root/ruby-3.4.1/build/ruby at d502b9
Unexpected file number 32 in /root/ruby-3.4.1/build/ruby at d502b9
Unexpected file number 32 in /root/ruby-3.4.1/build/ruby at d502b9
Unexpected file number 32 in /root/ruby-3.4.1/build/ruby at d502b9
Unexpected file number 32 in /root/ruby-3.4.1/build/ruby at d502b9
Unexpected file number 32 in /root/ruby-3.4.1/build/ruby at d502b9
Unexpected file number 31 in /root/ruby-3.4.1/build/ruby at d502b9
Unexpected file number 3 in /root/ruby-3.4.1/build/ruby at a4dfda
Unexpected file number 21 in /root/ruby-3.4.1/build/ruby at a4dfda
Unexpected file number 21 in /root/ruby-3.4.1/build/ruby at a4dfda
Unexpected file number 7 in /root/ruby-3.4.1/build/ruby at a4dfda
Unexpected file number 39 in /root/ruby-3.4.1/build/ruby at a4dfda
Unexpected file number 3 in /root/ruby-3.4.1/build/ruby at a4dfda
Unexpected file number 21 in /root/ruby-3.4.1/build/ruby at a4dfda
Unexpected file number 21 in /root/ruby-3.4.1/build/ruby at a4dfda
Unexpected file number 3 in /root/ruby-3.4.1/build/ruby at a4dfda
Unexpected file number 3 in /root/ruby-3.4.1/build/ruby at a4dfda
Unexpected file number 3 in /root/ruby-3.4.1/build/ruby at a4dfda
Unexpected file number 21 in /root/ruby-3.4.1/build/ruby at a4dfda
Unexpected file number 21 in /root/ruby-3.4.1/build/ruby at a4dfda
Unexpected file number 3 in /root/ruby-3.4.1/build/ruby at a4dfda
Unexpected file number 3 in /root/ruby-3.4.1/build/ruby at a4dfda
Unexpected file number 22 in /root/ruby-3.4.1/build/ruby at a4e023
Unexpected file number 15 in /root/ruby-3.4.1/build/ruby at a4e023
Unexpected file number 15 in /root/ruby-3.4.1/build/ruby at a4e023
Unexpected file number 40 in /root/ruby-3.4.1/build/ruby at a4e157
Unexpected file number 46 in /root/ruby-3.4.1/build/ruby at a835bc
Unexpected file number 27 in /root/ruby-3.4.1/build/ruby at aa99e1
Unexpected file number 12 in /root/ruby-3.4.1/build/ruby at aa99e1
Unexpected file number 12 in /root/ruby-3.4.1/build/ruby at aa99e1
Unexpected file number 39 in /root/ruby-3.4.1/build/ruby at ac15db
Unexpected file number 28 in /root/ruby-3.4.1/build/ruby at ad7397
Unexpected file number 28 in /root/ruby-3.4.1/build/ruby at ad7397
Unexpected file number 28 in /root/ruby-3.4.1/build/ruby at ad7397
Unexpected file number 28 in /root/ruby-3.4.1/build/ruby at ad7397
Unexpected file number 28 in /root/ruby-3.4.1/build/ruby at ad7397
Unexpected file number 77 in /root/ruby-3.4.1/build/ruby at ad7397
Unexpected file number 77 in /root/ruby-3.4.1/build/ruby at ad7397
Unexpected file number 15 in /root/ruby-3.4.1/build/ruby at ad7397
Unexpected file number 28 in /root/ruby-3.4.1/build/ruby at ad7397
Unexpected file number 28 in /root/ruby-3.4.1/build/ruby at ad7397
Unexpected file number 82 in /root/ruby-3.4.1/build/ruby at ad7397
Unexpected file number 28 in /root/ruby-3.4.1/build/ruby at ad7397
Unexpected file number 28 in /root/ruby-3.4.1/build/ruby at ad7397
Unexpected file number 44 in /root/ruby-3.4.1/build/ruby at b1e938
Unexpected file number 22 in /root/ruby-3.4.1/build/ruby at b1e938
Unexpected file number 22 in /root/ruby-3.4.1/build/ruby at b1e938
Unexpected file number 56 in /root/ruby-3.4.1/build/ruby at b1e938
Unexpected file number 58 in /root/ruby-3.4.1/build/ruby at b1e938
Unexpected file number 65 in /root/ruby-3.4.1/build/ruby at b2341f
Unexpected file number 17 in /root/ruby-3.4.1/build/ruby at bbf24a
Unexpected file number 35 in /root/ruby-3.4.1/build/ruby at bc444b
Unexpected file number 19 in /root/ruby-3.4.1/build/ruby at c123cb
Unexpected file number 9 in /root/ruby-3.4.1/build/ruby at c123cb
Unexpected file number 9 in /root/ruby-3.4.1/build/ruby at c123cb
Unexpected file number 28 in /root/ruby-3.4.1/build/ruby at ccbec4
Unexpected file number 39 in /root/ruby-3.4.1/build/ruby at d3ca76
Unexpected file number 36 in /root/ruby-3.4.1/build/ruby at d502b9
Unexpected file number 41 in /root/ruby-3.4.1/build/ruby at d502b9
Unexpected file number 41 in /root/ruby-3.4.1/build/ruby at d502b9
Unexpected file number 61 in /root/ruby-3.4.1/build/ruby at d502b9
Unexpected file number 41 in /root/ruby-3.4.1/build/ruby at d502b9
Unexpected file number 41 in /root/ruby-3.4.1/build/ruby at d502b9
Unexpected file number 83 in /root/ruby-3.4.1/build/ruby at d502b9
Unexpected file number 41 in /root/ruby-3.4.1/build/ruby at d502b9
Unexpected file number 41 in /root/ruby-3.4.1/build/ruby at d502b9
Unexpected file number 43 in /root/ruby-3.4.1/build/ruby at d502b9
Unexpected file number 31 in /root/ruby-3.4.1/build/ruby at d502b9
Unexpected file number 32 in /root/ruby-3.4.1/build/ruby at d502b9
Unexpected file number 32 in /root/ruby-3.4.1/build/ruby at d502b9
Unexpected file number 32 in /root/ruby-3.4.1/build/ruby at d502b9
Unexpected file number 32 in /root/ruby-3.4.1/build/ruby at d502b9
Unexpected file number 32 in /root/ruby-3.4.1/build/ruby at d502b9
Unexpected file number 32 in /root/ruby-3.4.1/build/ruby at d502b9
Unexpected file number 32 in /root/ruby-3.4.1/build/ruby at d502b9
Unexpected file number 32 in /root/ruby-3.4.1/build/ruby at d502b9
Unexpected file number 32 in /root/ruby-3.4.1/build/ruby at d502b9
Unexpected file number 32 in /root/ruby-3.4.1/build/ruby at d502b9
Unexpected file number 32 in /root/ruby-3.4.1/build/ruby at d502b9
Unexpected file number 32 in /root/ruby-3.4.1/build/ruby at d502b9
Unexpected file number 32 in /root/ruby-3.4.1/build/ruby at d502b9
Unexpected file number 32 in /root/ruby-3.4.1/build/ruby at d502b9
Unexpected file number 32 in /root/ruby-3.4.1/build/ruby at d502b9
Unexpected file number 32 in /root/ruby-3.4.1/build/ruby at d502b9
Unexpected file number 32 in /root/ruby-3.4.1/build/ruby at d502b9
Unexpected file number 32 in /root/ruby-3.4.1/build/ruby at d502b9
Unexpected file number 32 in /root/ruby-3.4.1/build/ruby at d502b9
Unexpected file number 32 in /root/ruby-3.4.1/build/ruby at d502b9
Unexpected file number 32 in /root/ruby-3.4.1/build/ruby at d502b9
Unexpected file number 32 in /root/ruby-3.4.1/build/ruby at d502b9
Unexpected file number 32 in /root/ruby-3.4.1/build/ruby at d502b9
Unexpected file number 32 in /root/ruby-3.4.1/build/ruby at d502b9
Unexpected file number 31 in /root/ruby-3.4.1/build/ruby at d502b9
/root/ruby-3.4.1/build/ruby(rb_print_backtrace+0x36) [0x7220422] ../vm_dump.c:823
/root/ruby-3.4.1/build/ruby(rb_profile_frame_full_label) (null):0
/root/ruby-3.4.1/build/ruby(udiv128by64to64) /cheriv9/src/output/rootfs-riscv64-purecap/usr/include/
sys/_types.h:93
/root/ruby-3.4.1/build/ruby(rb_vm_bugreport+0x756) [0x7221210] ../vm_dump.c:1155
/root/ruby-3.4.1/build/ruby(udiv128by64to64default) (null):0
/root/ruby-3.4.1/build/ruby(udiv128by64to64) /cheriv9/src/output/rootfs-riscv64-purecap/usr/include/
sys/_types.h:93
/root/ruby-3.4.1/build/ruby(rb_bug_without_die_internal+0x188) [0x3527640] ../error.c:1097
/root/ruby-3.4.1/build/ruby(rb_iseq_compile_node) (null):0
/root/ruby-3.4.1/build/ruby(rb_bug+0x42) [0x3527714] ../error.c:1115
/root/ruby-3.4.1/build/ruby(rb_iseq_compile_node) (null):0
/root/ruby-3.4.1/build/ruby(pack_pack+0x3584) [0x5350764] ../pack.c:552
/root/ruby-3.4.1/build/ruby(rb_str_init) (null):0
/root/ruby-3.4.1/build/ruby(builtin_invoker2+0x46) [0x7149446] ../vm_insnhelper.c:7268
/root/ruby-3.4.1/build/ruby(udiv128by64to64default) (null):0
/root/ruby-3.4.1/build/ruby(udiv128by64to64) /cheriv9/src/output/rootfs-riscv64-purecap/usr/include/
sys/_types.h:93
/root/ruby-3.4.1/build/ruby(invoke_bf+0x114) [0x7149270] ../vm_insnhelper.c:7395
/root/ruby-3.4.1/build/ruby(udiv128by64to64default) (null):0
/root/ruby-3.4.1/build/ruby(udiv128by64to64) /cheriv9/src/output/rootfs-riscv64-purecap/usr/include/
sys/_types.h:93
/root/ruby-3.4.1/build/ruby(vm_invoke_builtin_delegate+0x130) [0x7141318] ../vm_insnhelper.c:7423
/root/ruby-3.4.1/build/ruby(udiv128by64to64default) (null):0
/root/ruby-3.4.1/build/ruby(udiv128by64to64) /cheriv9/src/output/rootfs-riscv64-purecap/usr/include/
sys/_types.h:93
In-address space security exception (core dumped)
end time: 2025-06-21T21:45:12
----------------------------------------
Running test: ../test/ruby/test_arity.rb
start time: 2025-06-21T21:45:13
Run options:
  "--ruby=./miniruby -I../lib -I. -I.ext/common  ../tool/runruby.rb --extout=.ext  -- --disable-gems
"
  --excludes-dir=../test/.excludes
  --name=!/memory_leak/
  -s
  3216
  --timeout-scale
  10
  --worker-timeout=100
  -v

# Running tests:

[1/3] TestArity#test_message_change_issue_6085 = 0.12 s
[2/3] TestArity#test_proc_err_mess = 0.15 s
[3/3] TestArity#test_method_err_mess = 0.24 s
Finished tests in 1.773782s, 1.6913 tests/s, 36.6449 assertions/s.
3 tests, 65 assertions, 0 failures, 0 errors, 0 skips

ruby -v: ruby 3.4.1 (2025-06-14 revision 742e381c9f) +PRISM [riscv64-freebsd]
end time: 2025-06-21T21:45:33
----------------------------------------
Running test: ../test/ruby/test_struct.rb
start time: 2025-06-21T21:45:33
Run options:
  "--ruby=./miniruby -I../lib -I. -I.ext/common  ../tool/runruby.rb --extout=.ext  -- --disable-gems
"
  --excludes-dir=../test/.excludes
  --name=!/memory_leak/
  -s
  3216
  --timeout-scale
  10
  --worker-timeout=100
  -v

# Running tests:

[  1/100] TestStruct::SubStruct#test_attrset_id = 0.04 s
[  2/100] TestStruct::SubStruct#test_initialize_with_kw = 0.02 s
[  3/100] TestStruct::SubStruct#test_deconstruct_keys = 0.02 s
[  4/100] TestStruct::SubStruct#test_aset = 0.06 s
[  5/100] TestStruct::SubStruct#test_each_pair = 0.01 s
[  6/100] TestStruct::SubStruct#test_redefinition_warning = 0.02 s
[  7/100] TestStruct::SubStruct#test_ref = 0.01 s
[  8/100] TestStruct::SubStruct#test_public_send = 0.01 s
[  9/100] TestStruct::SubStruct#test_dig = 0.01 s
[ 10/100] TestStruct::SubStruct#test_hash = 0.01 s
[ 11/100] TestStruct::SubStruct#test_to_h_block = 0.02 s
[ 12/100] TestStruct::SubStruct#test_big_struct = 0.03 s
[ 13/100] TestStruct::SubStruct#test_inherit = 0.01 s
[ 14/100] TestStruct::SubStruct#test_small_structs = 0.04 s
[ 15/100] TestStruct::SubStruct#test_eql = 0.02 s
[ 16/100] TestStruct::SubStruct#test_struct = 0.02 s
[ 17/100] TestStruct::SubStruct#test_keyword_args_warning = 0.06 s
[ 18/100] TestStruct::SubStruct#test_values_at = 0.37 s
[ 19/100] TestStruct::SubStruct#test_nonascii = 0.02 s
[ 20/100] TestStruct::SubStruct#test_larger_than_largest_pool = 0.12 s
[ 21/100] TestStruct::SubStruct#test_struct_new_with_keyword_init = 0.04 s
[ 22/100] TestStruct::SubStruct#test_inspect = 0.04 s
[ 23/100] TestStruct::SubStruct#test_comparison_when_recursive = 0.06 s
[ 24/100] TestStruct::SubStruct#test_to_h = 0.01 s
[ 25/100] TestStruct::SubStruct#test_parameters = 0.02 s
[ 26/100] TestStruct::SubStruct#test_equal = 0.01 s
[ 27/100] TestStruct::SubStruct#test_overridden_aref = 0.03 s
[ 28/100] TestStruct::SubStruct#test_set = 0.01 s
[ 29/100] TestStruct::SubStruct#test_bang_mark_in_member = 0.01 s
[ 30/100] TestStruct::SubStruct#test_struct_keyword_init_p = 0.02 s
[ 31/100] TestStruct::SubStruct#test_struct_new = 0.02 s
[ 32/100] TestStruct::SubStruct#test_new_duplicate = 0.02 s
[ 33/100] TestStruct::SubStruct#test_initialize = 0.02 s
[ 34/100] TestStruct::SubStruct#test_aref = 0.05 s
[ 35/100] TestStruct::SubStruct#test_setter_method_returns_value = 0.01 s
[ 36/100] TestStruct::SubStruct#test_struct_new_with_hash = 0.03 s
[ 37/100] TestStruct::SubStruct#test_members = 0.01 s
[ 38/100] TestStruct::SubStruct#test_struct_new_with_keyword_init_and_block = 0.01 s
[ 39/100] TestStruct::SubStruct#test_named_structs_are_not_rooted = 101.44 s
[ 40/100] TestStruct::SubStruct#test_arity = 0.02 s
[ 41/100] TestStruct::SubStruct#test_overridden_aset = 0.03 s
[ 42/100] TestStruct::SubStruct#test_init_copy = 0.01 s
[ 43/100] TestStruct::SubStruct#test_each = 0.01 s
[ 44/100] TestStruct::SubStruct#test_error = 0.01 s
[ 45/100] TestStruct::SubStruct#test_junk = 0.02 s
[ 46/100] TestStruct::SubStruct#test_filter = 0.02 s
[ 47/100] TestStruct::SubStruct#test_question_mark_in_member = 0.01 s
[ 48/100] TestStruct::SubStruct#test_morethan10members = 0.14 s
[ 49/100] TestStruct::SubStruct#test_size = 0.01 s
[ 50/100] TestStruct::SubStruct#test_select = 0.02 s
[ 51/100] TestStruct::TopStruct#test_attrset_id = 0.02 s
[ 52/100] TestStruct::TopStruct#test_initialize_with_kw = 0.02 s
[ 53/100] TestStruct::TopStruct#test_deconstruct_keys = 0.02 s
[ 54/100] TestStruct::TopStruct#test_aset = 0.06 s
[ 55/100] TestStruct::TopStruct#test_each_pair = 0.01 s
[ 56/100] TestStruct::TopStruct#test_redefinition_warning = 0.02 s
[ 57/100] TestStruct::TopStruct#test_ref = 0.01 s
[ 58/100] TestStruct::TopStruct#test_public_send = 0.01 s
[ 59/100] TestStruct::TopStruct#test_dig = 0.01 s
[ 60/100] TestStruct::TopStruct#test_hash = 0.01 s
[ 61/100] TestStruct::TopStruct#test_to_h_block = 0.01 s
[ 62/100] TestStruct::TopStruct#test_big_struct = 0.03 s
[ 63/100] TestStruct::TopStruct#test_inherit = 0.01 s
[ 64/100] TestStruct::TopStruct#test_small_structs = 0.04 s
[ 65/100] TestStruct::TopStruct#test_eql = 0.02 s
[ 66/100] TestStruct::TopStruct#test_struct = 0.45 s
[ 67/100] TestStruct::TopStruct#test_keyword_args_warning = 0.06 s
[ 68/100] TestStruct::TopStruct#test_values_at = 0.01 s
[ 69/100] TestStruct::TopStruct#test_nonascii = 0.02 s
[ 70/100] TestStruct::TopStruct#test_larger_than_largest_pool = 0.06 s
[ 71/100] TestStruct::TopStruct#test_struct_new_with_keyword_init = 0.04 s
[ 72/100] TestStruct::TopStruct#test_inspect = 0.04 s
[ 73/100] TestStruct::TopStruct#test_comparison_when_recursive = 0.03 s
[ 74/100] TestStruct::TopStruct#test_to_h = 0.01 s
[ 75/100] TestStruct::TopStruct#test_parameters = 0.02 s
[ 76/100] TestStruct::TopStruct#test_equal = 0.01 s
[ 77/100] TestStruct::TopStruct#test_overridden_aref = 0.03 s
[ 78/100] TestStruct::TopStruct#test_set = 0.01 s
[ 79/100] TestStruct::TopStruct#test_bang_mark_in_member = 0.01 s
[ 80/100] TestStruct::TopStruct#test_struct_keyword_init_p = 0.02 s
[ 81/100] TestStruct::TopStruct#test_struct_new = 0.02 s
[ 82/100] TestStruct::TopStruct#test_new_duplicate = 0.02 s
[ 83/100] TestStruct::TopStruct#test_initialize = 0.02 s
[ 84/100] TestStruct::TopStruct#test_aref = 0.12 s
[ 85/100] TestStruct::TopStruct#test_setter_method_returns_value = 0.01 s
[ 86/100] TestStruct::TopStruct#test_struct_new_with_hash = 0.03 s
[ 87/100] TestStruct::TopStruct#test_members = 0.01 s
[ 88/100] TestStruct::TopStruct#test_struct_new_with_keyword_init_and_block = 0.01 s
[ 89/100] TestStruct::TopStruct#test_named_structs_are_not_rooted = 100.73 s
[ 90/100] TestStruct::TopStruct#test_arity = 0.02 s
[ 91/100] TestStruct::TopStruct#test_overridden_aset = 0.03 s
[ 92/100] TestStruct::TopStruct#test_init_copy = 0.01 s
[ 93/100] TestStruct::TopStruct#test_each = 0.02 s
[ 94/100] TestStruct::TopStruct#test_error = 0.01 s
[ 95/100] TestStruct::TopStruct#test_junk = 0.01 s
[ 96/100] TestStruct::TopStruct#test_filter = 0.02 s
[ 97/100] TestStruct::TopStruct#test_question_mark_in_member = 0.01 s
[ 98/100] TestStruct::TopStruct#test_morethan10members = 0.15 s
[ 99/100] TestStruct::TopStruct#test_size = 0.01 s
[100/100] TestStruct::TopStruct#test_select = 0.02 s

  1) Timeout:
TestStruct::SubStruct#test_named_structs_are_not_rooted

  2) Timeout:
TestStruct::TopStruct#test_named_structs_are_not_rooted

Finished tests in 211.381594s, 0.4731 tests/s, 2.6587 assertions/s.
100 tests, 562 assertions, 0 failures, 2 errors, 0 skips

ruby -v: ruby 3.4.1 (2025-06-14 revision 742e381c9f) +PRISM [riscv64-freebsd]
end time: 2025-06-21T21:49:24
----------------------------------------
Running test: ../test/ruby/enc/test_gb18030.rb
start time: 2025-06-21T21:49:24
Run options:
  "--ruby=./miniruby -I../lib -I. -I.ext/common  ../tool/runruby.rb --extout=.ext  -- --disable-gems
"
  --excludes-dir=../test/.excludes
  --name=!/memory_leak/
  -s
  3216
  --timeout-scale
  10
  --worker-timeout=100
  -v

# Running tests:

[1/5] TestGB18030#test_mbc_to_code = 0.05 s
[2/5] TestGB18030#test_code_to_mbc = 0.01 s
[3/5] TestGB18030#test_mbc_enc_len = 0.01 s
[4/5] TestGB18030#test_mbc_case_fold = 0.01 s
[5/5] TestGB18030#test_left_adjust_char_head = 0.08 s
Finished tests in 1.495520s, 3.3433 tests/s, 40.7885 assertions/s.
5 tests, 61 assertions, 0 failures, 0 errors, 0 skips

ruby -v: ruby 3.4.1 (2025-06-14 revision 742e381c9f) +PRISM [riscv64-freebsd]
end time: 2025-06-21T21:49:43
----------------------------------------
Running test: ../test/ruby/enc/test_windows_1251.rb
start time: 2025-06-21T21:49:44
Run options:
  "--ruby=./miniruby -I../lib -I. -I.ext/common  ../tool/runruby.rb --extout=.ext  -- --disable-gems
"
  --excludes-dir=../test/.excludes
  --name=!/memory_leak/
  -s
  3216
  --timeout-scale
  10
  --worker-timeout=100
  -v

# Running tests:

[1/1] TestWindows1251#test_windows_1251 = 0.37 s
Finished tests in 1.552193s, 0.6442 tests/s, 83.7524 assertions/s.
1 tests, 130 assertions, 0 failures, 0 errors, 0 skips

ruby -v: ruby 3.4.1 (2025-06-14 revision 742e381c9f) +PRISM [riscv64-freebsd]
end time: 2025-06-21T21:50:03
----------------------------------------
Running test: ../test/ruby/enc/test_regex_casefold.rb
start time: 2025-06-21T21:50:03
Run options:
  "--ruby=./miniruby -I../lib -I. -I.ext/common  ../tool/runruby.rb --extout=.ext  -- --disable-gems
"
  --excludes-dir=../test/.excludes
  --name=!/memory_leak/
  -s
  3216
  --timeout-scale
  10
  --worker-timeout=100
  -v

# Running tests:

[ 1/58] TestCaseFold#"test_get_case_fold_codes_by_str_ISO-8859-14" = 0.06 s
[ 2/58] TestCaseFold#"test_get_case_fold_codes_by_str_ISO-8859-16" = 0.01 s
[ 3/58] TestCaseFold#"test_get_case_fold_codes_by_str_ISO-8859-10" = 0.01 s
[ 4/58] TestCaseFold#"test_apply_all_case_fold_ISO-8859-8" = 0.01 s
[ 5/58] TestCaseFold#"test_get_case_fold_codes_by_str_koi8-u" = 0.01 s
[ 6/58] TestCaseFold#"test_mbc_case_fold_koi8-r" = 0.01 s
[ 7/58] TestCaseFold#"test_apply_all_case_fold_ISO-8859-6" = 0.01 s
[ 8/58] TestCaseFold#"test_apply_all_case_fold_ISO-8859-4" = 0.01 s
[ 9/58] TestCaseFold#"test_apply_all_case_fold_ISO-8859-2" = 0.01 s
[10/58] TestCaseFold#"test_apply_all_case_fold_ISO-8859-14" = 0.01 s
[11/58] TestCaseFold#"test_apply_all_case_fold_ISO-8859-16" = 0.01 s
[12/58] TestCaseFold#"test_mbc_case_fold_ISO-8859-10" = 0.01 s
[13/58] TestCaseFold#"test_get_case_fold_codes_by_str_ISO-8859-8" = 0.01 s
[14/58] TestCaseFold#"test_apply_all_case_fold_ISO-8859-10" = 0.01 s
[15/58] TestCaseFold#"test_mbc_case_fold_ISO-8859-16" = 0.01 s
[16/58] TestCaseFold#"test_apply_all_case_fold_US-ASCII" = 0.01 s
[17/58] TestCaseFold#"test_mbc_case_fold_ISO-8859-14" = 0.01 s
[18/58] TestCaseFold#"test_apply_all_case_fold_Windows-1250" = 0.01 s
[19/58] TestCaseFold#"test_get_case_fold_codes_by_str_ISO-8859-4" = 0.01 s
[20/58] TestCaseFold#"test_apply_all_case_fold_Windows-1252" = 0.01 s
[21/58] TestCaseFold#"test_get_case_fold_codes_by_str_ISO-8859-6" = 0.01 s
[22/58] TestCaseFold#"test_get_case_fold_codes_by_str_ISO-8859-2" = 0.01 s
[23/58] TestCaseFold#"test_mbc_case_fold_ISO-8859-6" = 0.01 s
[24/58] TestCaseFold#"test_mbc_case_fold_ISO-8859-4" = 0.01 s
[25/58] TestCaseFold#"test_get_case_fold_codes_by_str_US-ASCII" = 0.01 s
[26/58] TestCaseFold#"test_mbc_case_fold_ISO-8859-2" = 0.01 s
[27/58] TestCaseFold#"test_apply_all_case_fold_koi8-u" = 0.01 s
[28/58] TestCaseFold#"test_mbc_case_fold_ISO-8859-8" = 0.01 s
[29/58] TestCaseFold#"test_get_case_fold_codes_by_str_Windows-1252" = 0.01 s
[30/58] TestCaseFold#"test_get_case_fold_codes_by_str_Windows-1250" = 0.01 s
[31/58] TestCaseFold#"test_mbc_case_fold_ISO-8859-1" = 0.01 s
[32/58] TestCaseFold#"test_mbc_case_fold_ISO-8859-3" = 0.01 s
[33/58] TestCaseFold#"test_mbc_case_fold_ISO-8859-5" = 0.01 s
[34/58] TestCaseFold#"test_apply_all_case_fold_koi8-r" = 0.01 s
[35/58] TestCaseFold#test_downcase_fold = 0.01 s
[36/58] TestCaseFold#"test_mbc_case_fold_ISO-8859-9" = 0.01 s
[37/58] TestCaseFold#"test_mbc_case_fold_US-ASCII" = 0.01 s
[38/58] TestCaseFold#"test_mbc_case_fold_Windows-1250" = 0.01 s
[39/58] TestCaseFold#"test_mbc_case_fold_Windows-1252" = 0.01 s
[40/58] TestCaseFold#"test_mbc_case_fold_ISO-8859-15" = 0.01 s
[41/58] TestCaseFold#"test_apply_all_case_fold_ISO-8859-13" = 0.01 s
[42/58] TestCaseFold#"test_apply_all_case_fold_ISO-8859-11" = 0.01 s
[43/58] TestCaseFold#"test_get_case_fold_codes_by_str_ISO-8859-9" = 0.01 s
[44/58] TestCaseFold#"test_mbc_case_fold_ISO-8859-11" = 0.01 s
[45/58] TestCaseFold#"test_mbc_case_fold_ISO-8859-13" = 0.01 s
[46/58] TestCaseFold#"test_apply_all_case_fold_ISO-8859-15" = 0.01 s
[47/58] TestCaseFold#"test_get_case_fold_codes_by_str_ISO-8859-3" = 0.01 s
[48/58] TestCaseFold#"test_get_case_fold_codes_by_str_ISO-8859-1" = 0.01 s
[49/58] TestCaseFold#"test_get_case_fold_codes_by_str_ISO-8859-5" = 0.01 s
[50/58] TestCaseFold#"test_get_case_fold_codes_by_str_ISO-8859-13" = 0.01 s
[51/58] TestCaseFold#"test_apply_all_case_fold_ISO-8859-9" = 0.01 s
[52/58] TestCaseFold#"test_get_case_fold_codes_by_str_ISO-8859-11" = 0.01 s
[53/58] TestCaseFold#"test_get_case_fold_codes_by_str_ISO-8859-15" = 0.01 s
[54/58] TestCaseFold#"test_apply_all_case_fold_ISO-8859-1" = 0.01 s
[55/58] TestCaseFold#"test_mbc_case_fold_koi8-u" = 0.01 s
[56/58] TestCaseFold#"test_get_case_fold_codes_by_str_koi8-r" = 0.01 s
[57/58] TestCaseFold#"test_apply_all_case_fold_ISO-8859-3" = 0.01 s
[58/58] TestCaseFold#"test_apply_all_case_fold_ISO-8859-5" = 0.01 s
Finished tests in 4.232535s, 13.7034 tests/s, 27.4067 assertions/s.
58 tests, 116 assertions, 0 failures, 0 errors, 1 skips

ruby -v: ruby 3.4.1 (2025-06-14 revision 742e381c9f) +PRISM [riscv64-freebsd]
end time: 2025-06-21T21:50:26
----------------------------------------
Running test: ../test/ruby/enc/test_euc_kr.rb
start time: 2025-06-21T21:50:26
Run options:
  "--ruby=./miniruby -I../lib -I. -I.ext/common  ../tool/runruby.rb --extout=.ext  -- --disable-gems
"
  --excludes-dir=../test/.excludes
  --name=!/memory_leak/
  -s
  3216
  --timeout-scale
  10
  --worker-timeout=100
  -v

# Running tests:

[1/7] TestEucKr#test_mbc_to_code = 0.05 s
[2/7] TestEucKr#test_euro_sign = 0.03 s
[3/7] TestEucKr#test_code_to_mbc = 0.01 s
[4/7] TestEucKr#test_registered_mark = 0.01 s
[5/7] TestEucKr#test_mbc_enc_len = 0.01 s
[6/7] TestEucKr#test_mbc_case_fold = 0.01 s
[7/7] TestEucKr#test_left_adjust_char_head = 0.01 s
Finished tests in 1.524782s, 4.5908 tests/s, 13.7725 assertions/s.
7 tests, 21 assertions, 0 failures, 0 errors, 0 skips

ruby -v: ruby 3.4.1 (2025-06-14 revision 742e381c9f) +PRISM [riscv64-freebsd]
end time: 2025-06-21T21:50:46
----------------------------------------
Running test: ../test/ruby/enc/test_case_options.rb
start time: 2025-06-21T21:50:46
Run options:
  "--ruby=./miniruby -I../lib -I. -I.ext/common  ../tool/runruby.rb --extout=.ext  -- --disable-gems
"
  --excludes-dir=../test/.excludes
  --name=!/memory_leak/
  -s
  3216
  --timeout-scale
  10
  --worker-timeout=100
  -v

# Running tests:

[1/3] TestCaseOptions#test_operation_specific = 0.06 s
[2/3] TestCaseOptions#test_options_okay = 0.04 s
[3/3] TestCaseOptions#test_option_errors = 0.23 s
Finished tests in 1.592779s, 1.8835 tests/s, 124.3110 assertions/s.
3 tests, 198 assertions, 0 failures, 0 errors, 0 skips

ruby -v: ruby 3.4.1 (2025-06-14 revision 742e381c9f) +PRISM [riscv64-freebsd]
end time: 2025-06-21T21:51:06
----------------------------------------
Running test: ../test/ruby/enc/test_gbk.rb
start time: 2025-06-21T21:51:06
Run options:
  "--ruby=./miniruby -I../lib -I. -I.ext/common  ../tool/runruby.rb --extout=.ext  -- --disable-gems
"
  --excludes-dir=../test/.excludes
  --name=!/memory_leak/
  -s
  3216
  --timeout-scale
  10
  --worker-timeout=100
  -v

# Running tests:

[1/5] TestGBK#test_mbc_to_code = 0.05 s
[2/5] TestGBK#test_code_to_mbc = 0.01 s
[3/5] TestGBK#test_mbc_enc_len = 0.01 s
[4/5] TestGBK#test_mbc_case_fold = 0.01 s
[5/5] TestGBK#test_left_adjust_char_head = 0.01 s
Finished tests in 1.412938s, 3.5387 tests/s, 10.6162 assertions/s.
5 tests, 15 assertions, 0 failures, 0 errors, 0 skips

ruby -v: ruby 3.4.1 (2025-06-14 revision 742e381c9f) +PRISM [riscv64-freebsd]
end time: 2025-06-21T21:51:26
----------------------------------------
Running test: ../test/ruby/enc/test_emoji_breaks.rb
start time: 2025-06-21T21:51:26
Run options:
  "--ruby=./miniruby -I../lib -I. -I.ext/common  ../tool/runruby.rb --extout=.ext  -- --disable-gems
"
  --excludes-dir=../test/.excludes
  --name=!/memory_leak/
  -s
  3216
  --timeout-scale
  10
  --worker-timeout=100
  -v

# Running tests:

[1/1] TestEmojiBreaks#test_data_files_available = 0.06 s
Finished tests in 1.262958s, 0.7918 tests/s, 2.3754 assertions/s.
1 tests, 3 assertions, 0 failures, 0 errors, 1 skips

ruby -v: ruby 3.4.1 (2025-06-14 revision 742e381c9f) +PRISM [riscv64-freebsd]
end time: 2025-06-21T21:51:46
----------------------------------------
Running test: ../test/ruby/enc/test_big5.rb
start time: 2025-06-21T21:51:46
Run options:
  "--ruby=./miniruby -I../lib -I. -I.ext/common  ../tool/runruby.rb --extout=.ext  -- --disable-gems
"
  --excludes-dir=../test/.excludes
  --name=!/memory_leak/
  -s
  3216
  --timeout-scale
  10
  --worker-timeout=100
  -v

# Running tests:

[1/5] TestBig5#test_mbc_to_code = 0.05 s
[2/5] TestBig5#test_code_to_mbc = 0.01 s
[3/5] TestBig5#test_mbc_enc_len = 0.01 s
[4/5] TestBig5#test_mbc_case_fold = 0.01 s
[5/5] TestBig5#test_left_adjust_char_head = 0.01 s
Finished tests in 1.413640s, 3.5370 tests/s, 10.6109 assertions/s.
5 tests, 15 assertions, 0 failures, 0 errors, 0 skips

ruby -v: ruby 3.4.1 (2025-06-14 revision 742e381c9f) +PRISM [riscv64-freebsd]
end time: 2025-06-21T21:52:06
----------------------------------------
Running test: ../test/ruby/enc/test_grapheme_breaks.rb
start time: 2025-06-21T21:52:06
Run options:
  "--ruby=./miniruby -I../lib -I. -I.ext/common  ../tool/runruby.rb --extout=.ext  -- --disable-gems
"
  --excludes-dir=../test/.excludes
  --name=!/memory_leak/
  -s
  3216
  --timeout-scale
  10
  --worker-timeout=100
  -v

# Running tests:

[1/1] TestGraphemeBreaksFromFile#test_data_files_available = 0.06 s
Finished tests in 1.253286s, 0.7979 tests/s, 1.5958 assertions/s.
1 tests, 2 assertions, 0 failures, 0 errors, 1 skips

ruby -v: ruby 3.4.1 (2025-06-14 revision 742e381c9f) +PRISM [riscv64-freebsd]
end time: 2025-06-21T21:52:25
----------------------------------------
Running test: ../test/ruby/enc/test_windows_1252.rb
start time: 2025-06-21T21:52:25
Run options:
  "--ruby=./miniruby -I../lib -I. -I.ext/common  ../tool/runruby.rb --extout=.ext  -- --disable-gems
"
  --excludes-dir=../test/.excludes
  --name=!/memory_leak/
  -s
  3216
  --timeout-scale
  10
  --worker-timeout=100
  -v

# Running tests:

[1/2] TestWindows1252#test_windows_1252 = 0.39 s
[2/2] TestWindows1252#test_stset = 0.02 s
Finished tests in 1.631061s, 1.2262 tests/s, 88.8992 assertions/s.
2 tests, 145 assertions, 0 failures, 0 errors, 0 skips

ruby -v: ruby 3.4.1 (2025-06-14 revision 742e381c9f) +PRISM [riscv64-freebsd]
end time: 2025-06-21T21:52:45
----------------------------------------
Running test: ../test/ruby/enc/test_shift_jis.rb
start time: 2025-06-21T21:52:45
Run options:
  "--ruby=./miniruby -I../lib -I. -I.ext/common  ../tool/runruby.rb --extout=.ext  -- --disable-gems
"
  --excludes-dir=../test/.excludes
  --name=!/memory_leak/
  -s
  3216
  --timeout-scale
  10
  --worker-timeout=100
  -v

# Running tests:

[1/3] TestShiftJIS#test_property = 0.05 s
[2/3] TestShiftJIS#test_code_to_mbclen = 0.01 s
[3/3] TestShiftJIS#test_mbc_case_fold = 0.01 s
Finished tests in 1.334402s, 2.2482 tests/s, 12.7398 assertions/s.
3 tests, 17 assertions, 0 failures, 0 errors, 0 skips

ruby -v: ruby 3.4.1 (2025-06-14 revision 742e381c9f) +PRISM [riscv64-freebsd]
end time: 2025-06-21T21:53:05
----------------------------------------
Running test: ../test/ruby/enc/test_utf32.rb
start time: 2025-06-21T21:53:05
Run options:
  "--ruby=./miniruby -I../lib -I. -I.ext/common  ../tool/runruby.rb --extout=.ext  -- --disable-gems
"
  --excludes-dir=../test/.excludes
  --name=!/memory_leak/
  -s
  3216
  --timeout-scale
  10
  --worker-timeout=100
  -v

# Running tests:

[1/8] TestUTF32#test_substr = 0.06 s
[2/8] TestUTF32#test_utf32le_valid_encoding = 0.03 s
[3/8] TestUTF32#test_mbc_to_code = 0.01 s
[4/8] TestUTF32#test_utf32be_valid_encoding = 0.03 s
[5/8] TestUTF32#test_code_to_mbc = 0.01 s
[6/8] TestUTF32#test_mbc_len = 0.01 s
[7/8] TestUTF32#test_mbc_newline = 0.09 s
[8/8] TestUTF32#test_mbc_case_fold = 0.03 s
Finished tests in 1.725969s, 4.6351 tests/s, 41.7157 assertions/s.
8 tests, 72 assertions, 0 failures, 0 errors, 0 skips

ruby -v: ruby 3.4.1 (2025-06-14 revision 742e381c9f) +PRISM [riscv64-freebsd]
end time: 2025-06-21T21:53:25
----------------------------------------
Running test: ../test/ruby/enc/test_case_mapping.rb
start time: 2025-06-21T21:53:25
Run options:
  "--ruby=./miniruby -I../lib -I. -I.ext/common  ../tool/runruby.rb --extout=.ext  -- --disable-gems
"
  --excludes-dir=../test/.excludes
  --name=!/memory_leak/
  -s
  3216
  --timeout-scale
  10
  --worker-timeout=100
  -v

# Running tests:

[ 1/18] TestCaseMappingPreliminary#test_ascii_option = 0.06 s
[ 2/18] TestCaseMappingPreliminary#test_fold_option = 0.02 s
[ 3/18] TestCaseMappingPreliminary#test_reorder_unfold = 0.02 s
[ 4/18] TestCaseMappingPreliminary#test_cherokee = 0.06 s
[ 5/18] TestCaseMappingPreliminary#test_swapcase = 0.02 s
[ 6/18] TestCaseMappingPreliminary#test_titlecase = 0.06 s
[ 7/18] TestCaseMappingPreliminary#test_greek = 0.02 s
[ 8/18] TestCaseMappingPreliminary#test_shift_jis_downcase_ascii = 0.03 s
[ 9/18] TestCaseMappingPreliminary#test_various = 0.02 s
[10/18] TestCaseMappingPreliminary#test_turcic = 0.03 s
[11/18] TestCaseMappingPreliminary#test_shift_jis_upcase_ascii = 0.01 s
[12/18] TestCaseMappingPreliminary#test_ascii = 0.02 s
[13/18] TestCaseMappingPreliminary#test_georgian_canary = 0.01 s
[14/18] TestCaseMappingPreliminary#test_georgian_unassigned = 0.02 s
[15/18] TestCaseMappingPreliminary#test_general = 0.19 s
[16/18] TestCaseMappingPreliminary#test_one_way_upcase = 0.07 s
[17/18] TestCaseMappingPreliminary#test_georgian_capitalize = 0.01 s
[18/18] TestCaseMappingPreliminary#test_invalid = 0.02 s
Finished tests in 2.513782s, 7.1605 tests/s, 222.3741 assertions/s.
18 tests, 559 assertions, 0 failures, 0 errors, 0 skips

ruby -v: ruby 3.4.1 (2025-06-14 revision 742e381c9f) +PRISM [riscv64-freebsd]
end time: 2025-06-21T21:53:46
----------------------------------------
Running test: ../test/ruby/enc/test_cesu8.rb
start time: 2025-06-21T21:53:47
Run options:
  "--ruby=./miniruby -I../lib -I. -I.ext/common  ../tool/runruby.rb --extout=.ext  -- --disable-gems
"
  --excludes-dir=../test/.excludes
  --name=!/memory_leak/
  -s
  3216
  --timeout-scale
  10
  --worker-timeout=100
  -v

# Running tests:

[1/3] TestCESU8#test_cesu8_ord = 0.07 s
[2/3] TestCESU8#test_cesu8_left_adjust_char_head = 0.03 s
[3/3] TestCESU8#test_cesu8_valid_encoding = 0.03 s
Finished tests in 1.390568s, 2.1574 tests/s, 33.0800 assertions/s.
3 tests, 46 assertions, 0 failures, 0 errors, 0 skips

ruby -v: ruby 3.4.1 (2025-06-14 revision 742e381c9f) +PRISM [riscv64-freebsd]
end time: 2025-06-21T21:54:06
----------------------------------------
Running test: ../test/ruby/enc/test_cp949.rb
start time: 2025-06-21T21:54:06
Run options:
  "--ruby=./miniruby -I../lib -I. -I.ext/common  ../tool/runruby.rb --extout=.ext  -- --disable-gems
"
  --excludes-dir=../test/.excludes
  --name=!/memory_leak/
  -s
  3216
  --timeout-scale
  10
  --worker-timeout=100
  -v

# Running tests:

[1/5] TestCP949#test_mbc_to_code = 0.05 s
[2/5] TestCP949#test_code_to_mbc = 0.01 s
[3/5] TestCP949#test_mbc_enc_len = 0.01 s
[4/5] TestCP949#test_mbc_case_fold = 0.01 s
[5/5] TestCP949#test_left_adjust_char_head = 0.01 s
Finished tests in 1.412128s, 3.5408 tests/s, 10.6223 assertions/s.
5 tests, 15 assertions, 0 failures, 0 errors, 0 skips

ruby -v: ruby 3.4.1 (2025-06-14 revision 742e381c9f) +PRISM [riscv64-freebsd]
end time: 2025-06-21T21:54:26
----------------------------------------
Running test: ../test/ruby/enc/test_koi8.rb
start time: 2025-06-21T21:54:26
Run options:
  "--ruby=./miniruby -I../lib -I. -I.ext/common  ../tool/runruby.rb --extout=.ext  -- --disable-gems
"
  --excludes-dir=../test/.excludes
  --name=!/memory_leak/
  -s
  3216
  --timeout-scale
  10
  --worker-timeout=100
  -v

# Running tests:

[1/2] TestKOI8#test_koi8_r = 0.41 s
[2/2] TestKOI8#test_koi8_u = 0.39 s
Finished tests in 2.025292s, 0.9875 tests/s, 128.3765 assertions/s.
2 tests, 260 assertions, 0 failures, 0 errors, 0 skips

ruby -v: ruby 3.4.1 (2025-06-14 revision 742e381c9f) +PRISM [riscv64-freebsd]
end time: 2025-06-21T21:54:46
----------------------------------------
Running test: ../test/ruby/enc/test_emoji.rb
start time: 2025-06-21T21:54:47
Run options:
  "--ruby=./miniruby -I../lib -I. -I.ext/common  ../tool/runruby.rb --extout=.ext  -- --disable-gems
"
  --excludes-dir=../test/.excludes
  --name=!/memory_leak/
  -s
  3216
  --timeout-scale
  10
  --worker-timeout=100
  -v

# Running tests:

[ 1/33] Emoji::TestSoftBank#test_to_sjis = 0.18 s
[ 2/33] Emoji::TestSoftBank#test_from_sjis = 0.03 s
[ 3/33] Emoji::TestSoftBank#test_from_utf8 = 0.02 s
[ 4/33] Emoji::TestSoftBank#test_encoding_name = 0.05 s
[ 5/33] Emoji::TestSoftBank#test_to_docomo = 0.06 s
[ 6/33] Emoji::TestSoftBank#test_to_utf8 = 0.02 s
[ 7/33] Emoji::TestSoftBank#test_comparison = 0.02 s
[ 8/33] Emoji::TestSoftBank#test_softbank = 0.02 s
[ 9/33] Emoji::TestSoftBank#test_to_kddi = 0.72 s
[10/33] Emoji::TestSoftBank#test_to_eucjp = 0.04 s
[11/33] Emoji::TestDoCoMo#test_to_sjis = 0.04 s
[12/33] Emoji::TestDoCoMo#test_from_sjis = 0.02 s
[13/33] Emoji::TestDoCoMo#test_to_softbank = 0.04 s
[14/33] Emoji::TestDoCoMo#test_from_utf8 = 0.02 s
[15/33] Emoji::TestDoCoMo#test_encoding_name = 0.04 s
[16/33] Emoji::TestDoCoMo#test_to_utf8 = 0.02 s
[17/33] Emoji::TestDoCoMo#test_comparison = 0.02 s
[18/33] Emoji::TestDoCoMo#test_docomo = 0.02 s
[19/33] Emoji::TestDoCoMo#test_to_kddi = 0.07 s
[20/33] Emoji::TestDoCoMo#test_to_eucjp = 0.03 s
[21/33] Emoji::TestKDDI#test_to_sjis = 0.04 s
[22/33] Emoji::TestKDDI#test_from_sjis = 0.03 s
[23/33] Emoji::TestKDDI#test_to_softbank = 0.07 s
[24/33] Emoji::TestKDDI#test_kddi = 0.04 s
[25/33] Emoji::TestKDDI#test_from_utf8 = 0.03 s
[26/33] Emoji::TestKDDI#test_encoding_name = 0.08 s
[27/33] Emoji::TestKDDI#test_from_iso2022jp = 0.03 s
[28/33] Emoji::TestKDDI#test_to_docomo = 0.07 s
[29/33] Emoji::TestKDDI#test_to_utf8 = 0.03 s
[30/33] Emoji::TestKDDI#test_comparison = 0.02 s
[31/33] Emoji::TestKDDI#test_to_eucjp = 0.04 s
[32/33] Emoji::TestRenameSJIS#test_shift_jis = 0.09 s
[33/33] Emoji::TestUTF8_BLACK_SUN_WITH_RAYS#test_convert = 0.04 s
Finished tests in 5.301912s, 6.2242 tests/s, 55.6403 assertions/s.
33 tests, 295 assertions, 0 failures, 0 errors, 0 skips

ruby -v: ruby 3.4.1 (2025-06-14 revision 742e381c9f) +PRISM [riscv64-freebsd]
end time: 2025-06-21T21:55:11
----------------------------------------
Running test: ../test/ruby/enc/test_euc_jp.rb
start time: 2025-06-21T21:55:11
Run options:
  "--ruby=./miniruby -I../lib -I. -I.ext/common  ../tool/runruby.rb --extout=.ext  -- --disable-gems
"
  --excludes-dir=../test/.excludes
  --name=!/memory_leak/
  -s
  3216
  --timeout-scale
  10
  --worker-timeout=100
  -v

# Running tests:

[1/3] TestEUC_JP#test_charboundary = 0.03 s
[2/3] TestEUC_JP#test_property = 0.03 s
[3/3] TestEUC_JP#test_mbc_case_fold = 0.01 s
Finished tests in 1.327661s, 2.2596 tests/s, 12.0513 assertions/s.
3 tests, 16 assertions, 0 failures, 0 errors, 0 skips

ruby -v: ruby 3.4.1 (2025-06-14 revision 742e381c9f) +PRISM [riscv64-freebsd]
end time: 2025-06-21T21:55:30
----------------------------------------
Running test: ../test/ruby/enc/test_case_comprehensive.rb
start time: 2025-06-21T21:55:30
Run options:
  "--ruby=./miniruby -I../lib -I. -I.ext/common  ../tool/runruby.rb --extout=.ext  -- --disable-gems
"
  --excludes-dir=../test/.excludes
  --name=!/memory_leak/
  -s
  3216
  --timeout-scale
  10
  --worker-timeout=100
  -v

# Running tests:

[1/1] TestComprehensiveCaseMapping#test_data_files_available = 0.06 s
Finished tests in 1.282117s, 0.7800 tests/s, 1.5599 assertions/s.
1 tests, 2 assertions, 0 failures, 0 errors, 1 skips

ruby -v: ruby 3.4.1 (2025-06-14 revision 742e381c9f) +PRISM [riscv64-freebsd]
end time: 2025-06-21T21:55:50
----------------------------------------
Running test: ../test/ruby/enc/test_iso_8859.rb
start time: 2025-06-21T21:55:50
Run options:
  "--ruby=./miniruby -I../lib -I. -I.ext/common  ../tool/runruby.rb --extout=.ext  -- --disable-gems
"
  --excludes-dir=../test/.excludes
  --name=!/memory_leak/
  -s
  3216
  --timeout-scale
  10
  --worker-timeout=100
  -v

# Running tests:

[ 1/15] TestISO8859#test_iso_8859_6 = 0.21 s
[ 2/15] TestISO8859#test_iso_8859_4 = 0.38 s
[ 3/15] TestISO8859#test_iso_8859_2 = 0.39 s
[ 4/15] TestISO8859#test_iso_8859_8 = 0.20 s
[ 5/15] TestISO8859#test_iso_8859_10 = 0.39 s
[ 6/15] TestISO8859#test_iso_8859_16 = 0.46 s
[ 7/15] TestISO8859#test_iso_8859_14 = 0.43 s
[ 8/15] TestISO8859#test_iso_8859_15 = 0.95 s
[ 9/15] TestISO8859#test_iso_8859_11 = 0.27 s
[10/15] TestISO8859#test_iso_8859_13 = 0.64 s
[11/15] TestISO8859#test_iso_8859_1 = 0.45 s
[12/15] TestISO8859#test_iso_8859_3 = 0.50 s
[13/15] TestISO8859#test_iso_8859_5 = 0.51 s
[14/15] TestISO8859#test_iso_8859_7 = 0.82 s
[15/15] TestISO8859#test_iso_8859_9 = 0.44 s
Finished tests in 9.080719s, 1.6519 tests/s, 205.9308 assertions/s.
15 tests, 1870 assertions, 0 failures, 0 errors, 0 skips

ruby -v: ruby 3.4.1 (2025-06-14 revision 742e381c9f) +PRISM [riscv64-freebsd]
end time: 2025-06-21T21:56:18
----------------------------------------
Running test: ../test/ruby/enc/test_euc_tw.rb
start time: 2025-06-21T21:56:18
Run options:
  "--ruby=./miniruby -I../lib -I. -I.ext/common  ../tool/runruby.rb --extout=.ext  -- --disable-gems
"
  --excludes-dir=../test/.excludes
  --name=!/memory_leak/
  -s
  3216
  --timeout-scale
  10
  --worker-timeout=100
  -v

# Running tests:

[1/5] TestEucTw#test_mbc_to_code = 0.05 s
[2/5] TestEucTw#test_code_to_mbc = 0.01 s
[3/5] TestEucTw#test_mbc_enc_len = 0.01 s
[4/5] TestEucTw#test_mbc_case_fold = 0.01 s
[5/5] TestEucTw#test_left_adjust_char_head = 0.01 s
Finished tests in 1.412006s, 3.5411 tests/s, 10.6232 assertions/s.
5 tests, 15 assertions, 0 failures, 0 errors, 0 skips

ruby -v: ruby 3.4.1 (2025-06-14 revision 742e381c9f) +PRISM [riscv64-freebsd]
end time: 2025-06-21T21:56:38
----------------------------------------
Running test: ../test/ruby/enc/test_utf16.rb
start time: 2025-06-21T21:56:38
Run options:
  "--ruby=./miniruby -I../lib -I. -I.ext/common  ../tool/runruby.rb --extout=.ext  -- --disable-gems
"
  --excludes-dir=../test/.excludes
  --name=!/memory_leak/
  -s
  3216
  --timeout-scale
  10
  --worker-timeout=100
  -v

# Running tests:

[ 1/36] TestUTF16#test_gsub = 0.08 s
[ 2/36] TestUTF16#test_casecmp2 = 0.03 s
[ 3/36] TestUTF16#test_concat_empty1 = 0.01 s
[ 4/36] TestUTF16#test_slice! = 0.01 s
[ 5/36] TestUTF16#test_intern = 0.01 s
[ 6/36] TestUTF16#test_succ = 0.01 s
[ 7/36] TestUTF16#test_utf16be_valid_encoding = 0.03 s
[ 8/36] TestUTF16#test_plus_empty2 = 0.01 s
[ 9/36] TestUTF16#test_count2 = 0.01 s
[10/36] TestUTF16#test_regexp_escape = 0.01 s
[11/36] TestUTF16#test_header = 0.02 s
[12/36] TestUTF16#test_utf16le_valid_encoding = 0.03 s
[13/36] TestUTF16#test_count = 0.01 s
[14/36] TestUTF16#test_regexp_union = 0.01 s
[15/36] TestUTF16#test_oct = 0.01 s
[16/36] TestUTF16#test_code_to_mbc = 0.01 s
[17/36] TestUTF16#test_chomp = 0.01 s
[18/36] TestUTF16#test_interpolation = 0.01 s
[19/36] TestUTF16#test_plus = 0.01 s
[20/36] TestUTF16#test_empty_regexp = 0.01 s
[21/36] TestUTF16#test_regexp_match = 0.01 s
[22/36] TestUTF16#test_sym_eq = 0.34 s
[23/36] TestUTF16#test_concat_nonempty = 0.01 s
[24/36] TestUTF16#test_surrogate_pair = 0.01 s
[25/36] TestUTF16#test_split_awk = 0.02 s
[26/36] TestUTF16#test_encoding_find = 0.01 s
[27/36] TestUTF16#test_compatible = 0.01 s
[28/36] TestUTF16#test_strftime = 0.01 s
[29/36] TestUTF16#test_is_mbc_newline = 0.05 s
[30/36] TestUTF16#test_plus_empty1 = 0.01 s
[31/36] TestUTF16#test_plus_nonempty = 0.01 s
[32/36] TestUTF16#test_mbc_case_fold = 0.03 s
[33/36] TestUTF16#test_casecmp = 0.02 s
[34/36] TestUTF16#test_end_with = 0.01 s
[35/36] TestUTF16#test_hex = 0.01 s
[36/36] TestUTF16#test_concat_empty2 = 0.01 s
Finished tests in 3.359310s, 10.7165 tests/s, 51.7964 assertions/s.
36 tests, 174 assertions, 0 failures, 0 errors, 0 skips

ruby -v: ruby 3.4.1 (2025-06-14 revision 742e381c9f) +PRISM [riscv64-freebsd]
end time: 2025-06-21T21:57:00
----------------------------------------
Running test: ../test/ruby/test_parse.rb
start time: 2025-06-21T21:57:00
Run options:
  "--ruby=./miniruby -I../lib -I. -I.ext/common  ../tool/runruby.rb --extout=.ext  -- --disable-gems
"
  --excludes-dir=../test/.excludes
  --name=!/memory_leak/
  -s
  3216
  --timeout-scale
  10
  --worker-timeout=100
  -v

# Running tests:

[ 1/99] TestParse#test_heredoc_unterminated_interpolation = 0.07 s
[ 2/99] TestParse#test_location_of_invalid_token = 0.03 s
[ 3/99] TestParse#test_set_backref = 0.03 s
[ 4/99] TestParse#test_if_after_class = 0.04 s
[ 5/99] TestParse#test_unclosed_unicode_escape_at_eol_bug_19750 = 11.45 s
[ 6/99] TestParse#test_carrige_return = 0.02 s
[ 7/99] TestParse#test_parse_string = 0.04 s
[ 8/99] TestParse#test_shareable_constant_value_nonliteral = 0.07 s
[ 9/99] TestParse#test_heredoc_interpolation = 0.01 s
[10/99] TestParse#test_shareable_constant_value_simple = 0.05 s
[11/99] TestParse#test_parsing_begin_statement_inside_method_definition = 0.04 s
[12/99] TestParse#test_unexpected_eof = 0.04 s
[13/99] TestParse#test_unassignable = 0.25 s
[14/99] TestParse#test_arg = 0.04 s
[15/99] TestParse#test_dstr_disallowed_variable = 0.05 s
[16/99] TestParse#test_op_asgn1_with_block = 0.06 s
[17/99] TestParse#test_float = 0.07 s
[18/99] TestParse#test_symbol = 0.16 s
[19/99] TestParse#test_rescue_in_command_assignment = 0.52 s
[20/99] TestParse#test_unexpected_token_error = 0.04 s
[21/99] TestParse#test_method_block_location = 0.03 s
[22/99] TestParse#test_command_def_cmdarg = 0.01 s
[23/99] TestParse#test_pow_asgn = 0.01 s
[24/99] TestParse#test_string = 0.59 s
[25/99] TestParse#test_mlhs_node = 0.03 s
[26/99] TestParse#test_duplicate_argument = 0.08 s
[27/99] TestParse#test_dsym = 0.01 s
[28/99] TestParse#test_nonascii_constant = 0.49 s
[29/99] TestParse#test_escaped_space = 0.04 s
[30/99] TestParse#test_disallowed_class_variable = 0.09 s
[31/99] TestParse#test_unterminated_regexp_error = 0.03 s
[32/99] TestParse#test_block_call_colon2 = 0.02 s
[33/99] TestParse#test_question = 0.43 s
[34/99] TestParse#test_cdmarg_after_command_args_and_tlbrace_arg = 0.02 s
[35/99] TestParse#test_shareable_constant_value_unfrozen = 0.03 s
[36/99] TestParse#test_class_module = 0.07 s
[37/99] TestParse#test_dstr = 0.01 s
[38/99] TestParse#test_shareable_constant_value_hash_with_keyword_splat = 0.02 s
[39/99] TestParse#test_utf8_bom = 0.02 s
[40/99] TestParse#test_shareable_constant_value_nested = 0.02 s
[41/99] TestParse#test_named_capture_in_block = 0.60 s
[42/99] TestParse#test_unused_variable = 0.08 s
[43/99] TestParse#test_invalid_char = 2.38 s
[44/99] TestParse#test_invalid_instance_variable = 0.06 s
[45/99] TestParse#test_bad_arg = 0.15 s
[46/99] TestParse#test_invalid_class_variable = 0.06 s
[47/99] TestParse#test_literal_in_conditional = 0.05 s
[48/99] TestParse#test_else_without_rescue = 0.04 s
[49/99] TestParse#test_block_variable = 0.02 s
[50/99] TestParse#test_void_value_in_rhs = 0.29 s
[51/99] TestParse#test_file_in_indented_heredoc = 0.02 s
[52/99] TestParse#test_words = 0.04 s
[53/99] TestParse#test_arg2 = 0.10 s
[54/99] TestParse#test_no_blockarg = 0.03 s
[55/99] TestParse#test_dot_in_next_line = 0.02 s
[56/99] TestParse#test_void_expr_stmts_value = 0.13 s
[57/99] TestParse#test_call_method = 0.02 s
[58/99] TestParse#test_backquote = 0.04 s
[59/99] TestParse#test_op_name = 0.01 s
[60/99] TestParse#test_named_capture_conflict = 0.02 s
[61/99] TestParse#test_shadowing_private_local_variable = 0.02 s
[62/99] TestParse#test_alias_backref = 0.04 s
[63/99] TestParse#test_no_shadowing_variable_warning = 0.02 s
[64/99] TestParse#test_whitespace_warning = 0.16 s
[65/99] TestParse#test_here_document = 0.12 s
[66/99] TestParse#test_lparenarg = 0.01 s
[67/99] TestParse#test_label = 0.05 s
[68/99] TestParse#test_eof = 0.01 s
[69/99] TestParse#test_xstring = 0.12 s
[70/99] TestParse#test_assign_in_conditional = 23.04 s
[71/99] TestParse#test_serial_comparison = 0.02 s
[72/99] TestParse#test_error_line = 0.07 s
[73/99] TestParse#test_do_lambda = 0.02 s
[74/99] TestParse#test_define_singleton_error = 0.15 s
[75/99] TestParse#test_magic_comment = 0.07 s
[76/99] TestParse#test_global_variable = 0.08 s
[77/99] TestParse#test_literal_concat = 0.01 s
[78/99] TestParse#test_embedded_rd_error = 0.06 s
[79/99] TestParse#test_dynamic_constant_assignment = 0.12 s
[80/99] TestParse#test_block_dup = 0.04 s
[81/99] TestParse#test_eof_in_def = 0.09 s
[82/99] TestParse#test_yyerror_at_eol = 0.06 s
[83/99] TestParse#test_flip_flop = 0.12 s
[84/99] TestParse#test_unexpected_token_after_numeric = 0.13 s
[85/99] TestParse#test_shareable_constant_value_invalid = 0.02 s
[86/99] TestParse#test_disallowed_instance_variable = 0.07 s
[87/99] TestParse#test_shareable_constant_value_literal_const_refs = 0.02 s
[88/99] TestParse#test_ungettable_gvar = 0.06 s
[89/99] TestParse#test_nonascii_const_set = 0.45 s
[90/99] TestParse#test_shareable_constant_value_unshareable_literal = 45.59 s
[91/99] TestParse#test_command_call = 0.13 s
[92/99] TestParse#test_percent = 0.17 s
[93/99] TestParse#test_disallowed_gloal_variable = 0.07 s
[94/99] TestParse#test_shareable_constant_value_ignored = 0.02 s
[95/99] TestParse#test_truncated_source_line = 0.04 s
[96/99] TestParse#test_negative_line_number = 0.02 s
[97/99] TestParse#test_method_location_in_rescue = 0.01 s
[98/99] TestParse#test_embedded_rd = 0.02 s
[99/99] TestParse#test_error_def_in_argument = 11.43 s
Finished tests in 108.419073s, 0.9131 tests/s, 11.1051 assertions/s.
99 tests, 1204 assertions, 0 failures, 0 errors, 0 skips

ruby -v: ruby 3.4.1 (2025-06-14 revision 742e381c9f) +PRISM [riscv64-freebsd]
end time: 2025-06-21T21:59:09
----------------------------------------
Running test: ../test/ruby/test_sleep.rb
start time: 2025-06-21T21:59:09
Run options:
  "--ruby=./miniruby -I../lib -I. -I.ext/common  ../tool/runruby.rb --extout=.ext  -- --disable-gems
"
  --excludes-dir=../test/.excludes
  --name=!/memory_leak/
  -s
  3216
  --timeout-scale
  10
  --worker-timeout=100
  -v

# Running tests:

[1/1] TestSleep#test_sleep_5sec = 5.05 s
Finished tests in 6.238150s, 0.1603 tests/s, 0.6412 assertions/s.
1 tests, 4 assertions, 0 failures, 0 errors, 0 skips

ruby -v: ruby 3.4.1 (2025-06-14 revision 742e381c9f) +PRISM [riscv64-freebsd]
end time: 2025-06-21T21:59:33
----------------------------------------
Running test: ../test/ruby/test_enum.rb
start time: 2025-06-21T21:59:33
Run options:
  "--ruby=./miniruby -I../lib -I. -I.ext/common  ../tool/runruby.rb --extout=.ext  -- --disable-gems
"
  --excludes-dir=../test/.excludes
  --name=!/memory_leak/
  -s
  3216
  --timeout-scale
  10
  --worker-timeout=100
  -v

# Running tests:

[ 1/84] TestEnumerable#test_cycle = 0.05 s
[ 2/84] TestEnumerable#test_inject_op_private = 11.54 s
[ 3/84] TestEnumerable#test_each_with_object = 0.03 s
[ 4/84] TestEnumerable#test_grep_v = 0.03 s
[ 5/84] TestEnumerable#test_each_cons = 0.03 s
[ 6/84] TestEnumerable#test_member = 0.02 s
[ 7/84] TestEnumerable#test_zip = 0.11 s
[ 8/84] TestEnumerable#test_grep = 0.03 s
[ 9/84] TestEnumerable#test_any_with_unused_block = 10.41 s
[10/84] TestEnumerable#test_drop_while = 0.02 s
[11/84] TestEnumerable#test_none_with_unused_block = 9.35 s
[12/84] TestEnumerable#test_all = 0.03 s
[13/84] TestEnumerable#test_take_while = 0.04 s
[14/84] TestEnumerable#test_uniq = 0.04 s
[15/84] TestEnumerable#test_find_all = 0.02 s
[16/84] TestEnumerable#test_find_index = 0.04 s
[17/84] TestEnumerable#test_inject = 0.03 s
[18/84] TestEnumerable#test_to_h_block = 0.03 s
[19/84] TestEnumerable#test_each_slice = 0.03 s
[20/84] TestEnumerable#test_chunk_while_contiguously_increasing_integers = 0.02 s
[21/84] TestEnumerable#test_drop = 0.01 s
[22/84] TestEnumerable#test_hash_sum = 0.01 s
[23/84] TestEnumerable#test_inject_array_op_private = 11.49 s
[24/84] TestEnumerable#test_first = 4.94 s
[25/84] TestEnumerable#test_minmax = 0.10 s
[26/84] TestEnumerable#test_min = 0.17 s
[27/84] TestEnumerable#test_filter_map = 0.11 s
[28/84] TestEnumerable#test_to_a_size_symbol = 0.09 s
[29/84] TestEnumerable#test_slice_before_empty_line = 0.02 s
[30/84] TestEnumerable#test_count = 0.03 s
[31/84] TestEnumerable#test_sort_by = 0.06 s
[32/84] TestEnumerable#test_one = 0.03 s
[33/84] TestEnumerable#test_slice_when_3 = 0.02 s
[34/84] TestEnumerable#test_slice_when_1 = 0.02 s
[35/84] TestEnumerable#test_transient_heap_sort_by = 1.89 s
[36/84] TestEnumerable#test_to_h = 0.02 s
[37/84] TestEnumerable#test_slice_before = 0.04 s
[38/84] TestEnumerable#test_grep_optimization = 0.02 s
[39/84] TestEnumerable#test_each_entry = 0.02 s
[40/84] TestEnumerable#test_slice_after0 = 0.02 s
[41/84] TestEnumerable#test_sort = 0.02 s
[42/84] TestEnumerable#test_slice_when_0 = 0.01 s
[43/84] TestEnumerable#test_slice_when_2 = 0.02 s
[44/84] TestEnumerable#test_to_a = 0.01 s
[45/84] TestEnumerable#test_flat_map = 0.03 s
[46/84] TestEnumerable#test_slice_after1 = 0.03 s
[47/84] TestEnumerable#test_tally = 0.05 s
[48/84] TestEnumerable#test_slice_when_contiguously_increasing_integers = 0.02 s
[49/84] TestEnumerable#test_all_fast = 0.01 s
[50/84] TestEnumerable#test_ruby_svar = 0.02 s
[51/84] TestEnumerable#test_to_a_size_infinity = 0.02 s
[52/84] TestEnumerable#test_reverse_each_memory_corruption = 94.68 s
[53/84] TestEnumerable#test_group_by = 0.03 s
[54/84] TestEnumerable#test_compact = 0.02 s
[55/84] TestEnumerable#test_find = 0.02 s
[56/84] TestEnumerable#test_inject_array_plus = 0.05 s
[57/84] TestEnumerable#test_one_with_unused_block = 10.06 s
[58/84] TestEnumerable#test_any = 0.04 s
[59/84] TestEnumerable#test_to_a_keywords = 0.02 s
[60/84] TestEnumerable#test_all_with_unused_block = 9.29 s
[61/84] TestEnumerable#test_inject_op_redefined = 11.45 s
[62/84] TestEnumerable#test_range_sum = 0.05 s
[63/84] TestEnumerable#test_max = 0.04 s
[64/84] TestEnumerable#test_detect = 0.07 s
[65/84] TestEnumerable#test_slice_after_continuation_lines = 0.02 s
[66/84] TestEnumerable#test_chunk = 0.05 s
[67/84] TestEnumerable#test_map = 0.03 s
[68/84] TestEnumerable#test_min_by = 0.02 s
[69/84] TestEnumerable#test_inject_array_mul = 0.02 s
[70/84] TestEnumerable#test_none = 0.03 s
[71/84] TestEnumerable#test_refine_Enumerable_then_include = 11.44 s
[72/84] TestEnumerable#test_reverse_each = 0.02 s
[73/84] TestEnumerable#test_each_with_index = 0.03 s
[74/84] TestEnumerable#test_inject_array_op_redefined = 12.14 s
[75/84] TestEnumerable#test_slice_when_noblock = 0.02 s
[76/84] TestEnumerable#test_partition = 0.02 s
[77/84] TestEnumerable#test_reject = 0.02 s
[78/84] TestEnumerable#test_slice_after_both_pattern_and_block = 0.02 s
[79/84] TestEnumerable#test_callcc = 0.05 s
[80/84] TestEnumerable#test_select = 0.05 s
[81/84] TestEnumerable#test_take = 0.02 s
[82/84] TestEnumerable#test_max_by = 0.03 s
[83/84] TestEnumerable#test_minmax_by = 0.02 s
[84/84] TestEnumerable#test_sum = 0.21 s
Finished tests in 206.757390s, 0.4063 tests/s, 3.3663 assertions/s.
84 tests, 696 assertions, 0 failures, 0 errors, 1 skips

ruby -v: ruby 3.4.1 (2025-06-14 revision 742e381c9f) +PRISM [riscv64-freebsd]
end time: 2025-06-21T22:03:20
----------------------------------------
Running test: ../test/ruby/test_process.rb
start time: 2025-06-21T22:03:20
Run options:
  "--ruby=./miniruby -I../lib -I. -I.ext/common  ../tool/runruby.rb --extout=.ext  -- --disable-gems
"
  --excludes-dir=../test/.excludes
  --name=!/memory_leak/
  -s
  3216
  --timeout-scale
  10
  --worker-timeout=100
  -v

# Running tests:

[  1/158] TestProcess#test__fork_pid_cache = 0.32 s
[  2/158] TestProcess#test__fork_hook_popen = 2.57 s
[  3/158] TestProcess#test_last_status_failure = 0.12 s
[  4/158] TestProcess#test_execopts_redirect_nonascii_path = 9.70 s
[  5/158] TestProcess#test_warmup_run_major_gc_and_compact = 12.53 s
[  6/158] TestProcess#test_maxgroups = 0.03 s
[  7/158] TestProcess#test_popen_fork = 0.28 s
[  8/158] TestProcess#test_execopts_redirect_self = 9.64 s
[  9/158] TestProcess#test_handle_interrupt_with_fork = 0.66 s
[ 10/158] TestProcess#test_execopts_redirect_tempfile = 9.66 s
[ 11/158] TestProcess#test_warmup_promote_all_objects_to_oldgen = 12.29 s
[ 12/158] TestProcess#test_execopts_rlimit = 69.20 s
[ 13/158] TestProcess#test_clock_getres_TIMES_BASED_CLOCK_PROCESS_CPUTIME_ID = 0.02 s
[ 14/158] TestProcess#test_popen_reopen = 11.60 s
[ 15/158] TestProcess#test_initgroups = 0.01 s
[ 16/158] TestProcess#test_rlimit_name = 0.08 s
[ 17/158] TestProcess#test_argv0 = 57.52 s
[ 18/158] TestProcess#test_aspawn_too_long_pathmaxproc limit exceeded by uid 0 (pid 2132); see tunin
g(7) and login.conf(5)
 = 298.26 s
[ 19/158] TestProcess#test_waitall = 29.15 s
[ 20/158] TestProcess#test_execopts_redirect_open_order_normal = 9.83 s
[ 21/158] TestProcess#test_execopts_redirect_open_fifo_interrupt_raise = 10.23 s
[ 22/158] TestProcess#test_setpriority = 0.01 s
[ 23/158] TestProcess#test_getuid = 0.01 s
[ 24/158] TestProcess#test_clock_getres_TIME_BASED_CLOCK_REALTIME = 0.01 s
[ 25/158] TestProcess#test_argv0_keep_alive = 2.94 s
[ 26/158] TestProcess#test_rlimit_value = 9.82 s
[ 27/158] TestProcess#test_argv0_frozen = 0.02 s
[ 28/158] TestProcess#test_kill_at_spawn_failure = 0.21 s
[ 29/158] TestProcess#test_execopts_umask = 19.34 s
[ 30/158] TestProcess#test_concurrent_group_and_pid_wait = 1.52 s
[ 31/158] TestProcess#test_spawn_too_long_path = 0.17 s
[ 32/158] TestProcess#test_gid_sid_available? = 0.02 s
[ 33/158] TestProcess#test_spawn_noshell = 0.15 s
[ 34/158] TestProcess#test_fallback_to_sh = 0.91 s
[ 35/158] TestProcess#test_deadlock_by_signal_at_forking = 293.95 s
[ 36/158] TestProcess#test_wait_exception = 9.75 s
[ 37/158] TestProcess#test_daemon_readwrite = 0.41 s
[ 38/158] TestProcess#test_execopts_duplex_io = 9.76 s
[ 39/158] TestProcess#test_clock_gettime = 0.04 s
[ 40/158] TestProcess#test_overwrite_ENV = 21.06 s
[ 41/158] TestProcess#test_uid_re_exchangeable_p = 0.01 s
[ 42/158] TestProcess#test_execopts_gid = 77.39 s
[ 43/158] TestProcess#test_execopts_popen_stdio = 9.71 s
[ 44/158] TestProcess#test_wait2 = 9.79 s
[ 45/158] TestProcess#test_sh_env = 0.33 s
[ 46/158] TestProcess#test_status_quit = 2.44 s
[ 47/158] TestProcess#test_clock_gettime_GETTIMEOFDAY_BASED_CLOCK_REALTIME = 0.01 s
[ 48/158] TestProcess#test_execopts_redirect_dup2_child = 38.83 s
[ 49/158] TestProcess#test_clock_gettime_CLOCK_BASED_CLOCK_PROCESS_CPUTIME_ID = 0.01 s
[ 50/158] TestProcess#test_signals_work_after_exec_fail = 0.85 s
[ 51/158] TestProcess#test_clock_getres = 0.04 s
[ 52/158] TestProcess#test_gid_re_exchangeable_p = 0.01 s
[ 53/158] TestProcess#test_setsid = 9.64 s
[ 54/158] TestProcess#test_execopts_open_failure = 0.12 s
[ 55/158] TestProcess#test_getegid = 0.01 s
[ 56/158] TestProcess#test_system_noshell = 0.15 s
[ 57/158] TestProcess#test_system_sigpipe = 0.49 s
[ 58/158] TestProcess#test_to_hash_on_arguments = 42.20 s
[ 59/158] TestProcess#test_execopts_modification = 28.92 s
[ 60/158] TestProcess#test_warmup_precompute_string_coderange = 12.38 s
[ 61/158] TestProcess#test_clock_getres_TIMES_BASED_CLOCK_MONOTONIC = 0.01 s
[ 62/158] TestProcess#test_clock_getres_constants = 0.03 s
[ 63/158] TestProcess#test_execopts_popen_extra_fd = 19.38 s
[ 64/158] TestProcess#test_spawn_wordsplit = 9.73 s
[ 65/158] TestProcess#test_sigpipe = 9.67 s
[ 66/158] TestProcess#test_warmup_frees_pages = 36.91 s
[ 67/158] TestProcess#test_groups = 0.02 s
[ 68/158] TestProcess#test_clock_gettime_MACH_ABSOLUTE_TIME_BASED_CLOCK_MONOTONIC = 0.01 s
[ 69/158] TestProcess#test_execopts_redirect_open_fifo_interrupt_print = 10.36 s
[ 70/158] TestProcess#test_rlimit_nofile = 10.02 s
[ 71/158] TestProcess#test_spawn_shell = 19.35 s
[ 72/158] TestProcess#test_clock_getres_GETRUSAGE_BASED_CLOCK_PROCESS_CPUTIME_ID = 0.02 s
[ 73/158] TestProcess#test_forked_child_handles_signal = 24.03 s
[ 74/158] TestProcess#test_execopts_close_others = 77.19 s
[ 75/158] TestProcess#test_rescue_exec_fail = 11.42 s
[ 76/158] TestProcess#test_many_args = 45.33 s
[ 77/158] TestProcess#test_clock_gettime_constants = 0.03 s
[ 78/158] TestProcess#test_clock_gettime_unit = 0.04 s
[ 79/158] TestProcess#test_popen_wordsplit_beginning_and_trailing_spaces = 9.74 s
[ 80/158] TestProcess#test_popen_wordsplit = 9.68 s
[ 81/158] TestProcess#test_setegid = 0.01 s
[ 82/158] TestProcess#test_daemon_pid = 0.36 s
[ 83/158] TestProcess#test_execopts_preserve_env_on_exec_failure = 9.77 s
[ 84/158] TestProcess#test_status = 9.73 s
[ 85/158] TestProcess#test_sh_comment = 0.25 s
[ 86/158] TestProcess#test_gid_from_name = 0.04 s
[ 87/158] TestProcess#test_execopts_new_pgroup = 0.01 s
[ 88/158] TestProcess#test_abort = 19.38 s
[ 89/158] TestProcess#test_close_others_default_false = 2.31 s
[ 90/158] TestProcess#test_execopts_env_popen_string = 97.01 s
[ 91/158] TestProcess#test_execopts_open_chdir_m17n_path = 9.72 s
[ 92/158] TestProcess#test_execopts_unsetenv_others = 19.38 s
[ 93/158] TestProcess#test_seteuid = 0.01 s
[ 94/158] TestProcess#test_popen_exit = 10.12 s
[ 95/158] TestProcess#test_wait_without_arg = 9.81 s
[ 96/158] TestProcess#test_status_wait = 9.73 s
[ 97/158] TestProcess#test_daemon_noclose = 0.45 s
[ 98/158] TestProcess#test_execopts_open_chdir = 9.74 s
[ 99/158] TestProcess#test_sh_exec = 0.31 s
[100/158] TestProcess#test_sleep = 0.07 s
[101/158] TestProcess#test_popen_shell = 19.39 s
[102/158] TestProcess#test_geteuid = 0.01 s
[103/158] TestProcess#test__fork_wrong_type_hook = 2.38 s
[104/158] TestProcess#test_exec_noshell = 9.69 s
[105/158] TestProcess#test_last_status = 9.65 s
[106/158] TestProcess#test_execopt_env_path = 2.01 s
[107/158] TestProcess#test_uid_sid_available? = 0.02 s
[108/158] TestProcess#test_execopts_chdir = 10.03 s
[109/158] TestProcess#test_threading_works_after_exec_fail = 1.53 s
[110/158] TestProcess#test_execopts_env_single_word = 9.70 s
[111/158] TestProcess#test_fd_inheritance = 57.84 s
[112/158] TestProcess#test_pst_inspect = 0.01 s
[113/158] TestProcess#test_daemon_no_threads = 0.50 s
[114/158] TestProcess#test_getpriority = 0.01 s
[115/158] TestProcess#test_clock_getres_GETTIMEOFDAY_BASED_CLOCK_REALTIME = 0.01 s
[116/158] TestProcess#test_execopts_redirect_fd = 125.89 s
[117/158] TestProcess#test_execopts_opts = 9.62 s
[118/158] TestProcess#test_execopts_env_popen_vector = 96.94 s
[119/158] TestProcess#test_execopts_redirect_to_out_and_err = 19.36 s
[120/158] TestProcess#test_execopts_redirect_open_fifo = 19.56 s
[121/158] TestProcess#test_seteuid_name = 0.03 s
[122/158] TestProcess#test_status_fail = 0.05 s
[123/158] TestProcess#test_exec_shell = 28.80 s
[124/158] TestProcess#test_execopts_exec = 9.74 s
[125/158] TestProcess#test_exec_fd_3_redirect = 21.24 s
[126/158] TestProcess#test_clock_gettime_GETRUSAGE_BASED_CLOCK_PROCESS_CPUTIME_ID = 0.01 s
[127/158] TestProcess#test_execopts_redirect_open_order_reverse = 9.90 s
[128/158] TestProcess#test_execopts_uid = 48.27 s
[129/158] TestProcess#test_system_shell = 19.57 s
[130/158] TestProcess#test_exec_failure_leaves_no_child = 0.16 s
[131/158] TestProcess#test_execopts_env = 116.65 s
[132/158] TestProcess#test_daemon_detached = 0.36 s
[133/158] TestProcess#test_clock_gettime_TIMES_BASED_CLOCK_PROCESS_CPUTIME_ID = 0.01 s
[134/158] TestProcess#test_daemon_default = 0.39 s
[135/158] TestProcess#test_system_wordsplit = 9.72 s
[136/158] TestProcess#test_clock_gettime_TIMES_BASED_CLOCK_MONOTONIC = 0.01 s
[137/158] TestProcess#test_execopts_redirect_symbol = 28.96 s
[138/158] TestProcess#test_exec_wordsplit = 19.15 s
[139/158] TestProcess#test_execopts_pgroup = 58.09 s
[140/158] TestProcess#test_getpgid = 0.01 s
[141/158] TestProcess#test_clock_getres_MACH_ABSOLUTE_TIME_BASED_CLOCK_MONOTONIC = 0.01 s
[142/158] TestProcess#test_process_detach = 0.92 s
[143/158] TestProcess#test_wait_and_sigchild = 0.99 s
[144/158] TestProcess#test__fork_hook = 5.36 s
[145/158] TestProcess#test_exec_close_reserved_fd = 38.70 s
[146/158] TestProcess#test__fork = 0.29 s
[147/158] TestProcess#test_status_kill = 9.70 s
[148/158] TestProcess#test_argv0_noarg = 96.16 s
[149/158] TestProcess#test_execopts_popen = 19.55 s
[150/158] TestProcess#test_daemon_nochdir_noclose = 0.42 s
[151/158] TestProcess#test_popen_noshell = 0.16 s
[152/158] TestProcess#test_uid_from_name = 0.05 s
[153/158] TestProcess#test_no_curdir = 4.49 s
[154/158] TestProcess#test_rlimit_availability = 0.02 s
[155/158] TestProcess#test_execopts_redirect_pipe = 48.63 s
[156/158] TestProcess#test_popen_cloexec = 0.01 s
[157/158] TestProcess#test_clock_getres_CLOCK_BASED_CLOCK_PROCESS_CPUTIME_ID = 0.01 s
[158/158] TestProcess#test_clock_gettime_TIME_BASED_CLOCK_REALTIME = 0.01 s

  1) Failure:
TestProcess#test_rlimit_value [/root/ruby-3.4.1/test/ruby/test_process.rb:136]:
Expected #<Process::Status: pid 9649 exit 0> to not be success?.

Finished tests in 2650.916319s, 0.0596 tests/s, 0.3595 assertions/s.
158 tests, 953 assertions, 1 failures, 0 errors, 0 skips

ruby -v: ruby 3.4.1 (2025-06-14 revision 742e381c9f) +PRISM [riscv64-freebsd]
end time: 2025-06-21T22:47:53
----------------------------------------
Running test: ../test/ruby/test_yjit.rb
start time: 2025-06-21T22:47:53
Run options:
  "--ruby=./miniruby -I../lib -I. -I.ext/common  ../tool/runruby.rb --extout=.ext  -- --disable-gems
"
  --excludes-dir=../test/.excludes
  --name=!/memory_leak/
  -s
  3216
  --timeout-scale
  10
  --worker-timeout=100
  -v

# Running tests:

Finished tests in 1.713367s, 0.0000 tests/s, 0.0000 assertions/s.
0 tests, 0 assertions, 0 failures, 0 errors, 0 skips

ruby -v: ruby 3.4.1 (2025-06-14 revision 742e381c9f) +PRISM [riscv64-freebsd]
end time: 2025-06-21T22:48:14
----------------------------------------
Running test: ../test/ruby/test_encoding.rb
start time: 2025-06-21T22:48:14
Run options:
  "--ruby=./miniruby -I../lib -I. -I.ext/common  ../tool/runruby.rb --extout=.ext  -- --disable-gems
"
  --excludes-dir=../test/.excludes
  --name=!/memory_leak/
  -s
  3216
  --timeout-scale
  10
  --worker-timeout=100
  -v

# Running tests:

[ 1/13] TestEncoding#test_enc_names = 0.52 s
[ 2/13] TestEncoding#test_marshal = 0.02 s
[ 3/13] TestEncoding#test_ascii_compatible_p = 0.01 s
[ 4/13] TestEncoding#test_nonascii_library_path = 11.48 s
[ 5/13] TestEncoding#test_name_list = 0.18 s
[ 6/13] TestEncoding#test_compatible_p = 0.03 s
[ 7/13] TestEncoding#test_encoding = 0.49 s
[ 8/13] TestEncoding#test_singleton = 0.77 s
[ 9/13] TestEncoding#test_errinfo_after_autoload = 11.38 s
[10/13] TestEncoding#test_dummy_p = 0.01 s
[11/13] TestEncoding#test_aliases = 2.94 s
[12/13] TestEncoding#test_find = 9.90 s
[13/13] TestEncoding#test_ractor_load_encoding = 11.78 s
Finished tests in 51.202801s, 0.2539 tests/s, 29.0804 assertions/s.
13 tests, 1489 assertions, 0 failures, 0 errors, 0 skips

ruby -v: ruby 3.4.1 (2025-06-14 revision 742e381c9f) +PRISM [riscv64-freebsd]
end time: 2025-06-21T22:49:24
----------------------------------------
Running test: ../test/ruby/bug-13526.rb
start time: 2025-06-21T22:49:24
#<Thread:0x00000000000000000000000076896540 /root/ruby-3.4.1/test/ruby/bug-13526.rb:10 run> terminat
ed with exception (report_on_exception is true):
/root/ruby-3.4.1/test/ruby/bug-13526.rb:14:in 'block (2 levels) in <top (required)>': uninitialized
constant Foo (NameError)
#<Thread:0x000000000000000000000000768962c0 /root/ruby-3.4.1/test/ruby/bug-13526.rb:10 run> terminat
ed with exception (report_on_exception is true):
/root/ruby-3.4.1/test/ruby/bug-13526.rb:14:in 'block (2 levels) in <top (required)>': uninitialized
constant Foo (NameError)
#<Thread:0x000000000000000000000000768960e0 /root/ruby-3.4.1/test/ruby/bug-13526.rb:10 run> terminat
ed with exception (report_on_exception is true):
/root/ruby-3.4.1/test/ruby/bug-13526.rb:14:in 'block (2 levels) in <top (required)>': uninitialized
constant Foo (NameError)
#<Thread:0x00000000000000000000000076895f00 /root/ruby-3.4.1/test/ruby/bug-13526.rb:10 run> terminat
ed with exception (report_on_exception is true):
/root/ruby-3.4.1/test/ruby/bug-13526.rb:14:in 'block (2 levels) in <top (required)>': uninitialized
constant Foo (NameError)
#<Thread:0x00000000000000000000000076895d20 /root/ruby-3.4.1/test/ruby/bug-13526.rb:10 run> terminat
ed with exception (report_on_exception is true):
/root/ruby-3.4.1/test/ruby/bug-13526.rb:14:in 'block (2 levels) in <top (required)>': uninitialized
constant Foo (NameError)
#<Thread:0x00000000000000000000000076895b40 /root/ruby-3.4.1/test/ruby/bug-13526.rb:10 run> terminat
ed with exception (report_on_exception is true):
/root/ruby-3.4.1/test/ruby/bug-13526.rb:14:in 'block (2 levels) in <top (required)>': uninitialized
constant Foo (NameError)
#<Thread:0x00000000000000000000000076895960 /root/ruby-3.4.1/test/ruby/bug-13526.rb:10 run> terminat
ed with exception (report_on_exception is true):
/root/ruby-3.4.1/test/ruby/bug-13526.rb:14:in 'block (2 levels) in <top (required)>': uninitialized
constant Foo (NameError)
#<Thread:0x00000000000000000000000076895780 /root/ruby-3.4.1/test/ruby/bug-13526.rb:10 run> terminat
ed with exception (report_on_exception is true):
/root/ruby-3.4.1/test/ruby/bug-13526.rb:14:in 'block (2 levels) in <top (required)>': uninitialized
constant Foo (NameError)
#<Thread:0x000000000000000000000000768955a0 /root/ruby-3.4.1/test/ruby/bug-13526.rb:10 run> terminat
ed with exception (report_on_exception is true):
/root/ruby-3.4.1/test/ruby/bug-13526.rb:14:in 'block (2 levels) in <top (required)>': uninitialized
constant Foo (NameError)
#<Thread:0x000000000000000000000000768953c0 /root/ruby-3.4.1/test/ruby/bug-13526.rb:10 run> terminat
ed with exception (report_on_exception is true):
/root/ruby-3.4.1/test/ruby/bug-13526.rb:14:in 'block (2 levels) in <top (required)>': uninitialized
constant Foo (NameError)
Run options:
  "--ruby=./miniruby -I../lib -I. -I.ext/common  ../tool/runruby.rb --extout=.ext  -- --disable-gems
"
  --excludes-dir=../test/.excludes
  --name=!/memory_leak/
  -s
  3216
  --timeout-scale
  10
  --worker-timeout=100
  -v

# Running tests:

Finished tests in 1.766976s, 0.0000 tests/s, 0.0000 assertions/s.
0 tests, 0 assertions, 0 failures, 0 errors, 0 skips

ruby -v: ruby 3.4.1 (2025-06-14 revision 742e381c9f) +PRISM [riscv64-freebsd]
end time: 2025-06-21T22:49:45
----------------------------------------
Running test: ../test/ruby/test_float.rb
start time: 2025-06-21T22:49:45
Run options:
  "--ruby=./miniruby -I../lib -I. -I.ext/common  ../tool/runruby.rb --extout=.ext  -- --disable-gems
"
  --excludes-dir=../test/.excludes
  --name=!/memory_leak/
  -s
  3216
  --timeout-scale
  10
  --worker-timeout=100
  -v

# Running tests:

[ 1/59] TestFloat#test_zero_p = 0.03 s
[ 2/59] TestFloat#test_round_half_even_with_precision = 0.02 s
[ 3/59] TestFloat#test_precision = 0.01 s
[ 4/59] TestFloat#test_minus = 0.02 s
[ 5/59] TestFloat#test_modulo4 = 0.01 s
[ 6/59] TestFloat#test_num2dbl = 0.02 s
[ 7/59] TestFloat#test_round_half_up = 0.02 s
[ 8/59] TestFloat#test_float = 0.02 s
[ 9/59] TestFloat#test_round_half_down = 0.02 s
[10/59] TestFloat#test_modulo2 = 0.01 s
[11/59] TestFloat#test_step2 = 0.01 s
[12/59] TestFloat#test_Float_with_exception_keyword = 0.03 s
[13/59] TestFloat#test_cmp = 0.04 s
[14/59] TestFloat#test_singleton_method = 0.01 s
[15/59] TestFloat#test_eql = 0.01 s
[16/59] TestFloat#test_positive_p = 0.01 s
[17/59] TestFloat#test_remainder = 0.02 s
[18/59] TestFloat#test_prev_float = 0.02 s
[19/59] TestFloat#test_next_prev_float_zero = 0.35 s
[20/59] TestFloat#test_ceil_with_precision = 0.03 s
[21/59] TestFloat#test_coerce = 0.01 s
[22/59] TestFloat#test_finite_p = 0.01 s
[23/59] TestFloat#test_floor = 0.17 s
[24/59] TestFloat#test_round_half_invalid = 0.06 s
[25/59] TestFloat#test_truncate = 0.22 s
[26/59] TestFloat#test_div2 = 0.01 s
[27/59] TestFloat#test_plus = 0.01 s
[28/59] TestFloat#test_step = 2.28 s
[29/59] TestFloat#test_long_string = 11.51 s
[30/59] TestFloat#test_round_half_even = 0.02 s
[31/59] TestFloat#test_modulo = 0.12 s
[32/59] TestFloat#test_cmp_int = 6.25 s
[33/59] TestFloat#test_nan = 0.07 s
[34/59] TestFloat#test_ceil = 0.17 s
[35/59] TestFloat#test_next_float = 0.02 s
[36/59] TestFloat#test_symmetry_bignum = 0.01 s
[37/59] TestFloat#test_sleep_with_Float = 1.03 s
[38/59] TestFloat#test_floor_with_precision = 0.04 s
[39/59] TestFloat#test_divmod = 0.02 s
[40/59] TestFloat#test_truncate_with_precision = 0.03 s
[41/59] TestFloat#test_to_s = 0.02 s
[42/59] TestFloat#test_round = 0.25 s
[43/59] TestFloat#test_infinite_p = 0.01 s
[44/59] TestFloat#test_negative_p = 0.01 s
[45/59] TestFloat#test_modulo3 = 0.02 s
[46/59] TestFloat#test_Float_with_invalid_exception = 0.01 s
[47/59] TestFloat#test_floor_ceil_round_truncate = 0.03 s
[48/59] TestFloat#test_hash_0 = 0.01 s
[49/59] TestFloat#test_step_excl = 13.16 s
[50/59] TestFloat#test_aliased_quo_recursion = 11.44 s
[51/59] TestFloat#test_round_with_precision = 0.14 s
[52/59] TestFloat#test_Float = 3.57 s
[53/59] TestFloat#test_divmod2 = 0.02 s
[54/59] TestFloat#test_invalid_str = 6.31 s
[55/59] TestFloat#test_pow = 0.01 s
[56/59] TestFloat#test_mul = 0.01 s
[57/59] TestFloat#test_strtod = 0.69 s
[58/59] TestFloat#test_div = 0.02 s
[59/59] TestFloat#test_round_half_nil = 0.02 s
Finished tests in 62.626841s, 0.9421 tests/s, 321.6672 assertions/s.
59 tests, 20145 assertions, 0 failures, 0 errors, 0 skips

ruby -v: ruby 3.4.1 (2025-06-14 revision 742e381c9f) +PRISM [riscv64-freebsd]
end time: 2025-06-21T22:51:07
----------------------------------------
Running test: ../test/ruby/test_require_lib.rb
start time: 2025-06-21T22:51:07
Run options:
  "--ruby=./miniruby -I../lib -I. -I.ext/common  ../tool/runruby.rb --extout=.ext  -- --disable-gems
"
  --excludes-dir=../test/.excludes
  --name=!/memory_leak/
  -s
  3216
  --timeout-scale
  10
  --worker-timeout=100
  -v

# Running tests:

[ 1/46] TestRequireLib#"test_thread_size:tempfile" = 15.35 s
[ 2/46] TestRequireLib#"test_thread_size:set" = 11.66 s
[ 3/46] TestRequireLib#"test_thread_size:timeout" = 11.37 s
[ 4/46] TestRequireLib#"test_thread_size:unicode_normalize/normalize" = 17.33 s
[ 5/46] TestRequireLib#"test_thread_size:reline" = 21.82 s
[ 6/46] TestRequireLib#"test_thread_size:fileutils" = 13.38 s
[ 7/46] TestRequireLib#"test_thread_size:ostruct" = 11.67 s
[ 8/46] TestRequireLib#"test_thread_size:find" = 12.46 s
[ 9/46] TestRequireLib#"test_thread_size:yaml" = 11.48 s
[10/46] TestRequireLib#"test_thread_size:benchmark" = 11.65 s
[11/46] TestRequireLib#"test_thread_size:un" = 13.63 s
[12/46] TestRequireLib#"test_thread_size:optparse" = 11.38 s
[13/46] TestRequireLib#"test_thread_size:erb" = 12.54 s
[14/46] TestRequireLib#"test_thread_size:irb" = 31.33 s
[15/46] TestRequireLib#"test_thread_size:open3" = 11.41 s
[16/46] TestRequireLib#"test_thread_size:random/formatter" = 11.48 s
[17/46] TestRequireLib#"test_thread_size:error_highlight" = 12.30 s
[18/46] TestRequireLib#"test_thread_size:tmpdir" = 13.97 s
[19/46] TestRequireLib#"test_thread_size:did_you_mean" = 12.38 s
[20/46] TestRequireLib#"test_thread_size:net/protocol" = 13.13 s
[21/46] TestRequireLib#"test_thread_size:prettyprint" = 11.40 s
[22/46] TestRequireLib#"test_thread_size:forwardable" = 11.54 s
[23/46] TestRequireLib#"test_thread_size:pp" = 11.51 s
[24/46] TestRequireLib#"test_thread_size:net/https" = 26.82 s
[25/46] TestRequireLib#"test_thread_size:logger" = 13.07 s
[26/46] TestRequireLib#"test_thread_size:pstore" = 11.71 s
[27/46] TestRequireLib#"test_thread_size:cgi" = 12.55 s
[28/46] TestRequireLib#"test_thread_size:time" = 12.22 s
[29/46] TestRequireLib#"test_thread_size:securerandom" = 11.53 s
[30/46] TestRequireLib#"test_thread_size:delegate" = 11.56 s
[31/46] TestRequireLib#"test_thread_size:ipaddr" = 13.13 s
[32/46] TestRequireLib#"test_thread_size:shellwords" = 11.44 s
[33/46] TestRequireLib#"test_thread_size:syntax_suggest" = 11.44 s
[34/46] TestRequireLib#"test_thread_size:weakref" = 11.67 s
[35/46] TestRequireLib#"test_thread_size:unicode_normalize/tables" = 17.13 s
[36/46] TestRequireLib#"test_thread_size:uri" = 15.99 s
[37/46] TestRequireLib#"test_thread_size:English" = 11.39 s
[38/46] TestRequireLib#"test_thread_size:singleton" = 11.46 s
[39/46] TestRequireLib#"test_thread_size:optionparser" = 11.40 s
[40/46] TestRequireLib#"test_thread_size:prism" = 24.31 s
[41/46] TestRequireLib#"test_thread_size:net/http" = 23.08 s
[42/46] TestRequireLib#"test_thread_size:open-uri" = 16.88 s
[43/46] TestRequireLib#"test_thread_size:rdoc" = 11.58 s
[44/46] TestRequireLib#"test_thread_size:readline" = 21.74 s
[45/46] TestRequireLib#"test_thread_size:tsort" = 11.46 s
[46/46] TestRequireLib#"test_thread_size:resolv" = 16.42 s

  1) Error:
TestRequireLib#test_thread_size:yaml:
LoadError: cannot load such file -- psych
    /root/ruby-3.4.1/lib/yaml.rb:4:in 'Kernel#require'
    /root/ruby-3.4.1/lib/yaml.rb:4:in '<top (required)>'
    /root/ruby-3.4.1/test/ruby/test_require_lib.rb:23:in 'Kernel#require'
    /root/ruby-3.4.1/test/ruby/test_require_lib.rb:23:in '<main>'
    /root/ruby-3.4.1/test/ruby/test_require_lib.rb:20:in 'block (2 levels) in <class:TestRequireLib>
'

Finished tests in 660.557338s, 0.0696 tests/s, 0.4133 assertions/s.
46 tests, 273 assertions, 0 failures, 1 errors, 0 skips

ruby -v: ruby 3.4.1 (2025-06-14 revision 742e381c9f) +PRISM [riscv64-freebsd]
end time: 2025-06-21T23:02:26
----------------------------------------
Running test: ../test/ruby/test_regexp.rb
start time: 2025-06-21T23:02:26
Run options:
  "--ruby=./miniruby -I../lib -I. -I.ext/common  ../tool/runruby.rb --extout=.ext  -- --disable-gems
"
  --excludes-dir=../test/.excludes
  --name=!/memory_leak/
  -s
  3216
  --timeout-scale
  10
  --worker-timeout=100
  -v

# Running tests:

[  1/147] TestRegexp#test_uninitialized = 0.08 s
[  2/147] TestRegexp#test_cclass_X = 0.28 s
[  3/147] TestRegexp#test_match_p = 0.03 s
[  4/147] TestRegexp#test_char_class = 0.28 s
[  5/147] TestRegexp#test_extended_comment_invalid_escape_bug_18294 = 11.53 s
[  6/147] TestRegexp#test_error_message_on_failed_conversion = 0.02 s
[  7/147] TestRegexp#test_assign_named_capture_trace = 9.70 s
[  8/147] TestRegexp#test_match_cache_negative_look_behind = 105.86 s
[  9/147] TestRegexp#test_quote = 0.04 s
[ 10/147] TestRegexp#test_bug_20453 = 0.23 s
[ 11/147] TestRegexp#test_timeout_corner_cases = 11.38 s
[ 12/147] TestRegexp#test_match_control_meta_escape = 0.02 s
[ 13/147] TestRegexp#test_cclass_R = 0.02 s
[ 14/147] TestRegexp#test_match_init_copy = 0.02 s
[ 15/147] TestRegexp#test_ignorecase = 0.02 s
[ 16/147] TestRegexp#test_match_byteoffset_begin_end = 0.04 s
[ 17/147] TestRegexp#test_once_multithread = 0.55 s
[ 18/147] TestRegexp#test_match_no_match_no_matchdata = 0.16 s
[ 19/147] TestRegexp#test_source_escaped = 0.07 s
[ 20/147] TestRegexp#test_absent = 0.01 s
[ 21/147] TestRegexp#test_regsub = 0.03 s
[ 22/147] TestRegexp#test_bug_20886 = 0.04 s
[ 23/147] TestRegexp#test_raw_hyphen_and_tk_char_type_after_range = 0.02 s
[ 24/147] TestRegexp#test_conditional_expression = 0.02 s
[ 25/147] TestRegexp#test_timeout_longer_than_global = 19.26 s
[ 26/147] TestRegexp#test_match_offset_begin_end = 0.04 s
[ 27/147] TestRegexp#test_ruby_dev_24643 = 0.01 s
[ 28/147] TestRegexp#test_assign_named_capture_to_reserved_word = 0.02 s
[ 29/147] TestRegexp#test_options = 0.01 s
[ 30/147] TestRegexp#test_match_cache_square = 65.77 s
[ 31/147] TestRegexp#test_union2 = 0.02 s
[ 32/147] TestRegexp#test_match_cache_atomic_complex = 85.66 s
[ 33/147] TestRegexp#test_eq_tilde_can_be_overridden = 12.40 s
[ 34/147] TestRegexp#test_char_type = 0.02 s
[ 35/147] TestRegexp#test_match = 0.03 s
[ 36/147] TestRegexp#test_match_cache_negative_look_ahead = 80.54 s
[ 37/147] TestRegexp#test_match_regexp = 0.01 s
[ 38/147] TestRegexp#test_last_match = 0.02 s
[ 39/147] TestRegexp#test_posix_bracket = 0.14 s
[ 40/147] TestRegexp#test_bug_19273 = 0.01 s
[ 41/147] TestRegexp#test_ruby_dev_999 = 0.01 s
[ 42/147] TestRegexp#test_invalid_fragment = 0.02 s
[ 43/147] TestRegexp#test_parse_comment = 0.02 s
[ 44/147] TestRegexp#test_linear_performance = 0.09 s
[ 45/147] TestRegexp#test_bug_19476 = 0.01 s
[ 46/147] TestRegexp#test_casefold_p = 0.01 s
[ 47/147] TestRegexp#test_match_cache_positive_look_ahead_complex = 109.91 s
[ 48/147] TestRegexp#test_bug18631 = 0.10 s
[ 49/147] TestRegexp#test_match_matchsubstring = 0.02 s
[ 50/147] TestRegexp#test_invalid_group = 11.48 s
[ 51/147] TestRegexp#test_match_string = 0.08 s
[ 52/147] TestRegexp#test_exec = 0.91 s
[ 53/147] TestRegexp#test_dup = 0.01 s
[ 54/147] TestRegexp#test_match_cache_atomic = 80.34 s
[ 55/147] TestRegexp#test_match_data_deconstruct = 0.01 s
[ 56/147] TestRegexp#test_inspect = 0.02 s
[ 57/147] TestRegexp#test_once_escape = 0.01 s
[ 58/147] TestRegexp#test_to_s_under_gc_compact_stress = 364.47 s
[ 59/147] TestRegexp#test_match_under_gc_compact_stress = 19.02 s
[ 60/147] TestRegexp#test_parse = 0.19 s
[ 61/147] TestRegexp#test_regsub_K = 0.01 s
[ 62/147] TestRegexp#test_invalid_free_at_parse_depth_limit_over = 11.48 s
[ 63/147] TestRegexp#test_to_s2 = 0.02 s
[ 64/147] TestRegexp#test_s_timeout_corner_cases = 11.43 s
[ 65/147] TestRegexp#test_bug_19467 = 46.80 s
[ 66/147] TestRegexp#test_backref_overrun = 0.04 s
[ 67/147] TestRegexp#test_unicode_age_14_0 = 0.06 s
[ 68/147] TestRegexp#test_match_lambda_multithread = 184.74 s
[ 69/147] TestRegexp#test_match_cache_exponential = 87.03 s
[ 70/147] TestRegexp#test_once = 0.01 s
[ 71/147] TestRegexp#test_s_timeout = 15.23 s
[ 72/147] TestRegexp#test_nonextended_section_of_extended_regexp_bug_19379 = 11.48 s
[ 73/147] TestRegexp#test_match_data_named_captures = 0.03 s
[ 74/147] TestRegexp#test_equal = 0.02 s
[ 75/147] TestRegexp#test_match_setter = 0.01 s
[ 76/147] TestRegexp#test_match_without_regexp = 0.32 s
[ 77/147] TestRegexp#test_assign_named_capture = 0.05 s
[ 78/147] TestRegexp#test_match_values_at = 0.04 s
[ 79/147] TestRegexp#test_utf8_comment_in_usascii_extended_regexp_bug_19455 = 11.43 s
[ 80/147] TestRegexp#test_once_recursive = 0.02 s
[ 81/147] TestRegexp#test_parse_curly_brace = 0.09 s
[ 82/147] TestRegexp#test_source_unescaped = 0.15 s
[ 83/147] TestRegexp#test_ruby_talk_116455 = 0.01 s
[ 84/147] TestRegexp#test_rindex_regexp = 0.02 s
[ 85/147] TestRegexp#test_bug_19537 = 0.19 s
[ 86/147] TestRegexp#test_ruby_dev_31309 = 0.01 s
[ 87/147] TestRegexp#test_eqq = 0.01 s
[ 88/147] TestRegexp#test_unicode_age = 0.13 s
[ 89/147] TestRegexp#test_invalid_escape_error = 0.02 s
[ 90/147] TestRegexp#test_unescape = 0.13 s
[ 91/147] TestRegexp#test_try_convert = 0.01 s
[ 92/147] TestRegexp#test_backward = 0.08 s
[ 93/147] TestRegexp#test_match_to_s = 0.01 s
[ 94/147] TestRegexp#test_bug_20207 = 0.06 s
[ 95/147] TestRegexp#test_options_in_look_behind = 0.04 s
[ 96/147] TestRegexp#test_match_cache_with_peek_optimization = 47.00 s
[ 97/147] TestRegexp#test_source_escaped_paren = 0.04 s
[ 98/147] TestRegexp#test_match_cache_positive_look_ahead = 81.72 s
[ 99/147] TestRegexp#test_initialize = 0.08 s
[100/147] TestRegexp#test_match_match_length = 0.02 s
[101/147] TestRegexp#test_linear_time_p = 0.03 s
[102/147] TestRegexp#test_property_warn = 2.36 s
[103/147] TestRegexp#test_source = 0.01 s
[104/147] TestRegexp#test_getter = 0.02 s
[105/147] TestRegexp#test_match_aref = 0.03 s
[106/147] TestRegexp#test_named_capture_nonascii = 0.02 s
[107/147] TestRegexp#test_quantifier_reduction = 0.55 s
[108/147] TestRegexp#test_unicode = 0.08 s
[109/147] TestRegexp#test_initialize_from_regex_memory_corruption = 22.81 s
[110/147] TestRegexp#test_match_inspect = 0.01 s
[111/147] TestRegexp#test_to_s = 0.04 s
[112/147] TestRegexp#test_match_pre_post = 0.01 s
[113/147] TestRegexp#test_named_capture = 0.12 s
[114/147] TestRegexp#test_assert_normal_exit = 0.01 s
[115/147] TestRegexp#test_initialize_option = 0.04 s
[116/147] TestRegexp#test_bug_20212 = 0.16 s
[117/147] TestRegexp#test_char_to_option_kcode = 0.01 s
[118/147] TestRegexp#test_word_boundary = 0.01 s
[119/147] TestRegexp#test_regexp_popped = 0.02 s
[120/147] TestRegexp#test_bug_20083 = 0.14 s
[121/147] TestRegexp#test_bug_20246 = 0.01 s
[122/147] TestRegexp#test_timeout_nil = 19.29 s
[123/147] TestRegexp#test_ruby_core_27247 = 0.01 s
[124/147] TestRegexp#test_match_cache_positive_look_behind = 105.32 s
[125/147] TestRegexp#test_match_size = 0.01 s
[126/147] TestRegexp#test_match_array = 0.01 s
[127/147] TestRegexp#test_to_s_extended_subexp = 0.02 s
[128/147] TestRegexp#test_ruby_dev_24887 = 0.01 s
[129/147] TestRegexp#test_timeout_shorter_than_global = 19.39 s
[130/147] TestRegexp#test_union = 0.03 s
[131/147] TestRegexp#test_parse_look_behind = 0.05 s
[132/147] TestRegexp#test_assign_named_capture_to_const = 0.03 s
[133/147] TestRegexp#test_parse_kg = 0.26 s
[134/147] TestRegexp#test_match_captures = 0.01 s
[135/147] TestRegexp#test_char_to_option = 0.02 s
[136/147] TestRegexp#test_initialize_bool_warning = 0.02 s
[137/147] TestRegexp#test_encoding_flags_are_preserved_when_initialized_with_another_regexp = 0.01 s
[138/147] TestRegexp#test_matchdata = 0.01 s
[139/147] TestRegexp#test_unicode_age_15_0 = 1.30 s
[140/147] TestRegexp#test_match_data_deconstruct_keys = 0.02 s
[141/147] TestRegexp#test_named_capture_with_nul = 0.02 s
[142/147] TestRegexp#test_has_NOENCODING = 0.01 s
[143/147] TestRegexp#test_premature_end_char_property = 0.02 s
[144/147] TestRegexp#test_cache_opcodes_initialize = 0.35 s
[145/147] TestRegexp#test_dup_warn = 0.17 s
[146/147] TestRegexp#test_inspect_under_gc_compact_stress = 24.51 s
[147/147] TestRegexp#test_bug_20098 = 0.01 s

  1) Timeout:
TestRegexp#test_match_cache_negative_look_behind

  2) Timeout:
TestRegexp#test_match_cache_positive_look_ahead_complex

  3) Timeout:
TestRegexp#test_match_cache_positive_look_behind

Finished tests in 1709.999711s, 0.0860 tests/s, 36.5468 assertions/s.
147 tests, 62495 assertions, 0 failures, 3 errors, 0 skips

ruby -v: ruby 3.4.1 (2025-06-14 revision 742e381c9f) +PRISM [riscv64-freebsd]
end time: 2025-06-21T23:31:18
----------------------------------------
Running test: ../test/ruby/test_eval.rb
start time: 2025-06-21T23:31:18
Run options:
  "--ruby=./miniruby -I../lib -I. -I.ext/common  ../tool/runruby.rb --extout=.ext  -- --disable-gems
"
  --excludes-dir=../test/.excludes
  --name=!/memory_leak/
  -s
  3216
  --timeout-scale
  10
  --worker-timeout=100
  -v

# Running tests:

[ 1/39] TestEval#test_gced_binding_block = 28.93 s
[ 2/39] TestEval#test_module_eval_string_basic = 0.08 s
[ 3/39] TestEval#test_instance_eval_block_basic = 0.09 s
[ 4/39] TestEval#test_module_eval_block_basic = 0.02 s
[ 5/39] TestEval#test_eval_location_fstring = 0.02 s
[ 6/39] TestEval#test_instance_eval_method_proc = 0.01 s
[ 7/39] TestEval#test_module_eval_block_symbol = 0.01 s
[ 8/39] TestEval#test_instance_exec_eval_method_definition = 0.02 s
[ 9/39] TestEval#test_eval_binding_basic = 0.07 s
[10/39] TestEval#test_instance_eval_block_self = 0.01 s
[11/39] TestEval#test_fstring_instance_eval = 0.02 s
[12/39] TestEval#test_instance_eval_on_argf_singleton_class = 0.02 s
[13/39] TestEval#test_define_method_block = 0.01 s
[14/39] TestEval#test_eval_orig = 0.15 s
[15/39] TestEval#test_eval_basic = 1.09 s
[16/39] TestEval#test_instance_exec_cvar = 0.01 s
[17/39] TestEval#test_file_encoding = 0.04 s
[18/39] TestEval#test_fixnum_instance_eval_cvar = 0.02 s
[19/39] TestEval#test_eval_location_binding = 0.03 s
[20/39] TestEval#test_define_method_toplevel = 0.01 s
[21/39] TestEval#test_instance_eval_block_symbol = 0.01 s
[22/39] TestEval#test_instance_eval_string_basic = 0.28 s
[23/39] TestEval#test_instance_exec_method_definition = 0.01 s
[24/39] TestEval#test_nil_instance_eval_cvar = 0.02 s
[25/39] TestEval#test_instance_eval_cvar = 0.03 s
[26/39] TestEval#test_return_in_eval_proc = 0.01 s
[27/39] TestEval#test_eval_using_integer_as_binding = 0.01 s
[28/39] TestEval#test_eval_and_define_method = 0.01 s
[29/39] TestEval#test_instance_eval_method = 0.02 s
[30/39] TestEval#test_return_in_eval_lambda = 0.01 s
[31/39] TestEval#test_eval_with_toplevel_binding = 9.65 s
[32/39] TestEval#test_instance_exec_block_basic = 0.08 s
[33/39] TestEval#test_eval_invalid_block_exit_bug_20597 = 0.03 s
[34/39] TestEval#test_outer_local_variable_under_gc_compact_stress = 117.42 s
[35/39] TestEval#test_gced_eval_location = 0.09 s
[36/39] TestEval#test_instance_eval_const = 0.01 s
[37/39] TestEval#test_eval_ascii_incompatible = 0.09 s
[38/39] TestEval#test_cvar_scope_with_instance_eval = 0.02 s
[39/39] TestEval#test_eval_raise = 0.02 s

  1) Timeout:
TestEval#test_outer_local_variable_under_gc_compact_stress

Finished tests in 161.254266s, 0.2419 tests/s, 3.3053 assertions/s.
39 tests, 533 assertions, 0 failures, 1 errors, 0 skips

ruby -v: ruby 3.4.1 (2025-06-14 revision 742e381c9f) +PRISM [riscv64-freebsd]
end time: 2025-06-21T23:34:18
----------------------------------------
Running test: ../test/ruby/test_io_buffer.rb
start time: 2025-06-21T23:34:18
Run options:
  "--ruby=./miniruby -I../lib -I. -I.ext/common  ../tool/runruby.rb --extout=.ext  -- --disable-gems
"
  --excludes-dir=../test/.excludes
  --name=!/memory_leak/
  -s
  3216
  --timeout-scale
  10
  --worker-timeout=100
  -v

# Running tests:

[ 1/62] TestIOBuffer#test_zero_length_get_set_values = 0.04 s
[ 2/62] TestIOBuffer#test_file_mapped_invalid = 0.02 s
[ 3/62] TestIOBuffer#test_new_internal = 0.01 s
[ 4/62] TestIOBuffer#test_slice_bounds_error = 0.01 s
[ 5/62] TestIOBuffer#test_slice_readonly = 0.02 s
[ 6/62] TestIOBuffer#test_resize_mapped = 0.01 s
[ 7/62] TestIOBuffer#test_compare_different_size = 0.01 s
[ 8/62] TestIOBuffer#test_string_mapped_frozen = 0.01 s
[ 9/62] TestIOBuffer#test_resize_preserve = 0.01 s
[10/62] TestIOBuffer#test_get_string = 0.06 s
[11/62] TestIOBuffer#test_read_with_with_length = 0.04 s
[12/62] TestIOBuffer#test_zero_length_get_string = 0.01 s
[13/62] TestIOBuffer#test_locked = 0.02 s
[14/62] TestIOBuffer#test_pread = 0.02 s
[15/62] TestIOBuffer#test_compare_zero_length = 0.01 s
[16/62] TestIOBuffer#test_private = 0.02 s
[17/62] TestIOBuffer#test_invalidation = 0.04 s
[18/62] TestIOBuffer#test_set_string_overlapped_bwd = 0.01 s
[19/62] TestIOBuffer#test_zero_length_each = 0.01 s
[20/62] TestIOBuffer#test_set_string_overlapped_fwd = 0.01 s
[21/62] TestIOBuffer#test_get_set_value = 1.00 s
[22/62] TestIOBuffer#test_string = 0.01 s
[23/62] TestIOBuffer#test_write_with_length_and_offset = 0.02 s
[24/62] TestIOBuffer#test_clear = 0.01 s
[25/62] TestIOBuffer#test_string_mapped = 0.01 s
[26/62] TestIOBuffer#test_pread_offset = 0.02 s
[27/62] TestIOBuffer#test_each_byte = 0.01 s
[28/62] TestIOBuffer#test_read_with_with_offset = 0.02 s
[29/62] TestIOBuffer#test_set_string_null_destination = 0.01 s
[30/62] TestIOBuffer#test_read = 0.02 s
[31/62] TestIOBuffer#test_pwrite = 0.02 s
[32/62] TestIOBuffer#test_write = 0.02 s
[33/62] TestIOBuffer#test_pwrite_offset = 0.02 s
[34/62] TestIOBuffer#test_resize_zero_internal = 0.01 s
[35/62] TestIOBuffer#test_string_negative = 0.01 s
[36/62] TestIOBuffer#test_copy_overlapped_fwd = 0.01 s
[37/62] TestIOBuffer#test_copy_overlapped_bwd = 0.01 s
[38/62] TestIOBuffer#test_resize_zero_external = 0.01 s
[39/62] TestIOBuffer#test_slice_arguments = 0.01 s
[40/62] TestIOBuffer#test_inplace_operators = 0.02 s
[41/62] TestIOBuffer#test_string_mapped_mutable = 0.01 s
[42/62] TestIOBuffer#test_string_mapped_buffer_locked = 0.01 s
[43/62] TestIOBuffer#test_shared = 0.61 s
[44/62] TestIOBuffer#test_compare_same_size = 0.01 s
[45/62] TestIOBuffer#test_slice = 0.01 s
[46/62] TestIOBuffer#test_non_string = 0.01 s
[47/62] TestIOBuffer#test_get_set_values = 0.06 s
[48/62] TestIOBuffer#test_default_size = 0.01 s
[49/62] TestIOBuffer#test_flags = 0.01 s
[50/62] TestIOBuffer#test_read_with_length_and_offset = 0.07 s
[51/62] TestIOBuffer#test_each = 0.06 s
[52/62] TestIOBuffer#test_transfer = 0.01 s
[53/62] TestIOBuffer#test_new_mapped = 0.01 s
[54/62] TestIOBuffer#test_values = 0.05 s
[55/62] TestIOBuffer#test_zero_length_each_byte = 0.01 s
[56/62] TestIOBuffer#test_new_readonly = 0.01 s
[57/62] TestIOBuffer#test_endian = 0.01 s
[58/62] TestIOBuffer#test_copy_null_destination = 0.01 s
[59/62] TestIOBuffer#test_operators = 0.01 s
[60/62] TestIOBuffer#test_file_mapped = 0.02 s
[61/62] TestIOBuffer#test_transfer_in_block = 0.01 s
[62/62] TestIOBuffer#test_copy_null_source = 0.01 s
Finished tests in 7.102568s, 8.7292 tests/s, 47.4476 assertions/s.
62 tests, 337 assertions, 0 failures, 0 errors, 0 skips

ruby -v: ruby 3.4.1 (2025-06-14 revision 742e381c9f) +PRISM [riscv64-freebsd]
end time: 2025-06-21T23:34:44
----------------------------------------
Running test: ../test/ruby/test_objectspace.rb
start time: 2025-06-21T23:34:44
Run options:
  "--ruby=./miniruby -I../lib -I. -I.ext/common  ../tool/runruby.rb --extout=.ext  -- --disable-gems
"
  --excludes-dir=../test/.excludes
  --name=!/memory_leak/
  -s
  3216
  --timeout-scale
  10
  --worker-timeout=100
  -v

# Running tests:

[ 1/33] TestObjectSpace#test_id2ref_32 = 0.03 s
[ 2/33] TestObjectSpace#test_id2ref_30 = 0.01 s
[ 3/33] TestObjectSpace#test_id2ref_36 = 0.01 s
[ 4/33] TestObjectSpace#test_id2ref_34 = 0.01 s
[ 5/33] TestObjectSpace#test_id2ref_29 = 0.01 s
[ 6/33] TestObjectSpace#test_count_objects = 0.18 s
[ 7/33] TestObjectSpace#test_id2ref_25 = 0.01 s
[ 8/33] TestObjectSpace#test_id2ref_27 = 0.01 s
[ 9/33] TestObjectSpace#test_id2ref_invalid_symbol_id = 0.03 s
[10/33] TestObjectSpace#test_each_object_singleton_class = 11.55 s
[11/33] TestObjectSpace#test_id2ref_21 = 0.01 s
[12/33] TestObjectSpace#test_id2ref_23 = 0.01 s
[13/33] TestObjectSpace#test_finalizer_thread_raise = 1.06 s
[14/33] TestObjectSpace#test_id2ref_18 = 0.01 s
[15/33] TestObjectSpace#test_id2ref_liveness = 28.80 s
[16/33] TestObjectSpace#test_exception_in_finalizer = 2.35 s
[17/33] TestObjectSpace#test_each_object_no_garbage = 13.19 s
[18/33] TestObjectSpace#test_each_object_recursive_key = 9.68 s
[19/33] TestObjectSpace#test_finalizer_with_super = 26.91 s
[20/33] TestObjectSpace#test_each_object_with_allocation = 12.33 s
[21/33] TestObjectSpace#test_id2ref_19 = 0.01 s
[22/33] TestObjectSpace#test_each_object = 0.07 s
[23/33] TestObjectSpace#test_id2ref_28 = 0.01 s
[24/33] TestObjectSpace#test_finalizerJun 21 23:47:16 cheribsd-riscv64-purecap kernel: Failed to wri
te core file for process ruby (error 4)
 = 626.04 s
[25/33] TestObjectSpace#test_id2ref_22 = 0.01 s
[26/33] TestObjectSpace#test_id2ref_20 = 0.01 s
[27/33] TestObjectSpace#test_id2ref_26 = 0.01 s
[28/33] TestObjectSpace#test_id2ref_invalid_argument = 0.09 s
[29/33] TestObjectSpace#test_id2ref_24 = 0.01 s
[30/33] TestObjectSpace#test_each_object_enumerator = 0.08 s
[31/33] TestObjectSpace#test_id2ref_35 = 0.01 s
[32/33] TestObjectSpace#test_id2ref_31 = 0.01 s
[33/33] TestObjectSpace#test_id2ref_33 = 0.01 s

  1) Timeout:
TestObjectSpace#test_finalizer

Finished tests in 735.141903s, 0.0449 tests/s, 0.8883 assertions/s.
33 tests, 653 assertions, 0 failures, 1 errors, 0 skips

ruby -v: ruby 3.4.1 (2025-06-14 revision 742e381c9f) +PRISM [riscv64-freebsd]
end time: 2025-06-21T23:47:18
----------------------------------------
Running test: ../test/ruby/test_dir.rb
start time: 2025-06-21T23:47:18
Run options:
  "--ruby=./miniruby -I../lib -I. -I.ext/common  ../tool/runruby.rb --extout=.ext  -- --disable-gems
"
  --excludes-dir=../test/.excludes
  --name=!/memory_leak/
  -s
  3216
  --timeout-scale
  10
  --worker-timeout=100
  -v

# Running tests:

[ 1/39] TestDir#test_glob_recursive_directory = 0.43 s
[ 2/39] TestDir#test_symlink = 0.46 s
[ 3/39] TestDir#test_glob_order = 0.27 s
[ 4/39] TestDir#test_set_pos = 0.27 s
[ 5/39] TestDir#test_children = 0.28 s
[ 6/39] TestDir#test_glob_metachar = 0.61 s
[ 7/39] TestDir#test_glob = 0.44 s
[ 8/39] TestDir#test_empty? = 0.28 s
[ 9/39] TestDir#test_glob_array_with_destructive_element = 0.80 s
[10/39] TestDir#test_symlinks_not_resolved = 0.27 s
[11/39] TestDir#test_class_chdir = 0.33 s
[12/39] TestDir#test_inspect = 0.26 s
[13/39] TestDir#test_nodir = 0.24 s
[14/39] TestDir#test_foreach = 0.29 s
[15/39] TestDir#test_chroot_nodir = 0.25 s
[16/39] TestDir#test_glob_recursive = 0.46 s
[17/39] TestDir#test_glob_ignore_casefold_invalid_encoding = 0.29 s
[18/39] TestDir#test_glob_too_may_open_files = 12.31 s
[19/39] TestDir#test_unknown_keywords = 0.28 s
[20/39] TestDir#test_close = 0.26 s
[21/39] TestDir#test_glob_recursive_with_brace = 0.36 s
[22/39] TestDir#test_glob_base_dir = 0.46 s
[23/39] TestDir#test_each_child = 0.31 s
[24/39] TestDir#test_chdir_conflict = 0.28 s
[25/39] TestDir#test_glob_super_root = 0.26 s
[26/39] TestDir#test_glob_base = 1.82 s
[27/39] TestDir#test_glob_starts_with_brace = 0.24 s
[28/39] TestDir#test_glob_cases = 0.24 s
[29/39] TestDir#test_glob_gc_for_fd = 12.53 s
[30/39] TestDir#test_for_fd = 0.27 s
[31/39] TestDir#test_fileno = 0.25 s
[32/39] TestDir#test_seek = 0.96 s
[33/39] TestDir#test_dir_enc = 0.30 s
[34/39] TestDir#test_home_utf8 = 0.24 s
[35/39] TestDir#test_home = 0.30 s
[36/39] TestDir#test_instance_chdir = 11.75 s
[37/39] TestDir#test_entries = 0.30 s
[38/39] TestDir#test_rewind = 0.25 s
[39/39] TestDir#test_path = 0.25 s
Finished tests in 53.783966s, 0.7251 tests/s, 7.2884 assertions/s.
39 tests, 392 assertions, 0 failures, 0 errors, 0 skips

ruby -v: ruby 3.4.1 (2025-06-14 revision 742e381c9f) +PRISM [riscv64-freebsd]
end time: 2025-06-21T23:48:31
----------------------------------------
Running test: ../test/ruby/test_transcode.rb
start time: 2025-06-21T23:48:31
Run options:
  "--ruby=./miniruby -I../lib -I. -I.ext/common  ../tool/runruby.rb --extout=.ext  -- --disable-gems
"
  --excludes-dir=../test/.excludes
  --name=!/memory_leak/
  -s
  3216
  --timeout-scale
  10
  --worker-timeout=100
  -v

# Running tests:

[ 1/93] TestTranscode#test_twostep = 0.09 s
[ 2/93] TestTranscode#test_utf_32 = 0.24 s
[ 3/93] TestTranscode#test_valid_dummy_encoding = 11.47 s
[ 4/93] TestTranscode#test_all_bytes = 0.13 s
[ 5/93] TestTranscode#test_nothing_changed = 0.02 s
[ 6/93] TestTranscode#test_ill_formed_utf_8_replace = 0.16 s
[ 7/93] TestTranscode#test_CP855 = 0.06 s
[ 8/93] TestTranscode#test_encode_with_invalid_chars = 0.02 s
[ 9/93] TestTranscode#test_arguments = 0.02 s
[10/93] TestTranscode#test_noargument = 0.04 s
[11/93] TestTranscode#test_undef_replace_string = 0.01 s
[12/93] TestTranscode#test_macCyrillic = 0.06 s
[13/93] TestTranscode#test_iso_2022_jp = 0.10 s
[14/93] TestTranscode#test_gb18030 = 3.61 s
[15/93] TestTranscode#test_IBM437 = 0.06 s
[16/93] TestTranscode#test_from_cp50221 = 0.06 s
[17/93] TestTranscode#test_invalid_ignore = 0.04 s
[18/93] TestTranscode#test_IBM852 = 0.06 s
[19/93] TestTranscode#test_tilde_overline = 0.05 s
[20/93] TestTranscode#test_koi8_r = 0.07 s
[21/93] TestTranscode#test_windows_1250 = 0.10 s
[22/93] TestTranscode#test_fallback_hash_default = 0.01 s
[23/93] TestTranscode#test_IBM865 = 0.06 s
[24/93] TestTranscode#test_windows_1252 = 0.10 s
[25/93] TestTranscode#test_loading_race = 11.49 s
[26/93] TestTranscode#test_windows_1254 = 0.12 s
[27/93] TestTranscode#test_IBM861 = 0.06 s
[28/93] TestTranscode#test_EBCDIC = 0.07 s
[29/93] TestTranscode#test_windows_1256 = 0.08 s
[30/93] TestTranscode#test_IBM863 = 0.06 s
[31/93] TestTranscode#test_macTurkish = 0.07 s
[32/93] TestTranscode#test_utf_16 = 0.33 s
[33/93] TestTranscode#test_unicode_public_review_issue_121 = 0.02 s
[34/93] TestTranscode#test_IBM869 = 0.50 s
[35/93] TestTranscode#test_pseudo_encoding_inspect = 0.01 s
[36/93] TestTranscode#test_Big5_UAO = 0.05 s
[37/93] TestTranscode#test_eucjp_sjis_undef = 0.07 s
[38/93] TestTranscode#test_euc_jp = 0.16 s
[39/93] TestTranscode#test_utf8_mac = 0.04 s
[40/93] TestTranscode#test_fallback_method = 0.01 s
[41/93] TestTranscode#test_IBM720 = 0.77 s
[42/93] TestTranscode#test_CESU_8 = 0.05 s
[43/93] TestTranscode#test_encodings = 0.15 s
[44/93] TestTranscode#test_undef_replace = 0.01 s
[45/93] TestTranscode#test_utf_32_bom = 0.02 s
[46/93] TestTranscode#test_eucjp_ms = 0.02 s
[47/93] TestTranscode#test_eucjp_sjis_unassigned = 0.03 s
[48/93] TestTranscode#test_invalid_replace = 0.10 s
[49/93] TestTranscode#test_gbk = 0.46 s
[50/93] TestTranscode#test_euc_jis_2004 = 0.18 s
[51/93] TestTranscode#test_fallback_aref = 0.01 s
[52/93] TestTranscode#test_scrub_encode_with_coderange = 0.01 s
[53/93] TestTranscode#test_TIS_620 = 0.08 s
[54/93] TestTranscode#test_macRoman = 0.05 s
[55/93] TestTranscode#test_windows_874 = 0.09 s
[56/93] TestTranscode#test_iso_2022_jp_1 = 0.01 s
[57/93] TestTranscode#test_newline_options = 0.02 s
[58/93] TestTranscode#test_IBM862 = 0.05 s
[59/93] TestTranscode#test_windows_1257 = 0.15 s
[60/93] TestTranscode#test_IBM860 = 0.05 s
[61/93] TestTranscode#test_windows_1255 = 0.36 s
[62/93] TestTranscode#test_IBM866 = 0.06 s
[63/93] TestTranscode#test_windows_1253 = 0.13 s
[64/93] TestTranscode#test_IBM864 = 0.06 s
[65/93] TestTranscode#test_yen_sign = 0.14 s
[66/93] TestTranscode#test_windows_31j = 0.02 s
[67/93] TestTranscode#test_windows_1251 = 0.07 s
[68/93] TestTranscode#test_errors = 0.34 s
[69/93] TestTranscode#test_macIceland = 0.05 s
[70/93] TestTranscode#test_gb2312 = 0.76 s
[71/93] TestTranscode#test_invalid_replace_string = 0.01 s
[72/93] TestTranscode#test_macGreek = 0.06 s
[73/93] TestTranscode#test_length = 0.74 s
[74/93] TestTranscode#test_Big5_Hkscs = 0.19 s
[75/93] TestTranscode#test_IBM855 = 0.05 s
[76/93] TestTranscode#test_utf_16_bom = 0.02 s
[77/93] TestTranscode#test_to_cp50221 = 0.02 s
[78/93] TestTranscode#test_IBM857 = 0.08 s
[79/93] TestTranscode#test_koi8_u = 0.08 s
[80/93] TestTranscode#test_macUkraine = 0.05 s
[81/93] TestTranscode#test_Big5 = 0.17 s
[82/93] TestTranscode#test_encoding_of_ascii_originating_from_binary = 0.02 s
[83/93] TestTranscode#test_CP850 = 0.05 s
[84/93] TestTranscode#test_fallback_proc = 0.01 s
[85/93] TestTranscode#test_CP852 = 0.05 s
[86/93] TestTranscode#test_fallback = 0.06 s
[87/93] TestTranscode#test_IBM775 = 0.05 s
[88/93] TestTranscode#test_encode_xml_multibyte = 1.08 s
[89/93] TestTranscode#test_macRomania = 0.05 s
[90/93] TestTranscode#test_eucjp_sjis = 0.08 s
[91/93] TestTranscode#test_ascii_range = 0.12 s
[92/93] TestTranscode#test_shift_jis = 0.11 s
[93/93] TestTranscode#test_macCroatian = 0.09 s
Finished tests in 42.667474s, 2.1796 tests/s, 80.4125 assertions/s.
93 tests, 3431 assertions, 0 failures, 0 errors, 0 skips

ruby -v: ruby 3.4.1 (2025-06-14 revision 742e381c9f) +PRISM [riscv64-freebsd]
end time: 2025-06-21T23:49:35
----------------------------------------
Running test: ../test/ruby/test_object.rb
start time: 2025-06-21T23:49:35
Run options:
  "--ruby=./miniruby -I../lib -I. -I.ext/common  ../tool/runruby.rb --extout=.ext  -- --disable-gems
"
  --excludes-dir=../test/.excludes
  --name=!/memory_leak/
  -s
  3216
  --timeout-scale
  10
  --worker-timeout=100
  -v

# Running tests:

[ 1/63] TestObject#test_instance_variable_get = 0.05 s
[ 2/63] TestObject#test_true_and = 0.01 s
[ 3/63] TestObject#test_instance_variable_set = 0.03 s
[ 4/63] TestObject#test_itself = 0.01 s
[ 5/63] TestObject#test_implicit_respond_to_arity_1 = 0.01 s
[ 6/63] TestObject#test_implicit_respond_to_arity_3 = 0.02 s
[ 7/63] TestObject#test_methods_prepend = 0.01 s
[ 8/63] TestObject#test_implicit_respond_to = 0.01 s
[ 9/63] TestObject#test_true_or = 0.01 s
[10/63] TestObject#test_singleton_class = 0.02 s
[11/63] TestObject#test_methods2 = 0.05 s
[12/63] TestObject#test_public_send = 0.02 s
[13/63] TestObject#test_convert_hash = 0.02 s
[14/63] TestObject#test_singleton_class_freeze = 0.01 s
[15/63] TestObject#test_bad_initialize_copy = 0.10 s
[16/63] TestObject#test_kind_of = 0.01 s
[17/63] TestObject#test_false_and = 0.01 s
[18/63] TestObject#test_extend = 0.02 s
[19/63] TestObject#test_false_xor = 0.01 s
[20/63] TestObject#test_nil_to_s = 0.01 s
[21/63] TestObject#test_methods_prepend_singleton = 0.01 s
[22/63] TestObject#test_frozen_error_message = 0.02 s
[23/63] TestObject#test_convert_array = 0.01 s
[24/63] TestObject#test_remove_method = 10.04 s
[25/63] TestObject#test_check_to_integer = 0.02 s
[26/63] TestObject#test_dup = 0.02 s
[27/63] TestObject#test_redef_method_missing = 34.13 s
[28/63] TestObject#test_inspect = 0.11 s
[29/63] TestObject#test_singleton_methods = 0.03 s
[30/63] TestObject#test_type_error_message = 0.03 s
[31/63] TestObject#test_respond_to_missing = 0.05 s
[32/63] TestObject#test_remove_instance_variable_re_embed = 0.13 s
[33/63] TestObject#test_true_xor = 0.01 s
[34/63] TestObject#test_instance_of = 0.02 s
[35/63] TestObject#test_nil_to_f = 0.09 s
[36/63] TestObject#test_redefine_method_which_may_case_serious_problem = 32.32 s
[37/63] TestObject#test_false_or = 0.01 s
[38/63] TestObject#test_method_missing_passed_block = 0.03 s
[39/63] TestObject#test_send_with_block = 0.02 s
[40/63] TestObject#test_instance_exec = 0.02 s
[41/63] TestObject#test_max_shape_variation_with_performance_warnings = 2.35 s
[42/63] TestObject#test_freeze_immediate = 0.02 s
[43/63] TestObject#test_to_s = 0.04 s
[44/63] TestObject#test_remove_instance_variable = 0.05 s
[45/63] TestObject#test_respond_to_missing_string = 0.02 s
[46/63] TestObject#test_instance_variable_defined = 0.03 s
[47/63] TestObject#test_no_superclass_method = 0.03 s
[48/63] TestObject#test_redefine_method_under_verbose = 2.33 s
[49/63] TestObject#test_method_missing = 0.07 s
[50/63] TestObject#test_send_with_no_arguments = 0.01 s
[51/63] TestObject#test_to_integer = 0.02 s
[52/63] TestObject#test_yield_self = 0.06 s
[53/63] TestObject#test_clone_object_should_not_be_old = 12.52 s
[54/63] TestObject#test_false_to_s = 0.01 s
[55/63] TestObject#test_frozen_inspect = 0.01 s
[56/63] TestObject#test_convert_string = 0.07 s
[57/63] TestObject#test_true_to_s = 0.01 s
[58/63] TestObject#test_init_dupclone = 0.06 s
[59/63] TestObject#test_superclass_method = 2.37 s
[60/63] TestObject#test_clone = 0.11 s
[61/63] TestObject#test_not = 0.01 s
[62/63] TestObject#test_specific_eval_with_wrong_arguments = 0.02 s
[63/63] TestObject#test_methods = 0.02 s
Finished tests in 103.639204s, 0.6079 tests/s, 5.0174 assertions/s.
63 tests, 520 assertions, 0 failures, 0 errors, 0 skips

ruby -v: ruby 3.4.1 (2025-06-14 revision 742e381c9f) +PRISM [riscv64-freebsd]
end time: 2025-06-21T23:51:38
----------------------------------------
Running test: ../test/ruby/test_iseq.rb
start time: 2025-06-21T23:51:38
Run options:
  "--ruby=./miniruby -I../lib -I. -I.ext/common  ../tool/runruby.rb --extout=.ext  -- --disable-gems
"
  --excludes-dir=../test/.excludes
  --name=!/memory_leak/
  -s
  3216
  --timeout-scale
  10
  --worker-timeout=100
  -v

# Running tests:

[ 1/61] TestISeq#test_compile_prism_with_file = 0.06 s
[ 2/61] TestISeq#test_load_from_binary_only_accepts_string_param = 0.01 s
[ 3/61] TestISeq#test_anon_keyrest_param_in_disasm = 0.07 s
[ 4/61] TestISeq#test_anon_rest_param_in_disasm = 0.01 s
[ 5/61] TestISeq#test_no_linenum = 9.74 s
[ 6/61] TestISeq#test_while_in_until_condition = 1.65 s
[ 7/61] TestISeq#test_anon_block_param_in_disasm = 0.02 s
[ 8/61] TestISeq#test_mandatory_only_redef = 12.09 s
[ 9/61] TestISeq#test_unused_param = 0.02 s
[10/61] TestISeq#test_super_with_block_and_kwrest = 0.04 s
[11/61] TestISeq#test_to_binary_end_tracepoint = 0.53 s
[12/61] TestISeq#test_to_binary_b_return_tracepoint = 0.28 s
[13/61] TestISeq#test_cdhash_after_roundtrip = 0.02 s
[14/61] TestISeq#test_unreachable_next_in_block = 0.02 s
[15/61] TestISeq#test_disasm_encoding = 0.08 s
[16/61] TestISeq#test_iseq_of_twice_for_same_code = 0.02 s
[17/61] TestISeq#test_inspect = 0.04 s
[18/61] TestISeq#test_compile_file_encoding = 0.05 s
[19/61] TestISeq#test_to_a_lines = 0.03 s
[20/61] TestISeq#test_iseq_of = 0.01 s
[21/61] TestISeq#test_label_fstring = 0.01 s
[22/61] TestISeq#test_iseq_builtin_to_a = 9.76 s
[23/61] TestISeq#test_super_with_block_hash_0 = 0.04 s
[24/61] TestISeq#test_to_binary_pattern_matching = 0.28 s
[25/61] TestISeq#test_invalid_source = 0.03 s
[26/61] TestISeq#test_unreachable_syntax_error = 0.07 s
[27/61] TestISeq#test_to_binary_with_hidden_local_variables = 0.12 s
[28/61] TestISeq#test_super_with_block = 0.02 s
[29/61] TestISeq#test_each_child = 0.05 s
[30/61] TestISeq#test_translate_by_object = 11.34 s
[31/61] TestISeq#test_trace_points = 0.07 s
[32/61] TestISeq#test_to_binary_with_objects = 0.88 s
[33/61] TestISeq#test_mandatory_only = 11.35 s
[34/61] TestISeq#test_to_binary_class_tracepoint = 0.56 s
[35/61] TestISeq#test_to_binary_line_info = 0.14 s
[36/61] TestISeq#test_super_with_anonymous_block = 0.02 s
[37/61] TestISeq#test_unreachable_pattern_matching_in_if_condition = 2.33 s
[38/61] TestISeq#test_syntax_error_message = 0.04 s
[39/61] TestISeq#test_to_binary_dumps_nokey = 0.10 s
[40/61] TestISeq#test_ractor_unshareable_outer_variable = 0.08 s
[41/61] TestISeq#test_frozen_string_literal_compile_option = 0.02 s
[42/61] TestISeq#test_forwardable = 0.03 s
[43/61] TestISeq#test_compile_error = 0.01 s
[44/61] TestISeq#test_safe_call_chain = 0.02 s
[45/61] TestISeq#test_lambda_with_ractor_roundtrip = 0.02 s
[46/61] TestISeq#test_disable_opt = 0.03 s
[47/61] TestISeq#test_to_binary_line_tracepoint = 0.55 s
[48/61] TestISeq#test_to_binary_b_call_tracepoint = 0.31 s
[49/61] TestISeq#test_compile_prism_with_invalid_object_type = 0.01 s
[50/61] TestISeq#test_compile_file_error = 2.36 s
[51/61] TestISeq#test_to_binary_return_tracepoint = 0.60 s
[52/61] TestISeq#test_location = 0.03 s
[53/61] TestISeq#test_ractor_shareable_value_frozen_core = 0.02 s
[54/61] TestISeq#test_ever_condition_loop = 10.20 s
[55/61] TestISeq#test_unreachable_pattern_matching = 4.63 s
[56/61] TestISeq#test_iseq_builtin_load = 11.40 s
[57/61] TestISeq#test_ibf_bignum = 0.02 s
[58/61] TestISeq#test_iseq_option_debug_level = 9.68 s
[59/61] TestISeq#test_empty_iseq_lineno = 0.03 s
[60/61] TestISeq#test_allocate = 0.01 s
Finished tests in 107.632672s, 0.5575 tests/s, 3.1961 assertions/s.
60 tests, 344 assertions, 0 failures, 0 errors, 0 skips

ruby -v: ruby 3.4.1 (2025-06-14 revision 742e381c9f) +PRISM [riscv64-freebsd]
end time: 2025-06-21T23:53:44
----------------------------------------
Running test: ../test/ruby/test_stack.rb
start time: 2025-06-21T23:53:45
Run options:
  "--ruby=./miniruby -I../lib -I. -I.ext/common  ../tool/runruby.rb --extout=.ext  -- --disable-gems
"
  --excludes-dir=../test/.excludes
  --name=!/memory_leak/
  -s
  3216
  --timeout-scale
  10
  --worker-timeout=100
  -v

# Running tests:

[1/3] TestStack#test_machine_stack_size = 44.26 s
[2/3] TestStack#test_vm_stack_size = 89.74 s
[3/3] TestStack#test_relative_stack_sizes = 29.08 s
Finished tests in 164.398842s, 0.0182 tests/s, 0.1460 assertions/s.
3 tests, 24 assertions, 0 failures, 0 errors, 0 skips

ruby -v: ruby 3.4.1 (2025-06-14 revision 742e381c9f) +PRISM [riscv64-freebsd]
end time: 2025-06-21T23:56:47
----------------------------------------
Running test: ../test/ruby/test_fiber.rb
start time: 2025-06-21T23:56:47
Run options:
  "--ruby=./miniruby -I../lib -I. -I.ext/common  ../tool/runruby.rb --extout=.ext  -- --disable-gems
"
  --excludes-dir=../test/.excludes
  --name=!/memory_leak/
  -s
  3216
  --timeout-scale
  10
  --worker-timeout=100
  -v

# Running tests:

[ 1/33] TestFiber#test_fiber_transfer_segv = 19.46 s
[ 2/33] TestFiber#test_terminate_transferred_fiber = 0.02 s
[ 3/33] TestFiber#test_fiber_variables = 0.02 s
[ 4/33] TestFiber#test_prohibit_transfer_to_yielding_fiber = 0.02 s
[ 5/33] TestFiber#test_prohibit_resume_to_transferring_fiber = 0.02 s
[ 6/33] TestFiber#test_new_symbol_proc = 9.69 s
[ 7/33] TestFiber#test_exit_in_fiber = 0.03 s
[ 8/33] TestFiber#test_argument = 0.01 s
[ 9/33] TestFiber#test_term = 0.02 s
[10/33] TestFiber#test_gc_root_fiber = 19.77 s
[11/33] TestFiber#test_create_fiber_in_new_thread = 0.05 s
[12/33] TestFiber#test_throw = 0.02 s
[13/33] TestFiber#test_mark_fiber = 30.86 s
[14/33] TestFiber#test_resume_root_fiber = 0.02 s
[15/33] TestFiber#test_tls = 0.02 s
[16/33] TestFiber#test_fork_from_fiber = 4.80 s
[17/33] TestFiber#test_separate_lastline = 0.01 s
[18/33] TestFiber#test_fatal_in_fiber = 2.39 s
[19/33] TestFiber#test_machine_stack_gc = 15.06 s
[20/33] TestFiber#test_many_fibers = 3.68 s
[21/33] TestFiber#test_raise_transferring_fiber = 0.02 s
[22/33] TestFiber#test_to_s = 0.02 s
[23/33] TestFiber#test_normal = 0.01 s
[24/33] TestFiber#test_raise = 0.03 s
[25/33] TestFiber#test_separate_lastmatch = 0.01 s
[26/33] TestFiber#test_transfer = 0.01 s
[27/33] TestFiber#test_error = 0.06 s
[28/33] TestFiber#test_no_valid_cfp = 0.02 s
[29/33] TestFiber#test_alive = 0.01 s
[30/33] TestFiber#test_return = 0.01 s
[31/33] TestFiber#test_prohibit_transfer_to_resuming_fiber = 0.02 s
[32/33] TestFiber#test_many_fibers_with_threads = 148.23 s
[33/33] TestFiber#test_resume_self = 0.02 s
Finished tests in 256.964129s, 0.1284 tests/s, 0.6227 assertions/s.
33 tests, 160 assertions, 0 failures, 0 errors, 0 skips

ruby -v: ruby 3.4.1 (2025-06-14 revision 742e381c9f) +PRISM [riscv64-freebsd]
end time: 2025-06-22T00:01:23
----------------------------------------
Running test: ../test/ruby/test_super.rb
start time: 2025-06-22T00:01:23
Run options:
  "--ruby=./miniruby -I../lib -I. -I.ext/common  ../tool/runruby.rb --extout=.ext  -- --disable-gems
"
  --excludes-dir=../test/.excludes
  --name=!/memory_leak/
  -s
  3216
  --timeout-scale
  10
  --worker-timeout=100
  -v

# Running tests:

[ 1/47] TestSuper#test_optional2 = 0.07 s
[ 2/47] TestSuper#test_zsuper_kw_splat_not_mutable = 0.01 s
[ 3/47] TestSuper#test_optional4 = 0.01 s
[ 4/47] TestSuper#test_missing_super = 0.01 s
[ 5/47] TestSuper#test_super_in_instance_eval = 0.04 s
[ 6/47] TestSuper#test_double_include = 0.01 s
[ 7/47] TestSuper#test_define_method = 0.02 s
[ 8/47] TestSuper#test_double2 = 0.01 s
[ 9/47] TestSuper#test_keyword2 = 0.01 s
[10/47] TestSuper#test_super_with_modified_rest_parameter = 0.01 s
[11/47] TestSuper#test_single2 = 0.01 s
[12/47] TestSuper#test_super_in_at_exit = 21.95 s
[13/47] TestSuper#test_public_zsuper_with_prepend = 0.08 s
[14/47] TestSuper#test_from_eval = 0.02 s
[15/47] TestSuper#test_super_missing_prepended_module = 13.44 s
[16/47] TestSuper#test_super_in_thread = 0.03 s
[17/47] TestSuper#test_super_in_orphan_block = 0.02 s
[18/47] TestSuper#test_double_include2 = 0.01 s
[19/47] TestSuper#test_array1 = 0.01 s
[20/47] TestSuper#test_missing_super_in_method_module = 0.01 s
[21/47] TestSuper#test_array3 = 0.01 s
[22/47] TestSuper#test_missing_super_in_module_unbound_method = 0.01 s
[23/47] TestSuper#test_super_in_instance_eval_in_module = 0.03 s
[24/47] TestSuper#test_module_super_in_method_module = 0.01 s
[25/47] TestSuper#test_super_in_module_unbound_method = 0.02 s
[26/47] TestSuper#test_array4 = 0.01 s
[27/47] TestSuper#test_super_attr_reader = 0.01 s
[28/47] TestSuper#test_array2 = 0.01 s
[29/47] TestSuper#test_super_splat = 0.01 s
[30/47] TestSuper#test_yielding_super = 0.01 s
[31/47] TestSuper#test_super_with_block = 0.01 s
[32/47] TestSuper#test_overlaid = 0.01 s
[33/47] TestSuper#test_super_in_BEGIN = 22.00 s
[34/47] TestSuper#test_super_in_instance_eval_with_define_method = 0.04 s
[35/47] TestSuper#test_super_with_define_method = 0.02 s
[36/47] TestSuper#test_single1 = 0.01 s
[37/47] TestSuper#test_forwardable = 0.02 s
[38/47] TestSuper#test_double1 = 0.01 s
[39/47] TestSuper#test_double3 = 0.01 s
[40/47] TestSuper#test_keyword1 = 0.01 s
[41/47] TestSuper#test_super_in_orphan_block_with_instance_eval = 0.03 s
[42/47] TestSuper#test_super_with_included_prepended_module_method_caching_bug_20716 = 0.02 s
[43/47] TestSuper#test_optional5 = 0.02 s
[44/47] TestSuper#test_optional1 = 0.02 s
[45/47] TestSuper#test_optional3 = 0.01 s
[46/47] TestSuper#test_super_attr_writer = 0.02 s
[47/47] TestSuper#test_super_in_END = 21.89 s
Finished tests in 83.062456s, 0.5658 tests/s, 2.2634 assertions/s.
47 tests, 188 assertions, 0 failures, 0 errors, 0 skips

ruby -v: ruby 3.4.1 (2025-06-14 revision 742e381c9f) +PRISM [riscv64-freebsd]
end time: 2025-06-22T00:03:05
----------------------------------------
Running test: ../test/ruby/test_math.rb
start time: 2025-06-22T00:03:05
Run options:
  "--ruby=./miniruby -I../lib -I. -I.ext/common  ../tool/runruby.rb --extout=.ext  -- --disable-gems
"
  --excludes-dir=../test/.excludes
  --name=!/memory_leak/
  -s
  3216
  --timeout-scale
  10
  --worker-timeout=100
  -v

# Running tests:

[ 1/32] TestMath#test_exp = 0.04 s
[ 2/32] TestMath#test_sinh = 0.01 s
[ 3/32] TestMath#test_bignum_to_f = 0.01 s
[ 4/32] TestMath#test_asin = 0.06 s
[ 5/32] TestMath#test_erfc = 0.01 s
[ 6/32] TestMath#test_acos = 0.04 s
[ 7/32] TestMath#test_cosh = 0.01 s
[ 8/32] TestMath#test_atan2 = 0.03 s
[ 9/32] TestMath#test_frexp = 0.02 s
[10/32] TestMath#test_cbrt = 0.02 s
[11/32] TestMath#test_hypot = 0.01 s
[12/32] TestMath#test_override_rational_to_f = 0.02 s
[13/32] TestMath#test_override_integer_to_f = 0.01 s
[14/32] TestMath#test_tanh = 0.02 s
[15/32] TestMath#test_override_bignum_to_f = 0.01 s
[16/32] TestMath#test_tan = 0.01 s
[17/32] TestMath#test_cos = 0.02 s
[18/32] TestMath#test_ldexp = 0.01 s
[19/32] TestMath#test_sqrt = 0.03 s
[20/32] TestMath#test_fixnum_to_f = 0.34 s
[21/32] TestMath#test_asinh = 0.01 s
[22/32] TestMath#test_log2 = 0.04 s
[23/32] TestMath#test_acosh = 0.03 s
[24/32] TestMath#test_log10 = 0.04 s
[25/32] TestMath#test_sin = 0.01 s
[26/32] TestMath#test_erf = 0.01 s
[27/32] TestMath#test_atan = 0.01 s
[28/32] TestMath#test_lgamma = 0.04 s
[29/32] TestMath#test_gamma = 0.17 s
[30/32] TestMath#test_log = 0.07 s
[31/32] TestMath#test_atanh = 0.04 s
[32/32] TestMath#test_rational_to_f = 0.01 s
Finished tests in 3.555980s, 8.9989 tests/s, 136.6712 assertions/s.
32 tests, 486 assertions, 0 failures, 0 errors, 0 skips

ruby -v: ruby 3.4.1 (2025-06-14 revision 742e381c9f) +PRISM [riscv64-freebsd]
end time: 2025-06-22T00:03:28
----------------------------------------
Running test: ../test/ruby/rjit/test_assembler.rb
start time: 2025-06-22T00:03:28
Run options:
  "--ruby=./miniruby -I../lib -I. -I.ext/common  ../tool/runruby.rb --extout=.ext  -- --disable-gems
"
  --excludes-dir=../test/.excludes
  --name=!/memory_leak/
  -s
  3216
  --timeout-scale
  10
  --worker-timeout=100
  -v

# Running tests:

Finished tests in 1.027986s, 0.0000 tests/s, 0.0000 assertions/s.
0 tests, 0 assertions, 0 failures, 0 errors, 0 skips

ruby -v: ruby 3.4.1 (2025-06-14 revision 742e381c9f) +PRISM [riscv64-freebsd]
end time: 2025-06-22T00:03:47
----------------------------------------
Running test: ../test/ruby/sentence.rb
start time: 2025-06-22T00:03:47
Run options:
  "--ruby=./miniruby -I../lib -I. -I.ext/common  ../tool/runruby.rb --extout=.ext  -- --disable-gems
"
  --excludes-dir=../test/.excludes
  --name=!/memory_leak/
  -s
  3216
  --timeout-scale
  10
  --worker-timeout=100
  -v

# Running tests:

Finished tests in 1.031571s, 0.0000 tests/s, 0.0000 assertions/s.
0 tests, 0 assertions, 0 failures, 0 errors, 0 skips

ruby -v: ruby 3.4.1 (2025-06-14 revision 742e381c9f) +PRISM [riscv64-freebsd]
end time: 2025-06-22T00:04:07
----------------------------------------
Running test: ../test/ruby/test_module.rb
start time: 2025-06-22T00:04:07
Run options:
  "--ruby=./miniruby -I../lib -I. -I.ext/common  ../tool/runruby.rb --extout=.ext  -- --disable-gems
"
  --excludes-dir=../test/.excludes
  --name=!/memory_leak/
  -s
  3216
  --timeout-scale
  10
  --worker-timeout=100
  -v

# Running tests:

[  1/192] TestModule#test_nested_get_symbol = 0.05 s
[  2/192] TestModule#test_prepend_private_super = 0.01 s
[  3/192] TestModule#test_include_before_initialize = 0.01 s
[  4/192] TestModule#test_const_set = 0.02 s
[  5/192] TestModule#test_private_constant_in_module = 0.04 s
[  6/192] TestModule#test_prepend_CMP = 0.01 s
[  7/192] TestModule#test_GT_0 = 0.02 s
[  8/192] TestModule#test_method_added = 0.03 s
[  9/192] TestModule#test_prepend_singleton_methods = 0.01 s
[ 10/192] TestModule#test_include_into_module_after_prepend_bug_20871 = 0.02 s
[ 11/192] TestModule#test_LT = 0.01 s
[ 12/192] TestModule#test_frozen_visibility = 0.05 s
[ 13/192] TestModule#test_uninitialized_attr = 0.02 s
[ 14/192] TestModule#test_VERY_EQUAL = 0.01 s
[ 15/192] TestModule#test_prepend_included_modules = 0.03 s
[ 16/192] TestModule#test_const_get = 0.01 s
[ 17/192] TestModule#test_extend_module_with_protected_bmethod = 0.02 s
[ 18/192] TestModule#test_instance_methods = 0.03 s
[ 19/192] TestModule#test_append_features = 0.01 s
[ 20/192] TestModule#test_inspect_segfault = 11.42 s
[ 21/192] TestModule#test_constant_access_from_method_in_cloned_module = 0.02 s
[ 22/192] TestModule#test_bug17590 = 0.48 s
[ 23/192] TestModule#test_alias_method = 0.02 s
[ 24/192] TestModule#test_include_toplevel = 11.42 s
[ 25/192] TestModule#test_leading_colons = 0.01 s
[ 26/192] TestModule#test_prepend = 0.02 s
[ 27/192] TestModule#test_send = 0.02 s
[ 28/192] TestModule#test_prepend_class_ancestors = 0.02 s
[ 29/192] TestModule#test_private_constant_const_missing = 0.01 s
[ 30/192] TestModule#test_toplevel_private_constant = 2.37 s
[ 31/192] TestModule#test_constant_lookup_in_method_defined_by_class_eval = 2.39 s
[ 32/192] TestModule#test_freeze = 0.07 s
[ 33/192] TestModule#test_visibility_after_multiple_refine_and_visibility_change_with_superclass = 0
.12 s
[ 34/192] TestModule#test_module_function_inside_method = 0.02 s
[ 35/192] TestModule#test_prepend_instance_methods = 0.02 s
[ 36/192] TestModule#test_singleton_constants = 0.01 s
[ 37/192] TestModule#test_const_set_invalid_name = 0.15 s
[ 38/192] TestModule#test_cyclic_include = 0.01 s
[ 39/192] TestModule#test_prepended_module_with_super_and_alias = 0.02 s
[ 40/192] TestModule#test_included_modules = 0.02 s
[ 41/192] TestModule#test_redefinition_mismatch = 11.50 s
[ 42/192] TestModule#test_visibility_after_multiple_refine_and_visibility_change_with_origin_class =
 0.12 s
[ 43/192] TestModule#test_public_instance_methods = 0.01 s
[ 44/192] TestModule#test_return_value_of_define_singleton_method = 0.01 s
[ 45/192] TestModule#test_GT = 0.02 s
[ 46/192] TestModule#test_public_include = 0.01 s
[ 47/192] TestModule#test_public_methods = 0.02 s
[ 48/192] TestModule#test_append_features_type_error = 0.01 s
[ 49/192] TestModule#test_protected_include_into_included_module = 0.01 s
[ 50/192] TestModule#test_prepend_each_classes = 0.02 s
[ 51/192] TestModule#test_attr = 3.55 s
[ 52/192] TestModule#test_prepend_remove_method = 0.02 s
[ 53/192] TestModule#test_accidental_singleton_naming_with_class = 0.01 s
[ 54/192] TestModule#test_class_eval = 0.03 s
[ 55/192] TestModule#test_private_class_method = 0.02 s
[ 56/192] TestModule#test_define_method_changes_visibility_with_existing_method_bug_19749 = 0.01 s
[ 57/192] TestModule#test_clone_freeze = 0.01 s
[ 58/192] TestModule#test_nested_get_bad_class = 0.01 s
[ 59/192] TestModule#test_constant_lookup_in_toplevel_class_eval = 2.36 s
[ 60/192] TestModule#test_constant_lookup_in_module_in_class_eval = 2.33 s
[ 61/192] TestModule#test_alias = 2.36 s
[ 62/192] TestModule#test_public_class_method = 0.03 s
[ 63/192] TestModule#test_prepend_after_include = 0.05 s
[ 64/192] TestModule#test_ancestry_of_duped_classes = 0.02 s
[ 65/192] TestModule#test_attr_inherited_visibility = 0.01 s
[ 66/192] TestModule#test_refine_module_then_include = 11.43 s
[ 67/192] TestModule#test_private_constant_in_class = 0.19 s
[ 68/192] TestModule#test_initialize_copy = 3.17 s
[ 69/192] TestModule#test_s_nesting = 0.01 s
[ 70/192] TestModule#test_method_defined? = 0.03 s
[ 71/192] TestModule#test_s_protected = 0.04 s
[ 72/192] TestModule#test_nonascii_name = 0.03 s
[ 73/192] TestModule#test_dup = 0.01 s
[ 74/192] TestModule#test_uninitialized_toplevel_constant = 0.02 s
[ 75/192] TestModule#test_bad_constants_defined = 0.10 s
[ 76/192] TestModule#test_const_get_no_inherited = 2.36 s
[ 77/192] TestModule#test_include_into_module_already_included = 0.10 s
[ 78/192] TestModule#test_include_with_prepend = 0.02 s
[ 79/192] TestModule#test_visibility_by_public_class_method = 0.02 s
[ 80/192] TestModule#test_private_constants_clear_inlinecache = 2.39 s
[ 81/192] TestModule#test_method_redefinition = 0.07 s
[ 82/192] TestModule#test_nested_get = 0.02 s
[ 83/192] TestModule#test_private_top_methods = 45.63 s
[ 84/192] TestModule#test_module_exec = 0.03 s
[ 85/192] TestModule#test_prepend_inheritance = 0.04 s
[ 86/192] TestModule#test_s_constants = 2.41 s
[ 87/192] TestModule#test_nested_get_const_missing = 0.01 s
[ 88/192] TestModule#test_class_variable_defined = 0.04 s
[ 89/192] TestModule#test_frozen_prepend_remove_method = 0.02 s
[ 90/192] TestModule#test_remove_class_variable = 0.02 s
[ 91/192] TestModule#test_prepend_in_superclass = 0.02 s
[ 92/192] TestModule#test_append_features_raise = 0.77 s
[ 93/192] TestModule#test_const_defined? = 23.79 s
[ 94/192] TestModule#test_deprecate_constant = 0.05 s
[ 95/192] TestModule#test_remove_const = 0.01 s
[ 96/192] TestModule#test_s_public = 0.03 s
[ 97/192] TestModule#test_nested_defined_symbol = 0.02 s
[ 98/192] TestModule#test_prepend_self = 0.01 s
[ 99/192] TestModule#test_class_variables = 0.02 s
[100/192] TestModule#test_const_get_evaled = 0.05 s
[101/192] TestModule#test_visibility_after_refine_and_visibility_change_with_superclass = 0.06 s
[102/192] TestModule#test_const_get_invalid_name = 0.01 s
[103/192] TestModule#test_CMP_0 = 0.01 s
[104/192] TestModule#test_const_source_location = 0.04 s
[105/192] TestModule#test_method_defined = 0.22 s
[106/192] TestModule#test_nested_defined_inheritance = 0.02 s
[107/192] TestModule#test_frozen_module = 0.01 s
[108/192] TestModule#test_name = 0.01 s
[109/192] TestModule#test_define_method_with_unbound_method = 0.02 s
[110/192] TestModule#test_extend_module_with_protected_method = 0.01 s
[111/192] TestModule#test_constants_with_private_constant = 0.02 s
[112/192] TestModule#test_classpath = 0.04 s
[113/192] TestModule#test_prepend_visibility = 0.01 s
[114/192] TestModule#test_method_undefined = 0.01 s
[115/192] TestModule#test_singleton_class_ancestors = 0.01 s
[116/192] TestModule#test_prepend_module_with_no_args = 0.01 s
[117/192] TestModule#test_private_extended_module = 11.63 s
[118/192] TestModule#test_prepend_visibility_inherited = 11.37 s
[119/192] TestModule#test_gc_prepend_chain = 66.41 s
[120/192] TestModule#test_visibility_after_multiple_refine_and_visibility_change_without_origin_clas
s = 0.19 s
[121/192] TestModule#test_nested_defined_bad_class = 0.01 s
[122/192] TestModule#test_const_added = 0.05 s
[123/192] TestModule#test_public_constant = 0.02 s
[124/192] TestModule#test_protected_instance_methods = 0.03 s
[125/192] TestModule#test_frozen_class = 0.01 s
[126/192] TestModule#test_prepend_super_in_alias = 0.02 s
[127/192] TestModule#test_prepend_optmethod = 11.39 s
[128/192] TestModule#test_export_method = 0.01 s
[129/192] TestModule#test_s_new = 0.01 s
[130/192] TestModule#test_undef = 10.09 s
[131/192] TestModule#test_prepend_works_with_duped_classes = 0.02 s
[132/192] TestModule#test_ancestors = 0.02 s
[133/192] TestModule#test_define_module_under_private_constant = 0.04 s
[134/192] TestModule#test_private_constant2 = 0.03 s
[135/192] TestModule#test_included = 0.02 s
[136/192] TestModule#test_dup_anonymous = 0.01 s
[137/192] TestModule#test_private_constant_reopen = 0.03 s
[138/192] TestModule#test_include_super_in_alias = 0.03 s
[139/192] TestModule#test_prepend_no_duplication = 0.02 s
[140/192] TestModule#test_uninitialized_attr_class = 0.02 s
[141/192] TestModule#test_prepend_call_super = 11.40 s
[142/192] TestModule#test_LE = 0.02 s
[143/192] TestModule#test_undefined_instance_methods = 0.02 s
[144/192] TestModule#test_module_eval = 0.02 s
[145/192] TestModule#test_public_prepend = 0.01 s
[146/192] TestModule#test_uninitialized_instance_variable = 0.03 s
[147/192] TestModule#test_visibility_after_refine_and_visibility_change_with_origin_class = 0.07 s
[148/192] TestModule#test_private_instance_methods = 0.03 s
[149/192] TestModule#test_cyclic_prepend = 0.01 s
[150/192] TestModule#test_uninitialized_attr_non_object = 0.02 s
[151/192] TestModule#test_const_get_inherited = 2.41 s
[152/192] TestModule#test_module_name_in_singleton_method = 0.02 s
[153/192] TestModule#test_include_with_no_args = 0.01 s
[154/192] TestModule#test_redefine_optmethod_after_prepend = 11.59 s
[155/192] TestModule#test_s_private = 0.25 s
[156/192] TestModule#test_mod_constants = 0.01 s
[157/192] TestModule#test_const_defined_invalid_name = 0.01 s
[158/192] TestModule#test_prepend_constant_lookup = 0.03 s
[159/192] TestModule#test_include_p = 0.01 s
[160/192] TestModule#test_attr_public_at_toplevel = 0.03 s
[161/192] TestModule#test_invalid_attr = 0.03 s
[162/192] TestModule#test_class_variable_in_dup_class = 0.01 s
[163/192] TestModule#test_module_subclass_initialize = 0.02 s
[164/192] TestModule#test_method_removed = 0.02 s
[165/192] TestModule#test_nested_defined = 0.02 s
[166/192] TestModule#test_private_constant_with_no_args = 2.34 s
[167/192] TestModule#test_visibility_after_refine_and_visibility_change_without_origin_class = 0.07
s
[168/192] TestModule#test_method_defined_without_include_super = 0.02 s
[169/192] TestModule#test_return_value_of_define_method = 0.01 s
[170/192] TestModule#test_prepend_instance_methods_false = 0.02 s
[171/192] TestModule#test_attr_writer_with_no_arguments = 0.01 s
[172/192] TestModule#test_extend_module_with_no_args = 0.01 s
[173/192] TestModule#test_LT_0 = 0.02 s
[174/192] TestModule#test_GE = 0.02 s
[175/192] TestModule#test_CMP = 0.01 s
[176/192] TestModule#test_frozen_singleton_class = 0.03 s
[177/192] TestModule#test_protected_singleton_method = 0.02 s
[178/192] TestModule#test_constants = 0.01 s
[179/192] TestModule#test_const_in_module = 4.66 s
[180/192] TestModule#test_bad_constants_get = 0.13 s
[181/192] TestModule#test_initialize_copy_empty = 0.04 s
[182/192] TestModule#test_prepend_module_ancestors = 0.31 s
[183/192] TestModule#test_attr_obsoleted_flag = 0.04 s
[184/192] TestModule#test_top_public_private = 2.45 s
[185/192] TestModule#test_module_collected_extended_object = 1.23 s
[186/192] TestModule#test_class_variable_set = 0.03 s
[187/192] TestModule#test_included_modules_with_prepend = 0.01 s
[188/192] TestModule#test_visibility_method_return_value = 0.02 s
[189/192] TestModule#test_override_optmethod_after_prepend = 11.41 s
[190/192] TestModule#test_prepend_gc = 99.26 s
[191/192] TestModule#test_accidental_singleton_naming_with_module = 0.02 s
[192/192] TestModule#test_class_variable_get = 0.04 s
Finished tests in 415.472144s, 0.4621 tests/s, 3.7066 assertions/s.
192 tests, 1540 assertions, 0 failures, 0 errors, 0 skips

ruby -v: ruby 3.4.1 (2025-06-14 revision 742e381c9f) +PRISM [riscv64-freebsd]
end time: 2025-06-22T00:11:24
----------------------------------------
Running test: ../test/ruby/test_dir_m17n.rb
start time: 2025-06-22T00:11:24
Run options:
  "--ruby=./miniruby -I../lib -I. -I.ext/common  ../tool/runruby.rb --extout=.ext  -- --disable-gems
"
  --excludes-dir=../test/.excludes
  --name=!/memory_leak/
  -s
  3216
  --timeout-scale
  10
  --worker-timeout=100
  -v

# Running tests:

[ 1/22] TestDir_M17N#test_filename_euc_jp = 22.98 s
[ 2/22] TestDir_M17N#test_glob_compose = 0.05 s
[ 3/22] TestDir_M17N#test_filename_extutf8_inteucjp_representable = 34.28 s
[ 4/22] TestDir_M17N#test_pwd = 0.07 s
[ 5/22] TestDir_M17N#test_glob_encoding = 0.09 s
[ 6/22] TestDir_M17N#test_glob_warning_match_all = 0.06 s
[ 7/22] TestDir_M17N#test_filename_utf8_raw_windows_1252_name = 22.82 s
[ 8/22] TestDir_M17N#test_error_nonascii = 0.10 s
[ 9/22] TestDir_M17N#test_entries_compose = 0.04 s
[10/22] TestDir_M17N#test_filename_utf8_raw_windows_1251_name = 23.93 s
[11/22] TestDir_M17N#test_inspect_nonascii = 0.05 s
[12/22] TestDir_M17N#test_filename_extutf8_inteucjp_unrepresentable = 34.34 s
[13/22] TestDir_M17N#test_filename_utf8_raw_jp_name = 22.80 s
[14/22] TestDir_M17N#test_glob_incompatible = 0.07 s
[15/22] TestDir_M17N#test_filename_extutf8_invalid = 22.84 s
[16/22] TestDir_M17N#test_glob_warning_opendir = 0.06 s
[17/22] TestDir_M17N#test_filename_ext_euc_jp_and_int_utf_8 = 22.86 s
[18/22] TestDir_M17N#test_filename_extutf8 = 11.41 s
[19/22] TestDir_M17N#test_filename_bytes_euc_jp = 11.49 s
[20/22] TestDir_M17N#test_glob_warning_match_dir = 0.19 s
[21/22] TestDir_M17N#test_glob_escape_multibyte = 0.06 s
[22/22] TestDir_M17N#test_filename_as_bytes_extutf8 = 35.07 s
Finished tests in 268.100678s, 0.0821 tests/s, 0.5334 assertions/s.
22 tests, 143 assertions, 0 failures, 0 errors, 0 skips

ruby -v: ruby 3.4.1 (2025-06-14 revision 742e381c9f) +PRISM [riscv64-freebsd]
end time: 2025-06-22T00:16:11
----------------------------------------
Running test: ../test/ruby/test_metaclass.rb
start time: 2025-06-22T00:16:11
Run options:
  "--ruby=./miniruby -I../lib -I. -I.ext/common  ../tool/runruby.rb --extout=.ext  -- --disable-gems
"
  --excludes-dir=../test/.excludes
  --name=!/memory_leak/
  -s
  3216
  --timeout-scale
  10
  --worker-timeout=100
  -v

# Running tests:

[1/1] TestMetaclass#test_metaclass = 0.09 s
Finished tests in 1.282621s, 0.7797 tests/s, 27.2879 assertions/s.
1 tests, 35 assertions, 0 failures, 0 errors, 0 skips

ruby -v: ruby 3.4.1 (2025-06-14 revision 742e381c9f) +PRISM [riscv64-freebsd]
end time: 2025-06-22T00:16:31
----------------------------------------
Running test: ../test/ruby/test_clone.rb
start time: 2025-06-22T00:16:31
Run options:
  "--ruby=./miniruby -I../lib -I. -I.ext/common  ../tool/runruby.rb --extout=.ext  -- --disable-gems
"
  --excludes-dir=../test/.excludes
  --name=!/memory_leak/
  -s
  3216
  --timeout-scale
  10
  --worker-timeout=100
  -v

# Running tests:

[1/7] TestClone#test_proc_obj_id_flag_reset = 0.03 s
[2/7] TestClone#test_frozen_properties_and_ivars_retained_on_clone_with_ivar = 0.01 s
[3/7] TestClone#test_frozen_properties_retained_on_clone = 0.01 s
[4/7] TestClone#test_user_flags = 34.17 s
[5/7] TestClone#test_ivar_retained_on_clone = 0.01 s
[6/7] TestClone#test_ivars_retained_on_extended_obj_clone = 0.02 s
[7/7] TestClone#test_clone = 0.03 s
Finished tests in 35.719919s, 0.1960 tests/s, 1.3158 assertions/s.
7 tests, 47 assertions, 0 failures, 0 errors, 0 skips

ruby -v: ruby 3.4.1 (2025-06-14 revision 742e381c9f) +PRISM [riscv64-freebsd]
end time: 2025-06-22T00:17:25
----------------------------------------
Running test: ../test/ruby/test_data.rb
start time: 2025-06-22T00:17:25
Run options:
  "--ruby=./miniruby -I../lib -I. -I.ext/common  ../tool/runruby.rb --extout=.ext  -- --disable-gems
"
  --excludes-dir=../test/.excludes
  --name=!/memory_leak/
  -s
  3216
  --timeout-scale
  10
  --worker-timeout=100
  -v

# Running tests:

[ 1/15] TestData#test_instance_behavior = 0.06 s
[ 2/15] TestData#test_marshal = 0.02 s
[ 3/15] TestData#test_define = 0.03 s
[ 4/15] TestData#test_define_with_block = 0.01 s
[ 5/15] TestData#test_hash = 0.02 s
[ 6/15] TestData#test_eql = 0.02 s
[ 7/15] TestData#test_memberless = 0.02 s
[ 8/15] TestData#test_dup = 0.01 s
[ 9/15] TestData#test_inspect = 0.02 s
[10/15] TestData#test_with_initialize = 0.03 s
[11/15] TestData#test_equal = 0.02 s
[12/15] TestData#test_with = 0.05 s
[13/15] TestData#test_initialize = 0.03 s
[14/15] TestData#test_initialize_redefine = 0.02 s
[15/15] TestData#test_define_edge_cases = 0.03 s
Finished tests in 2.077144s, 7.2215 tests/s, 63.0674 assertions/s.
15 tests, 131 assertions, 0 failures, 0 errors, 0 skips

ruby -v: ruby 3.4.1 (2025-06-14 revision 742e381c9f) +PRISM [riscv64-freebsd]
end time: 2025-06-22T00:17:46
----------------------------------------
Running test: ../test/ruby/test_hash.rb
start time: 2025-06-22T00:17:46
Run options:
  "--ruby=./miniruby -I../lib -I. -I.ext/common  ../tool/runruby.rb --extout=.ext  -- --disable-gems
"
  --excludes-dir=../test/.excludes
  --name=!/memory_leak/
  -s
  3216
  --timeout-scale
  10
  --worker-timeout=100
  -v

# Running tests:

[  1/292] TestHashOnly#test_initialize_wrong_arguments = 0.03 s
[  2/292] TestHashOnly#test_iterlevel_in_ivar_bug19589 = 0.24 s
[  3/292] TestHashOnly#test_symbol_hash_random = 22.23 s
[  4/292] TestHashOnly#test_replace_st_with_ar = 0.01 s
[  5/292] TestHashOnly#test_bad_initialize_copy = 0.02 s
[  6/292] TestHashOnly#test_AREF_fstring_key_default_proc = 11.45 s
[  7/292] TestHashOnly#test_ar2st_lookup = 0.03 s
[  8/292] TestHashOnly#test_ruby2_keywords_hash? = 0.02 s
[  9/292] TestHashOnly#test_NEWHASH_fstring_key = 0.01 s
[ 10/292] TestHashOnly#test_hash_aset_fstring_identity = 0.01 s
[ 11/292] TestHashOnly#test_any_hash_fixable = 236.50 s
[ 12/292] TestHashOnly#test_wrapper = 0.03 s
[ 13/292] TestHashOnly#test_compare_by_identity_during_iteration = 0.02 s
[ 14/292] TestHashOnly#test_select_reject_will_not_rehash = 0.02 s
[ 15/292] TestHashOnly#test_ar2st_delete = 0.02 s
[ 16/292] TestHashOnly#test_ar2st_insert = 0.02 s
[ 17/292] TestHashOnly#test_label_syntax = 0.02 s
[ 18/292] TestHashOnly#test_dup_will_not_rehash = 0.01 s
[ 19/292] TestHashOnly#test_AREF_fstring_key = 0.18 s
[ 20/292] TestHashOnly#test_ASET_fstring_key = 0.01 s
[ 21/292] TestHashOnly#test_replace_bug15358 = 1.12 s
[ 22/292] TestHashOnly#test_try_convert = 0.01 s
[ 23/292] TestHashOnly#test_nil_to_h = 0.01 s
[ 24/292] TestHashOnly#test_ruby2_keywords_hash = 0.02 s
[ 25/292] TestHashOnly#test_string_hash_random = 6.95 s
[ 26/292] TestHashOnly#test_broken_hash_value = 998.61 s
[ 27/292] TestHashOnly#test_ASET_fstring_non_literal_key = 0.03 s
[ 28/292] TestHashOnly#test_hash_aref_fstring_identity = 0.01 s
[ 29/292] TestHashOnly#test_float_hash_random = 36.06 s
[ 30/292] TestHashOnly#test_memory_size_after_delete = 0.35 s
[ 31/292] TestHashOnly#test_reserved_hash_val = 0.02 s
[ 32/292] TestHashOnly#test_integer_hash_random = 36.10 s
[ 33/292] TestHashOnly#test_bug_12706 = 0.03 s
[ 34/292] TestHashOnly#test_ar_hash_to_st_hash = 23.01 s
[ 35/292] TestHash::TestSubHash#test_recursive_hash_value_array = 0.04 s
[ 36/292] TestHash::TestSubHash#test_dig_with_respond_to = 0.02 s
[ 37/292] TestHash::TestSubHash#test_reject_on_identhash = 0.02 s
[ 38/292] TestHash::TestSubHash#test_s_AREF_frozen_key_id = 0.01 s
[ 39/292] TestHash::TestSubHash#test_except_on_identhash = 0.02 s
[ 40/292] TestHash::TestSubHash#test_clear_initialize_copy = 0.01 s
[ 41/292] TestHash::TestSubHash#test_update_on_identhash = 0.01 s
[ 42/292] TestHash::TestSubHash#test_rehash = 0.02 s
[ 43/292] TestHash::TestSubHash#test_dup_equality = 0.01 s
[ 44/292] TestHash::TestSubHash#test_member? = 0.02 s
[ 45/292] TestHash::TestSubHash#test_update = 0.01 s
[ 46/292] TestHash::TestSubHash#test_each_pair = 0.02 s
[ 47/292] TestHash::TestSubHash#test_to_h_default_proc = 0.01 s
[ 48/292] TestHash::TestSubHash#test_inverse_hash = 0.01 s
[ 49/292] TestHash::TestSubHash#test_rehash2 = 0.02 s
[ 50/292] TestHash::TestSubHash#test_threaded_iter_level = 0.05 s
[ 51/292] TestHash::TestSubHash#test_empty? = 0.01 s
[ 52/292] TestHash::TestSubHash#test_select_on_identhash = 0.02 s
[ 53/292] TestHash::TestSubHash#test_fetch2 = 0.02 s
[ 54/292] TestHash::TestSubHash#test_dig = 0.02 s
[ 55/292] TestHash::TestSubHash#test_slice_on_identhash = 0.02 s
[ 56/292] TestHash::TestSubHash#test_flatten_arity = 0.01 s
[ 57/292] TestHash::TestSubHash#test_update2 = 0.01 s
[ 58/292] TestHash::TestSubHash#test_cmp = 0.02 s
[ 59/292] TestHash::TestSubHash#test_update4 = 0.01 s
[ 60/292] TestHash::TestSubHash#test_select! = 0.02 s
[ 61/292] TestHash::TestSubHash#test_hash = 0.04 s
[ 62/292] TestHash::TestSubHash#test_key? = 0.60 s
[ 63/292] TestHash::TestSubHash#test_shift2 = 0.01 s
[ 64/292] TestHash::TestSubHash#test_delete_if = 0.04 s
[ 65/292] TestHash::TestSubHash#test_to_h_block = 0.01 s
[ 66/292] TestHash::TestSubHash#test_transform_values_bang = 0.02 s
[ 67/292] TestHash::TestSubHash#test_assoc = 0.01 s
[ 68/292] TestHash::TestSubHash#test_eql = 0.01 s
[ 69/292] TestHash::TestSubHash#test_ASET = 0.02 s
[ 70/292] TestHash::TestSubHash#test_hash2 = 0.01 s
[ 71/292] TestHash::TestSubHash#test_merge! = 0.02 s
[ 72/292] TestHash::TestSubHash#test_clear = 0.01 s
[ 73/292] TestHash::TestSubHash#test_merge = 0.01 s
[ 74/292] TestHash::TestSubHash#test_hash_popped = 0.01 s
[ 75/292] TestHash::TestSubHash#test_except = 0.01 s
[ 76/292] TestHash::TestSubHash#test_values_at = 0.01 s
[ 77/292] TestHash::TestSubHash#test_dup = 0.02 s
[ 78/292] TestHash::TestSubHash#test_each_value = 0.01 s
[ 79/292] TestHash::TestSubHash#test_default= = 0.01 s
[ 80/292] TestHash::TestSubHash#test_inspect = 0.09 s
[ 81/292] TestHash::TestSubHash#test_value? = 0.02 s
[ 82/292] TestHash::TestSubHash#test_to_proc = 0.01 s
[ 83/292] TestHash::TestSubHash#test_huge_iter_level = 0.27 s
[ 84/292] TestHash::TestSubHash#test_transform_keys = 0.02 s
[ 85/292] TestHash::TestSubHash#test_reject_bang2 = 0.01 s
[ 86/292] TestHash::TestSubHash#test_callcc_reenter = 0.04 s
[ 87/292] TestHash::TestSubHash#test_size2 = 0.01 s
[ 88/292] TestHash::TestSubHash#test_delete = 0.02 s
[ 89/292] TestHash::TestSubHash#test_clear2 = 0.01 s
[ 90/292] TestHash::TestSubHash#test_transform_keys_on_identhash = 0.01 s
[ 91/292] TestHash::TestSubHash#test_cmp_samekeys = 0.03 s
[ 92/292] TestHash::TestSubHash#test_reject! = 0.02 s
[ 93/292] TestHash::TestSubHash#test_to_h = 0.01 s
[ 94/292] TestHash::TestSubHash#test_key = 0.01 s
[ 95/292] TestHash::TestSubHash#test_flatten = 0.03 s
[ 96/292] TestHash::TestSubHash#test_hash_bignum_hash = 0.01 s
[ 97/292] TestHash::TestSubHash#test_same_key = 0.01 s
[ 98/292] TestHash::TestSubHash#test_create = 0.02 s
[ 99/292] TestHash::TestSubHash#test_invert = 0.02 s
[100/292] TestHash::TestSubHash#test_sort = 0.01 s
[101/292] TestHash::TestSubHash#test_key2? = 0.01 s
[102/292] TestHash::TestSubHash#test_s_AREF_from_list = 0.01 s
[103/292] TestHash::TestSubHash#test_callcc_escape = 0.03 s
[104/292] TestHash::TestSubHash#test_compare_by_identity = 0.01 s
[105/292] TestHash::TestSubHash#test_s_AREF_from_hash = 0.02 s
[106/292] TestHash::TestSubHash#test_to_a = 0.01 s
[107/292] TestHash::TestSubHash#test_filter! = 0.02 s
[108/292] TestHash::TestSubHash#test_merge_on_identhash = 0.02 s
[109/292] TestHash::TestSubHash#test_each_key = 0.01 s
[110/292] TestHash::TestSubHash#test_transform_keys_bang = 0.03 s
[111/292] TestHash::TestSubHash#test_to_hash = 0.01 s
[112/292] TestHash::TestSubHash#test_value2? = 0.01 s
[113/292] TestHash::TestSubHash#test_s_AREF_key_tampering = 0.01 s
[114/292] TestHash::TestSubHash#test_try_convert = 0.01 s
[115/292] TestHash::TestSubHash#test_self_initialize_copy = 0.01 s
[116/292] TestHash::TestSubHash#test_default = 0.01 s
[117/292] TestHash::TestSubHash#test_replace2 = 0.02 s
[118/292] TestHash::TestSubHash#test_replace = 0.01 s
[119/292] TestHash::TestSubHash#test_to_h_default_value = 0.01 s
[120/292] TestHash::TestSubHash#test_keep_if = 0.02 s
[121/292] TestHash::TestSubHash#test_callcc_iter_level = 0.03 s
[122/292] TestHash::TestSubHash#test_assoc_compare_by_identity = 0.01 s
[123/292] TestHash::TestSubHash#test_hash_recursion_independent_of_mid = 0.01 s
[124/292] TestHash::TestSubHash#test_recursive_hash_value_array_hash = 0.01 s
[125/292] TestHash::TestSubHash#test_hash_hash = 0.01 s
[126/292] TestHash::TestSubHash#test_to_s = 0.02 s
[127/292] TestHash::TestSubHash#test_fetch_error = 0.02 s
[128/292] TestHash::TestSubHash#test_s_new = 0.07 s
[129/292] TestHash::TestSubHash#test_recursive_key = 0.01 s
[130/292] TestHash::TestSubHash#test_fetch = 0.01 s
[131/292] TestHash::TestSubHash#test_slice = 0.01 s
[132/292] TestHash::TestSubHash#test_compact = 0.01 s
[133/292] TestHash::TestSubHash#test_keys = 0.01 s
[134/292] TestHash::TestSubHash#test_recursive_hash_value_struct = 0.02 s
[135/292] TestHash::TestSubHash#test_shift = 0.02 s
[136/292] TestHash::TestSubHash#test_length = 0.01 s
[137/292] TestHash::TestSubHash#test_each = 0.02 s
[138/292] TestHash::TestSubHash#test_default_proc = 0.01 s
[139/292] TestHash::TestSubHash#test_shift_none = 0.01 s
[140/292] TestHash::TestSubHash#test_update5 = 0.02 s
[141/292] TestHash::TestSubHash#test_EQUAL = 0.01 s
[142/292] TestHash::TestSubHash#test_fetch_values = 0.02 s
[143/292] TestHash::TestSubHash#test_values = 0.01 s
[144/292] TestHash::TestSubHash#test_store = 0.02 s
[145/292] TestHash::TestSubHash#test_update3 = 0.01 s
[146/292] TestHash::TestSubHash#test_filter = 0.03 s
[147/292] TestHash::TestSubHash#test_replace_bug9230 = 0.01 s
[148/292] TestHash::TestSubHash#test_transform_values_on_identhash = 0.01 s
[149/292] TestHash::TestSubHash#test_s_AREF_from_pairs = 0.02 s
[150/292] TestHash::TestSubHash#test_equal2 = 0.01 s
[151/292] TestHash::TestSubHash#test_size = 0.01 s
[152/292] TestHash::TestSubHash#test_transform_values = 0.02 s
[153/292] TestHash::TestSubHash#test_s_AREF_duplicated_key = 0.01 s
[154/292] TestHash::TestSubHash#test_to_h_instance_variable = 0.01 s
[155/292] TestHash::TestSubHash#test_rassoc = 0.01 s
[156/292] TestHash::TestSubHash#test_recursive_hash_value_hash_array = 0.01 s
[157/292] TestHash::TestSubHash#test_reject = 0.05 s
[158/292] TestHash::TestSubHash#test_callcc = 0.03 s
[159/292] TestHash::TestSubHash#test_shift_for_empty_hash = 2.70 s
[160/292] TestHash::TestSubHash#test_select = 0.02 s
[161/292] TestHash::TestSubHash#test_clone = 0.03 s
[162/292] TestHash::TestSubHash#test_include? = 0.01 s
[163/292] TestHash::TestSubHash#test_AREF = 0.02 s
[164/292] TestHash#test_recursive_hash_value_array = 0.02 s
[165/292] TestHash#test_dig_with_respond_to = 0.01 s
[166/292] TestHash#test_reject_on_identhash = 0.02 s
[167/292] TestHash#test_s_AREF_frozen_key_id = 0.01 s
[168/292] TestHash#test_except_on_identhash = 0.01 s
[169/292] TestHash#test_clear_initialize_copy = 0.01 s
[170/292] TestHash#test_update_on_identhash = 0.01 s
[171/292] TestHash#test_rehash = 0.01 s
[172/292] TestHash#test_dup_equality = 0.01 s
[173/292] TestHash#test_member? = 0.01 s
[174/292] TestHash#test_update = 0.01 s
[175/292] TestHash#test_each_pair = 0.01 s
[176/292] TestHash#test_to_h_default_proc = 0.01 s
[177/292] TestHash#test_inverse_hash = 0.01 s
[178/292] TestHash#test_rehash2 = 0.01 s
[179/292] TestHash#test_threaded_iter_level = 0.03 s
[180/292] TestHash#test_empty? = 0.01 s
[181/292] TestHash#test_select_on_identhash = 0.02 s
[182/292] TestHash#test_fetch2 = 0.01 s
[183/292] TestHash#test_dig = 0.01 s
[184/292] TestHash#test_slice_on_identhash = 0.01 s
[185/292] TestHash#test_flatten_arity = 0.15 s
[186/292] TestHash#test_update2 = 0.01 s
[187/292] TestHash#test_cmp = 0.02 s
[188/292] TestHash#test_update4 = 0.01 s
[189/292] TestHash#test_select! = 0.02 s
[190/292] TestHash#test_hash = 0.03 s
[191/292] TestHash#test_key? = 0.01 s
[192/292] TestHash#test_shift2 = 0.01 s
[193/292] TestHash#test_delete_if = 0.03 s
[194/292] TestHash#test_to_h_block = 0.01 s
[195/292] TestHash#test_transform_values_bang = 0.02 s
[196/292] TestHash#test_assoc = 0.01 s
[197/292] TestHash#test_eql = 0.01 s
[198/292] TestHash#test_ASET = 0.02 s
[199/292] TestHash#test_hash2 = 0.01 s
[200/292] TestHash#test_merge! = 0.02 s
[201/292] TestHash#test_clear = 0.01 s
[202/292] TestHash#test_merge = 0.01 s
[203/292] TestHash#test_hash_popped = 0.01 s
[204/292] TestHash#test_except = 0.01 s
[205/292] TestHash#test_values_at = 0.01 s
[206/292] TestHash#test_dup = 0.01 s
[207/292] TestHash#test_each_value = 0.01 s
[208/292] TestHash#test_default= = 0.01 s
[209/292] TestHash#test_inspect = 0.07 s
[210/292] TestHash#test_value? = 0.01 s
[211/292] TestHash#test_to_proc = 0.01 s
[212/292] TestHash#test_huge_iter_level = 0.13 s
[213/292] TestHash#test_transform_keys = 0.02 s
[214/292] TestHash#test_reject_bang2 = 0.01 s
[215/292] TestHash#test_callcc_reenter = 0.03 s
[216/292] TestHash#test_size2 = 0.01 s
[217/292] TestHash#test_delete = 0.02 s
[218/292] TestHash#test_clear2 = 0.01 s
[219/292] TestHash#test_transform_keys_on_identhash = 0.01 s
[220/292] TestHash#test_cmp_samekeys = 0.02 s
[221/292] TestHash#test_reject! = 0.02 s
[222/292] TestHash#test_to_h = 0.01 s
[223/292] TestHash#test_key = 0.01 s
[224/292] TestHash#test_flatten = 0.02 s
[225/292] TestHash#test_hash_bignum_hash = 0.01 s
[226/292] TestHash#test_same_key = 0.01 s
[227/292] TestHash#test_create = 0.02 s
[228/292] TestHash#test_invert = 0.02 s
[229/292] TestHash#test_sort = 0.01 s
[230/292] TestHash#test_key2? = 0.01 s
[231/292] TestHash#test_s_AREF_from_list = 0.01 s
[232/292] TestHash#test_callcc_escape = 0.03 s
[233/292] TestHash#test_compare_by_identity = 0.01 s
[234/292] TestHash#test_s_AREF_from_hash = 0.01 s
[235/292] TestHash#test_to_a = 0.01 s
[236/292] TestHash#test_filter! = 0.02 s
[237/292] TestHash#test_merge_on_identhash = 0.02 s
[238/292] TestHash#test_each_key = 0.01 s
[239/292] TestHash#test_transform_keys_bang = 0.02 s
[240/292] TestHash#test_to_hash = 0.01 s
[241/292] TestHash#test_value2? = 0.01 s
[242/292] TestHash#test_s_AREF_key_tampering = 0.01 s
[243/292] TestHash#test_try_convert = 0.01 s
[244/292] TestHash#test_self_initialize_copy = 0.18 s
[245/292] TestHash#test_default = 0.01 s
[246/292] TestHash#test_replace2 = 0.02 s
[247/292] TestHash#test_replace = 0.01 s
[248/292] TestHash#test_to_h_default_value = 0.01 s
[249/292] TestHash#test_keep_if = 0.02 s
[250/292] TestHash#test_callcc_iter_level = 0.03 s
[251/292] TestHash#test_assoc_compare_by_identity = 0.01 s
[252/292] TestHash#test_hash_recursion_independent_of_mid = 0.01 s
[253/292] TestHash#test_recursive_hash_value_array_hash = 0.01 s
[254/292] TestHash#test_hash_hash = 0.01 s
[255/292] TestHash#test_to_s = 0.02 s
[256/292] TestHash#test_fetch_error = 0.02 s
[257/292] TestHash#test_s_new = 0.01 s
[258/292] TestHash#test_recursive_key = 0.01 s
[259/292] TestHash#test_fetch = 0.01 s
[260/292] TestHash#test_slice = 0.01 s
[261/292] TestHash#test_compact = 0.01 s
[262/292] TestHash#test_keys = 0.01 s
[263/292] TestHash#test_recursive_hash_value_struct = 0.02 s
[264/292] TestHash#test_shift = 0.02 s
[265/292] TestHash#test_length = 0.01 s
[266/292] TestHash#test_each = 0.02 s
[267/292] TestHash#test_default_proc = 0.01 s
[268/292] TestHash#test_shift_none = 0.01 s
[269/292] TestHash#test_update5 = 0.02 s
[270/292] TestHash#test_EQUAL = 0.01 s
[271/292] TestHash#test_fetch_values = 0.08 s
[272/292] TestHash#test_values = 0.01 s
[273/292] TestHash#test_store = 0.02 s
[274/292] TestHash#test_update3 = 0.01 s
[275/292] TestHash#test_filter = 0.02 s
[276/292] TestHash#test_replace_bug9230 = 0.01 s
[277/292] TestHash#test_transform_values_on_identhash = 0.01 s
[278/292] TestHash#test_s_AREF_from_pairs = 0.02 s
[279/292] TestHash#test_equal2 = 0.01 s
[280/292] TestHash#test_size = 0.01 s
[281/292] TestHash#test_transform_values = 0.01 s
[282/292] TestHash#test_s_AREF_duplicated_key = 0.01 s
[283/292] TestHash#test_to_h_instance_variable = 0.01 s
[284/292] TestHash#test_rassoc = 0.01 s
[285/292] TestHash#test_recursive_hash_value_hash_array = 0.01 s
[286/292] TestHash#test_reject = 0.02 s
[287/292] TestHash#test_callcc = 0.03 s
[288/292] TestHash#test_shift_for_empty_hash = 2.20 s
[289/292] TestHash#test_select = 0.02 s
[290/292] TestHash#test_clone = 0.01 s
[291/292] TestHash#test_include? = 0.01 s
[292/292] TestHash#test_AREF = 0.02 s
Finished tests in 1396.442776s, 0.2091 tests/s, 1.7530 assertions/s.
292 tests, 2448 assertions, 0 failures, 0 errors, 8 skips

ruby -v: ruby 3.4.1 (2025-06-14 revision 742e381c9f) +PRISM [riscv64-freebsd]
end time: 2025-06-22T00:41:23
----------------------------------------
Running test: ../test/ruby/test_threadgroup.rb
start time: 2025-06-22T00:41:23
Run options:
  "--ruby=./miniruby -I../lib -I. -I.ext/common  ../tool/runruby.rb --extout=.ext  -- --disable-gems
"
  --excludes-dir=../test/.excludes
  --name=!/memory_leak/
  -s
  3216
  --timeout-scale
  10
  --worker-timeout=100
  -v

# Running tests:

[1/3] TestThreadGroup#test_thread_init = 1.08 s
[2/3] TestThreadGroup#test_frozen_thgroup = 0.05 s
[3/3] TestThreadGroup#test_enclosed_thgroup = 0.06 s
Finished tests in 2.458497s, 1.2203 tests/s, 6.1013 assertions/s.
3 tests, 15 assertions, 0 failures, 0 errors, 0 skips

ruby -v: ruby 3.4.1 (2025-06-14 revision 742e381c9f) +PRISM [riscv64-freebsd]
end time: 2025-06-22T00:41:44
----------------------------------------
Running test: ../test/ruby/test_shapes.rb
start time: 2025-06-22T00:41:44
Run options:
  "--ruby=./miniruby -I../lib -I. -I.ext/common  ../tool/runruby.rb --extout=.ext  -- --disable-gems
"
  --excludes-dir=../test/.excludes
  --name=!/memory_leak/
  -s
  3216
  --timeout-scale
  10
  --worker-timeout=100
  -v

# Running tests:

Finished tests in 1.761455s, 0.0000 tests/s, 0.0000 assertions/s.
0 tests, 0 assertions, 0 failures, 0 errors, 0 skips

ruby -v: ruby 3.4.1 (2025-06-14 revision 742e381c9f) +PRISM [riscv64-freebsd]
end time: 2025-06-22T00:42:05
----------------------------------------
Running test: ../test/ruby/test_trace.rb
start time: 2025-06-22T00:42:05
Run options:
  "--ruby=./miniruby -I../lib -I. -I.ext/common  ../tool/runruby.rb --extout=.ext  -- --disable-gems
"
  --excludes-dir=../test/.excludes
  --name=!/memory_leak/
  -s
  3216
  --timeout-scale
  10
  --worker-timeout=100
  -v

# Running tests:

[1/4] TestTrace#test_trace_break = 0.45 s
[2/4] TestTrace#test_trace = 0.01 s
[3/4] TestTrace#test_trace_string = 0.01 s
[4/4] TestTrace#test_trace_proc_that_raises_exception = 0.01 s
Finished tests in 1.785238s, 2.2406 tests/s, 7.8421 assertions/s.
4 tests, 14 assertions, 0 failures, 0 errors, 0 skips

ruby -v: ruby 3.4.1 (2025-06-14 revision 742e381c9f) +PRISM [riscv64-freebsd]
end time: 2025-06-22T00:42:25
----------------------------------------
Running test: ../test/ruby/bug-11928.rb
start time: 2025-06-22T00:42:26
Run options:
  "--ruby=./miniruby -I../lib -I. -I.ext/common  ../tool/runruby.rb --extout=.ext  -- --disable-gems
"
  --excludes-dir=../test/.excludes
  --name=!/memory_leak/
  -s
  3216
  --timeout-scale
  10
  --worker-timeout=100
  -v

# Running tests:

Finished tests in 1.015367s, 0.0000 tests/s, 0.0000 assertions/s.
0 tests, 0 assertions, 0 failures, 0 errors, 0 skips

ruby -v: ruby 3.4.1 (2025-06-14 revision 742e381c9f) +PRISM [riscv64-freebsd]
/root/ruby-3.4.1/test/ruby/bug-11928.rb:12:in 'block in <class:Segfault>': undefined method 'assert_
equal' for an instance of Segfault (NoMethodError)
        from /root/ruby-3.4.1/test/ruby/bug-11928.rb:2:in 'block in <class:Segfault>'
end time: 2025-06-22T00:43:00
----------------------------------------
Running test: ../test/ruby/test_rubyvm.rb
start time: 2025-06-22T00:43:00
Run options:
  "--ruby=./miniruby -I../lib -I. -I.ext/common  ../tool/runruby.rb --extout=.ext  -- --disable-gems
"
  --excludes-dir=../test/.excludes
  --name=!/memory_leak/
  -s
  3216
  --timeout-scale
  10
  --worker-timeout=100
  -v

# Running tests:

[1/3] TestRubyVM#test_stat = 0.04 s
[2/3] TestRubyVM#test_keep_script_lines = 0.07 s
[3/3] TestRubyVM#test_stat_unknown = 0.04 s
Finished tests in 1.409189s, 2.1289 tests/s, 7.8059 assertions/s.
3 tests, 11 assertions, 0 failures, 0 errors, 1 skips

ruby -v: ruby 3.4.1 (2025-06-14 revision 742e381c9f) +PRISM [riscv64-freebsd]
end time: 2025-06-22T00:43:20
----------------------------------------
Running test: ../test/ruby/test_not.rb
start time: 2025-06-22T00:43:20
Run options:
  "--ruby=./miniruby -I../lib -I. -I.ext/common  ../tool/runruby.rb --extout=.ext  -- --disable-gems
"
  --excludes-dir=../test/.excludes
  --name=!/memory_leak/
  -s
  3216
  --timeout-scale
  10
  --worker-timeout=100
  -v

# Running tests:

[1/2] TestNot#test_not_with_empty_grouped_expression = 0.03 s
[2/2] TestNot#test_not_with_grouped_expression = 0.01 s
Finished tests in 1.263301s, 1.5832 tests/s, 5.5410 assertions/s.
2 tests, 7 assertions, 0 failures, 0 errors, 0 skips

ruby -v: ruby 3.4.1 (2025-06-14 revision 742e381c9f) +PRISM [riscv64-freebsd]
end time: 2025-06-22T00:43:40
----------------------------------------
Running test: ../test/ruby/test_dup.rb
start time: 2025-06-22T00:43:40
Run options:
  "--ruby=./miniruby -I../lib -I. -I.ext/common  ../tool/runruby.rb --extout=.ext  -- --disable-gems
"
  --excludes-dir=../test/.excludes
  --name=!/memory_leak/
  -s
  3216
  --timeout-scale
  10
  --worker-timeout=100
  -v

# Running tests:

[1/6] TestDup#test_dup = 0.05 s
[2/6] TestDup#test_frozen_properties_not_retained_on_dup = 0.01 s
[3/6] TestDup#test_ivars_retained_on_extended_obj_dup = 0.01 s
[4/6] TestDup#test_user_flags = 34.11 s
[5/6] TestDup#test_ivar_retained_on_dup = 0.01 s
[6/6] TestDup#test_frozen_properties_not_retained_on_dup_with_ivar = 0.01 s
Finished tests in 35.601359s, 0.1685 tests/s, 1.2640 assertions/s.
6 tests, 45 assertions, 0 failures, 0 errors, 0 skips

ruby -v: ruby 3.4.1 (2025-06-14 revision 742e381c9f) +PRISM [riscv64-freebsd]
end time: 2025-06-22T00:44:34
----------------------------------------
Running test: ../test/ruby/test_file_exhaustive.rb
start time: 2025-06-22T00:44:34
Run options:
  "--ruby=./miniruby -I../lib -I. -I.ext/common  ../tool/runruby.rb --extout=.ext  -- --disable-gems
"
  --excludes-dir=../test/.excludes
  --name=!/memory_leak/
  -s
  3216
  --timeout-scale
  10
  --worker-timeout=100
  -v

# Running tests:

[  1/122] TestFileExhaustive#test_hardlink = 0.60 s
[  2/122] TestFileExhaustive#test_stat_executable_real_p = 0.51 s
[  3/122] TestFileExhaustive#test_expand_path_converts_a_dot_with_unc_dir = 0.50 s
[  4/122] TestFileExhaustive#test_s_size = 0.53 s
[  5/122] TestFileExhaustive#test_expand_path_home_dir_string = 0.53 s
[  6/122] TestFileExhaustive#test_expand_path_accepts_objects_that_have_a_to_path_method = 0.50 s
[  7/122] TestFileExhaustive#test_socket_p = 0.53 s
[  8/122] TestFileExhaustive#test_symlink = 0.52 s
[  9/122] TestFileExhaustive#test_zero_p = 0.53 s
[ 10/122] TestFileExhaustive#test_chardev_p = 0.52 s
[ 11/122] TestFileExhaustive#test_stat_sgid = 0.52 s
[ 12/122] TestFileExhaustive#test_lstat = 0.52 s
[ 13/122] TestFileExhaustive#test_lchown = 0.49 s
[ 14/122] TestFileExhaustive#test_closed_io_identical_p = 0.52 s
[ 15/122] TestFileExhaustive#test_chown = 0.50 s
[ 16/122] TestFileExhaustive#test_birthtime = 0.53 s
[ 17/122] TestFileExhaustive#test_stat_readable_real_p = 0.50 s
[ 18/122] TestFileExhaustive#test_stat_init = 1.67 s
[ 19/122] TestFileExhaustive#test_grpowned_p = 0.53 s
[ 20/122] TestFileExhaustive#test_umask = 0.51 s
[ 21/122] TestFileExhaustive#test_stat_size = 0.52 s
[ 22/122] TestFileExhaustive#test_extname = 0.65 s
[ 23/122] TestFileExhaustive#test_dirname_encoding = 0.51 s
[ 24/122] TestFileExhaustive#test_expand_path_does_not_modify_a_home_string_argument = 0.50 s
[ 25/122] TestFileExhaustive#test_split = 0.52 s
[ 26/122] TestFileExhaustive#test_test = 5.24 s
[ 27/122] TestFileExhaustive#test_exist_p = 0.53 s
[ 28/122] TestFileExhaustive#test_suid = 0.54 s
[ 29/122] TestFileExhaustive#test_expand_path_resolve_file_name_relative_current_directory = 0.51 s
[ 30/122] TestFileExhaustive#test_expand_path_removes_trailing_slashes_from_absolute_path = 0.51 s
[ 31/122] TestFileExhaustive#test_stat = 1.67 s
[ 32/122] TestFileExhaustive#test_stat_writable_p = 0.50 s
[ 33/122] TestFileExhaustive#test_io_identical_p = 0.67 s
[ 34/122] TestFileExhaustive#test_world_writable_p = 0.54 s
[ 35/122] TestFileExhaustive#test_absolute_path = 0.51 s
[ 36/122] TestFileExhaustive#test_stat_zero_p = 0.52 s
[ 37/122] TestFileExhaustive#test_join_with_changed_separator = 12.30 s
[ 38/122] TestFileExhaustive#test_stat_owned_p = 1.22 s
[ 39/122] TestFileExhaustive#test_expand_path_converts_a_pathname_to_an_absolute_pathname_using_a_co
mplete_path = 0.51 s
[ 40/122] TestFileExhaustive#test_readable_p = 0.50 s
[ 41/122] TestFileExhaustive#test_utime_symlinkfile = 0.53 s
[ 42/122] TestFileExhaustive#test_stat_socket_p = 0.53 s
[ 43/122] TestFileExhaustive#test_symlink_p = 0.54 s
[ 44/122] TestFileExhaustive#test_expand_path_converts_a_pathname_which_starts_with_a_slash_using_a_
current_drive = 0.52 s
[ 45/122] TestFileExhaustive#test_expand_path_error_for_non_absolute_home = 0.54 s
[ 46/122] TestFileExhaustive#test_blockdev_p = 0.54 s
[ 47/122] TestFileExhaustive#test_ctime = 0.55 s
[ 48/122] TestFileExhaustive#test_path_identical_p = 0.62 s
[ 49/122] TestFileExhaustive#test_stat_executable_p = 0.52 s
[ 50/122] TestFileExhaustive#test_stat_writable_real_p = 0.50 s
[ 51/122] TestFileExhaustive#test_empty_p = 0.53 s
[ 52/122] TestFileExhaustive#test_expand_path_cleanup_dots_file_name = 0.51 s
[ 53/122] TestFileExhaustive#test_expand_path_converts_a_pathname_to_an_absolute_pathname_using_home
_as_base = 0.51 s
[ 54/122] TestFileExhaustive#test_expand_path_absolute = 0.50 s
[ 55/122] TestFileExhaustive#test_stat_world_writable_p = 0.52 s
[ 56/122] TestFileExhaustive#test_truncate = 0.59 s
[ 57/122] TestFileExhaustive#test_expand_path = 0.52 s
[ 58/122] TestFileExhaustive#test_ftype = 0.54 s
[ 59/122] TestFileExhaustive#test_expand_path_memsize = 0.62 s
[ 60/122] TestFileExhaustive#test_unlink = 0.53 s
[ 61/122] TestFileExhaustive#test_file_p = 0.53 s
[ 62/122] TestFileExhaustive#test_dirname = 0.54 s
[ 63/122] TestFileExhaustive#test_stat_world_readable_p = 0.53 s
[ 64/122] TestFileExhaustive#test_atime = 0.54 s
[ 65/122] TestFileExhaustive#test_stat_pipe_p = 0.53 s
[ 66/122] TestFileExhaustive#test_expand_path_preserves_unc_path_root = 0.51 s
[ 67/122] TestFileExhaustive#test_basename_strip = 0.55 s
[ 68/122] TestFileExhaustive#test_flock_shared = 0.54 s
[ 69/122] TestFileExhaustive#test_stat_symlink_p = 0.53 s
[ 70/122] TestFileExhaustive#test_stat_ftype = 0.53 s
[ 71/122] TestFileExhaustive#test_readable_real_p = 0.51 s
[ 72/122] TestFileExhaustive#test_stat_size_p = 0.53 s
[ 73/122] TestFileExhaustive#test_readlink = 0.54 s
[ 74/122] TestFileExhaustive#test_mtime = 0.54 s
[ 75/122] TestFileExhaustive#test_writable_p = 0.51 s
[ 76/122] TestFileExhaustive#test_expand_path_returns_a_string_when_passed_a_string_subclass = 0.52
s
[ 77/122] TestFileExhaustive#test_expand_path_error_for_nonexistent_username = 0.53 s
[ 78/122] TestFileExhaustive#test_stat_grpowned_p = 0.53 s
[ 79/122] TestFileExhaustive#test_readlink_long_path = 11.93 s
[ 80/122] TestFileExhaustive#test_sticky = 0.55 s
[ 81/122] TestFileExhaustive#test_expand_path_for_existent_username = 0.52 s
[ 82/122] TestFileExhaustive#test_directory_p = 0.54 s
[ 83/122] TestFileExhaustive#test_rename = 0.55 s
[ 84/122] TestFileExhaustive#test_world_readable_p = 0.54 s
[ 85/122] TestFileExhaustive#test_stat_new_utf8 = 0.52 s
[ 86/122] TestFileExhaustive#test_expand_path_resolve_empty_string_current_directory = 0.51 s
[ 87/122] TestFileExhaustive#test_expand_path_expands_dot_dir = 0.51 s
[ 88/122] TestFileExhaustive#test_stat_file_p = 0.52 s
[ 89/122] TestFileExhaustive#test_expand_path_raises_a_type_error_if_not_passed_a_string_type = 0.52
 s
[ 90/122] TestFileExhaustive#test_stat_readable_p = 0.51 s
[ 91/122] TestFileExhaustive#test_pipe_p = 0.54 s
[ 92/122] TestFileExhaustive#test_join_alt_separator = 0.51 s
[ 93/122] TestFileExhaustive#test_flock_exclusive = 0.54 s
[ 94/122] TestFileExhaustive#test_writable_real_p = 0.51 s
[ 95/122] TestFileExhaustive#test_stat_chardev_p = 0.52 s
[ 96/122] TestFileExhaustive#test_sgid = 0.54 s
[ 97/122] TestFileExhaustive#test_expand_path_resolve_file_name_and_dir_string_relative = 0.51 s
[ 98/122] TestFileExhaustive#test_join_ascii_incompatible = 0.53 s
[ 99/122] TestFileExhaustive#test_size = 0.53 s
[100/122] TestFileExhaustive#test_size_p = 0.54 s
[101/122] TestFileExhaustive#test_path_check = 0.51 s
[102/122] TestFileExhaustive#test_ignore_nil_dir_string = 0.51 s
[103/122] TestFileExhaustive#test_expand_path_home = 0.54 s
[104/122] TestFileExhaustive#test_stat_directory_p = 0.52 s
[105/122] TestFileExhaustive#test_basename_encoding = 0.55 s
[106/122] TestFileExhaustive#test_expand_path_encoding_filesystem = 0.51 s
[107/122] TestFileExhaustive#test_executable_real_p = 0.54 s
[108/122] TestFileExhaustive#test_owned_p = 0.53 s
[109/122] TestFileExhaustive#test_join = 0.52 s
[110/122] TestFileExhaustive#test_lutime = 0.53 s
[111/122] TestFileExhaustive#test_utime = 0.55 s
[112/122] TestFileExhaustive#test_expand_path_resolve_dot_current_directory = 0.51 s
[113/122] TestFileExhaustive#test_stat_suid = 0.54 s
[114/122] TestFileExhaustive#test_basename = 0.54 s
[115/122] TestFileExhaustive#test_stat_sticky = 0.53 s
[116/122] TestFileExhaustive#test_executable_p = 0.54 s
[117/122] TestFileExhaustive#test_chmod = 0.54 s
[118/122] TestFileExhaustive#test_lchmod = 0.54 s
[119/122] TestFileExhaustive#test_expand_path_does_not_modify_the_string_argument = 0.52 s
[120/122] TestFileExhaustive#test_path = 0.54 s
[121/122] TestFileExhaustive#test_stat_blockdev_p = 0.52 s
[122/122] TestFileExhaustive#test_expand_path_encoding = 0.62 s
Finished tests in 102.014935s, 1.1959 tests/s, 12.3413 assertions/s.
122 tests, 1259 assertions, 0 failures, 0 errors, 2 skips

ruby -v: ruby 3.4.1 (2025-06-14 revision 742e381c9f) +PRISM [riscv64-freebsd]
end time: 2025-06-22T00:46:38
----------------------------------------
Running test: ../test/ruby/test_ifunless.rb
start time: 2025-06-22T00:46:38
Run options:
  "--ruby=./miniruby -I../lib -I. -I.ext/common  ../tool/runruby.rb --extout=.ext  -- --disable-gems
"
  --excludes-dir=../test/.excludes
  --name=!/memory_leak/
  -s
  3216
  --timeout-scale
  10
  --worker-timeout=100
  -v

# Running tests:

[1/1] TestIfUnless#test_if_unless = 0.03 s
Finished tests in 1.224376s, 0.8167 tests/s, 4.0837 assertions/s.
1 tests, 5 assertions, 0 failures, 0 errors, 0 skips

ruby -v: ruby 3.4.1 (2025-06-14 revision 742e381c9f) +PRISM [riscv64-freebsd]
end time: 2025-06-22T00:46:57
----------------------------------------
Running test: ../test/ruby/test_variable.rb
start time: 2025-06-22T00:46:57
Run options:
  "--ruby=./miniruby -I../lib -I. -I.ext/common  ../tool/runruby.rb --extout=.ext  -- --disable-gems
"
  --excludes-dir=../test/.excludes
  --name=!/memory_leak/
  -s
  3216
  --timeout-scale
  10
  --worker-timeout=100
  -v

# Running tests:

[ 1/23] TestVariable#test_local_variables2 = 0.03 s
[ 2/23] TestVariable#test_external_ivars = 0.01 s
[ 3/23] TestVariable#test_local_variables = 0.01 s
[ 4/23] TestVariable#test_local_variables_with_kwarg = 0.01 s
[ 5/23] TestVariable#test_setting_class_variable_on_module_through_inheritance = 0.03 s
[ 6/23] TestVariable#test_set_class_variable_on_frozen_object = 0.02 s
[ 7/23] TestVariable#test_cvar_overtaken_by_module = 0.03 s
[ 8/23] TestVariable#test_global_variable_0 = 2.36 s
[ 9/23] TestVariable#test_constant_popped = 0.02 s
[10/23] TestVariable#test_special_constant_ivars = 0.15 s
[11/23] TestVariable#test_cvar_overtaken_by_parent_class = 0.04 s
[12/23] TestVariable#test_global_variable_popped = 0.01 s
[13/23] TestVariable#test_include_refined_module_class_variable = 0.02 s
[14/23] TestVariable#test_cloned_classes_copy_cvar_cache = 0.01 s
[15/23] TestVariable#test_variable = 21.94 s
[16/23] TestVariable#test_singleton_class_included_class_variable = 0.04 s
[17/23] TestVariable#test_global_variables = 0.04 s
[18/23] TestVariable#test_many_instance_variables = 4.74 s
[19/23] TestVariable#test_shadowing_local_variables = 0.01 s
[20/23] TestVariable#test_svar_with_ifunc = 0.06 s
[21/23] TestVariable#test_shadowing_block_local_variables = 0.01 s
[22/23] TestVariable#test_cloned_allows_setting_cvar = 0.01 s
[23/23] TestVariable#test_local_variables3 = 0.01 s
Finished tests in 32.788072s, 0.7015 tests/s, 97.0475 assertions/s.
23 tests, 3182 assertions, 0 failures, 0 errors, 0 skips

ruby -v: ruby 3.4.1 (2025-06-14 revision 742e381c9f) +PRISM [riscv64-freebsd]
end time: 2025-06-22T00:47:49
----------------------------------------
Running test: ../test/ruby/test_enumerator.rb
start time: 2025-06-22T00:47:49
Run options:
  "--ruby=./miniruby -I../lib -I. -I.ext/common  ../tool/runruby.rb --extout=.ext  -- --disable-gems
"
  --excludes-dir=../test/.excludes
  --name=!/memory_leak/
  -s
  3216
  --timeout-scale
  10
  --worker-timeout=100
  -v

# Running tests:

[ 1/69] TestEnumerator#test_size_for_loops = 0.03 s
[ 2/69] TestEnumerator#test_with_index_under_gc_compact_stress = 106.44 s
[ 3/69] TestEnumerator#test_size_for_enum_created_from_env = 0.02 s
[ 4/69] TestEnumerator#test_with_index_string_offset = 0.02 s
[ 5/69] TestEnumerator#test_with_index_dangling_memo = 11.43 s
[ 6/69] TestEnumerator#test_size_for_downup_to = 0.02 s
[ 7/69] TestEnumerator#test_rewind_clear_feed = 0.02 s
[ 8/69] TestEnumerator#test_product_new = 0.06 s
[ 9/69] TestEnumerator#test_freeze = 0.04 s
[10/69] TestEnumerator#test_chain_undef_methods = 0.02 s
[11/69] TestEnumerator#test_lazy_chain = 0.04 s
[12/69] TestEnumerator#test_nested_iteration = 0.03 s
[13/69] TestEnumerator#test_peek_values_modify = 0.02 s
[14/69] TestEnumerator#test_gc = 0.95 s
[15/69] TestEnumerator#test_size_for_enum_created_from_enumerable = 0.04 s
[16/69] TestEnumerator#test_peek_values = 0.04 s
[17/69] TestEnumerator#test_uniq = 0.02 s
[18/69] TestEnumerator#test_size_for_enum_created_from_hash = 0.02 s
[19/69] TestEnumerator#test_peek_for_enumerator_objects = 0.02 s
[20/69] TestEnumerator#test_size_for_array_combinatorics = 1.74 s
[21/69] TestEnumerator#test_initialize_copy = 0.03 s
[22/69] TestEnumerator#test_generator_args = 0.01 s
[23/69] TestEnumerator#test_with_object = 0.02 s
[24/69] TestEnumerator#test_stopiteration_rescue = 0.07 s
[25/69] TestEnumerator#test_inspect = 0.03 s
[26/69] TestEnumerator#test_inspect_encoding = 0.02 s
[27/69] TestEnumerator#test_stop_result = 0.02 s
[28/69] TestEnumerator#test_with_index = 0.02 s
[29/69] TestEnumerator#test_size_for_each_slice = 0.02 s
[30/69] TestEnumerator#test_peek = 0.02 s
[31/69] TestEnumerator#test_chained_enums = 0.06 s
[32/69] TestEnumerator#test_loop = 0.02 s
[33/69] TestEnumerator#test_lazy_chain_under_gc_compact_stress = 243.98 s
[34/69] TestEnumerator#test_next_after_stopiteration = 0.03 s
[35/69] TestEnumerator#test_next = 0.02 s
[36/69] TestEnumerator#test_iterators = 0.02 s
[37/69] TestEnumerator#test_size_for_enum_created_from_struct = 0.02 s
[38/69] TestEnumerator#test_cons = 0.01 s
[39/69] TestEnumerator#test_size_for_enum_created_by_enumerators = 0.01 s
[40/69] TestEnumerator#test_produce = 0.04 s
[41/69] TestEnumerator#test_initialize = 0.07 s
[42/69] TestEnumerator#test_feed = 0.02 s
[43/69] TestEnumerator#test_peek_modify = 0.01 s
[44/69] TestEnumerator#test_s_product = 0.04 s
[45/69] TestEnumerator#test_with_index_large_offset = 0.02 s
[46/69] TestEnumerator#test_slice = 0.01 s
[47/69] TestEnumerator#test_compact = 0.02 s
[48/69] TestEnumerator#test_size_for_string = 0.01 s
[49/69] TestEnumerator#test_enum_chain_and_plus = 0.03 s
[50/69] TestEnumerator#test_inspect_verbose = 0.02 s
[51/69] TestEnumerator#test_generator = 0.05 s
[52/69] TestEnumerator#test_each_arg = 0.02 s
[53/69] TestEnumerator#test_size_for_cycle = 0.04 s
[54/69] TestEnumerator#test_feed_mixed = 0.02 s
[55/69] TestEnumerator#test_each_slice_size = 0.01 s
[56/69] TestEnumerator#test_feed_yielder = 0.02 s
[57/69] TestEnumerator#test_size_for_step = 0.05 s
[58/69] TestEnumerator#test_next_values = 0.02 s
[59/69] TestEnumerator#test_size_for_each_cons = 0.02 s
[60/69] TestEnumerator#test_with_index_nonnum_offset = 0.01 s
[61/69] TestEnumerator#test_feed_twice = 0.02 s
[62/69] TestEnumerator#test_size = 0.03 s
[63/69] TestEnumerator#test_yielder = 0.03 s
[64/69] TestEnumerator#test_feed_before_first_next = 0.02 s
[65/69] TestEnumerator#test_chain_with_index = 0.01 s
[66/69] TestEnumerator#test_size_for_enum_created_from_array = 0.02 s
[67/69] TestEnumerator#test_loop_return_value = 0.02 s
[68/69] TestEnumerator#test_next_rewind = 0.03 s
[69/69] TestEnumerator#test_chain_each_lambda = 0.02 s
Finished tests in 370.625470s, 0.1862 tests/s, 1.5730 assertions/s.
69 tests, 583 assertions, 0 failures, 0 errors, 0 skips

ruby -v: ruby 3.4.1 (2025-06-14 revision 742e381c9f) +PRISM [riscv64-freebsd]
end time: 2025-06-22T00:54:19
----------------------------------------
Running test: ../test/ruby/marshaltestlib.rb
start time: 2025-06-22T00:54:19
Run options:
  "--ruby=./miniruby -I../lib -I. -I.ext/common  ../tool/runruby.rb --extout=.ext  -- --disable-gems
"
  --excludes-dir=../test/.excludes
  --name=!/memory_leak/
  -s
  3216
  --timeout-scale
  10
  --worker-timeout=100
  -v

# Running tests:

Finished tests in 1.034965s, 0.0000 tests/s, 0.0000 assertions/s.
0 tests, 0 assertions, 0 failures, 0 errors, 0 skips

ruby -v: ruby 3.4.1 (2025-06-14 revision 742e381c9f) +PRISM [riscv64-freebsd]
end time: 2025-06-22T00:54:38
----------------------------------------
Running test: ../test/ruby/test_m17n_comb.rb
start time: 2025-06-22T00:54:39
Run options:
  "--ruby=./miniruby -I../lib -I. -I.ext/common  ../tool/runruby.rb --extout=.ext  -- --disable-gems
"
  --excludes-dir=../test/.excludes
  --name=!/memory_leak/
  -s
  3216
  --timeout-scale
  10
  --worker-timeout=100
  -v

# Running tests:

[ 1/82] TestM17NComb#test_str_to_s = 0.09 s
[ 2/82] TestM17NComb#test_marshal = 0.09 s
[ 3/82] TestM17NComb#test_str_squeeze = 19.44 s
[ 4/82] TestM17NComb#test_str_aref_range2 = 11.31 s
[ 5/82] TestM17NComb#test_str_hex = 0.05 s
[ 6/82] TestM17NComb#test_str_new = 0.12 s
[ 7/82] TestM17NComb#test_str_reverse = 0.07 s
[ 8/82] TestM17NComb#test_str_assign_substr = 16.73 s
[ 9/82] TestM17NComb#test_str_assign_len = 19.06 s
[10/82] TestM17NComb#test_str_sum = 0.04 s
[11/82] TestM17NComb#test_str_slice = 81.84 s
[12/82] TestM17NComb#test_str_bytes = 0.05 s
[13/82] TestM17NComb#test_str_rpartition = 22.98 s
[14/82] TestM17NComb#test_str_bytesize = 0.04 s
[15/82] TestM17NComb#test_str_length = 0.04 s
[16/82] TestM17NComb#test_str_eq_transitive = 11.17 s
[17/82] TestM17NComb#test_str_aref = 0.07 s
[18/82] TestM17NComb#test_str_to_i = 0.59 s
[19/82] TestM17NComb#test_tr_s = 22.40 s
[20/82] TestM17NComb#test_str_concat = 17.06 s
[21/82] TestM17NComb#test_str_smart_chomp = 202.59 s
[22/82] TestM17NComb#test_str_start_with? = 21.22 s
[23/82] TestM17NComb#test_str_rjust = 29.09 s
[24/82] TestM17NComb#test_str_include? = 26.88 s
[25/82] TestM17NComb#test_str_casecmp? = 13.16 s
[26/82] TestM17NComb#test_str_center = 28.65 s
[27/82] TestM17NComb#test_str_assign_range3 = 21.66 s
[28/82] TestM17NComb#test_str_clone = 0.10 s
[29/82] TestM17NComb#test_str_assign = 42.76 s
[30/82] TestM17NComb#test_str_index = 19.97 s
[31/82] TestM17NComb#test_str_each_byte = 0.08 s
[32/82] TestM17NComb#test_str_chop = 0.14 s
[33/82] TestM17NComb#test_str_upcase = 0.13 s
[34/82] TestM17NComb#test_str_split = 20.76 s
[35/82] TestM17NComb#test_str_oct = 0.05 s
[36/82] TestM17NComb#test_str_delete = 18.28 s
[37/82] TestM17NComb#test_str_insert = 36.57 s
[38/82] TestM17NComb#test_str_hash = 11.37 s
[39/82] TestM17NComb#test_str_end_with? = 21.52 s
[40/82] TestM17NComb#test_str_rindex = 18.76 s
[41/82] TestM17NComb#test_str_succ = 53.75 s
[42/82] TestM17NComb#test_str_eq_symmetric = 15.08 s
[43/82] TestM17NComb#test_str_crypt_nonstrict = 16.57 s
[44/82] TestM17NComb#test_tr_sjis = 0.01 s
[45/82] TestM17NComb#test_str_succ2 = 0.01 s
[46/82] TestM17NComb#test_str_chr = 0.04 s
[47/82] TestM17NComb#test_str_times = 0.45 s
[48/82] TestM17NComb#test_str_downcase = 0.19 s
[49/82] TestM17NComb#test_str_strip = 0.27 s
[50/82] TestM17NComb#test_str_aref_substr = 18.17 s
[51/82] TestM17NComb#test_str_eq = 20.29 s
[52/82] TestM17NComb#test_str_assign_range2 = 21.03 s
[53/82] TestM17NComb#test_str_dup = 0.10 s
[54/82] TestM17NComb#test_str_replace = 14.08 s
[55/82] TestM17NComb#test_str_ord = 0.20 s
[56/82] TestM17NComb#test_str_sub! = 59.26 s
[57/82] TestM17NComb#test_str_eq_reflexive = 0.09 s
[58/82] TestM17NComb#test_str_empty? = 0.06 s
[59/82] TestM17NComb#test_sprintf_s = 0.38 s
[60/82] TestM17NComb#test_str_to_f = 0.02 s
[61/82] TestM17NComb#test_str_crypt = 11.91 s
[62/82] TestM17NComb#test_str_chomp = 19.10 s
[63/82] TestM17NComb#test_str_each_line = 18.79 s
[64/82] TestM17NComb#test_str_count = 18.24 s
[65/82] TestM17NComb#test_str_dump = 0.21 s
[66/82] TestM17NComb#test_str_partition = 21.96 s
[67/82] TestM17NComb#test_str_swapcase = 0.13 s
[68/82] TestM17NComb#test_str_plus = 20.14 s
[69/82] TestM17NComb#test_str_cmp = 15.20 s
[70/82] TestM17NComb#test_str_scan = 17.78 s
[71/82] TestM17NComb#test_tr = 23.90 s
[72/82] TestM17NComb#test_str_intern = 0.12 s
[73/82] TestM17NComb#test_str_aref_len = 0.20 s
[74/82] TestM17NComb#test_str_aref_range3 = 10.32 s
[75/82] TestM17NComb#test_str_ljust = 28.02 s
[76/82] TestM17NComb#test_str_clear = 0.08 s
[77/82] TestM17NComb#test_bug11486 = 0.03 s
[78/82] TestM17NComb#test_str_slice! = 114.17 s
[79/82] TestM17NComb#test_str_sub = 58.36 s
[80/82] TestM17NComb#test_str_capitalize = 0.21 s
[81/82] TestM17NComb#test_str_chars = 0.07 s
[82/82] TestM17NComb#test_str_casecmp = 12.26 s
Finished tests in 1373.448735s, 0.0597 tests/s, 180.6751 assertions/s.
82 tests, 248148 assertions, 0 failures, 0 errors, 0 skips

ruby -v: ruby 3.4.1 (2025-06-14 revision 742e381c9f) +PRISM [riscv64-freebsd]
end time: 2025-06-22T01:17:53
----------------------------------------
Running test: ../test/ruby/test_yjit_exit_locations.rb
start time: 2025-06-22T01:17:53
Run options:
  "--ruby=./miniruby -I../lib -I. -I.ext/common  ../tool/runruby.rb --extout=.ext  -- --disable-gems
"
  --excludes-dir=../test/.excludes
  --name=!/memory_leak/
  -s
  3216
  --timeout-scale
  10
  --worker-timeout=100
  -v

# Running tests:

Finished tests in 1.009000s, 0.0000 tests/s, 0.0000 assertions/s.
0 tests, 0 assertions, 0 failures, 0 errors, 0 skips

ruby -v: ruby 3.4.1 (2025-06-14 revision 742e381c9f) +PRISM [riscv64-freebsd]
end time: 2025-06-22T01:18:12
----------------------------------------
Running test: ../test/ruby/test_stringchar.rb
start time: 2025-06-22T01:18:12
Run options:
  "--ruby=./miniruby -I../lib -I. -I.ext/common  ../tool/runruby.rb --extout=.ext  -- --disable-gems
"
  --excludes-dir=../test/.excludes
  --name=!/memory_leak/
  -s
  3216
  --timeout-scale
  10
  --worker-timeout=100
  -v

# Running tests:

[1/4] TestStringchar#test_string = 0.08 s
[2/4] TestStringchar#test_dump = 36.87 s
[3/4] TestStringchar#test_char = 0.40 s
[4/4] TestStringchar#test_bang = 0.02 s
Finished tests in 38.912582s, 0.1028 tests/s, 509.2697 assertions/s.
4 tests, 19817 assertions, 0 failures, 0 errors, 0 skips

ruby -v: ruby 3.4.1 (2025-06-14 revision 742e381c9f) +PRISM [riscv64-freebsd]
end time: 2025-06-22T01:19:10
----------------------------------------
Running test: ../test/ruby/test_exception.rb
start time: 2025-06-22T01:19:10
Run options:
  "--ruby=./miniruby -I../lib -I. -I.ext/common  ../tool/runruby.rb --extout=.ext  -- --disable-gems
"
  --excludes-dir=../test/.excludes
  --name=!/memory_leak/
  -s
  3216
  --timeout-scale
  10
  --worker-timeout=100
  -v

# Running tests:

[ 1/95] TestException#test_exception_ensure = 0.03 s
[ 2/95] TestException#test_rescue_single_argument = 0.01 s
[ 3/95] TestException#test_catch_throw_in_require = 0.04 s
[ 4/95] TestException#test_marshal_circular_cause = 0.02 s
[ 5/95] TestException#test_cause_exception_in_cause_message = 2.38 s
[ 6/95] TestException#test_redefined_backtrace = 11.45 s
[ 7/95] TestException#test_rescue_splat_argument = 0.02 s
[ 8/95] TestException#test_exception_rescued = 0.01 s
[ 9/95] TestException#test_blocking_backtrace = 36.11 s
[10/95] TestException#test_multibyte_and_newline = 2.36 s
[11/95] TestException#test_exception_in_message = 3.41 s
[12/95] TestException#test_warning_warn_circular_require_backtrace = 0.08 s
[13/95] TestException#test_raise_with_cause_in_rescue = 0.04 s
[14/95] TestException#test_systemexit_new = 0.03 s
[15/95] TestException#test_control_in_message = 0.03 s
[16/95] TestException#test_exception_in_rescue = 0.01 s
[17/95] TestException#test_else_nested_rescued = 0.01 s
[18/95] TestException#test_wrong_backtrace = 11.41 s
[19/95] TestException#test_cause = 0.02 s
[20/95] TestException#test_circular_cause_handle = 0.03 s
[21/95] TestException#test_backtrace_in_eval = 2.33 s
[22/95] TestException#test_too_many_args_in_evalIn-address space security exception (core dumped)
end time: 2025-06-22T01:22:18
----------------------------------------
Running test: ../test/ruby/test_thread.rb
start time: 2025-06-22T01:22:18
Run options:
  "--ruby=./miniruby -I../lib -I. -I.ext/common  ../tool/runruby.rb --extout=.ext  -- --disable-gems
"
  --excludes-dir=../test/.excludes
  --name=!/memory_leak/
  -s
  3216
  --timeout-scale
  10
  --worker-timeout=100
  -v

# Running tests:

[ 1/93] TestThread#test_uninitialized = 0.07 s
[ 2/93] TestThread#test_local_barrier = 30.75 s
[ 3/93] TestThread#test_blocking_mutex_unlocked_on_fork = 0.68 s
[ 4/93] TestThread#test_thread_local_fetch = 0.05 s
[ 5/93] TestThread#test_signal_at_join = 0.05 s
[ 6/93] TestThread#test_mutex_owned2 = 0.03 s
[ 7/93] TestThread#test_select_wait = 0.03 s
[ 8/93] TestThread#test_backtrace = 0.05 s
[ 9/93] TestThread#test_mutex_interrupt = 0.97 s
[10/93] TestThread#test_ignore_deadlock = 10.54 s
[11/93] TestThread#test_thread_join_current = 0.01 s
[12/93] TestThread#test_new_symbol_proc = 9.68 s
[13/93] TestThread#test_mutex_illegal_unlock = 0.03 s
[14/93] TestThread#test_report_on_exception = 11.66 s
[15/93] TestThread#test_handle_interrupted? = 0.04 s
[16/93] TestThread#test_thread_setname_in_initialize = 0.03 s
[17/93] TestThread#test_kill_wrong_argument = 0.02 s
[18/93] TestThread#test_thread_native_thread_id_across_fork_on_linux = 0.06 s
[19/93] TestThread#test_fork_in_thread = 0.72 s
[20/93] TestThread#test_thread_variable? = 0.14 s
[21/93] TestThread#test_join_limit_FIXNUM_MAX = 0.02 s
[22/93] TestThread#test_join_limit_UINT64_MAX = 0.02 s
[23/93] TestThread#test_join2 = 0.05 s
[24/93] TestThread#test_join_argument_conversion = 0.09 s
[25/93] TestThread#test_wakeup = 0.02 s
[26/93] TestThread#test_thread_status_in_trap = 2.65 s
[27/93] TestThread#test_abort_on_exception = 10.79 s
[28/93] TestThread#test_fork_value = 0.68 s
[29/93] TestThread#test_inspect = 0.06 s
[30/93] TestThread#test_recursive_outer = 0.02 s
[31/93] TestThread#test_thread_value_in_trap = 11.38 s
[32/93] TestThread#test_mutex_unlock_on_trap = 2.35 s
[33/93] TestThread#test_kill_thread_subclass = 0.05 s
[34/93] TestThread#test_fork_while_locked = 2.04 s
[35/93] TestThread#test_main = 2.51 s
[36/93] TestThread#test_mutex_trylock = 0.77 s
[37/93] TestThread#test_stop = 2.35 s
[38/93] TestThread#test_thread_timer_and_ensure = 9.75 s
[39/93] TestThread#test_thread_invalid_object = 0.03 s
[40/93] TestThread#test_join_limit_negative_minus_1 = 0.04 s
[41/93] TestThread#test_fork_while_mutex_locked_by_forker = 0.26 s
[42/93] TestThread#test_thread_timer_and_interrupt = 0.04 s
[43/93] TestThread#test_thread_name = 0.04 s
[44/93] TestThread#test_mutex_synchronize_yields_no_block_params = 0.01 s
[45/93] TestThread#test_thread_join_in_trap = 11.39 s
[46/93] TestThread#test_join_limit_INFINITY = 0.03 s
[47/93] TestThread#test_thread_native_thread_id = 0.03 s
[48/93] TestThread#test_handle_interrupt_with_break = 0.02 s
[49/93] TestThread#test_thread_join_main_thread = 0.02 s
[50/93] TestThread#test_mutex_deadlock = 0.01 s
[51/93] TestThread#test_mutex_synchronize = 5.14 s
[52/93] TestThread#test_exit = 0.02 s
[53/93] TestThread#test_kill_main_thread = 2.38 s
[54/93] TestThread#test_thread_local_security = 0.03 s
[55/93] TestThread#test_thread_variable_strings_and_symbols_are_the_same_key = 0.03 s
[56/93] TestThread#test_main_thread_variable_in_enumerator = 0.02 s
[57/93] TestThread#test_status_and_stop_p = 0.10 s
[58/93] TestThread#test_handle_interrupt_with_return = 0.01 s
[59/93] TestThread#test_join_limit_negative_INT64_MIN = 0.03 s
[60/93] TestThread#test_list = 2.52 s
[61/93] TestThread#test_handle_interrupt = 0.07 s
[62/93] TestThread#test_thread_variable_frozen = 0.03 s
[63/93] TestThread#test_thread_local_dynamic_symbol = 0.03 s
[64/93] TestThread#test_priority = 0.92 s
[65/93] TestThread#test_thread_variables = 0.03 s
[66/93] TestThread#test_handle_interrupt_and_p = 2.70 s
[67/93] TestThread#test_yield_across_thread_through_enum = 0.05 s
[68/93] TestThread#test_mutex_owned = 0.01 s
[69/93] TestThread#test_join_limit_negative_minus_0_1 = 0.60 s
[70/93] TestThread#test_thread_instance_variable = 2.33 s
[71/93] TestThread#test_thread_interrupt_for_killed_thread = 50.72 s
[72/93] TestThread#test_fork_while_parent_locked = 0.34 s
[73/93] TestThread#test_handle_interrupt_invalid_argument = 0.03 s
[74/93] TestThread#test_handle_interrupt_blocking = 0.05 s
[75/93] TestThread#test_thread_local = 0.74 s
[76/93] TestThread#test_no_valid_cfp = 0.04 s
[77/93] TestThread#test_join_limit_negative_FIXNUM_MIN = 0.02 s
[78/93] TestThread#test_mutex_fifo_like_lock = 0.01 s
[79/93] TestThread#test_subclass_no_initialize = 0.04 s
[80/93] TestThread#test_inspect_with_fiber = 0.02 s
[81/93] TestThread#test_join = 0.08 s
[82/93] TestThread#test_main_thread_status_at_exit = 2.53 s
[83/93] TestThread#test_join_limit_negative_minus_INFINITY = 0.03 s
[84/93] TestThread#test_new = 0.05 s
[85/93] TestThread#test_switch_while_busy_loop = 0.35 s
[86/93] TestThread#test_pending_interrupt? = 0.03 s
[87/93] TestThread#test_thread_invalid_name = 0.08 s
[88/93] TestThread#test_thread_variable_in_enumerator = 0.03 s
[89/93] TestThread#test_handle_interrupt_and_io = 2.73 s
[90/93] TestThread#test_thread_status_raise_after_kill = 0.03 s
Finished tests in 204.708634s, 0.4396 tests/s, 2.0810 assertions/s.
90 tests, 426 assertions, 0 failures, 0 errors, 3 skips

ruby -v: ruby 3.4.1 (2025-06-14 revision 742e381c9f) +PRISM [riscv64-freebsd]
end time: 2025-06-22T01:26:02
----------------------------------------
Running test: ../test/ruby/test_insns_leaf.rb
start time: 2025-06-22T01:26:02
Run options:
  "--ruby=./miniruby -I../lib -I. -I.ext/common  ../tool/runruby.rb --extout=.ext  -- --disable-gems
"
  --excludes-dir=../test/.excludes
  --name=!/memory_leak/
  -s
  3216
  --timeout-scale
  10
  --worker-timeout=100
  -v

# Running tests:

[1/1] TestInsnsLeaf#test_insns_leaf = 0.04 s
Finished tests in 1.246556s, 0.8022 tests/s, 3.2088 assertions/s.
1 tests, 4 assertions, 0 failures, 0 errors, 0 skips

ruby -v: ruby 3.4.1 (2025-06-14 revision 742e381c9f) +PRISM [riscv64-freebsd]
end time: 2025-06-22T01:26:22
----------------------------------------
Running test: ../test/ruby/test_argf.rb
start time: 2025-06-22T01:26:22
Run options:
  "--ruby=./miniruby -I../lib -I. -I.ext/common  ../tool/runruby.rb --extout=.ext  -- --disable-gems
"
  --excludes-dir=../test/.excludes
  --name=!/memory_leak/
  -s
  3216
  --timeout-scale
  10
  --worker-timeout=100
  -v

# Running tests:

[ 1/73] TestArgf#test_readbyte = 10.40 s
[ 2/73] TestArgf#test_close_replace = 9.68 s
[ 3/73] TestArgf#test_readlines_chomp = 2.44 s
[ 4/73] TestArgf#test_each_char = 9.68 s
[ 5/73] TestArgf#test_readlines_limit_0 = 0.08 s
[ 6/73] TestArgf#test_putc = 9.70 s
[ 7/73] TestArgf#test_file = 9.72 s
[ 8/73] TestArgf#test_wrong_type = 11.43 s
[ 9/73] TestArgf#test_each_line_paragraph = 2.37 s
[10/73] TestArgf#test_set_pos = 9.71 s
[11/73] TestArgf#test_readpartial2 = 9.69 s
[12/73] TestArgf#test_tell = 9.75 s
[13/73] TestArgf#test_lineno2 = 9.76 s
[14/73] TestArgf#test_puts = 9.72 s
[15/73] TestArgf#test_printf = 10.21 s
[16/73] TestArgf#test_read3 = 9.70 s
[17/73] TestArgf#test_skip_in_each_line = 19.33 s
[18/73] TestArgf#test_read2_with_not_empty_buffer = 9.70 s
[19/73] TestArgf#test_readchar = 9.69 s
[20/73] TestArgf#test_getbyte = 9.68 s
[21/73] TestArgf#test_readline_chomp = 2.37 s
[22/73] TestArgf#test_each_codepoint = 9.68 s
[23/73] TestArgf#test_each_byte = 9.71 s
[24/73] TestArgf#test_inplace2 = 2.92 s
[25/73] TestArgf#test_read = 9.69 s
[26/73] TestArgf#test_to_io = 9.73 s
[27/73] TestArgf#test_gets_chomp = 2.39 s
[28/73] TestArgf#test_encoding = 9.68 s
[29/73] TestArgf#test_inplace_bug_17117 = 101.87 s
[30/73] TestArgf#test_inplace_to_path = 0.88 s
[31/73] TestArgf#test_print = 9.75 s
[32/73] TestArgf#test_skip_in_each_codepoint = 9.71 s
[33/73] TestArgf#test_inplace_nonascii = 2.39 s
[34/73] TestArgf#test_skip_in_each_byte = 9.68 s
[35/73] TestArgf#test_inplace_ascii_incompatible_path = 0.10 s
[36/73] TestArgf#test_closed = 9.69 s
[37/73] TestArgf#test_close = 9.68 s
[38/73] TestArgf#test_new_lineno_each_char = 0.06 s
[39/73] TestArgf#test_filename2 = 9.72 s
[40/73] TestArgf#test_inplace_dup = 2.40 s
[41/73] TestArgf#test_inplace_suffix_encoding = 0.09 s
[42/73] TestArgf#test_each_line_limit_0 = 0.06 s
[43/73] TestArgf#test_eof = 19.35 s
[44/73] TestArgf#test_lineno_after_shebang = 9.89 s
[45/73] TestArgf#test_sized_read = 9.70 s
[46/73] TestArgf#test_binmode = 9.69 s
[47/73] TestArgf#test_inplace3 = 2.49 s
[48/73] TestArgf#test_lineno = 9.81 s
[49/73] TestArgf#test_inplace_invalid_backup = 0.16 s
[50/73] TestArgf#test_fileno = 9.71 s
[51/73] TestArgf#test_inplace_stdin = 2.44 s
[52/73] TestArgf#test_unreadable = 0.22 s
[53/73] TestArgf#test_inplace = 2.42 s
[54/73] TestArgf#test_lineno3 = 2.38 s
[55/73] TestArgf#test_inplace_stdin2 = 2.37 s
[56/73] TestArgf#test_seek = 9.77 s
[57/73] TestArgf#test_argf = 9.79 s
[58/73] TestArgf#test_getc = 9.68 s
[59/73] TestArgf#test_readpartial_eof_twice = 9.71 s
[60/73] TestArgf#test_read2 = 9.68 s
[61/73] TestArgf#test_each_line_chomp = 4.72 s
[62/73] TestArgf#test_inplace_no_backup = 2.59 s
[63/73] TestArgf#test_skip_in_each_char = 9.71 s
[64/73] TestArgf#test_read_nonblock = 9.72 s
[65/73] TestArgf#test_argv = 9.70 s
[66/73] TestArgf#test_filename = 9.69 s
[67/73] TestArgf#test_inplace_rename_impossible = 2.42 s
[68/73] TestArgf#test_readlines_twice = 9.74 s
[69/73] TestArgf#test_each_line = 9.68 s
[70/73] TestArgf#test_new_lineno_each = 0.61 s
[71/73] TestArgf#test_readpartial = 9.68 s
[72/73] TestArgf#test_rewind = 9.73 s
[73/73] TestArgf#test_skip = 9.68 s

  1) Timeout:
TestArgf#test_inplace_bug_17117

Finished tests in 637.188957s, 0.1146 tests/s, 0.6843 assertions/s.
73 tests, 436 assertions, 0 failures, 1 errors, 0 skips

ruby -v: ruby 3.4.1 (2025-06-14 revision 742e381c9f) +PRISM [riscv64-freebsd]
end time: 2025-06-22T01:37:18
----------------------------------------
Running test: ../test/ruby/test_defined.rb
start time: 2025-06-22T01:37:19
Run options:
  "--ruby=./miniruby -I../lib -I. -I.ext/common  ../tool/runruby.rb --extout=.ext  -- --disable-gems
"
  --excludes-dir=../test/.excludes
  --name=!/memory_leak/
  -s
  3216
  --timeout-scale
  10
  --worker-timeout=100
  -v

# Running tests:

[ 1/37] TestDefined#test_autoloaded_noload = 0.04 s
[ 2/37] TestDefined#test_method_by_respond_to_missing = 0.02 s
[ 3/37] TestDefined#test_define_method = 0.01 s
[ 4/37] TestDefined#test_super_toplevel = 11.40 s
[ 5/37] TestDefined#test_defined_matchdata = 0.03 s
[ 6/37] TestDefined#test_exception = 0.01 s
[ 7/37] TestDefined#test_super_in_basic_object = 0.01 s
[ 8/37] TestDefined#test_defined_hash = 0.03 s
[ 9/37] TestDefined#test_defined_private_method = 0.01 s
[10/37] TestDefined#test_defined_constant = 0.01 s
[11/37] TestDefined#test_autoloaded_subclass = 0.01 s
[12/37] TestDefined#test_defined_public_method = 0.01 s
[13/37] TestDefined#test_defined_literal = 0.01 s
[14/37] TestDefined#test_super_in_included_method = 0.01 s
[15/37] TestDefined#test_defined_yield = 0.01 s
[16/37] TestDefined#test_defined_method_single_call = 0.02 s
[17/37] TestDefined#test_defined_empty_paren_arg = 0.01 s
[18/37] TestDefined#test_defined_assignment = 0.04 s
[19/37] TestDefined#test_defined_undefined_method = 0.01 s
[20/37] TestDefined#test_defined_operator = 0.01 s
[21/37] TestDefined#test_defined_protected_method = 0.01 s
[22/37] TestDefined#test_defined_refined_call_without_using = 0.01 s
[23/37] TestDefined#test_super_in_block = 0.01 s
[24/37] TestDefined#test_defined_empty_paren_expr = 0.03 s
[25/37] TestDefined#test_defined_method = 0.05 s
[26/37] TestDefined#test_defined_global_variable = 0.01 s
[27/37] TestDefined#test_defined_undefined_argument = 0.01 s
[28/37] TestDefined#test_defined_local_variable = 0.01 s
[29/37] TestDefined#test_defined_refined_call_with_using = 0.01 s
[30/37] TestDefined#test_defined_refined_vcall_with_using = 0.01 s
[31/37] TestDefined#test_respond_to = 0.03 s
[32/37] TestDefined#test_defined_impl_specific = 0.01 s
[33/37] TestDefined#test_defined_undef = 0.01 s
[34/37] TestDefined#test_defined_attrasgn = 0.01 s
[35/37] TestDefined#test_defined_refined_vcall_without_using = 0.01 s
[36/37] TestDefined#test_top_level_constant_not_defined = 0.01 s
[37/37] TestDefined#test_defined_splat = 0.01 s
Finished tests in 14.962249s, 2.4729 tests/s, 15.7062 assertions/s.
37 tests, 235 assertions, 0 failures, 0 errors, 0 skips

ruby -v: ruby 3.4.1 (2025-06-14 revision 742e381c9f) +PRISM [riscv64-freebsd]
end time: 2025-06-22T01:37:52
----------------------------------------
Running test: ../test/ruby/test_string_memory.rb
start time: 2025-06-22T01:37:52
Run options:
  "--ruby=./miniruby -I../lib -I. -I.ext/common  ../tool/runruby.rb --extout=.ext  -- --disable-gems
"
  --excludes-dir=../test/.excludes
  --name=!/memory_leak/
  -s
  3216
  --timeout-scale
  10
  --worker-timeout=100
  -v

# Running tests:

[1/3] TestStringMemory#test_byteslice_postfix = 1.24 s
[2/3] TestStringMemory#test_byteslice_prefix = 1.21 s
[3/3] TestStringMemory#test_byteslice_postfix_twice = 1.26 s
Finished tests in 4.974631s, 0.6031 tests/s, 1.8092 assertions/s.
3 tests, 9 assertions, 0 failures, 0 errors, 0 skips

ruby -v: ruby 3.4.1 (2025-06-14 revision 742e381c9f) +PRISM [riscv64-freebsd]
end time: 2025-06-22T01:38:16
----------------------------------------
Running test: ../test/ruby/test_pattern_matching.rb
start time: 2025-06-22T01:38:16
Run options:
  "--ruby=./miniruby -I../lib -I. -I.ext/common  ../tool/runruby.rb --extout=.ext  -- --disable-gems
"
  --excludes-dir=../test/.excludes
  --name=!/memory_leak/
  -s
  3216
  --timeout-scale
  10
  --worker-timeout=100
  -v

# Running tests:

[ 1/29] TestPatternMatching::TestPatternMatchingRefinements#test_refinements = 0.04 s
[ 2/29] TestPatternMatching#test_pin_operator_expr_pattern = 0.03 s
[ 3/29] TestPatternMatching#test_basic = 0.04 s
[ 4/29] TestPatternMatching#test_constant_value_pattern = 0.01 s
[ 5/29] TestPatternMatching#test_deconstruct_cache = 0.02 s
[ 6/29] TestPatternMatching#test_invalid_syntax = 0.12 s
[ 7/29] TestPatternMatching#test_deconstruct_keys = 0.03 s
[ 8/29] TestPatternMatching#test_bug18990 = 0.01 s
[ 9/29] TestPatternMatching#test_single_pattern_error_find_pattern = 0.04 s
[10/29] TestPatternMatching#test_alternative_pattern = 0.02 s
[11/29] TestPatternMatching#test_deconstruct = 0.01 s
[12/29] TestPatternMatching#test_nomatchingpatternerror = 0.01 s
[13/29] TestPatternMatching#test_single_pattern_error_hash_pattern = 0.09 s
[14/29] TestPatternMatching#test_pin_operator_value_pattern = 0.01 s
[15/29] TestPatternMatching#test_struct = 0.03 s
[16/29] TestPatternMatching#test_literal_value_pattern = 0.38 s
[17/29] TestPatternMatching#test_single_pattern_error_value_pattern = 0.02 s
[18/29] TestPatternMatching#test_single_pattern_error_as_pattern = 0.02 s
[19/29] TestPatternMatching#test_as_pattern = 0.01 s
[20/29] TestPatternMatching#test_single_pattern_error_guard_clause = 0.02 s
[21/29] TestPatternMatching#test_one_line = 0.02 s
[22/29] TestPatternMatching#test_find_pattern = 0.06 s
[23/29] TestPatternMatching#test_single_pattern_error_array_pattern = 0.04 s
[24/29] TestPatternMatching#test_single_pattern_error_alternative_pattern = 0.01 s
[25/29] TestPatternMatching#test_modifier = 0.01 s
[26/29] TestPatternMatching#test_var_pattern = 0.18 s
[27/29] TestPatternMatching#test_array_pattern = 0.08 s
[28/29] TestPatternMatching#test_paren = 0.01 s
[29/29] TestPatternMatching#test_hash_pattern = 0.23 s
Finished tests in 4.578728s, 6.3336 tests/s, 72.2908 assertions/s.
29 tests, 331 assertions, 0 failures, 0 errors, 0 skips

ruby -v: ruby 3.4.1 (2025-06-14 revision 742e381c9f) +PRISM [riscv64-freebsd]
end time: 2025-06-22T01:38:41
----------------------------------------
Running test: ../test/ruby/test_thread_queue.rb
start time: 2025-06-22T01:38:41
Run options:
  "--ruby=./miniruby -I../lib -I. -I.ext/common  ../tool/runruby.rb --extout=.ext  -- --disable-gems
"
  --excludes-dir=../test/.excludes
  --name=!/memory_leak/
  -s
  3216
  --timeout-scale
  10
  --worker-timeout=100
  -v

# Running tests:

[ 1/41] TestThreadQueue#test_freeze = 0.04 s
[ 2/41] TestThreadQueue#test_sized_queue_initialized = 0.03 s
[ 3/41] TestThreadQueue#test_empty_non_blocking = 0.29 s
[ 4/41] TestThreadQueue#test_sized_queue_one_closed_interrupt = 0.05 s
[ 5/41] TestThreadQueue#test_queue = 6.68 s
[ 6/41] TestThreadQueue#test_size_queue_close_wakeup = 0.12 s
[ 7/41] TestThreadQueue#test_sized_queue_push_interrupt = 0.02 s
[ 8/41] TestThreadQueue#test_queue_close_wakeup = 1.35 s
[ 9/41] TestThreadQueue#test_deny_pushers = 0.57 s
[10/41] TestThreadQueue#test_sized_queue_pop_non_block = 0.02 s
[11/41] TestThreadQueue#test_queue_pop_timeout = 1.14 s
[12/41] TestThreadQueue#test_queue_push_return_value = 0.07 s
[13/41] TestThreadQueue#test_sized_queue_push_return_value = 0.01 s
[14/41] TestThreadQueue#test_fork_while_queue_waiting = 0.64 s
[15/41] TestThreadQueue#test_dup = 0.09 s
[16/41] TestThreadQueue#test_queue_with_trap = 2.87 s
[17/41] TestThreadQueue#test_sized_queue_clear_return_value = 0.01 s
[18/41] TestThreadQueue#test_queue_pop_non_block = 0.03 s
[19/41] TestThreadQueue#test_dump = 0.05 s
[20/41] TestThreadQueue#test_one_element_sized_queue = 0.02 s
[21/41] TestThreadQueue#test_queue_clear_return_value = 0.01 s
[22/41] TestThreadQueue#test_sized_queue = 7.69 s
[23/41] TestThreadQueue#test_thr_kill = 0.05 s
[24/41] TestThreadQueue#test_queue_initialized = 0.02 s
[25/41] TestThreadQueue#test_queue_initialize = 0.04 s
[26/41] TestThreadQueue#test_blocked_pushers_empty = 0.06 s
[27/41] TestThreadQueue#test_close = 0.06 s
[28/41] TestThreadQueue#test_sized_queue_assign_max = 0.04 s
[29/41] TestThreadQueue#test_queue_pop_interrupt = 0.03 s
[30/41] TestThreadQueue#test_sized_queue_pop_timeout = 1.14 s
[31/41] TestThreadQueue#test_queue_close_multi_multi = 57.19 s
[32/41] TestThreadQueue#test_sized_queue_closed_push_non_blocking = 0.02 s
[33/41] TestThreadQueue#test_sized_queue_pop_interrupt = 0.02 s
[34/41] TestThreadQueue#test_blocked_pushers = 0.22 s
[35/41] TestThreadQueue#test_sized_queue_push_timeout = 1.15 s
[36/41] TestThreadQueue#test_sized_queue_initialize = 0.01 s
[37/41] TestThreadQueue#test_sized_queue_throttle = 0.57 s
[38/41] TestThreadQueue#test_queue_thread_raise = 0.34 s
[39/41] TestThreadQueue#test_sized_queue_push_non_block = 0.04 s
[40/41] TestThreadQueue#test_close_twice = 0.01 s
[41/41] TestThreadQueue#test_sized_queue_clear = 0.02 s
Finished tests in 86.896247s, 0.4718 tests/s, 2.9806 assertions/s.
41 tests, 259 assertions, 0 failures, 0 errors, 1 skips

ruby -v: ruby 3.4.1 (2025-06-14 revision 742e381c9f) +PRISM [riscv64-freebsd]
end time: 2025-06-22T01:40:27
----------------------------------------
Running test: ../test/ruby/test_io_timeout.rb
start time: 2025-06-22T01:40:27
Run options:
  "--ruby=./miniruby -I../lib -I. -I.ext/common  ../tool/runruby.rb --extout=.ext  -- --disable-gems
"
  --excludes-dir=../test/.excludes
  --name=!/memory_leak/
  -s
  3216
  --timeout-scale
  10
  --worker-timeout=100
  -v

# Running tests:

[1/4] TestIOTimeout#test_timeout_puts = 0.06 s
[2/4] TestIOTimeout#test_timeout_read_exception = 0.03 s
[3/4] TestIOTimeout#test_timeout_attribute = 0.03 s
[4/4] TestIOTimeout#test_timeout_gets_exception = 0.03 s
Finished tests in 1.450460s, 2.7577 tests/s, 5.5155 assertions/s.
4 tests, 8 assertions, 0 failures, 0 errors, 4 skips

ruby -v: ruby 3.4.1 (2025-06-14 revision 742e381c9f) +PRISM [riscv64-freebsd]
end time: 2025-06-22T01:40:47
----------------------------------------
Running test: ../test/ruby/test_literal.rb
start time: 2025-06-22T01:40:47
Run options:
  "--ruby=./miniruby -I../lib -I. -I.ext/common  ../tool/runruby.rb --extout=.ext  -- --disable-gems
"
  --excludes-dir=../test/.excludes
  --name=!/memory_leak/
  -s
  3216
  --timeout-scale
  10
  --worker-timeout=100
  -v

# Running tests:

[ 1/30] TestRubyLiteral#test_dstring_encoding = 0.04 s
[ 2/30] TestRubyLiteral#test_symbol_list = 1.63 s
[ 3/30] TestRubyLiteral#test_dsymbol_redefined_intern = 11.39 s
[ 4/30] TestRubyLiteral#test_float = 151.57 s
[ 5/30] TestRubyLiteral#test_special_const = 0.04 s
[ 6/30] TestRubyLiteral#test_regexp = 0.02 s
[ 7/30] TestRubyLiteral#test_hash_frozen_key_id = 0.01 s
[ 8/30] TestRubyLiteral#test_hash = 0.01 s
[ 9/30] TestRubyLiteral#test_string = 0.41 s
[10/30] TestRubyLiteral#test_self = 0.01 s
[11/30] TestRubyLiteral#test_frozen_string = 0.04 s
[12/30] TestRubyLiteral#test_hash_duplicated_key = 0.16 s
[13/30] TestRubyLiteral#test_array = 0.02 s
[14/30] TestRubyLiteral#test_hash_value_omission = 0.04 s
[15/30] TestRubyLiteral#test_dregexp = 0.01 s
[16/30] TestRubyLiteral#test_dsymbol = 0.01 s
[17/30] TestRubyLiteral#test_string_in_hash_literal = 0.01 s
[18/30] TestRubyLiteral#test_big_hash_literal = 17.52 s
[19/30] TestRubyLiteral#test_debug_frozen_string = 0.06 s
[20/30] TestRubyLiteral#test_integer = 9.57 s
[21/30] TestRubyLiteral#test_range = 0.02 s
[22/30] TestRubyLiteral#test_debug_frozen_string_in_array_literal = 0.02 s
[23/30] TestRubyLiteral#test_hash_key_tampering = 0.01 s
[24/30] TestRubyLiteral#test_xstring = 0.36 s
[25/30] TestRubyLiteral#test_frozen_string_in_array_literal = 0.02 s
[26/30] TestRubyLiteral#test_hash_literal_frozen = 11.45 s
[27/30] TestRubyLiteral#test__LINE__ = 0.01 s
[28/30] TestRubyLiteral#test__FILE__ = 0.01 s
[29/30] TestRubyLiteral#test_dstring = 0.01 s
[30/30] TestRubyLiteral#test_big_array_and_hash_literal = 9.41 s
Finished tests in 217.429914s, 0.1380 tests/s, 78.2689 assertions/s.
30 tests, 17018 assertions, 0 failures, 0 errors, 0 skips

ruby -v: ruby 3.4.1 (2025-06-14 revision 742e381c9f) +PRISM [riscv64-freebsd]
end time: 2025-06-22T01:44:44
----------------------------------------
Running test: ../test/ruby/test_system.rb
start time: 2025-06-22T01:44:44
Run options:
  "--ruby=./miniruby -I../lib -I. -I.ext/common  ../tool/runruby.rb --extout=.ext  -- --disable-gems
"
  --excludes-dir=../test/.excludes
  --name=!/memory_leak/
  -s
  3216
  --timeout-scale
  10
  --worker-timeout=100
  -v

# Running tests:

[1/8] TestSystem#test_fallback_to_sh = 0.29 s
[2/8] TestSystem#test_system = 87.04 s
[3/8] TestSystem#test_empty_evstr = 0.02 s
[4/8] TestSystem#test_system_exception_nonascii = 0.39 s
[5/8] TestSystem#test_system_exception = 38.85 s
[6/8] TestSystem#test_system_closed = 11.76 s
[7/8] TestSystem#test_system_at = 0.01 s
[8/8] TestSystem#test_system_redirect_win = 0.01 s
Finished tests in 139.893239s, 0.0572 tests/s, 0.3431 assertions/s.
8 tests, 48 assertions, 0 failures, 0 errors, 0 skips

ruby -v: ruby 3.4.1 (2025-06-14 revision 742e381c9f) +PRISM [riscv64-freebsd]
end time: 2025-06-22T01:47:22
----------------------------------------
Running test: ../test/ruby/test_flip.rb
start time: 2025-06-22T01:47:22
Run options:
  "--ruby=./miniruby -I../lib -I. -I.ext/common  ../tool/runruby.rb --extout=.ext  -- --disable-gems
"
  --excludes-dir=../test/.excludes
  --name=!/memory_leak/
  -s
  3216
  --timeout-scale
  10
  --worker-timeout=100
  -v

# Running tests:

[1/5] TestFlip#test_hidden_key = 9.66 s
[2/5] TestFlip#test_shared_thread = 0.05 s
[3/5] TestFlip#test_flip_flop = 0.02 s
[4/5] TestFlip#test_shared_eval = 0.02 s
[5/5] TestFlip#test_input_line_number_range = 0.08 s
Finished tests in 11.156545s, 0.4482 tests/s, 2.0616 assertions/s.
5 tests, 23 assertions, 0 failures, 0 errors, 0 skips

ruby -v: ruby 3.4.1 (2025-06-14 revision 742e381c9f) +PRISM [riscv64-freebsd]
end time: 2025-06-22T01:47:52
----------------------------------------
Running test: ../test/ruby/test_beginendblock.rb
start time: 2025-06-22T01:47:52
Run options:
  "--ruby=./miniruby -I../lib -I. -I.ext/common  ../tool/runruby.rb --extout=.ext  -- --disable-gems
"
  --excludes-dir=../test/.excludes
  --name=!/memory_leak/
  -s
  3216
  --timeout-scale
  10
  --worker-timeout=100
  -v

# Running tests:

[ 1/16] TestBeginEndBlock#test_nested_at_exit = 2.40 s
[ 2/16] TestBeginEndBlock#test_exitcode_in_at_exit = 2.33 s
[ 3/16] TestBeginEndBlock#test_beginendblock = 12.70 s
[ 4/16] TestBeginEndBlock#test_endblock_raise = 2.40 s
[ 5/16] TestBeginEndBlock#test_endblockwarn = 2.34 s
[ 6/16] TestBeginEndBlock#test_begininclass = 0.05 s
[ 7/16] TestBeginEndBlock#test_errinfo_at_exit = 2.54 s
[ 8/16] TestBeginEndBlock#test_endblock_variable = 4.98 s
[ 9/16] TestBeginEndBlock#test_begininmethod = 0.05 s
[10/16] TestBeginEndBlock#test_callcc_at_exit = 0.05 s
[11/16] TestBeginEndBlock#test_propagate_exit_code = 9.63 s
[12/16] TestBeginEndBlock#test_propagate_signaled = 2.35 s
[13/16] TestBeginEndBlock#test_raise_in_at_exit = 2.33 s
[14/16] TestBeginEndBlock#test_rescue_at_exit = 19.42 s
[15/16] TestBeginEndBlock#test_endblockwarn_in_eval = 2.33 s
[16/16] TestBeginEndBlock#test_internal_errinfo_at_exit = 0.62 s
Finished tests in 69.096615s, 0.2316 tests/s, 1.3459 assertions/s.
16 tests, 93 assertions, 0 failures, 0 errors, 1 skips

ruby -v: ruby 3.4.1 (2025-06-14 revision 742e381c9f) +PRISM [riscv64-freebsd]
end time: 2025-06-22T01:49:19
----------------------------------------
Running test: ../test/ruby/test_rubyoptions.rb
start time: 2025-06-22T01:49:20
Run options:
  "--ruby=./miniruby -I../lib -I. -I.ext/common  ../tool/runruby.rb --extout=.ext  -- --disable-gems
"
  --excludes-dir=../test/.excludes
  --name=!/memory_leak/
  -s
  3216
  --timeout-scale
  10
  --worker-timeout=100
  -v

# Running tests:

[ 1/68] TestRubyOptions#test_notfound = 4.05 s
[ 2/68] TestRubyOptions#test_debug = 6.61 s
[ 3/68] TestRubyOptions#test_syntax_check = 32.70 s
[ 4/68] TestRubyOptions#test_script_from_stdin = 19.42 s
[ 5/68] TestRubyOptions#test_dump_syntax_with_rflag = 6.62 s
[ 6/68] TestRubyOptions#test_DATA = 3.01 s
[ 7/68] TestRubyOptions#test_warning = 98.30 s
[ 8/68] TestRubyOptions#test_rjit_version = 0.01 s
[ 9/68] TestRubyOptions#test_parser_flag = 14.06 s
[10/68] TestRubyOptions#test_rubylib_invalid_encoding = 9.76 s
[11/68] TestRubyOptions#test_shebang = 32.62 s
[12/68] TestRubyOptions#test_program_name = 57.81 s
[13/68] TestRubyOptions#test_frozen_string_literal_debug = 76.71 s
[14/68] TestRubyOptions#test_verbose = 6.15 s
[15/68] TestRubyOptions#test_yydebug = 1.55 s
[16/68] TestRubyOptions#test_copyright = 3.90 s
[17/68] TestRubyOptions#test_sflag = 7.13 s
[18/68] TestRubyOptions#test_usage_long = 1.61 s
[19/68] TestRubyOptions#test_setproctitle = 30.91 s
[20/68] TestRubyOptions#test_pflag_sub = 2.34 s
[21/68] TestRubyOptions#test_segv_loaded_features = 2.53 s
[22/68] TestRubyOptions#test_unused_variable = 23.96 s
[23/68] TestRubyOptions#test_require = 10.76 s
[24/68] TestRubyOptions#test___dir__encoding = 9.73 s
[25/68] TestRubyOptions#test_crash_report = 10.98 s
[26/68] TestRubyOptions#test_segv_setproctitle = 2.49 s
[27/68] TestRubyOptions#test_usage = 1.51 s
[28/68] TestRubyOptions#test_encoding = 13.21 s
[29/68] TestRubyOptions#test_toplevel_ruby = 16.95 s
[30/68] TestRubyOptions#test_dump_insns_with_rflag = 3.36 s
[31/68] TestRubyOptions#test_segv_test = 2.48 s
[32/68] TestRubyOptions#test_assignment_in_conditional = 14.70 s
[33/68] TestRubyOptions#test_option_missing_argument = 10.71 s
[34/68] TestRubyOptions#test_flag_in_shebang = 4.71 s
[35/68] TestRubyOptions#test_disable = 18.95 s
[36/68] TestRubyOptions#test_indentation_check = 333.02 s
[37/68] TestRubyOptions#test_source_file = 2.33 s
[38/68] TestRubyOptions#test_chdir = 7.81 s
[39/68] TestRubyOptions#test_cwd_encoding = 9.86 s
[40/68] TestRubyOptions#test_separator = 12.37 s
[41/68] TestRubyOptions#test_option_variables = 4.67 s
[42/68] TestRubyOptions#test_kanji = 23.62 s
[43/68] TestRubyOptions#test_autosplit = 2.35 s
[44/68] TestRubyOptions#test_frozen_string_literal = 19.67 s
[45/68] TestRubyOptions#test_enable = 3.84 s
[46/68] TestRubyOptions#test_null_script = 2.98 s
[47/68] TestRubyOptions#test_free_at_exit_env_var = 12.70 s
[48/68] TestRubyOptions#test_crash_report_executable_path = 10.94 s
[49/68] TestRubyOptions#test_frozen_string_literal_debug_chilled_strings = 9.39 s
[50/68] TestRubyOptions#test_crash_report_script_path = 10.98 s
[51/68] TestRubyOptions#test_enabled_gc = 0.04 s
[52/68] TestRubyOptions#test_crash_report_script = 11.63 s
[53/68] TestRubyOptions#test_pflag_gsub = 2.33 s
[54/68] TestRubyOptions#test_dump_parsetree_error_tolerant = 1.52 s
[55/68] TestRubyOptions#test_set_program_name = 20.54 s
[56/68] TestRubyOptions#test_rubyopt = 37.69 s
[57/68] TestRubyOptions#test_rjit_disabled_version = 0.01 s
[58/68] TestRubyOptions#test_backtrace_limit = 28.97 s
[59/68] TestRubyOptions#test_dump_parsetree_with_rflag = 13.85 s
[60/68] TestRubyOptions#test_invalid_option = 8.32 s
[61/68] TestRubyOptions#test_crash_report_pipe = 5.07 s
[62/68] TestRubyOptions#test_version = 1.50 s
[63/68] TestRubyOptions#test_unmatching_glob = 3.99 s
[64/68] TestRubyOptions#test_search = 4.68 s
[65/68] TestRubyOptions#test_script_is_directory = 1.66 s
[66/68] TestRubyOptions#test_dump_yydebug_with_rflag = 7.22 s
[67/68] TestRubyOptions#test_eval = 1.51 s
[68/68] TestRubyOptions#test_include = 4.66 s

  1) Failure:
TestRubyOptions#test_segv_loaded_features [/root/ruby-3.4.1/test/ruby/test_rubyoptions.rb:915]:
pid 10938 killed by signal 34
| -e:1: [BUG] Segmentation fault at 0x00000000000000000000000000000000
| ruby 3.4.1 (2025-06-14 revision 742e381c9f) +PRISM [riscv64-freebsd]
|
| -- Control frame information -----------------------------------------------
| c:0003 p:---- s:0012 e:000011 CFUNC  :kill
| c:0002 p:0008 s:0006 e:000005 BLOCK  -e:1 [FINISH]
| c:0001 p:0000 s:0003 E:000190 DUMMY  [FINISH]
|
| -- Ruby level backtrace information ----------------------------------------
| -e:1:in 'block in <main>'
| -e:1:in 'kill'
|
| -- Threading information ---------------------------------------------------
| Total ractor count: 1
| Ruby thread count for this ractor: 1
|
| -- C level backtrace information -------------------------------------------
.

1. [2/2] Assertion for "stderr"
   | <""> expected but was
   | <"-- C level backtrace information -------------------------------------------\n">.

  2) Failure:
TestRubyOptions#test_crash_report [/root/ruby-3.4.1/test/ruby/test_rubyoptions.rb:956]:
<""> expected but was
<"-- C level backtrace information -------------------------------------------\n" +
"Unexpected file number 3 in /root/ruby-3.4.1/build/ruby at a4dfda\n" +
"Unexpected file number 21 in /root/ruby-3.4.1/build/ruby at a4dfda\n" +
"Unexpected file number 21 in /root/ruby-3.4.1/build/ruby at a4dfda\n" +
"Unexpected file number 7 in /root/ruby-3.4.1/build/ruby at a4dfda\n" +
"Unexpected file number 39 in /root/ruby-3.4.1/build/ruby at a4dfda\n" +
"Unexpected file number 3 in /root/ruby-3.4.1/build/ruby at a4dfda\n" +
"Unexpected file number 21 in /root/ruby-3.4.1/build/ruby at a4dfda\n" +
"Unexpected file number 21 in /root/ruby-3.4.1/build/ruby at a4dfda\n" +
"Unexpected file number 3 in /root/ruby-3.4.1/build/ruby at a4dfda\n" +
"Unexpected file number 3 in /root/ruby-3.4.1/build/ruby at a4dfda\n" +
"Unexpected file number 3 in /root/ruby-3.4.1/build/ruby at a4dfda\n" +
"Unexpected file number 21 in /root/ruby-3.4.1/build/ruby at a4dfda\n" +
"Unexpected file number 21 in /root/ruby-3.4.1/build/ruby at a4dfda\n" +
"Unexpected file number 3 in /root/ruby-3.4.1/build/ruby at a4dfda\n" +
"Unexpected file number 3 in /root/ruby-3.4.1/build/ruby at a4dfda\n" +
"Unexpected file number 22 in /root/ruby-3.4.1/build/ruby at a4e023\n" +
"Unexpected file number 15 in /root/ruby-3.4.1/build/ruby at a4e023\n" +
"Unexpected file number 15 in /root/ruby-3.4.1/build/ruby at a4e023\n" +
"Unexpected file number 40 in /root/ruby-3.4.1/build/ruby at a4e157\n" +
"Unexpected file number 46 in /root/ruby-3.4.1/build/ruby at a835bc\n" +
"Unexpected file number 27 in /root/ruby-3.4.1/build/ruby at aa99e1\n" +
"Unexpected file number 12 in /root/ruby-3.4.1/build/ruby at aa99e1\n" +
"Unexpected file number 12 in /root/ruby-3.4.1/build/ruby at aa99e1\n" +
"Unexpected file number 39 in /root/ruby-3.4.1/build/ruby at ac15db\n" +
"Unexpected file number 28 in /root/ruby-3.4.1/build/ruby at ad7397\n" +
"Unexpected file number 28 in /root/ruby-3.4.1/build/ruby at ad7397\n" +
"Unexpected file number 28 in /root/ruby-3.4.1/build/ruby at ad7397\n" +
"Unexpected file number 28 in /root/ruby-3.4.1/build/ruby at ad7397\n" +
"Unexpected file number 28 in /root/ruby-3.4.1/build/ruby at ad7397\n" +
"Unexpected file number 77 in /root/ruby-3.4.1/build/ruby at ad7397\n" +
"Unexpected file number 77 in /root/ruby-3.4.1/build/ruby at ad7397\n" +
"Unexpected file number 15 in /root/ruby-3.4.1/build/ruby at ad7397\n" +
"Unexpected file number 28 in /root/ruby-3.4.1/build/ruby at ad7397\n" +
"Unexpected file number 28 in /root/ruby-3.4.1/build/ruby at ad7397\n" +
"Unexpected file number 82 in /root/ruby-3.4.1/build/ruby at ad7397\n" +
"Unexpected file number 28 in /root/ruby-3.4.1/build/ruby at ad7397\n" +
"Unexpected file number 28 in /root/ruby-3.4.1/build/ruby at ad7397\n" +
"Unexpected file number 44 in /root/ruby-3.4.1/build/ruby at b1e938\n" +
"Unexpected file number 22 in /root/ruby-3.4.1/build/ruby at b1e938\n" +
"Unexpected file number 22 in /root/ruby-3.4.1/build/ruby at b1e938\n" +
"Unexpected file number 56 in /root/ruby-3.4.1/build/ruby at b1e938\n" +
"Unexpected file number 58 in /root/ruby-3.4.1/build/ruby at b1e938\n" +
"Unexpected file number 65 in /root/ruby-3.4.1/build/ruby at b2341f\n" +
"Unexpected file number 17 in /root/ruby-3.4.1/build/ruby at bbf24a\n" +
"Unexpected file number 35 in /root/ruby-3.4.1/build/ruby at bc444b\n" +
"Unexpected file number 19 in /root/ruby-3.4.1/build/ruby at c123cb\n" +
"Unexpected file number 9 in /root/ruby-3.4.1/build/ruby at c123cb\n" +
"Unexpected file number 9 in /root/ruby-3.4.1/build/ruby at c123cb\n" +
"Unexpected file number 28 in /root/ruby-3.4.1/build/ruby at ccbec4\n" +
"Unexpected file number 39 in /root/ruby-3.4.1/build/ruby at d3ca76\n" +
"Unexpected file number 36 in /root/ruby-3.4.1/build/ruby at d502b9\n" +
"Unexpected file number 41 in /root/ruby-3.4.1/build/ruby at d502b9\n" +
"Unexpected file number 41 in /root/ruby-3.4.1/build/ruby at d502b9\n" +
"Unexpected file number 61 in /root/ruby-3.4.1/build/ruby at d502b9\n" +
"Unexpected file number 41 in /root/ruby-3.4.1/build/ruby at d502b9\n" +
"Unexpected file number 41 in /root/ruby-3.4.1/build/ruby at d502b9\n" +
"Unexpected file number 83 in /root/ruby-3.4.1/build/ruby at d502b9\n" +
"Unexpected file number 41 in /root/ruby-3.4.1/build/ruby at d502b9\n" +
"Unexpected file number 41 in /root/ruby-3.4.1/build/ruby at d502b9\n" +
"Unexpected file number 43 in /root/ruby-3.4.1/build/ruby at d502b9\n" +
"Unexpected file number 31 in /root/ruby-3.4.1/build/ruby at d502b9\n" +
"Unexpected file number 32 in /root/ruby-3.4.1/build/ruby at d502b9\n" +
"Unexpected file number 32 in /root/ruby-3.4.1/build/ruby at d502b9\n" +
"Unexpected file number 32 in /root/ruby-3.4.1/build/ruby at d502b9\n" +
"Unexpected file number 32 in /root/ruby-3.4.1/build/ruby at d502b9\n" +
"Unexpected file number 32 in /root/ruby-3.4.1/build/ruby at d502b9\n" +
"Unexpected file number 32 in /root/ruby-3.4.1/build/ruby at d502b9\n" +
"Unexpected file number 32 in /root/ruby-3.4.1/build/ruby at d502b9\n" +
"Unexpected file number 32 in /root/ruby-3.4.1/build/ruby at d502b9\n" +
"Unexpected file number 32 in /root/ruby-3.4.1/build/ruby at d502b9\n" +
"Unexpected file number 32 in /root/ruby-3.4.1/build/ruby at d502b9\n" +
"Unexpected file number 32 in /root/ruby-3.4.1/build/ruby at d502b9\n" +
"Unexpected file number 32 in /root/ruby-3.4.1/build/ruby at d502b9\n" +
"Unexpected file number 32 in /root/ruby-3.4.1/build/ruby at d502b9\n" +
"Unexpected file number 32 in /root/ruby-3.4.1/build/ruby at d502b9\n" +
"Unexpected file number 32 in /root/ruby-3.4.1/build/ruby at d502b9\n" +
"Unexpected file number 32 in /root/ruby-3.4.1/build/ruby at d502b9\n" +
"Unexpected file number 32 in /root/ruby-3.4.1/build/ruby at d502b9\n" +
"Unexpected file number 32 in /root/ruby-3.4.1/build/ruby at d502b9\n" +
"Unexpected file number 32 in /root/ruby-3.4.1/build/ruby at d502b9\n" +
"Unexpected file number 32 in /root/ruby-3.4.1/build/ruby at d502b9\n" +
"Unexpected file number 32 in /root/ruby-3.4.1/build/ruby at d502b9\n" +
"Unexpected file number 32 in /root/ruby-3.4.1/build/ruby at d502b9\n" +
"Unexpected file number 32 in /root/ruby-3.4.1/build/ruby at d502b9\n" +
"Unexpected file number 32 in /root/ruby-3.4.1/build/ruby at d502b9\n" +
"Unexpected file number 31 in /root/ruby-3.4.1/build/ruby at d502b9\n" +
"Unexpected file number 3 in /root/ruby-3.4.1/build/ruby at a4dfda\n" +
"Unexpected file number 21 in /root/ruby-3.4.1/build/ruby at a4dfda\n" +
"Unexpected file number 21 in /root/ruby-3.4.1/build/ruby at a4dfda\n" +
"Unexpected file number 7 in /root/ruby-3.4.1/build/ruby at a4dfda\n" +
"Unexpected file number 39 in /root/ruby-3.4.1/build/ruby at a4dfda\n" +
"Unexpected file number 3 in /root/ruby-3.4.1/build/ruby at a4dfda\n" +
"Unexpected file number 21 in /root/ruby-3.4.1/build/ruby at a4dfda\n" +
"Unexpected file number 21 in /root/ruby-3.4.1/build/ruby at a4dfda\n" +
"Unexpected file number 3 in /root/ruby-3.4.1/build/ruby at a4dfda\n" +
"Unexpected file number 3 in /root/ruby-3.4.1/build/ruby at a4dfda\n" +
"Unexpected file number 3 in /root/ruby-3.4.1/build/ruby at a4dfda\n" +
"Unexpected file number 21 in /root/ruby-3.4.1/build/ruby at a4dfda\n" +
"Unexpected file number 21 in /root/ruby-3.4.1/build/ruby at a4dfda\n" +
"Unexpected file number 3 in /root/ruby-3.4.1/build/ruby at a4dfda\n" +
"Unexpected file number 3 in /root/ruby-3.4.1/build/ruby at a4dfda\n" +
"Unexpected file number 22 in /root/ruby-3.4.1/build/ruby at a4e023\n" +
"Unexpected file number 15 in /root/ruby-3.4.1/build/ruby at a4e023\n" +
"Unexpected file number 15 in /root/ruby-3.4.1/build/ruby at a4e023\n" +
"Unexpected file number 40 in /root/ruby-3.4.1/build/ruby at a4e157\n" +
"Unexpected file number 46 in /root/ruby-3.4.1/build/ruby at a835bc\n" +
"Unexpected file number 27 in /root/ruby-3.4.1/build/ruby at aa99e1\n" +
"Unexpected file number 12 in /root/ruby-3.4.1/build/ruby at aa99e1\n" +
"Unexpected file number 12 in /root/ruby-3.4.1/build/ruby at aa99e1\n" +
"Unexpected file number 39 in /root/ruby-3.4.1/build/ruby at ac15db\n" +
"Unexpected file number 28 in /root/ruby-3.4.1/build/ruby at ad7397\n" +
"Unexpected file number 28 in /root/ruby-3.4.1/build/ruby at ad7397\n" +
"Unexpected file number 28">.

  3) Failure:
TestRubyOptions#test_segv_setproctitle [/root/ruby-3.4.1/test/ruby/test_rubyoptions.rb:929]:
pid 10955 killed by signal 34
| -e:1: [BUG] Segmentation fault at 0x00000000000000000000000000000000
| ruby 3.4.1 (2025-06-14 revision 742e381c9f) +PRISM [riscv64-freebsd]
|
| -- Control frame information -----------------------------------------------
| c:0003 p:---- s:0012 e:000011 CFUNC  :kill
| c:0002 p:0015 s:0006 e:000005 EVAL   -e:1 [FINISH]
| c:0001 p:0000 s:0003 E:000190 DUMMY  [FINISH]
|
| -- Ruby level backtrace information ----------------------------------------
| -e:1:in '<main>'
| -e:1:in 'kill'
|
| -- Threading information ---------------------------------------------------
| Total ractor count: 1
| Ruby thread count for this ractor: 1
|
| -- C level backtrace information -------------------------------------------
.

1. [2/2] Assertion for "stderr"
   | <""> expected but was
   | <"-- C level backtrace information -------------------------------------------\n">.

  4) Failure:
TestRubyOptions#test_segv_test [/root/ruby-3.4.1/test/ruby/test_rubyoptions.rb:909]:
pid 10972 killed by signal 34
| -e:1: [BUG] Segmentation fault at 0x00000000000000000000000000000000
| ruby 3.4.1 (2025-06-14 revision 742e381c9f) +PRISM [riscv64-freebsd]
|
| -- Control frame information -----------------------------------------------
| c:0003 p:---- s:0012 e:000011 CFUNC  :kill
| c:0002 p:0008 s:0006 e:000005 EVAL   -e:1 [FINISH]
| c:0001 p:0000 s:0003 E:000190 DUMMY  [FINISH]
|
| -- Ruby level backtrace information ----------------------------------------
| -e:1:in '<main>'
| -e:1:in 'kill'
|
| -- Threading information ---------------------------------------------------
| Total ractor count: 1
| Ruby thread count for this ractor: 1
|
| -- C level backtrace information -------------------------------------------
.

1. [2/2] Assertion for "stderr"
   | <""> expected but was
   | <"-- C level backtrace information -------------------------------------------\n">.

  5) Failure:
TestRubyOptions#test_crash_report_executable_path [/root/ruby-3.4.1/test/ruby/test_rubyoptions.rb:96
7]:
<""> expected but was
<"-- C level backtrace information -------------------------------------------\n" +
"Unexpected file number 3 in /root/ruby-3.4.1/build/ruby at a4dfda\n" +
"Unexpected file number 21 in /root/ruby-3.4.1/build/ruby at a4dfda\n" +
"Unexpected file number 21 in /root/ruby-3.4.1/build/ruby at a4dfda\n" +
"Unexpected file number 7 in /root/ruby-3.4.1/build/ruby at a4dfda\n" +
"Unexpected file number 39 in /root/ruby-3.4.1/build/ruby at a4dfda\n" +
"Unexpected file number 3 in /root/ruby-3.4.1/build/ruby at a4dfda\n" +
"Unexpected file number 21 in /root/ruby-3.4.1/build/ruby at a4dfda\n" +
"Unexpected file number 21 in /root/ruby-3.4.1/build/ruby at a4dfda\n" +
"Unexpected file number 3 in /root/ruby-3.4.1/build/ruby at a4dfda\n" +
"Unexpected file number 3 in /root/ruby-3.4.1/build/ruby at a4dfda\n" +
"Unexpected file number 3 in /root/ruby-3.4.1/build/ruby at a4dfda\n" +
"Unexpected file number 21 in /root/ruby-3.4.1/build/ruby at a4dfda\n" +
"Unexpected file number 21 in /root/ruby-3.4.1/build/ruby at a4dfda\n" +
"Unexpected file number 3 in /root/ruby-3.4.1/build/ruby at a4dfda\n" +
"Unexpected file number 3 in /root/ruby-3.4.1/build/ruby at a4dfda\n" +
"Unexpected file number 22 in /root/ruby-3.4.1/build/ruby at a4e023\n" +
"Unexpected file number 15 in /root/ruby-3.4.1/build/ruby at a4e023\n" +
"Unexpected file number 15 in /root/ruby-3.4.1/build/ruby at a4e023\n" +
"Unexpected file number 40 in /root/ruby-3.4.1/build/ruby at a4e157\n" +
"Unexpected file number 46 in /root/ruby-3.4.1/build/ruby at a835bc\n" +
"Unexpected file number 27 in /root/ruby-3.4.1/build/ruby at aa99e1\n" +
"Unexpected file number 12 in /root/ruby-3.4.1/build/ruby at aa99e1\n" +
"Unexpected file number 12 in /root/ruby-3.4.1/build/ruby at aa99e1\n" +
"Unexpected file number 39 in /root/ruby-3.4.1/build/ruby at ac15db\n" +
"Unexpected file number 28 in /root/ruby-3.4.1/build/ruby at ad7397\n" +
"Unexpected file number 28 in /root/ruby-3.4.1/build/ruby at ad7397\n" +
"Unexpected file number 28 in /root/ruby-3.4.1/build/ruby at ad7397\n" +
"Unexpected file number 28 in /root/ruby-3.4.1/build/ruby at ad7397\n" +
"Unexpected file number 28 in /root/ruby-3.4.1/build/ruby at ad7397\n" +
"Unexpected file number 77 in /root/ruby-3.4.1/build/ruby at ad7397\n" +
"Unexpected file number 77 in /root/ruby-3.4.1/build/ruby at ad7397\n" +
"Unexpected file number 15 in /root/ruby-3.4.1/build/ruby at ad7397\n" +
"Unexpected file number 28 in /root/ruby-3.4.1/build/ruby at ad7397\n" +
"Unexpected file number 28 in /root/ruby-3.4.1/build/ruby at ad7397\n" +
"Unexpected file number 82 in /root/ruby-3.4.1/build/ruby at ad7397\n" +
"Unexpected file number 28 in /root/ruby-3.4.1/build/ruby at ad7397\n" +
"Unexpected file number 28 in /root/ruby-3.4.1/build/ruby at ad7397\n" +
"Unexpected file number 44 in /root/ruby-3.4.1/build/ruby at b1e938\n" +
"Unexpected file number 22 in /root/ruby-3.4.1/build/ruby at b1e938\n" +
"Unexpected file number 22 in /root/ruby-3.4.1/build/ruby at b1e938\n" +
"Unexpected file number 56 in /root/ruby-3.4.1/build/ruby at b1e938\n" +
"Unexpected file number 58 in /root/ruby-3.4.1/build/ruby at b1e938\n" +
"Unexpected file number 65 in /root/ruby-3.4.1/build/ruby at b2341f\n" +
"Unexpected file number 17 in /root/ruby-3.4.1/build/ruby at bbf24a\n" +
"Unexpected file number 35 in /root/ruby-3.4.1/build/ruby at bc444b\n" +
"Unexpected file number 19 in /root/ruby-3.4.1/build/ruby at c123cb\n" +
"Unexpected file number 9 in /root/ruby-3.4.1/build/ruby at c123cb\n" +
"Unexpected file number 9 in /root/ruby-3.4.1/build/ruby at c123cb\n" +
"Unexpected file number 28 in /root/ruby-3.4.1/build/ruby at ccbec4\n" +
"Unexpected file number 39 in /root/ruby-3.4.1/build/ruby at d3ca76\n" +
"Unexpected file number 36 in /root/ruby-3.4.1/build/ruby at d502b9\n" +
"Unexpected file number 41 in /root/ruby-3.4.1/build/ruby at d502b9\n" +
"Unexpected file number 41 in /root/ruby-3.4.1/build/ruby at d502b9\n" +
"Unexpected file number 61 in /root/ruby-3.4.1/build/ruby at d502b9\n" +
"Unexpected file number 41 in /root/ruby-3.4.1/build/ruby at d502b9\n" +
"Unexpected file number 41 in /root/ruby-3.4.1/build/ruby at d502b9\n" +
"Unexpected file number 83 in /root/ruby-3.4.1/build/ruby at d502b9\n" +
"Unexpected file number 41 in /root/ruby-3.4.1/build/ruby at d502b9\n" +
"Unexpected file number 41 in /root/ruby-3.4.1/build/ruby at d502b9\n" +
"Unexpected file number 43 in /root/ruby-3.4.1/build/ruby at d502b9\n" +
"Unexpected file number 31 in /root/ruby-3.4.1/build/ruby at d502b9\n" +
"Unexpected file number 32 in /root/ruby-3.4.1/build/ruby at d502b9\n" +
"Unexpected file number 32 in /root/ruby-3.4.1/build/ruby at d502b9\n" +
"Unexpected file number 32 in /root/ruby-3.4.1/build/ruby at d502b9\n" +
"Unexpected file number 32 in /root/ruby-3.4.1/build/ruby at d502b9\n" +
"Unexpected file number 32 in /root/ruby-3.4.1/build/ruby at d502b9\n" +
"Unexpected file number 32 in /root/ruby-3.4.1/build/ruby at d502b9\n" +
"Unexpected file number 32 in /root/ruby-3.4.1/build/ruby at d502b9\n" +
"Unexpected file number 32 in /root/ruby-3.4.1/build/ruby at d502b9\n" +
"Unexpected file number 32 in /root/ruby-3.4.1/build/ruby at d502b9\n" +
"Unexpected file number 32 in /root/ruby-3.4.1/build/ruby at d502b9\n" +
"Unexpected file number 32 in /root/ruby-3.4.1/build/ruby at d502b9\n" +
"Unexpected file number 32 in /root/ruby-3.4.1/build/ruby at d502b9\n" +
"Unexpected file number 32 in /root/ruby-3.4.1/build/ruby at d502b9\n" +
"Unexpected file number 32 in /root/ruby-3.4.1/build/ruby at d502b9\n" +
"Unexpected file number 32 in /root/ruby-3.4.1/build/ruby at d502b9\n" +
"Unexpected file number 32 in /root/ruby-3.4.1/build/ruby at d502b9\n" +
"Unexpected file number 32 in /root/ruby-3.4.1/build/ruby at d502b9\n" +
"Unexpected file number 32 in /root/ruby-3.4.1/build/ruby at d502b9\n" +
"Unexpected file number 32 in /root/ruby-3.4.1/build/ruby at d502b9\n" +
"Unexpected file number 32 in /root/ruby-3.4.1/build/ruby at d502b9\n" +
"Unexpected file number 32 in /root/ruby-3.4.1/build/ruby at d502b9\n" +
"Unexpected file number 32 in /root/ruby-3.4.1/build/ruby at d502b9\n" +
"Unexpected file number 32 in /root/ruby-3.4.1/build/ruby at d502b9\n" +
"Unexpected file number 32 in /root/ruby-3.4.1/build/ruby at d502b9\n" +
"Unexpected file number 31 in /root/ruby-3.4.1/build/ruby at d502b9\n" +
"Unexpected file number 3 in /root/ruby-3.4.1/build/ruby at a4dfda\n" +
"Unexpected file number 21 in /root/ruby-3.4.1/build/ruby at a4dfda\n" +
"Unexpected file number 21 in /root/ruby-3.4.1/build/ruby at a4dfda\n" +
"Unexpected file number 7 in /root/ruby-3.4.1/build/ruby at a4dfda\n" +
"Unexpected file number 39 in /root/ruby-3.4.1/build/ruby at a4dfda\n" +
"Unexpected file number 3 in /root/ruby-3.4.1/build/ruby at a4dfda\n" +
"Unexpected file number 21 in /root/ruby-3.4.1/build/ruby at a4dfda\n" +
"Unexpected file number 21 in /root/ruby-3.4.1/build/ruby at a4dfda\n" +
"Unexpected file number 3 in /root/ruby-3.4.1/build/ruby at a4dfda\n" +
"Unexpected file number 3 in /root/ruby-3.4.1/build/ruby at a4dfda\n" +
"Unexpected file number 3 in /root/ruby-3.4.1/build/ruby at a4dfda\n" +
"Unexpected file number 21 in /root/ruby-3.4.1/build/ruby at a4dfda\n" +
"Unexpected file number 21 in /root/ruby-3.4.1/build/ruby at a4dfda\n" +
"Unexpected file number 3 in /root/ruby-3.4.1/build/ruby at a4dfda\n" +
"Unexpected file number 3 in /root/ruby-3.4.1/build/ruby at a4dfda\n" +
"Unexpected file number 22 in /root/ruby-3.4.1/build/ruby at a4e023\n" +
"Unexpected file number 15 in /root/ruby-3.4.1/build/ruby at a4e023\n" +
"Unexpected file number 15 in /root/ruby-3.4.1/build/ruby at a4e023\n" +
"Unexpected file number 40 in /root/ruby-3.4.1/build/ruby at a4e157\n" +
"Unexpected file number 46 in /root/ruby-3.4.1/build/ruby at a835bc\n" +
"Unexpected file number 27 in /root/ruby-3.4.1/build/ruby at aa99e1\n" +
"Unexpected file number 12 in /root/ruby-3.4.1/build/ruby at aa99e1\n" +
"Unexpected file number 12 in /root/ruby-3.4.1/build/ruby at aa99e1\n" +
"Unexpected file number 39 in /root/ruby-3.4.1/build/ruby at ac15db\n" +
"Unexpected file number 28 in /root/ruby-3.4.1/build/ruby at ad7397\n" +
"Unexpected file number 28 in /root/ruby-3.4.1/build/ruby at ad7397\n" +
"Unexpected file number 28">.

  6) Failure:
TestRubyOptions#test_crash_report_script_path [/root/ruby-3.4.1/test/ruby/test_rubyoptions.rb:973]:
<""> expected but was
<"-- C level backtrace information -------------------------------------------\n" +
"Unexpected file number 3 in /root/ruby-3.4.1/build/ruby at a4dfda\n" +
"Unexpected file number 21 in /root/ruby-3.4.1/build/ruby at a4dfda\n" +
"Unexpected file number 21 in /root/ruby-3.4.1/build/ruby at a4dfda\n" +
"Unexpected file number 7 in /root/ruby-3.4.1/build/ruby at a4dfda\n" +
"Unexpected file number 39 in /root/ruby-3.4.1/build/ruby at a4dfda\n" +
"Unexpected file number 3 in /root/ruby-3.4.1/build/ruby at a4dfda\n" +
"Unexpected file number 21 in /root/ruby-3.4.1/build/ruby at a4dfda\n" +
"Unexpected file number 21 in /root/ruby-3.4.1/build/ruby at a4dfda\n" +
"Unexpected file number 3 in /root/ruby-3.4.1/build/ruby at a4dfda\n" +
"Unexpected file number 3 in /root/ruby-3.4.1/build/ruby at a4dfda\n" +
"Unexpected file number 3 in /root/ruby-3.4.1/build/ruby at a4dfda\n" +
"Unexpected file number 21 in /root/ruby-3.4.1/build/ruby at a4dfda\n" +
"Unexpected file number 21 in /root/ruby-3.4.1/build/ruby at a4dfda\n" +
"Unexpected file number 3 in /root/ruby-3.4.1/build/ruby at a4dfda\n" +
"Unexpected file number 3 in /root/ruby-3.4.1/build/ruby at a4dfda\n" +
"Unexpected file number 22 in /root/ruby-3.4.1/build/ruby at a4e023\n" +
"Unexpected file number 15 in /root/ruby-3.4.1/build/ruby at a4e023\n" +
"Unexpected file number 15 in /root/ruby-3.4.1/build/ruby at a4e023\n" +
"Unexpected file number 40 in /root/ruby-3.4.1/build/ruby at a4e157\n" +
"Unexpected file number 46 in /root/ruby-3.4.1/build/ruby at a835bc\n" +
"Unexpected file number 27 in /root/ruby-3.4.1/build/ruby at aa99e1\n" +
"Unexpected file number 12 in /root/ruby-3.4.1/build/ruby at aa99e1\n" +
"Unexpected file number 12 in /root/ruby-3.4.1/build/ruby at aa99e1\n" +
"Unexpected file number 39 in /root/ruby-3.4.1/build/ruby at ac15db\n" +
"Unexpected file number 28 in /root/ruby-3.4.1/build/ruby at ad7397\n" +
"Unexpected file number 28 in /root/ruby-3.4.1/build/ruby at ad7397\n" +
"Unexpected file number 28 in /root/ruby-3.4.1/build/ruby at ad7397\n" +
"Unexpected file number 28 in /root/ruby-3.4.1/build/ruby at ad7397\n" +
"Unexpected file number 28 in /root/ruby-3.4.1/build/ruby at ad7397\n" +
"Unexpected file number 77 in /root/ruby-3.4.1/build/ruby at ad7397\n" +
"Unexpected file number 77 in /root/ruby-3.4.1/build/ruby at ad7397\n" +
"Unexpected file number 15 in /root/ruby-3.4.1/build/ruby at ad7397\n" +
"Unexpected file number 28 in /root/ruby-3.4.1/build/ruby at ad7397\n" +
"Unexpected file number 28 in /root/ruby-3.4.1/build/ruby at ad7397\n" +
"Unexpected file number 82 in /root/ruby-3.4.1/build/ruby at ad7397\n" +
"Unexpected file number 28 in /root/ruby-3.4.1/build/ruby at ad7397\n" +
"Unexpected file number 28 in /root/ruby-3.4.1/build/ruby at ad7397\n" +
"Unexpected file number 44 in /root/ruby-3.4.1/build/ruby at b1e938\n" +
"Unexpected file number 22 in /root/ruby-3.4.1/build/ruby at b1e938\n" +
"Unexpected file number 22 in /root/ruby-3.4.1/build/ruby at b1e938\n" +
"Unexpected file number 56 in /root/ruby-3.4.1/build/ruby at b1e938\n" +
"Unexpected file number 58 in /root/ruby-3.4.1/build/ruby at b1e938\n" +
"Unexpected file number 65 in /root/ruby-3.4.1/build/ruby at b2341f\n" +
"Unexpected file number 17 in /root/ruby-3.4.1/build/ruby at bbf24a\n" +
"Unexpected file number 35 in /root/ruby-3.4.1/build/ruby at bc444b\n" +
"Unexpected file number 19 in /root/ruby-3.4.1/build/ruby at c123cb\n" +
"Unexpected file number 9 in /root/ruby-3.4.1/build/ruby at c123cb\n" +
"Unexpected file number 9 in /root/ruby-3.4.1/build/ruby at c123cb\n" +
"Unexpected file number 28 in /root/ruby-3.4.1/build/ruby at ccbec4\n" +
"Unexpected file number 39 in /root/ruby-3.4.1/build/ruby at d3ca76\n" +
"Unexpected file number 36 in /root/ruby-3.4.1/build/ruby at d502b9\n" +
"Unexpected file number 41 in /root/ruby-3.4.1/build/ruby at d502b9\n" +
"Unexpected file number 41 in /root/ruby-3.4.1/build/ruby at d502b9\n" +
"Unexpected file number 61 in /root/ruby-3.4.1/build/ruby at d502b9\n" +
"Unexpected file number 41 in /root/ruby-3.4.1/build/ruby at d502b9\n" +
"Unexpected file number 41 in /root/ruby-3.4.1/build/ruby at d502b9\n" +
"Unexpected file number 83 in /root/ruby-3.4.1/build/ruby at d502b9\n" +
"Unexpected file number 41 in /root/ruby-3.4.1/build/ruby at d502b9\n" +
"Unexpected file number 41 in /root/ruby-3.4.1/build/ruby at d502b9\n" +
"Unexpected file number 43 in /root/ruby-3.4.1/build/ruby at d502b9\n" +
"Unexpected file number 31 in /root/ruby-3.4.1/build/ruby at d502b9\n" +
"Unexpected file number 32 in /root/ruby-3.4.1/build/ruby at d502b9\n" +
"Unexpected file number 32 in /root/ruby-3.4.1/build/ruby at d502b9\n" +
"Unexpected file number 32 in /root/ruby-3.4.1/build/ruby at d502b9\n" +
"Unexpected file number 32 in /root/ruby-3.4.1/build/ruby at d502b9\n" +
"Unexpected file number 32 in /root/ruby-3.4.1/build/ruby at d502b9\n" +
"Unexpected file number 32 in /root/ruby-3.4.1/build/ruby at d502b9\n" +
"Unexpected file number 32 in /root/ruby-3.4.1/build/ruby at d502b9\n" +
"Unexpected file number 32 in /root/ruby-3.4.1/build/ruby at d502b9\n" +
"Unexpected file number 32 in /root/ruby-3.4.1/build/ruby at d502b9\n" +
"Unexpected file number 32 in /root/ruby-3.4.1/build/ruby at d502b9\n" +
"Unexpected file number 32 in /root/ruby-3.4.1/build/ruby at d502b9\n" +
"Unexpected file number 32 in /root/ruby-3.4.1/build/ruby at d502b9\n" +
"Unexpected file number 32 in /root/ruby-3.4.1/build/ruby at d502b9\n" +
"Unexpected file number 32 in /root/ruby-3.4.1/build/ruby at d502b9\n" +
"Unexpected file number 32 in /root/ruby-3.4.1/build/ruby at d502b9\n" +
"Unexpected file number 32 in /root/ruby-3.4.1/build/ruby at d502b9\n" +
"Unexpected file number 32 in /root/ruby-3.4.1/build/ruby at d502b9\n" +
"Unexpected file number 32 in /root/ruby-3.4.1/build/ruby at d502b9\n" +
"Unexpected file number 32 in /root/ruby-3.4.1/build/ruby at d502b9\n" +
"Unexpected file number 32 in /root/ruby-3.4.1/build/ruby at d502b9\n" +
"Unexpected file number 32 in /root/ruby-3.4.1/build/ruby at d502b9\n" +
"Unexpected file number 32 in /root/ruby-3.4.1/build/ruby at d502b9\n" +
"Unexpected file number 32 in /root/ruby-3.4.1/build/ruby at d502b9\n" +
"Unexpected file number 32 in /root/ruby-3.4.1/build/ruby at d502b9\n" +
"Unexpected file number 31 in /root/ruby-3.4.1/build/ruby at d502b9\n" +
"Unexpected file number 3 in /root/ruby-3.4.1/build/ruby at a4dfda\n" +
"Unexpected file number 21 in /root/ruby-3.4.1/build/ruby at a4dfda\n" +
"Unexpected file number 21 in /root/ruby-3.4.1/build/ruby at a4dfda\n" +
"Unexpected file number 7 in /root/ruby-3.4.1/build/ruby at a4dfda\n" +
"Unexpected file number 39 in /root/ruby-3.4.1/build/ruby at a4dfda\n" +
"Unexpected file number 3 in /root/ruby-3.4.1/build/ruby at a4dfda\n" +
"Unexpected file number 21 in /root/ruby-3.4.1/build/ruby at a4dfda\n" +
"Unexpected file number 21 in /root/ruby-3.4.1/build/ruby at a4dfda\n" +
"Unexpected file number 3 in /root/ruby-3.4.1/build/ruby at a4dfda\n" +
"Unexpected file number 3 in /root/ruby-3.4.1/build/ruby at a4dfda\n" +
"Unexpected file number 3 in /root/ruby-3.4.1/build/ruby at a4dfda\n" +
"Unexpected file number 21 in /root/ruby-3.4.1/build/ruby at a4dfda\n" +
"Unexpected file number 21 in /root/ruby-3.4.1/build/ruby at a4dfda\n" +
"Unexpected file number 3 in /root/ruby-3.4.1/build/ruby at a4dfda\n" +
"Unexpected file number 3 in /root/ruby-3.4.1/build/ruby at a4dfda\n" +
"Unexpected file number 22 in /root/ruby-3.4.1/build/ruby at a4e023\n" +
"Unexpected file number 15 in /root/ruby-3.4.1/build/ruby at a4e023\n" +
"Unexpected file number 15 in /root/ruby-3.4.1/build/ruby at a4e023\n" +
"Unexpected file number 40 in /root/ruby-3.4.1/build/ruby at a4e157\n" +
"Unexpected file number 46 in /root/ruby-3.4.1/build/ruby at a835bc\n" +
"Unexpected file number 27 in /root/ruby-3.4.1/build/ruby at aa99e1\n" +
"Unexpected file number 12 in /root/ruby-3.4.1/build/ruby at aa99e1\n" +
"Unexpected file number 12 in /root/ruby-3.4.1/build/ruby at aa99e1\n" +
"Unexpected file number 39 in /root/ruby-3.4.1/build/ruby at ac15db\n" +
"Unexpected file number 28 in /root/ruby-3.4.1/build/ruby at ad7397\n" +
"Unexpected file number 28 in /root/ruby-3.4.1/build/ruby">.

  7) Failure:
TestRubyOptions#test_crash_report_script [/root/ruby-3.4.1/test/ruby/test_rubyoptions.rb:961]:
<""> expected but was
<"-- C level backtrace information -------------------------------------------\n" +
"Unexpected file number 3 in /root/ruby-3.4.1/build/ruby at a4dfda\n" +
"Unexpected file number 21 in /root/ruby-3.4.1/build/ruby at a4dfda\n" +
"Unexpected file number 21 in /root/ruby-3.4.1/build/ruby at a4dfda\n" +
"Unexpected file number 7 in /root/ruby-3.4.1/build/ruby at a4dfda\n" +
"Unexpected file number 39 in /root/ruby-3.4.1/build/ruby at a4dfda\n" +
"Unexpected file number 3 in /root/ruby-3.4.1/build/ruby at a4dfda\n" +
"Unexpected file number 21 in /root/ruby-3.4.1/build/ruby at a4dfda\n" +
"Unexpected file number 21 in /root/ruby-3.4.1/build/ruby at a4dfda\n" +
"Unexpected file number 3 in /root/ruby-3.4.1/build/ruby at a4dfda\n" +
"Unexpected file number 3 in /root/ruby-3.4.1/build/ruby at a4dfda\n" +
"Unexpected file number 3 in /root/ruby-3.4.1/build/ruby at a4dfda\n" +
"Unexpected file number 21 in /root/ruby-3.4.1/build/ruby at a4dfda\n" +
"Unexpected file number 21 in /root/ruby-3.4.1/build/ruby at a4dfda\n" +
"Unexpected file number 3 in /root/ruby-3.4.1/build/ruby at a4dfda\n" +
"Unexpected file number 3 in /root/ruby-3.4.1/build/ruby at a4dfda\n" +
"Unexpected file number 22 in /root/ruby-3.4.1/build/ruby at a4e023\n" +
"Unexpected file number 15 in /root/ruby-3.4.1/build/ruby at a4e023\n" +
"Unexpected file number 15 in /root/ruby-3.4.1/build/ruby at a4e023\n" +
"Unexpected file number 40 in /root/ruby-3.4.1/build/ruby at a4e157\n" +
"Unexpected file number 46 in /root/ruby-3.4.1/build/ruby at a835bc\n" +
"Unexpected file number 27 in /root/ruby-3.4.1/build/ruby at aa99e1\n" +
"Unexpected file number 12 in /root/ruby-3.4.1/build/ruby at aa99e1\n" +
"Unexpected file number 12 in /root/ruby-3.4.1/build/ruby at aa99e1\n" +
"Unexpected file number 39 in /root/ruby-3.4.1/build/ruby at ac15db\n" +
"Unexpected file number 28 in /root/ruby-3.4.1/build/ruby at ad7397\n" +
"Unexpected file number 28 in /root/ruby-3.4.1/build/ruby at ad7397\n" +
"Unexpected file number 28 in /root/ruby-3.4.1/build/ruby at ad7397\n" +
"Unexpected file number 28 in /root/ruby-3.4.1/build/ruby at ad7397\n" +
"Unexpected file number 28 in /root/ruby-3.4.1/build/ruby at ad7397\n" +
"Unexpected file number 77 in /root/ruby-3.4.1/build/ruby at ad7397\n" +
"Unexpected file number 77 in /root/ruby-3.4.1/build/ruby at ad7397\n" +
"Unexpected file number 15 in /root/ruby-3.4.1/build/ruby at ad7397\n" +
"Unexpected file number 28 in /root/ruby-3.4.1/build/ruby at ad7397\n" +
"Unexpected file number 28 in /root/ruby-3.4.1/build/ruby at ad7397\n" +
"Unexpected file number 82 in /root/ruby-3.4.1/build/ruby at ad7397\n" +
"Unexpected file number 28 in /root/ruby-3.4.1/build/ruby at ad7397\n" +
"Unexpected file number 28 in /root/ruby-3.4.1/build/ruby at ad7397\n" +
"Unexpected file number 44 in /root/ruby-3.4.1/build/ruby at b1e938\n" +
"Unexpected file number 22 in /root/ruby-3.4.1/build/ruby at b1e938\n" +
"Unexpected file number 22 in /root/ruby-3.4.1/build/ruby at b1e938\n" +
"Unexpected file number 56 in /root/ruby-3.4.1/build/ruby at b1e938\n" +
"Unexpected file number 58 in /root/ruby-3.4.1/build/ruby at b1e938\n" +
"Unexpected file number 65 in /root/ruby-3.4.1/build/ruby at b2341f\n" +
"Unexpected file number 17 in /root/ruby-3.4.1/build/ruby at bbf24a\n" +
"Unexpected file number 35 in /root/ruby-3.4.1/build/ruby at bc444b\n" +
"Unexpected file number 19 in /root/ruby-3.4.1/build/ruby at c123cb\n" +
"Unexpected file number 9 in /root/ruby-3.4.1/build/ruby at c123cb\n" +
"Unexpected file number 9 in /root/ruby-3.4.1/build/ruby at c123cb\n" +
"Unexpected file number 28 in /root/ruby-3.4.1/build/ruby at ccbec4\n" +
"Unexpected file number 39 in /root/ruby-3.4.1/build/ruby at d3ca76\n" +
"Unexpected file number 36 in /root/ruby-3.4.1/build/ruby at d502b9\n" +
"Unexpected file number 41 in /root/ruby-3.4.1/build/ruby at d502b9\n" +
"Unexpected file number 41 in /root/ruby-3.4.1/build/ruby at d502b9\n" +
"Unexpected file number 61 in /root/ruby-3.4.1/build/ruby at d502b9\n" +
"Unexpected file number 41 in /root/ruby-3.4.1/build/ruby at d502b9\n" +
"Unexpected file number 41 in /root/ruby-3.4.1/build/ruby at d502b9\n" +
"Unexpected file number 83 in /root/ruby-3.4.1/build/ruby at d502b9\n" +
"Unexpected file number 41 in /root/ruby-3.4.1/build/ruby at d502b9\n" +
"Unexpected file number 41 in /root/ruby-3.4.1/build/ruby at d502b9\n" +
"Unexpected file number 43 in /root/ruby-3.4.1/build/ruby at d502b9\n" +
"Unexpected file number 31 in /root/ruby-3.4.1/build/ruby at d502b9\n" +
"Unexpected file number 32 in /root/ruby-3.4.1/build/ruby at d502b9\n" +
"Unexpected file number 32 in /root/ruby-3.4.1/build/ruby at d502b9\n" +
"Unexpected file number 32 in /root/ruby-3.4.1/build/ruby at d502b9\n" +
"Unexpected file number 32 in /root/ruby-3.4.1/build/ruby at d502b9\n" +
"Unexpected file number 32 in /root/ruby-3.4.1/build/ruby at d502b9\n" +
"Unexpected file number 32 in /root/ruby-3.4.1/build/ruby at d502b9\n" +
"Unexpected file number 32 in /root/ruby-3.4.1/build/ruby at d502b9\n" +
"Unexpected file number 32 in /root/ruby-3.4.1/build/ruby at d502b9\n" +
"Unexpected file number 32 in /root/ruby-3.4.1/build/ruby at d502b9\n" +
"Unexpected file number 32 in /root/ruby-3.4.1/build/ruby at d502b9\n" +
"Unexpected file number 32 in /root/ruby-3.4.1/build/ruby at d502b9\n" +
"Unexpected file number 32 in /root/ruby-3.4.1/build/ruby at d502b9\n" +
"Unexpected file number 32 in /root/ruby-3.4.1/build/ruby at d502b9\n" +
"Unexpected file number 32 in /root/ruby-3.4.1/build/ruby at d502b9\n" +
"Unexpected file number 32 in /root/ruby-3.4.1/build/ruby at d502b9\n" +
"Unexpected file number 32 in /root/ruby-3.4.1/build/ruby at d502b9\n" +
"Unexpected file number 32 in /root/ruby-3.4.1/build/ruby at d502b9\n" +
"Unexpected file number 32 in /root/ruby-3.4.1/build/ruby at d502b9\n" +
"Unexpected file number 32 in /root/ruby-3.4.1/build/ruby at d502b9\n" +
"Unexpected file number 32 in /root/ruby-3.4.1/build/ruby at d502b9\n" +
"Unexpected file number 32 in /root/ruby-3.4.1/build/ruby at d502b9\n" +
"Unexpected file number 32 in /root/ruby-3.4.1/build/ruby at d502b9\n" +
"Unexpected file number 32 in /root/ruby-3.4.1/build/ruby at d502b9\n" +
"Unexpected file number 32 in /root/ruby-3.4.1/build/ruby at d502b9\n" +
"Unexpected file number 31 in /root/ruby-3.4.1/build/ruby at d502b9\n" +
"Unexpected file number 3 in /root/ruby-3.4.1/build/ruby at a4dfda\n" +
"Unexpected file number 21 in /root/ruby-3.4.1/build/ruby at a4dfda\n" +
"Unexpected file number 21 in /root/ruby-3.4.1/build/ruby at a4dfda\n" +
"Unexpected file number 7 in /root/ruby-3.4.1/build/ruby at a4dfda\n" +
"Unexpected file number 39 in /root/ruby-3.4.1/build/ruby at a4dfda\n" +
"Unexpected file number 3 in /root/ruby-3.4.1/build/ruby at a4dfda\n" +
"Unexpected file number 21 in /root/ruby-3.4.1/build/ruby at a4dfda\n" +
"Unexpected file number 21 in /root/ruby-3.4.1/build/ruby at a4dfda\n" +
"Unexpected file number 3 in /root/ruby-3.4.1/build/ruby at a4dfda\n" +
"Unexpected file number 3 in /root/ruby-3.4.1/build/ruby at a4dfda\n" +
"Unexpected file number 3 in /root/ruby-3.4.1/build/ruby at a4dfda\n" +
"Unexpected file number 21 in /root/ruby-3.4.1/build/ruby at a4dfda\n" +
"Unexpected file number 21 in /root/ruby-3.4.1/build/ruby at a4dfda\n" +
"Unexpected file number 3 in /root/ruby-3.4.1/build/ruby at a4dfda\n" +
"Unexpected file number 3 in /root/ruby-3.4.1/build/ruby at a4dfda\n" +
"Unexpected file number 22 in /root/ruby-3.4.1/build/ruby at a4e023\n" +
"Unexpected file number 15 in /root/ruby-3.4.1/build/ruby at a4e023\n" +
"Unexpected file number 15 in /root/ruby-3.4.1/build/ruby at a4e023\n" +
"Unexpected file number 40 in /root/ruby-3.4.1/build/ruby at a4e157\n" +
"Unexpected file number 46 in /root/ruby-3.4.1/build/ruby at a835bc\n" +
"Unexpected file number 27 in /root/ruby-3.4.1/build/ruby at aa99e1\n" +
"Unexpected file number 12 in /root/ruby-3.4.1/build/ruby at aa99e1\n" +
"Unexpected file number 12 in /root/ruby-3.4.1/build/ruby at aa99e1\n" +
"Unexpected file number 39 in /root/ruby-3.4.1/build/ruby at ac15db\n" +
"Unexpected file number 28 in /root/ruby-3.4.1/build/ruby at ad7397\n" +
"Unexpected file number 28 in /root/ruby-3.4.1/build/ruby at ad7397\n" +
"Unexpecte">.

Finished tests in 1188.922020s, 0.0572 tests/s, 1.2011 assertions/s.
68 tests, 1428 assertions, 7 failures, 0 errors, 3 skips

ruby -v: ruby 3.4.1 (2025-06-14 revision 742e381c9f) +PRISM [riscv64-freebsd]
end time: 2025-06-22T02:09:31
----------------------------------------
Running test: ../test/ruby/test_default_gems.rb
start time: 2025-06-22T02:09:31
Run options:
  "--ruby=./miniruby -I../lib -I. -I.ext/common  ../tool/runruby.rb --extout=.ext  -- --disable-gems
"
  --excludes-dir=../test/.excludes
  --name=!/memory_leak/
  -s
  3216
  --timeout-scale
  10
  --worker-timeout=100
  -v

# Running tests:

[1/1] TestDefaultGems#test_validate_gemspec = 16.61 s
Finished tests in 17.967828s, 0.0557 tests/s, 3.5619 assertions/s.
1 tests, 64 assertions, 0 failures, 0 errors, 0 skips

ruby -v: ruby 3.4.1 (2025-06-14 revision 742e381c9f) +PRISM [riscv64-freebsd]
end time: 2025-06-22T02:10:12
----------------------------------------
Running test: ../test/ruby/lbtest.rb
start time: 2025-06-22T02:10:13
7: done
2: done
3: done
6: done
0: done
1: done
5: done
4: done
8: done
9: cont
exit.
2: cont
3: cont
6: cont
0: cont
1: cont
5: cont
4: cont
8: cont
7: cont
Run options:
  "--ruby=./miniruby -I../lib -I. -I.ext/common  ../tool/runruby.rb --extout=.ext  -- --disable-gems
"
  --excludes-dir=../test/.excludes
  --name=!/memory_leak/
  -s
  3216
  --timeout-scale
  10
  --worker-timeout=100
  -v

# Running tests:

Finished tests in 1.812181s, 0.0000 tests/s, 0.0000 assertions/s.
0 tests, 0 assertions, 0 failures, 0 errors, 0 skips

ruby -v: ruby 3.4.1 (2025-06-14 revision 742e381c9f) +PRISM [riscv64-freebsd]
end time: 2025-06-22T02:10:33
----------------------------------------
Running test: ../test/ruby/test_rational2.rb
start time: 2025-06-22T02:10:33
Run options:
  "--ruby=./miniruby -I../lib -I. -I.ext/common  ../tool/runruby.rb --extout=.ext  -- --disable-gems
"
  --excludes-dir=../test/.excludes
  --name=!/memory_leak/
  -s
  3216
  --timeout-scale
  10
  --worker-timeout=100
  -v

# Running tests:

[1/1] Rational_Test2#test_kumi = 0.87 s
Finished tests in 2.096888s, 0.4769 tests/s, 335.7356 assertions/s.
1 tests, 704 assertions, 0 failures, 0 errors, 0 skips

ruby -v: ruby 3.4.1 (2025-06-14 revision 742e381c9f) +PRISM [riscv64-freebsd]
end time: 2025-06-22T02:10:56
----------------------------------------
Running test: ../test/ruby/test_io.rb
start time: 2025-06-22T02:10:56
Run options:
  "--ruby=./miniruby -I../lib -I. -I.ext/common  ../tool/runruby.rb --extout=.ext  -- --disable-gems
"
  --excludes-dir=../test/.excludes
  --name=!/memory_leak/
  -s
  3216
  --timeout-scale
  10
  --worker-timeout=100
  -v

# Running tests:

[  1/246] TestIO#test_uninitialized = 0.04 s
[  2/246] TestIO#test_race_closed_stream = 0.04 s
[  3/246] TestIO#test_write_nonblock_simple_no_exceptions = 0.06 s
[  4/246] TestIO#test_copy_stream_to_duplex_io = 9.68 s
[  5/246] TestIO#test_open_fifo_does_not_block_other_threads = 11.53 s
[  6/246] TestIO#test_frozen_autoclose = 0.02 s
[  7/246] TestIO#test_readbyte = 0.08 s
[  8/246] TestIO#test_autoclose_false_closed_by_finalizer = 27.65 s
[  9/246] TestIO#test_binmode_pipe = 0.05 s
[ 10/246] TestIO#test_copy_stream_socket1 = 0.04 s
[ 11/246] TestIO#test_sysread_with_not_empty_buffer = 0.05 s
[ 12/246] TestIO#test_race_between_read = 0.44 s
[ 13/246] TestIO#test_recycled_fd_close = 86.86 s
[ 14/246] TestIO#test_close_read_non_readable = 0.01 s
[ 15/246] TestIO#test_copy_stream_socket3 = 0.09 s
[ 16/246] TestIO#test_each_char = 0.64 s
[ 17/246] TestIO#test_readlines_limit_0 = 0.03 s
[ 18/246] TestIO#test_copy_stream_strio_rbuf = 0.03 s
[ 19/246] TestIO#test_copy_stream_io_to_rot13 = 0.04 s
[ 20/246] TestIO#test_seek_symwhence = 0.04 s
[ 21/246] TestIO#test_autoclose = 0.03 s
[ 22/246] TestIO#test_gets_rs_nil = 0.03 s
[ 23/246] TestIO#test_putc = 2.39 s
[ 24/246] TestIO#test_copy_stream_socket5 = 0.47 s
[ 25/246] TestIO#test_copy_stream_megacontent_pipe_to_file = 4.37 s
[ 26/246] TestIO#test_copy_stream_fname_to_strio = 0.03 s
[ 27/246] TestIO#test_gets_chomp_default_rs = 0.13 s
[ 28/246] TestIO#test_copy_stream_append_to_nonempty = 0.04 s
[ 29/246] TestIO#test_gets_rs = 0.03 s
[ 30/246] TestIO#test_copy_stream_socket7 = 20.56 s
[ 31/246] TestIO#test_s_write = 0.17 s
[ 32/246] TestIO#test_dup_many = 12.91 s
[ 33/246] TestIO#test_copy_stream_small = 0.04 s
[ 34/246] TestIO#test_readline_limit_without_separator = 0.04 s
[ 35/246] TestIO#test_sysseek = 0.04 s
[ 36/246] TestIO#test_copy_stream_read_in_binmode = 0.08 s
[ 37/246] TestIO#test_ungetbyte = 0.05 s
[ 38/246] TestIO#test_read_with_not_empty_buffer = 0.04 s
[ 39/246] TestIO#test_read_unlocktmp_ensure = 0.26 s
[ 40/246] TestIO#test_copy_stream_strio_to_fname = 0.03 s
[ 41/246] TestIO#test_read_zero_size = 0.01 s
[ 42/246] TestIO#test_flush_in_finalizer1 = 1.42 s
[ 43/246] TestIO#test_readpartial_buffer_error = 0.03 s
[ 44/246] TestIO#test_readlines = 2.34 s
[ 45/246] TestIO#test_ungetc_with_seek = 0.04 s
[ 46/246] TestIO#test_copy_stream_rbuf = 0.07 s
[ 47/246] TestIO#test_copy_stream_dst_rbuf = 0.07 s
[ 48/246] TestIO#test_close_write_non_readable = 0.01 s
[ 49/246] TestIO#test_set_lineno = 11.45 s
[ 50/246] TestIO#test_open_flag = 0.05 s
[ 51/246] TestIO#test_s_binwrite = 0.08 s
[ 52/246] TestIO#test_copy_stream_broken_src_read_eof = 0.03 s
[ 53/246] TestIO#test_read_command = 10.00 s
[ 54/246] TestIO#test_printf = 0.06 s
[ 55/246] TestIO#test_copy_stream_megacontent_nonblock = 4.15 s
[ 56/246] TestIO#test_binmode_after_closed = 0.03 s
[ 57/246] TestIO#test_sysread_locktmp = 0.05 s
[ 58/246] TestIO#test_puts_recursive_ary = 0.01 s
[ 59/246] TestIO#test_write_nonblock = 0.03 s
[ 60/246] TestIO#test_read_nonblock_with_buffer_no_exceptions = 0.02 s
[ 61/246] TestIO#test_single_exception_on_close = 0.15 s
[ 62/246] TestIO#test_each_byte2 = 0.06 s
[ 63/246] TestIO#test_pread = 0.03 s
[ 64/246] TestIO#test_s_binread_does_not_leak_with_invalid_offset = 0.01 s
[ 65/246] TestIO#test_close_write = 9.69 s
[ 66/246] TestIO#test_pipe_block = 0.23 s
[ 67/246] TestIO#test_copy_stream_strio_flush = 0.04 s
[ 68/246] TestIO#test_readpartial_lock = 0.03 s
[ 69/246] TestIO#test_ungetc = 0.03 s
[ 70/246] TestIO#test_puts_old_write = 0.02 s
[ 71/246] TestIO#test_reopen_encoding_from_io = 0.03 s
[ 72/246] TestIO#test_write_non_writable = 0.01 s
[ 73/246] TestIO#test_invalid_advise = 0.29 s
[ 74/246] TestIO#test_open_redirect_keyword = 0.04 s
[ 75/246] TestIO#test_race_gets_and_close = 15.29 s
[ 76/246] TestIO#test_fcntl_lock_freebsd/root/ruby-3.4.1/test/ruby/test_io.rb:3334:in 'IO#fcntl': Ba
d address @ finish_narg - /tmp/rubytest.3w64rz/TestIO20250622-11299-2ckkl (Errno::EFAULT)
        from /root/ruby-3.4.1/test/ruby/test_io.rb:3334:in 'block (2 levels) in TestIO#test_fcntl_lo
ck_freebsd'
        from /root/ruby-3.4.1/test/ruby/test_io.rb:3331:in 'Kernel#fork'
        from /root/ruby-3.4.1/test/ruby/test_io.rb:3331:in 'block in TestIO#test_fcntl_lock_freebsd'
        from /root/ruby-3.4.1/lib/tempfile.rb:576:in 'Tempfile.create_with_filename'
        from /root/ruby-3.4.1/lib/tempfile.rb:562:in 'Tempfile.create'
        from /root/ruby-3.4.1/test/ruby/test_io.rb:3329:in 'TestIO#test_fcntl_lock_freebsd'
        from /root/ruby-3.4.1/tool/lib/test/unit/testcase.rb:202:in 'Test::Unit::TestCase#run_test'
        from /root/ruby-3.4.1/tool/lib/test/unit/testcase.rb:170:in 'Test::Unit::TestCase#run'
        from /root/ruby-3.4.1/tool/lib/test/unit.rb:1671:in 'block in Test::Unit::Runner#_run_suite'
        from /root/ruby-3.4.1/tool/lib/test/unit.rb:1658:in 'Array#map'
        from /root/ruby-3.4.1/tool/lib/test/unit.rb:1658:in 'Test::Unit::Runner#_run_suite'
        from /root/ruby-3.4.1/tool/lib/test/unit.rb:1362:in 'Test::Unit::ExcludesOption#_run_suite'
        from /root/ruby-3.4.1/tool/lib/test/unit.rb:823:in 'block in Test::Unit::Parallel#_run_suite
s'
        from /root/ruby-3.4.1/tool/lib/test/unit.rb:821:in 'Array#each'
        from /root/ruby-3.4.1/tool/lib/test/unit.rb:821:in 'Test::Unit::Parallel#_run_suites'
        from /root/ruby-3.4.1/tool/lib/test/unit.rb:858:in 'Test::Unit::Skipping#_run_suites'
        from /root/ruby-3.4.1/tool/lib/test/unit.rb:1604:in 'Test::Unit::Runner#_run_anything'
        from /root/ruby-3.4.1/tool/lib/test/unit.rb:1299:in 'Test::Unit::RepeatOption#_run_anything'
        from /root/ruby-3.4.1/tool/lib/test/unit.rb:1769:in 'Test::Unit::Runner#run_tests'
        from /root/ruby-3.4.1/tool/lib/test/unit.rb:1756:in 'block in Test::Unit::Runner#_run'
        from /root/ruby-3.4.1/tool/lib/test/unit.rb:1755:in 'Array#each'
        from /root/ruby-3.4.1/tool/lib/test/unit.rb:1755:in 'Test::Unit::Runner#_run'
        from /root/ruby-3.4.1/tool/lib/test/unit.rb:1799:in 'Test::Unit::Runner#run'
        from /root/ruby-3.4.1/tool/lib/test/unit.rb:1046:in 'Test::Unit::StatusLine#run'
        from /root/ruby-3.4.1/tool/lib/test/unit.rb:891:in 'Test::Unit::Statistics#run'
        from /root/ruby-3.4.1/tool/lib/test/unit.rb:145:in 'Test::Unit::RunCount#run'
        from /root/ruby-3.4.1/tool/lib/test/unit.rb:1283:in 'Test::Unit::RequireFiles#run'
        from /root/ruby-3.4.1/tool/lib/test/unit.rb:1882:in 'Test::Unit::AutoRunner#run'
        from /root/ruby-3.4.1/tool/lib/test/unit.rb:1886:in 'Test::Unit::AutoRunner.run'
        from /root/ruby-3.4.1/tool/test/runner.rb:14:in '<top (required)>'
        from ../test/runner.rb:5:in 'Kernel#require_relative'
        from ../test/runner.rb:5:in '<main>'
 = 1.18 s
[ 77/246] TestIO#test_sysopen = 0.04 s
[ 78/246] TestIO#test_copy_stream_io_to_strio = 0.03 s
[ 79/246] TestIO#test_sysread_unlocktmp_ensure = 0.27 s
[ 80/246] TestIO#test_dup_timeout = 0.01 s
[ 81/246] TestIO#test_copy_stream_bigcontent = 0.17 s
[ 82/246] TestIO#test_readpartial_pos = 0.03 s
[ 83/246] TestIO#test_copy_stream_rot13_to_io = 0.04 s
[ 84/246] TestIO#test_close_uninitialized = 0.01 s
[ 85/246] TestIO#test_copy_stream_write_pipe = 0.03 s
[ 86/246] TestIO#test_readline_separators = 0.06 s
[ 87/246] TestIO#test_copy_stream_bigcontent_fpos = 0.22 s
[ 88/246] TestIO#test_copy_stream_bigcontent_mid = 0.08 s
[ 89/246] TestIO#test_readchar = 0.16 s
[ 90/246] TestIO#test_rubydev33072 = 0.07 s
[ 91/246] TestIO#test_foreach_limit_invalid = 0.03 s
[ 92/246] TestIO#test_readpartial_zero_size = 0.01 s
[ 93/246] TestIO#test_readline_incompatible_rs = 0.06 s
[ 94/246] TestIO#test_readline2 = 2.36 s
[ 95/246] TestIO#test_dup = 9.67 s
[ 96/246] TestIO#test_each_codepoint = 0.05 s
[ 97/246] TestIO#test_each_byte = 0.09 s
[ 98/246] TestIO#test_reopen_inherit = 29.04 s
[ 99/246] TestIO#test_flag = 0.04 s
[100/246] TestIO#test_copy_stream_rot13_to_rot13 = 0.05 s
[101/246] TestIO#test_read = 0.05 s
[102/246] TestIO#test_write_with_many_arguments = 0.18 s
[103/246] TestIO#test_write_nonblock_no_exceptions = 0.03 s
[104/246] TestIO#test_inspect = 0.01 s
[105/246] TestIO#test_copy_stream_strio_to_io = 0.03 s
[106/246] TestIO#test_close_on_exec = 9.66 s
[107/246] TestIO#test_cloexec = 0.03 s
[108/246] TestIO#test_open_redirect = 0.02 s
[109/246] TestIO#test_puts_parallel = 0.03 s
[110/246] TestIO#test_nofollow = 0.05 s
[111/246] TestIO#test_new_with_block = 2.39 s
[112/246] TestIO#test_warn = 0.03 s
[113/246] TestIO#test_pwrite = 0.03 s
[114/246] TestIO#test_foreach = 20.44 s
[115/246] TestIO#test_setpos = 0.05 s
[116/246] TestIO#test_advise = 0.53 s
[117/246] TestIO#test_sysread_with_negative_length = 0.03 s
[118/246] TestIO#test_reopen_mode = 0.03 s
[119/246] TestIO#test_set_stdout = 13.87 s
[120/246] TestIO#test_readlines_limit_invalid = 0.04 s
[121/246] TestIO#test_copy_stream_pipe_to_file = 0.07 s
[122/246] TestIO#test_readline_limit_nonascii = 0.05 s
[123/246] TestIO#test_readpartial_locktmp = 0.04 s
[124/246] TestIO#test_copy_stream_src_wbuf = 0.06 s
[125/246] TestIO#test_read_nonblock_invalid_exception = 0.02 s
[126/246] TestIO#test_readpartial_unlocktmp_ensure = 0.24 s
[127/246] TestIO#test_autoclose_true_closed_by_finalizer = 28.74 s
[128/246] TestIO#test_write_with_multiple_arguments = 0.04 s
[129/246] TestIO#test_copy_stream_strio_len = 0.01 s
[130/246] TestIO#test_copy_stream_append = 0.04 s
[131/246] TestIO#test_each_byte_closed = 0.05 s
[132/246] TestIO#test_foreach_rs_conversion = 0.03 s
[133/246] TestIO#test_readline_chomp_true = 0.36 s
[134/246] TestIO#"test_reopen_nonascii(Shift_JIS)" = 0.07 s
[135/246] TestIO#test_stdout_to_closed_pipe = 12.88 s
[136/246] TestIO#test_write_nonblock_error = 0.04 s
[137/246] TestIO#test_print = 2.38 s
[138/246] TestIO#test_gets_limit_extra_arg = 0.23 s
[139/246] TestIO#test_reopen_stdio = 9.69 s
[140/246] TestIO#test_copy_stream_strio_off = 0.02 s
[141/246] TestIO#test_sysread = 0.03 s
[142/246] TestIO#test_syswrite = 0.03 s
[143/246] TestIO#test_each_byte_with_seek = 0.03 s
[144/246] TestIO#test_io_select_with_many_files = 21.15 s
[145/246] TestIO#test_set_lineno_readline = 0.06 s
[146/246] TestIO#test_reopen_ivar = 9.74 s
[147/246] TestIO#test_cross_thread_close_fd = 0.15 s
[148/246] TestIO#test_write_buffered_with_multiple_arguments = 9.81 s
[149/246] TestIO#test_copy_stream_closed_pipe = 0.04 s
[150/246] TestIO#test_pipe_block_close = 0.03 s
[151/246] TestIO#test_readpartial_with_not_empty_buffer = 0.06 s
[152/246] TestIO#test_copy_stream_file_to_pipe = 0.06 s
[153/246] TestIO#test_foreach_limit_conversion = 0.04 s
[154/246] TestIO#test_reinitialize = 0.03 s
[155/246] TestIO#test_reopen_opt_encoding = 0.04 s
[156/246] TestIO#test_exclusive_mode = 0.03 s
[157/246] TestIO#test_gets_chomp_paragraph = 0.04 s
[158/246] TestIO#test_try_convert = 0.01 s
[159/246] TestIO#test_print_separators = 0.18 s
[160/246] TestIO#test_readlines_rs_invalid = 0.03 s
[161/246] TestIO#test_gets_paragraph = 0.04 s
[162/246] TestIO#test_initialize = 0.06 s
[163/246] TestIO#test_pid_after_close_read = 0.23 s
[164/246] TestIO#test_marshal_closed_io = 0.03 s
[165/246] TestIO#test_each_codepoint_closed = 0.09 s
[166/246] TestIO#test_readline_raises = 0.10 s
[167/246] TestIO#test_each_line_limit_0 = 0.03 s
[168/246] TestIO#test_copy_stream_no_busy_wait = 10.35 s
[169/246] TestIO#test_read_nonblock_file = 0.03 s
[170/246] TestIO#test_gets_default_rs = 0.04 s
[171/246] TestIO#test_read_lock = 0.03 s
[172/246] TestIO#test_threaded_flush = 27.80 s
[173/246] TestIO#test_reopen_binmode = 0.02 s
[174/246] TestIO#test_select_exceptfds = 0.09 s
[175/246] TestIO#test_copy_stream_pipe = 0.06 s
[176/246] TestIO#test_readpartial_buffer_not_raise_shared_string_error = 0.04 s
[177/246] TestIO#test_read_buffer_not_raise_shared_string_error = 0.03 s
[178/246] TestIO#test_fcntl_dupfd = 0.02 s
[179/246] TestIO#test_ungetbyte_with_seek = 0.03 s
[180/246] TestIO#test_s_readlines = 0.04 s
[181/246] TestIO#test_frozen_fileno = 0.01 s
[182/246] TestIO#test_copy_stream_smaller = 0.06 s
[183/246] TestIO#test_copy_stream_write_in_binmode = 0.04 s
[184/246] TestIO#test_closed_stream_in_rescue = 0.03 s
[185/246] TestIO#test_close_read = 9.66 s
[186/246] TestIO#test_copy_stream_bigcontent_chop = 0.20 s
[187/246] TestIO#test_set_lineno_gets = 0.07 s
[188/246] TestIO#test_copy_stream_read_pipe = 2.28 s
[189/246] TestIO#test_readline_separators_limits = 0.03 s
[190/246] TestIO#test_reopen = 0.04 s
[191/246] TestIO#test_s_read = 0.03 s
[192/246] TestIO#test_write_no_args = 0.01 s
[193/246] TestIO#test_gets_chomp_rs_nil = 0.03 s
[194/246] TestIO#test_readline_bad_param_raises = 0.02 s
[195/246] TestIO#test_close_read_pipe = 0.02 s
[196/246] TestIO#test_pipe = 0.02 s
[197/246] TestIO#test_copy_stream_strio = 0.01 s
[198/246] TestIO#test_read_nonblock_error = 0.02 s
[199/246] TestIO#test_gets_rs_377 = 0.02 s
[200/246] TestIO#test_seek = 0.04 s
[201/246] TestIO#test_reopen_opt = 0.03 s
[202/246] TestIO#test_copy_stream_pipe_nonblock = 0.19 s
[203/246] TestIO#test_ungetc2 = 0.03 s
[204/246] TestIO#test_flush_in_finalizer2 = 2.04 s
[205/246] TestIO#test_write_with_multiple_arguments_and_buffer = 0.10 s
[206/246] TestIO#"test_reopen_nonascii(EUC-JP)" = 0.03 s
[207/246] TestIO#test_open_pipe = 9.79 s
[208/246] TestIO#test_copy_stream_noent = 0.05 s
[209/246] TestIO#test_gets_chomp_rs = 0.08 s
[210/246] TestIO#test_open_mode = 0.05 s
[211/246] TestIO#test_pid = 9.67 s
[212/246] TestIO#test_each_char2 = 0.10 s
[213/246] TestIO#test_exception_at_close = 0.02 s
[214/246] TestIO#test_read_nonblock_zero_size = 0.02 s
[215/246] TestIO#test_explicit_path = 0.01 s
[216/246] TestIO#test_external_encoding_index = 0.02 s
[217/246] TestIO#test_read_nonblock_no_exceptions = 0.02 s
[218/246] TestIO#test_close_twice = 0.01 s
[219/246] TestIO#test_cross_thread_close_stdio = 0.03 s
[220/246] TestIO#test_reopen_encoding = 0.04 s
[221/246] TestIO#test_copy_stream_socket6 = 3.67 s
[222/246] TestIO#test_write_nonblock_invalid_exception = 0.01 s
[223/246] TestIO#test_puts_recursive_array = 0.04 s
[224/246] TestIO#test_copy_stream_socket4 = 0.40 s
[225/246] TestIO#test_copy_stream_strio_to_tempfile = 0.03 s
[226/246] TestIO#test_sysread_buffer_not_raise_shared_string_error = 0.03 s
[227/246] TestIO#test_close_read_write_separately = 96.69 s
[228/246] TestIO#test_copy_stream_socket2 = 0.37 s
[229/246] TestIO#test_gets = 0.04 s
[230/246] TestIO#test_read_buffer_error = 0.04 s
[231/246] TestIO#test_read_nonblock_with_not_empty_buffer = 0.01 s
[232/246] TestIO#"test_reopen_nonascii(UTF-8)" = 0.03 s
[233/246] TestIO#test_each_line = 1.08 s
[234/246] TestIO#test_write_epipe_nosync = 13.86 s
[235/246] TestIO#test_copy_stream_megacontent_file_to_pipe = 3.81 s
[236/246] TestIO#test_pos_with_getc = 0.08 s
[237/246] TestIO#test_write_with_multiple_nonstring_arguments = 2.36 s
[238/246] TestIO#test_DATA_binmode = 11.45 s
[239/246] TestIO#test_readpartial = 0.05 s
[240/246] TestIO#test_display = 2.37 s
[241/246] TestIO#test_std_fileno = 0.01 s
[242/246] TestIO#test_readpartial_bad_args = 0.03 s
[243/246] TestIO#test_copy_stream_pathname_to_pathname = 0.05 s
[244/246] TestIO#test_foreach_rs_invalid = 0.04 s
[245/246] TestIO#test_pos = 0.03 s
[246/246] TestIO#test_write_nonblock_file = 0.03 s

  1) Failure:
TestIO#test_fcntl_lock_freebsd [/root/ruby-3.4.1/test/ruby/test_io.rb:3339]:
<"."> expected but was
<nil>.

  2) Failure:
TestIO#test_fcntl_lock_freebsd [/root/ruby-3.4.1/tool/lib/zombie_hunter.rb:6]:
Expected [[11312, #<Process::Status: pid 11312 exit 1>]] to be empty.

Finished tests in 656.630550s, 0.3746 tests/s, 10.5112 assertions/s.
246 tests, 6902 assertions, 2 failures, 0 errors, 4 skips

ruby -v: ruby 3.4.1 (2025-06-14 revision 742e381c9f) +PRISM [riscv64-freebsd]
end time: 2025-06-22T02:22:18
----------------------------------------
Running test: ../test/ruby/test_m17n.rb
start time: 2025-06-22T02:22:18
Run options:
  "--ruby=./miniruby -I../lib -I. -I.ext/common  ../tool/runruby.rb --extout=.ext  -- --disable-gems
"
  --excludes-dir=../test/.excludes
  --name=!/memory_leak/
  -s
  3216
  --timeout-scale
  10
  --worker-timeout=100
  -v

# Running tests:

[  1/127] TestM17N#test_nil_inspect = 0.03 s
[  2/127] TestM17N#test_gsub = 0.02 s
[  3/127] TestM17N#test_regexp_ascii = 0.12 s
[  4/127] TestM17N#test_dynamic_eucjp_regexp = 0.06 s
[  5/127] TestM17N#test_valid_encoding = 0.04 s
[  6/127] TestM17N#test_dup_aref = 0.01 s
[  7/127] TestM17N#test_each_char = 0.01 s
[  8/127] TestM17N#test_marshal = 0.01 s
[  9/127] TestM17N#test_reverse = 0.01 s
[ 10/127] TestM17N#test_quote = 0.03 s
[ 11/127] TestM17N#test_sub = 0.01 s
[ 12/127] TestM17N#test_dynamic_ascii_regexp = 0.04 s
[ 13/127] TestM17N#test_count_sjis_trailing_byte = 0.01 s
[ 14/127] TestM17N#test_empty_string = 0.01 s
[ 15/127] TestM17N#test_squeeze = 0.01 s
[ 16/127] TestM17N#test_scrub_replace_argument = 0.02 s
[ 17/127] TestM17N#test_regexp_source = 0.01 s
[ 18/127] TestM17N#test_magic_comment_at_various_positions = 0.03 s
[ 19/127] TestM17N#test_validate_redundant_utf8 = 0.57 s
[ 20/127] TestM17N#test_aset = 0.01 s
[ 21/127] TestM17N#test_split = 0.78 s
[ 22/127] TestM17N#test_symbol_op = 0.03 s
[ 23/127] TestM17N#test_str_lt = 0.01 s
[ 24/127] TestM17N#test_sprintf_p = 2.11 s
[ 25/127] TestM17N#test_symbol = 0.01 s
[ 26/127] TestM17N#test_regexp_embed = 0.10 s
[ 27/127] TestM17N#test_str_aref = 0.02 s
[ 28/127] TestM17N#test_hash_to_s = 0.01 s
[ 29/127] TestM17N#test_str_String = 0.01 s
[ 30/127] TestM17N#test_tr_s = 0.01 s
[ 31/127] TestM17N#test_object_inspect_external = 0.03 s
[ 32/127] TestM17N#test_escaped_metachar = 0.01 s
[ 33/127] TestM17N#test_chr = 0.34 s
[ 34/127] TestM17N#test_euc_tw = 0.01 s
[ 35/127] TestM17N#test_str_concat = 0.01 s
[ 36/127] TestM17N#test_nil_to_s = 0.03 s
[ 37/127] TestM17N#test_combchar_codepoint = 0.01 s
[ 38/127] TestM17N#test_scrub_widechar = 0.02 s
[ 39/127] TestM17N#test_union_1_nonascii_string = 0.05 s
[ 40/127] TestM17N#test_regexp_unicode = 0.03 s
[ 41/127] TestM17N#test_sub3 = 0.01 s
[ 42/127] TestM17N#test_env = 0.05 s
[ 43/127] TestM17N#test_magic_comment_vim = 0.01 s
[ 44/127] TestM17N#test_getbyte = 0.01 s
[ 45/127] TestM17N#test_scrub_bang = 0.01 s
[ 46/127] TestM17N#test_str_center = 0.01 s
[ 47/127] TestM17N#test_regexp_embed_preprocess = 0.01 s
[ 48/127] TestM17N#test_str_allocate = 0.01 s
[ 49/127] TestM17N#test_str_multiply = 0.01 s
[ 50/127] TestM17N#test_fixnum_to_s = 0.01 s
[ 51/127] TestM17N#test_string_eucjp_literal = 0.03 s
[ 52/127] TestM17N#test_scrub_modification_inside_block = 0.02 s
[ 53/127] TestM17N#test_setbyte = 0.04 s
[ 54/127] TestM17N#test_array_to_s = 0.01 s
[ 55/127] TestM17N#test_delete = 0.01 s
[ 56/127] TestM17N#test_insert = 0.01 s
[ 57/127] TestM17N#test_dynamic_utf8_regexp = 0.06 s
[ 58/127] TestM17N#test_regexp_generic = 0.12 s
[ 59/127] TestM17N#test_count = 0.01 s
[ 60/127] TestM17N#test_string_inspect_invalid = 0.19 s
[ 61/127] TestM17N#test_chomp = 0.07 s
[ 62/127] TestM17N#test_regexp_property = 0.03 s
[ 63/127] TestM17N#test_dynamic_sjis_regexp = 0.06 s
[ 64/127] TestM17N#test_regexp_too_short_multibyte_character = 0.08 s
[ 65/127] TestM17N#test_gbk = 0.01 s
[ 66/127] TestM17N#test_regexp_ascii_none = 0.04 s
[ 67/127] TestM17N#test_plus = 0.01 s
[ 68/127] TestM17N#test_setbyte_range = 0.01 s
[ 69/127] TestM17N#test_utf_dummy_are_like_regular_dummy_encodings = 0.02 s
[ 70/127] TestM17N#test_scan = 0.01 s
[ 71/127] TestM17N#test_string_ascii_literal = 0.01 s
[ 72/127] TestM17N#test_next = 0.85 s
[ 73/127] TestM17N#test_scrub_replace_block = 0.04 s
[ 74/127] TestM17N#test_str_aref_force_encoding = 0.08 s
[ 75/127] TestM17N#test_regexp_match = 0.01 s
[ 76/127] TestM17N#test_greek_capital_gap = 0.01 s
[ 77/127] TestM17N#test_utf8str_aref = 0.01 s
[ 78/127] TestM17N#test_upto = 0.01 s
[ 79/127] TestM17N#test_nonascii_method_name = 0.06 s
[ 80/127] TestM17N#test_string_inspect_encoding = 0.04 s
[ 81/127] TestM17N#test_regexp_usascii = 0.12 s
[ 82/127] TestM17N#test_reverse_bang = 0.01 s
[ 83/127] TestM17N#test_sub2 = 0.01 s
[ 84/127] TestM17N#test_encoding_find = 0.02 s
[ 85/127] TestM17N#test_scrub_dummy_encoding = 0.05 s
[ 86/127] TestM17N#test_union_1_regexp = 0.05 s
[ 87/127] TestM17N#test_union_1_asciionly_string = 0.08 s
[ 88/127] TestM17N#test_str_aref_substr = 0.03 s
[ 89/127] TestM17N#test_compatible = 0.02 s
[ 90/127] TestM17N#test_magic_comment = 0.02 s
[ 91/127] TestM17N#test_encoding_names_of_default_internal = 34.33 s
[ 92/127] TestM17N#test_begin_end_offset = 0.02 s
[ 93/127] TestM17N#test_encoding_to_s = 0.01 s
[ 94/127] TestM17N#test_scrub_replace_default = 0.01 s
[ 95/127] TestM17N#test_validate_surrogate = 0.04 s
[ 96/127] TestM17N#test_sprintf_s = 0.06 s
[ 97/127] TestM17N#test_utf8_literal = 0.02 s
[ 98/127] TestM17N#test_inspect_with_default_internal = 0.01 s
[ 99/127] TestM17N#test_index = 0.19 s
[100/127] TestM17N#test_regexp_mixed_unicode = 0.16 s
[101/127] TestM17N#test_bignum_to_s = 0.01 s
[102/127] TestM17N#test_str_dump = 0.50 s
[103/127] TestM17N#test_force_encoding = 0.02 s
[104/127] TestM17N#test_tr = 0.02 s
[105/127] TestM17N#test_false_to_s = 0.01 s
[106/127] TestM17N#test_utf_without_bom_valid = 0.01 s
[107/127] TestM17N#test_str_aref_len = 0.02 s
[108/127] TestM17N#test_regexp_windows_31j = 0.01 s
[109/127] TestM17N#test_sprintf_c = 0.06 s
[110/127] TestM17N#test_string_mixed_unicode = 0.04 s
[111/127] TestM17N#test_true_to_s = 0.01 s
[112/127] TestM17N#test_str_b = 0.01 s
[113/127] TestM17N#test_float_to_s = 0.01 s
[114/127] TestM17N#test_dup_scan = 0.01 s
[115/127] TestM17N#test_casecmp = 0.01 s
[116/127] TestM17N#test_regexp_named_class = 0.01 s
[117/127] TestM17N#test_end_with = 0.90 s
[118/127] TestM17N#test_regexp_sjis = 0.05 s
[119/127] TestM17N#test_each_line = 0.01 s
[120/127] TestM17N#test_begin_end_offset_sjis = 0.01 s
[121/127] TestM17N#test_regexp_euc = 0.10 s
[122/127] TestM17N#test_include? = 0.12 s
[123/127] TestM17N#test_union_0 = 0.04 s
[124/127] TestM17N#test_scrub_valid_string = 0.01 s
[125/127] TestM17N#test_union_2 = 0.52 s
[126/127] TestM17N#test_utf_without_bom_asciionly = 0.01 s
[127/127] TestM17N#test_object_utf16_32_inspect = 0.05 s
Finished tests in 51.828558s, 2.4504 tests/s, 76.6952 assertions/s.
127 tests, 3975 assertions, 0 failures, 0 errors, 1 skips

ruby -v: ruby 3.4.1 (2025-06-14 revision 742e381c9f) +PRISM [riscv64-freebsd]
end time: 2025-06-22T02:23:31
----------------------------------------
Running test: ../test/ruby/test_symbol.rb
start time: 2025-06-22T02:23:31
Run options:
  "--ruby=./miniruby -I../lib -I. -I.ext/common  ../tool/runruby.rb --extout=.ext  -- --disable-gems
"
  --excludes-dir=../test/.excludes
  --name=!/memory_leak/
  -s
  3216
  --timeout-scale
  10
  --worker-timeout=100
  -v

# Running tests:

[ 1/58] TestSymbol#test_match_p_regexp = 0.04 s
[ 2/58] TestSymbol#test_inspect_invalid = 0.10 s
[ 3/58] TestSymbol#test_to_proc_arg = 11.41 s
[ 4/58] TestSymbol#test_match_method = 0.03 s
[ 5/58] TestSymbol#test_to_proc_new_proc = 15.19 s
[ 6/58] TestSymbol#test_block_method_to_proc = 11.34 s
[ 7/58] TestSymbol#test_hash_nondeterministic = 19.44 s
[ 8/58] TestSymbol#test_intern = 0.02 s
[ 9/58] TestSymbol#test_case = 0.01 s
[10/58] TestSymbol#test_succ = 0.01 s
[11/58] TestSymbol#test_instance_eval = 0.02 s
[12/58] TestSymbol#test_to_proc_yield = 11.65 s
[13/58] TestSymbol#test_cmp = 0.01 s
[14/58] TestSymbol#test_block_given_to_proc = 0.01 s
[15/58] TestSymbol#test_hash_redefinition = 11.37 s
[16/58] TestSymbol#test_frozen_symbol = 0.02 s
[17/58] TestSymbol#test_singleton_method = 1.09 s
[18/58] TestSymbol#test_to_proc_binding = 11.37 s
[19/58] TestSymbol#test_eq_can_be_redefined = 2.35 s
[20/58] TestSymbol#test_inspect = 0.08 s
[21/58] TestSymbol#test_to_proc = 0.02 s
[22/58] TestSymbol#test_to_proc_iseq = 11.40 s
[23/58] TestSymbol#test_all_symbols = 0.29 s
[24/58] TestSymbol#test_match_p_string = 0.03 s
[25/58] TestSymbol#test_to_proc_call_with_symbol_proc = 0.01 s
[26/58] TestSymbol#test_to_proc_lambda_with_refinements = 0.01 s
[27/58] TestSymbol#test_dynamic_attrset_id = 0.02 s
[28/58] TestSymbol#test_name = 0.01 s
[29/58] TestSymbol#test_MATCH = 0.02 s
[30/58] TestSymbol#test_inspect_number = 0.02 s
[31/58] TestSymbol#test_instance_exec = 0.02 s
[32/58] TestSymbol#test_block_persist_between_calls = 0.01 s
[33/58] TestSymbol#test_to_proc_arity_with_refinements = 0.01 s
[34/58] TestSymbol#test_to_proc_arg_with_refinements = 0.01 s
[35/58] TestSymbol#test_end_with? = 0.01 s
[36/58] TestSymbol#test_return_from_symbol_proc = 0.01 s
[37/58] TestSymbol#test_ascii_incomat_inspect = 0.10 s
[38/58] TestSymbol#test_inspect_suboptimal = 0.13 s
[39/58] TestSymbol#test_inspect_dollar = 0.03 s
[40/58] TestSymbol#test_to_proc_instance_exec = 0.01 s
[41/58] TestSymbol#test_length = 0.01 s
[42/58] TestSymbol#test_to_proc_arg_with_refinements_override = 0.01 s
[43/58] TestSymbol#test_to_proc_lambda? = 0.01 s
[44/58] TestSymbol#test_block_curry_proc = 11.38 s
[45/58] TestSymbol#test_to_proc_for_hash_each = 9.70 s
[46/58] TestSymbol#test_empty = 0.01 s
[47/58] TestSymbol#test_start_with? = 0.02 s
[48/58] TestSymbol#test_symbol_gc_1 = 11.43 s
[49/58] TestSymbol#test_to_proc_no_method = 11.38 s
[50/58] TestSymbol#test_casecmp = 0.02 s
[51/58] TestSymbol#test_call = 0.02 s
[52/58] TestSymbol#test_to_proc_arg_with_refinements_undefined = 0.02 s
[53/58] TestSymbol#test_to_proc_arity = 0.01 s
[54/58] TestSymbol#test_casecmp? = 0.01 s
[55/58] TestSymbol#test_symbol_popped = 0.02 s
[56/58] TestSymbol#test_symbol_encoding = 0.06 s
[57/58] TestSymbol#test_block_curry_lambda = 11.39 s
[58/58] TestSymbol#test_inspect_under_gc_compact_stress = 42.98 s
Finished tests in 209.770931s, 0.2765 tests/s, 2.2930 assertions/s.
58 tests, 481 assertions, 0 failures, 0 errors, 0 skips

ruby -v: ruby 3.4.1 (2025-06-14 revision 742e381c9f) +PRISM [riscv64-freebsd]
end time: 2025-06-22T02:27:19
----------------------------------------
Running test: ../test/ruby/test_sprintf_comb.rb
start time: 2025-06-22T02:27:19
Run options:
  "--ruby=./miniruby -I../lib -I. -I.ext/common  ../tool/runruby.rb --extout=.ext  -- --disable-gems
"
  --excludes-dir=../test/.excludes
  --name=!/memory_leak/
  -s
  3216
  --timeout-scale
  10
  --worker-timeout=100
  -v

# Running tests:

[ 1/95] TestSprintfComb#"test_format_float(% +0.0E)" = 0.47 s
[ 2/95] TestSprintfComb#"test_format_float(%-00.9999e)" = 2.11 s
[ 3/95] TestSprintfComb#"test_format_integer(%#-05.x)" = 0.73 s
[ 4/95] TestSprintfComb#"test_format_integer(% #+-20.X)" = 0.70 s
[ 5/95] TestSprintfComb#"test_format_integer(%#-0b)" = 0.57 s
[ 6/95] TestSprintfComb#"test_format_float(% #+-020.8e)" = 0.47 s
[ 7/95] TestSprintfComb#"test_format_float(% #+-00.e)" = 0.59 s
[ 8/95] TestSprintfComb#"test_format_integer(% #+-00x)" = 0.37 s
[ 9/95] TestSprintfComb#"test_format_float(% -20.0E)" = 0.54 s
[10/95] TestSprintfComb#"test_format_integer(%#-0.o)" = 0.36 s
[11/95] TestSprintfComb#"test_format_float(%e)" = 0.46 s
[12/95] TestSprintfComb#"test_format_integer(% +020o)" = 0.40 s
[13/95] TestSprintfComb#"test_format_float(% #.200e)" = 0.50 s
[14/95] TestSprintfComb#"test_format_float(% #+-00.200e)" = 0.47 s
[15/95] TestSprintfComb#"test_format_float(%#0.8E)" = 0.44 s
[16/95] TestSprintfComb#"test_format_float(%5.0e)" = 0.43 s
[17/95] TestSprintfComb#"test_format_float(%.20e)" = 0.52 s
[18/95] TestSprintfComb#"test_format_float(% -0g)" = 0.51 s
[19/95] TestSprintfComb#"test_format_integer(%5X)" = 0.54 s
[20/95] TestSprintfComb#"test_format_float(% #+5e)" = 0.46 s
[21/95] TestSprintfComb#"test_format_float(% 0.8f)" = 0.51 s
[22/95] TestSprintfComb#"test_format_integer(% +00.0b)" = 0.44 s
[23/95] TestSprintfComb#"test_format_integer(% +00.20o)" = 0.35 s
[24/95] TestSprintfComb#"test_format_integer(% #+-00.b)" = 1.06 s
[25/95] TestSprintfComb#"test_format_integer(% #+-0B)" = 0.40 s
[26/95] TestSprintfComb#"test_format_float(%#05.8E)" = 0.47 s
[27/95] TestSprintfComb#"test_format_integer(%#-0.8o)" = 0.46 s
[28/95] TestSprintfComb#"test_format_integer(% #+-0.B)" = 0.40 s
[29/95] TestSprintfComb#"test_format_float(% #0.20G)" = 0.49 s
[30/95] TestSprintfComb#"test_format_float(% -.G)" = 0.55 s
[31/95] TestSprintfComb#"test_format_integer(% #+-0.8X)" = 0.44 s
[32/95] TestSprintfComb#"test_format_integer(%#-0x)" = 0.45 s
[33/95] TestSprintfComb#"test_format_integer(% #+-0.d)" = 0.33 s
[34/95] TestSprintfComb#"test_format_float(%#00.20g)" = 0.56 s
[35/95] TestSprintfComb#"test_format_float(%+05.E)" = 0.47 s
[36/95] TestSprintfComb#"test_format_float(% +0.9999E)" = 1.47 s
[37/95] TestSprintfComb#"test_format_float(% -20.20E)" = 0.48 s
[38/95] TestSprintfComb#"test_format_float(%#-.E)" = 0.43 s
[39/95] TestSprintfComb#"test_format_integer(% #+-0X)" = 0.43 s
[40/95] TestSprintfComb#"test_format_float(%+-0.0f)" = 0.50 s
[41/95] TestSprintfComb#"test_format_integer(% #+-0.8d)" = 0.30 s
[42/95] TestSprintfComb#"test_format_float(%#+-5.20f)" = 0.46 s
[43/95] TestSprintfComb#"test_format_integer(%#-05o)" = 0.44 s
[44/95] TestSprintfComb#"test_format_float(% +0.20E)" = 0.47 s
[45/95] TestSprintfComb#"test_format_float(%#+20G)" = 0.54 s
[46/95] TestSprintfComb#"test_format_float(%5.9999e)" = 1.29 s
[47/95] TestSprintfComb#"test_format_float(%+0.g)" = 0.45 s
[48/95] TestSprintfComb#"test_format_float(%#+-.0e)" = 0.47 s
[49/95] TestSprintfComb#"test_format_float(%020.200f)" = 0.43 s
[50/95] TestSprintfComb#"test_format_integer(% +020.0x)" = 0.43 s
[51/95] TestSprintfComb#"test_format_float(% -05.9999G)" = 13.60 s
[52/95] TestSprintfComb#"test_format_float(%#-0E)" = 1.39 s
[53/95] TestSprintfComb#"test_format_float(% #5.f)" = 0.46 s
[54/95] TestSprintfComb#"test_format_integer(%B)" = 0.54 s
[55/95] TestSprintfComb#"test_format_integer(% +020.20b)" = 0.51 s
[56/95] TestSprintfComb#"test_format_integer(% +00x)" = 0.35 s
[57/95] TestSprintfComb#"test_format_integer(%05.0d)" = 0.29 s
[58/95] TestSprintfComb#"test_format_float(%-00f)" = 0.52 s
[59/95] TestSprintfComb#"test_format_float(%+-5.8G)" = 0.51 s
[60/95] TestSprintfComb#"test_format_integer(%5.0B)" = 0.64 s
[61/95] TestSprintfComb#"test_format_integer(%.20B)" = 0.56 s
[62/95] TestSprintfComb#"test_format_integer(% +00.20x)" = 0.43 s
[63/95] TestSprintfComb#"test_format_integer(% #+-20.8o)" = 0.41 s
[64/95] TestSprintfComb#"test_format_integer(%5.20d)" = 0.35 s
[65/95] TestSprintfComb#"test_format_float(%+-05.20e)" = 0.48 s
[66/95] TestSprintfComb#"test_format_integer(%#-05.8b)" = 0.67 s
[67/95] TestSprintfComb#"test_format_integer(%#-0.8x)" = 0.41 s
[68/95] TestSprintfComb#"test_format_float(% 0.8e)" = 0.43 s
[69/95] TestSprintfComb#"test_format_float(%+0.200G)" = 0.64 s
[70/95] TestSprintfComb#"test_format_integer(%0.20X)" = 0.53 s
[71/95] TestSprintfComb#"test_format_integer(% #+-0.b)" = 0.48 s
[72/95] TestSprintfComb#"test_format_float(%020.e)" = 0.47 s
[73/95] TestSprintfComb#"test_format_integer(%.0X)" = 0.53 s
[74/95] TestSprintfComb#"test_format_float(% -5.200g)" = 0.58 s
[75/95] TestSprintfComb#"test_format_float(%#+20.9999g)" = 2.61 s
[76/95] TestSprintfComb#"test_format_float(% #05.0g)" = 0.45 s
[77/95] TestSprintfComb#"test_format_float(% +05E)" = 0.52 s
[78/95] TestSprintfComb#"test_format_float(% #+.9999f)" = 1.61 s
[79/95] TestSprintfComb#"test_format_integer(%5.0d)" = 0.38 s
[80/95] TestSprintfComb#"test_format_float(%#-0.9999E)" = 1.28 s
[81/95] TestSprintfComb#"test_format_integer(% #+-020.8o)" = 0.31 s
[82/95] TestSprintfComb#"test_format_integer(% #+-20d)" = 1.12 s
[83/95] TestSprintfComb#"test_format_integer(% +00b)" = 0.43 s
[84/95] TestSprintfComb#"test_format_integer(%#-0.b)" = 0.55 s
[85/95] TestSprintfComb#"test_format_integer(%d)" = 0.38 s
[86/95] TestSprintfComb#"test_format_float(%+0.200E)" = 0.50 s
[87/95] TestSprintfComb#"test_format_float(%+-.8g)" = 0.56 s
[88/95] TestSprintfComb#"test_format_integer(%.0d)" = 0.28 s
[89/95] TestSprintfComb#"test_format_integer(% #+-20.8B)" = 0.44 s
[90/95] TestSprintfComb#"test_format_integer(% #+-0x)" = 0.42 s
[91/95] TestSprintfComb#"test_format_integer(% +00.0o)" = 0.29 s
[92/95] TestSprintfComb#"test_format_integer(%.20X)" = 0.59 s
[93/95] TestSprintfComb#"test_format_float(%#00.0G)" = 0.51 s
[94/95] TestSprintfComb#"test_format_float(%#-5.200E)" = 0.46 s
[95/95] TestSprintfComb#"test_format_integer(%0B)" = 0.63 s
Finished tests in 73.377766s, 1.2947 tests/s, 46.7444 assertions/s.
95 tests, 3430 assertions, 0 failures, 0 errors, 0 skips

ruby -v: ruby 3.4.1 (2025-06-14 revision 742e381c9f) +PRISM [riscv64-freebsd]
end time: 2025-06-22T02:28:52
----------------------------------------
Running test: ../test/ruby/test_primitive.rb
start time: 2025-06-22T02:28:52
Run options:
  "--ruby=./miniruby -I../lib -I. -I.ext/common  ../tool/runruby.rb --extout=.ext  -- --disable-gems
"
  --excludes-dir=../test/.excludes
  --name=!/memory_leak/
  -s
  3216
  --timeout-scale
  10
  --worker-timeout=100
  -v

# Running tests:

[ 1/25] TestRubyPrimitive#test_constatant_cache4 = 0.03 s
[ 2/25] TestRubyPrimitive#test_aset = 0.01 s
[ 3/25] TestRubyPrimitive#test_cvar_from_instance_method = 0.01 s
[ 4/25] TestRubyPrimitive#test_opassign = 0.02 s
[ 5/25] TestRubyPrimitive#test_concatarray_ruby_dev_41933 = 0.02 s
[ 6/25] TestRubyPrimitive#test_cvar_from_singleton_method2 = 0.01 s
[ 7/25] TestRubyPrimitive#test_lvar = 0.01 s
[ 8/25] TestRubyPrimitive#test_fact = 0.06 s
[ 9/25] TestRubyPrimitive#test_list_expand = 0.01 s
[10/25] TestRubyPrimitive#test_cvar_from_singleton_method = 0.01 s
[11/25] TestRubyPrimitive#test_constant_cache = 0.01 s
[12/25] TestRubyPrimitive#test_constant_cache2 = 0.01 s
[13/25] TestRubyPrimitive#test_attr_setter = 0.01 s
[14/25] TestRubyPrimitive#test_constant_cache5 = 0.01 s
[15/25] TestRubyPrimitive#test_constant_cache3 = 0.01 s
[16/25] TestRubyPrimitive#test_aref = 0.01 s
[17/25] TestRubyPrimitive#test_gvar = 0.01 s
[18/25] TestRubyPrimitive#test_constant = 0.03 s
[19/25] TestRubyPrimitive#test_mod = 0.01 s
[20/25] TestRubyPrimitive#test_length = 0.01 s
[21/25] TestRubyPrimitive#test_backref = 0.02 s
[22/25] TestRubyPrimitive#test_opassign_and_or = 0.01 s
[23/25] TestRubyPrimitive#test_mul = 0.01 s
[24/25] TestRubyPrimitive#test_not = 0.01 s
[25/25] TestRubyPrimitive#test_div = 0.01 s
Finished tests in 2.791165s, 8.9568 tests/s, 60.1899 assertions/s.
25 tests, 168 assertions, 0 failures, 0 errors, 0 skips

ruby -v: ruby 3.4.1 (2025-06-14 revision 742e381c9f) +PRISM [riscv64-freebsd]
end time: 2025-06-22T02:29:14
----------------------------------------
Running test: ../test/ruby/test_rational.rb
start time: 2025-06-22T02:29:14
Run options:
  "--ruby=./miniruby -I../lib -I. -I.ext/common  ../tool/runruby.rb --extout=.ext  -- --disable-gems
"
  --excludes-dir=../test/.excludes
  --name=!/memory_leak/
  -s
  3216
  --timeout-scale
  10
  --worker-timeout=100
  -v

# Running tests:

[ 1/51] Rational_Test#test_fixed_bug = 0.04 s
[ 2/51] Rational_Test#test_marshal = 0.03 s
[ 3/51] Rational_Test#test_idiv = 0.03 s
[ 4/51] Rational_Test#test_sub = 0.01 s
[ 5/51] Rational_Test#test_math = 0.02 s
[ 6/51] Rational_Test#test_marshal_compatibility = 0.02 s
[ 7/51] Rational_Test#test_quo = 0.01 s
[ 8/51] Rational_Test#test_freeze = 0.01 s
[ 9/51] Rational_Test#test_power_overflow = 10.85 s
[10/51] Rational_Test#test_fdiv = 0.02 s
[11/51] Rational_Test#test_attr = 0.02 s
[12/51] Rational_Test#test_ratsub = 0.08 s
[13/51] Rational_Test#test_cmp = 0.09 s
[14/51] Rational_Test#test_parse_zero_denominator = 0.01 s
[15/51] Rational_Test#test_hash = 0.01 s
[16/51] Rational_Test#test_power_of_0 = 0.02 s
[17/51] Rational_Test#test_to_r = 0.03 s
[18/51] Rational_Test#test_positive_p = 0.01 s
[19/51] Rational_Test#test_expt = 0.06 s
[20/51] Rational_Test#test_remainder = 0.04 s
[21/51] Rational_Test#test_trunc = 0.04 s
[22/51] Rational_Test#test_coerce = 0.02 s
[23/51] Rational_Test#test_finite_p = 0.01 s
[24/51] Rational_Test#test_inspect = 0.01 s
[25/51] Rational_Test#test_parse = 2.41 s
[26/51] Rational_Test#test_conv = 0.12 s
[27/51] Rational_Test#test_to_f = 0.01 s
[28/51] Rational_Test#test_Rational_with_invalid_exception = 0.01 s
[29/51] Rational_Test#test_attr2 = 0.01 s
[30/51] Rational_Test#test_coerce2 = 0.02 s
[31/51] Rational_Test#test_rationalize = 0.04 s
[32/51] Rational_Test#test_to_c = 0.01 s
[33/51] Rational_Test#test_add = 0.01 s
[34/51] Rational_Test#test_ruby19 = 0.01 s
[35/51] Rational_Test#test_modulo = 0.04 s
[36/51] Rational_Test#test_uplus = 0.01 s
[37/51] Rational_Test#test_to_i = 0.01 s
[38/51] Rational_Test#test_eql_p = 0.01 s
[39/51] Rational_Test#test_divmod = 0.05 s
[40/51] Rational_Test#test_to_s = 0.02 s
[41/51] Rational_Test#test_power_of_1_and_minus_1 = 0.02 s
[42/51] Rational_Test#test_infinite_p = 0.02 s
[43/51] Rational_Test#test_negative_p = 0.01 s
[44/51] Rational_Test#test_supp = 0.03 s
[45/51] Rational_Test#test_Rational_without_exception = 0.04 s
[46/51] Rational_Test#test_gcdlcm = 0.02 s
[47/51] Rational_Test#test_negate = 0.01 s
[48/51] Rational_Test#test_eqeq = 0.01 s
[49/51] Rational_Test#test_known_bug = 0.01 s
[50/51] Rational_Test#test_mul = 0.01 s
[51/51] Rational_Test#test_div = 0.02 s
Finished tests in 19.274581s, 2.6460 tests/s, 39.1708 assertions/s.
51 tests, 755 assertions, 0 failures, 0 errors, 0 skips

ruby -v: ruby 3.4.1 (2025-06-14 revision 742e381c9f) +PRISM [riscv64-freebsd]
end time: 2025-06-22T02:29:53
----------------------------------------
Running test: ../test/ruby/test_time_tz.rb
start time: 2025-06-22T02:29:53
Run options:
  "--ruby=./miniruby -I../lib -I. -I.ext/common  ../tool/runruby.rb --extout=.ext  -- --disable-gems
"
  --excludes-dir=../test/.excludes
  --name=!/memory_leak/
  -s
  3216
  --timeout-scale
  10
  --worker-timeout=100
  -v

# Running tests:

[  1/154] TestTimeTZ::DummyTZ#"test_strftime@Etc/UTC" = 0.05 s
[  2/154] TestTimeTZ::DummyTZ#"test_plus@America/Los_Angeles" = 0.02 s
[  3/154] TestTimeTZ::DummyTZ#"test_getlocal@America/Los_Angeles" = 0.02 s
[  4/154] TestTimeTZ::DummyTZ#"test_hour24@America/Los_Angeles" = 0.01 s
[  5/154] TestTimeTZ::DummyTZ#"test_new@Asia/Tokyo" = 0.03 s
[  6/154] TestTimeTZ::DummyTZ#"test_fractional_second@Africa/Ndjamena" = 0.02 s
[  7/154] TestTimeTZ::DummyTZ#test_fractional_second = 0.01 s
[  8/154] TestTimeTZ::DummyTZ#"test_plus@Asia/Tokyo" = 0.02 s
[  9/154] TestTimeTZ::DummyTZ#"test_marshal@America/Los_Angeles" = 0.03 s
[ 10/154] TestTimeTZ::DummyTZ#"test_marshal_compatibility@Africa/Ndjamena" = 0.02 s
[ 11/154] TestTimeTZ::DummyTZ#"test_at@Africa/Ndjamena" = 0.02 s
[ 12/154] TestTimeTZ::DummyTZ#"test_getlocal@Asia/Tokyo" = 0.01 s
[ 13/154] TestTimeTZ::DummyTZ#"test_hour24@Asia/Tokyo" = 0.01 s
[ 14/154] TestTimeTZ::DummyTZ#"test_at@Asia/Tokyo" = 0.02 s
[ 15/154] TestTimeTZ::DummyTZ#"test_now@Africa/Ndjamena" = 0.01 s
[ 16/154] TestTimeTZ::DummyTZ#"test_at@Etc/UTC" = 0.02 s
[ 17/154] TestTimeTZ::DummyTZ#"test_fractional_second@Asia/Tokyo" = 0.02 s
[ 18/154] TestTimeTZ::DummyTZ#"test_strftime@Africa/Ndjamena" = 0.02 s
[ 19/154] TestTimeTZ::DummyTZ#"test_strftime@America/Los_Angeles" = 0.02 s
[ 20/154] TestTimeTZ::DummyTZ#"test_plus@Etc/UTC" = 0.02 s
[ 21/154] TestTimeTZ::DummyTZ#"test_marshal@Africa/Ndjamena" = 0.03 s
[ 22/154] TestTimeTZ::DummyTZ#"test_fractional_second@America/Los_Angeles" = 0.02 s
[ 23/154] TestTimeTZ::DummyTZ#test_invalid_zone = 0.01 s
[ 24/154] TestTimeTZ::DummyTZ#"test_getlocal@Africa/Ndjamena" = 0.02 s
[ 25/154] TestTimeTZ::DummyTZ#"test_getlocal@Etc/UTC" = 0.01 s
[ 26/154] TestTimeTZ::DummyTZ#"test_new@Africa/Ndjamena" = 0.03 s
[ 27/154] TestTimeTZ::DummyTZ#"test_to_a@America/Los_Angeles" = 0.01 s
[ 28/154] TestTimeTZ::DummyTZ#"test_hour24@Etc/UTC" = 0.01 s
[ 29/154] TestTimeTZ::DummyTZ#"test_marshal_compatibility@Etc/UTC" = 0.01 s
[ 30/154] TestTimeTZ::DummyTZ#"test_now@America/Los_Angeles" = 0.01 s
[ 31/154] TestTimeTZ::DummyTZ#"test_to_a@Asia/Tokyo" = 0.32 s
[ 32/154] TestTimeTZ::DummyTZ#"test_now@Asia/Tokyo" = 0.01 s
[ 33/154] TestTimeTZ::DummyTZ#"test_dst?@America/Los_Angeles" = 0.02 s
[ 34/154] TestTimeTZ::DummyTZ#"test_to_a@Africa/Ndjamena" = 0.01 s
[ 35/154] TestTimeTZ::DummyTZ#"test_dst?@Asia/Tokyo" = 0.01 s
[ 36/154] TestTimeTZ::DummyTZ#"test_marshal_compatibility@Asia/Tokyo" = 0.01 s
[ 37/154] TestTimeTZ::DummyTZ#"test_to_a@Etc/UTC" = 0.01 s
[ 38/154] TestTimeTZ::DummyTZ#"test_new@Etc/UTC" = 0.03 s
[ 39/154] TestTimeTZ::DummyTZ#"test_marshal@Etc/UTC" = 0.03 s
[ 40/154] TestTimeTZ::DummyTZ#"test_strftime@Asia/Tokyo" = 0.02 s
[ 41/154] TestTimeTZ::DummyTZ#"test_at@America/Los_Angeles" = 0.02 s
[ 42/154] TestTimeTZ::DummyTZ#"test_dst?@Africa/Ndjamena" = 0.01 s
[ 43/154] TestTimeTZ::DummyTZ#"test_fractional_second@Etc/UTC" = 0.02 s
[ 44/154] TestTimeTZ::DummyTZ#"test_dst?@Etc/UTC" = 0.01 s
[ 45/154] TestTimeTZ::DummyTZ#"test_plus@Africa/Ndjamena" = 0.02 s
[ 46/154] TestTimeTZ::DummyTZ#"test_now@Etc/UTC" = 0.04 s
[ 47/154] TestTimeTZ::DummyTZ#"test_new@America/Los_Angeles" = 0.03 s
[ 48/154] TestTimeTZ::DummyTZ#"test_marshal@Asia/Tokyo" = 0.03 s
[ 49/154] TestTimeTZ::DummyTZ#"test_marshal_compatibility@America/Los_Angeles" = 0.01 s
[ 50/154] TestTimeTZ::DummyTZ#"test_hour24@Africa/Ndjamena" = 0.01 s
[ 51/154] TestTimeTZ#test_gen_America_Managua_15 = 0.03 s
[ 52/154] TestTimeTZ#test_gen_Europe_London_65 = 0.02 s
[ 53/154] TestTimeTZ#test_gen_America_Managua_17 = 0.02 s
[ 54/154] TestTimeTZ#test_asia_tokyo = 0.02 s
[ 55/154] TestTimeTZ#test_gen_America_Los_Angeles_14 = 0.02 s
[ 56/154] TestTimeTZ#test_gen_Europe_London_67 = 0.02 s
[ 57/154] TestTimeTZ#test_gen_America_Los_Angeles_12 = 0.02 s
[ 58/154] TestTimeTZ#test_utc_names = 0.01 s
[ 59/154] TestTimeTZ#test_gen_America_Los_Angeles_10 = 0.02 s
[ 60/154] TestTimeTZ#test_gen_Pacific_Kiritimati_92 = 0.03 s
[ 61/154] TestTimeTZ#test_gen_Pacific_Kiritimati_90 = 0.02 s
[ 62/154] TestTimeTZ#test_gen_Europe_London_69 = 0.02 s
[ 63/154] TestTimeTZ#test_gen_America_Managua_19 = 0.02 s
[ 64/154] TestTimeTZ#test_gen_Europe_London_72 = 0.02 s
[ 65/154] TestTimeTZ#test_gen_America_St_Johns_58 = 0.02 s
[ 66/154] TestTimeTZ#test_gen_Europe_London_70 = 0.02 s
[ 67/154] TestTimeTZ#test_gen_Pacific_Kiritimati_89 = 0.02 s
[ 68/154] TestTimeTZ#test_gen_Asia_Singapore_47 = 0.02 s
[ 69/154] TestTimeTZ#test_gen_Asia_Singapore_45 = 0.03 s
[ 70/154] TestTimeTZ#test_gen_America_Lima_2 = 0.05 s
[ 71/154] TestTimeTZ#test_gen_America_Lima_4 = 0.02 s
[ 72/154] TestTimeTZ#test_gen_America_Lima_6 = 0.02 s
[ 73/154] TestTimeTZ#test_gen_Asia_Singapore_22 = 0.02 s
[ 74/154] TestTimeTZ#test_gen_America_Managua_39 = 0.02 s
[ 75/154] TestTimeTZ#test_america_los_angeles = 0.06 s
[ 76/154] TestTimeTZ#test_gen_Asia_Tokyo_49 = 0.02 s
[ 77/154] TestTimeTZ#test_europe_berlin = 0.02 s
[ 78/154] TestTimeTZ#test_gen_Europe_London_85 = 0.02 s
[ 79/154] TestTimeTZ#test_gen_America_Los_Angeles_32 = 0.02 s
[ 80/154] TestTimeTZ#test_gen_Europe_London_87 = 0.02 s
[ 81/154] TestTimeTZ#test_gen_America_Los_Angeles_30 = 0.04 s
[ 82/154] TestTimeTZ#test_gen_Europe_London_81 = 0.03 s
[ 83/154] TestTimeTZ#test_gen_Europe_Brussels_63 = 0.02 s
[ 84/154] TestTimeTZ#test_gen_America_Los_Angeles_36 = 0.02 s
[ 85/154] TestTimeTZ#test_gen_Europe_London_83 = 0.03 s
[ 86/154] TestTimeTZ#test_europe_brussels = 0.03 s
[ 87/154] TestTimeTZ#test_gen_America_Los_Angeles_34 = 0.03 s
[ 88/154] TestTimeTZ#test_gen_Europe_Brussels_61 = 0.02 s
[ 89/154] TestTimeTZ#test_gen_America_Los_Angeles_9 = 0.02 s
[ 90/154] TestTimeTZ#test_gen_Europe_Brussels_78 = 0.03 s
[ 91/154] TestTimeTZ#test_gen_America_St_Johns_74 = 0.53 s
[ 92/154] TestTimeTZ#test_gen_America_Lima_28 = 0.02 s
[ 93/154] TestTimeTZ#test_america_managua = 0.02 s
[ 94/154] TestTimeTZ#test_gen_America_St_Johns_76 = 0.02 s
[ 95/154] TestTimeTZ#test_gen_Asia_Tokyo_50 = 0.02 s
[ 96/154] TestTimeTZ#test_gen_Asia_Tokyo_52 = 0.02 s
[ 97/154] TestTimeTZ#test_gen_America_Managua_41 = 0.03 s
[ 98/154] TestTimeTZ#test_gen_Asia_Tokyo_54 = 0.03 s
[ 99/154] TestTimeTZ#test_gen_America_Lima_26 = 0.03 s
[100/154] TestTimeTZ#test_gen_America_Managua_43 = 0.02 s
[101/154] TestTimeTZ#test_gen_Asia_Tokyo_56 = 0.02 s
[102/154] TestTimeTZ#test_gen_America_Los_Angeles_7 = 0.02 s
[103/154] TestTimeTZ#test_gen_America_Lima_24 = 0.02 s
[104/154] TestTimeTZ#test_gen_America_Managua_20 = 0.15 s
[105/154] TestTimeTZ#test_gen_America_St_Johns_73 = 0.03 s
[106/154] TestTimeTZ#test_gen_America_Lima_29 = 0.02 s
[107/154] TestTimeTZ#test_gen_America_St_Johns_75 = 0.02 s
[108/154] TestTimeTZ#test_gen_Europe_Brussels_79 = 0.02 s
[109/154] TestTimeTZ#test_gen_America_Los_Angeles_8 = 0.02 s
[110/154] TestTimeTZ#test_gen_America_Lima_25 = 0.02 s
[111/154] TestTimeTZ#test_gen_Europe_Brussels_77 = 0.03 s
[112/154] TestTimeTZ#test_gen_America_Managua_42 = 0.02 s
[113/154] TestTimeTZ#test_gen_America_Lima_27 = 0.03 s
[114/154] TestTimeTZ#test_gen_Asia_Tokyo_55 = 0.02 s
[115/154] TestTimeTZ#test_gen_America_Managua_40 = 0.03 s
[116/154] TestTimeTZ#test_military_names = 0.10 s
[117/154] TestTimeTZ#test_gen_Asia_Tokyo_53 = 0.03 s
[118/154] TestTimeTZ#test_gen_Asia_Tokyo_51 = 0.02 s
[119/154] TestTimeTZ#test_gen_Europe_London_88 = 0.02 s
[120/154] TestTimeTZ#test_gen_America_St_Johns_60 = 0.02 s
[121/154] TestTimeTZ#test_gen_America_Managua_38 = 0.02 s
[122/154] TestTimeTZ#test_gen_America_Los_Angeles_35 = 0.03 s
[123/154] TestTimeTZ#test_gen_Europe_London_82 = 0.03 s
[124/154] TestTimeTZ#test_gen_Europe_Brussels_62 = 0.02 s
[125/154] TestTimeTZ#test_gen_America_Los_Angeles_37 = 0.02 s
[126/154] TestTimeTZ#test_gen_America_Los_Angeles_31 = 0.03 s
[127/154] TestTimeTZ#test_gen_Europe_Brussels_64 = 0.14 s
[128/154] TestTimeTZ#test_gen_Europe_London_86 = 0.02 s
[129/154] TestTimeTZ#test_gen_America_Los_Angeles_33 = 0.02 s
[130/154] TestTimeTZ#test_gen_Europe_London_84 = 0.03 s
[131/154] TestTimeTZ#test_gen_Asia_Singapore_48 = 0.03 s
[132/154] TestTimeTZ#test_pacific_kiritimati = 0.04 s
[133/154] TestTimeTZ#test_localtime_zone = 0.01 s
[134/154] TestTimeTZ#test_gen_Europe_London_71 = 0.02 s
[135/154] TestTimeTZ#test_gen_America_St_Johns_59 = 0.02 s
[136/154] TestTimeTZ#test_asia_kuala_lumpur = 0.01 s
[137/154] TestTimeTZ#test_gen_America_St_Johns_57 = 0.02 s
[138/154] TestTimeTZ#test_gen_Asia_Singapore_23 = 0.02 s
[139/154] TestTimeTZ#test_gen_Asia_Singapore_21 = 0.02 s
[140/154] TestTimeTZ#test_gen_America_Lima_5 = 0.02 s
[141/154] TestTimeTZ#test_asia_singapore = 0.03 s
[142/154] TestTimeTZ#test_gen_America_Lima_3 = 0.02 s
[143/154] TestTimeTZ#test_gen_Asia_Singapore_44 = 0.03 s
[144/154] TestTimeTZ#test_gen_America_Lima_1 = 0.54 s
[145/154] TestTimeTZ#test_gen_Asia_Singapore_46 = 0.03 s
[146/154] TestTimeTZ#test_gen_America_Los_Angeles_11 = 0.02 s
[147/154] TestTimeTZ#test_gen_Europe_Brussels_80 = 0.02 s
[148/154] TestTimeTZ#test_gen_America_Los_Angeles_13 = 0.02 s
[149/154] TestTimeTZ#test_gen_Europe_London_66 = 0.02 s
[150/154] TestTimeTZ#test_gen_America_Managua_16 = 0.02 s
[151/154] TestTimeTZ#test_canada_newfoundland = 0.16 s
[152/154] TestTimeTZ#test_gen_America_Managua_18 = 0.02 s
[153/154] TestTimeTZ#test_gen_Europe_London_68 = 0.02 s
[154/154] TestTimeTZ#test_gen_Pacific_Kiritimati_91 = 0.04 s
Finished tests in 13.299614s, 11.5793 tests/s, 92.3335 assertions/s.
154 tests, 1228 assertions, 0 failures, 0 errors, 0 skips

ruby -v: ruby 3.4.1 (2025-06-14 revision 742e381c9f) +PRISM [riscv64-freebsd]
end time: 2025-06-22T02:30:27
----------------------------------------
Running test: ../test/ruby/test_bignum.rb
start time: 2025-06-22T02:30:27
Run options:
  "--ruby=./miniruby -I../lib -I. -I.ext/common  ../tool/runruby.rb --extout=.ext  -- --disable-gems
"
  --excludes-dir=../test/.excludes
  --name=!/memory_leak/
  -s
  3216
  --timeout-scale
  10
  --worker-timeout=100
  -v

# Running tests:

[ 1/73] TestBignum#test_digits_for_negative_numbers = 0.04 s
[ 2/73] TestBignum#test_xor_with_float = 0.02 s
[ 3/73] TestBignum#test_convert = 0.01 s
[ 4/73] TestBignum#test_idiv = 0.01 s
[ 5/73] TestBignum#test_sub = 0.02 s
[ 6/73] TestBignum#test_xor = 0.01 s
[ 7/73] TestBignum#test_quo = 0.03 s
[ 8/73] TestBignum#test_and_with_nonintegral_numeric = 0.01 s
[ 9/73] TestBignum#test_calc = 0.02 s
[10/73] TestBignum#test_digits_for_non_numeric_base_argument = 0.01 s
[11/73] TestBignum#test_int2inum = 0.01 s
[12/73] TestBignum#test_minus = 0.01 s
[13/73] TestBignum#test_digits_for_invalid_base_numbers = 0.03 s
[14/73] TestBignum#test_shift_bigshift = 0.03 s
[15/73] TestBignum#test_bignum = 0.88 s
[16/73] TestBignum#test_bitwise_or_with_integer_mimic_object = 0.02 s
[17/73] TestBignum#test_str_to_inum = 0.03 s
[18/73] TestBignum#test_xor_with_nonintegral_numeric = 0.01 s
[19/73] TestBignum#test_or_with_rational = 0.01 s
[20/73] TestBignum#test_cmp = 0.02 s
[21/73] TestBignum#test_digits_for_non_integral_base_numbers = 0.04 s
[22/73] TestBignum#test_and_with_float = 0.01 s
[23/73] TestBignum#test_and_with_rational = 0.01 s
[24/73] TestBignum#test_obj_fdiv = 0.01 s
[25/73] TestBignum#test_too_big_to_s = 0.01 s
[26/73] TestBignum#test_hash = 0.01 s
[27/73] TestBignum#test_shift2 = 0.03 s
[28/73] TestBignum#test_singleton_method = 0.01 s
[29/73] TestBignum#test_eql = 0.01 s
[30/73] TestBignum#test_positive_p = 0.01 s
[31/73] TestBignum#test_xor_with_rational = 0.01 s
[32/73] TestBignum#test_bitwise_and_with_integer_mimic_object = 0.01 s
[33/73] TestBignum#test_remainder = 0.01 s
[34/73] TestBignum#test_even = 0.01 s
[35/73] TestBignum#test_or = 0.01 s
[36/73] TestBignum#test_coerce = 0.03 s
[37/73] TestBignum#test_finite_p = 0.01 s
[38/73] TestBignum#test_prepare = 0.03 s
[39/73] TestBignum#test_eq = 0.02 s
[40/73] TestBignum#test_to_s2 = 1.12 s
[41/73] TestBignum#test_odd = 0.01 s
[42/73] TestBignum#test_float_fdiv = 0.01 s
[43/73] TestBignum#test_divide = 0.02 s
[44/73] TestBignum#test_bitwise_xor_with_integer_mimic_object = 0.01 s
[45/73] TestBignum#test_to_f = 0.03 s
[46/73] TestBignum#test_and = 0.01 s
[47/73] TestBignum#test_plus = 0.02 s
[48/73] TestBignum#test_digits = 0.02 s
[49/73] TestBignum#test_big_fdiv = 0.01 s
[50/73] TestBignum#test_quad_pack = 0.02 s
[51/73] TestBignum#test_modulo = 0.01 s
[52/73] TestBignum#test_frozen = 0.01 s
[53/73] TestBignum#test_aref = 0.02 s
[54/73] TestBignum#test_abs = 0.01 s
[55/73] TestBignum#test_divmod = 0.18 s
[56/73] TestBignum#test_to_s = 0.04 s
[57/73] TestBignum#test_or_with_nonintegral_numeric = 0.01 s
[58/73] TestBignum#test_or_with_float = 0.01 s
[59/73] TestBignum#test_mul_balance = 0.02 s
[60/73] TestBignum#test_mul_large_numbers = 0.05 s
[61/73] TestBignum#test_interrupt_during_to_s = 1.98 s
[62/73] TestBignum#test_infinite_p = 0.01 s
[63/73] TestBignum#test_negative_p = 0.01 s
[64/73] TestBignum#test_big_2comp = 0.01 s
[65/73] TestBignum#test_divrem = 0.01 s
[66/73] TestBignum#test_shift = 0.01 s
[67/73] TestBignum#test_very_big_str_to_inum = 12.07 s
[68/73] TestBignum#test_size = 0.01 s
[69/73] TestBignum#test_interrupt_during_bigdivrem = 39.02 s
[70/73] TestBignum#test_fix_fdiv = 0.07 s
[71/73] TestBignum#test_pow = 1.41 s
[72/73] TestBignum#test_mul = 0.02 s
[73/73] TestBignum#test_div = 0.02 s
Finished tests in 62.587722s, 1.1664 tests/s, 9.1072 assertions/s.
73 tests, 570 assertions, 0 failures, 0 errors, 0 skips

ruby -v: ruby 3.4.1 (2025-06-14 revision 742e381c9f) +PRISM [riscv64-freebsd]
end time: 2025-06-22T02:31:49
----------------------------------------
Running test: ../test/ruby/test_case.rb
start time: 2025-06-22T02:31:49
Run options:
  "--ruby=./miniruby -I../lib -I. -I.ext/common  ../tool/runruby.rb --extout=.ext  -- --disable-gems
"
  --excludes-dir=../test/.excludes
  --name=!/memory_leak/
  -s
  3216
  --timeout-scale
  10
  --worker-timeout=100
  -v

# Running tests:

[1/6] TestCase#test_deoptimize_nil = 0.03 s
[2/6] TestCase#test_case = 0.03 s
[3/6] TestCase#test_nomethoderror = 0.01 s
[4/6] TestCase#test_optimization = 0.01 s
[5/6] TestCase#test_method_missing = 0.01 s
[6/6] TestCase#test_deoptimization = 4.67 s
Finished tests in 6.141628s, 0.9769 tests/s, 5.6988 assertions/s.
6 tests, 35 assertions, 0 failures, 0 errors, 0 skips

ruby -v: ruby 3.4.1 (2025-06-14 revision 742e381c9f) +PRISM [riscv64-freebsd]
end time: 2025-06-22T02:32:13
----------------------------------------
Running test: ../test/ruby/test_basicinstructions.rb
start time: 2025-06-22T02:32:13
Run options:
  "--ruby=./miniruby -I../lib -I. -I.ext/common  ../tool/runruby.rb --extout=.ext  -- --disable-gems
"
  --excludes-dir=../test/.excludes
  --name=!/memory_leak/
  -s
  3216
  --timeout-scale
  10
  --worker-timeout=100
  -v

# Running tests:

[ 1/26] TestBasicInstructions#test_local_variable = 0.07 s
[ 2/26] TestBasicInstructions#test_regexp = 0.03 s
[ 3/26] TestBasicInstructions#test_hash = 0.01 s
[ 4/26] TestBasicInstructions#test_const_inherit = 0.09 s
[ 5/26] TestBasicInstructions#test_opassign1_1 = 0.02 s
[ 6/26] TestBasicInstructions#test_immediates = 0.02 s
[ 7/26] TestBasicInstructions#test_string = 0.01 s
[ 8/26] TestBasicInstructions#test_dsym = 0.01 s
[ 9/26] TestBasicInstructions#test_self = 0.01 s
[10/26] TestBasicInstructions#test_opassign2_1 = 0.02 s
[11/26] TestBasicInstructions#test_opassign2_3 = 0.02 s
[12/26] TestBasicInstructions#test_array = 0.02 s
[13/26] TestBasicInstructions#test_xstr = 0.49 s
[14/26] TestBasicInstructions#test_const_path = 0.59 s
[15/26] TestBasicInstructions#test_const_cref = 0.09 s
[16/26] TestBasicInstructions#test_opassign2_2 = 0.02 s
[17/26] TestBasicInstructions#test_range = 0.01 s
[18/26] TestBasicInstructions#test_global_variable = 0.01 s
[19/26] TestBasicInstructions#test_backref = 0.05 s
[20/26] TestBasicInstructions#test_opassign1_2 = 0.02 s
[21/26] TestBasicInstructions#test_class_variable = 0.05 s
[22/26] TestBasicInstructions#test_array_splat = 0.02 s
[23/26] TestBasicInstructions#test_send_opassign = 0.01 s
[24/26] TestBasicInstructions#test_dstring = 0.01 s
[25/26] TestBasicInstructions#test_special_const_instance_variables = 12.11 s
[26/26] TestBasicInstructions#test_not = 0.02 s
Finished tests in 15.978820s, 1.6272 tests/s, 39.9279 assertions/s.
26 tests, 638 assertions, 0 failures, 0 errors, 0 skips

ruby -v: ruby 3.4.1 (2025-06-14 revision 742e381c9f) +PRISM [riscv64-freebsd]
end time: 2025-06-22T02:32:48
----------------------------------------
Running test: ../test/ruby/test_unicode_escape.rb
start time: 2025-06-22T02:32:48
Run options:
  "--ruby=./miniruby -I../lib -I. -I.ext/common  ../tool/runruby.rb --extout=.ext  -- --disable-gems
"
  --excludes-dir=../test/.excludes
  --name=!/memory_leak/
  -s
  3216
  --timeout-scale
  10
  --worker-timeout=100
  -v

# Running tests:

[1/8] TestUnicodeEscape#test_basic = 10.19 s
[2/8] TestUnicodeEscape#test_regexp = 0.10 s
[3/8] TestUnicodeEscape#test_fulton = 0.03 s
[4/8] TestUnicodeEscape#test_chars = 0.01 s
[5/8] TestUnicodeEscape#test_syntax_variants = 0.01 s
[6/8] TestUnicodeEscape#test_fail = 0.08 s
[7/8] TestUnicodeEscape#test_dynamic_regexp = 0.01 s
[8/8] TestUnicodeEscape#test_edge_cases = 0.04 s
Finished tests in 11.971526s, 0.6683 tests/s, 16.8734 assertions/s.
8 tests, 202 assertions, 0 failures, 0 errors, 0 skips

ruby -v: ruby 3.4.1 (2025-06-14 revision 742e381c9f) +PRISM [riscv64-freebsd]
end time: 2025-06-22T02:33:19
----------------------------------------
Running test: ../test/ruby/test_whileuntil.rb
start time: 2025-06-22T02:33:19
Run options:
  "--ruby=./miniruby -I../lib -I. -I.ext/common  ../tool/runruby.rb --extout=.ext  -- --disable-gems
"
  --excludes-dir=../test/.excludes
  --name=!/memory_leak/
  -s
  3216
  --timeout-scale
  10
  --worker-timeout=100
  -v

# Running tests:

[1/3] TestWhileuntil#test_begin_while = 0.03 s
[2/3] TestWhileuntil#test_until = 0.01 s
[3/3] TestWhileuntil#test_while = 0.11 s
Finished tests in 1.408199s, 2.1304 tests/s, 25.5646 assertions/s.
3 tests, 36 assertions, 0 failures, 0 errors, 0 skips

ruby -v: ruby 3.4.1 (2025-06-14 revision 742e381c9f) +PRISM [riscv64-freebsd]
end time: 2025-06-22T02:33:39
----------------------------------------
Running test: ../test/ruby/test_thread_cv.rb
start time: 2025-06-22T02:33:39
Run options:
  "--ruby=./miniruby -I../lib -I. -I.ext/common  ../tool/runruby.rb --extout=.ext  -- --disable-gems
"
  --excludes-dir=../test/.excludes
  --name=!/memory_leak/
  -s
  3216
  --timeout-scale
  10
  --worker-timeout=100
  -v

# Running tests:

[ 1/14] TestThreadConditionVariable#test_condvar_nolock_2 = 0.06 s
[ 2/14] TestThreadConditionVariable#test_condvar_wait_and_broadcast = 0.20 s
[ 3/14] TestThreadConditionVariable#test_condvar_signal_and_wait = 0.03 s
[ 4/14] TestThreadConditionVariable#test_dup = 0.01 s
[ 5/14] TestThreadConditionVariable#test_dump = 0.03 s
[ 6/14] TestThreadConditionVariable#test_condvar_timed_wait = 0.32 s
[ 7/14] TestThreadConditionVariable#test_condvar_wait_deadlock = 3.42 s
[ 8/14] TestThreadConditionVariable#test_condvar_fork = 0.49 s
[ 9/14] TestThreadConditionVariable#test_condvar_wait_deadlock_2 = 0.22 s
[10/14] TestThreadConditionVariable#test_condvar_empty_broadcast = 0.01 s
[11/14] TestThreadConditionVariable#test_condvar_empty_signal = 0.01 s
[12/14] TestThreadConditionVariable#test_condvar_wait_exception_handling = 0.14 s
[13/14] TestThreadConditionVariable#test_condvar_nolock_3 = 0.08 s
[14/14] TestThreadConditionVariable#test_condvar_nolock = 0.01 s
Finished tests in 6.880612s, 2.0347 tests/s, 7.2668 assertions/s.
14 tests, 50 assertions, 0 failures, 0 errors, 0 skips

ruby -v: ruby 3.4.1 (2025-06-14 revision 742e381c9f) +PRISM [riscv64-freebsd]
end time: 2025-06-22T02:34:04
----------------------------------------
Running test: ../test/ruby/test_gc_compact.rb
start time: 2025-06-22T02:34:04
Run options:
  "--ruby=./miniruby -I../lib -I. -I.ext/common  ../tool/runruby.rb --extout=.ext  -- --disable-gems
"
  --excludes-dir=../test/.excludes
  --name=!/memory_leak/
  -s
  3216
  --timeout-scale
  10
  --worker-timeout=100
  -v

# Running tests:

[ 1/25] TestGCCompact::AutoCompact#test_implicit_compaction_does_something = 9.63 s
[ 2/25] TestGCCompact::AutoCompact#test_enable_autocompact = 0.01 s
[ 3/25] TestGCCompact::AutoCompact#test_disable_autocompact = 0.01 s
[ 4/25] TestGCCompact::AutoCompact#test_major_compacts = 1.82 s
[ 5/25] TestGCCompact#test_updating_references_for_heap_allocated_frozen_shared_arrays = 14.47 s
[ 6/25] TestGCCompact#test_moving_arrays_down_heaps = 101.22 s
[ 7/25] TestGCCompact#test_updating_references_for_embed_frozen_shared_arrays = 15.22 s
[ 8/25] TestGCCompact#test_moving_strings_down_heaps = 106.69 s
[ 9/25] TestGCCompact#test_moving_strings_up_heaps = 105.39 s
[10/25] TestGCCompact#test_updating_references_for_embed_shared_arrays = 14.44 s
[11/25] TestGCCompact#test_gc_compact_stats = 2.83 s
[12/25] TestGCCompact#test_ast_compacts = 13.27 s
[13/25] TestGCCompact#test_moving_objects_between_heaps_keeps_shape_frozen_status = 14.28 s
[14/25] TestGCCompact#test_compacting_from_trace_point = 4.66 s
[15/25] TestGCCompact#test_complex_hash_keys = 6.43 s
[16/25] TestGCCompact#test_moving_hashes_down_heaps = 72.59 s
[17/25] TestGCCompact#test_moving_arrays_up_heaps = 101.60 s
[18/25] TestGCCompact#test_moving_objects_between_heaps = 276.50 s
[19/25] TestGCCompact#test_compact_count = 2.03 s
[20/25] TestGCCompact#test_updating_references_for_heap_allocated_shared_arrays = 14.43 s
[21/25] TestGCCompact::CompactMethodsNotImplemented#test_gc_compact_not_implemented = 0.05 s
[22/25] TestGCCompact::CompactMethodsNotImplemented#test_gc_auto_compact_set_not_implemented = 0.03
s
[23/25] TestGCCompact::CompactMethodsNotImplemented#test_gc_auto_compact_get_not_implemented = 0.03
s
[24/25] TestGCCompact::CompactMethodsNotImplemented#test_gc_verify_compaction_references_not_impleme
nted = 0.03 s
[25/25] TestGCCompact::CompactMethodsNotImplemented#test_gc_latest_compact_info_not_implemented = 0.
03 s

  1) Failure:
TestGCCompact#test_ast_compacts [/root/ruby-3.4.1/test/ruby/test_gc_compact.rb:149]:
assert_separately failed with error message
pid 11449 exit 0
| (none):57: warning: assigned but unused variable - before
| (none):140: warning: assigned but unused variable - list_of_objects
| (none):171: warning: assigned but unused variable - obj


  2) Timeout:
TestGCCompact#test_moving_arrays_down_heaps

  3) Timeout:
TestGCCompact#test_moving_arrays_up_heaps

Finished tests in 880.505327s, 0.0284 tests/s, 0.9301 assertions/s.
25 tests, 819 assertions, 1 failures, 2 errors, 5 skips

ruby -v: ruby 3.4.1 (2025-06-14 revision 742e381c9f) +PRISM [riscv64-freebsd]
end time: 2025-06-22T02:49:03
----------------------------------------
Running test: ../test/ruby/test_allocation.rb
start time: 2025-06-22T02:49:03
Run options:
  "--ruby=./miniruby -I../lib -I. -I.ext/common  ../tool/runruby.rb --extout=.ext  -- --disable-gems
"
  --excludes-dir=../test/.excludes
  --name=!/memory_leak/
  -s
  3216
  --timeout-scale
  10
  --worker-timeout=100
  -v

# Running tests:

[ 1/72] TestAllocation::ProcCall::WithBlock#test_required_positional_and_keyword_parameter = 14.47 s
[ 2/72] TestAllocation::ProcCall::WithBlock#test_positional_splat_and_keyword_parameter = 14.58 s
[ 3/72] TestAllocation::ProcCall::WithBlock#test_keyword_and_keyword_splat_parameter = 13.30 s
[ 4/72] TestAllocation::ProcCall::WithBlock#test_ruby2_keywords = 14.58 s
[ 5/72] TestAllocation::ProcCall::WithBlock#test_positional_splat_parameter = 13.58 s
[ 6/72] TestAllocation::ProcCall::WithBlock#test_no_array_allocation_with_splat_and_nonstatic_keywor
ds = 13.82 s
[ 7/72] TestAllocation::ProcCall::WithBlock#test_keyword_splat_parameter = 13.31 s
[ 8/72] TestAllocation::ProcCall::WithBlock#test_positional_splat_and_post_parameters = 14.49 s
[ 9/72] TestAllocation::ProcCall::WithBlock#test_positional_splat_and_keyword_splat_parameter = 14.5
7 s
[10/72] TestAllocation::ProcCall::WithBlock#test_keyword_parameter = 13.31 s
[11/72] TestAllocation::ProcCall::WithBlock#test_no_parameters = 12.59 s
[12/72] TestAllocation::ProcCall::WithBlock#test_required_and_keyword_splat_parameter = 14.39 s
[13/72] TestAllocation::ProcCall::WithBlock#test_anonymous_splat_and_anonymous_keyword_splat_paramet
ers = 14.56 s
[14/72] TestAllocation::ProcCall::WithBlock#test_required_parameter = 12.97 s
[15/72] TestAllocation::ProcCall::WithBlock#test_required_and_positional_splat_parameters = 13.47 s
[16/72] TestAllocation::ProcCall::WithBlock#test_optional_parameter = 13.04 s
[17/72] TestAllocation::Literal#test_hash_literal = 94.97 s
[18/72] TestAllocation::Literal#test_array_literal = 20.01 s
[19/72] TestAllocation::MethodCall::WithBlock#test_required_positional_and_keyword_parameter = 14.38
 s
[20/72] TestAllocation::MethodCall::WithBlock#test_positional_splat_and_keyword_parameter = 14.54 s
[21/72] TestAllocation::MethodCall::WithBlock#test_keyword_and_keyword_splat_parameter = 13.29 s
[22/72] TestAllocation::MethodCall::WithBlock#test_ruby2_keywords = 15.97 s
[23/72] TestAllocation::MethodCall::WithBlock#test_nested_argument_forwarding = 14.55 s
[24/72] TestAllocation::MethodCall::WithBlock#test_positional_splat_parameter = 13.57 s
[25/72] TestAllocation::MethodCall::WithBlock#test_no_array_allocation_with_splat_and_nonstatic_keyw
ords = 13.85 s
[26/72] TestAllocation::MethodCall::WithBlock#test_keyword_splat_parameter = 13.32 s
[27/72] TestAllocation::MethodCall::WithBlock#test_argument_forwarding = 14.55 s
[28/72] TestAllocation::MethodCall::WithBlock#test_positional_splat_and_post_parameters = 13.45 s
[29/72] TestAllocation::MethodCall::WithBlock#test_positional_splat_and_keyword_splat_parameter = 14
.62 s
[30/72] TestAllocation::MethodCall::WithBlock#test_keyword_parameter = 13.30 s
[31/72] TestAllocation::MethodCall::WithBlock#test_no_parameters = 12.60 s
[32/72] TestAllocation::MethodCall::WithBlock#test_required_and_keyword_splat_parameter = 14.36 s
[33/72] TestAllocation::MethodCall::WithBlock#test_anonymous_splat_and_anonymous_keyword_splat_param
eters = 14.51 s
[34/72] TestAllocation::MethodCall::WithBlock#test_required_parameter = 12.93 s
[35/72] TestAllocation::MethodCall::WithBlock#test_nested_anonymous_splat_and_anonymous_keyword_spla
t_parameters = 15.74 s
[36/72] TestAllocation::MethodCall::WithBlock#test_required_and_positional_splat_parameters = 13.48
s
[37/72] TestAllocation::MethodCall::WithBlock#test_optional_parameter = 13.01 s
[38/72] TestAllocation::MethodCall#test_required_positional_and_keyword_parameter = 14.38 s
[39/72] TestAllocation::MethodCall#test_positional_splat_and_keyword_parameter = 14.51 s
[40/72] TestAllocation::MethodCall#test_keyword_and_keyword_splat_parameter = 13.31 s
[41/72] TestAllocation::MethodCall#test_ruby2_keywords = 14.54 s
[42/72] TestAllocation::MethodCall#test_nested_argument_forwarding = 14.54 s
[43/72] TestAllocation::MethodCall#test_positional_splat_parameter = 13.70 s
[44/72] TestAllocation::MethodCall#test_no_array_allocation_with_splat_and_nonstatic_keywords = 14.0
8 s
[45/72] TestAllocation::MethodCall#test_keyword_splat_parameter = 16.47 s
[46/72] TestAllocation::MethodCall#test_argument_forwarding = 14.56 s
[47/72] TestAllocation::MethodCall#test_positional_splat_and_post_parameters = 13.48 s
[48/72] TestAllocation::MethodCall#test_positional_splat_and_keyword_splat_parameter = 14.52 s
[49/72] TestAllocation::MethodCall#test_keyword_parameter = 13.30 s
[50/72] TestAllocation::MethodCall#test_no_parameters = 12.59 s
[51/72] TestAllocation::MethodCall#test_required_and_keyword_splat_parameter = 14.35 s
[52/72] TestAllocation::MethodCall#test_anonymous_splat_and_anonymous_keyword_splat_parameters = 14.
53 s
[53/72] TestAllocation::MethodCall#test_required_parameter = 12.97 s
[54/72] TestAllocation::MethodCall#test_nested_anonymous_splat_and_anonymous_keyword_splat_parameter
s = 14.52 s
[55/72] TestAllocation::MethodCall#test_required_and_positional_splat_parameters = 13.44 s
[56/72] TestAllocation::MethodCall#test_optional_parameter = 13.04 s
[57/72] TestAllocation::ProcCall#test_required_positional_and_keyword_parameter = 14.42 s
[58/72] TestAllocation::ProcCall#test_positional_splat_and_keyword_parameter = 14.58 s
[59/72] TestAllocation::ProcCall#test_keyword_and_keyword_splat_parameter = 13.32 s
[60/72] TestAllocation::ProcCall#test_ruby2_keywords = 14.56 s
[61/72] TestAllocation::ProcCall#test_positional_splat_parameter = 13.77 s
[62/72] TestAllocation::ProcCall#test_no_array_allocation_with_splat_and_nonstatic_keywords = 13.82
s
[63/72] TestAllocation::ProcCall#test_keyword_splat_parameter = 13.31 s
[64/72] TestAllocation::ProcCall#test_positional_splat_and_post_parameters = 13.47 s
[65/72] TestAllocation::ProcCall#test_positional_splat_and_keyword_splat_parameter = 14.57 s
[66/72] TestAllocation::ProcCall#test_keyword_parameter = 13.32 s
[67/72] TestAllocation::ProcCall#test_no_parameters = 12.61 s
[68/72] TestAllocation::ProcCall#test_required_and_keyword_splat_parameter = 14.41 s
[69/72] TestAllocation::ProcCall#test_anonymous_splat_and_anonymous_keyword_splat_parameters = 14.57
 s
[70/72] TestAllocation::ProcCall#test_required_parameter = 12.99 s
[71/72] TestAllocation::ProcCall#test_required_and_positional_splat_parameters = 13.51 s
[72/72] TestAllocation::ProcCall#test_optional_parameter = 13.07 s

  1) Failure:
TestAllocation::ProcCall::WithBlock#test_required_positional_and_keyword_parameter [/root/ruby-3.4.1
/test/ruby/test_allocation.rb:101]:
Expected 0 array allocations for "required_and_keyword.(1, a: 2, &block)", but 1 arrays allocated.
<true> expected but was
<false>.

  2) Failure:
TestAllocation::ProcCall::WithBlock#test_positional_splat_and_keyword_parameter [/root/ruby-3.4.1/te
st/ruby/test_allocation.rb:103]:
Expected 1 array allocations for "splat_and_keyword.(1, a: 2, &block)", but 2 arrays allocated.
<true> expected but was
<false>.

  3) Failure:
TestAllocation::ProcCall::WithBlock#test_keyword_and_keyword_splat_parameter [/root/ruby-3.4.1/test/
ruby/test_allocation.rb:85]:
Expected 0 array allocations for "keyword_and_keyword_splat.(a: 2, &block)", but 1 arrays allocated.
<true> expected but was
<false>.

  4) Failure:
TestAllocation::ProcCall::WithBlock#test_ruby2_keywords [/root/ruby-3.4.1/test/ruby/test_allocation.
rb:107]:
Expected 1 array allocations for "r2k.(1, a: 2, &block)", but 2 arrays allocated.
<true> expected but was
<false>.

  5) Failure:
TestAllocation::ProcCall::WithBlock#test_positional_splat_parameter [/root/ruby-3.4.1/test/ruby/test
_allocation.rb:89]:
Expected 1 array allocations for "splat.(1, &block)", but 2 arrays allocated.
<true> expected but was
<false>.

  6) Failure:
TestAllocation::ProcCall::WithBlock#test_no_array_allocation_with_splat_and_nonstatic_keywords [/roo
t/ruby-3.4.1/test/ruby/test_allocation.rb:88]:
Expected 0 array allocations for "keyword.(*empty_array, a: empty_array, &block)", but 1 arrays allo
cated.
<true> expected but was
<false>.

  7) Failure:
TestAllocation::ProcCall::WithBlock#test_keyword_splat_parameter [/root/ruby-3.4.1/test/ruby/test_al
location.rb:85]:
Expected 0 array allocations for "keyword_splat.(a: 2, &block)", but 1 arrays allocated.
<true> expected but was
<false>.

  8) Failure:
TestAllocation::ProcCall::WithBlock#test_positional_splat_and_post_parameters [/root/ruby-3.4.1/test
/ruby/test_allocation.rb:88]:
Expected 1 array allocations for "splat_post.(1, &block)", but 2 arrays allocated.
<true> expected but was
<false>.

  9) Failure:
TestAllocation::ProcCall::WithBlock#test_positional_splat_and_keyword_splat_parameter [/root/ruby-3.
4.1/test/ruby/test_allocation.rb:103]:
Expected 1 array allocations for "splat_and_keyword_splat.(1, a: 2, &block)", but 2 arrays allocated
.
<true> expected but was
<false>.

 10) Failure:
TestAllocation::ProcCall::WithBlock#test_keyword_parameter [/root/ruby-3.4.1/test/ruby/test_allocati
on.rb:85]:
Expected 0 array allocations for "keyword.(a: 2, &block)", but 1 arrays allocated.
<true> expected but was
<false>.

 11) Failure:
TestAllocation::ProcCall::WithBlock#test_no_parameters [/root/ruby-3.4.1/test/ruby/test_allocation.r
b:75]:
Expected 0 array allocations for "none.(&block)", but 1 arrays allocated.
<true> expected but was
<false>.

 12) Failure:
TestAllocation::ProcCall::WithBlock#test_required_and_keyword_splat_parameter [/root/ruby-3.4.1/test
/ruby/test_allocation.rb:101]:
Expected 0 array allocations for "required_and_keyword_splat.(1, a: 2, &block)", but 1 arrays alloca
ted.
<true> expected but was
<false>.

 13) Failure:
TestAllocation::ProcCall::WithBlock#test_anonymous_splat_and_anonymous_keyword_splat_parameters [/ro
ot/ruby-3.4.1/test/ruby/test_allocation.rb:103]:
Expected 1 array allocations for "anon_splat_and_anon_keyword_splat.(1, a: 2, &block)", but 2 arrays
 allocated.
<true> expected but was
<false>.

 14) Failure:
TestAllocation::ProcCall::WithBlock#test_required_parameter [/root/ruby-3.4.1/test/ruby/test_allocat
ion.rb:81]:
Expected 0 array allocations for "required.(1, &block)", but 1 arrays allocated.
<true> expected but was
<false>.

 15) Failure:
TestAllocation::ProcCall::WithBlock#test_required_and_positional_splat_parameters [/root/ruby-3.4.1/
test/ruby/test_allocation.rb:88]:
Expected 1 array allocations for "req_splat.(1, &block)", but 2 arrays allocated.
<true> expected but was
<false>.

 16) Failure:
TestAllocation::ProcCall::WithBlock#test_optional_parameter [/root/ruby-3.4.1/test/ruby/test_allocat
ion.rb:82]:
Expected 0 array allocations for "optional.(1, &block)", but 1 arrays allocated.
<true> expected but was
<false>.

 17) Failure:
TestAllocation::Literal#test_hash_literal [/root/ruby-3.4.1/test/ruby/test_allocation.rb:70]:
Expected 0 array allocations for "{}", but 1 arrays allocated.
<true> expected but was
<false>.

 18) Failure:
TestAllocation::Literal#test_array_literal [/root/ruby-3.4.1/test/ruby/test_allocation.rb:70]:
Expected 1 array allocations for "[]", but 2 arrays allocated.
<true> expected but was
<false>.

 19) Failure:
TestAllocation::MethodCall::WithBlock#test_required_positional_and_keyword_parameter [/root/ruby-3.4
.1/test/ruby/test_allocation.rb:102]:
Expected 0 array allocations for "required_and_keyword(1, a: 2, &block)", but 1 arrays allocated.
<true> expected but was
<false>.

 20) Failure:
TestAllocation::MethodCall::WithBlock#test_positional_splat_and_keyword_parameter [/root/ruby-3.4.1/
test/ruby/test_allocation.rb:104]:
Expected 1 array allocations for "splat_and_keyword(1, a: 2, &block)", but 2 arrays allocated.
<true> expected but was
<false>.

 21) Failure:
TestAllocation::MethodCall::WithBlock#test_keyword_and_keyword_splat_parameter [/root/ruby-3.4.1/tes
t/ruby/test_allocation.rb:86]:
Expected 0 array allocations for "keyword_and_keyword_splat(a: 2, &block)", but 1 arrays allocated.
<true> expected but was
<false>.

 22) Failure:
TestAllocation::MethodCall::WithBlock#test_ruby2_keywords [/root/ruby-3.4.1/test/ruby/test_allocatio
n.rb:108]:
Expected 1 array allocations for "r2k(1, a: 2, &block)", but 2 arrays allocated.
<true> expected but was
<false>.

 23) Failure:
TestAllocation::MethodCall::WithBlock#test_nested_argument_forwarding [/root/ruby-3.4.1/test/ruby/te
st_allocation.rb:105]:
Expected 0 array allocations for "argument_forwarding(1, a: 2, &block)", but 1 arrays allocated.
<true> expected but was
<false>.

 24) Failure:
TestAllocation::MethodCall::WithBlock#test_positional_splat_parameter [/root/ruby-3.4.1/test/ruby/te
st_allocation.rb:90]:
Expected 1 array allocations for "splat(1, &block)", but 2 arrays allocated.
<true> expected but was
<false>.

 25) Failure:
TestAllocation::MethodCall::WithBlock#test_no_array_allocation_with_splat_and_nonstatic_keywords [/r
oot/ruby-3.4.1/test/ruby/test_allocation.rb:88]:
Expected 0 array allocations for "keyword(*empty_array, a: empty_array, &block)", but 1 arrays alloc
ated.
<true> expected but was
<false>.

 26) Failure:
TestAllocation::MethodCall::WithBlock#test_keyword_splat_parameter [/root/ruby-3.4.1/test/ruby/test_
allocation.rb:86]:
Expected 0 array allocations for "keyword_splat(a: 2, &block)", but 1 arrays allocated.
<true> expected but was
<false>.

 27) Failure:
TestAllocation::MethodCall::WithBlock#test_argument_forwarding [/root/ruby-3.4.1/test/ruby/test_allo
cation.rb:104]:
Expected 0 array allocations for "argument_forwarding(1, a: 2, &block)", but 1 arrays allocated.
<true> expected but was
<false>.

 28) Failure:
TestAllocation::MethodCall::WithBlock#test_positional_splat_and_post_parameters [/root/ruby-3.4.1/te
st/ruby/test_allocation.rb:89]:
Expected 1 array allocations for "splat_post(1, &block)", but 2 arrays allocated.
<true> expected but was
<false>.

 29) Failure:
TestAllocation::MethodCall::WithBlock#test_positional_splat_and_keyword_splat_parameter [/root/ruby-
3.4.1/test/ruby/test_allocation.rb:104]:
Expected 1 array allocations for "splat_and_keyword_splat(1, a: 2, &block)", but 2 arrays allocated.
<true> expected but was
<false>.

 30) Failure:
TestAllocation::MethodCall::WithBlock#test_keyword_parameter [/root/ruby-3.4.1/test/ruby/test_alloca
tion.rb:86]:
Expected 0 array allocations for "keyword(a: 2, &block)", but 1 arrays allocated.
<true> expected but was
<false>.

 31) Failure:
TestAllocation::MethodCall::WithBlock#test_no_parameters [/root/ruby-3.4.1/test/ruby/test_allocation
.rb:76]:
Expected 0 array allocations for "none(&block)", but 1 arrays allocated.
<true> expected but was
<false>.

 32) Failure:
TestAllocation::MethodCall::WithBlock#test_required_and_keyword_splat_parameter [/root/ruby-3.4.1/te
st/ruby/test_allocation.rb:102]:
Expected 0 array allocations for "required_and_keyword_splat(1, a: 2, &block)", but 1 arrays allocat
ed.
<true> expected but was
<false>.

 33) Failure:
TestAllocation::MethodCall::WithBlock#test_anonymous_splat_and_anonymous_keyword_splat_parameters [/
root/ruby-3.4.1/test/ruby/test_allocation.rb:104]:
Expected 1 array allocations for "anon_splat_and_anon_keyword_splat(1, a: 2, &block)", but 2 arrays
allocated.
<true> expected but was
<false>.

 34) Failure:
TestAllocation::MethodCall::WithBlock#test_required_parameter [/root/ruby-3.4.1/test/ruby/test_alloc
ation.rb:82]:
Expected 0 array allocations for "required(1, &block)", but 1 arrays allocated.
<true> expected but was
<false>.

 35) Failure:
TestAllocation::MethodCall::WithBlock#test_nested_anonymous_splat_and_anonymous_keyword_splat_parame
ters [/root/ruby-3.4.1/test/ruby/test_allocation.rb:105]:
Expected 1 array allocations for "anon_splat_and_anon_keyword_splat(1, a: 2, &block)", but 2 arrays
allocated.
<true> expected but was
<false>.

 36) Failure:
TestAllocation::MethodCall::WithBlock#test_required_and_positional_splat_parameters [/root/ruby-3.4.
1/test/ruby/test_allocation.rb:89]:
Expected 1 array allocations for "req_splat(1, &block)", but 2 arrays allocated.
<true> expected but was
<false>.

 37) Failure:
TestAllocation::MethodCall::WithBlock#test_optional_parameter [/root/ruby-3.4.1/test/ruby/test_alloc
ation.rb:83]:
Expected 0 array allocations for "optional(1, &block)", but 1 arrays allocated.
<true> expected but was
<false>.

 38) Failure:
TestAllocation::MethodCall#test_required_positional_and_keyword_parameter [/root/ruby-3.4.1/test/rub
y/test_allocation.rb:102]:
Expected 0 array allocations for "required_and_keyword(1, a: 2)", but 1 arrays allocated.
<true> expected but was
<false>.

 39) Failure:
TestAllocation::MethodCall#test_positional_splat_and_keyword_parameter [/root/ruby-3.4.1/test/ruby/t
est_allocation.rb:104]:
Expected 1 array allocations for "splat_and_keyword(1, a: 2)", but 2 arrays allocated.
<true> expected but was
<false>.

 40) Failure:
TestAllocation::MethodCall#test_keyword_and_keyword_splat_parameter [/root/ruby-3.4.1/test/ruby/test
_allocation.rb:86]:
Expected 0 array allocations for "keyword_and_keyword_splat(a: 2)", but 1 arrays allocated.
<true> expected but was
<false>.

 41) Failure:
TestAllocation::MethodCall#test_ruby2_keywords [/root/ruby-3.4.1/test/ruby/test_allocation.rb:108]:
Expected 1 array allocations for "r2k(1, a: 2)", but 2 arrays allocated.
<true> expected but was
<false>.

 42) Failure:
TestAllocation::MethodCall#test_nested_argument_forwarding [/root/ruby-3.4.1/test/ruby/test_allocati
on.rb:105]:
Expected 0 array allocations for "argument_forwarding(1, a: 2)", but 1 arrays allocated.
<true> expected but was
<false>.

 43) Failure:
TestAllocation::MethodCall#test_positional_splat_parameter [/root/ruby-3.4.1/test/ruby/test_allocati
on.rb:90]:
Expected 1 array allocations for "splat(1)", but 2 arrays allocated.
<true> expected but was
<false>.

 44) Failure:
TestAllocation::MethodCall#test_no_array_allocation_with_splat_and_nonstatic_keywords [/root/ruby-3.
4.1/test/ruby/test_allocation.rb:88]:
Expected 0 array allocations for "keyword(*empty_array, a: empty_array)", but 1 arrays allocated.
<true> expected but was
<false>.

 45) Failure:
TestAllocation::MethodCall#test_keyword_splat_parameter [/root/ruby-3.4.1/test/ruby/test_allocation.
rb:86]:
Expected 0 array allocations for "keyword_splat(a: 2)", but 1 arrays allocated.
<true> expected but was
<false>.

 46) Failure:
TestAllocation::MethodCall#test_argument_forwarding [/root/ruby-3.4.1/test/ruby/test_allocation.rb:1
04]:
Expected 0 array allocations for "argument_forwarding(1, a: 2)", but 1 arrays allocated.
<true> expected but was
<false>.

 47) Failure:
TestAllocation::MethodCall#test_positional_splat_and_post_parameters [/root/ruby-3.4.1/test/ruby/tes
t_allocation.rb:89]:
Expected 1 array allocations for "splat_post(1)", but 2 arrays allocated.
<true> expected but was
<false>.

 48) Failure:
TestAllocation::MethodCall#test_positional_splat_and_keyword_splat_parameter [/root/ruby-3.4.1/test/
ruby/test_allocation.rb:104]:
Expected 1 array allocations for "splat_and_keyword_splat(1, a: 2)", but 2 arrays allocated.
<true> expected but was
<false>.

 49) Failure:
TestAllocation::MethodCall#test_keyword_parameter [/root/ruby-3.4.1/test/ruby/test_allocation.rb:86]
:
Expected 0 array allocations for "keyword(a: 2)", but 1 arrays allocated.
<true> expected but was
<false>.

 50) Failure:
TestAllocation::MethodCall#test_no_parameters [/root/ruby-3.4.1/test/ruby/test_allocation.rb:76]:
Expected 0 array allocations for "none()", but 1 arrays allocated.
<true> expected but was
<false>.

 51) Failure:
TestAllocation::MethodCall#test_required_and_keyword_splat_parameter [/root/ruby-3.4.1/test/ruby/tes
t_allocation.rb:102]:
Expected 0 array allocations for "required_and_keyword_splat(1, a: 2)", but 1 arrays allocated.
<true> expected but was
<false>.

 52) Failure:
TestAllocation::MethodCall#test_anonymous_splat_and_anonymous_keyword_splat_parameters [/root/ruby-3
.4.1/test/ruby/test_allocation.rb:104]:
Expected 1 array allocations for "anon_splat_and_anon_keyword_splat(1, a: 2)", but 2 arrays allocate
d.
<true> expected but was
<false>.

 53) Failure:
TestAllocation::MethodCall#test_required_parameter [/root/ruby-3.4.1/test/ruby/test_allocation.rb:82
]:
Expected 0 array allocations for "required(1)", but 1 arrays allocated.
<true> expected but was
<false>.

 54) Failure:
TestAllocation::MethodCall#test_nested_anonymous_splat_and_anonymous_keyword_splat_parameters [/root
/ruby-3.4.1/test/ruby/test_allocation.rb:105]:
Expected 1 array allocations for "anon_splat_and_anon_keyword_splat(1, a: 2)", but 2 arrays allocate
d.
<true> expected but was
<false>.

 55) Failure:
TestAllocation::MethodCall#test_required_and_positional_splat_parameters [/root/ruby-3.4.1/test/ruby
/test_allocation.rb:89]:
Expected 1 array allocations for "req_splat(1)", but 2 arrays allocated.
<true> expected but was
<false>.

 56) Failure:
TestAllocation::MethodCall#test_optional_parameter [/root/ruby-3.4.1/test/ruby/test_allocation.rb:83
]:
Expected 0 array allocations for "optional(1)", but 1 arrays allocated.
<true> expected but was
<false>.

 57) Failure:
TestAllocation::ProcCall#test_required_positional_and_keyword_parameter [/root/ruby-3.4.1/test/ruby/
test_allocation.rb:101]:
Expected 0 array allocations for "required_and_keyword.(1, a: 2)", but 1 arrays allocated.
<true> expected but was
<false>.

 58) Failure:
TestAllocation::ProcCall#test_positional_splat_and_keyword_parameter [/root/ruby-3.4.1/test/ruby/tes
t_allocation.rb:103]:
Expected 1 array allocations for "splat_and_keyword.(1, a: 2)", but 2 arrays allocated.
<true> expected but was
<false>.

 59) Failure:
TestAllocation::ProcCall#test_keyword_and_keyword_splat_parameter [/root/ruby-3.4.1/test/ruby/test_a
llocation.rb:85]:
Expected 0 array allocations for "keyword_and_keyword_splat.(a: 2)", but 1 arrays allocated.
<true> expected but was
<false>.

 60) Failure:
TestAllocation::ProcCall#test_ruby2_keywords [/root/ruby-3.4.1/test/ruby/test_allocation.rb:107]:
Expected 1 array allocations for "r2k.(1, a: 2)", but 2 arrays allocated.
<true> expected but was
<false>.

 61) Failure:
TestAllocation::ProcCall#test_positional_splat_parameter [/root/ruby-3.4.1/test/ruby/test_allocation
.rb:89]:
Expected 1 array allocations for "splat.(1)", but 2 arrays allocated.
<true> expected but was
<false>.

 62) Failure:
TestAllocation::ProcCall#test_no_array_allocation_with_splat_and_nonstatic_keywords [/root/ruby-3.4.
1/test/ruby/test_allocation.rb:88]:
Expected 0 array allocations for "keyword.(*empty_array, a: empty_array)", but 1 arrays allocated.
<true> expected but was
<false>.

 63) Failure:
TestAllocation::ProcCall#test_keyword_splat_parameter [/root/ruby-3.4.1/test/ruby/test_allocation.rb
:85]:
Expected 0 array allocations for "keyword_splat.(a: 2)", but 1 arrays allocated.
<true> expected but was
<false>.

 64) Failure:
TestAllocation::ProcCall#test_positional_splat_and_post_parameters [/root/ruby-3.4.1/test/ruby/test_
allocation.rb:88]:
Expected 1 array allocations for "splat_post.(1)", but 2 arrays allocated.
<true> expected but was
<false>.

 65) Failure:
TestAllocation::ProcCall#test_positional_splat_and_keyword_splat_parameter [/root/ruby-3.4.1/test/ru
by/test_allocation.rb:103]:
Expected 1 array allocations for "splat_and_keyword_splat.(1, a: 2)", but 2 arrays allocated.
<true> expected but was
<false>.

 66) Failure:
TestAllocation::ProcCall#test_keyword_parameter [/root/ruby-3.4.1/test/ruby/test_allocation.rb:85]:
Expected 0 array allocations for "keyword.(a: 2)", but 1 arrays allocated.
<true> expected but was
<false>.

 67) Failure:
TestAllocation::ProcCall#test_no_parameters [/root/ruby-3.4.1/test/ruby/test_allocation.rb:75]:
Expected 0 array allocations for "none.()", but 1 arrays allocated.
<true> expected but was
<false>.

 68) Failure:
TestAllocation::ProcCall#test_required_and_keyword_splat_parameter [/root/ruby-3.4.1/test/ruby/test_
allocation.rb:101]:
Expected 0 array allocations for "required_and_keyword_splat.(1, a: 2)", but 1 arrays allocated.
<true> expected but was
<false>.

 69) Failure:
TestAllocation::ProcCall#test_anonymous_splat_and_anonymous_keyword_splat_parameters [/root/ruby-3.4
.1/test/ruby/test_allocation.rb:103]:
Expected 1 array allocations for "anon_splat_and_anon_keyword_splat.(1, a: 2)", but 2 arrays allocat
ed.
<true> expected but was
<false>.

 70) Failure:
TestAllocation::ProcCall#test_required_parameter [/root/ruby-3.4.1/test/ruby/test_allocation.rb:81]:
Expected 0 array allocations for "required.(1)", but 1 arrays allocated.
<true> expected but was
<false>.

 71) Failure:
TestAllocation::ProcCall#test_required_and_positional_splat_parameters [/root/ruby-3.4.1/test/ruby/t
est_allocation.rb:88]:
Expected 1 array allocations for "req_splat.(1)", but 2 arrays allocated.
<true> expected but was
<false>.

 72) Failure:
TestAllocation::ProcCall#test_optional_parameter [/root/ruby-3.4.1/test/ruby/test_allocation.rb:82]:
Expected 0 array allocations for "optional.(1)", but 1 arrays allocated.
<true> expected but was
<false>.

Finished tests in 1096.807854s, 0.0656 tests/s, 0.2626 assertions/s.
72 tests, 288 assertions, 72 failures, 0 errors, 0 skips

ruby -v: ruby 3.4.1 (2025-06-14 revision 742e381c9f) +PRISM [riscv64-freebsd]
end time: 2025-06-22T03:07:40
----------------------------------------
Running test: ../test/ruby/test_const.rb
start time: 2025-06-22T03:07:40
Run options:
  "--ruby=./miniruby -I../lib -I. -I.ext/common  ../tool/runruby.rb --extout=.ext  -- --disable-gems
"
  --excludes-dir=../test/.excludes
  --name=!/memory_leak/
  -s
  3216
  --timeout-scale
  10
  --worker-timeout=100
  -v

# Running tests:

[1/4] TestConst#test_redefinition = 0.04 s
[2/4] TestConst#test_const = 0.02 s
[3/4] TestConst#test_const_access_from_nil = 0.05 s
[4/4] TestConst#test_toplevel_lookup = 0.01 s
Finished tests in 1.433496s, 2.7904 tests/s, 25.1134 assertions/s.
4 tests, 36 assertions, 0 failures, 0 errors, 0 skips

ruby -v: ruby 3.4.1 (2025-06-14 revision 742e381c9f) +PRISM [riscv64-freebsd]
end time: 2025-06-22T03:07:59
----------------------------------------
Running test: ../test/ruby/test_optimization.rb
start time: 2025-06-22T03:07:59
Run options:
  "--ruby=./miniruby -I../lib -I. -I.ext/common  ../tool/runruby.rb --extout=.ext  -- --disable-gems
"
  --excludes-dir=../test/.excludes
  --name=!/memory_leak/
  -s
  3216
  --timeout-scale
  10
  --worker-timeout=100
  -v

# Running tests:

[ 1/86] TestRubyOptimization#test_tailcall_condition_block = 2.40 s
[ 2/86] TestRubyOptimization#test_float_ge = 13.73 s
[ 3/86] TestRubyOptimization#test_string_size = 13.67 s
[ 4/86] TestRubyOptimization#test_tailcall_inhibited_by_rescue = 0.06 s
[ 5/86] TestRubyOptimization#test_branch_condition_def = 0.01 s
[ 6/86] TestRubyOptimization#test_fixnum_le = 15.05 s
[ 7/86] TestRubyOptimization#test_fixnum_mod = 13.71 s
[ 8/86] TestRubyOptimization#test_hash_empty? = 13.70 s
[ 9/86] TestRubyOptimization#test_opt_newarray_send_include_p = 4.81 s
[10/86] TestRubyOptimization#test_float_le = 13.95 s
[11/86] TestRubyOptimization#test_tailcall_inhibited_by_block = 0.35 s
[12/86] TestRubyOptimization#test_float_plus = 13.82 s
[13/86] TestRubyOptimization#test_c_func_with_sp_offset_under_tailcall = 0.03 s
[14/86] TestRubyOptimization#test_clear_unreachable_keyword_args = 199.07 s
[15/86] TestRubyOptimization#test_hash_aref_with = 13.70 s
[16/86] TestRubyOptimization#test_string_format = 13.69 s
[17/86] TestRubyOptimization#test_fixnum_ge = 13.68 s
[18/86] TestRubyOptimization#test_peephole_hash_freeze_empty = 2.36 s
[19/86] TestRubyOptimization#test_fixnum_mul = 13.70 s
[20/86] TestRubyOptimization#test_tailcall_not_to_grow_stack = 28.55 s
[21/86] TestRubyOptimization#test_branch_condition_backquote = 0.02 s
[22/86] TestRubyOptimization#test_fixnum_or = 14.60 s
[23/86] TestRubyOptimization#test_tailcall_symbol_block_arg = 0.05 s
[24/86] TestRubyOptimization#test_peephole_string_literal_range = 0.08 s
[25/86] TestRubyOptimization#test_fixnum_div = 13.68 s
[26/86] TestRubyOptimization#test_string_empty? = 13.68 s
[27/86] TestRubyOptimization#test_string_uminus = 13.76 s
[28/86] TestRubyOptimization#test_array_max = 25.08 s
[29/86] TestRubyOptimization#test_array_minus = 13.79 s
[30/86] TestRubyOptimization#test_array_empty? = 13.79 s
[31/86] TestRubyOptimization#test_string_freeze_block = 11.46 s
[32/86] TestRubyOptimization#test_string_eq_neq = 25.51 s
[33/86] TestRubyOptimization#test_hash_aset_with = 14.46 s
[34/86] TestRubyOptimization#test_tailcall_interrupted_by_sigint = 9.76 s
[35/86] TestRubyOptimization#test_eq = 0.02 s
[36/86] TestRubyOptimization#test_side_effect_in_popped_splat = 0.03 s
[37/86] TestRubyOptimization#test_string_freeze = 13.70 s
[38/86] TestRubyOptimization#test_block_parameter_should_not_create_objects = 11.91 s
[39/86] TestRubyOptimization#test_unconditional_branch_to_leave_block = 0.03 s
[40/86] TestRubyOptimization#test_fixnum_minus = 13.78 s
[41/86] TestRubyOptimization#test_peephole_optimization_without_trace = 11.34 s
[42/86] TestRubyOptimization#test_string_freeze_saves_memory = 0.02 s
[43/86] TestRubyOptimization#test_peephole_jump_after_newarray = 0.01 s
[44/86] TestRubyOptimization#test_optimized_rescue = 2.34 s
[45/86] TestRubyOptimization#test_float_div = 13.69 s
[46/86] TestRubyOptimization#test_fixnum_plus = 13.69 s
[47/86] TestRubyOptimization#test_block_parameter = 0.03 s
[48/86] TestRubyOptimization#test_float_mul = 13.71 s
[49/86] TestRubyOptimization#test_string_plus = 14.55 s
[50/86] TestRubyOptimization#test_eqq = 95.82 s
[51/86] TestRubyOptimization#test_nil_safe_conditional_assign = 9.75 s
[52/86] TestRubyOptimization#test_string_ltlt = 14.08 s
[53/86] TestRubyOptimization#test_tailcall_and_post_arg = 0.05 s
[54/86] TestRubyOptimization#test_opt_duparray_send_include_p = 4.85 s
[55/86] TestRubyOptimization#test_block_given_aset_aref = 0.02 s
[56/86] TestRubyOptimization#test_string_length = 14.49 s
[57/86] TestRubyOptimization#test_tailcall = 2.37 s
[58/86] TestRubyOptimization#test_array_length = 13.99 s
[59/86] TestRubyOptimization#test_trace_optimized_methods = 1.03 s
[60/86] TestRubyOptimization#test_array_plus = 13.86 s
[61/86] TestRubyOptimization#test_blockparam_in_rescue = 0.02 s
[62/86] TestRubyOptimization#test_peephole_dstr = 0.03 s
[63/86] TestRubyOptimization#test_objtostring = 56.88 s
[64/86] TestRubyOptimization#test_jump_elimination_with_optimized_out_block = 0.01 s
[65/86] TestRubyOptimization#test_branch_condition_defs = 0.02 s
[66/86] TestRubyOptimization#test_hash_length = 13.69 s
[67/86] TestRubyOptimization#test_callinfo_unreachable_path = 11.45 s
[68/86] TestRubyOptimization#test_array_min = 25.94 s
[69/86] TestRubyOptimization#test_peephole_array_freeze = 2.37 s
[70/86] TestRubyOptimization#test_tailcall_with_block = 0.05 s
[71/86] TestRubyOptimization#test_string_succ = 2.36 s
[72/86] TestRubyOptimization#test_overwritten_blockparam = 0.01 s
[73/86] TestRubyOptimization#test_float_gt = 13.70 s
[74/86] TestRubyOptimization#test_optimized_empty_ensure = 11.37 s
[75/86] TestRubyOptimization#test_retry_label_in_unreachable_chunk = 0.02 s
[76/86] TestRubyOptimization#test_fixnum_lt = 13.69 s
[77/86] TestRubyOptimization#test_fixnum_and = 13.90 s
[78/86] TestRubyOptimization#test_float_minus = 13.71 s
[79/86] TestRubyOptimization#test_peephole_array_freeze_empty = 2.52 s
[80/86] TestRubyOptimization#test_jump_elimination_with_optimized_out_block_2 = 0.01 s
[81/86] TestRubyOptimization#test_opt_case_dispatch = 92.55 s
[82/86] TestRubyOptimization#test_float_lt = 13.72 s
[83/86] TestRubyOptimization#test_array_hash = 2.34 s
[84/86] TestRubyOptimization#test_fixnum_gt = 13.69 s
[85/86] TestRubyOptimization#test_opt_case_dispatch_inf = 0.02 s
[86/86] TestRubyOptimization#test_peephole_hash_freeze = 2.36 s
Finished tests in 1152.073972s, 0.0746 tests/s, 0.6996 assertions/s.
86 tests, 806 assertions, 0 failures, 0 errors, 0 skips

ruby -v: ruby 3.4.1 (2025-06-14 revision 742e381c9f) +PRISM [riscv64-freebsd]
end time: 2025-06-22T03:27:31
----------------------------------------
Running test: ../test/ruby/test_gc.rb
start time: 2025-06-22T03:27:31
Run options:
  "--ruby=./miniruby -I../lib -I. -I.ext/common  ../tool/runruby.rb --extout=.ext  -- --disable-gems
"
  --excludes-dir=../test/.excludes
  --name=!/memory_leak/
  -s
  3216
  --timeout-scale
  10
  --worker-timeout=100
  -v

# Running tests:

[ 1/52] TestGc#test_gc_stress_at_startup = 615.47 s
[ 2/52] TestGc#test_thrashing_for_young_objects = 343.15 s
[ 3/52] TestGc#test_profiler_raw_data = 1.20 s
[ 4/52] TestGc#test_gc = 45.71 s
[ 5/52] TestGc#test_profiler_enabled = 0.02 s
[ 6/52] TestGc#test_ast_node_buffer = 176.48 s
[ 7/52] TestGc#test_stat = 17.12 s
[ 8/52] TestGc#test_gc_stress_on_realloc = 13.90 s
[ 9/52] TestGc#test_profiler_clear = 0.05 s
[10/52] TestGc#test_stat_heap = 0.12 s
[11/52] TestGc#test_singleton_method = 26.73 s
[12/52] TestGc#test_exception_in_finalizer_procs = 2.52 s
[13/52] TestGc#test_latest_gc_info = 52.58 s
[14/52] TestGc#test_gc_config_invalid_args = 0.01 s
[15/52] TestGc#test_stat_single = 0.01 s
[16/52] TestGc#test_gc_disabled_start = 5.62 s
[17/52] TestGc#test_stat_heap_constraints = 0.03 s
[18/52] TestGc#test_start_full_mark = 9.41 s
[19/52] TestGc#test_sweep_in_finalizer = 592.99 s
[20/52] TestGc#test_gc_config_implementation_is_readonly = 0.04 s
[21/52] TestGc#test_interrupt_in_finalizer = 43.17 s
[22/52] TestGc#test_verify_internal_consistency = 14.01 s
[23/52] TestGc#test_count = 11.04 s
[24/52] TestGc#test_latest_gc_info_weak_references_count = 18.17 s
[25/52] TestGc#test_gc_config_full_mark_by_default = 0.02 s
[26/52] TestGc#test_object_ids_never_repeat = 5.01 s
[27/52] TestGc#test_stat_argument = 0.04 s
[28/52] TestGc#test_latest_gc_info_argument = 0.02 s
[29/52] TestGc#test_expand_heap = 19.15 s
[30/52] TestGc#test_stat_constraints = 0.02 s
[31/52] TestGc#test_exception_in_finalizer = 37.40 s
[32/52] TestGc#test_gc_config_setting_returns_updated_config_hash = 2.36 s
[33/52] TestGc#test_exception_in_finalizer_method = 12.73 s
[34/52] TestGc#test_gc_config_disable_major = 147.83 s
[35/52] TestGc#test_measure_total_time = 45.32 s
[36/52] TestGc#test_stat_heap_all = 0.04 s
[37/52] TestGc#test_stress_compile_send = 11.34 s
[38/52] TestGc#test_start_immediate_sweep = 30.38 s
[39/52] TestGc#test_gc_config_implementation = 0.03 s
[40/52] TestGc#test_enable_disable = 10.46 s
[41/52] TestGc#test_gc_parameter_init_slots = 45.76 s
[42/52] TestGc#test_finalizing_main_thread = 2.53 s
[43/52] TestGc#test_vm_object = 35.71 s
[44/52] TestGc#test_old_to_young_reference = 84.35 s
[45/52] TestGc#test_gc_config_setting_returns_nil_for_missing_keys = 10.47 s
[46/52] TestGc#test_finalizer_passed_object_id = 2.54 s
[47/52] TestGc#test_gc_config_disable_major_gc_start_always_works = 21.51 s
[48/52] TestGc#test_gc_internals = 0.01 s
[49/52] TestGc#test_profiler_total_time = 10.49 s
[50/52] TestGc#test_gc_parameter = 140.24 s
[51/52] TestGc#test_latest_gc_info_need_major_by = 274.51 s
[52/52] TestGc#test_singleton_method_added = 3.26 s

  1) Timeout:
TestGc#test_gc_stress_at_startup

  2) Timeout:
TestGc#test_gc_parameter

Finished tests in 2948.613635s, 0.0176 tests/s, 0.1133 assertions/s.
52 tests, 334 assertions, 0 failures, 2 errors, 3 skips

ruby -v: ruby 3.4.1 (2025-06-14 revision 742e381c9f) +PRISM [riscv64-freebsd]
end time: 2025-06-22T04:17:05
----------------------------------------
Running test: ../test/ruby/test_weakmap.rb
start time: 2025-06-22T04:17:06
Run options:
  "--ruby=./miniruby -I../lib -I. -I.ext/common  ../tool/runruby.rb --extout=.ext  -- --disable-gems
"
  --excludes-dir=../test/.excludes
  --name=!/memory_leak/
  -s
  3216
  --timeout-scale
  10
  --worker-timeout=100
  -v

# Running tests:

[ 1/18] TestWeakMap#test_gc_compact_stress = 4.75 s
[ 2/18] TestWeakMap#test_member? = 0.45 s
[ 3/18] TestWeakMap#test_frozen_object = 0.01 s
[ 4/18] TestWeakMap#test_key? = 0.45 s
[ 5/18] TestWeakMap#test_compaction = 165.06 s
[ 6/18] TestWeakMap#test_each_value = 0.02 s
[ 7/18] TestWeakMap#test_inspect = 0.02 s
[ 8/18] TestWeakMap#test_delete = 0.01 s
[ 9/18] TestWeakMap#test_replaced_values_bug_19531 = 1.00 s
[10/18] TestWeakMap#test_each_key = 0.01 s
[11/18] TestWeakMap#test_use_after_free_bug_20688 = 14.38 s
[12/18] TestWeakMap#test_aset_const = 0.02 s
[13/18] TestWeakMap#test_length = 0.01 s
[14/18] TestWeakMap#test_each = 0.02 s
[15/18] TestWeakMap#test_map = 0.01 s
[16/18] TestWeakMap#test_size = 0.01 s
[17/18] TestWeakMap#test_inspect_garbage = 21.33 s
[18/18] TestWeakMap#test_include? = 1.18 s
Finished tests in 210.619910s, 0.0855 tests/s, 0.4843 assertions/s.
18 tests, 102 assertions, 0 failures, 0 errors, 3 skips

ruby -v: ruby 3.4.1 (2025-06-14 revision 742e381c9f) +PRISM [riscv64-freebsd]
end time: 2025-06-22T04:20:55
----------------------------------------
Running test: ../test/ruby/test_complexrational.rb
start time: 2025-06-22T04:20:55
Run options:
  "--ruby=./miniruby -I../lib -I. -I.ext/common  ../tool/runruby.rb --extout=.ext  -- --disable-gems
"
  --excludes-dir=../test/.excludes
  --name=!/memory_leak/
  -s
  3216
  --timeout-scale
  10
  --worker-timeout=100
  -v

# Running tests:

[1/2] ComplexRational_Test#test_rat_srat = 0.15 s
[2/2] ComplexRational_Test#test_comp_srat = 0.23 s
Finished tests in 1.620073s, 1.2345 tests/s, 76.5398 assertions/s.
2 tests, 124 assertions, 0 failures, 0 errors, 0 skips

ruby -v: ruby 3.4.1 (2025-06-14 revision 742e381c9f) +PRISM [riscv64-freebsd]
end time: 2025-06-22T04:21:15
----------------------------------------
Running test: ../test/ruby/test_class.rb
start time: 2025-06-22T04:21:15
Run options:
  "--ruby=./miniruby -I../lib -I. -I.ext/common  ../tool/runruby.rb --extout=.ext  -- --disable-gems
"
  --excludes-dir=../test/.excludes
  --name=!/memory_leak/
  -s
  3216
  --timeout-scale
  10
  --worker-timeout=100
  -v

# Running tests:

[ 1/54] TestClass#test_uninitialized = 0.08 s
[ 2/54] TestClass#test_class_cmp = 0.02 s
[ 3/54] TestClass#test_assign_frozen_class_to_const = 0.02 s
[ 4/54] TestClass#test_subclass_gc = 427.58 s
[ 5/54] TestClass#test_cloned_class = 0.01 s
[ 6/54] TestClass#test_append_features = 0.01 s
[ 7/54] TestClass#test_singleton_class_of_frozen_object = 0.02 s
[ 8/54] TestClass#test_singleton_class = 2.46 s
[ 9/54] TestClass#test_clone_singleton_class_exists = 0.03 s
[10/54] TestClass#test_s_inherited = 0.01 s
[11/54] TestClass#test_redefinition_mismatch = 11.50 s
[12/54] TestClass#test_superclass_of_basicobject = 11.38 s
[13/54] TestClass#test_superclass = 0.02 s
[14/54] TestClass#test_attached_object = 0.07 s
[15/54] TestClass#test_invalid_next_from_class_definition = 0.05 s
[16/54] TestClass#test_singleton_class_message = 0.02 s
[17/54] TestClass#test_module_function = 0.01 s
[18/54] TestClass#test_singleton_class_should_has_own_namespace = 1.46 s
[19/54] TestClass#test_initialize_copy = 0.02 s
[20/54] TestClass#test_invalid_break_from_class_definition = 0.04 s
[21/54] TestClass#test_nonascii_name = 0.02 s
[22/54] TestClass#test_constant_access_from_method_in_cloned_class = 0.01 s
[23/54] TestClass#test_invalid_retry_from_class_definition = 0.03 s
[24/54] TestClass#test_nested_class_removal = 10.13 s
[25/54] TestClass#test_00_new_basic = 0.02 s
[26/54] TestClass#test_method_redefinition = 0.06 s
[27/54] TestClass#test_invalid_redo_from_class_definition = 0.04 s
[28/54] TestClass#test_visibility_inside_method = 0.55 s
[29/54] TestClass#test_private_const_access = 0.09 s
[30/54] TestClass#test_invalid_yield_from_class_definition = 0.05 s
[31/54] TestClass#test_singleton_class_p = 0.02 s
[32/54] TestClass#test_cloned_singleton_method_added = 0.05 s
[33/54] TestClass#test_invalid_superclass = 0.49 s
[34/54] TestClass#test_prepend_features = 0.01 s
[35/54] TestClass#test_extend_object = 0.01 s
[36/54] TestClass#test_clone_when_singleton_class_of_singleton_class_exists = 0.02 s
[37/54] TestClass#test_namescope_error_message = 0.03 s
[38/54] TestClass#test_class_initialize = 0.01 s
[39/54] TestClass#test_check_inheritable = 0.04 s
[40/54] TestClass#test_invalid_reset_superclass = 0.03 s
[41/54] TestClass#test_s_new = 0.01 s
[42/54] TestClass#test_subclass_gc_stress = 455.90 s
[43/54] TestClass#test_01_new_inherited = 0.01 s
[44/54] TestClass#test_module_specific_methods = 0.02 s
[45/54] TestClass#test_instance_freeze_dont_freeze_the_class_bug_19164 = 0.01 s
[46/54] TestClass#test_freeze_to_s = 0.01 s
[47/54] TestClass#test_cannot_reinitialize_class_with_initialize_copy = 2.41 s
[48/54] TestClass#test_should_not_expose_singleton_class_without_metaclass = 19.62 s
[49/54] TestClass#test_invalid_return_from_class_definition = 0.07 s
[50/54] TestClass#test_subclasses = 3.03 s
[51/54] TestClass#test_redefine_private_class = 0.06 s
[52/54] TestClass#test_instantiate_singleton_class = 0.01 s
[53/54] TestClass#test_clone_when_method_exists_on_singleton_class_of_singleton_class = 0.02 s
[54/54] TestClass#test_clone = 0.01 s
Finished tests in 952.709027s, 0.0567 tests/s, 11.1377 assertions/s.
54 tests, 10611 assertions, 0 failures, 0 errors, 0 skips

ruby -v: ruby 3.4.1 (2025-06-14 revision 742e381c9f) +PRISM [riscv64-freebsd]
end time: 2025-06-22T04:37:27
----------------------------------------
Running test: ../test/ruby/test_complex.rb
start time: 2025-06-22T04:37:27
Run options:
  "--ruby=./miniruby -I../lib -I. -I.ext/common  ../tool/runruby.rb --extout=.ext  -- --disable-gems
"
  --excludes-dir=../test/.excludes
  --name=!/memory_leak/
  -s
  3216
  --timeout-scale
  10
  --worker-timeout=100
  -v

# Running tests:

[ 1/57] Complex_Test#test_fixed_bug = 0.05 s
[ 2/57] Complex_Test#test_marshal = 0.03 s
[ 3/57] Complex_Test#test_sub = 0.02 s
[ 4/57] Complex_Test#test_math = 0.03 s
[ 5/57] Complex_Test#test_Complex_with_invalid_exception = 0.01 s
[ 6/57] Complex_Test#test_marshal_compatibility = 0.01 s
[ 7/57] Complex_Test#test_quo = 0.02 s
[ 8/57] Complex_Test#test_freeze = 0.01 s
[ 9/57] Complex_Test#test_rect = 0.01 s
[10/57] Complex_Test#test_fdiv = 0.02 s
[11/57] Complex_Test#test_attr = 0.03 s
[12/57] Complex_Test#test_expt_for_special_angle = 0.04 s
[13/57] Complex_Test#test_compsub = 0.02 s
[14/57] Complex_Test#test_cmp = 0.01 s
[15/57] Complex_Test#test_hash = 0.02 s
[16/57] Complex_Test#test_respond = 0.04 s
[17/57] Complex_Test#test_to_r = 0.02 s
[18/57] Complex_Test#test_expt = 0.03 s
[19/57] Complex_Test#test_to_r_with_float = 0.01 s
[20/57] Complex_Test#test_coerce = 0.04 s
[21/57] Complex_Test#test_finite_p = 0.02 s
[22/57] Complex_Test#test_inspect = 0.01 s
[23/57] Complex_Test#test_parse = 0.22 s
[24/57] Complex_Test#test_canonicalize_polar = 0.04 s
[25/57] Complex_Test#test_sub_with_redefining_rational_minus = 2.39 s
[26/57] Complex_Test#test_conv = 0.05 s
[27/57] Complex_Test#test_to_f = 0.02 s
[28/57] Complex_Test#test_sub_with_redefining_int_minus = 2.35 s
[29/57] Complex_Test#test_to_r_with_numeric_obj = 0.02 s
[30/57] Complex_Test#test_polar = 0.02 s
[31/57] Complex_Test#test_attr2 = 0.02 s
[32/57] Complex_Test#test_coerce2 = 0.05 s
[33/57] Complex_Test#test_rationalize = 0.01 s
[34/57] Complex_Test#test_add_with_redefining_float_plus = 2.34 s
[35/57] Complex_Test#test_to_c = 0.02 s
[36/57] Complex_Test#test_add = 0.01 s
[37/57] Complex_Test#test_add_with_redefining_int_plus = 2.80 s
[38/57] Complex_Test#test_ruby19 = 0.02 s
[39/57] Complex_Test#test_add_with_redefining_rational_plus = 2.34 s
[40/57] Complex_Test#test_uplus = 0.02 s
[41/57] Complex_Test#test_to_i = 0.03 s
[42/57] Complex_Test#test_eql_p = 0.01 s
[43/57] Complex_Test#test_canonicalize_internal = 0.02 s
[44/57] Complex_Test#test_to_s = 0.06 s
[45/57] Complex_Test#test_inspect_to_s_frozen_bug_20337 = 11.43 s
[46/57] Complex_Test#test_infinite_p = 0.03 s
[47/57] Complex_Test#test_Complex_with_exception = 0.05 s
[48/57] Complex_Test#test_supp = 0.06 s
[49/57] Complex_Test#test_mul_with_redefining_float_mult = 2.35 s
[50/57] Complex_Test#test_mul_with_redefining_int_mult = 2.35 s
[51/57] Complex_Test#test_sub_with_redefining_float_minus = 2.42 s
[52/57] Complex_Test#test_negate = 0.02 s
[53/57] Complex_Test#test_mul_with_redefining_rational_mult = 2.35 s
[54/57] Complex_Test#test_eqeq = 0.09 s
[55/57] Complex_Test#test_known_bug = 0.01 s
[56/57] Complex_Test#test_mul = 0.07 s
[57/57] Complex_Test#test_div = 0.07 s
Finished tests in 39.121252s, 1.4570 tests/s, 20.9349 assertions/s.
57 tests, 819 assertions, 0 failures, 0 errors, 0 skips

ruby -v: ruby 3.4.1 (2025-06-14 revision 742e381c9f) +PRISM [riscv64-freebsd]
end time: 2025-06-22T04:38:26
----------------------------------------
Running test: ../test/ruby/test_integer_comb.rb
start time: 2025-06-22T04:38:26
Run options:
  "--ruby=./miniruby -I../lib -I. -I.ext/common  ../tool/runruby.rb --extout=.ext  -- --disable-gems
"
  --excludes-dir=../test/.excludes
  --name=!/memory_leak/
  -s
  3216
  --timeout-scale
  10
  --worker-timeout=100
  -v

# Running tests:

[ 1/41] TestIntegerComb#test_marshal = 0.19 s
[ 2/41] TestIntegerComb#test_printf_o = 0.18 s
[ 3/41] TestIntegerComb#test_printf_o_sign = 0.62 s
[ 4/41] TestIntegerComb#test_xor = 47.21 s
[ 5/41] TestIntegerComb#test_minus = 85.63 s
[ 6/41] TestIntegerComb#test_anybits_p = 12.82 s
[ 7/41] TestIntegerComb#test_mult = 90.18 s
[ 8/41] TestIntegerComb#test_succ = 0.30 s
[ 9/41] TestIntegerComb#test_cmp = 55.31 s
[10/41] TestIntegerComb#test_even_odd = 0.61 s
[11/41] TestIntegerComb#test_nobits_p = 12.75 s
[12/41] TestIntegerComb#test_remainder = 88.25 s
[13/41] TestIntegerComb#test_or = 58.16 s
[14/41] TestIntegerComb#test_eq = 21.83 s
[15/41] TestIntegerComb#test_pack_utf8 = 0.27 s
[16/41] TestIntegerComb#test_rshift = 240.25 s
[17/41] TestIntegerComb#test_pack_ber = 0.32 s
[18/41] TestIntegerComb#test_allbits_p = 12.91 s
[19/41] TestIntegerComb#test_and = 57.36 s
[20/41] TestIntegerComb#test_floor = 0.14 s
[21/41] TestIntegerComb#test_truncate = 0.28 s
[22/41] TestIntegerComb#test_plus = 83.79 s
[23/41] TestIntegerComb#test_unary_minus = 0.42 s
[24/41] TestIntegerComb#test_pack = 8.07 s
[25/41] TestIntegerComb#test_printf_diu = 0.48 s
[26/41] TestIntegerComb#test_ceil = 0.22 s
[27/41] TestIntegerComb#test_aref = 37.30 s
[28/41] TestIntegerComb#test_abs = 0.23 s
[29/41] TestIntegerComb#test_divmod = 89.32 s
[30/41] TestIntegerComb#test_zero_nonzero = 0.29 s
[31/41] TestIntegerComb#test_to_s = 4.36 s
[32/41] TestIntegerComb#test_round = 0.14 s
[33/41] TestIntegerComb#test_printf_x = 0.28 s
[34/41] TestIntegerComb#test_lshift = 244.94 s
[35/41] TestIntegerComb#test_printf_x_sign = 0.25 s
[36/41] TestIntegerComb#test_unary_plus = 0.14 s
[37/41] TestIntegerComb#test_pred = 0.51 s
[38/41] TestIntegerComb#test_pow = 25.75 s
[39/41] TestIntegerComb#test_printf_b_sign = 0.36 s
[40/41] TestIntegerComb#test_not = 0.38 s
[41/41] TestIntegerComb#test_printf_b = 0.19 s
Finished tests in 1285.730675s, 0.0319 tests/s, 846.5482 assertions/s.
41 tests, 1088433 assertions, 0 failures, 0 errors, 0 skips

ruby -v: ruby 3.4.1 (2025-06-14 revision 742e381c9f) +PRISM [riscv64-freebsd]
end time: 2025-06-22T05:00:11
----------------------------------------
Running test: ../test/ruby/test_complex2.rb
start time: 2025-06-22T05:00:11
Run options:
  "--ruby=./miniruby -I../lib -I. -I.ext/common  ../tool/runruby.rb --extout=.ext  -- --disable-gems
"
  --excludes-dir=../test/.excludes
  --name=!/memory_leak/
  -s
  3216
  --timeout-scale
  10
  --worker-timeout=100
  -v

# Running tests:

[1/2] Complex_Test2#test_kumi2 = 0.12 s
[2/2] Complex_Test2#test_kumi = 1.06 s
Finished tests in 2.664421s, 0.7506 tests/s, 150.8770 assertions/s.
2 tests, 402 assertions, 0 failures, 0 errors, 0 skips

ruby -v: ruby 3.4.1 (2025-06-14 revision 742e381c9f) +PRISM [riscv64-freebsd]
end time: 2025-06-22T05:00:34
----------------------------------------
Running test: ../test/ruby/test_mixed_unicode_escapes.rb
start time: 2025-06-22T05:00:34
Run options:
  "--ruby=./miniruby -I../lib -I. -I.ext/common  ../tool/runruby.rb --extout=.ext  -- --disable-gems
"
  --excludes-dir=../test/.excludes
  --name=!/memory_leak/
  -s
  3216
  --timeout-scale
  10
  --worker-timeout=100
  -v

# Running tests:

[1/1] TestMixedUnicodeEscape#test_basic = 0.08 s
Finished tests in 1.264864s, 0.7906 tests/s, 8.6966 assertions/s.
1 tests, 11 assertions, 0 failures, 0 errors, 0 skips

ruby -v: ruby 3.4.1 (2025-06-14 revision 742e381c9f) +PRISM [riscv64-freebsd]
end time: 2025-06-22T05:00:53
----------------------------------------
Running test: ../test/ruby/test_time.rb
start time: 2025-06-22T05:00:53
Run options:
  "--ruby=./miniruby -I../lib -I. -I.ext/common  ../tool/runruby.rb --extout=.ext  -- --disable-gems
"
  --excludes-dir=../test/.excludes
  --name=!/memory_leak/
  -s
  3216
  --timeout-scale
  10
  --worker-timeout=100
  -v

# Running tests:

[ 1/88] TestTime#test_plus_type = 0.09 s
[ 2/88] TestTime#test_at = 0.16 s
[ 3/88] TestTime#test_sec_str = 0.01 s
[ 4/88] TestTime#test_marshal_broken_month = 0.01 s
[ 5/88] TestTime#test_utc_subsecond = 0.01 s
[ 6/88] TestTime#test_marshal_zone = 0.03 s
[ 7/88] TestTime#test_utc_or_local = 0.06 s
[ 8/88] TestTime#test_strftime_wide_precision = 0.01 s
[ 9/88] TestTime#test_minus = 0.01 s
[10/88] TestTime#test_deconstruct_keys = 0.02 s
[11/88] TestTime#test_strftime_year = 0.38 s
[12/88] TestTime#test_strftime_zone = 0.01 s
[13/88] TestTime#test_xmlschema_encode = 0.09 s
[14/88] TestTime#test_marshal_to_s = 0.01 s
[15/88] TestTime#test_strftime_rational = 0.08 s
[16/88] TestTime#test_strftime_sec = 0.01 s
[17/88] TestTime#test_time_interval = 0.09 s
[18/88] TestTime#test_cmp = 0.01 s
[19/88] TestTime#test_at_with_unit = 0.02 s
[20/88] TestTime#test_hash = 0.01 s
[21/88] TestTime#test_plus_minus = 0.01 s
[22/88] TestTime#test_new_from_string = 0.32 s
[23/88] TestTime#test_to_r = 0.01 s
[24/88] TestTime#test_marshal_nsec = 0.04 s
[25/88] TestTime#test_marshal_broken_zone = 0.02 s
[26/88] TestTime#test_eql = 0.01 s
[27/88] TestTime#test_parse_zero_bigint = 0.01 s
[28/88] TestTime#test_1970 = 0.02 s
[29/88] TestTime#test_readers = 0.06 s
[30/88] TestTime#test_strfimte_zoneoffset = 0.03 s
[31/88] TestTime#test_time_subt = 0.02 s
[32/88] TestTime#test_strftime_subsec = 0.04 s
[33/88] TestTime#test_memsize = 0.04 s
[34/88] TestTime#test_inspect = 0.05 s
[35/88] TestTime#test_getlocal_utc = 0.01 s
[36/88] TestTime#test_time_time = 0.01 s
[37/88] TestTime#test_strftime_flags = 0.05 s
[38/88] TestTime#test_getlocal_utc_offset = 0.03 s
[39/88] TestTime#test_marshal_timezone = 0.02 s
[40/88] TestTime#test_to_f = 0.01 s
[41/88] TestTime#test_strftime_too_wide = 0.01 s
[42/88] TestTime#test_floor = 0.05 s
[43/88] TestTime#test_at_splat = 0.01 s
[44/88] TestTime#test_strftime_weekflags = 0.01 s
[45/88] TestTime#test_at3 = 0.02 s
[46/88] TestTime#test_strftime_invalid_flags = 0.01 s
[47/88] TestTime#test_strftime_far_future = 0.01 s
[48/88] TestTime#test_1901 = 0.02 s
[49/88] TestTime#test_strftime_invalid_modifier = 0.31 s
[50/88] TestTime#test_strftime_padding = 0.04 s
[51/88] TestTime#test_eq_nsec = 0.02 s
[52/88] TestTime#test_num_exact_error = 0.02 s
[53/88] TestTime#test_reinitialize = 0.01 s
[54/88] TestTime#test_zone = 0.01 s
[55/88] TestTime#test_at2 = 0.02 s
[56/88] TestTime#test_at_rational = 0.01 s
[57/88] TestTime#test_marshal_distant_past = 0.02 s
[58/88] TestTime#test_ceil = 0.12 s
[59/88] TestTime#test_marshal_distant_future = 0.02 s
[60/88] TestTime#test_future = 0.02 s
[61/88] TestTime#test_strtime = 0.01 s
[62/88] TestTime#test_utc_p = 0.01 s
[63/88] TestTime#test_asctime = 0.01 s
[64/88] TestTime#test_strftime_weeknum = 0.01 s
[65/88] TestTime#test_to_s = 0.02 s
[66/88] TestTime#test_getlocal_nil = 0.01 s
[67/88] TestTime#test_getlocal_dont_share_eigenclass = 0.01 s
[68/88] TestTime#test_strftime = 0.11 s
[69/88] TestTime#test_marshal_zone_gc = 33.08 s
[70/88] TestTime#test_round = 0.91 s
[71/88] TestTime#test_strftime_yearday_on_last_day_of_year = 0.02 s
[72/88] TestTime#test_2038 = 0.43 s
[73/88] TestTime#test_delegate = 0.02 s
[74/88] TestTime#test_strftime_seconds_from_epoch = 0.04 s
[75/88] TestTime#test_localtime_gmtime = 0.03 s
[76/88] TestTime#test_init_copy = 0.01 s
[77/88] TestTime#test_strftime_ctrlchar = 0.04 s
[78/88] TestTime#test_huge_difference = 0.01 s
[79/88] TestTime#test_time_add = 0.02 s
[80/88] TestTime#test_marshal_ivar = 0.07 s
[81/88] TestTime#test_to_f_accuracy = 0.01 s
[82/88] TestTime#test_past = 0.02 s
[83/88] TestTime#test_big_minus = 0.01 s
[84/88] TestTime#test_marshal_nsec_191 = 0.01 s
[85/88] TestTime#test_marshal_broken_offset = 0.03 s
[86/88] TestTime#test_timegm = 0.02 s
[87/88] TestTime#test_new = 0.07 s
[88/88] TestTime#test_marshal_rational = 0.03 s
Finished tests in 42.198197s, 2.0854 tests/s, 26.5414 assertions/s.
88 tests, 1120 assertions, 0 failures, 0 errors, 1 skips

ruby -v: ruby 3.4.1 (2025-06-14 revision 742e381c9f) +PRISM [riscv64-freebsd]
end time: 2025-06-22T05:01:56
----------------------------------------
Running test: ../test/ruby/test_frozen.rb
start time: 2025-06-22T05:01:56
Run options:
  "--ruby=./miniruby -I../lib -I. -I.ext/common  ../tool/runruby.rb --extout=.ext  -- --disable-gems
"
  --excludes-dir=../test/.excludes
  --name=!/memory_leak/
  -s
  3216
  --timeout-scale
  10
  --worker-timeout=100
  -v

# Running tests:

[1/4] TestFrozen#test_setting_ivar_on_frozen_obj_with_ivars = 0.04 s
[2/4] TestFrozen#test_setting_ivar_on_frozen_obj = 0.01 s
[3/4] TestFrozen#test_setting_ivar_on_frozen_string_with_ivars = 0.01 s
[4/4] TestFrozen#test_setting_ivar_on_frozen_string = 0.01 s
Finished tests in 1.382578s, 2.8931 tests/s, 8.6794 assertions/s.
4 tests, 12 assertions, 0 failures, 0 errors, 0 skips

ruby -v: ruby 3.4.1 (2025-06-14 revision 742e381c9f) +PRISM [riscv64-freebsd]
end time: 2025-06-22T05:02:16
----------------------------------------
Running test: ../test/ruby/test_undef.rb
start time: 2025-06-22T05:02:16
Run options:
  "--ruby=./miniruby -I../lib -I. -I.ext/common  ../tool/runruby.rb --extout=.ext  -- --disable-gems
"
  --excludes-dir=../test/.excludes
  --name=!/memory_leak/
  -s
  3216
  --timeout-scale
  10
  --worker-timeout=100
  -v

# Running tests:

[1/3] TestUndef#test_special_const_undef = 0.04 s
[2/3] TestUndef#test_undef = 0.02 s
[3/3] TestUndef#test_singleton_undef = 0.01 s
Finished tests in 1.328462s, 2.2583 tests/s, 7.5275 assertions/s.
3 tests, 10 assertions, 0 failures, 0 errors, 0 skips

ruby -v: ruby 3.4.1 (2025-06-14 revision 742e381c9f) +PRISM [riscv64-freebsd]
end time: 2025-06-22T05:02:36
----------------------------------------
Running test: ../test/ruby/test_string.rb
start time: 2025-06-22T05:02:36
Run options:
  "--ruby=./miniruby -I../lib -I. -I.ext/common  ../tool/runruby.rb --extout=.ext  -- --disable-gems
"
  --excludes-dir=../test/.excludes
  --name=!/memory_leak/
  -s
  3216
  --timeout-scale
  10
  --worker-timeout=100
  -v

# Running tests:

[  1/410] TestString#test_match_p_regexp = 0.05 s
[  2/410] TestString#test_gsub = 0.03 s
[  3/410] TestString#test_inspect_next_line = 0.01 s
[  4/410] TestString#test_gsub! = 0.02 s
[  5/410] TestString#test_each_char = 0.02 s
[  6/410] TestString#test_lstrip = 0.01 s
[  7/410] TestString#test_strip = 0.03 s
[  8/410] TestString#test_VERY_EQUAL = 0.01 s
[  9/410] TestString#test_reverse = 0.01 s
[ 10/410] TestString#test_downcase2 = 0.01 s
[ 11/410] TestString#test_delete_prefix_clear_coderange = 0.01 s
[ 12/410] TestString#test_byterindex = 0.12 s
[ 13/410] TestString#test_delete_suffix_clear_coderange = 0.01 s
[ 14/410] TestString#test_sub = 0.09 s
[ 15/410] TestString#test_times = 0.01 s
[ 16/410] TestString#test_downcase = 0.34 s
[ 17/410] TestString#test_string_interpolations_across_heaps_get_embedded = 0.12 s
[ 18/410] TestString#test_split_lookbehind = 0.01 s
[ 19/410] TestString#test_match_method = 0.02 s
[ 20/410] TestString#test_prepend = 0.02 s
[ 21/410] TestString#test_squeeze = 0.01 s
[ 22/410] TestString#test_dummy_inspect = 0.05 s
[ 23/410] TestString#test_AREF_invalid_encoding = 0.01 s
[ 24/410] TestString#test_squeeze! = 0.02 s
[ 25/410] TestString#test_eql? = 0.01 s
[ 26/410] TestString#test_append_bytes_into_binary = 0.01 s
[ 27/410] TestString#test_chilled_string_substring = 0.01 s
[ 28/410] TestString#test_PLUS = 0.01 s
[ 29/410] TestString#test_slice! = 0.05 s
[ 30/410] TestString#test_grapheme_clusters = 1.62 s
[ 31/410] TestString#test_str_new4 = 0.04 s
[ 32/410] TestString#test_ord = 0.01 s
[ 33/410] TestString#test_MUL = 0.01 s
[ 34/410] TestString#test_upcase2 = 0.01 s
[ 35/410] TestString#test_delete_suffix_bang_clear_coderange = 0.01 s
[ 36/410] TestString#test_tr! = 0.02 s
[ 37/410] TestString#test_delete_suffix_bang_newline = 0.01 s
[ 38/410] TestString#test_intern = 0.01 s
[ 39/410] TestString#test_split = 0.04 s
[ 40/410] TestString#test_delete_suffix_newline = 0.02 s
[ 41/410] TestString#test_lines = 0.01 s
[ 42/410] TestString#test_strip! = 0.02 s
[ 43/410] TestString#test_delete_prefix_type_error = 0.02 s
[ 44/410] TestString#test_delete_prefix_bang_clear_coderange = 0.02 s
[ 45/410] TestString#test_uplus_minus = 0.02 s
[ 46/410] TestString#test_split_encoding = 0.50 s
[ 47/410] TestString#test_succ = 0.03 s
[ 48/410] TestString#test_inspect_nul = 0.01 s
[ 49/410] TestString#test_empty? = 0.01 s
[ 50/410] TestString#test_scan_gc_compact_stress = 38.31 s
[ 51/410] TestString#test_split_invalid_sequence = 0.01 s
[ 52/410] TestString#test_delete! = 0.02 s
[ 53/410] TestString#test_byteslice = 0.03 s
[ 54/410] TestString#test_capitalize = 0.01 s
[ 55/410] TestString#test_eq_tilde_can_be_overridden = 11.44 s
[ 56/410] TestString#test_clear_nonasciicompat = 0.02 s
[ 57/410] TestString#test_hash = 0.02 s
[ 58/410] TestString#test_tr_s = 0.02 s
[ 59/410] TestString#test_concat_literals = 0.01 s
[ 60/410] TestString#test_lstrip_bang = 0.02 s
[ 61/410] TestString#test_chr = 0.01 s
[ 62/410] TestString#test_delete_suffix_argument_conversion = 0.01 s
[ 63/410] TestString#test_split_wchar = 0.03 s
[ 64/410] TestString#test_ASET = 0.08 s
[ 65/410] TestString#test_byteindex = 0.25 s
[ 66/410] TestString#test_ljust = 0.01 s
[ 67/410] TestString#test_clear = 0.01 s
[ 68/410] TestString#test_delete_suffix_type_error = 0.02 s
[ 69/410] TestString#test_uminus_frozen = 0.01 s
[ 70/410] TestString#test_gsub_gc_compact_stress = 33.14 s
[ 71/410] TestString#test_chars = 0.01 s
[ 72/410] TestString#test_substr_code_range = 0.01 s
[ 73/410] TestString#test_dup = 0.01 s
[ 74/410] TestString#test_to_s_2 = 0.01 s
[ 75/410] TestString#test_each_codepoint = 0.02 s
[ 76/410] TestString#test_each_byte = 0.01 s
[ 77/410] TestString#test_AREF_underflow = 0.02 s
[ 78/410] TestString#test_chilled_string = 0.02 s
[ 79/410] TestString#test_gsub_bang_gc_compact_stress = 32.52 s
[ 80/410] TestString#test_chop! = 0.02 s
[ 81/410] TestString#test_tr_s! = 0.02 s
[ 82/410] TestString#test_substr_negative_begin = 0.01 s
[ 83/410] TestString#test_unpack = 0.06 s
[ 84/410] TestString#test_capitalize! = 0.02 s
[ 85/410] TestString#test_delete = 0.02 s
[ 86/410] TestString#test_insert = 0.01 s
[ 87/410] TestString#test_swapcase = 0.01 s
[ 88/410] TestString#test_next! = 0.03 s
[ 89/410] TestString#test_dump = 0.02 s
[ 90/410] TestString#test_count = 0.03 s
[ 91/410] TestString#test_ivar_set_after_frozen_dup = 0.01 s
[ 92/410] TestString#test_sub! = 0.02 s
[ 93/410] TestString#test_oct = 0.01 s
[ 94/410] TestString#test_split_with_block = 0.05 s
[ 95/410] TestString#test_delete_prefix_argument_conversion = 0.01 s
[ 96/410] TestString#test_crypt = 5.90 s
[ 97/410] TestString#test_chomp = 0.05 s
[ 98/410] TestString#test_match_p_string = 0.04 s
[ 99/410] TestString#test_to_f = 0.01 s
[100/410] TestString#test_each_grapheme_cluster = 58.90 s
[101/410] TestString#test_to_str = 0.02 s
[102/410] TestString#test_rindex = 0.12 s
[103/410] TestString#test_append_bytes_into_utf32 = 0.01 s
[104/410] TestString#test_upcase = 0.02 s
[105/410] TestString#test_sub_hash = 0.02 s
[106/410] TestString#test_delete_prefix = 0.02 s
[107/410] TestString#test_MOD = 0.01 s
[108/410] TestString#test_rb_str_new4 = 0.01 s
[109/410] TestString#test_delete_prefix_bang_frozen_error = 0.04 s
[110/410] TestString#test_scan = 0.03 s
[111/410] TestString#test_mod_check = 0.01 s
[112/410] TestString#test_chilled_string_setivar = 0.02 s
[113/410] TestString#test_next = 0.02 s
[114/410] TestString#test_gsub_encoding = 0.02 s
[115/410] TestString#test_delete_suffix_bang_frozen_error = 0.03 s
[116/410] TestString#test_sum_long = 6.34 s
[117/410] TestString#test_undump = 2.20 s
[118/410] TestString#test_upto = 0.60 s
[119/410] TestString#test_undump_gc_compact_stress = 37.48 s
[120/410] TestString#test_MATCH = 0.01 s
[121/410] TestString#test_try_convert = 0.01 s
[122/410] TestString#test_to_id = 0.02 s
[123/410] TestString#test_delete_prefix_broken_encoding = 0.01 s
[124/410] TestString#test_delete_suffix_broken_encoding = 0.01 s
[125/410] TestString#test_upto_numeric = 0.05 s
[126/410] TestString#test_scan_segv = 0.21 s
[127/410] TestString#test_initialize = 0.06 s
[128/410] TestString#test_delete_prefix_bang_argument_conversion = 0.01 s
[129/410] TestString#test_to_i = 0.12 s
[130/410] TestString#test_nesting_shared_b = 2.06 s
[131/410] TestString#test_replace = 0.03 s
[132/410] TestString#test_split_invalid_argument = 0.01 s
[133/410] TestString#test_center = 0.01 s
[134/410] TestString#test_nesting_shared = 2.00 s
[135/410] TestString#test_rb_str_to_str = 0.01 s
[136/410] TestString#test_times2 = 0.12 s
[137/410] TestString#test_append_bytes_into_utf8 = 0.02 s
[138/410] TestString#test_sub_gc_compact_stress = 45.86 s
[139/410] TestString#test_rstrip = 0.02 s
[140/410] TestString#test_gsub_hash = 0.02 s
[141/410] TestString#test_to_s = 0.01 s
[142/410] TestString#test_byteslice_grapheme_clusters = 0.01 s
[143/410] TestString#test_upto_nonalnum = 0.03 s
[144/410] TestString#test_delete_suffix_bang_broken_encoding = 0.01 s
[145/410] TestString#test_s_new = 0.03 s
[146/410] TestString#test_shared_force_encoding = 0.01 s
[147/410] TestString#test_delete_suffix = 0.02 s
[148/410] TestString#test_bytes = 0.01 s
[149/410] TestString#test_concat = 0.02 s
[150/410] TestString#test_end_with? = 0.02 s
[151/410] TestString#test_slice = 0.03 s
[152/410] TestString#test_bytesplice = 0.14 s
[153/410] TestString#test_respond_to = 0.01 s
[154/410] TestString#test_delete_prefix_bang_broken_encoding = 0.01 s
[155/410] TestString#test_splice! = 0.01 s
[156/410] TestString#test_codepoints = 0.02 s
[157/410] TestString#test_LSHIFT_neary_long_max^[[B^[[B^[[B^[[B^[[B^[[B^[[B^[[B^[[B^[[BJun 22 05:11:
32 cheribsd-riscv64-purecap syslogd: last message repeated 1 times
 = 229.52 s
[158/410] TestString#test_split_dupped = 0.01 s
[159/410] TestString#test_fs = 11.85 s
[160/410] TestString#test_ascii_incomat_inspect = 0.05 s
[161/410] TestString#test_rstrip_bang = 0.06 s
[162/410] TestString#test_index = 0.14 s
[163/410] TestString#test_downcase! = 0.02 s
[164/410] TestString#test_initialize_shared = 0.01 s
[165/410] TestString#test_delete_suffix_bang_argument_conversion = 0.01 s
[166/410] TestString#test_chop = 0.02 s
[167/410] TestString#test_length = 0.01 s
[168/410] TestString#test_each = 0.02 s
[169/410] TestString#test_chomp! = 0.11 s
[170/410] TestString#test_delete_prefix_bang_type_error = 0.02 s
[171/410] TestString#test_delete_suffix_bang_type_error = 0.02 s
[172/410] TestString#test_delete_suffix_bang = 0.02 s
[173/410] TestString#test_unknown_string_option = 0.02 s
[174/410] TestString#test_tr = 0.03 s
[175/410] TestString#test_EQUAL = 0.02 s
[176/410] TestString#test_delete_prefix_bang = 0.02 s
[177/410] TestString#test_uminus_no_freeze_not_bare = 0.02 s
[178/410] TestString#test_each_line_chomp = 0.05 s
[179/410] TestString#test_rb_str_shared_replace = 0.01 s
[180/410] TestString#test_start_with? = 0.02 s
[181/410] TestString#test_size = 0.01 s
[182/410] TestString#test_initialize_nonstring = 0.02 s
[183/410] TestString#test_rpartition = 0.27 s
[184/410] TestString#test_CMP = 0.02 s
[185/410] TestString#test_rjust = 0.02 s
[186/410] TestString#test_swapcase! = 0.01 s
[187/410] TestString#test_reverse! = 0.02 s
[188/410] TestString#test_casecmp = 0.02 s
[189/410] TestString#test_upcase! = 0.02 s
[190/410] TestString#test_start_with_regexp = 0.01 s
[191/410] TestString#test_LSHIFT = 0.04 s
[192/410] TestString#test_partition = 0.18 s
[193/410] TestString#test_fs_setter = 11.41 s
[194/410] TestString#test_gsub_enumerator = 0.02 s
[195/410] TestString#test_each_line = 0.04 s
[196/410] TestString#test_hex = 0.02 s
[197/410] TestString#test_frozen_check = 0.02 s
[198/410] TestString#test_clone = 0.02 s
[199/410] TestString#test_regexp_match_subclass = 0.01 s
[200/410] TestString#test_include? = 0.02 s
[201/410] TestString#test_casecmp? = 0.02 s
[202/410] TestString#test_succ! = 0.04 s
[203/410] TestString#test_AREF = 0.06 s
[204/410] TestString#test_sum_2 = 0.29 s
[205/410] TestString#test_sum = 0.01 s
[206/410] TestString2#test_match_p_regexp = 0.04 s
[207/410] TestString2#test_gsub = 0.04 s
[208/410] TestString2#test_inspect_next_line = 0.01 s
[209/410] TestString2#test_gsub! = 0.03 s
[210/410] TestString2#test_each_char = 0.01 s
[211/410] TestString2#test_lstrip = 0.01 s
[212/410] TestString2#test_strip = 0.01 s
[213/410] TestString2#test_VERY_EQUAL = 0.01 s
[214/410] TestString2#test_reverse = 0.01 s
[215/410] TestString2#test_downcase2 = 0.01 s
[216/410] TestString2#test_delete_prefix_clear_coderange = 0.01 s
[217/410] TestString2#test_byterindex = 0.11 s
[218/410] TestString2#test_delete_suffix_clear_coderange = 0.01 s
[219/410] TestString2#test_sub = 0.11 s
[220/410] TestString2#test_times = 0.01 s
[221/410] TestString2#test_downcase = 0.02 s
[222/410] TestString2#test_string_interpolations_across_heaps_get_embedded = 0.02 s
[223/410] TestString2#test_split_lookbehind = 0.02 s
[224/410] TestString2#test_match_method = 0.02 s
[225/410] TestString2#test_prepend = 0.02 s
[226/410] TestString2#test_squeeze = 0.01 s
[227/410] TestString2#test_dummy_inspect = 0.01 s
[228/410] TestString2#test_AREF_invalid_encoding = 0.01 s
[229/410] TestString2#test_squeeze! = 0.02 s
[230/410] TestString2#test_eql? = 0.01 s
[231/410] TestString2#test_append_bytes_into_binary = 0.02 s
[232/410] TestString2#test_chilled_string_substring = 0.01 s
[233/410] TestString2#test_PLUS = 0.01 s
[234/410] TestString2#test_slice! = 0.06 s
[235/410] TestString2#test_grapheme_clusters = 0.92 s
[236/410] TestString2#test_str_new4 = 0.01 s
[237/410] TestString2#test_ord = 0.01 s
[238/410] TestString2#test_MUL = 0.01 s
[239/410] TestString2#test_upcase2 = 0.01 s
[240/410] TestString2#test_delete_suffix_bang_clear_coderange = 0.01 s
[241/410] TestString2#test_tr! = 0.02 s
[242/410] TestString2#test_delete_suffix_bang_newline = 0.01 s
[243/410] TestString2#test_intern = 0.01 s
[244/410] TestString2#test_split = 0.05 s
[245/410] TestString2#test_delete_suffix_newline = 0.01 s
[246/410] TestString2#test_lines = 0.01 s
[247/410] TestString2#test_strip! = 0.18 s
[248/410] TestString2#test_delete_prefix_type_error = 0.02 s
[249/410] TestString2#test_delete_prefix_bang_clear_coderange = 0.01 s
[250/410] TestString2#test_uplus_minus = 0.01 s
[251/410] TestString2#test_split_encoding = 0.17 s
[252/410] TestString2#test_succ = 0.11 s
[253/410] TestString2#test_inspect_nul = 0.01 s
[254/410] TestString2#test_empty? = 0.01 s
[255/410] TestString2#test_scan_gc_compact_stress = 40.82 s
[256/410] TestString2#test_split_invalid_sequence = 0.01 s
[257/410] TestString2#test_delete! = 0.02 s
[258/410] TestString2#test_byteslice = 0.03 s
[259/410] TestString2#test_capitalize = 0.01 s
[260/410] TestString2#test_eq_tilde_can_be_overridden = 0.01 s
[261/410] TestString2#test_clear_nonasciicompat = 0.02 s
[262/410] TestString2#test_hash = 0.02 s
[263/410] TestString2#test_tr_s = 0.02 s
[264/410] TestString2#test_concat_literals = 0.01 s
[265/410] TestString2#test_lstrip_bang = 0.02 s
[266/410] TestString2#test_chr = 0.01 s
[267/410] TestString2#test_delete_suffix_argument_conversion = 0.01 s
[268/410] TestString2#test_split_wchar = 0.03 s
[269/410] TestString2#test_ASET = 0.07 s
[270/410] TestString2#test_byteindex = 0.23 s
[271/410] TestString2#test_ljust = 0.01 s
[272/410] TestString2#test_clear = 0.01 s
[273/410] TestString2#test_delete_suffix_type_error = 0.02 s
[274/410] TestString2#test_uminus_frozen = 0.01 s
[275/410] TestString2#test_gsub_gc_compact_stress = 35.24 s
[276/410] TestString2#test_chars = 0.01 s
[277/410] TestString2#test_substr_code_range = 0.01 s
[278/410] TestString2#test_dup = 0.01 s
[279/410] TestString2#test_to_s_2 = 0.01 s
[280/410] TestString2#test_each_codepoint = 0.01 s
[281/410] TestString2#test_each_byte = 0.01 s
[282/410] TestString2#test_AREF_underflow = 0.02 s
[283/410] TestString2#test_chilled_string = 0.02 s
[284/410] TestString2#test_gsub_bang_gc_compact_stress = 35.34 s
[285/410] TestString2#test_chop! = 0.02 s
[286/410] TestString2#test_tr_s! = 0.01 s
[287/410] TestString2#test_substr_negative_begin = 0.01 s
[288/410] TestString2#test_unpack = 0.06 s
[289/410] TestString2#test_capitalize! = 0.02 s
[290/410] TestString2#test_delete = 0.02 s
[291/410] TestString2#test_insert = 0.01 s
[292/410] TestString2#test_swapcase = 0.01 s
[293/410] TestString2#test_next! = 0.03 s
[294/410] TestString2#test_dump = 0.02 s
[295/410] TestString2#test_count = 0.03 s
[296/410] TestString2#test_ivar_set_after_frozen_dup = 0.01 s
[297/410] TestString2#test_sub! = 0.02 s
[298/410] TestString2#test_oct = 0.01 s
[299/410] TestString2#test_split_with_block = 0.05 s
[300/410] TestString2#test_delete_prefix_argument_conversion = 0.01 s
[301/410] TestString2#test_crypt = 0.05 s
[302/410] TestString2#test_chomp = 0.04 s
[303/410] TestString2#test_match_p_string = 0.03 s
[304/410] TestString2#test_to_f = 0.01 s
[305/410] TestString2#test_each_grapheme_cluster = 57.74 s
[306/410] TestString2#test_to_str = 0.02 s
[307/410] TestString2#test_rindex = 0.11 s
[308/410] TestString2#test_append_bytes_into_utf32 = 0.01 s
[309/410] TestString2#test_upcase = 0.01 s
[310/410] TestString2#test_sub_hash = 0.02 s
[311/410] TestString2#test_delete_prefix = 0.11 s
[312/410] TestString2#test_MOD = 0.01 s
[313/410] TestString2#test_rb_str_new4 = 0.01 s
[314/410] TestString2#test_delete_prefix_bang_frozen_error = 0.03 s
[315/410] TestString2#test_scan = 0.03 s
[316/410] TestString2#test_mod_check = 0.01 s
[317/410] TestString2#test_chilled_string_setivar = 0.02 s
[318/410] TestString2#test_next = 0.02 s
[319/410] TestString2#test_gsub_encoding = 0.01 s
[320/410] TestString2#test_delete_suffix_bang_frozen_error = 0.03 s
[321/410] TestString2#test_sum_long = 6.46 s
[322/410] TestString2#test_undump = 1.97 s
[323/410] TestString2#test_upto = 0.59 s
[324/410] TestString2#test_undump_gc_compact_stress = 38.97 s
[325/410] TestString2#test_MATCH = 0.01 s
[326/410] TestString2#test_try_convert = 0.01 s
[327/410] TestString2#test_to_id = 0.02 s
[328/410] TestString2#test_delete_prefix_broken_encoding = 0.01 s
[329/410] TestString2#test_delete_suffix_broken_encoding = 0.01 s
[330/410] TestString2#test_upto_numeric = 0.05 s
[331/410] TestString2#test_scan_segv = 0.21 s
[332/410] TestString2#test_initialize = 0.03 s
[333/410] TestString2#test_delete_prefix_bang_argument_conversion = 0.01 s
[334/410] TestString2#test_to_i = 0.12 s
[335/410] TestString2#test_nesting_shared_b = 2.11 s
[336/410] TestString2#test_replace = 0.03 s
[337/410] TestString2#test_split_invalid_argument = 0.01 s
[338/410] TestString2#test_center = 0.01 s
[339/410] TestString2#test_nesting_shared = 2.05 s
[340/410] TestString2#test_rb_str_to_str = 0.01 s
[341/410] TestString2#test_times2 = 0.12 s
[342/410] TestString2#test_append_bytes_into_utf8 = 0.02 s
[343/410] TestString2#test_sub_gc_compact_stress = 48.09 s
[344/410] TestString2#test_rstrip = 0.02 s
[345/410] TestString2#test_gsub_hash = 0.02 s
[346/410] TestString2#test_to_s = 0.01 s
[347/410] TestString2#test_byteslice_grapheme_clusters = 0.01 s
[348/410] TestString2#test_upto_nonalnum = 0.03 s
[349/410] TestString2#test_delete_suffix_bang_broken_encoding = 0.01 s
[350/410] TestString2#test_s_new = 0.03 s
[351/410] TestString2#test_shared_force_encoding = 0.01 s
[352/410] TestString2#test_delete_suffix = 0.02 s
[353/410] TestString2#test_bytes = 0.01 s
[354/410] TestString2#test_concat = 0.02 s
[355/410] TestString2#test_end_with? = 0.02 s
[356/410] TestString2#test_slice = 0.03 s
[357/410] TestString2#test_bytesplice = 0.14 s
[358/410] TestString2#test_respond_to = 0.01 s
[359/410] TestString2#test_delete_prefix_bang_broken_encoding = 0.01 s
[360/410] TestString2#test_splice! = 0.01 s
[361/410] TestString2#test_codepoints = 0.01 s
[362/410] TestString2#test_LSHIFT_neary_long_max = 0.01 s
[363/410] TestString2#test_split_dupped = 0.01 s
[364/410] TestString2#test_fs = 0.01 s
[365/410] TestString2#test_ascii_incomat_inspect = 0.03 s
[366/410] TestString2#test_rstrip_bang = 0.04 s
[367/410] TestString2#test_index = 0.09 s
[368/410] TestString2#test_downcase! = 0.02 s
[369/410] TestString2#test_initialize_shared = 0.01 s
[370/410] TestString2#test_delete_suffix_bang_argument_conversion = 0.01 s
[371/410] TestString2#test_chop = 0.01 s
[372/410] TestString2#test_length = 0.01 s
[373/410] TestString2#test_each = 0.02 s
[374/410] TestString2#test_chomp! = 0.07 s
[375/410] TestString2#test_delete_prefix_bang_type_error = 0.01 s
[376/410] TestString2#test_delete_suffix_bang_type_error = 0.02 s
[377/410] TestString2#test_delete_suffix_bang = 0.02 s
[378/410] TestString2#test_unknown_string_option = 0.01 s
[379/410] TestString2#test_tr = 0.03 s
[380/410] TestString2#test_EQUAL = 0.02 s
[381/410] TestString2#test_delete_prefix_bang = 0.02 s
[382/410] TestString2#test_uminus_no_freeze_not_bare = 0.01 s
[383/410] TestString2#test_each_line_chomp = 0.04 s
[384/410] TestString2#test_rb_str_shared_replace = 0.01 s
[385/410] TestString2#test_start_with? = 0.02 s
[386/410] TestString2#test_size = 0.01 s
[387/410] TestString2#test_initialize_nonstring = 0.01 s
[388/410] TestString2#test_rpartition = 0.18 s
[389/410] TestString2#test_CMP = 0.02 s
[390/410] TestString2#test_rjust = 0.01 s
[391/410] TestString2#test_swapcase! = 0.09 s
[392/410] TestString2#test_reverse! = 0.01 s
[393/410] TestString2#test_casecmp = 0.02 s
[394/410] TestString2#test_upcase! = 0.02 s
[395/410] TestString2#test_start_with_regexp = 0.01 s
[396/410] TestString2#test_LSHIFT = 0.04 s
[397/410] TestString2#test_partition = 0.23 s
[398/410] TestString2#test_fs_setter = 0.01 s
[399/410] TestString2#test_gsub_enumerator = 0.01 s
[400/410] TestString2#test_each_line = 0.03 s
[401/410] TestString2#test_hex = 0.01 s
[402/410] TestString2#test_frozen_check = 0.01 s
[403/410] TestString2#test_clone = 0.01 s
[404/410] TestString2#test_regexp_match_subclass = 0.01 s
[405/410] TestString2#test_include? = 0.01 s
[406/410] TestString2#test_casecmp? = 0.02 s
[407/410] TestString2#test_succ! = 0.04 s
[408/410] TestString2#test_AREF = 0.04 s
[409/410] TestString2#test_sum_2 = 0.08 s
[410/410] TestString2#test_sum = 0.01 s

  1) Timeout:
TestString#test_LSHIFT_neary_long_max

Finished tests in 831.153034s, 0.4933 tests/s, 8.4557 assertions/s.
410 tests, 7028 assertions, 0 failures, 1 errors, 0 skips

ruby -v: ruby 3.4.1 (2025-06-14 revision 742e381c9f) +PRISM [riscv64-freebsd]
end time: 2025-06-22T05:16:51
----------------------------------------
Running test: ../test/ruby/test_continuation.rb
start time: 2025-06-22T05:16:51
Run options:
  "--ruby=./miniruby -I../lib -I. -I.ext/common  ../tool/runruby.rb --extout=.ext  -- --disable-gems
"
  --excludes-dir=../test/.excludes
  --name=!/memory_leak/
  -s
  3216
  --timeout-scale
  10
  --worker-timeout=100
  -v

# Running tests:

[1/7] TestContinuation#test_ary_flatten = 0.05 s
[2/7] TestContinuation#test_tracing_with_thread_set_trace_func = 0.03 s
[3/7] TestContinuation#test_create = 0.03 s
[4/7] TestContinuation#test_check_localvars = 0.03 s
[5/7] TestContinuation#test_error = 0.03 s
[6/7] TestContinuation#test_marshal_dump = 0.03 s
[7/7] TestContinuation#test_call = 0.03 s
Finished tests in 1.632140s, 4.2888 tests/s, 8.5777 assertions/s.
7 tests, 14 assertions, 0 failures, 0 errors, 7 skips

ruby -v: ruby 3.4.1 (2025-06-14 revision 742e381c9f) +PRISM [riscv64-freebsd]
end time: 2025-06-22T05:17:11
----------------------------------------
Running test: ../test/ruby/test_key_error.rb
start time: 2025-06-22T05:17:11
Run options:
  "--ruby=./miniruby -I../lib -I. -I.ext/common  ../tool/runruby.rb --extout=.ext  -- --disable-gems
"
  --excludes-dir=../test/.excludes
  --name=!/memory_leak/
  -s
  3216
  --timeout-scale
  10
  --worker-timeout=100
  -v

# Running tests:

[1/6] TestKeyError#test_receiver = 0.04 s
[2/6] TestKeyError#test_all = 0.01 s
[3/6] TestKeyError#test_key = 0.01 s
[4/6] TestKeyError#test_message = 0.01 s
[5/6] TestKeyError#test_default = 0.01 s
[6/6] TestKeyError#test_receiver_and_key = 0.01 s
Finished tests in 1.450934s, 4.1353 tests/s, 13.7842 assertions/s.
6 tests, 20 assertions, 0 failures, 0 errors, 0 skips

ruby -v: ruby 3.4.1 (2025-06-14 revision 742e381c9f) +PRISM [riscv64-freebsd]
end time: 2025-06-22T05:17:31
----------------------------------------
Running test: ../test/ruby/test_signal.rb
start time: 2025-06-22T05:17:31
Run options:
  "--ruby=./miniruby -I../lib -I. -I.ext/common  ../tool/runruby.rb --extout=.ext  -- --disable-gems
"
  --excludes-dir=../test/.excludes
  --name=!/memory_leak/
  -s
  3216
  --timeout-scale
  10
  --worker-timeout=100
  -v

# Running tests:

[ 1/21] TestSignal#test_signame_delivered = 22.64 s
[ 2/21] TestSignal#test_signal = 0.05 s
[ 3/21] TestSignal#test_trap_puts = 2.48 s
[ 4/21] TestSignal#test_kill_immediately_before_termination = 2.31 s
[ 5/21] TestSignal#test_sigwait_fd_unused = 15.90 s
[ 6/21] TestSignal#test_hup_me = 11.40 s
[ 7/21] TestSignal#test_trap_uncatchable_STOP = 0.02 s
[ 8/21] TestSignal#test_signal_list_dedupe_keys = 0.03 s
[ 9/21] TestSignal#test_ignored_interrupt = 24.42 s
[10/21] TestSignal#test_sigexit = 11.64 s
[11/21] TestSignal#test_signame = 0.25 s
[12/21] TestSignal#test_trap_uncatchable_KILL = 0.01 s
[13/21] TestSignal#test_trap = 0.17 s
[14/21] TestSignal#test_invalid_signal_name = 0.02 s
[15/21] TestSignal#test_interrupt = 0.01 s
[16/21] TestSignal#test_self_stop = 0.74 s
[17/21] TestSignal#test_signal2 = 0.47 s
[18/21] TestSignal#test_exit_action = 2.42 s
[19/21] TestSignal#test_reserved_signal = 0.02 s
[20/21] TestSignal#test_trap_system_default = 11.40 s
[21/21] TestSignal#test_signal_exception = 0.17 s
Finished tests in 109.494186s, 0.1918 tests/s, 2.4202 assertions/s.
21 tests, 265 assertions, 0 failures, 0 errors, 0 skips

ruby -v: ruby 3.4.1 (2025-06-14 revision 742e381c9f) +PRISM [riscv64-freebsd]
end time: 2025-06-22T05:19:39
----------------------------------------
Running test: ../test/ruby/test_env.rb
start time: 2025-06-22T05:19:39
Run options:
  "--ruby=./miniruby -I../lib -I. -I.ext/common  ../tool/runruby.rb --extout=.ext  -- --disable-gems
"
  --excludes-dir=../test/.excludes
  --name=!/memory_leak/
  -s
  3216
  --timeout-scale
  10
  --worker-timeout=100
  -v

# Running tests:

[ 1/92] TestEnv#test_ivar_in_env_should_not_be_access_from_non_main_ractors = 12.57 s
[ 2/92] TestEnv#test_reject_bang_in_ractor = 11.88 s
[ 3/92] TestEnv#test_rehash_in_ractor = 11.77 s
[ 4/92] TestEnv#test_each_value_in_ractor = 11.83 s
[ 5/92] TestEnv#test_frozen_env = 0.04 s
[ 6/92] TestEnv#test_filter_bang_in_ractor = 11.87 s
[ 7/92] TestEnv#test_values_in_ractor = 11.80 s
[ 8/92] TestEnv#test_each_key_in_ractor = 11.96 s
[ 9/92] TestEnv#test_getenv = 0.05 s
[10/92] TestEnv#test_rehash = 0.02 s
[11/92] TestEnv#test_update = 0.06 s
[12/92] TestEnv#test_shift_in_ractor = 12.82 s
[13/92] TestEnv#test_aset = 0.04 s
[14/92] TestEnv#test_each_pair = 0.06 s
[15/92] TestEnv#test_slice_in_ractor = 11.79 s
[16/92] TestEnv#test_shared_substring = 0.03 s
[17/92] TestEnv#test_dup_in_ractor = 11.79 s
[18/92] TestEnv#test_huge_value = 0.07 s
[19/92] TestEnv#test_to_h_in_ractor = 11.95 s
[20/92] TestEnv#test_select_bang_in_ractor = 11.92 s
[21/92] TestEnv#test_reject_bang = 0.19 s
[22/92] TestEnv#test_delete_if = 0.67 s
[23/92] TestEnv#test_key_in_ractor = 11.86 s
[24/92] TestEnv#test_assoc = 0.04 s
[25/92] TestEnv#test_inspect_in_ractor = 11.79 s
[26/92] TestEnv#test_clear = 0.02 s
[27/92] TestEnv#test_getenv_in_ractor = 11.87 s
[28/92] TestEnv#test_frozen_env_in_ractor = 11.80 s
[29/92] TestEnv#test_except = 0.03 s
[30/92] TestEnv#test_clear_in_ractor = 11.77 s
[31/92] TestEnv#test_shared_substring_in_ractor = 11.83 s
[32/92] TestEnv#test_values_at = 0.02 s
[33/92] TestEnv#test_dup = 0.03 s
[34/92] TestEnv#test_each_value = 0.05 s
[35/92] TestEnv#test_inspect = 0.02 s
[36/92] TestEnv#test_select_bang = 0.06 s
[37/92] TestEnv#test_keys_in_ractor = 11.76 s
[38/92] TestEnv#test_delete = 0.05 s
[39/92] TestEnv#test_huge_value_in_ractor = 11.88 s
[40/92] TestEnv#test_to_h = 0.08 s
[41/92] TestEnv#test_empty_p = 0.02 s
[42/92] TestEnv#test_key = 0.03 s
[43/92] TestEnv#test_assoc_in_ractor = 11.87 s
[44/92] TestEnv#test_invert = 0.03 s
[45/92] TestEnv#test_to_a = 0.03 s
[46/92] TestEnv#test_bracket_in_ractor = 11.86 s
[47/92] TestEnv#test_bracket = 0.04 s
[48/92] TestEnv#test_select_in_ractor = 11.86 s
[49/92] TestEnv#test_each_key = 0.05 s
[50/92] TestEnv#test_to_hash = 0.05 s
[51/92] TestEnv#test_each_pair_in_ractor = 12.85 s
[52/92] TestEnv#test_update_in_ractor = 11.83 s
[53/92] TestEnv#test_filter_bang = 0.06 s
[54/92] TestEnv#test_frozen_in_ractor = 12.23 s
[55/92] TestEnv#test_frozen = 0.29 s
[56/92] TestEnv#test_size_in_ractor = 11.76 s
[57/92] TestEnv#test_values_at_in_ractor = 11.75 s
[58/92] TestEnv#test_has_value = 0.03 s
[59/92] TestEnv#test_delete_in_ractor = 11.88 s
[60/92] TestEnv#test_replace = 0.04 s
[61/92] TestEnv#test_except_in_ractor = 11.81 s
[62/92] TestEnv#test_delete_if_in_ractor = 12.40 s
[63/92] TestEnv#test_keep_if = 0.07 s
[64/92] TestEnv#test_has_value_in_ractor = 11.92 s
[65/92] TestEnv#test_has_value2 = 0.03 s
[66/92] TestEnv#test_to_s = 0.03 s
[67/92] TestEnv#test_empty_p_in_ractor = 11.75 s
[68/92] TestEnv#test_has_key_in_ractor = 11.94 s
[69/92] TestEnv#test_fetch = 0.11 s
[70/92] TestEnv#test_slice = 0.06 s
[71/92] TestEnv#test_keys = 0.05 s
[72/92] TestEnv#test_has_value2_in_ractor = 11.84 s
[73/92] TestEnv#test_to_hash_in_ractor = 11.80 s
[74/92] TestEnv#test_has_key = 0.08 s
[75/92] TestEnv#test_invert_in_ractor = 11.82 s
[76/92] TestEnv#test_rassoc_in_ractor = 11.82 s
[77/92] TestEnv#test_fetch_in_ractor = 12.05 s
[78/92] TestEnv#test_aset_in_ractor = 12.15 s
[79/92] TestEnv#test_to_a_in_ractor = 11.80 s
[80/92] TestEnv#test_shift = 0.03 s
[81/92] TestEnv#test_keep_if_in_ractor = 11.86 s
[82/92] TestEnv#test_values = 0.05 s
[83/92] TestEnv#test_reject_in_ractor = 11.83 s
[84/92] TestEnv#test_filter = 0.04 s
[85/92] TestEnv#test_replace_in_ractor = 12.41 s
[86/92] TestEnv#test_filter_in_ractor = 11.79 s
[87/92] TestEnv#test_size = 0.02 s
[88/92] TestEnv#test_to_s_in_ractor = 11.80 s
[89/92] TestEnv#test_rassoc = 0.03 s
[90/92] TestEnv#test_reject = 0.04 s
[91/92] TestEnv#test_select = 0.03 s
[92/92] TestEnv#test_clone = 0.18 s
Finished tests in 557.895293s, 0.1649 tests/s, 2.2675 assertions/s.
92 tests, 1265 assertions, 0 failures, 0 errors, 0 skips

ruby -v: ruby 3.4.1 (2025-06-14 revision 742e381c9f) +PRISM [riscv64-freebsd]
end time: 2025-06-22T05:29:16
----------------------------------------
Running test: ../test/ruby/test_numeric.rb
start time: 2025-06-22T05:29:16
Run options:
  "--ruby=./miniruby -I../lib -I. -I.ext/common  ../tool/runruby.rb --extout=.ext  -- --disable-gems
"
  --excludes-dir=../test/.excludes
  --name=!/memory_leak/
  -s
  3216
  --timeout-scale
  10
  --worker-timeout=100
  -v

# Running tests:

[ 1/28] TestNumeric#test_zero_p = 0.03 s
[ 2/28] TestNumeric#test_quo = 0.02 s
[ 3/28] TestNumeric#test_dummynumeric = 0.05 s
[ 4/28] TestNumeric#test_cmp = 0.01 s
[ 5/28] TestNumeric#test_coerced_remainder = 11.39 s
[ 6/28] TestNumeric#test_floor_ceil_ndigits = 0.06 s
[ 7/28] TestNumeric#test_singleton_method = 0.05 s
[ 8/28] TestNumeric#test_eql = 0.01 s
[ 9/28] TestNumeric#test_positive_p = 0.02 s
[10/28] TestNumeric#test_nonzero_p = 0.01 s
[11/28] TestNumeric#test_coerce = 0.20 s
[12/28] TestNumeric#test_dup = 0.01 s
[13/28] TestNumeric#test_step_bug15537 = 0.07 s
[14/28] TestNumeric#test_comparison_comparable = 1.05 s
[15/28] TestNumeric#test_step = 0.21 s
[16/28] TestNumeric#test_quo_ruby_core_41575 = 0.01 s
[17/28] TestNumeric#test_integer_p = 0.01 s
[18/28] TestNumeric#test_abs = 0.01 s
[19/28] TestNumeric#test_divmod = 0.01 s
[20/28] TestNumeric#test_num2long = 0.02 s
[21/28] TestNumeric#test_real_p = 0.01 s
[22/28] TestNumeric#test_float_round_ndigits = 0.04 s
[23/28] TestNumeric#test_negative_p = 0.01 s
[24/28] TestNumeric#test_to_int = 0.01 s
[25/28] TestNumeric#test_floor_ceil_round_truncate = 0.02 s
[26/28] TestNumeric#test_remainder_infinity = 0.02 s
[27/28] TestNumeric#test_pow = 0.12 s
[28/28] TestNumeric#test_clone = 0.03 s
Finished tests in 15.732248s, 1.7798 tests/s, 32.4175 assertions/s.
28 tests, 510 assertions, 0 failures, 0 errors, 0 skips

ruby -v: ruby 3.4.1 (2025-06-14 revision 742e381c9f) +PRISM [riscv64-freebsd]
end time: 2025-06-22T05:29:51
----------------------------------------
Running test: ../test/ruby/test_call.rb
start time: 2025-06-22T05:29:51
Run options:
  "--ruby=./miniruby -I../lib -I. -I.ext/common  ../tool/runruby.rb --extout=.ext  -- --disable-gems
"
  --excludes-dir=../test/.excludes
  --name=!/memory_leak/
  -s
  3216
  --timeout-scale
  10
  --worker-timeout=100
  -v

# Running tests:

[ 1/63] TestCall#test_safe_call_block_call = 0.04 s
[ 2/63] TestCall#test_call_send_iseq_large_array_splat_with_large_number_of_parameters = 0.36 s
[ 3/63] TestCall#test_call_ifunc_iseq_large_array_splat_pass = 0.05 s
[ 4/63] TestCall#test_call_send_iseq_large_array_splat_pass = 0.03 s
[ 5/63] TestCall#test_call_bmethod_proc_restarg = 0.01 s
[ 6/63] TestCall#test_call_lambda_large_array_splat_pass = 0.03 s
[ 7/63] TestCall#test_call_proc_large_array_splat_with_large_number_of_parameters = 0.47 s
[ 8/63] TestCall#test_call_splat_post_order = 0.01 s
[ 9/63] TestCall#test_call_attr_writer_large_array_splat_fail = 0.03 s
[10/63] TestCall#test_call_zsuper_large_array_splat = 0.04 s
[11/63] TestCall#test_call_method_missing_bmethod_large_array_splat_fail = 0.07 s
[12/63] TestCall#test_call_rb_call_iseq_large_array_splat_fail = 0.26 s
[13/63] TestCall#test_call_method_missing_iseq_large_array_splat_fail = 0.07 s
[14/63] TestCall#test_kwsplat_block_order_op_asgn = 0.12 s
[15/63] TestCall#test_call_splat_block_order = 0.01 s
[16/63] TestCall#test_safe_call_evaluate_arguments_only_method_call_is_made = 0.01 s
[17/63] TestCall#test_call_struct_aset_large_array_splat_fail = 0.02 s
[18/63] TestCall#test_call_struct_aref_large_array_splat_fail = 0.02 s
[19/63] TestCall#test_call_iseq_large_array_splat_pass = 0.03 s
[20/63] TestCall#test_call_symproc_large_array_splat_fail = 0.28 s
[21/63] TestCall#test_kwsplat_block_order_super = 0.02 s
[22/63] TestCall#test_call_alias_large_array_splat = 0.04 s
[23/63] TestCall#test_call_yield_lambda_large_array_splat_fail = 0.27 s
[24/63] TestCall#test_call_op_asgn_keywords = 2.85 s
[25/63] TestCall#test_kwsplat_block_order = 0.02 s
[26/63] TestCall#test_call_yield_block_large_array_splat_pass = 0.04 s
[27/63] TestCall#test_call_refined_large_array_splat_pass = 0.01 s
[28/63] TestCall#test_call_yield_large_array_splat_with_large_number_of_parameters = 1.11 s
[29/63] TestCall#test_frozen_splat_and_keywords = 0.01 s
[30/63] TestCall#test_call_send_cfunc_large_array_splat_pass = 0.01 s
[31/63] TestCall#test_call_rb_call_bmethod_large_array_splat_pass = 0.04 s
[32/63] TestCall#test_call_bmethod_large_array_splat_fail = 0.27 s
[33/63] TestCall#test_call_proc_large_array_splat_pass = 0.06 s
[34/63] TestCall#test_call_attr_reader_large_array_splat_fail = 0.02 s
[35/63] TestCall#test_kwsplat_block_eval_order = 0.01 s
[36/63] TestCall#test_call_op_asgn_keywords_mutable = 0.03 s
[37/63] TestCall#test_call_send_iseq_large_array_splat_fail = 0.22 s
[38/63] TestCall#test_call_ifunc_iseq_large_array_splat_fail = 0.24 s
[39/63] TestCall#test_call_args_splat_with_pos_arg_kw_splat_is_not_mutable = 0.01 s
[40/63] TestCall#test_call_lambda_large_array_splat_fail = 0.23 s
[41/63] TestCall#test_call_bmethod_proc = 0.01 s
[42/63] TestCall#test_call_splat_kw_order = 0.01 s
[43/63] TestCall#test_call_cfunc_splat_large_array_bug_4040 = 80.32 s
[44/63] TestCall#test_safe_call_block_command = 0.01 s
[45/63] TestCall#test_call_method_missing_bmethod_large_array_splat_pass = 0.01 s
[46/63] TestCall#test_call_rb_call_iseq_large_array_splat_pass = 0.03 s
[47/63] TestCall#test_call_method_missing_iseq_large_array_splat_pass = 0.01 s
[48/63] TestCall#test_call_symproc_large_array_splat_pass = 0.03 s
[49/63] TestCall#test_call_iseq_large_array_splat_fail = 0.25 s
[50/63] TestCall#test_safe_call = 0.02 s
[51/63] TestCall#test_call_yield_lambda_large_array_splat_pass = 0.05 s
[52/63] TestCall#test_call_iseq_large_array_splat_with_large_number_of_parameters = 0.30 s
[53/63] TestCall#test_safe_call_block_call_command = 0.01 s
[54/63] TestCall#test_call_send_cfunc_large_array_splat_fail = 0.01 s
[55/63] TestCall#test_call_refined_large_array_splat_fail = 0.06 s
[56/63] TestCall#test_call = 0.10 s
[57/63] TestCall#test_invalid_safe_call = 0.01 s
[58/63] TestCall#test_call_args_splat_with_nonhash_keyword_splat = 0.01 s
[59/63] TestCall#test_safe_call_block_call_brace = 0.01 s
[60/63] TestCall#test_call_bmethod_large_array_splat_pass = 0.03 s
[61/63] TestCall#test_callinfo = 0.10 s
[62/63] TestCall#test_call_splat_kw_splat_order = 0.01 s
[63/63] TestCall#test_call_rb_call_bmethod_large_array_splat_fail = 2.73 s
Finished tests in 96.071691s, 0.6558 tests/s, 8.8059 assertions/s.
63 tests, 846 assertions, 0 failures, 0 errors, 0 skips

ruby -v: ruby 3.4.1 (2025-06-14 revision 742e381c9f) +PRISM [riscv64-freebsd]
end time: 2025-06-22T05:31:48
----------------------------------------
Running test: ../test/ruby/test_assignment.rb
start time: 2025-06-22T05:31:48
Run options:
  "--ruby=./miniruby -I../lib -I. -I.ext/common  ../tool/runruby.rb --extout=.ext  -- --disable-gems
"
  --excludes-dir=../test/.excludes
  --name=!/memory_leak/
  -s
  3216
  --timeout-scale
  10
  --worker-timeout=100
  -v

# Running tests:

[ 1/28] TestAssignment#test_yield = 0.11 s
[ 2/28] TestAssignment#test_assign_ary = 0.02 s
[ 3/28] TestAssignment#test_massign_splat = 0.02 s
[ 4/28] TestAssignment#test_multi = 0.01 s
[ 5/28] TestAssignment#test_massign_in_cond = 0.02 s
[ 6/28] TestAssignment#test_break = 0.07 s
[ 7/28] TestAssignment#test_to_ary_splat = 0.01 s
[ 8/28] TestAssignment#test_assign_abbreviated = 0.01 s
[ 9/28] TestAssignment#test_assign_private_self = 0.03 s
[10/28] TestAssignment#test_assign_splat = 0.01 s
[11/28] TestAssignment#test_next = 0.05 s
[12/28] TestAssignment#test_massign_simple = 0.02 s
[13/28] TestAssignment#test_assign = 0.01 s
[14/28] TestAssignment#test_const_massign = 0.01 s
[15/28] TestAssignment#test_assign_simple = 0.01 s
[16/28] TestAssignment#test_massign_order = 0.04 s
[17/28] TestAssignment#test_lambda = 0.02 s
[18/28] TestAssignment#test_const_assign_order = 0.02 s
[19/28] TestAssignment#test_assign_rescue = 0.01 s
[20/28] TestAssignment#test_nested_massign = 0.02 s
[21/28] TestAssignment#test_assign_ary_splat = 0.01 s
[22/28] TestAssignment#test_massign_const_order = 0.17 s
[23/28] TestAssignment#test_massign = 0.03 s
[24/28] TestAssignment#test_return = 0.11 s
[25/28] TestAssignmentGen#test_assignment = 559.90 s
[26/28] TestAssignmentGen#test_optimized_aset = 0.01 s
[27/28] TestAssignmentGen#test_massign_aref_lhs_splat = 0.01 s
[28/28] TestAssignmentGen#test_chainged_assign_command = 0.03 s
Finished tests in 563.559123s, 0.0497 tests/s, 40.2460 assertions/s.
28 tests, 22681 assertions, 0 failures, 0 errors, 0 skips

ruby -v: ruby 3.4.1 (2025-06-14 revision 742e381c9f) +PRISM [riscv64-freebsd]
end time: 2025-06-22T05:41:32
----------------------------------------
Running test: ../test/ruby/test_econv.rb
start time: 2025-06-22T05:41:33
Run options:
  "--ruby=./miniruby -I../lib -I. -I.ext/common  ../tool/runruby.rb --extout=.ext  -- --disable-gems
"
  --excludes-dir=../test/.excludes
  --name=!/memory_leak/
  -s
  3216
  --timeout-scale
  10
  --worker-timeout=100
  -v

# Running tests:

[ 1/83] TestEncodingConverter#test_s_new_convpath = 0.13 s
[ 2/83] TestEncodingConverter#test_default_external = 178.88 s
[ 3/83] TestEncodingConverter#test_convert = 0.04 s
[ 4/83] TestEncodingConverter#test_invalid_utf32le = 0.08 s
[ 5/83] TestEncodingConverter#test_errinfo_invalid_euc_jp2 = 0.01 s
[ 6/83] TestEncodingConverter#test_asciicompat_encoding_iso2022jp = 0.04 s
[ 7/83] TestEncodingConverter#test_no_universal_newline1 = 0.01 s
[ 8/83] TestEncodingConverter#test_last_error2 = 0.02 s
[ 9/83] TestEncodingConverter#test_xml_escape_with_charref = 0.06 s
[10/83] TestEncodingConverter#test_econv_new_hash = 0.08 s
[11/83] TestEncodingConverter#test_invalid_utf16be = 0.10 s
[12/83] TestEncodingConverter#test_errinfo_invalid_euc_jp = 0.61 s
[13/83] TestEncodingConverter#test_s_asciicompat_encoding = 0.08 s
[14/83] TestEncodingConverter#test_crlf_newline = 0.01 s
[15/83] TestEncodingConverter#test_exc_incomplete = 0.02 s
[16/83] TestEncodingConverter#test_accumulate_dst1 = 0.02 s
[17/83] TestEncodingConverter#test_invalid_ignore = 0.01 s
[18/83] TestEncodingConverter#test_xml_hasharg = 0.04 s
[19/83] TestEncodingConverter#test_s_new_fail = 0.14 s
[20/83] TestEncodingConverter#test_after_output = 0.02 s
[21/83] TestEncodingConverter#test_invalid_utf32be = 0.03 s
[22/83] TestEncodingConverter#test_nil_destination_bytesize = 0.03 s
[23/83] TestEncodingConverter#test_undef_ignore = 0.01 s
[24/83] TestEncodingConverter#test_invalid_replace2 = 0.01 s
[25/83] TestEncodingConverter#test_iso2022jp_encode = 0.02 s
[26/83] TestEncodingConverter#test_invalid3 = 0.01 s
[27/83] TestEncodingConverter#test_xml_escape_attr_quote = 0.31 s
[28/83] TestEncodingConverter#test_errinfo_valid_partial_character = 0.01 s
[29/83] TestEncodingConverter#test_88591 = 0.01 s
[30/83] TestEncodingConverter#test_universal_newline = 0.02 s
[31/83] TestEncodingConverter#test_universal_newline3 = 0.07 s
[32/83] TestEncodingConverter#test_eucjp_to_utf8 = 0.01 s
[33/83] TestEncodingConverter#test_iso2022jp = 0.01 s
[34/83] TestEncodingConverter#test_iso2022jp_invalid_replace = 0.02 s
[35/83] TestEncodingConverter#test_undef_replace = 0.01 s
[36/83] TestEncodingConverter#test_newline_option = 0.50 s
[37/83] TestEncodingConverter#test_invalid_utf16le = 0.03 s
[38/83] TestEncodingConverter#test_invalid_replace = 0.01 s
[39/83] TestEncodingConverter#test_xml_escape_text = 0.16 s
[40/83] TestEncodingConverter#test_newline_converter_with_ascii_incompatible = 0.02 s
[41/83] TestEncodingConverter#test_putback2 = 0.01 s
[42/83] TestEncodingConverter#test_get_encoding = 0.01 s
[43/83] TestEncodingConverter#test_result_encoding = 0.01 s
[44/83] TestEncodingConverter#test_finish_incomplete_error = 0.02 s
[45/83] TestEncodingConverter#test_universal_newline2 = 0.07 s
[46/83] TestEncodingConverter#test_partial_input = 0.01 s
[47/83] TestEncodingConverter#test_search_convpath = 0.02 s
[48/83] TestEncodingConverter#test_cr_newline = 0.01 s
[49/83] TestEncodingConverter#test_noconv = 0.06 s
[50/83] TestEncodingConverter#test_convpath = 0.07 s
[51/83] TestEncodingConverter#test_putback = 0.01 s
[52/83] TestEncodingConverter#test_invalid2 = 0.02 s
[53/83] TestEncodingConverter#test_noconv_insert_output = 0.08 s
[54/83] TestEncodingConverter#test_nil_destination_bytesize_with_nonnil_byteoffset = 0.02 s
[55/83] TestEncodingConverter#test_finish_iso2022jp = 0.02 s
[56/83] TestEncodingConverter#test_crlf_newline2 = 0.06 s
[57/83] TestEncodingConverter#test_errinfo_invalid_utf16be = 0.01 s
[58/83] TestEncodingConverter#test_nil_source_buffer = 0.01 s
[59/83] TestEncodingConverter#test_invalid4 = 0.02 s
[60/83] TestEncodingConverter#test_s_new = 0.01 s
[61/83] TestEncodingConverter#test_cr_newline2 = 0.06 s
[62/83] TestEncodingConverter#test_exc_invalid = 0.02 s
[63/83] TestEncodingConverter#test_errors2 = 0.02 s
[64/83] TestEncodingConverter#test_noconv_partial = 0.06 s
[65/83] TestEncodingConverter#test_errors = 0.01 s
[66/83] TestEncodingConverter#test_iso2022jp_decode = 0.03 s
[67/83] TestEncodingConverter#test_us_ascii = 0.01 s
[68/83] TestEncodingConverter#test_errinfo_invalid_partial_character = 0.01 s
[69/83] TestEncodingConverter#test_hex_charref = 0.26 s
[70/83] TestEncodingConverter#test_output_iso2022jp = 0.03 s
[71/83] TestEncodingConverter#test_get_replacement = 0.01 s
[72/83] TestEncodingConverter#test_nil_destination_bytesize2 = 0.03 s
[73/83] TestEncodingConverter#test_xml_escape_attr_content = 0.31 s
[74/83] TestEncodingConverter#test_accumulate_dst2 = 0.01 s
[75/83] TestEncodingConverter#test_set_replacement = 0.01 s
[76/83] TestEncodingConverter#test_errinfo_undefined_hiragana = 0.01 s
[77/83] TestEncodingConverter#test_output_region = 0.02 s
[78/83] TestEncodingConverter#test_exc_undef = 0.02 s
[79/83] TestEncodingConverter#test_invalid = 0.02 s
[80/83] TestEncodingConverter#test_noconv_after_output = 0.07 s
[81/83] TestEncodingConverter#test_errinfo_invalid_utf16le = 0.01 s
[82/83] TestEncodingConverter#test_last_error1 = 0.01 s
[83/83] TestEncodingConverter#test_no_universal_newline2 = 0.06 s
Finished tests in 188.674764s, 0.4399 tests/s, 3.1165 assertions/s.
83 tests, 588 assertions, 0 failures, 0 errors, 0 skips

ruby -v: ruby 3.4.1 (2025-06-14 revision 742e381c9f) +PRISM [riscv64-freebsd]
end time: 2025-06-22T05:45:00
----------------------------------------
Running test: ../test/ruby/test_method_cache.rb
start time: 2025-06-22T05:45:00
Run options:
  "--ruby=./miniruby -I../lib -I. -I.ext/common  ../tool/runruby.rb --extout=.ext  -- --disable-gems
"
  --excludes-dir=../test/.excludes
  --name=!/memory_leak/
  -s
  3216
  --timeout-scale
  10
  --worker-timeout=100
  -v

# Running tests:

[1/4] TestMethodCache#test_undef_with_subclasses_complicated = 0.05 s
[2/4] TestMethodCache#test_negative_cache_with_and_without_subclasses = 0.01 s
[3/4] TestMethodCache#test_undef_with_subclasses = 0.01 s
[4/4] TestMethodCache#test_undef = 0.01 s
Finished tests in 1.400289s, 2.8566 tests/s, 11.4262 assertions/s.
4 tests, 16 assertions, 0 failures, 0 errors, 0 skips

ruby -v: ruby 3.4.1 (2025-06-14 revision 742e381c9f) +PRISM [riscv64-freebsd]
end time: 2025-06-22T05:45:20
----------------------------------------
Running test: ../test/ruby/test_memory_view.rb
start time: 2025-06-22T05:45:20
Run options:
  "--ruby=./miniruby -I../lib -I. -I.ext/common  ../tool/runruby.rb --extout=.ext  -- --disable-gems
"
  --excludes-dir=../test/.excludes
  --name=!/memory_leak/
  -s
  3216
  --timeout-scale
  10
  --worker-timeout=100
  -v

# Running tests:

[ 1/24] TestMemoryView#test_rb_memory_view_fill_contiguous_strides = 0.03 s
[ 2/24] TestMemoryView#test_rb_memory_view_available_p = 0.01 s
[ 3/24] TestMemoryView#test_rb_memory_view_parse_item_format_with_alignment_signle = 0.14 s
[ 4/24] TestMemoryView#test_rb_memory_view_init_as_byte_array = 0.01 s
[ 5/24] TestMemoryView#test_rb_memory_view_get_with_memory_view_unavailable_object = 0.01 s
[ 6/24] TestMemoryView#test_rb_memory_view_register_nonclass = 0.01 s
[ 7/24] TestMemoryView#test_rb_memory_view_item_size_from_format_with_spaces = 0.01 s
[ 8/24] TestMemoryView#test_rb_memory_view_extract_item_members_float = 0.01 s
[ 9/24] TestMemoryView#test_rb_memory_view_parse_item_format_with_alignment_total_size_with_tail_pad
ding = 0.01 s
[10/24] TestMemoryView#test_rb_memory_view_extract_item_members_endianness = 0.02 s
[11/24] TestMemoryView#test_rb_memory_view_extract_item_members = 0.01 s
[12/24] TestMemoryView#test_ref_count_with_exported_object = 0.01 s
[13/24] TestMemoryView#test_rb_memory_view_get_item_pointer_multiple_members = 0.02 s
[14/24] TestMemoryView#test_rb_memory_view_extract_item_members_doble = 0.01 s
[15/24] TestMemoryView#test_rb_memory_view_extract_item_members_doble_endianness = 0.02 s
[16/24] TestMemoryView#test_rb_memory_view_get_item_pointer_single_member = 0.01 s
[17/24] TestMemoryView#test_rb_memory_view_extract_item_members_float_endianness = 0.01 s
[18/24] TestMemoryView#test_rb_memory_view_item_size_from_format_composed = 0.01 s
[19/24] TestMemoryView#test_ractor = 2.66 s
[20/24] TestMemoryView#test_rb_memory_view_parse_item_format = 0.02 s
[21/24] TestMemoryView#test_rb_memory_view_parse_item_format_with_alignment_compound = 0.02 s
[22/24] TestMemoryView#test_rb_memory_view_item_size_from_format = 0.06 s
[23/24] TestMemoryView#test_rb_memory_view_register_duplicated = 0.02 s
[24/24] TestMemoryView#test_rb_memory_view_item_size_from_format_error = 0.01 s
Finished tests in 5.292349s, 4.5348 tests/s, 48.5607 assertions/s.
24 tests, 257 assertions, 0 failures, 0 errors, 0 skips

ruby -v: ruby 3.4.1 (2025-06-14 revision 742e381c9f) +PRISM [riscv64-freebsd]
end time: 2025-06-22T05:45:44
----------------------------------------
Running test: ../test/ruby/test_fnmatch.rb
start time: 2025-06-22T05:45:44
Run options:
  "--ruby=./miniruby -I../lib -I. -I.ext/common  ../tool/runruby.rb --extout=.ext  -- --disable-gems
"
  --excludes-dir=../test/.excludes
  --name=!/memory_leak/
  -s
  3216
  --timeout-scale
  10
  --worker-timeout=100
  -v

# Running tests:

[ 1/15] TestFnmatch#test_char_class = 0.34 s
[ 2/15] TestFnmatch#test_text = 0.08 s
[ 3/15] TestFnmatch#test_recursive = 0.17 s
[ 4/15] TestFnmatch#test_fnm_dotmatch = 0.15 s
[ 5/15] TestFnmatch#test_unmatched_encoding = 0.18 s
[ 6/15] TestFnmatch#test_fnm_casefold = 0.13 s
[ 7/15] TestFnmatch#test_any_one = 0.14 s
[ 8/15] TestFnmatch#test_extglob = 0.06 s
[ 9/15] TestFnmatch#test_fnm_pathname = 0.09 s
[10/15] TestFnmatch#test_unicode = 0.05 s
[11/15] TestFnmatch#test_any_chars = 0.20 s
[12/15] TestFnmatch#test_fnmatch = 0.14 s
[13/15] TestFnmatch#test_escape = 0.29 s
[14/15] TestFnmatch#test_fnm_escape = 0.36 s
[15/15] TestFnmatch#test_nullchar = 0.01 s
Finished tests in 4.083743s, 3.6731 tests/s, 76.8902 assertions/s.
15 tests, 314 assertions, 0 failures, 0 errors, 0 skips

ruby -v: ruby 3.4.1 (2025-06-14 revision 742e381c9f) +PRISM [riscv64-freebsd]
end time: 2025-06-22T05:46:07
----------------------------------------
Running test: ../test/ruby/test_require.rb
start time: 2025-06-22T05:46:07
Run options:
  "--ruby=./miniruby -I../lib -I. -I.ext/common  ../tool/runruby.rb --extout=.ext  -- --disable-gems
"
  --excludes-dir=../test/.excludes
  --name=!/memory_leak/
  -s
  3216
  --timeout-scale
  10
  --worker-timeout=100
  -v

# Running tests:

[ 1/51] TestRequire#test_loading_fifo_fd_leak = 16.01 s
[ 2/51] TestRequire#test_require_changed_home = 2.42 s
[ 3/51] TestRequire#test_load_scope = 2.35 s
[ 4/51] TestRequire#test_require_in_wrapped_load = 11.39 s
[ 5/51] TestRequire#test_load_error_path = 11.41 s
[ 6/51] TestRequire#test_load_wrap_nil = 12.51 s
[ 7/51] TestRequire#test_require_path_home_3 = 3.99 s
[ 8/51] TestRequire#test_relative_symlink_realpath = 9.73 s
[ 9/51] TestRequire#test_require_path_home_1 = 1.66 s
[10/51] TestRequire#test_require_syntax_error = 0.10 s
[11/51] TestRequire#test_require_nonascii_path = 0.08 s
[12/51] TestRequire#test_require_too_long_filename = 13.40 s
[13/51] TestRequire#test_load_syntax_error = 0.09 s
[14/51] TestRequire#test_require_with_public_method_missing = 133.70 s
[15/51] TestRequire#test_loaded_features_encoding = 0.05 s
[16/51] TestRequire#test_relative = 0.13 s
[17/51] TestRequire#test_require_to_str_redefined_in_load_path = 2.43 s
[18/51] TestRequire#test_loading_fifo_threading_success = 0.05 s
[19/51] TestRequire#test_resolve_feature_path = 0.12 s
[20/51] TestRequire#test_require_to_path_redefined_in_load_path = 2.46 s
[21/51] TestRequire#test_symlink_load_path = 9.69 s
[22/51] TestRequire#test_require_local_var_on_toplevel = 2.45 s
[23/51] TestRequire#test_define_module_under = 13.75 s
[24/51] TestRequire#test_require_nonascii = 0.07 s
[25/51] TestRequire#test_public_in_wrapped_load = 0.05 s
[26/51] TestRequire#test_load_ospath = 0.12 s
[27/51] TestRequire#test_require_nonascii_path_utf8 = 0.01 s
[28/51] TestRequire#test_require_invalid_shared_object = 11.39 s
[29/51] TestRequire#test_define_module = 11.51 s
[30/51] TestRequire#test_frozen_loaded_features = 2.56 s
[31/51] TestRequire#test_relative_symlink = 9.70 s
[32/51] TestRequire#test_private_in_wrapped_load = 0.05 s
[33/51] TestRequire#test_require_twice = 2.38 s
[34/51] TestRequire#test_define_class = 38.73 s
[35/51] TestRequire#test_loading_fifo_threading_raise = 11.40 s
[36/51] TestRequire#test_provide_in_required_file = 0.09 s
[37/51] TestRequire#test_require_changed_current_dir = 2.40 s
[38/51] TestRequire#test_require_with_array_shift = 2.40 s
[39/51] TestRequire#test_load_into_module = 0.06 s
[40/51] TestRequire#test_throw_while_loading = 11.42 s
[41/51] TestRequire#test_default_loaded_features_encoding = 11.47 s
[42/51] TestRequire#test_require_syntax_error_rescued = 0.14 s
[43/51] TestRequire#test_require_with_array_pop = 2.40 s
[44/51] TestRequire#test_define_class_under = 34.39 s
[45/51] TestRequire#test_require_nonascii_path_shift_jis = 0.09 s
[46/51] TestRequire#test_resolve_feature_path_with_missing_feature = 0.04 s
[47/51] TestRequire#test_race_exception = 0.94 s
[48/51] TestRequire#test_require_not_modified_load_path = 2.38 s
[49/51] TestRequire#test_require_path_home_2 = 1.66 s
[50/51] TestRequire#test_require_with_loaded_features_pop = 130.89 s
[51/51] TestRequire#test_load = 2.54 s
Finished tests in 545.800856s, 0.0934 tests/s, 0.7127 assertions/s.
51 tests, 389 assertions, 0 failures, 0 errors, 1 skips

ruby -v: ruby 3.4.1 (2025-06-14 revision 742e381c9f) +PRISM [riscv64-freebsd]
end time: 2025-06-22T05:55:32
----------------------------------------
Running test: ../test/ruby/test_condition.rb
start time: 2025-06-22T05:55:32
Run options:
  "--ruby=./miniruby -I../lib -I. -I.ext/common  ../tool/runruby.rb --extout=.ext  -- --disable-gems
"
  --excludes-dir=../test/.excludes
  --name=!/memory_leak/
  -s
  3216
  --timeout-scale
  10
  --worker-timeout=100
  -v

# Running tests:

[1/1] TestCondition#test_condition = 0.03 s
Finished tests in 1.217088s, 0.8216 tests/s, 3.2865 assertions/s.
1 tests, 4 assertions, 0 failures, 0 errors, 0 skips

ruby -v: ruby 3.4.1 (2025-06-14 revision 742e381c9f) +PRISM [riscv64-freebsd]
end time: 2025-06-22T05:55:51
----------------------------------------
Running test: ../test/ruby/test_warning.rb
start time: 2025-06-22T05:55:51
Run options:
  "--ruby=./miniruby -I../lib -I. -I.ext/common  ../tool/runruby.rb --extout=.ext  -- --disable-gems
"
  --excludes-dir=../test/.excludes
  --name=!/memory_leak/
  -s
  3216
  --timeout-scale
  10
  --worker-timeout=100
  -v

# Running tests:

[1/1] TestWarning#test_warn_called_only_when_category_enabled = 22.82 s
Finished tests in 24.032626s, 0.0416 tests/s, 0.4993 assertions/s.
1 tests, 12 assertions, 0 failures, 0 errors, 0 skips

ruby -v: ruby 3.4.1 (2025-06-14 revision 742e381c9f) +PRISM [riscv64-freebsd]
end time: 2025-06-22T05:56:34
----------------------------------------
Running test: ../test/ruby/test_range.rb
start time: 2025-06-22T05:56:34
Run options:
  "--ruby=./miniruby -I../lib -I. -I.ext/common  ../tool/runruby.rb --extout=.ext  -- --disable-gems
"
  --excludes-dir=../test/.excludes
  --name=!/memory_leak/
  -s
  3216
  --timeout-scale
  10
  --worker-timeout=100
  -v

# Running tests:

[ 1/65] TestRange#test_range_bsearch_for_floats = 394.90 s
[ 2/65] TestRange#test_uninitialized_range = 0.01 s
[ 3/65] TestRange#test_marshal = 0.02 s
[ 4/65] TestRange#test_first_last = 0.05 s
[ 5/65] TestRange#test_bsearch_for_float = 0.32 s
[ 6/65] TestRange#test_range_string = 0.02 s
[ 7/65] TestRange#test_each_no_blockarg = 0.01 s
[ 8/65] TestRange#test_overlap? = 0.05 s
[ 9/65] TestRange#test_hash = 0.01 s
[10/65] TestRange#test_cover = 2.64 s
[11/65] TestRange#test_bsearch_for_other_numerics = 0.01 s
[12/65] TestRange#test_eql = 0.02 s
[13/65] TestRange#test_duckrange = 0.01 s
[14/65] TestRange#test_step_big_float = 0.01 s
[15/65] TestRange#test_range_symbol = 0.01 s
[16/65] TestRange#test_minmax = 0.13 s
[17/65] TestRange#test_min = 0.03 s
[18/65] TestRange#test_step_symbol_legacy = 0.04 s
[19/65] TestRange#test_inspect = 0.02 s
[20/65] TestRange#test_eq = 0.02 s
[21/65] TestRange#test_eqq_non_linear = 0.01 s
[22/65] TestRange#test_range_numeric_string = 0.03 s
[23/65] TestRange#test_bsearch_typechecks_return_values = 0.03 s
[24/65] TestRange#test_count = 0.02 s
[25/65] TestRange#test_step_numeric_fixnum_boundary = 0.02 s
[26/65] TestRange#test_eqq_time = 0.01 s
[27/65] TestRange#test_cyclic_range_inspect = 0.01 s
[28/65] TestRange#test_comparison_when_recursive = 0.06 s
[29/65] TestRange#test_beg_len = 0.03 s
[30/65] TestRange#test_begin_end = 0.01 s
[31/65] TestRange#test_eqq_non_iteratable = 0.02 s
[32/65] TestRange#test_each_with_succ = 0.02 s
[33/65] TestRange#test_bsearch_with_no_block = 0.01 s
[34/65] TestRange#test_step_bug15537 = 0.01 s
[35/65] TestRange#test_step_ruby_core_35753 = 0.02 s
[36/65] TestRange#test_eqq_string = 0.01 s
[37/65] TestRange#test_to_a = 0.01 s
[38/65] TestRange#test_step_numeric_range = 0.29 s
[39/65] TestRange#test_eqq = 0.01 s
[40/65] TestRange#test_step_string_legacy = 0.04 s
[41/65] TestRange#test_bad_value = 0.01 s
[42/65] TestRange#test_initialize_twice = 0.02 s
[43/65] TestRange#test_eqq_unbounded_ruby_bug_19864 = 0.02 s
[44/65] TestRange#test_percent_step = 0.01 s
[45/65] TestRange#test_evaluation_order = 0.01 s
[46/65] TestRange#test_exclude_end = 0.01 s
[47/65] TestRange#test_last_with_redefine_each = 2.37 s
[48/65] TestRange#test_reverse_each_for_empty_range = 0.12 s
[49/65] TestRange#test_to_s = 0.01 s
[50/65] TestRange#test_reverse_each_with_no_block = 0.01 s
[51/65] TestRange#test_max = 0.05 s
[52/65] TestRange#test_reverse_each_for_single_point_range = 0.04 s
[53/65] TestRange#test_each = 0.29 s
[54/65] TestRange#test_reverse_each_for_beginless_range = 0.02 s
[55/65] TestRange#test_reverse_each_size = 0.03 s
[56/65] TestRange#test_size = 1.32 s
[57/65] TestRange#test_reverse_each = 0.02 s
[58/65] TestRange#test_beginless_range_iteration = 0.01 s
[59/65] TestRange#test_bsearch_for_fixnum = 0.02 s
[60/65] TestRange#test_frozen_initialize = 0.01 s
[61/65] TestRange#test_new = 0.02 s
[62/65] TestRange#test_bsearch_for_bignum = 0.43 s
[63/65] TestRange#test_reverse_each_for_endless_range = 0.01 s
[64/65] TestRange#test_step_non_numeric_range = 0.07 s
[65/65] TestRange#test_include = 0.17 s
Finished tests in 407.850900s, 0.1594 tests/s, 972.5490 assertions/s.
65 tests, 396655 assertions, 0 failures, 0 errors, 0 skips

ruby -v: ruby 3.4.1 (2025-06-14 revision 742e381c9f) +PRISM [riscv64-freebsd]
end time: 2025-06-22T06:03:42
----------------------------------------
Running test: ../test/ruby/test_integer.rb
start time: 2025-06-22T06:03:43
Run options:
  "--ruby=./miniruby -I../lib -I. -I.ext/common  ../tool/runruby.rb --extout=.ext  -- --disable-gems
"
  --excludes-dir=../test/.excludes
  --name=!/memory_leak/
  -s
  3216
  --timeout-scale
  10
  --worker-timeout=100
  -v

# Running tests:

[ 1/37] TestInteger#test_Integer_with_base = 0.07 s
[ 2/37] TestInteger#test_digits_for_negative_numbers = 0.02 s
[ 3/37] TestInteger#test_times = 0.01 s
[ 4/37] TestInteger#test_Integer_when_to_str = 0.01 s
[ 5/37] TestInteger#test_int_p = 0.01 s
[ 6/37] TestInteger#test_times_bignum_redefine_plus_lt = 11.49 s
[ 7/37] TestInteger#test_digits_for_non_numeric_base_argument = 0.02 s
[ 8/37] TestInteger#test_digits_for_invalid_base_numbers = 0.02 s
[ 9/37] TestInteger#test_bitwise_xor_with_integer_coercion = 0.02 s
[10/37] TestInteger#test_bitwise_or_with_integer_mimic_object = 0.02 s
[11/37] TestInteger#test_Integer_with_invalid_exception = 0.01 s
[12/37] TestInteger#test_fdiv = 0.15 s
[13/37] TestInteger#test_succ = 0.01 s
[14/37] TestInteger#test_digits_for_non_integral_base_numbers = 0.02 s
[15/37] TestInteger#test_obj_fdiv = 0.01 s
[16/37] TestInteger#test_chr = 0.02 s
[17/37] TestInteger#test_bitwise_and_with_integer_mimic_object = 0.01 s
[18/37] TestInteger#test_rshift = 0.01 s
[19/37] TestInteger#test_bitwise_xor_with_integer_mimic_object = 0.01 s
[20/37] TestInteger#test_floor = 0.05 s
[21/37] TestInteger#test_truncate = 0.04 s
[22/37] TestInteger#test_downto = 0.01 s
[23/37] TestInteger#test_digits = 0.10 s
[24/37] TestInteger#test_Integer = 11.59 s
[25/37] TestInteger#test_bitwise_or_with_integer_coercion = 0.02 s
[26/37] TestInteger#test_upto = 0.02 s
[27/37] TestInteger#test_ceildiv = 0.03 s
[28/37] TestInteger#test_try_convert = 0.04 s
[29/37] TestInteger#test_bit_length = 10.10 s
[30/37] TestInteger#test_ceil = 0.05 s
[31/37] TestInteger#test_aref = 679.55 s
[32/37] TestInteger#test_bitwise_and_with_integer_coercion = 0.01 s
[33/37] TestInteger#test_round = 0.16 s
[34/37] TestInteger#test_lshift = 0.02 s
[35/37] TestInteger#test_Integer_with_exception_keyword = 11.43 s
[36/37] TestInteger#test_square_root = 1.53 s
[37/37] TestInteger#test_pow = 256.75 s
Finished tests in 987.143824s, 0.0375 tests/s, 427.1130 assertions/s.
37 tests, 421622 assertions, 0 failures, 0 errors, 0 skips

ruby -v: ruby 3.4.1 (2025-06-14 revision 742e381c9f) +PRISM [riscv64-freebsd]
end time: 2025-06-22T06:20:29
----------------------------------------
Running test: ../test/ruby/test_alias.rb
start time: 2025-06-22T06:20:29
Run options:
  "--ruby=./miniruby -I../lib -I. -I.ext/common  ../tool/runruby.rb --extout=.ext  -- --disable-gems
"
  --excludes-dir=../test/.excludes
  --name=!/memory_leak/
  -s
  3216
  --timeout-scale
  10
  --worker-timeout=100
  -v

# Running tests:

[ 1/16] TestAlias#test_cyclic_zsuper = 0.04 s
[ 2/16] TestAlias#test_alias_inspect = 0.03 s
[ 3/16] TestAlias#test_zsuper_alias_visibility = 0.01 s
[ 4/16] TestAlias#test_alias = 0.02 s
[ 5/16] TestAlias#test_alias_in_module = 11.38 s
[ 6/16] TestAlias#test_send_alias = 0.01 s
[ 7/16] TestAlias#test_special_const_alias = 0.02 s
[ 8/16] TestAlias#test_alias_method_equation = 0.01 s
[ 9/16] TestAlias#test_super_in_aliased_module_method = 0.01 s
[10/16] TestAlias#test_alias_class_method_added = 0.01 s
[11/16] TestAlias#test_alias_suppressing_redefinition = 2.35 s
[12/16] TestAlias#test_alias_wb_miss = 12.46 s
[13/16] TestAlias#test_alias_module_method_added = 0.01 s
[14/16] TestAlias#test_alias_complemented_method = 2.38 s
[15/16] TestAlias#test_alias_with_zsuper_method = 0.02 s
[16/16] TestAlias#test_nonexistmethod = 0.02 s
Finished tests in 30.639527s, 0.5222 tests/s, 2.3825 assertions/s.
16 tests, 73 assertions, 0 failures, 0 errors, 0 skips

ruby -v: ruby 3.4.1 (2025-06-14 revision 742e381c9f) +PRISM [riscv64-freebsd]
end time: 2025-06-22T06:21:18
----------------------------------------
Running test: ../test/ruby/test_proc.rb
start time: 2025-06-22T06:21:18
Run options:
  "--ruby=./miniruby -I../lib -I. -I.ext/common  ../tool/runruby.rb --extout=.ext  -- --disable-gems
"
  --excludes-dir=../test/.excludes
  --name=!/memory_leak/
  -s
  3216
  --timeout-scale
  10
  --worker-timeout=100
  -v

# Running tests:

[  1/110] TestProc#test_proc_args_pos_opt_rest_post = 0.05 s
[  2/110] TestProc#test_curry_ski_fib = 0.34 s
[  3/110] TestProc#test_curry_lambda_splat = 0.03 s
[  4/110] TestProc#test_local_variables = 0.01 s
[  5/110] TestProc#test_proc_args_plain = 0.02 s
[  6/110] TestProc#test_orphan_break = 0.02 s
[  7/110] TestProc#test_overridden_proc = 9.72 s
[  8/110] TestProc#test_overridden_lambda = 9.68 s
[  9/110] TestProc#test_hash_does_not_change_after_compaction = 42.87 s
[ 10/110] TestProc#test_compose_with_noncallable = 0.02 s
[ 11/110] TestProc#test_proc_single_arg_with_keywords_accepted_and_yielded = 0.02 s
[ 12/110] TestProc#test_proc_autosplat = 0.02 s
[ 13/110] TestProc#test_curry_lambda = 0.04 s
[ 14/110] TestProc#test_proc_args_rest = 0.03 s
[ 15/110] TestProc#test_proc_args_opt_rest_post = 0.03 s
[ 16/110] TestProc#test_compose_with_callable = 0.02 s
[ 17/110] TestProc#test_local_variables_nested = 0.01 s
[ 18/110] TestProc#test_lambda_warning_pass_block = 0.01 s
[ 19/110] TestProc#test_parameters_lambda = 0.05 s
[ 20/110] TestProc#test_local_variable_set_wb = 57.59 s
[ 21/110] TestProc#test_proc_args_opt_block = 0.04 s
[ 22/110] TestProc#test_block_propagation = 0.02 s
[ 23/110] TestProc#test_compose_with_block = 0.01 s
[ 24/110] TestProc#test_proc_args_rest_kwsplat = 0.01 s
[ 25/110] TestProc#test_method_to_proc = 0.03 s
[ 26/110] TestProc#test_compose_with_multiple_args = 0.01 s
[ 27/110] TestProc#test_compose = 0.01 s
[ 28/110] TestProc#test_proc_location = 0.03 s
[ 29/110] TestProc#test_proc_args_opt_post = 0.02 s
[ 30/110] TestProc#test_hash_uniqueness = 3.58 s
[ 31/110] TestProc#test_binding = 0.03 s
[ 32/110] TestProc#test_proc_autosplat_with_multiple_args_with_ruby2_keywords_splat_bug_19759 = 0.03
 s
[ 33/110] TestProc#test_proc_args_single_kwsplat_no_autosplat = 0.02 s
[ 34/110] TestProc#test_local_variables_in_other_context = 0.01 s
[ 35/110] TestProc#test_binding_receiver = 0.01 s
[ 36/110] TestProc#test_arity2 = 0.01 s
[ 37/110] TestProc#test_local_variable_set = 0.02 s
[ 38/110] TestProc#test_localjump_error = 0.01 s
[ 39/110] TestProc#test_binding_error_unless_ruby_frame = 0.02 s
[ 40/110] TestProc#test_attr_source_location = 0.03 s
[ 41/110] TestProc#test_proc_args_pos_opt_rest = 0.02 s
[ 42/110] TestProc#test_proc_args_multiple_kw_autosplat = 0.02 s
[ 43/110] TestProc#test_eq = 0.01 s
[ 44/110] TestProc#test_to_proc = 0.01 s
[ 45/110] TestProc#test_local_variable_get = 0.02 s
[ 46/110] TestProc#test_refined_call = 2.39 s
[ 47/110] TestProc#test_lambda_warning_pass_proc = 0.01 s
[ 48/110] TestProc#test_proc_args_rest_post_block = 0.04 s
[ 49/110] TestProc#test_curry_proc = 0.02 s
[ 50/110] TestProc#test_block_source_location = 0.01 s
[ 51/110] TestProc#test_compose_with_method = 0.01 s
[ 52/110] TestProc#test_proc_args_pos_opt_block = 0.04 s
[ 53/110] TestProc#test_parameters = 0.05 s
[ 54/110] TestProc#test_proc_args_opt_single = 0.01 s
[ 55/110] TestProc#test_proc_args_pos_opt_rest_post_block = 0.05 s
[ 56/110] TestProc#test_block_given_method = 0.01 s
[ 57/110] TestProc#test_proc_args_pos_opt = 0.02 s
[ 58/110] TestProc#test_proc_args_opt_rest_post_block = 0.05 s
[ 59/110] TestProc#test_not_orphan_next = 0.02 s
[ 60/110] TestProc#test_curry_instance_exec = 0.01 s
[ 61/110] TestProc#test_dup_ifunc_proc_bug_20950 = 37.16 s
[ 62/110] TestProc#test_proc_mark = 31.14 s
[ 63/110] TestProc#test_dup_subclass = 0.02 s
[ 64/110] TestProc#test_proc_args_opt = 0.02 s
[ 65/110] TestProc#test_proc_args_only_rest = 0.01 s
[ 66/110] TestProc#test_curry_no_arguments = 0.01 s
[ 67/110] TestProc#test_proc_args_multiple_kwsplat_autosplat = 0.02 s
[ 68/110] TestProc#test_dup_clone = 0.03 s
[ 69/110] TestProc#test_curry_given_blocks = 0.02 s
[ 70/110] TestProc#test_proc_args_opt_rest_block = 0.04 s
[ 71/110] TestProc#test_curry_with_trace = 3.07 s
[ 72/110] TestProc#test_proc_args_rest_block = 0.02 s
[ 73/110] TestProc#test_block_persist_between_calls = 0.01 s
[ 74/110] TestProc#test_curry_optional_params = 0.01 s
[ 75/110] TestProc#test_hash_equal = 0.01 s
[ 76/110] TestProc#test_prepended_call = 2.35 s
[ 77/110] TestProc#test_local_variable_defined? = 0.01 s
[ 78/110] TestProc#test_proc_args_pos_opt_rest_block = 0.04 s
[ 79/110] TestProc#test_block_par = 0.01 s
[ 80/110] TestProc#test_lambda? = 0.02 s
[ 81/110] TestProc#test_clone_subclass = 0.02 s
[ 82/110] TestProc#test_to_s = 0.04 s
[ 83/110] TestProc#test_proc_args_opt_rest = 0.82 s
[ 84/110] TestProc#test_proc_args_pos_rest_post = 0.03 s
[ 85/110] TestProc#test_block_given_method_to_proc = 0.01 s
[ 86/110] TestProc#test_proc_args_rest_kw = 0.01 s
[ 87/110] TestProc#test_proc_args_pos_unleashed = 0.01 s
[ 88/110] TestProc#test_orphan_return = 0.02 s
[ 89/110] TestProc#test_binding_source_location = 0.02 s
[ 90/110] TestProc#test_bound_parameters = 0.05 s
[ 91/110] TestProc#test_splat_without_respond_to = 0.01 s
[ 92/110] TestProc#test_proc_args_pos_opt_post_block = 0.04 s
[ 93/110] TestProc#test_arity = 0.08 s
[ 94/110] TestProc#test_proc_args_single_kw_no_autosplat = 0.02 s
[ 95/110] TestProc#test_source_location = 0.01 s
[ 96/110] TestProc#test_proc_args_pos_opt_post = 0.02 s
[ 97/110] TestProc#test_compose_with_lambda = 0.01 s
[ 98/110] TestProc#test_curry_binding = 0.01 s
[ 99/110] TestProc#test_proc_args_pos_block = 0.03 s
[100/110] TestProc#test_curry_passed_block = 0.01 s
[101/110] TestProc#test_proc_lambda = 0.03 s
[102/110] TestProc#test_proc = 0.02 s
[103/110] TestProc#test_proc_args_opt_post_block = 0.04 s
[104/110] TestProc#test_proc_args_rest_post = 0.12 s
[105/110] TestProc#test_proc_args_pos_rest_post_block = 0.04 s
[106/110] TestProc#test_proc_args_pos_rest_block = 0.03 s
[107/110] TestProc#test_curry_proc_splat = 0.02 s
[108/110] TestProcKeywords#test_compose_keywords_non_proc = 0.27 s
[109/110] TestProcKeywords#test_compose_keywords = 0.14 s
[110/110] TestProcKeywords#test_compose_keywords_method = 0.14 s
Finished tests in 210.030440s, 0.5237 tests/s, 5.3707 assertions/s.
110 tests, 1128 assertions, 0 failures, 0 errors, 0 skips

ruby -v: ruby 3.4.1 (2025-06-14 revision 742e381c9f) +PRISM [riscv64-freebsd]
end time: 2025-06-22T06:25:10
----------------------------------------
Running test: ../test/ruby/test_ast.rb
start time: 2025-06-22T06:25:10
Run options:
  "--ruby=./miniruby -I../lib -I. -I.ext/common  ../tool/runruby.rb --extout=.ext  -- --disable-gems
"
  --excludes-dir=../test/.excludes
  --name=!/memory_leak/
  -s
  3216
  --timeout-scale
  10
  --worker-timeout=100
  -v

# Running tests:

[   1/3055] TestAst#"test_ranges:test/openssl/test_provider.rb" = 0.21 s
[   2/3055] TestAst#"test_ranges:test/openssl/test_fips.rb" = 0.17 s
[   3/3055] TestAst#"test_all_tokens:test/test_tmpdir.rb" = 7.37 s
[   4/3055] TestAst#"test_not_cared:test/psych/test_object_references.rb" = 0.22 s
[   5/3055] TestAst#"test_not_cared:test/ruby/test_yjit_exit_locations.rb" = 0.33 s
[   6/3055] TestAst#"test_all_tokens:test/ruby/test_enumerator.rb" = 63.28 s
[   7/3055] TestAst#"test_not_cared:test/-ext-/string/test_too_many_dummy_encodings.rb" = 0.04 s
[   8/3055] TestAst#"test_ranges:test/rubygems/bundler_test_gem.rb" = 3.08 s
[   9/3055] TestAst#"test_not_cared:test/rdoc/test_rdoc_stats.rb" = 2.64 s
[  10/3055] TestAst#"test_not_cared:test/rdoc/test_rdoc_markup_pre_process.rb" = 1.70 s
[  11/3055] TestAst#"test_not_cared:test/-ext-/string/test_external_new.rb" = 0.17 s
[  12/3055] TestAst#"test_all_tokens:test/ruby/test_defined.rb" = 21.86 s
[  13/3055] TestAst#"test_not_cared:test/rubygems/test_gem_config_file.rb" = 2.19 s
[  14/3055] TestAst#"test_ranges:test/rdoc/test_rdoc_markup_to_table_of_contents.rb" = 1.01 s
[  15/3055] TestAst#"test_ranges:test/rubygems/test_gem_resolver_vendor_set.rb" = 0.70 s
[  16/3055] TestAst#"test_not_cared:test/rdoc/test_rdoc_store.rb" = 6.73 s
[  17/3055] TestAst#"test_ranges:test/psych/test_yaml.rb" = 4.52 s
[  18/3055] TestAst#"test_not_cared:test/win32ole/test_win32ole_typelib.rb" = 0.50 s
[  19/3055] TestAst#test_error_tolerant_end_is_short_for_method_define = 0.18 s
[  20/3055] TestAst#"test_not_cared:test/psych/test_boolean.rb" = 0.20 s
[  21/3055] TestAst#"test_ranges:test/-ext-/string/test_qsort.rb" = 0.19 s
[  22/3055] TestAst#"test_all_tokens:test/rdoc/test_rdoc_markup_parser.rb" = 60.97 s
[  23/3055] TestAst#"test_all_tokens:test/psych/test_safe_load.rb" = 4.74 s
[  24/3055] TestAst#"test_all_tokens:test/openssl/test_pkcs12.rb" = 9.31 s
[  25/3055] TestAst#"test_not_cared:test/ruby/lbtest.rb" = 0.16 s
[  26/3055] TestAst#"test_ranges:test/ruby/test_system.rb" = 1.88 s
[  27/3055] TestAst#"test_ranges:test/ruby/test_gc_compact.rb" = 1.77 s
[  28/3055] TestAst#"test_ranges:test/rubygems/test_gem_resolver_lock_specification.rb" = 0.71 s
[  29/3055] TestAst#"test_all_tokens:test/rubygems/test_gem_commands_uninstall_command.rb" = 27.52 s
[  30/3055] TestAst#"test_ranges:test/reline/windows/test_key_event_record.rb" = 0.27 s
[  31/3055] TestAst#"test_all_tokens:test/reline/test_string_processing.rb" = 1.84 s
[  32/3055] TestAst#"test_ranges:test/prism/test_helper.rb" = 2.48 s
[  33/3055] TestAst#"test_all_tokens:test/prism/encoding/encodings_test.rb" = 4.50 s
[  34/3055] TestAst#"test_all_tokens:test/irb/command/test_force_exit.rb" = 1.38 s
[  35/3055] TestAst#"test_ranges:test/json/json_addition_test.rb" = 3.65 s
[  36/3055] TestAst#"test_all_tokens:test/ruby/test_name_error.rb" = 6.39 s
[  37/3055] TestAst#"test_ranges:test/openssl/test_pkcs12.rb" = 1.42 s
[  38/3055] TestAst#"test_all_tokens:test/reline/test_key_actor_vi.rb" = 42.35 s
[  39/3055] TestAst#"test_not_cared:test/rubygems/test_gem_unsatisfiable_dependency_error.rb" = 0.17
 s
[  40/3055] TestAst#"test_all_tokens:test/ruby/test_optimization.rb" = 43.41 s
[  41/3055] TestAst#"test_all_tokens:test/win32ole/test_win32ole_variant_m.rb" = 1.45 s
[  42/3055] TestAst#"test_all_tokens:test/ruby/enc/test_utf16.rb" = 22.55 s
[  43/3055] TestAst#"test_all_tokens:test/rubygems/test_gem_local_remote_options.rb" = 4.18 s
[  44/3055] TestAst#"test_all_tokens:test/irb/test_tracer.rb" = 2.29 s
[  45/3055] TestAst#"test_all_tokens:test/-ext-/test_ensure_and_callcc.rb" = 1.67 s
[  46/3055] TestAst#"test_not_cared:test/-ext-/required.rb" = 0.06 s
[  47/3055] TestAst#"test_not_cared:test/-ext-/test_random.rb" = 0.19 s
[  48/3055] TestAst#"test_ranges:test/rubygems/test_gem_package_old.rb" = 0.61 s
[  49/3055] TestAst#"test_all_tokens:test/irb/test_option.rb" = 0.79 s
[  50/3055] TestAst#"test_not_cared:test/ripper/test_lexer.rb" = 2.66 s
[  51/3055] TestAst#"test_ranges:test/ruby/test_optimization.rb" = 7.28 s
[  52/3055] TestAst#"test_ranges:test/mkmf/test_sizeof.rb" = 2.44 s
[  53/3055] TestAst#"test_not_cared:test/prism/result/constant_path_node_test.rb" = 0.20 s
[  54/3055] TestAst#"test_ranges:test/cgi/test_cgi_tag_helper.rb" = 4.98 s
[  55/3055] TestAst#"test_ranges:test/ruby/enc/test_utf16.rb" = 3.14 s
[  56/3055] TestAst#"test_ranges:test/reline/test_face.rb" = 2.04 s
[  57/3055] TestAst#"test_all_tokens:test/ruby/test_dir.rb" = 45.88 s
[  58/3055] TestAst#"test_ranges:test/psych/test_nil.rb" = 0.13 s
[  59/3055] TestAst#"test_not_cared:test/ruby/test_file_exhaustive.rb" = 10.16 s
[  60/3055] TestAst#"test_all_tokens:test/fileutils/visibility_tests.rb" = 1.60 s
[  61/3055] TestAst#"test_ranges:test/test_extlibs.rb" = 0.58 s
[  62/3055] TestAst#"test_all_tokens:test/did_you_mean/tree_spell/test_change_word.rb" = 2.34 s
[  63/3055] TestAst#"test_not_cared:test/ruby/test_gc_compact.rb" = 1.02 s
[  64/3055] TestAst#"test_all_tokens:test/rubygems/test_gem_remote_fetcher_local_server.rb" = 9.01 s
[  65/3055] TestAst#"test_all_tokens:test/ruby/test_fixnum.rb" = 18.46 s
[  66/3055] TestAst#"test_all_tokens:test/ruby/test_signal.rb" = 14.25 s
[  67/3055] TestAst#"test_not_cared:test/rubygems/test_gem_commands_build_command.rb" = 3.01 s
[  68/3055] TestAst#"test_not_cared:test/rubygems/test_gem_resolver_dependency_request.rb" = 0.27 s
[  69/3055] TestAst#"test_ranges:test/rdoc/test_rdoc_store.rb" = 6.94 s
[  70/3055] TestAst#"test_all_tokens:test/rubygems/test_gem_safe_marshal.rb" = 37.63 s
[  71/3055] TestAst#"test_not_cared:test/reline/yamatanooroti/termination_checker.rb" = 0.14 s
[  72/3055] TestAst#"test_ranges:test/reline/test_key_actor_vi.rb" = 6.17 s
[  73/3055] TestAst#"test_ranges:test/did_you_mean/spell_checking/test_key_name_check.rb" = 0.49 s
[  74/3055] TestAst#"test_ranges:test/irb/yamatanooroti/test_rendering.rb" = 1.89 s
[  75/3055] TestAst#"test_all_tokens:test/net/http/test_https_proxy.rb" = 3.70 s
[  76/3055] TestAst#test_args = 0.02 s
[  77/3055] TestAst#"test_ranges:test/ruby/allpairs.rb" = 0.98 s
[  78/3055] TestAst#"test_all_tokens:test/openssl/test_x509name.rb" = 31.27 s
[  79/3055] TestAst#"test_ranges:test/-ext-/arith_seq/test_arith_seq_extract.rb" = 0.09 s
[  80/3055] TestAst#"test_not_cared:test/rdoc/test_rdoc_markup_attributes.rb" = 0.17 s
[  81/3055] TestAst#"test_not_cared:test/cgi/update_env.rb" = 0.12 s
[  82/3055] TestAst#"test_ranges:test/-ext-/struct/test_len.rb" = 0.08 s
[  83/3055] TestAst#"test_not_cared:test/psych/visitors/test_yaml_tree.rb" = 0.85 s
[  84/3055] TestAst#"test_not_cared:test/ruby/test_env.rb" = 4.50 s
[  85/3055] TestAst#"test_ranges:test/rubygems/test_gem_request_connection_pools.rb" = 0.93 s
[  86/3055] TestAst#"test_ranges:test/fiber/test_sleep.rb" = 0.35 s
[  87/3055] TestAst#"test_all_tokens:test/ruby/enc/test_case_options.rb" = 3.65 s
[  88/3055] TestAst#"test_ranges:test/did_you_mean/test_tree_spell_checker.rb" = 1.22 s
[  89/3055] TestAst#"test_not_cared:test/stringio/test_stringio.rb" = 7.88 s
[  90/3055] TestAst#"test_all_tokens:test/psych/test_date_time.rb" = 6.02 s
[  91/3055] TestAst#"test_ranges:test/rdoc/test_rdoc_stats.rb" = 3.85 s
[  92/3055] TestAst#"test_not_cared:test/win32ole/test_win32ole_param_event.rb" = 0.08 s
[  93/3055] TestAst#"test_not_cared:test/test_extlibs.rb" = 0.32 s
[  94/3055] TestAst#"test_not_cared:test/test_bundled_gems.rb" = 0.18 s
[  95/3055] TestAst#"test_ranges:test/openssl/test_pkey_ec.rb" = 6.28 s
[  96/3055] TestAst#"test_ranges:test/win32ole/test_win32ole_type_event.rb" = 0.31 s
[  97/3055] TestAst#"test_ranges:test/-ext-/string/test_set_len.rb" = 0.71 s
[  98/3055] TestAst#"test_ranges:test/rdoc/test_rdoc_markdown_test.rb" = 8.91 s
[  99/3055] TestAst#"test_ranges:test/rdoc/test_rdoc_normal_module.rb" = 0.29 s
[ 100/3055] TestAst#"test_not_cared:test/mkmf/test_libs.rb" = 0.58 s
[ 101/3055] TestAst#"test_ranges:test/win32ole/test_thread.rb" = 0.17 s
[ 102/3055] TestAst#"test_not_cared:test/rdoc/test_rdoc_ri_paths.rb" = 0.76 s
[ 103/3055] TestAst#"test_all_tokens:test/ruby/test_fiber.rb" = 20.73 s
[ 104/3055] TestAst#"test_not_cared:test/ruby/test_math.rb" = 3.45 s
[ 105/3055] TestAst#"test_all_tokens:test/psych/test_string.rb" = 11.21 s
[ 106/3055] TestAst#"test_all_tokens:test/prism/ruby/ruby_parser_test.rb" = 4.40 s
[ 107/3055] TestAst#"test_not_cared:test/dtrace/test_gc.rb" = 0.09 s
[ 108/3055] TestAst#"test_not_cared:test/irb/test_eval_history.rb" = 0.23 s
[ 109/3055] TestAst#"test_not_cared:test/lib/jit_support.rb" = 0.14 s
[ 110/3055] TestAst#"test_ranges:test/rdoc/test_rdoc_parser_changelog.rb" = 2.01 s
[ 111/3055] TestAst#"test_ranges:test/date/test_date_parse.rb" = 24.28 s
[ 112/3055] TestAst#"test_not_cared:test/prism/heredoc_dedent_test.rb" = 0.30 s
[ 113/3055] TestAst#"test_all_tokens:test/psych/nodes/test_enumerable.rb" = 1.31 s
[ 114/3055] TestAst#"test_not_cared:test/openssl/test_bn.rb" = 2.13 s
[ 115/3055] TestAst#"test_all_tokens:test/erb/test_erb.rb" = 26.08 s
[ 116/3055] TestAst#"test_not_cared:test/prism/ruby/parser_test.rb" = 0.95 s
[ 117/3055] TestAst#"test_all_tokens:test/dtrace/test_raise.rb" = 1.04 s
[ 118/3055] TestAst#"test_not_cared:test/fiber/test_backtrace.rb" = 0.09 s
[ 119/3055] TestAst#"test_not_cared:test/rdoc/test_rdoc_generator_pot_po.rb" = 0.09 s
[ 120/3055] TestAst#"test_not_cared:test/openssl/test_pair.rb" = 2.48 s
[ 121/3055] TestAst#"test_ranges:test/ruby/bug-11928.rb" = 0.12 s
[ 122/3055] TestAst#"test_all_tokens:test/ruby/test_backtrace.rb" = 21.36 s
[ 123/3055] TestAst#"test_all_tokens:test/ruby/test_struct.rb" = 32.49 s
[ 124/3055] TestAst#"test_ranges:test/did_you_mean/spell_checking/test_pattern_key_name_check.rb" =
0.12 s
[ 125/3055] TestAst#"test_all_tokens:test/rubygems/test_gem_commands_install_command.rb" = 60.90 s
[ 126/3055] TestAst#"test_not_cared:test/ripper/test_files_ext.rb" = 0.04 s
[ 127/3055] TestAst#"test_ranges:test/fiddle/test_pack.rb" = 0.47 s
[ 128/3055] TestAst#"test_ranges:test/rubygems/test_gem_uninstaller.rb" = 5.52 s
[ 129/3055] TestAst#"test_ranges:test/rubygems/test_gem_commands_which_command.rb" = 0.50 s
[ 130/3055] TestAst#"test_not_cared:test/ruby/test_rational.rb" = 7.02 s
[ 131/3055] TestAst#"test_ranges:test/openssl/test_buffering.rb" = 0.51 s
[ 132/3055] TestAst#"test_ranges:test/resolv/test_svcb_https.rb" = 2.25 s
[ 133/3055] TestAst#"test_not_cared:test/-ext-/popen_deadlock/test_popen_deadlock.rb" = 0.07 s
[ 134/3055] TestAst#"test_all_tokens:test/rubygems/test_gem_doctor.rb" = 5.21 s
[ 135/3055] TestAst#"test_not_cared:test/ruby/test_case.rb" = 0.39 s
[ 136/3055] TestAst#"test_all_tokens:test/rdoc/test_rdoc_task.rb" = 9.31 s
[ 137/3055] TestAst#test_error_tolerant_end_is_short_for_do_block = 0.12 s
[ 138/3055] TestAst#"test_ranges:test/digest/digest/foo.rb" = 0.12 s
[ 139/3055] TestAst#"test_ranges:test/net/http/test_httpresponses.rb" = 0.17 s
[ 140/3055] TestAst#"test_all_tokens:test/json/json_ext_parser_test.rb" = 2.40 s
[ 141/3055] TestAst#"test_all_tokens:test/ruby/test_stringchar.rb" = 9.14 s
[ 142/3055] TestAst#"test_all_tokens:test/-ext-/thread/test_instrumentation_api.rb" = 9.73 s
[ 143/3055] TestAst#"test_ranges:test/ruby/test_backtrace.rb" = 3.24 s
[ 144/3055] TestAst#"test_ranges:test/rdoc/test_rdoc_task.rb" = 1.32 s
[ 145/3055] TestAst#"test_ranges:test/rubygems/rubygems/commands/interrupt_command.rb" = 0.06 s
[ 146/3055] TestAst#"test_all_tokens:test/ruby/test_default_gems.rb" = 1.05 s
[ 147/3055] TestAst#"test_ranges:test/dtrace/test_function_entry.rb" = 0.45 s
[ 148/3055] TestAst#"test_all_tokens:test/fiber/test_mutex.rb" = 6.41 s
[ 149/3055] TestAst#"test_not_cared:test/rdoc/test_rdoc_context_section.rb" = 0.67 s
[ 150/3055] TestAst#"test_ranges:test/date/test_date.rb" = 2.30 s
[ 151/3055] TestAst#"test_not_cared:test/rdoc/test_rdoc_text.rb" = 3.49 s
[ 152/3055] TestAst#"test_ranges:test/open-uri/test_ftp.rb" = 1.91 s
[ 153/3055] TestAst#"test_not_cared:test/ripper/test_scanner_events.rb" = 4.33 s
[ 154/3055] TestAst#"test_not_cared:test/-ext-/string/test_rb_str_dup.rb" = 0.11 s
[ 155/3055] TestAst#"test_all_tokens:test/openssl/test_buffering.rb" = 2.64 s
[ 156/3055] TestAst#"test_all_tokens:test/resolv/test_svcb_https.rb" = 13.58 s
[ 157/3055] TestAst#"test_not_cared:test/rubygems/test_webauthn_listener_response.rb" = 0.16 s
[ 158/3055] TestAst#"test_ranges:test/net/http/test_http_request.rb" = 0.61 s
[ 159/3055] TestAst#"test_all_tokens:test/erb/test_erb_m17n.rb" = 4.61 s
[ 160/3055] TestAst#"test_all_tokens:test/irb/command/test_disable_irb.rb" = 0.60 s
[ 161/3055] TestAst#"test_ranges:test/ruby/test_vm_dump.rb" = 0.15 s
[ 162/3055] TestAst#"test_ranges:test/rubygems/test_gem_package_tar_reader_entry.rb" = 3.04 s
[ 163/3055] TestAst#"test_not_cared:test/-ext-/vm/test_at_exit.rb" = 0.03 s
[ 164/3055] TestAst#"test_not_cared:test/dtrace/test_require.rb" = 0.20 s
[ 165/3055] TestAst#"test_not_cared:test/test_find.rb" = 2.31 s
[ 166/3055] TestAst#"test_ranges:test/ruby/test_default_gems.rb" = 0.21 s
[ 167/3055] TestAst#"test_not_cared:test/rdoc/test_rdoc_comment.rb" = 1.26 s
[ 168/3055] TestAst#"test_all_tokens:test/prism/lex_test.rb" = 2.75 s
[ 169/3055] TestAst#"test_ranges:test/prism/errors_test.rb" = 0.80 s
[ 170/3055] TestAst#"test_not_cared:test/rubygems/test_bundled_ca.rb" = 0.18 s
[ 171/3055] TestAst#"test_ranges:test/rdoc/test_rdoc_markup_to_rdoc.rb" = 2.09 s
[ 172/3055] TestAst#"test_ranges:test/mkmf/test_constant.rb" = 0.40 s
[ 173/3055] TestAst#"test_not_cared:test/rubygems/test_gem_bundler_version_finder.rb" = 0.56 s
[ 174/3055] TestAst#"test_not_cared:test/rubygems/test_webauthn_poller.rb" = 0.51 s
[ 175/3055] TestAst#"test_all_tokens:test/lib/parser_support.rb" = 0.49 s
[ 176/3055] TestAst#"test_not_cared:test/date/test_date_parse.rb" = 15.41 s
[ 177/3055] TestAst#"test_ranges:test/rubygems/test_gem_commands_dependency_command.rb" = 1.38 s
[ 178/3055] TestAst#"test_all_tokens:test/rdoc/test_rdoc_markup_document.rb" = 7.91 s
[ 179/3055] TestAst#test_error_tolerant_end_is_short_for_case = 0.39 s
[ 180/3055] TestAst#"test_not_cared:test/cgi/test_cgi_multipart.rb" = 1.70 s
[ 181/3055] TestAst#"test_ranges:test/psych/test_array.rb" = 0.60 s
[ 182/3055] TestAst#"test_not_cared:test/ruby/test_thread.rb" = 4.80 s
[ 183/3055] TestAst#test_error_tolerant_expr_value_can_be_error = 0.17 s
[ 184/3055] TestAst#"test_not_cared:test/psych/test_yamldbm.rb" = 0.89 s
[ 185/3055] TestAst#"test_ranges:test/fiber/test_backtrace.rb" = 0.15 s
[ 186/3055] TestAst#"test_not_cared:test/mkmf/test_install.rb" = 0.14 s
[ 187/3055] TestAst#"test_all_tokens:test/rubygems/foo/discover.rb" = 0.01 s
[ 188/3055] TestAst#"test_ranges:test/ruby/test_encoding.rb" = 0.89 s
[ 189/3055] TestAst#"test_all_tokens:test/ripper/test_sexp.rb" = 38.78 s
[ 190/3055] TestAst#"test_not_cared:test/openssl/test_pkey_ec.rb" = 2.12 s
[ 191/3055] TestAst#"test_all_tokens:test/rubygems/test_gem_source_installed.rb" = 2.58 s
[ 192/3055] TestAst#"test_not_cared:test/win32ole/test_thread.rb" = 0.09 s
[ 193/3055] TestAst#"test_ranges:test/rubygems/test_gem_doctor.rb" = 1.18 s
[ 194/3055] TestAst#"test_all_tokens:test/ruby/test_fnmatch.rb" = 11.83 s
[ 195/3055] TestAst#"test_not_cared:test/optparse/test_autoconf.rb" = 0.31 s
[ 196/3055] TestAst#"test_ranges:test/rdoc/test_rdoc_i18n_text.rb" = 0.39 s
[ 197/3055] TestAst#"test_all_tokens:test/prism/result/regular_expression_options_test.rb" = 1.24 s
[ 198/3055] TestAst#"test_not_cared:test/ruby/test_exception.rb" = 5.39 s
[ 199/3055] TestAst#"test_not_cared:test/irb/test_tracer.rb" = 0.17 s
[ 200/3055] TestAst#"test_all_tokens:test/error_highlight/test_error_highlight.rb" = 37.00 s
[ 201/3055] TestAst#"test_not_cared:test/optparse/test_acceptable.rb" = 1.14 s
[ 202/3055] TestAst#"test_all_tokens:test/prism/result/implicit_array_test.rb" = 1.72 s
[ 203/3055] TestAst#"test_not_cared:test/ruby/test_iterator.rb" = 2.23 s
[ 204/3055] TestAst#"test_all_tokens:test/rdoc/test_rdoc_rd_block_parser.rb" = 17.31 s
[ 205/3055] TestAst#"test_ranges:test/rubygems/test_kernel.rb" = 1.01 s
[ 206/3055] TestAst#"test_all_tokens:test/ruby/test_rubyvm.rb" = 1.93 s
[ 207/3055] TestAst#"test_not_cared:test/dtrace/test_string.rb" = 0.11 s
[ 208/3055] TestAst#"test_not_cared:test/rubygems/test_gem_resolver_conflict.rb" = 0.21 s
[ 209/3055] TestAst#"test_ranges:test/ruby/test_pipe.rb" = 0.18 s
[ 210/3055] TestAst#"test_all_tokens:test/ruby/test_mixed_unicode_escapes.rb" = 0.90 s
[ 211/3055] TestAst#"test_ranges:test/irb/test_ruby_lex.rb" = 1.70 s
[ 212/3055] TestAst#"test_not_cared:test/irb/test_option.rb" = 0.07 s
[ 213/3055] TestAst#"test_not_cared:test/lib/!Nothing_to_test.rb" = 0.01 s
[ 214/3055] TestAst#"test_all_tokens:test/prism/result/overlap_test.rb" = 1.58 s
[ 215/3055] TestAst#"test_all_tokens:test/prism/ruby/compiler_test.rb" = 1.04 s
[ 216/3055] TestAst#"test_ranges:test/openssl/test_ossl.rb" = 0.84 s
[ 217/3055] TestAst#"test_all_tokens:test/optparse/test_cclass.rb" = 0.78 s
[ 218/3055] TestAst#"test_not_cared:test/-ext-/test_printf.rb" = 0.51 s
[ 219/3055] TestAst#"test_ranges:test/prism/api/lex_test.rb" = 0.13 s
[ 220/3055] TestAst#"test_not_cared:test/rubygems/test_gem_resolver_activation_request.rb" = 0.22 s
[ 221/3055] TestAst#"test_ranges:test/prism/version_test.rb" = 0.05 s
[ 222/3055] TestAst#"test_all_tokens:test/-ext-/win32/test_fd_setsize.rb" = 2.70 s
[ 223/3055] TestAst#"test_ranges:test/rubygems/test_gem_rdoc.rb" = 0.93 s
[ 224/3055] TestAst#"test_ranges:test/rubygems/test_remote_fetch_error.rb" = 0.14 s
[ 225/3055] TestAst#"test_all_tokens:test/win32ole/available_ole.rb" = 1.74 s
[ 226/3055] TestAst#"test_not_cared:test/ruby/test_gc.rb" = 2.64 s
[ 227/3055] TestAst#"test_all_tokens:test/psych/test_emitter.rb" = 4.20 s
[ 228/3055] TestAst#"test_not_cared:test/win32ole/test_win32ole_event.rb" = 1.62 s
[ 229/3055] TestAst#"test_ranges:test/ruby/test_class.rb" = 5.58 s
[ 230/3055] TestAst#"test_all_tokens:test/json/json_addition_test.rb" = 11.28 s
[ 231/3055] TestAst#"test_all_tokens:test/-ext-/gvl/test_last_thread.rb" = 0.34 s
[ 232/3055] TestAst#"test_ranges:test/ruby/test_const.rb" = 0.64 s
[ 233/3055] TestAst#"test_not_cared:test/rubygems/test_gem_requirement.rb" = 2.30 s
[ 234/3055] TestAst#"test_all_tokens:test/reline/test_macro.rb" = 1.55 s
[ 235/3055] TestAst#"test_all_tokens:test/rubygems/test_gem_command_manager.rb" = 15.54 s
[ 236/3055] TestAst#"test_not_cared:test/rubygems/test_gem_commands_lock_command.rb" = 0.25 s
[ 237/3055] TestAst#"test_ranges:test/-ext-/exception/test_enc_raise.rb" = 0.13 s
[ 238/3055] TestAst#"test_not_cared:test/json/ractor_test.rb" = 0.22 s
[ 239/3055] TestAst#"test_not_cared:test/-ext-/bignum/test_mul.rb" = 1.09 s
[ 240/3055] TestAst#"test_ranges:test/json/json_parser_test.rb" = 6.60 s
[ 241/3055] TestAst#"test_all_tokens:test/-ext-/string/test_qsort.rb" = 0.84 s
[ 242/3055] TestAst#"test_ranges:test/rubygems/test_gem_gemcutter_utilities.rb" = 2.25 s
[ 243/3055] TestAst#"test_ranges:test/prism/result/source_location_test.rb" = 6.61 s
[ 244/3055] TestAst#"test_all_tokens:test/psych/test_json_tree.rb" = 2.75 s
[ 245/3055] TestAst#"test_not_cared:test/ruby/test_bignum.rb" = 4.70 s
[ 246/3055] TestAst#"test_ranges:test/-ext-/integer/test_integer.rb" = 0.14 s
[ 247/3055] TestAst#"test_not_cared:test/fiber/test_storage.rb" = 0.48 s
[ 248/3055] TestAst#"test_ranges:test/prism/ruby/compiler_test.rb" = 0.23 s
[ 249/3055] TestAst#"test_all_tokens:test/openssl/test_ssl.rb" = 97.60 s
[ 250/3055] TestAst#"test_all_tokens:test/openssl/test_hmac.rb" = 3.41 s
[ 251/3055] TestAst#"test_all_tokens:test/win32ole/test_win32ole_variant_outarg.rb" = 2.37 s
[ 252/3055] TestAst#"test_all_tokens:test/logger/test_severity.rb" = 3.97 s
[ 253/3055] TestAst#"test_all_tokens:test/rubygems/test_gem_specification.rb" = 159.84 s
[ 254/3055] TestAst#"test_all_tokens:test/cgi/test_cgi_tag_helper.rb" = 27.31 s
[ 255/3055] TestAst#"test_all_tokens:test/rubygems/test_gem_ext_cargo_builder.rb" = 6.85 s
[ 256/3055] TestAst#"test_all_tokens:test/stringio/test_ractor.rb" = 0.36 s
[ 257/3055] TestAst#"test_ranges:test/-ext-/string/test_capacity.rb" = 0.76 s
[ 258/3055] TestAst#"test_not_cared:test/rubygems/test_gem_resolver_index_specification.rb" = 0.36 s
[ 259/3055] TestAst#"test_ranges:test/mkmf/test_framework.rb" = 0.38 s
[ 260/3055] TestAst#"test_ranges:test/win32ole/available_ole.rb" = 0.28 s
[ 261/3055] TestAst#"test_ranges:test/-ext-/float/test_nextafter.rb" = 0.46 s
[ 262/3055] TestAst#test_error_tolerant_end_is_short_for_singleton_method_define = 0.17 s
[ 263/3055] TestAst#"test_all_tokens:test/rubygems/test_gem_resolver_git_set.rb" = 6.30 s
[ 264/3055] TestAst#"test_all_tokens:test/rubygems/test_gem_rdoc.rb" = 4.77 s
[ 265/3055] TestAst#"test_all_tokens:test/rubygems/test_gem_package.rb" = 61.66 s
[ 266/3055] TestAst#"test_not_cared:test/psych/test_alias_and_anchor.rb" = 0.30 s
[ 267/3055] TestAst#test_keep_script_lines_for_of = 0.07 s
[ 268/3055] TestAst#"test_ranges:test/psych/test_object.rb" = 0.33 s
[ 269/3055] TestAst#"test_all_tokens:test/rdoc/test_rdoc_i18n_text.rb" = 3.13 s
[ 270/3055] TestAst#test_error_tolerant = 0.01 s
[ 271/3055] TestAst#"test_not_cared:test/-ext-/symbol/noninterned_name.rb" = 0.08 s
[ 272/3055] TestAst#"test_not_cared:test/ruby/enc/test_gb18030.rb" = 0.74 s
[ 273/3055] TestAst#"test_ranges:test/ruby/enc/test_big5.rb" = 0.18 s
[ 274/3055] TestAst#"test_not_cared:test/-ext-/iseq_load/test_iseq_load.rb" = 0.46 s
[ 275/3055] TestAst#"test_ranges:test/ruby/test_time.rb"In-address space security exception (core du
mped)
end time: 2025-06-22T06:54:06
----------------------------------------
Running test: ../test/ruby/test_name_error.rb
start time: 2025-06-22T06:54:06
Run options:
  "--ruby=./miniruby -I../lib -I. -I.ext/common  ../tool/runruby.rb --extout=.ext  -- --disable-gems
"
  --excludes-dir=../test/.excludes
  --name=!/memory_leak/
  -s
  3216
  --timeout-scale
  10
  --worker-timeout=100
  -v

# Running tests:

[ 1/11] TestNameError#test_info_method_missing = 0.05 s
[ 2/11] TestNameError#test_new_name = 0.01 s
[ 3/11] TestNameError#test_info_local_variables = 0.02 s
[ 4/11] TestNameError#test_info_const = 0.02 s
[ 5/11] TestNameError#test_info_const_name = 0.03 s
[ 6/11] TestNameError#test_large_receiver_inspect = 0.02 s
[ 7/11] TestNameError#test_info_method = 0.02 s
[ 8/11] TestNameError#test_info_parent_iseq_mark = 26.98 s
[ 9/11] TestNameError#test_new_default = 0.01 s
[10/11] TestNameError#test_new_receiver = 0.02 s
[11/11] TestNameError#test_new_message = 0.01 s
Finished tests in 28.779204s, 0.3822 tests/s, 2.3976 assertions/s.
11 tests, 69 assertions, 0 failures, 0 errors, 0 skips

ruby -v: ruby 3.4.1 (2025-06-14 revision 742e381c9f) +PRISM [riscv64-freebsd]
end time: 2025-06-22T06:54:54
----------------------------------------
Running test: ../test/win32/test_registry.rb
start time: 2025-06-22T06:54:54
Run options:
  "--ruby=./miniruby -I../lib -I. -I.ext/common  ../tool/runruby.rb --extout=.ext  -- --disable-gems
"
  --excludes-dir=../test/.excludes
  --name=!/memory_leak/
  -s
  3216
  --timeout-scale
  10
  --worker-timeout=100
  -v

# Running tests:

Finished tests in 1.035876s, 0.0000 tests/s, 0.0000 assertions/s.
0 tests, 0 assertions, 0 failures, 0 errors, 0 skips

ruby -v: ruby 3.4.1 (2025-06-14 revision 742e381c9f) +PRISM [riscv64-freebsd]
end time: 2025-06-22T06:55:13
----------------------------------------
Running test: ../test/test_prettyprint.rb
start time: 2025-06-22T06:55:13
Run options:
  "--ruby=./miniruby -I../lib -I. -I.ext/common  ../tool/runruby.rb --extout=.ext  -- --disable-gems
"
  --excludes-dir=../test/.excludes
  --name=!/memory_leak/
  -s
  3216
  --timeout-scale
  10
  --worker-timeout=100
  -v

# Running tests:

[ 1/32] PrettyPrintTest::StrictPrettyExample#test_06 = 0.08 s
[ 2/32] PrettyPrintTest::StrictPrettyExample#test_08 = 0.04 s
[ 3/32] PrettyPrintTest::StrictPrettyExample#test_00_04 = 0.07 s
[ 4/32] PrettyPrintTest::StrictPrettyExample#test_11_31 = 0.11 s
[ 5/32] PrettyPrintTest::StrictPrettyExample#test_32 = 0.04 s
[ 6/32] PrettyPrintTest::StrictPrettyExample#test_05 = 0.04 s
[ 7/32] PrettyPrintTest::StrictPrettyExample#test_07 = 0.04 s
[ 8/32] PrettyPrintTest::StrictPrettyExample#test_09 = 0.04 s
[ 9/32] PrettyPrintTest::StrictPrettyExample#test_10 = 0.04 s
[10/32] PrettyPrintTest::TailGroup#test_1 = 0.02 s
[11/32] PrettyPrintTest::NonString#test_7 = 0.02 s
[12/32] PrettyPrintTest::NonString#test_6 = 0.01 s
[13/32] PrettyPrintTest::Fill#test_15_18 = 0.06 s
[14/32] PrettyPrintTest::Fill#test_19_22 = 0.05 s
[15/32] PrettyPrintTest::Fill#test_00_06 = 0.05 s
[16/32] PrettyPrintTest::Fill#test_23_26 = 0.05 s
[17/32] PrettyPrintTest::Fill#test_27 = 0.03 s
[18/32] PrettyPrintTest::Fill#test_11_14 = 0.05 s
[19/32] PrettyPrintTest::Fill#test_07_10 = 0.05 s
[20/32] PrettyPrintTest::WadlerExample#test_tree_alt_50 = 0.05 s
[21/32] PrettyPrintTest::WadlerExample#test_tree_23_43 = 0.06 s
[22/32] PrettyPrintTest::WadlerExample#test_hello_00_06 = 0.03 s
[23/32] PrettyPrintTest::WadlerExample#test_tree_00_19 = 0.06 s
[24/32] PrettyPrintTest::WadlerExample#test_hello_13 = 0.02 s
[25/32] PrettyPrintTest::WadlerExample#test_hello_07_08 = 0.03 s
[26/32] PrettyPrintTest::WadlerExample#test_hello_09_10 = 0.04 s
[27/32] PrettyPrintTest::WadlerExample#test_tree_alt_19_20 = 0.07 s
[28/32] PrettyPrintTest::WadlerExample#test_tree_alt_20_49 = 0.07 s
[29/32] PrettyPrintTest::WadlerExample#test_hello_11_12 = 0.04 s
[30/32] PrettyPrintTest::WadlerExample#test_tree_44 = 0.03 s
[31/32] PrettyPrintTest::WadlerExample#test_tree_20_22 = 0.06 s
[32/32] PrettyPrintTest::WadlerExample#test_tree_alt_00_18 = 0.06 s
Finished tests in 4.341682s, 7.3704 tests/s, 26.4874 assertions/s.
32 tests, 115 assertions, 0 failures, 0 errors, 0 skips

ruby -v: ruby 3.4.1 (2025-06-14 revision 742e381c9f) +PRISM [riscv64-freebsd]
end time: 2025-06-22T06:55:36
----------------------------------------
Running test: ../test/test_extlibs.rb
start time: 2025-06-22T06:55:36
Run options:
  "--ruby=./miniruby -I../lib -I. -I.ext/common  ../tool/runruby.rb --extout=.ext  -- --disable-gems
"
  --excludes-dir=../test/.excludes
  --name=!/memory_leak/
  -s
  3216
  --timeout-scale
  10
  --worker-timeout=100
  -v

# Running tests:

[ 1/29] TestExtLibs#test_existence_of_objspace = 11.51 s
[ 2/29] TestExtLibs#test_existence_of_psych = 11.45 s
[ 3/29] TestExtLibs#test_existence_of_json = 12.30 s
[ 4/29] TestExtLibs#test_existence_of_zlib = 11.46 s
[ 5/29] TestExtLibs#"test_existence_of_io/nonblock" = 11.39 s
[ 6/29] TestExtLibs#"test_existence_of_io/wait" = 11.38 s
[ 7/29] TestExtLibs#test_existence_of_openssl = 17.33 s
[ 8/29] TestExtLibs#test_existence_of_stringio = 12.41 s
[ 9/29] TestExtLibs#"test_existence_of_digest/sha2" = 11.52 s
[10/29] TestExtLibs#"test_existence_of_rbconfig/sizeof" = 11.35 s
[11/29] TestExtLibs#test_existence_of_date = 11.48 s
[12/29] TestExtLibs#test_existence_of_pty = 11.39 s
[13/29] TestExtLibs#test_existence_of_pathname = 11.64 s
[14/29] TestExtLibs#test_existence_of_thread = 11.37 s
[15/29] TestExtLibs#test_existence_of_strscan = 11.42 s
[16/29] TestExtLibs#"test_existence_of_digest/sha1" = 11.49 s
[17/29] TestExtLibs#test_existence_of_socket = 12.78 s
[18/29] TestExtLibs#test_existence_of_ripper = 13.72 s
[19/29] TestExtLibs#test_existence_of_fiber = 11.37 s
[20/29] TestExtLibs#"test_existence_of_digest/bubblebabble" = 11.51 s
[21/29] TestExtLibs#test_existence_of_fiddle = 11.55 s
[22/29] TestExtLibs#"test_existence_of_digest/rmd160" = 11.65 s
[23/29] TestExtLibs#test_existence_of_fcntl = 12.16 s
[24/29] TestExtLibs#test_existence_of_coverage = 11.40 s
[25/29] TestExtLibs#test_existence_of_digest = 11.45 s
[26/29] TestExtLibs#test_existence_of_etc = 11.46 s
[27/29] TestExtLibs#test_existence_of_continuation = 11.38 s
[28/29] TestExtLibs#"test_existence_of_io/console" = 11.39 s
[29/29] TestExtLibs#"test_existence_of_digest/md5" = 11.48 s

  1) Failure:
TestExtLibs#test_existence_of_psych [/root/ruby-3.4.1/test/test_extlibs.rb:20]:
extension library `psych' is not found
/root/ruby-3.4.1/build/ext/psych/mkmf.log not found.
Exception raised:
<#<LoadError: cannot load such file -- psych>>
Backtrace:
  -:13:in 'Kernel#require'
  -:13:in 'block in <main>'.

  2) Failure:
TestExtLibs#test_existence_of_fiddle [/root/ruby-3.4.1/test/test_extlibs.rb:20]:
extension library `fiddle' is not found
/root/ruby-3.4.1/build/ext/fiddle/mkmf.log not found.
Exception raised:
<#<LoadError: cannot load such file -- fiddle>>
Backtrace:
  -:13:in 'Kernel#require'
  -:13:in 'block in <main>'.

Finished tests in 347.008208s, 0.0836 tests/s, 0.4121 assertions/s.
29 tests, 143 assertions, 2 failures, 0 errors, 0 skips

ruby -v: ruby 3.4.1 (2025-06-14 revision 742e381c9f) +PRISM [riscv64-freebsd]
end time: 2025-06-22T07:01:42
----------------------------------------
Running test: ../test/etc/test_etc.rb
start time: 2025-06-22T07:01:42
Run options:
  "--ruby=./miniruby -I../lib -I. -I.ext/common  ../tool/runruby.rb --extout=.ext  -- --disable-gems
"
  --excludes-dir=../test/.excludes
  --name=!/memory_leak/
  -s
  3216
  --timeout-scale
  10
  --worker-timeout=100
  -v

# Running tests:

[ 1/15] TestEtc#test_getgrgid = 0.24 s
[ 2/15] TestEtc#test_nprocessors = 0.01 s
[ 3/15] TestEtc#test_uname = 0.02 s
[ 4/15] TestEtc#test_group_with_low_level_api = 0.05 s
[ 5/15] TestEtc#test_passwd_with_low_level_api = 0.62 s
[ 6/15] TestEtc#test_getlogin = 0.01 s
[ 7/15] TestEtc#test_sysconf = 0.01 s
[ 8/15] TestEtc#test_passwd = 0.23 s
[ 9/15] TestEtc#test_confstr = 0.01 s
[10/15] TestEtc#test_pathconf = 0.01 s
[11/15] TestEtc#test_getpwuid = 0.18 s
[12/15] TestEtc#test_ractor = 0.01 s
[13/15] TestEtc#test_getgrnam = 0.21 s
[14/15] TestEtc#test_group = 0.11 s
[15/15] TestEtc#test_getpwnam = 0.18 s
Finished tests in 3.610461s, 4.1546 tests/s, 156.7667 assertions/s.
15 tests, 566 assertions, 0 failures, 0 errors, 0 skips

ruby -v: ruby 3.4.1 (2025-06-14 revision 742e381c9f) +PRISM [riscv64-freebsd]
end time: 2025-06-22T07:02:04
----------------------------------------
Running test: ../test/test_tsort.rb
start time: 2025-06-22T07:02:04
Run options:
  "--ruby=./miniruby -I../lib -I. -I.ext/common  ../tool/runruby.rb --extout=.ext  -- --disable-gems
"
  --excludes-dir=../test/.excludes
  --name=!/memory_leak/
  -s
  3216
  --timeout-scale
  10
  --worker-timeout=100
  -v

# Running tests:

[1/8] TSortTest#test_cycle = 0.06 s
[2/8] TSortTest#test_s_each_strongly_connected_component = 0.03 s
[3/8] TSortTest#test_s_tsort = 0.02 s
[4/8] TSortTest#test_s_strongly_connected_components = 0.02 s
[5/8] TSortTest#test_array = 0.02 s
[6/8] TSortTest#test_dag = 0.02 s
[7/8] TSortTest#test_s_each_strongly_connected_component_from = 0.02 s
[8/8] TSortTest#test_s_tsort_each = 0.02 s
Finished tests in 1.666531s, 4.8004 tests/s, 19.8016 assertions/s.
8 tests, 33 assertions, 0 failures, 0 errors, 0 skips

ruby -v: ruby 3.4.1 (2025-06-14 revision 742e381c9f) +PRISM [riscv64-freebsd]
end time: 2025-06-22T07:02:24
----------------------------------------
Running test: ../test/openssl/test_asn1.rb
start time: 2025-06-22T07:02:24
Run options:
  "--ruby=./miniruby -I../lib -I. -I.ext/common  ../tool/runruby.rb --extout=.ext  -- --disable-gems
"
  --excludes-dir=../test/.excludes
  --name=!/memory_leak/
  -s
  3216
  --timeout-scale
  10
  --worker-timeout=100
  -v

# Running tests:

[ 1/28] OpenSSL::TestASN1#test_utctime = 0.07 s
[ 2/28] OpenSSL::TestASN1#test_decode_x509_certificate = 0.92 s
[ 3/28] OpenSSL::TestASN1#test_basic_constructed = 0.04 s
[ 4/28] OpenSSL::TestASN1#test_string_basic = 0.23 s
[ 5/28] OpenSSL::TestASN1#test_decode_all = 0.02 s
[ 6/28] OpenSSL::TestASN1#test_object_identifier_equality = 0.05 s
[ 7/28] OpenSSL::TestASN1#test_recursive_octet_string_parse = 0.04 s
[ 8/28] OpenSSL::TestASN1#test_end_of_content = 0.02 s
[ 9/28] OpenSSL::TestASN1#test_recursive_octet_string_indefinite_length = 0.03 s
[10/28] OpenSSL::TestASN1#test_basic_asn1data = 0.11 s
[11/28] OpenSSL::TestASN1#test_set = 0.07 s
[12/28] OpenSSL::TestASN1#test_enumerated = 0.04 s
[13/28] OpenSSL::TestASN1#test_integer = 0.07 s
[14/28] OpenSSL::TestASN1#test_null = 0.02 s
[15/28] OpenSSL::TestASN1#test_generalizedtime = 0.04 s
[16/28] OpenSSL::TestASN1#test_object_identifier = 0.09 s
[17/28] OpenSSL::TestASN1#test_bitstring = 0.05 s
[18/28] OpenSSL::TestASN1#test_cons_implicit_tagging = 0.02 s
[19/28] OpenSSL::TestASN1#test_basic_primitive = 0.03 s
[20/28] OpenSSL::TestASN1#test_prim_implicit_tagging = 0.02 s
[21/28] OpenSSL::TestASN1#test_decode_constructed_overread = 0.02 s
[22/28] OpenSSL::TestASN1#test_boolean = 0.03 s
[23/28] OpenSSL::TestASN1#test_octet_string_constructed_tagging = 0.02 s
[24/28] OpenSSL::TestASN1#test_object_id_register = 0.03 s
[25/28] OpenSSL::TestASN1#test_sequence = 0.07 s
[26/28] OpenSSL::TestASN1#test_constructive_each = 0.01 s
[27/28] OpenSSL::TestASN1#test_cons_explicit_tagging = 0.02 s
[28/28] OpenSSL::TestASN1#test_prim_explicit_tagging = 0.02 s
Finished tests in 4.970724s, 5.6330 tests/s, 180.2554 assertions/s.
28 tests, 896 assertions, 0 failures, 0 errors, 0 skips

ruby -v: ruby 3.4.1 (2025-06-14 revision 742e381c9f) +PRISM [riscv64-freebsd]
end time: 2025-06-22T07:02:55
----------------------------------------
Running test: ../test/openssl/test_bn.rb
start time: 2025-06-22T07:02:55
Run options:
  "--ruby=./miniruby -I../lib -I. -I.ext/common  ../tool/runruby.rb --extout=.ext  -- --disable-gems
"
  --excludes-dir=../test/.excludes
  --name=!/memory_leak/
  -s
  3216
  --timeout-scale
  10
  --worker-timeout=100
  -v

# Running tests:

[ 1/28] OpenSSL::TestBN#test_exp = 0.04 s
[ 2/28] OpenSSL::TestBN#test_zero_p = 0.01 s
[ 3/28] OpenSSL::TestBN#test_mod_inverse = 0.02 s
[ 4/28] OpenSSL::TestBN#test_mod_exp = 0.02 s
[ 5/28] OpenSSL::TestBN#test_mod_sub = 0.02 s
[ 6/28] OpenSSL::TestBN#test_unary_plus_minus = 0.02 s
[ 7/28] OpenSSL::TestBN#test_gcd = 0.01 s
[ 8/28] OpenSSL::TestBN#test_coerce = 0.03 s
[ 9/28] OpenSSL::TestBN#test_to_str = 0.03 s
[10/28] OpenSSL::TestBN#test_one_p = 0.01 s
[11/28] OpenSSL::TestBN#test_random = 0.21 s
[12/28] OpenSSL::TestBN#test_sqr = 0.01 s
[13/28] OpenSSL::TestBN#test_get_flags_and_set_flags = 0.02 s
[14/28] OpenSSL::TestBN#test_abs = 0.02 s
[15/28] OpenSSL::TestBN#test_comparison = 0.02 s
[16/28] OpenSSL::TestBN#test_argument_error = 0.01 s
[17/28] OpenSSL::TestBN#test_mod = 0.01 s
[18/28] OpenSSL::TestBN#test_mod_add = 0.01 s
[19/28] OpenSSL::TestBN#test_mod_sqr = 0.01 s
[20/28] OpenSSL::TestBN#test_mod_sqrt = 0.02 s
[21/28] OpenSSL::TestBN#test_negative_p = 0.01 s
[22/28] OpenSSL::TestBN#test_to_int = 0.02 s
[23/28] OpenSSL::TestBN#test_mod_mul = 0.01 s
[24/28] OpenSSL::TestBN#test_odd_p = 0.01 s
[25/28] OpenSSL::TestBN#test_num_bits_bytes = 0.02 s
[26/28] OpenSSL::TestBN#test_bit_operations = 0.03 s
[27/28] OpenSSL::TestBN#test_new = 0.06 s
[28/28] OpenSSL::TestBN#test_four_ops = 0.02 s
Finished tests in 3.507479s, 7.9829 tests/s, 87.2421 assertions/s.
28 tests, 306 assertions, 0 failures, 0 errors, 0 skips

ruby -v: ruby 3.4.1 (2025-06-14 revision 742e381c9f) +PRISM [riscv64-freebsd]
end time: 2025-06-22T07:03:23
----------------------------------------
Running test: ../test/openssl/ut_eof.rb
start time: 2025-06-22T07:03:23
Run options:
  "--ruby=./miniruby -I../lib -I. -I.ext/common  ../tool/runruby.rb --extout=.ext  -- --disable-gems
"
  --excludes-dir=../test/.excludes
  --name=!/memory_leak/
  -s
  3216
  --timeout-scale
  10
  --worker-timeout=100
  -v

# Running tests:

Finished tests in 1.019599s, 0.0000 tests/s, 0.0000 assertions/s.
0 tests, 0 assertions, 0 failures, 0 errors, 0 skips

ruby -v: ruby 3.4.1 (2025-06-14 revision 742e381c9f) +PRISM [riscv64-freebsd]
end time: 2025-06-22T07:03:43
----------------------------------------
Running test: ../test/openssl/test_ossl.rb
start time: 2025-06-22T07:03:43
Run options:
  "--ruby=./miniruby -I../lib -I. -I.ext/common  ../tool/runruby.rb --extout=.ext  -- --disable-gems
"
  --excludes-dir=../test/.excludes
  --name=!/memory_leak/
  -s
  3216
  --timeout-scale
  10
  --worker-timeout=100
  -v

# Running tests:

[1/4] OpenSSL::OSSL#test_secure_compare = 4.40 s
[2/4] OpenSSL::OSSL#test_memcmp_timing = 127.89 s
[3/4] OpenSSL::OSSL#test_fixed_length_secure_compare = 3.84 s
[4/4] OpenSSL::OSSL#test_error_data = 3.84 s
Finished tests in 142.976536s, 0.0280 tests/s, 0.2868 assertions/s.
4 tests, 41 assertions, 0 failures, 0 errors, 0 skips

ruby -v: ruby 3.4.1 (2025-06-14 revision 742e381c9f) +PRISM [riscv64-freebsd]
end time: 2025-06-22T07:06:30
----------------------------------------
Running test: ../test/openssl/test_pkey.rb
start time: 2025-06-22T07:06:30
Run options:
  "--ruby=./miniruby -I../lib -I. -I.ext/common  ../tool/runruby.rb --extout=.ext  -- --disable-gems
"
  --excludes-dir=../test/.excludes
  --name=!/memory_leak/
  -s
  3216
  --timeout-scale
  10
  --worker-timeout=100
  -v

# Running tests:

[1/9] OpenSSL::TestPKey#test_s_generate_key = 0.26 s
[2/9] OpenSSL::TestPKey#test_generic_oid_inspect = 1.21 s
[3/9] OpenSSL::TestPKey#test_compare? = 2.76 s
[4/9] OpenSSL::TestPKey#test_ed25519 = 1.49 s
[5/9] OpenSSL::TestPKey#test_x25519 = 0.52 s
[6/9] OpenSSL::TestPKey#test_s_generate_parameters_with_block = 0.02 s
[7/9] OpenSSL::TestPKey#test_to_text = 0.34 s
[8/9] OpenSSL::TestPKey#test_hmac_sign_verify = 0.03 s
[9/9] OpenSSL::TestPKey#test_s_generate_parameters = 0.02 s
Finished tests in 9.024730s, 0.9973 tests/s, 8.4213 assertions/s.
9 tests, 76 assertions, 0 failures, 0 errors, 0 skips

ruby -v: ruby 3.4.1 (2025-06-14 revision 742e381c9f) +PRISM [riscv64-freebsd]
end time: 2025-06-22T07:07:05
----------------------------------------
Running test: ../test/openssl/test_digest.rb
start time: 2025-06-22T07:07:05
Run options:
  "--ruby=./miniruby -I../lib -I. -I.ext/common  ../tool/runruby.rb --extout=.ext  -- --disable-gems
"
  --excludes-dir=../test/.excludes
  --name=!/memory_leak/
  -s
  3216
  --timeout-scale
  10
  --worker-timeout=100
  -v

# Running tests:

[ 1/13] OpenSSL::TestDigest#test_openssl_digest = 0.07 s
[ 2/13] OpenSSL::TestDigest#test_sha3 = 0.03 s
[ 3/13] OpenSSL::TestDigest#test_eql = 0.01 s
[ 4/13] OpenSSL::TestDigest#test_digest = 0.02 s
[ 5/13] OpenSSL::TestDigest#test_sha512_truncate = 0.02 s
[ 6/13] OpenSSL::TestDigest#test_dup = 0.01 s
[ 7/13] OpenSSL::TestDigest#test_reset = 0.01 s
[ 8/13] OpenSSL::TestDigest#test_digest_by_oid_and_name = 0.02 s
[ 9/13] OpenSSL::TestDigest#test_digests = 0.02 s
[10/13] OpenSSL::TestDigest#test_digest_by_oid_and_name_sha2 = 0.03 s
[11/13] OpenSSL::TestDigest#test_info = 0.01 s
[12/13] OpenSSL::TestDigest#test_sha2 = 0.02 s
[13/13] OpenSSL::TestDigest#test_digest_constants = 0.02 s
Finished tests in 2.794480s, 4.6520 tests/s, 38.2898 assertions/s.
13 tests, 107 assertions, 0 failures, 0 errors, 0 skips

ruby -v: ruby 3.4.1 (2025-06-14 revision 742e381c9f) +PRISM [riscv64-freebsd]
end time: 2025-06-22T07:07:32
----------------------------------------
Running test: ../test/openssl/test_ts.rb
start time: 2025-06-22T07:07:32
Run options:
  "--ruby=./miniruby -I../lib -I. -I.ext/common  ../tool/runruby.rb --extout=.ext  -- --disable-gems
"
  --excludes-dir=../test/.excludes
  --name=!/memory_leak/
  -s
  3216
  --timeout-scale
  10
  --worker-timeout=100
  -v

# Running tests:

[ 1/38] OpenSSL::TestTimestamp#test_request_mandatory_fields = 0.08 s
[ 2/38] OpenSSL::TestTimestamp#test_response_creation = 3.29 s
[ 3/38] OpenSSL::TestTimestamp#test_response_mandatory_fields = 2.95 s
[ 4/38] OpenSSL::TestTimestamp#test_verify_ee_cert_inclusion_not_requested = 2.64 s
[ 5/38] OpenSSL::TestTimestamp#test_verify_ee_intermediate = 2.59 s
[ 6/38] OpenSSL::TestTimestamp#test_reusable = 2.65 s
[ 7/38] OpenSSL::TestTimestamp#test_verify_direct_no_cert_no_intermediate = 2.21 s
[ 8/38] OpenSSL::TestTimestamp#test_token_info_creation = 2.56 s
[ 9/38] OpenSSL::TestTimestamp#test_response_default_policy = 1.74 s
[10/38] OpenSSL::TestTimestamp#test_request_serialization = 0.02 s
[11/38] OpenSSL::TestTimestamp#test_token_info_invalid_asn1 = 0.01 s
[12/38] OpenSSL::TestTimestamp#test_verify_ee_nonce_mismatch = 2.61 s
[13/38] OpenSSL::TestTimestamp#test_request_assignment = 0.05 s
[14/38] OpenSSL::TestTimestamp#test_response_no_policy_defined = 2.57 s
[15/38] OpenSSL::TestTimestamp#test_verify_direct_redundant_untrusted = 2.28 s
[16/38] OpenSSL::TestTimestamp#test_request_re_assignment = 0.02 s
[17/38] OpenSSL::TestTimestamp#test_verify_ee_wrong_root_wrong_intermediate = 2.61 s
[18/38] OpenSSL::TestTimestamp#test_verify_ee_additional_certs_array = 2.74 s
[19/38] OpenSSL::TestTimestamp#test_verify_ee_no_cert = 2.63 s
[20/38] OpenSSL::TestTimestamp#test_verify_ee_intermediate_type_error = 2.61 s
[21/38] OpenSSL::TestTimestamp#test_no_cert_requested = 2.61 s
[22/38] OpenSSL::TestTimestamp#test_response_allowed_digests = 2.62 s
[23/38] OpenSSL::TestTimestamp#test_verify_ee_no_cert_no_intermediate = 2.58 s
[24/38] OpenSSL::TestTimestamp#test_verify_ee_def_policy = 1.76 s
[25/38] OpenSSL::TestTimestamp#test_response_failure_info = 0.01 s
[26/38] OpenSSL::TestTimestamp#test_response_bad_purpose = 2.55 s
[27/38] OpenSSL::TestTimestamp#test_request_invalid_asn1 = 0.01 s
[28/38] OpenSSL::TestTimestamp#test_verify_ee_additional_certs_with_root = 2.75 s
[29/38] OpenSSL::TestTimestamp#test_response_invalid_asn1 = 0.01 s
[30/38] OpenSSL::TestTimestamp#test_verify_ee_no_store = 2.62 s
[31/38] OpenSSL::TestTimestamp#test_verify_ee_intermediate_missing = 2.65 s
[32/38] OpenSSL::TestTimestamp#test_verify_direct_wrong_root = 3.10 s
[33/38] OpenSSL::TestTimestamp#test_request_encode_decode = 0.03 s
[34/38] OpenSSL::TestTimestamp#test_verify_ee_no_req = 2.65 s
[35/38] OpenSSL::TestTimestamp#test_verify_ee_wrong_root_no_intermediate = 2.66 s
[36/38] OpenSSL::TestTimestamp#test_verify_direct_unrelated_untrusted = 3.09 s
[37/38] OpenSSL::TestTimestamp#test_verify_direct = 2.28 s
[38/38] OpenSSL::TestTimestamp#test_response_constants = 0.01 s
Finished tests in 76.096063s, 0.4994 tests/s, 2.8648 assertions/s.
38 tests, 218 assertions, 0 failures, 0 errors, 0 skips

ruby -v: ruby 3.4.1 (2025-06-14 revision 742e381c9f) +PRISM [riscv64-freebsd]
end time: 2025-06-22T07:09:13
----------------------------------------
Running test: ../test/openssl/test_engine.rb
start time: 2025-06-22T07:09:13
Run options:
  "--ruby=./miniruby -I../lib -I. -I.ext/common  ../tool/runruby.rb --extout=.ext  -- --disable-gems
"
  --excludes-dir=../test/.excludes
  --name=!/memory_leak/
  -s
  3216
  --timeout-scale
  10
  --worker-timeout=100
  -v

# Running tests:

Finished tests in 1.544863s, 0.0000 tests/s, 0.0000 assertions/s.
0 tests, 0 assertions, 0 failures, 0 errors, 0 skips

ruby -v: ruby 3.4.1 (2025-06-14 revision 742e381c9f) +PRISM [riscv64-freebsd]
end time: 2025-06-22T07:09:39
----------------------------------------
Running test: ../test/openssl/test_pkey_rsa.rb
start time: 2025-06-22T07:09:39
Run options:
  "--ruby=./miniruby -I../lib -I. -I.ext/common  ../tool/runruby.rb --extout=.ext  -- --disable-gems
"
  --excludes-dir=../test/.excludes
  --name=!/memory_leak/
  -s
  3216
  --timeout-scale
  10
  --worker-timeout=100
  -v

# Running tests:

[ 1/25] OpenSSL::TestPKeyRSA#test_private_encoding = 1.12 s
[ 2/25] OpenSSL::TestPKeyRSA#test_marshal = 1.41 s
[ 3/25] OpenSSL::TestPKeyRSA#test_encrypt_decrypt = 1.44 s
[ 4/25] OpenSSL::TestPKeyRSA#test_new_public_exponent = 0.66 s
[ 5/25] OpenSSL::TestPKeyRSA#test_private = 2.13 s
[ 6/25] OpenSSL::TestPKeyRSA#test_sign_verify = 0.51 s
[ 7/25] OpenSSL::TestPKeyRSA#test_verify_empty_rsa = 0.01 s
[ 8/25] OpenSSL::TestPKeyRSA#test_dup = 0.33 s
[ 9/25] OpenSSL::TestPKeyRSA#test_sign_verify_raw_legacy = 2.40 s
[10/25] OpenSSL::TestPKeyRSA#test_to_der = 0.52 s
[11/25] OpenSSL::TestPKeyRSA#test_RSAPrivateKey = 3.88 s
[12/25] OpenSSL::TestPKeyRSA#test_private_encoding_encrypted = 83.61 s
[13/25] OpenSSL::TestPKeyRSA#test_PUBKEY = 1.76 s
[14/25] OpenSSL::TestPKeyRSA#test_sign_verify_options = 0.52 s
[15/25] OpenSSL::TestPKeyRSA#test_RSAPublicKey = 0.48 s
[16/25] OpenSSL::TestPKeyRSA#test_new_break = 0.04 s
[17/25] OpenSSL::TestPKeyRSA#test_RSAPrivateKey_encrypted = 2.67 s
[18/25] OpenSSL::TestPKeyRSA#test_s_generate_public_exponent = 0.38 s
[19/25] OpenSSL::TestPKeyRSA#test_encrypt_decrypt_legacy = 2.95 s
[20/25] OpenSSL::TestPKeyRSA#test_sign_verify_raw = 1.33 s
[21/25] OpenSSL::TestPKeyRSA#test_export = 1.48 s
[22/25] OpenSSL::TestPKeyRSA#test_pem_passwd = 2.49 s
[23/25] OpenSSL::TestPKeyRSA#test_new = 5.10 s
[24/25] OpenSSL::TestPKeyRSA#test_sign_verify_pss = 0.69 s
[25/25] OpenSSL::TestPKeyRSA#test_s_generate = 11.54 s
Finished tests in 132.214773s, 0.1891 tests/s, 2.1556 assertions/s.
25 tests, 285 assertions, 0 failures, 0 errors, 0 skips

ruby -v: ruby 3.4.1 (2025-06-14 revision 742e381c9f) +PRISM [riscv64-freebsd]
end time: 2025-06-22T07:12:16
----------------------------------------
Running test: ../test/openssl/test_pkcs7.rb
start time: 2025-06-22T07:12:16
Run options:
  "--ruby=./miniruby -I../lib -I. -I.ext/common  ../tool/runruby.rb --extout=.ext  -- --disable-gems
"
  --excludes-dir=../test/.excludes
  --name=!/memory_leak/
  -s
  3216
  --timeout-scale
  10
  --worker-timeout=100
  -v

# Running tests:

[ 1/15] OpenSSL::TestPKCS7#test_degenerate_pkcs7 = 1.53 s
[ 2/15] OpenSSL::TestPKCS7#test_set_type_enveloped = 1.85 s
[ 3/15] OpenSSL::TestPKCS7#test_set_type_encrypted = 1.25 s
[ 4/15] OpenSSL::TestPKCS7#test_smime = 2.01 s
[ 5/15] OpenSSL::TestPKCS7#test_set_type_signed = 1.88 s
[ 6/15] OpenSSL::TestPKCS7#test_empty_signed_data_ruby_bug_19974 = 1.39 s
[ 7/15] OpenSSL::TestPKCS7#test_enveloped = 1.93 s
[ 8/15] OpenSSL::TestPKCS7#test_set_type_data = 0.99 s
[ 9/15] OpenSSL::TestPKCS7#test_signed = 2.19 s
[10/15] OpenSSL::TestPKCS7#test_detached_sign = 1.19 s
[11/15] OpenSSL::TestPKCS7#test_to_text = 1.85 s
[12/15] OpenSSL::TestPKCS7#test_graceful_parsing_failure = 1.00 s
[13/15] OpenSSL::TestPKCS7#test_split_content = 1.87 s
[14/15] OpenSSL::TestPKCS7#test_set_type_signed_and_enveloped = 0.98 s
[15/15] OpenSSL::TestPKCS7#test_signed_add_signer = 1.92 s
Finished tests in 26.127510s, 0.5741 tests/s, 4.0953 assertions/s.
15 tests, 107 assertions, 0 failures, 0 errors, 0 skips

ruby -v: ruby 3.4.1 (2025-06-14 revision 742e381c9f) +PRISM [riscv64-freebsd]
end time: 2025-06-22T07:13:09
----------------------------------------
Running test: ../test/openssl/test_pkcs12.rb
start time: 2025-06-22T07:13:09
Run options:
  "--ruby=./miniruby -I../lib -I. -I.ext/common  ../tool/runruby.rb --extout=.ext  -- --disable-gems
"
  --excludes-dir=../test/.excludes
  --name=!/memory_leak/
  -s
  3216
  --timeout-scale
  10
  --worker-timeout=100
  -v

# Running tests:

[ 1/12] OpenSSL::TestPKCS12#test_create_with_chain_decode = 6.27 s
[ 2/12] OpenSSL::TestPKCS12#test_create_with_mac_itr = 4.87 s
[ 3/12] OpenSSL::TestPKCS12#test_new_with_no_keys = 4.00 s
[ 4/12] OpenSSL::TestPKCS12#test_dup = 4.91 s
[ 5/12] OpenSSL::TestPKCS12#test_create_with_keytype = 4.03 s
[ 6/12] OpenSSL::TestPKCS12#test_create_no_pass = 5.36 s
[ 7/12] OpenSSL::TestPKCS12#test_create_with_chain = 4.01 s
[ 8/12] OpenSSL::TestPKCS12#test_new_with_no_certs = 5.49 s
[ 9/12] OpenSSL::TestPKCS12#test_create_with_bad_nid = 4.53 s
[10/12] OpenSSL::TestPKCS12#test_create_with_itr = 4.06 s
[11/12] OpenSSL::TestPKCS12#test_create_single_key_single_cert = 5.32 s
[12/12] OpenSSL::TestPKCS12#test_set_mac_pkcs12kdf = 6.66 s
Finished tests in 62.778569s, 0.1911 tests/s, 1.1150 assertions/s.
12 tests, 70 assertions, 0 failures, 0 errors, 0 skips

ruby -v: ruby 3.4.1 (2025-06-14 revision 742e381c9f) +PRISM [riscv64-freebsd]
end time: 2025-06-22T07:14:36
----------------------------------------
Running test: ../test/openssl/test_x509crl.rb
start time: 2025-06-22T07:14:36
Run options:
  "--ruby=./miniruby -I../lib -I. -I.ext/common  ../tool/runruby.rb --extout=.ext  -- --disable-gems
"
  --excludes-dir=../test/.excludes
  --name=!/memory_leak/
  -s
  3216
  --timeout-scale
  10
  --worker-timeout=100
  -v

# Running tests:

[1/9] OpenSSL::TestX509CRL#test_basic = 2.64 s
[2/9] OpenSSL::TestX509CRL#test_revoked = 7.07 s
[3/9] OpenSSL::TestX509CRL#test_marshal = 1.30 s
[4/9] OpenSSL::TestX509CRL#test_eq = 2.43 s
[5/9] OpenSSL::TestX509CRL#test_crlnumber = 2.49 s
[6/9] OpenSSL::TestX509CRL#test_sign_and_verify_ed25519 = 1.35 s
[7/9] OpenSSL::TestX509CRL#test_extension = 2.57 s
[8/9] OpenSSL::TestX509CRL#test_sign_and_verify = 2.41 s
[9/9] OpenSSL::TestX509CRL#test_revoked_to_der = 1.23 s
Finished tests in 25.738117s, 0.3497 tests/s, 4.7789 assertions/s.
9 tests, 123 assertions, 0 failures, 0 errors, 0 skips

ruby -v: ruby 3.4.1 (2025-06-14 revision 742e381c9f) +PRISM [riscv64-freebsd]
end time: 2025-06-22T07:15:28
----------------------------------------
Running test: ../test/openssl/test_ssl_session.rb
start time: 2025-06-22T07:15:28
Run options:
  "--ruby=./miniruby -I../lib -I. -I.ext/common  ../tool/runruby.rb --extout=.ext  -- --disable-gems
"
  --excludes-dir=../test/.excludes
  --name=!/memory_leak/
  -s
  3216
  --timeout-scale
  10
  --worker-timeout=100
  -v

# Running tests:

[ 1/11] OpenSSL::TestSSLSession#test_server_session_cache = 8.32 s
[ 2/11] OpenSSL::TestSSLSession#test_session = 4.03 s
[ 3/11] OpenSSL::TestSSLSession#test_session_exts_read = 4.75 s
[ 4/11] OpenSSL::TestSSLSession#test_ctx_client_session_cb_tls12 = 5.23 s
[ 5/11] OpenSSL::TestSSLSession#test_session_timeout = 2.90 s
[ 6/11] OpenSSL::TestSSLSession#test_dup = 4.14 s
[ 7/11] OpenSSL::TestSSLSession#test_session_time = 4.20 s
[ 8/11] OpenSSL::TestSSLSession#test_ctx_client_session_cb_tls13_exception = 4.77 s
[ 9/11] OpenSSL::TestSSLSession#test_ctx_server_session_cb = 5.74 s
[10/11] OpenSSL::TestSSLSession#test_resumption = 5.92 s
[11/11] OpenSSL::TestSSLSession#test_ctx_client_session_cb_tls13 = 4.68 s
Finished tests in 57.094553s, 0.1927 tests/s, 2.3295 assertions/s.
11 tests, 133 assertions, 0 failures, 0 errors, 0 skips

ruby -v: ruby 3.4.1 (2025-06-14 revision 742e381c9f) +PRISM [riscv64-freebsd]
end time: 2025-06-22T07:16:50
----------------------------------------
Running test: ../test/openssl/test_x509store.rb
start time: 2025-06-22T07:16:50
Run options:
  "--ruby=./miniruby -I../lib -I. -I.ext/common  ../tool/runruby.rb --extout=.ext  -- --disable-gems
"
  --excludes-dir=../test/.excludes
  --name=!/memory_leak/
  -s
  3216
  --timeout-scale
  10
  --worker-timeout=100
  -v

# Running tests:

[ 1/10] OpenSSL::TestX509Store#test_add_cert_duplicate = 0.04 s
[ 2/10] OpenSSL::TestX509Store#test_store_new = 0.02 s
[ 3/10] OpenSSL::TestX509Store#test_ctx_cleanup = 0.04 s
[ 4/10] OpenSSL::TestX509Store#test_verify_with_crl = 7.97 s
[ 5/10] OpenSSL::TestX509Store#test_dup = 0.02 s
[ 6/10] OpenSSL::TestX509Store#test_verify_purpose = 3.01 s
[ 7/10] OpenSSL::TestX509Store#test_verify_simple = 5.08 s
[ 8/10] OpenSSL::TestX509Store#test_verify_validity_period = 4.90 s
[ 9/10] OpenSSL::TestX509Store#test_add_file_path = 3.11 s
[10/10] OpenSSL::TestX509Store#test_verify_callback = 4.95 s
Finished tests in 31.293534s, 0.3196 tests/s, 3.0038 assertions/s.
10 tests, 94 assertions, 0 failures, 0 errors, 0 skips

ruby -v: ruby 3.4.1 (2025-06-14 revision 742e381c9f) +PRISM [riscv64-freebsd]
end time: 2025-06-22T07:17:46
----------------------------------------
Running test: ../test/openssl/test_x509attr.rb
start time: 2025-06-22T07:17:47
Run options:
  "--ruby=./miniruby -I../lib -I. -I.ext/common  ../tool/runruby.rb --extout=.ext  -- --disable-gems
"
  --excludes-dir=../test/.excludes
  --name=!/memory_leak/
  -s
  3216
  --timeout-scale
  10
  --worker-timeout=100
  -v

# Running tests:

[1/7] OpenSSL::TestX509Attribute#test_marshal = 0.05 s
[2/7] OpenSSL::TestX509Attribute#test_invalid_value = 0.03 s
[3/7] OpenSSL::TestX509Attribute#test_from_der = 0.01 s
[4/7] OpenSSL::TestX509Attribute#test_dup = 0.01 s
[5/7] OpenSSL::TestX509Attribute#test_eq = 0.02 s
[6/7] OpenSSL::TestX509Attribute#test_to_der = 0.02 s
[7/7] OpenSSL::TestX509Attribute#test_new = 0.02 s
Finished tests in 2.124630s, 3.2947 tests/s, 17.8855 assertions/s.
7 tests, 38 assertions, 0 failures, 0 errors, 0 skips

ruby -v: ruby 3.4.1 (2025-06-14 revision 742e381c9f) +PRISM [riscv64-freebsd]
end time: 2025-06-22T07:18:13
----------------------------------------
Running test: ../test/openssl/test_pkey_ec.rb
start time: 2025-06-22T07:18:13
Run options:
  "--ruby=./miniruby -I../lib -I. -I.ext/common  ../tool/runruby.rb --extout=.ext  -- --disable-gems
"
  --excludes-dir=../test/.excludes
  --name=!/memory_leak/
  -s
  3216
  --timeout-scale
  10
  --worker-timeout=100
  -v

# Running tests:

[ 1/17] OpenSSL::TestEC#test_builtin_curves = 0.05 s
[ 2/17] OpenSSL::TestEC#test_marshal = 0.50 s
[ 3/17] OpenSSL::TestEC#test_ec_key = 0.30 s
[ 4/17] OpenSSL::TestEC#test_dh_compute_key = 0.38 s
[ 5/17] OpenSSL::TestEC#test_ec_point_add = 0.03 s
[ 6/17] OpenSSL::TestEC#test_dsa_sign_asn1_FIPS186_3 = 0.06 s
[ 7/17] OpenSSL::TestEC#test_sign_verify = 0.33 s
[ 8/17] OpenSSL::TestEC#test_ec_point_mul = 0.98 s
[ 9/17] OpenSSL::TestEC#test_ec_group = 0.04 s
[10/17] OpenSSL::TestEC#test_ECPrivateKey_with_parameters = 0.59 s
[11/17] OpenSSL::TestEC#test_ECPrivateKey_encrypted = 2.32 s
[12/17] OpenSSL::TestEC#test_generate = 0.04 s
[13/17] OpenSSL::TestEC#test_PUBKEY = 0.87 s
[14/17] OpenSSL::TestEC#test_ECPrivateKey = 0.58 s
[15/17] OpenSSL::TestEC#test_sign_verify_raw = 1.19 s
[16/17] OpenSSL::TestEC#test_ec_point = 0.05 s
[17/17] OpenSSL::TestEC#test_check_key = 1.06 s
Finished tests in 11.748078s, 1.4470 tests/s, 14.8109 assertions/s.
17 tests, 174 assertions, 0 failures, 0 errors, 0 skips

ruby -v: ruby 3.4.1 (2025-06-14 revision 742e381c9f) +PRISM [riscv64-freebsd]
end time: 2025-06-22T07:18:50
----------------------------------------
Running test: ../test/openssl/test_ssl.rb
start time: 2025-06-22T07:18:50
Run options:
  "--ruby=./miniruby -I../lib -I. -I.ext/common  ../tool/runruby.rb --extout=.ext  -- --disable-gems
"
  --excludes-dir=../test/.excludes
  --name=!/memory_leak/
  -s
  3216
  --timeout-scale
  10
  --worker-timeout=100
  -v

# Running tests:

[ 1/80] OpenSSL::TestSSL#test_readbyte = 5.34 s
[ 2/80] OpenSSL::TestSSL#test_ciphersuites_method_frozen_object = 4.09 s
[ 3/80] OpenSSL::TestSSL#test_options_disable_versions = 9.21 s
[ 4/80] OpenSSL::TestSSL#test_copy_stream = 3.66 s
[ 5/80] OpenSSL::TestSSL#test_client_ca = 6.55 s
[ 6/80] OpenSSL::TestSSL#test_export_keying_material = 3.43 s
[ 7/80] OpenSSL::TestSSL#test_connect_works_when_setting_dh_callback_to_nil = 4.88 s
[ 8/80] OpenSSL::TestSSL#test_parallel = 12.99 s
[ 9/80] OpenSSL::TestSSL#test_add_certificate = 3.55 s
[10/80] OpenSSL::TestSSL#test_verify_certificate_identity = 3.22 s
[11/80] OpenSSL::TestSSL#test_tlsext_hostname = 5.51 s
[12/80] OpenSSL::TestSSL#test_socket_close_write = 4.01 s
[13/80] OpenSSL::TestSSL#test_accept_errors_include_peeraddr = 3.69 s
[14/80] OpenSSL::TestSSL#test_socket_open_with_local_address_port_context = 6.64 s
[15/80] OpenSSL::TestSSL#test_verify_mode_client_cert_required = 3.96 s
[16/80] OpenSSL::TestSSL#test_npn_protocol_selection_enum = 3.73 s
[17/80] OpenSSL::TestSSL#test_post_connect_check_with_anon_ciphers = 8.16 s
[18/80] OpenSSL::TestSSL#test_ctx_options_config = 19.40 s
[19/80] OpenSSL::TestSSL#test_post_connection_check_wildcard_cn = 3.64 s
[20/80] OpenSSL::TestSSL#test_bad_socket = 6.05 s
[21/80] OpenSSL::TestSSL#test_finished_messages = 6.47 s
[22/80] OpenSSL::TestSSL#test_ciphers_method_bogus_csuite = 3.07 s
[23/80] OpenSSL::TestSSL#test_ciphersuites_method_tls_connection = 7.25 s
[24/80] OpenSSL::TestSSL#test_security_level = 6.28 s
[25/80] OpenSSL::TestSSL#test_renegotiation_cb = 3.47 s
[26/80] OpenSSL::TestSSL#test_tmp_dh_callback = 8.59 s
[27/80] OpenSSL::TestSSL#test_verify_hostname_failure_error_code = 3.75 s
[28/80] OpenSSL::TestSSL#test_getbyte = 4.01 s
[29/80] OpenSSL::TestSSL#test_ctx_setup = 5.44 s
[30/80] OpenSSL::TestSSL#test_dup = 2.88 s
[31/80] OpenSSL::TestSSL#test_ca_file = 6.06 s
[32/80] OpenSSL::TestSSL#test_unset_OP_ALL = 3.42 s
[33/80] OpenSSL::TestSSL#test_add_certificate_multiple_certs = 7.30 s
[34/80] OpenSSL::TestSSL#test_freeze_calls_setup = 3.34 s
[35/80] OpenSSL::TestSSL#test_sysread_and_syswrite = 3.52 s
[36/80] OpenSSL::TestSSL#test_ciphers_method_tls_connection = 4.78 s
[37/80] OpenSSL::TestSSL#test_ecdh_curves_tls12 = 15.94 s
[38/80] OpenSSL::TestSSL#test_npn_protocol_selection_ary = 3.78 s
[39/80] OpenSSL::TestSSL#test_ciphersuites_method_bogus_csuite = 4.97 s
[40/80] OpenSSL::TestSSL#test_minmax_version = 14.29 s
[41/80] OpenSSL::TestSSL#test_keylog_cb = 6.27 s
[42/80] OpenSSL::TestSSL#test_exception_in_verify_callback_is_ignored = 3.61 s
[43/80] OpenSSL::TestSSL#test_ecdh_curves_tls13 = 12.05 s
[44/80] OpenSSL::TestSSL#test_client_auth_success = 4.45 s
[45/80] OpenSSL::TestSSL#test_connect_certificate_verify_failed_exception_message = 6.26 s
[46/80] OpenSSL::TestSSL#test_get_ephemeral_key = 12.66 s
[47/80] OpenSSL::TestSSL#test_npn_selected_protocol_too_long = 5.49 s
[48/80] OpenSSL::TestSSL#test_close_after_socket_close = 5.65 s
[49/80] OpenSSL::TestSSL#test_tmp_dh = 6.47 s
[50/80] OpenSSL::TestSSL#test_verify_hostname = 5.30 s
[51/80] OpenSSL::TestSSL#test_sync_close = 3.95 s
[52/80] OpenSSL::TestSSL#test_verify_mode_default = 5.42 s
[53/80] OpenSSL::TestSSL#test_fallback_scsv = 9.48 s
[54/80] OpenSSL::TestSSL#test_fileno = 5.06 s
[55/80] OpenSSL::TestSSL#test_ca_file_not_found = 2.83 s
[56/80] OpenSSL::TestSSL#test_socket_open_with_context = 5.88 s
[57/80] OpenSSL::TestSSL#test_npn_protocol_selection_cancel = 3.21 s
[58/80] OpenSSL::TestSSL#test_servername_cb_raises_an_exception_on_unknown_objects = 2.91 s
[59/80] OpenSSL::TestSSL#test_ssl_methods_constant = 5.55 s
[60/80] OpenSSL::TestSSL#test_socket_open = 8.73 s
[61/80] OpenSSL::TestSSL#test_sync_close_without_connect = 5.17 s
[62/80] OpenSSL::TestSSL#test_verify_hostname_on_connect = 8.75 s
[63/80] OpenSSL::TestSSL#test_ctx_options = 2.80 s
[64/80] OpenSSL::TestSSL#test_post_connection_check = 13.18 s
[65/80] OpenSSL::TestSSL#test_ciphers_method_nil_argument = 2.85 s
[66/80] OpenSSL::TestSSL#test_ciphers_method_frozen_object = 5.06 s
[67/80] OpenSSL::TestSSL#test_verify_result = 6.80 s
[68/80] OpenSSL::TestSSL#test_unstarted_session = 3.36 s
[69/80] OpenSSL::TestSSL#test_alpn_protocol_selection_ary = 6.04 s
[70/80] OpenSSL::TestSSL#test_post_connection_check_wildcard_san = 3.00 s
[71/80] OpenSSL::TestSSL#test_ciphersuites_method_nil_argument = 5.47 s
[72/80] OpenSSL::TestSSL#test_verify_mode_server_cert = 9.50 s
[73/80] OpenSSL::TestSSL#test_npn_advertised_protocol_too_long = 2.89 s
[74/80] OpenSSL::TestSSL#test_client_cert_cb_ignore_error = 5.56 s
[75/80] OpenSSL::TestSSL#test_ssl_with_server_cert = 3.61 s
[76/80] OpenSSL::TestSSL#test_set_params_min_version = 6.90 s
[77/80] OpenSSL::TestSSL#test_verify_wildcard = 2.84 s
[78/80] OpenSSL::TestSSL#test_sslctx_set_params = 3.05 s
[79/80] OpenSSL::TestSSL#test_read_with_timeout = 9.90 s
[80/80] OpenSSL::TestSSL#test_alpn_protocol_selection_cancel = 3.06 s
Finished tests in 489.594518s, 0.1634 tests/s, 1.4032 assertions/s.
80 tests, 687 assertions, 0 failures, 0 errors, 0 skips

ruby -v: ruby 3.4.1 (2025-06-14 revision 742e381c9f) +PRISM [riscv64-freebsd]
end time: 2025-06-22T07:27:26
----------------------------------------
Running test: ../test/openssl/utils.rb
start time: 2025-06-22T07:27:26
Run options:
  "--ruby=./miniruby -I../lib -I. -I.ext/common  ../tool/runruby.rb --extout=.ext  -- --disable-gems
"
  --excludes-dir=../test/.excludes
  --name=!/memory_leak/
  -s
  3216
  --timeout-scale
  10
  --worker-timeout=100
  -v

# Running tests:

Finished tests in 1.546598s, 0.0000 tests/s, 0.0000 assertions/s.
0 tests, 0 assertions, 0 failures, 0 errors, 0 skips

ruby -v: ruby 3.4.1 (2025-06-14 revision 742e381c9f) +PRISM [riscv64-freebsd]
end time: 2025-06-22T07:27:52
----------------------------------------
Running test: ../test/openssl/test_hmac.rb
start time: 2025-06-22T07:27:52
Run options:
  "--ruby=./miniruby -I../lib -I. -I.ext/common  ../tool/runruby.rb --extout=.ext  -- --disable-gems
"
  --excludes-dir=../test/.excludes
  --name=!/memory_leak/
  -s
  3216
  --timeout-scale
  10
  --worker-timeout=100
  -v

# Running tests:

[1/7] OpenSSL::TestHMAC#test_zero_length_key = 0.08 s
[2/7] OpenSSL::TestHMAC#test_hmac = 0.03 s
[3/7] OpenSSL::TestHMAC#test_dup = 0.01 s
[4/7] OpenSSL::TestHMAC#test_eq = 0.03 s
[5/7] OpenSSL::TestHMAC#test_binary_update = 0.01 s
[6/7] OpenSSL::TestHMAC#test_singleton_methods = 0.02 s
[7/7] OpenSSL::TestHMAC#test_reset_keep_key = 0.01 s
Finished tests in 2.241571s, 3.1228 tests/s, 16.9524 assertions/s.
7 tests, 38 assertions, 0 failures, 0 errors, 0 skips

ruby -v: ruby 3.4.1 (2025-06-14 revision 742e381c9f) +PRISM [riscv64-freebsd]
end time: 2025-06-22T07:28:19
----------------------------------------
Running test: ../test/openssl/test_pkey_dh.rb
start time: 2025-06-22T07:28:19
Run options:
  "--ruby=./miniruby -I../lib -I. -I.ext/common  ../tool/runruby.rb --extout=.ext  -- --disable-gems
"
  --excludes-dir=../test/.excludes
  --name=!/memory_leak/
  -s
  3216
  --timeout-scale
  10
  --worker-timeout=100
  -v

# Running tests:

[1/9] OpenSSL::TestPKeyDH#test_params_ok? = 0.42 s
[2/9] OpenSSL::TestPKeyDH#test_marshal = 0.38 s
[3/9] OpenSSL::TestPKeyDH#test_public_key = 0.37 s
[4/9] OpenSSL::TestPKeyDH#test_new_break_on_non_fips = 0.12 s
[5/9] OpenSSL::TestPKeyDH#test_new_empty = 0.01 s
[6/9] OpenSSL::TestPKeyDH#test_derive_key = 2.44 s
[7/9] OpenSSL::TestPKeyDH#test_dup = 0.73 s
[8/9] OpenSSL::TestPKeyDH#test_new_break_on_fips = 0.04 s
[9/9] OpenSSL::TestPKeyDH#test_DHparams = 1.78 s
Finished tests in 8.675121s, 1.0374 tests/s, 8.7607 assertions/s.
9 tests, 76 assertions, 0 failures, 0 errors, 1 skips

ruby -v: ruby 3.4.1 (2025-06-14 revision 742e381c9f) +PRISM [riscv64-freebsd]
end time: 2025-06-22T07:28:52
----------------------------------------
Running test: ../test/openssl/test_x509ext.rb
start time: 2025-06-22T07:28:53
Run options:
  "--ruby=./miniruby -I../lib -I. -I.ext/common  ../tool/runruby.rb --extout=.ext  -- --disable-gems
"
  --excludes-dir=../test/.excludes
  --name=!/memory_leak/
  -s
  3216
  --timeout-scale
  10
  --worker-timeout=100
  -v

# Running tests:

[1/8] OpenSSL::TestX509Extension#test_marshal = 0.06 s
[2/8] OpenSSL::TestX509Extension#test_factory_create_extension_sn_ln = 0.02 s
[3/8] OpenSSL::TestX509Extension#test_dup = 0.02 s
[4/8] OpenSSL::TestX509Extension#test_eq = 0.02 s
[5/8] OpenSSL::TestX509Extension#test_create_by_factory = 0.05 s
[6/8] OpenSSL::TestX509Extension#test_value_der = 0.02 s
[7/8] OpenSSL::TestX509Extension#test_new = 0.02 s
[8/8] OpenSSL::TestX509Extension#test_factory_create_extension_oid = 0.02 s
Finished tests in 2.571887s, 3.1106 tests/s, 20.2186 assertions/s.
8 tests, 52 assertions, 0 failures, 0 errors, 0 skips

ruby -v: ruby 3.4.1 (2025-06-14 revision 742e381c9f) +PRISM [riscv64-freebsd]
end time: 2025-06-22T07:29:20
----------------------------------------
Running test: ../test/openssl/test_fips.rb
start time: 2025-06-22T07:29:20
Run options:
  "--ruby=./miniruby -I../lib -I. -I.ext/common  ../tool/runruby.rb --extout=.ext  -- --disable-gems
"
  --excludes-dir=../test/.excludes
  --name=!/memory_leak/
  -s
  3216
  --timeout-scale
  10
  --worker-timeout=100
  -v

# Running tests:

[1/4] OpenSSL::TestFIPS#test_fips_mode_get_is_true_on_fips_mode_enabled = 0.06 s
[2/4] OpenSSL::TestFIPS#test_fips_mode_is_reentrant = 16.23 s
[3/4] OpenSSL::TestFIPS#test_fips_mode_get_is_false_on_fips_mode_disabled = 16.20 s
[4/4] OpenSSL::TestFIPS#test_fips_mode_get_with_fips_mode_set = 16.06 s
Finished tests in 50.467857s, 0.0793 tests/s, 0.4756 assertions/s.
4 tests, 24 assertions, 0 failures, 0 errors, 1 skips

ruby -v: ruby 3.4.1 (2025-06-14 revision 742e381c9f) +PRISM [riscv64-freebsd]
end time: 2025-06-22T07:30:35
----------------------------------------
Running test: ../test/openssl/test_buffering.rb
start time: 2025-06-22T07:30:35
Run options:
  "--ruby=./miniruby -I../lib -I. -I.ext/common  ../tool/runruby.rb --extout=.ext  -- --disable-gems
"
  --excludes-dir=../test/.excludes
  --name=!/memory_leak/
  -s
  3216
  --timeout-scale
  10
  --worker-timeout=100
  -v

# Running tests:

[1/5] OpenSSL::TestBuffering#test_flush = 0.05 s
[2/5] OpenSSL::TestBuffering#test_each_byte = 0.02 s
[3/5] OpenSSL::TestBuffering#test_encoding = 0.01 s
[4/5] OpenSSL::TestBuffering#test_flush_error = 0.02 s
[5/5] OpenSSL::TestBuffering#test_getc = 0.01 s
Finished tests in 1.996080s, 2.5049 tests/s, 14.5285 assertions/s.
5 tests, 29 assertions, 0 failures, 0 errors, 0 skips

ruby -v: ruby 3.4.1 (2025-06-14 revision 742e381c9f) +PRISM [riscv64-freebsd]
end time: 2025-06-22T07:31:01
----------------------------------------
Running test: ../test/openssl/test_random.rb
start time: 2025-06-22T07:31:01
Run options:
  "--ruby=./miniruby -I../lib -I. -I.ext/common  ../tool/runruby.rb --extout=.ext  -- --disable-gems
"
  --excludes-dir=../test/.excludes
  --name=!/memory_leak/
  -s
  3216
  --timeout-scale
  10
  --worker-timeout=100
  -v

# Running tests:

[1/1] OpenSSL::TestRandom#test_random_bytes = 0.12 s
Finished tests in 1.854513s, 0.5392 tests/s, 2.6961 assertions/s.
1 tests, 5 assertions, 0 failures, 0 errors, 0 skips

ruby -v: ruby 3.4.1 (2025-06-14 revision 742e381c9f) +PRISM [riscv64-freebsd]
end time: 2025-06-22T07:31:27
----------------------------------------
Running test: ../test/openssl/test_x509cert.rb
start time: 2025-06-22T07:31:28
Run options:
  "--ruby=./miniruby -I../lib -I. -I.ext/common  ../tool/runruby.rb --extout=.ext  -- --disable-gems
"
  --excludes-dir=../test/.excludes
  --name=!/memory_leak/
  -s
  3216
  --timeout-scale
  10
  --worker-timeout=100
  -v

# Running tests:

[ 1/29] OpenSSL::TestX509Certificate#test_sign_and_verify_rsa_sha1 = 2.52 s
[ 2/29] OpenSSL::TestX509Certificate#test_marshal = 1.63 s
[ 3/29] OpenSSL::TestX509Certificate#test_public_key = 3.05 s
[ 4/29] OpenSSL::TestX509Certificate#test_sign_and_verify_rsa_md5 = 2.19 s
[ 5/29] OpenSSL::TestX509Certificate#test_akiski_missing = 2.13 s
[ 6/29] OpenSSL::TestX509Certificate#test_dsa_with_sha2 = 2.14 s
[ 7/29] OpenSSL::TestX509Certificate#test_akiski = 2.49 s
[ 8/29] OpenSSL::TestX509Certificate#test_check_private_key = 1.27 s
[ 9/29] OpenSSL::TestX509Certificate#test_crl_uris_multiple_general_names = 2.17 s
[10/29] OpenSSL::TestX509Certificate#test_crl_uris_no_uris = 2.13 s
[11/29] OpenSSL::TestX509Certificate#test_eq = 2.23 s
[12/29] OpenSSL::TestX509Certificate#test_load_file_fullchain_garbage = 1.16 s
[13/29] OpenSSL::TestX509Certificate#test_crl_uris = 2.16 s
[14/29] OpenSSL::TestX509Certificate#test_validity = 2.40 s
[15/29] OpenSSL::TestX509Certificate#test_aia_missing = 2.13 s
[16/29] OpenSSL::TestX509Certificate#test_sign_and_verify_ed25519 = 1.18 s
[17/29] OpenSSL::TestX509Certificate#test_load_file_certificate_der = 2.07 s
[18/29] OpenSSL::TestX509Certificate#test_aia = 2.19 s
[19/29] OpenSSL::TestX509Certificate#test_sign_and_verify_dsa_md5 = 2.12 s
[20/29] OpenSSL::TestX509Certificate#test_read_from_file = 1.31 s
[21/29] OpenSSL::TestX509Certificate#test_read_der_then_pem = 2.27 s
[22/29] OpenSSL::TestX509Certificate#test_invalid_extension = 2.13 s
[23/29] OpenSSL::TestX509Certificate#test_load_file_fullchain_pem = 2.13 s
[24/29] OpenSSL::TestX509Certificate#test_serial = 2.33 s
[25/29] OpenSSL::TestX509Certificate#test_crl_uris_no_crl_distribution_points = 1.31 s
[26/29] OpenSSL::TestX509Certificate#test_tbs_precert_bytes = 2.23 s
[27/29] OpenSSL::TestX509Certificate#test_extension_factory = 2.25 s
[28/29] OpenSSL::TestX509Certificate#test_sign_and_verify_dsa = 1.24 s
[29/29] OpenSSL::TestX509Certificate#test_load_file_empty_pem = 2.08 s
Finished tests in 61.488456s, 0.4716 tests/s, 2.9924 assertions/s.
29 tests, 184 assertions, 0 failures, 0 errors, 0 skips

ruby -v: ruby 3.4.1 (2025-06-14 revision 742e381c9f) +PRISM [riscv64-freebsd]
end time: 2025-06-22T07:32:55
----------------------------------------
Running test: ../test/openssl/test_ns_spki.rb
start time: 2025-06-22T07:32:55
Run options:
  "--ruby=./miniruby -I../lib -I. -I.ext/common  ../tool/runruby.rb --extout=.ext  -- --disable-gems
"
  --excludes-dir=../test/.excludes
  --name=!/memory_leak/
  -s
  3216
  --timeout-scale
  10
  --worker-timeout=100
  -v

# Running tests:

[1/2] OpenSSL::TestNSSPI#test_decode_data = 0.09 s
[2/2] OpenSSL::TestNSSPI#test_build_data = 2.63 s
Finished tests in 4.489913s, 0.4454 tests/s, 4.6772 assertions/s.
2 tests, 21 assertions, 0 failures, 0 errors, 0 skips

ruby -v: ruby 3.4.1 (2025-06-14 revision 742e381c9f) +PRISM [riscv64-freebsd]
end time: 2025-06-22T07:33:24
----------------------------------------
Running test: ../test/openssl/test_kdf.rb
start time: 2025-06-22T07:33:24
Run options:
  "--ruby=./miniruby -I../lib -I. -I.ext/common  ../tool/runruby.rb --extout=.ext  -- --disable-gems
"
  --excludes-dir=../test/.excludes
  --name=!/memory_leak/
  -s
  3216
  --timeout-scale
  10
  --worker-timeout=100
  -v

# Running tests:

[ 1/12] OpenSSL::TestKDF#test_pbkdf2_hmac_sha1_rfc6070_c_4096_len_16 = 0.45 s
[ 2/12] OpenSSL::TestKDF#test_scrypt_rfc7914_second = 1.43 s
[ 3/12] OpenSSL::TestKDF#test_pbkdf2_hmac_sha256_c_20000_len_32 = 6.66 s
[ 4/12] OpenSSL::TestKDF#test_pkcs5_pbkdf2_hmac_compatibility = 0.02 s
[ 5/12] OpenSSL::TestKDF#test_hkdf_rfc5869_test_case_4 = 0.03 s
[ 6/12] OpenSSL::TestKDF#test_pbkdf2_hmac_sha1_rfc6070_c_4096_len_25 = 0.53 s
[ 7/12] OpenSSL::TestKDF#test_pbkdf2_hmac_sha1_rfc6070_c_1_len_20 = 0.01 s
[ 8/12] OpenSSL::TestKDF#test_pbkdf2_hmac_sha1_rfc6070_c_4096_len_20 = 0.86 s
[ 9/12] OpenSSL::TestKDF#test_hkdf_rfc5869_test_case_1 = 0.01 s
[10/12] OpenSSL::TestKDF#test_scrypt_rfc7914_first = 0.02 s
[11/12] OpenSSL::TestKDF#test_hkdf_rfc5869_test_case_3 = 0.02 s
[12/12] OpenSSL::TestKDF#test_pbkdf2_hmac_sha1_rfc6070_c_2_len_20 = 0.01 s
Finished tests in 12.548880s, 0.9563 tests/s, 3.9047 assertions/s.
12 tests, 49 assertions, 0 failures, 0 errors, 0 skips

ruby -v: ruby 3.4.1 (2025-06-14 revision 742e381c9f) +PRISM [riscv64-freebsd]
end time: 2025-06-22T07:34:01
----------------------------------------
Running test: ../test/openssl/test_ocsp.rb
start time: 2025-06-22T07:34:01
Run options:
  "--ruby=./miniruby -I../lib -I. -I.ext/common  ../tool/runruby.rb --extout=.ext  -- --disable-gems
"
  --excludes-dir=../test/.excludes
  --name=!/memory_leak/
  -s
  3216
  --timeout-scale
  10
  --worker-timeout=100
  -v

# Running tests:

[ 1/20] OpenSSL::TestOCSP#test_certificate_id_hash_algorithm = 2.80 s
[ 2/20] OpenSSL::TestOCSP#test_certificate_id_issuer_name_hash = 2.68 s
[ 3/20] OpenSSL::TestOCSP#test_basic_response_sign_verify = 2.62 s
[ 4/20] OpenSSL::TestOCSP#test_certificate_id_dup = 2.33 s
[ 5/20] OpenSSL::TestOCSP#test_request_dup = 1.53 s
[ 6/20] OpenSSL::TestOCSP#test_response_dup = 2.77 s
[ 7/20] OpenSSL::TestOCSP#test_request_is_signed = 2.39 s
[ 8/20] OpenSSL::TestOCSP#test_request_nonce = 2.35 s
[ 9/20] OpenSSL::TestOCSP#test_basic_response_der = 2.56 s
[10/20] OpenSSL::TestOCSP#test_request_sign_verify = 2.43 s
[11/20] OpenSSL::TestOCSP#test_request_der = 2.60 s
[12/20] OpenSSL::TestOCSP#test_response = 2.45 s
[13/20] OpenSSL::TestOCSP#test_certificate_id_der = 2.42 s
[14/20] OpenSSL::TestOCSP#test_single_response_der = 2.37 s
[15/20] OpenSSL::TestOCSP#test_single_response_check_validity = 1.54 s
[16/20] OpenSSL::TestOCSP#test_new_certificate_id = 2.39 s
[17/20] OpenSSL::TestOCSP#test_response_der = 2.47 s
[18/20] OpenSSL::TestOCSP#test_certificate_id_issuer_key_hash = 2.43 s
[19/20] OpenSSL::TestOCSP#test_basic_response_response_operations = 2.42 s
[20/20] OpenSSL::TestOCSP#test_basic_response_dup = 2.49 s
Finished tests in 50.513764s, 0.3959 tests/s, 2.6725 assertions/s.
20 tests, 135 assertions, 0 failures, 0 errors, 0 skips

ruby -v: ruby 3.4.1 (2025-06-14 revision 742e381c9f) +PRISM [riscv64-freebsd]
end time: 2025-06-22T07:35:16
----------------------------------------
Running test: ../test/openssl/test_x509name.rb
start time: 2025-06-22T07:35:16
Run options:
  "--ruby=./miniruby -I../lib -I. -I.ext/common  ../tool/runruby.rb --extout=.ext  -- --disable-gems
"
  --excludes-dir=../test/.excludes
  --name=!/memory_leak/
  -s
  3216
  --timeout-scale
  10
  --worker-timeout=100
  -v

# Running tests:

[ 1/16] OpenSSL::TestX509Name#test_marshal = 0.05 s
[ 2/16] OpenSSL::TestX509Name#test_s_parse_rfc2253 = 0.20 s
[ 3/16] OpenSSL::TestX509Name#test_add_entry_street = 0.03 s
[ 4/16] OpenSSL::TestX509Name#test_add_entry_placing = 0.04 s
[ 5/16] OpenSSL::TestX509Name#test_s_parse = 0.03 s
[ 6/16] OpenSSL::TestX509Name#test_hash = 0.05 s
[ 7/16] OpenSSL::TestX509Name#test_dup = 0.01 s
[ 8/16] OpenSSL::TestX509Name#test_equality = 0.02 s
[ 9/16] OpenSSL::TestX509Name#test_to_utf8 = 0.02 s
[10/16] OpenSSL::TestX509Name#test_spaceship = 0.02 s
[11/16] OpenSSL::TestX509Name#test_unrecognized_oid = 0.03 s
[12/16] OpenSSL::TestX509Name#test_add_entry = 0.02 s
[13/16] OpenSSL::TestX509Name#test_to_s = 0.02 s
[14/16] OpenSSL::TestX509Name#test_s_new = 0.07 s
[15/16] OpenSSL::TestX509Name#test_unrecognized_oid_parse_encode_equality = 0.02 s
[16/16] OpenSSL::TestX509Name#test_equals2 = 0.02 s
Finished tests in 2.996119s, 5.3402 tests/s, 66.0855 assertions/s.
16 tests, 198 assertions, 0 failures, 0 errors, 0 skips

ruby -v: ruby 3.4.1 (2025-06-14 revision 742e381c9f) +PRISM [riscv64-freebsd]
end time: 2025-06-22T07:35:44
----------------------------------------
Running test: ../test/openssl/test_pair.rb
start time: 2025-06-22T07:35:44
Run options:
  "--ruby=./miniruby -I../lib -I. -I.ext/common  ../tool/runruby.rb --extout=.ext  -- --disable-gems
"
  --excludes-dir=../test/.excludes
  --name=!/memory_leak/
  -s
  3216
  --timeout-scale
  10
  --worker-timeout=100
  -v

# Running tests:

[ 1/78] OpenSSL::TestEOF1LowlevelSocket#test_readbyte_eof = 2.84 s
[ 2/78] OpenSSL::TestEOF1LowlevelSocket#test_eof_3 = 1.72 s
[ 3/78] OpenSSL::TestEOF1LowlevelSocket#test_eof_1 = 6.36 s
[ 4/78] OpenSSL::TestEOF1LowlevelSocket#test_eof_0 = 5.58 s
[ 5/78] OpenSSL::TestEOF1LowlevelSocket#test_eof_2 = 1.51 s
[ 6/78] OpenSSL::TestEOF1LowlevelSocket#test_eof_0_rw = 1.89 s
[ 7/78] OpenSSL::TestEOF1LowlevelSocket#test_getbyte_eof = 1.52 s
[ 8/78] OpenSSL::TestEOF2#test_readbyte_eof = 1.56 s
[ 9/78] OpenSSL::TestEOF2#test_eof_3 = 1.53 s
[10/78] OpenSSL::TestEOF2#test_eof_1 = 6.45 s
[11/78] OpenSSL::TestEOF2#test_eof_0 = 2.95 s
[12/78] OpenSSL::TestEOF2#test_eof_2 = 3.50 s
[13/78] OpenSSL::TestEOF2#test_eof_0_rw = 1.04 s
[14/78] OpenSSL::TestEOF2#test_getbyte_eof = 1.44 s
[15/78] OpenSSL::TestEOF2LowlevelSocket#test_readbyte_eof = 1.50 s
[16/78] OpenSSL::TestEOF2LowlevelSocket#test_eof_3 = 1.48 s
[17/78] OpenSSL::TestEOF2LowlevelSocket#test_eof_1 = 8.06 s
[18/78] OpenSSL::TestEOF2LowlevelSocket#test_eof_0 = 2.81 s
[19/78] OpenSSL::TestEOF2LowlevelSocket#test_eof_2 = 2.81 s
[20/78] OpenSSL::TestEOF2LowlevelSocket#test_eof_0_rw = 1.05 s
[21/78] OpenSSL::TestEOF2LowlevelSocket#test_getbyte_eof = 3.87 s
[22/78] OpenSSL::TestPair#test_readbyte = 1.45 s
[23/78] OpenSSL::TestPair#test_connect_accept_nonblock_no_exception = 1.42 s
[24/78] OpenSSL::TestPair#test_readbyte_eof = 2.51 s
[25/78] OpenSSL::TestPair#test_write_nonblock_with_buffered_data_no_exceptions = 1.52 s
[26/78] OpenSSL::TestPair#test_write_nonblock_with_buffered_data = 1.73 s
[27/78] OpenSSL::TestPair#test_write_nonblock = 3.12 s
[28/78] OpenSSL::TestPair#test_write_nonblock_retry = 1.66 s
[29/78] OpenSSL::TestPair#test_multibyte_read_write = 1.47 s
[30/78] OpenSSL::TestPair#test_getbyte = 1.56 s
[31/78] OpenSSL::TestPair#test_write_nonblock_no_exceptions = 1.84 s
[32/78] OpenSSL::TestPair#test_gets_chomp = 3.22 s
[33/78] OpenSSL::TestPair#test_readall = 1.49 s
[34/78] OpenSSL::TestPair#test_connect_accept_nonblock = 1.88 s
[35/78] OpenSSL::TestPair#test_read_with_outbuf = 4.79 s
[36/78] OpenSSL::TestPair#test_puts_empty = 2.80 s
[37/78] OpenSSL::TestPair#test_write_zero = 1.45 s
[38/78] OpenSSL::TestPair#test_write_multiple_arguments = 1.50 s
[39/78] OpenSSL::TestPair#test_readline = 2.73 s
[40/78] OpenSSL::TestPair#test_getc = 1.45 s
[41/78] OpenSSL::TestPair#test_read_nonblock_no_exception = 1.47 s
[42/78] OpenSSL::TestPair#test_partial_tls_record_read_nonblock = 2.97 s
[43/78] OpenSSL::TestPair#test_read_nonblock = 1.47 s
[44/78] OpenSSL::TestPair#test_gets = 1.54 s
[45/78] OpenSSL::TestPair#test_gets_eof_limit = 1.51 s
[46/78] OpenSSL::TestPair#test_readpartial = 3.09 s
[47/78] OpenSSL::TestPairLowlevelSocket#test_readbyte = 1.53 s
[48/78] OpenSSL::TestPairLowlevelSocket#test_connect_accept_nonblock_no_exception = 1.42 s
[49/78] OpenSSL::TestPairLowlevelSocket#test_readbyte_eof = 1.46 s
[50/78] OpenSSL::TestPairLowlevelSocket#test_write_nonblock_with_buffered_data_no_exceptions = 1.60
s
[51/78] OpenSSL::TestPairLowlevelSocket#test_write_nonblock_with_buffered_data = 1.83 s
[52/78] OpenSSL::TestPairLowlevelSocket#test_write_nonblock = 3.65 s
[53/78] OpenSSL::TestPairLowlevelSocket#test_write_nonblock_retry = 1.94 s
[54/78] OpenSSL::TestPairLowlevelSocket#test_multibyte_read_write = 3.12 s
[55/78] OpenSSL::TestPairLowlevelSocket#test_getbyte = 1.44 s
[56/78] OpenSSL::TestPairLowlevelSocket#test_write_nonblock_no_exceptions = 1.59 s
[57/78] OpenSSL::TestPairLowlevelSocket#test_gets_chomp = 1.46 s
[58/78] OpenSSL::TestPairLowlevelSocket#test_readall = 2.94 s
[59/78] OpenSSL::TestPairLowlevelSocket#test_connect_accept_nonblock = 1.88 s
[60/78] OpenSSL::TestPairLowlevelSocket#test_read_with_outbuf = 1.47 s
[61/78] OpenSSL::TestPairLowlevelSocket#test_puts_empty = 1.49 s
[62/78] OpenSSL::TestPairLowlevelSocket#test_write_zero = 1.55 s
[63/78] OpenSSL::TestPairLowlevelSocket#test_write_multiple_arguments = 3.33 s
[64/78] OpenSSL::TestPairLowlevelSocket#test_readline = 1.44 s
[65/78] OpenSSL::TestPairLowlevelSocket#test_getc = 3.37 s
[66/78] OpenSSL::TestPairLowlevelSocket#test_read_nonblock_no_exception = 1.52 s
[67/78] OpenSSL::TestPairLowlevelSocket#test_partial_tls_record_read_nonblock = 1.46 s
[68/78] OpenSSL::TestPairLowlevelSocket#test_read_nonblock = 1.50 s
[69/78] OpenSSL::TestPairLowlevelSocket#test_gets = 1.51 s
[70/78] OpenSSL::TestPairLowlevelSocket#test_gets_eof_limit = 1.48 s
[71/78] OpenSSL::TestPairLowlevelSocket#test_readpartial = 3.25 s
[72/78] OpenSSL::TestEOF1#test_readbyte_eof = 1.48 s
[73/78] OpenSSL::TestEOF1#test_eof_3 = 3.57 s
[74/78] OpenSSL::TestEOF1#test_eof_1 = 7.59 s
[75/78] OpenSSL::TestEOF1#test_eof_0 = 5.85 s
[76/78] OpenSSL::TestEOF1#test_eof_2 = 1.49 s
[77/78] OpenSSL::TestEOF1#test_eof_0_rw = 2.46 s
[78/78] OpenSSL::TestEOF1#test_getbyte_eof = 1.47 s
Finished tests in 196.276017s, 0.3974 tests/s, 2.8939 assertions/s.
78 tests, 568 assertions, 0 failures, 0 errors, 0 skips

ruby -v: ruby 3.4.1 (2025-06-14 revision 742e381c9f) +PRISM [riscv64-freebsd]
end time: 2025-06-22T07:39:25
----------------------------------------
Running test: ../test/openssl/test_config.rb
start time: 2025-06-22T07:39:25
Run options:
  "--ruby=./miniruby -I../lib -I. -I.ext/common  ../tool/runruby.rb --extout=.ext  -- --disable-gems
"
  --excludes-dir=../test/.excludes
  --name=!/memory_leak/
  -s
  3216
  --timeout-scale
  10
  --worker-timeout=100
  -v

# Running tests:

[ 1/17] OpenSSL::TestConfig#test_s_load = 0.09 s
[ 2/17] OpenSSL::TestConfig#test_sections = 0.04 s
[ 3/17] OpenSSL::TestConfig#test_s_parse = 0.03 s
[ 4/17] OpenSSL::TestConfig#test_get_value_ENV = 0.03 s
[ 5/17] OpenSSL::TestConfig#test_dup = 0.03 s
[ 6/17] OpenSSL::TestConfig#test_inspect = 0.03 s
[ 7/17] OpenSSL::TestConfig#test_s_parse_config = 0.03 s
[ 8/17] OpenSSL::TestConfig#test_initialize_with_empty_file = 0.03 s
[ 9/17] OpenSSL::TestConfig#test_s_parse_format = 0.13 s
[10/17] OpenSSL::TestConfig#test_initialize_with_example_file = 0.02 s
[11/17] OpenSSL::TestConfig#test_initialize = 0.03 s
[12/17] OpenSSL::TestConfig#test_aref = 0.03 s
[13/17] OpenSSL::TestConfig#test_to_s = 0.02 s
[14/17] OpenSSL::TestConfig#test_s_parse_include = 0.10 s
[15/17] OpenSSL::TestConfig#test_each = 0.04 s
[16/17] OpenSSL::TestConfig#test_constants = 0.04 s
[17/17] OpenSSL::TestConfig#test_get_value = 0.03 s
Finished tests in 4.772320s, 3.5622 tests/s, 26.8213 assertions/s.
17 tests, 128 assertions, 0 failures, 0 errors, 0 skips

ruby -v: ruby 3.4.1 (2025-06-14 revision 742e381c9f) +PRISM [riscv64-freebsd]
end time: 2025-06-22T07:39:55
----------------------------------------
Running test: ../test/openssl/test_x509req.rb
start time: 2025-06-22T07:39:55
Run options:
  "--ruby=./miniruby -I../lib -I. -I.ext/common  ../tool/runruby.rb --extout=.ext  -- --disable-gems
"
  --excludes-dir=../test/.excludes
  --name=!/memory_leak/
  -s
  3216
  --timeout-scale
  10
  --worker-timeout=100
  -v

# Running tests:

[ 1/12] OpenSSL::TestX509Request#test_sign_and_verify_rsa_sha1 = 2.47 s
[ 2/12] OpenSSL::TestX509Request#test_marshal = 1.58 s
[ 3/12] OpenSSL::TestX509Request#test_public_key = 2.58 s
[ 4/12] OpenSSL::TestX509Request#test_sign_and_verify_rsa_md5 = 2.24 s
[ 5/12] OpenSSL::TestX509Request#test_attr = 2.26 s
[ 6/12] OpenSSL::TestX509Request#test_dup = 2.09 s
[ 7/12] OpenSSL::TestX509Request#test_eq = 1.31 s
[ 8/12] OpenSSL::TestX509Request#test_sign_and_verify_ed25519 = 2.23 s
[ 9/12] OpenSSL::TestX509Request#test_subject = 2.09 s
[10/12] OpenSSL::TestX509Request#test_sign_and_verify_dsa_md5 = 2.10 s
[11/12] OpenSSL::TestX509Request#test_sign_and_verify_dsa = 2.27 s
[12/12] OpenSSL::TestX509Request#test_version = 1.23 s
Finished tests in 26.922296s, 0.4457 tests/s, 3.0087 assertions/s.
12 tests, 81 assertions, 0 failures, 0 errors, 0 skips

ruby -v: ruby 3.4.1 (2025-06-14 revision 742e381c9f) +PRISM [riscv64-freebsd]
end time: 2025-06-22T07:40:47
----------------------------------------
Running test: ../test/openssl/test_provider.rb
start time: 2025-06-22T07:40:47
Run options:
  "--ruby=./miniruby -I../lib -I. -I.ext/common  ../tool/runruby.rb --extout=.ext  -- --disable-gems
"
  --excludes-dir=../test/.excludes
  --name=!/memory_leak/
  -s
  3216
  --timeout-scale
  10
  --worker-timeout=100
  -v

# Running tests:

[1/4] OpenSSL::TestProvider#test_openssl_provider_names = 16.11 s
[2/4] OpenSSL::TestProvider#test_openssl_legacy_provider = 16.67 s
[3/4] OpenSSL::TestProvider#test_openssl_provider_name_inspect = 16.01 s
[4/4] OpenSSL::TestProvider#test_unloaded_openssl_provider = 16.02 s
Finished tests in 66.761712s, 0.0599 tests/s, 0.5243 assertions/s.
4 tests, 35 assertions, 0 failures, 0 errors, 0 skips

ruby -v: ruby 3.4.1 (2025-06-14 revision 742e381c9f) +PRISM [riscv64-freebsd]
end time: 2025-06-22T07:42:18
----------------------------------------
Running test: ../test/openssl/test_cipher.rb
start time: 2025-06-22T07:42:18
Run options:
  "--ruby=./miniruby -I../lib -I. -I.ext/common  ../tool/runruby.rb --extout=.ext  -- --disable-gems
"
  --excludes-dir=../test/.excludes
  --name=!/memory_leak/
  -s
  3216
  --timeout-scale
  10
  --worker-timeout=100
  -v

# Running tests:

[ 1/22] OpenSSL::TestCipher#test_crypt_after_key = 0.08 s
[ 2/22] OpenSSL::TestCipher#test_ciphers = 0.02 s
[ 3/22] OpenSSL::TestCipher#test_pkcs5_keyivgen = 3.20 s
[ 4/22] OpenSSL::TestCipher#test_encrypt_decrypt = 0.02 s
[ 5/22] OpenSSL::TestCipher#test_update_raise_if_key_not_set = 0.01 s
[ 6/22] OpenSSL::TestCipher#test_non_aead_cipher_set_auth_data = 0.01 s
[ 7/22] OpenSSL::TestCipher#test_aes_gcm_key_iv_order_issue = 0.01 s
[ 8/22] OpenSSL::TestCipher#test_aes_gcm = 0.04 s
[ 9/22] OpenSSL::TestCipher#test_dup = 0.03 s
[10/22] OpenSSL::TestCipher#test_aes_ccm = 0.06 s
[11/22] OpenSSL::TestCipher#test_AES = 4.13 s
[12/22] OpenSSL::TestCipher#test_reset = 0.01 s
[13/22] OpenSSL::TestCipher#test_aes_keywrap_pad = 0.01 s
[14/22] OpenSSL::TestCipher#test_initialize = 0.02 s
[15/22] OpenSSL::TestCipher#test_aes_gcm_variable_iv_len = 0.02 s
[16/22] OpenSSL::TestCipher#test_info = 0.01 s
[17/22] OpenSSL::TestCipher#test_aes_ocb_tag_len = 0.03 s
[18/22] OpenSSL::TestCipher#test_random_key_iv = 0.02 s
[19/22] OpenSSL::TestCipher#test_ctr_if_exists = 0.02 s
[20/22] OpenSSL::TestCipher#test_authenticated = 0.01 s
[21/22] OpenSSL::TestCipher#test_update_with_buffer = 0.02 s
[22/22] OpenSSL::TestCipher#test_key_iv_set = 0.02 s
Finished tests in 10.412425s, 2.1129 tests/s, 14.0217 assertions/s.
22 tests, 146 assertions, 0 failures, 0 errors, 0 skips

ruby -v: ruby 3.4.1 (2025-06-14 revision 742e381c9f) +PRISM [riscv64-freebsd]
end time: 2025-06-22T07:42:54
----------------------------------------
Running test: ../test/openssl/test_pkey_dsa.rb
start time: 2025-06-22T07:42:54
Run options:
  "--ruby=./miniruby -I../lib -I. -I.ext/common  ../tool/runruby.rb --extout=.ext  -- --disable-gems
"
  --excludes-dir=../test/.excludes
  --name=!/memory_leak/
  -s
  3216
  --timeout-scale
  10
  --worker-timeout=100
  -v

# Running tests:

[ 1/12] OpenSSL::TestPKeyDSA#test_marshal = 0.76 s
[ 2/12] OpenSSL::TestPKeyDSA#test_private = 0.97 s
[ 3/12] OpenSSL::TestPKeyDSA#test_sign_verify = 1.30 s
[ 4/12] OpenSSL::TestPKeyDSA#test_DSAPrivateKey = 0.73 s
[ 5/12] OpenSSL::TestPKeyDSA#test_dup = 0.37 s
[ 6/12] OpenSSL::TestPKeyDSA#test_DSAPrivateKey_encrypted = 2.37 s
[ 7/12] OpenSSL::TestPKeyDSA#test_read_DSAPublicKey_pem = 0.02 s
[ 8/12] OpenSSL::TestPKeyDSA#test_generate = 15.35 s
[ 9/12] OpenSSL::TestPKeyDSA#test_PUBKEY = 2.03 s
[10/12] OpenSSL::TestPKeyDSA#test_new_break = 0.02 s
[11/12] OpenSSL::TestPKeyDSA#test_sign_verify_raw = 0.59 s
[12/12] OpenSSL::TestPKeyDSA#test_new = 9.71 s
Finished tests in 36.344020s, 0.3302 tests/s, 3.2192 assertions/s.
12 tests, 117 assertions, 0 failures, 0 errors, 0 skips

ruby -v: ruby 3.4.1 (2025-06-14 revision 742e381c9f) +PRISM [riscv64-freebsd]
end time: 2025-06-22T07:43:55
----------------------------------------
Running test: ../test/fiber/test_backtrace.rb
start time: 2025-06-22T07:43:55
Run options:
  "--ruby=./miniruby -I../lib -I. -I.ext/common  ../tool/runruby.rb --extout=.ext  -- --disable-gems
"
  --excludes-dir=../test/.excludes
  --name=!/memory_leak/
  -s
  3216
  --timeout-scale
  10
  --worker-timeout=100
  -v

# Running tests:

[1/3] TestFiberBacktrace#test_backtrace_locations = 0.04 s
[2/3] TestFiberBacktrace#test_backtrace = 0.02 s
[3/3] TestFiberBacktrace#test_local_backtrace = 0.04 s
Finished tests in 1.416725s, 2.1176 tests/s, 7.7644 assertions/s.
3 tests, 11 assertions, 0 failures, 0 errors, 0 skips

ruby -v: ruby 3.4.1 (2025-06-14 revision 742e381c9f) +PRISM [riscv64-freebsd]
end time: 2025-06-22T07:44:15
----------------------------------------
Running test: ../test/fiber/test_mutex.rb
start time: 2025-06-22T07:44:15
Run options:
  "--ruby=./miniruby -I../lib -I. -I.ext/common  ../tool/runruby.rb --extout=.ext  -- --disable-gems
"
  --excludes-dir=../test/.excludes
  --name=!/memory_leak/
  -s
  3216
  --timeout-scale
  10
  --worker-timeout=100
  -v

# Running tests:

[1/9] TestFiberMutex#test_mutex_fiber_raise = 0.12 s
[2/9] TestFiberMutex#test_mutex_interleaved_locking = 0.30 s
[3/9] TestFiberMutex#test_queue = 0.38 s
[4/9] TestFiberMutex#test_mutex_fiber_deadlock_no_scheduler = 0.03 s
[5/9] TestFiberMutex#test_mutex_thread = 0.25 s
[6/9] TestFiberMutex#test_queue_pop_waits = 0.15 s
[7/9] TestFiberMutex#test_mutex_deadlock = 5.00 s
[8/9] TestFiberMutex#test_mutex_synchronize = 0.03 s
[9/9] TestFiberMutex#test_condition_variable = 0.41 s
Finished tests in 8.258417s, 1.0898 tests/s, 3.9959 assertions/s.
9 tests, 33 assertions, 0 failures, 0 errors, 0 skips

ruby -v: ruby 3.4.1 (2025-06-14 revision 742e381c9f) +PRISM [riscv64-freebsd]
end time: 2025-06-22T07:44:44
----------------------------------------
Running test: ../test/fiber/test_sleep.rb
start time: 2025-06-22T07:44:44
Run options:
  "--ruby=./miniruby -I../lib -I. -I.ext/common  ../tool/runruby.rb --extout=.ext  -- --disable-gems
"
  --excludes-dir=../test/.excludes
  --name=!/memory_leak/
  -s
  3216
  --timeout-scale
  10
  --worker-timeout=100
  -v

# Running tests:

[1/3] TestFiberSleep#test_sleep = 0.13 s
[2/3] TestFiberSleep#test_broken_sleep = 0.04 s
[3/3] TestFiberSleep#test_sleep_returns_seconds_slept = 2.14 s
Finished tests in 4.272644s, 0.7021 tests/s, 3.5107 assertions/s.
3 tests, 15 assertions, 0 failures, 0 errors, 0 skips

ruby -v: ruby 3.4.1 (2025-06-14 revision 742e381c9f) +PRISM [riscv64-freebsd]
end time: 2025-06-22T07:45:08
----------------------------------------
Running test: ../test/fiber/test_process.rb
start time: 2025-06-22T07:45:08
Run options:
  "--ruby=./miniruby -I../lib -I. -I.ext/common  ../tool/runruby.rb --extout=.ext  -- --disable-gems
"
  --excludes-dir=../test/.excludes
  --name=!/memory_leak/
  -s
  3216
  --timeout-scale
  10
  --worker-timeout=100
  -v

# Running tests:

[1/4] TestFiberProcess#test_fork = 0.77 s
[2/4] TestFiberProcess#test_system = 0.26 s
[3/4] TestFiberProcess#test_process_wait = 0.25 s
[4/4] TestFiberProcess#test_system_faulty_process_wait = 0.26 s
Finished tests in 3.572173s, 1.1198 tests/s, 3.3593 assertions/s.
4 tests, 12 assertions, 0 failures, 0 errors, 0 skips

ruby -v: ruby 3.4.1 (2025-06-14 revision 742e381c9f) +PRISM [riscv64-freebsd]
end time: 2025-06-22T07:45:31
----------------------------------------
Running test: ../test/fiber/http.rb
start time: 2025-06-22T07:45:31
Measuring 1 topic(s) {blocking: false}...
#<Thread:0x000000000000000000000000773800f0 /root/ruby-3.4.1/test/fiber/http.rb:33 run> terminated w
ith exception (report_on_exception is true):
/root/ruby-3.4.1/test/fiber/scheduler.rb:271:in 'Fiber#transfer': attempt to transfer to a resuming
fiber (FiberError)
        from /root/ruby-3.4.1/test/fiber/scheduler.rb:271:in 'Scheduler#block'
        from /root/ruby-3.4.1/test/fiber/scheduler.rb:316:in 'Thread#join'
        from /root/ruby-3.4.1/test/fiber/scheduler.rb:316:in 'Scheduler#blocking_operation_wait'
        from /root/ruby-3.4.1/lib/net/http.rb:1055:in 'Kernel#require'
        from /root/ruby-3.4.1/lib/net/http.rb:1055:in 'Net::HTTP.start'
        from /root/ruby-3.4.1/lib/net/http.rb:824:in 'Net::HTTP.get_response'
        from /root/ruby-3.4.1/lib/net/http.rb:805:in 'Net::HTTP.get'
        from /root/ruby-3.4.1/test/fiber/http.rb:18:in 'block (2 levels) in Object#fetch_topics'
/root/ruby-3.4.1/test/fiber/scheduler.rb:271:in 'Fiber#transfer': attempt to transfer to a resuming
fiber (FiberError)
        from /root/ruby-3.4.1/test/fiber/scheduler.rb:271:in 'Scheduler#block'
        from /root/ruby-3.4.1/test/fiber/scheduler.rb:316:in 'Thread#join'
        from /root/ruby-3.4.1/test/fiber/scheduler.rb:316:in 'Scheduler#blocking_operation_wait'
        from /root/ruby-3.4.1/lib/net/http.rb:1055:in 'Kernel#require'
        from /root/ruby-3.4.1/lib/net/http.rb:1055:in 'Net::HTTP.start'
        from /root/ruby-3.4.1/lib/net/http.rb:824:in 'Net::HTTP.get_response'
        from /root/ruby-3.4.1/lib/net/http.rb:805:in 'Net::HTTP.get'
        from /root/ruby-3.4.1/test/fiber/http.rb:18:in 'block (2 levels) in Object#fetch_topics'
end time: 2025-06-22T07:46:02
----------------------------------------
Running test: ../test/fiber/test_io_buffer.rb
start time: 2025-06-22T07:46:02
Run options:
  "--ruby=./miniruby -I../lib -I. -I.ext/common  ../tool/runruby.rb --extout=.ext  -- --disable-gems
"
  --excludes-dir=../test/.excludes
  --name=!/memory_leak/
  -s
  3216
  --timeout-scale
  10
  --worker-timeout=100
  -v

# Running tests:

[1/6] TestFiberIOBuffer#test_write_nonblock = 0.12 s
[2/6] TestFiberIOBuffer#test_timeout_after = 0.20 s
[3/6] TestFiberIOBuffer#test_io_buffer_pread_pwrite = 0.08 s
[4/6] TestFiberIOBuffer#test_read_write_blocking = 0.90 s
[5/6] TestFiberIOBuffer#test_io_buffer_read_write = 0.03 s
[6/6] TestFiberIOBuffer#test_read_nonblock = 0.05 s
Finished tests in 2.929541s, 2.0481 tests/s, 7.8511 assertions/s.
6 tests, 23 assertions, 0 failures, 0 errors, 0 skips

ruby -v: ruby 3.4.1 (2025-06-14 revision 742e381c9f) +PRISM [riscv64-freebsd]
end time: 2025-06-22T07:46:25
----------------------------------------
Running test: ../test/fiber/test_timeout.rb
start time: 2025-06-22T07:46:25
Run options:
  "--ruby=./miniruby -I../lib -I. -I.ext/common  ../tool/runruby.rb --extout=.ext  -- --disable-gems
"
  --excludes-dir=../test/.excludes
  --name=!/memory_leak/
  -s
  3216
  --timeout-scale
  10
  --worker-timeout=100
  -v

# Running tests:

[1/2] TestFiberTimeout#test_timeout_after = 0.09 s
[2/2] TestFiberTimeout#test_timeout_on_main_fiber = 0.06 s
Finished tests in 2.067238s, 0.9675 tests/s, 3.3862 assertions/s.
2 tests, 7 assertions, 0 failures, 0 errors, 0 skips

ruby -v: ruby 3.4.1 (2025-06-14 revision 742e381c9f) +PRISM [riscv64-freebsd]
end time: 2025-06-22T07:46:47
----------------------------------------
Running test: ../test/fiber/test_queue.rb
start time: 2025-06-22T07:46:47
Run options:
  "--ruby=./miniruby -I../lib -I. -I.ext/common  ../tool/runruby.rb --extout=.ext  -- --disable-gems
"
  --excludes-dir=../test/.excludes
  --name=!/memory_leak/
  -s
  3216
  --timeout-scale
  10
  --worker-timeout=100
  -v

# Running tests:

[1/2] TestFiberQueue#test_pop_with_timeout = 0.08 s
[2/2] TestFiberQueue#test_pop_with_timeout_and_value = 0.03 s
Finished tests in 2.038206s, 0.9813 tests/s, 3.9250 assertions/s.
2 tests, 8 assertions, 0 failures, 0 errors, 0 skips

ruby -v: ruby 3.4.1 (2025-06-14 revision 742e381c9f) +PRISM [riscv64-freebsd]
end time: 2025-06-22T07:47:08
----------------------------------------
Running test: ../test/fiber/test_storage.rb
start time: 2025-06-22T07:47:08
Run options:
  "--ruby=./miniruby -I../lib -I. -I.ext/common  ../tool/runruby.rb --extout=.ext  -- --disable-gems
"
  --excludes-dir=../test/.excludes
  --name=!/memory_leak/
  -s
  3216
  --timeout-scale
  10
  --worker-timeout=100
  -v

# Running tests:

[ 1/10] TestFiberStorage#test_storage_assignment = 0.04 s
[ 2/10] TestFiberStorage#test_storage = 0.02 s
[ 3/10] TestFiberStorage#test_thread_inherited_storage = 0.03 s
[ 4/10] TestFiberStorage#test_storage_assignment_type_error = 0.02 s
[ 5/10] TestFiberStorage#test_enumerator_inherited_storage = 0.02 s
[ 6/10] TestFiberStorage#test_storage_inherited = 0.01 s
[ 7/10] TestFiberStorage#test_variable_assignment = 0.01 s
[ 8/10] TestFiberStorage#test_enumerator_count = 0.01 s
[ 9/10] TestFiberStorage#test_storage_only_allow_access_from_same_fiber = 0.01 s
[10/10] TestFiberStorage#test_inherited_storage = 0.01 s
Finished tests in 1.725894s, 5.7941 tests/s, 20.8588 assertions/s.
10 tests, 36 assertions, 0 failures, 0 errors, 0 skips

ruby -v: ruby 3.4.1 (2025-06-14 revision 742e381c9f) +PRISM [riscv64-freebsd]
end time: 2025-06-22T07:47:28
----------------------------------------
Running test: ../test/fiber/test_enumerator.rb
start time: 2025-06-22T07:47:29
Run options:
  "--ruby=./miniruby -I../lib -I. -I.ext/common  ../tool/runruby.rb --extout=.ext  -- --disable-gems
"
  --excludes-dir=../test/.excludes
  --name=!/memory_leak/
  -s
  3216
  --timeout-scale
  10
  --worker-timeout=100
  -v

# Running tests:

[1/1] TestFiberEnumerator#test_read_characters = 0.14 s
Finished tests in 2.036805s, 0.4910 tests/s, 2.4548 assertions/s.
1 tests, 5 assertions, 0 failures, 0 errors, 0 skips

ruby -v: ruby 3.4.1 (2025-06-14 revision 742e381c9f) +PRISM [riscv64-freebsd]
end time: 2025-06-22T07:47:50
----------------------------------------
Running test: ../test/fiber/test_thread.rb
start time: 2025-06-22T07:47:50
Run options:
  "--ruby=./miniruby -I../lib -I. -I.ext/common  ../tool/runruby.rb --extout=.ext  -- --disable-gems
"
  --excludes-dir=../test/.excludes
  --name=!/memory_leak/
  -s
  3216
  --timeout-scale
  10
  --worker-timeout=100
  -v

# Running tests:

[1/6] TestFiberThread#test_thread_join = 0.11 s
[2/6] TestFiberThread#test_thread_join_hang = 0.07 s
[3/6] TestFiberThread#test_thread_join_timeout = 0.18 s
[4/6] TestFiberThread#test_thread_join_blocking = 0.35 s
[5/6] TestFiberThread#test_thread_join_implicit = 0.15 s
[6/6] TestFiberThread#test_broken_unblock = 0.05 s
Finished tests in 2.387784s, 2.5128 tests/s, 7.5384 assertions/s.
6 tests, 18 assertions, 0 failures, 0 errors, 0 skips

ruby -v: ruby 3.4.1 (2025-06-14 revision 742e381c9f) +PRISM [riscv64-freebsd]
end time: 2025-06-22T07:48:13
----------------------------------------
Running test: ../test/fiber/test_io.rb
start time: 2025-06-22T07:48:13
Run options:
  "--ruby=./miniruby -I../lib -I. -I.ext/common  ../tool/runruby.rb --extout=.ext  -- --disable-gems
"
  --excludes-dir=../test/.excludes
  --name=!/memory_leak/
  -s
  3216
  --timeout-scale
  10
  --worker-timeout=100
  -v

# Running tests:

[ 1/10] TestFiberIO#test_io_select = 0.12 s
[ 2/10] TestFiberIO#test_tcp_connect = 0.13 s
[ 3/10] TestFiberIO#test_tcp_accept = 0.08 s
[ 4/10] TestFiberIO#test_read = 0.91 s
[ 5/10] TestFiberIO#test_close_while_reading_on_thread = 0.07 s
[ 6/10] TestFiberIO#test_epipe_on_read = 0.04 s
[ 7/10] TestFiberIO#test_backquote = 9.96 s
[ 8/10] TestFiberIO#test_read_write_blocking = 0.09 s
[ 9/10] TestFiberIO#test_puts_empty = 0.08 s
[10/10] TestFiberIO#test_heavy_read = 2.57 s
Finished tests in 15.832237s, 0.6316 tests/s, 2.2107 assertions/s.
10 tests, 35 assertions, 0 failures, 0 errors, 0 skips

ruby -v: ruby 3.4.1 (2025-06-14 revision 742e381c9f) +PRISM [riscv64-freebsd]
end time: 2025-06-22T07:48:49
----------------------------------------
Running test: ../test/fiber/scheduler.rb
start time: 2025-06-22T07:48:49
Run options:
  "--ruby=./miniruby -I../lib -I. -I.ext/common  ../tool/runruby.rb --extout=.ext  -- --disable-gems
"
  --excludes-dir=../test/.excludes
  --name=!/memory_leak/
  -s
  3216
  --timeout-scale
  10
  --worker-timeout=100
  -v

# Running tests:

Finished tests in 1.739554s, 0.0000 tests/s, 0.0000 assertions/s.
0 tests, 0 assertions, 0 failures, 0 errors, 0 skips

ruby -v: ruby 3.4.1 (2025-06-14 revision 742e381c9f) +PRISM [riscv64-freebsd]
end time: 2025-06-22T07:49:10
----------------------------------------
Running test: ../test/fiber/test_scheduler.rb
start time: 2025-06-22T07:49:10
Run options:
  "--ruby=./miniruby -I../lib -I. -I.ext/common  ../tool/runruby.rb --extout=.ext  -- --disable-gems
"
  --excludes-dir=../test/.excludes
  --name=!/memory_leak/
  -s
  3216
  --timeout-scale
  10
  --worker-timeout=100
  -v

# Running tests:

[ 1/12] TestFiberScheduler#test_fiber_new = 0.03 s
[ 2/12] TestFiberScheduler#test_current_scheduler = 0.05 s
[ 3/12] TestFiberScheduler#test_closed_at_thread_exit = 0.03 s
[ 4/12] TestFiberScheduler#test_deadlock = 0.76 s
[ 5/12] TestFiberScheduler#test_fiber_new_with_options = 0.01 s
[ 6/12] TestFiberScheduler#test_closed_when_set_to_nil = 0.03 s
[ 7/12] TestFiberScheduler#test_close_at_exit = 3.98 s
[ 8/12] TestFiberScheduler#test_minimal_interface = 0.99 s
[ 9/12] TestFiberScheduler#test_condition_variable = 0.04 s
[10/12] TestFiberScheduler#test_autoload = 2.78 s
[11/12] TestFiberScheduler#test_fiber_without_scheduler = 0.01 s
[12/12] TestFiberScheduler#test_fiber_blocking = 0.01 s
Finished tests in 10.457925s, 1.1475 tests/s, 4.1117 assertions/s.
12 tests, 43 assertions, 0 failures, 0 errors, 0 skips

ruby -v: ruby 3.4.1 (2025-06-14 revision 742e381c9f) +PRISM [riscv64-freebsd]
end time: 2025-06-22T07:49:41
----------------------------------------
Running test: ../test/fiber/autoload.rb
start time: 2025-06-22T07:49:41
Run options:
  "--ruby=./miniruby -I../lib -I. -I.ext/common  ../tool/runruby.rb --extout=.ext  -- --disable-gems
"
  --excludes-dir=../test/.excludes
  --name=!/memory_leak/
  -s
  3216
  --timeout-scale
  10
  --worker-timeout=100
  -v

# Running tests:

Finished tests in 1.018490s, 0.0000 tests/s, 0.0000 assertions/s.
0 tests, 0 assertions, 0 failures, 0 errors, 0 skips

ruby -v: ruby 3.4.1 (2025-06-14 revision 742e381c9f) +PRISM [riscv64-freebsd]
end time: 2025-06-22T07:50:01
----------------------------------------
Running test: ../test/fiber/test_address_resolve.rb
start time: 2025-06-22T07:50:01
Run options:
  "--ruby=./miniruby -I../lib -I. -I.ext/common  ../tool/runruby.rb --extout=.ext  -- --disable-gems
"
  --excludes-dir=../test/.excludes
  --name=!/memory_leak/
  -s
  3216
  --timeout-scale
  10
  --worker-timeout=100
  -v

# Running tests:

[ 1/14] TestAddressResolve#test_socket_getnameinfo_domain_blocking = 0.10 s
[ 2/14] TestAddressResolve#test_addrinfo_getaddrinfo_no_host_non_blocking = 0.07 s
[ 3/14] TestAddressResolve#test_addrinfo_tcp_domain_blocking = 0.03 s
[ 4/14] TestAddressResolve#test_addrinfo_getaddrinfo_pf_unspec_domain_blocking = 0.05 s
[ 5/14] TestAddressResolve#test_addrinfo_udp_domain_blocking = 0.03 s
[ 6/14] TestAddressResolve#test_addrinfo_getaddrinfo_non_existing_domain_blocking = 0.03 s
[ 7/14] TestAddressResolve#test_addrinfo_getaddrinfo_localhost = 0.03 s
[ 8/14] TestAddressResolve#test_ip_socket_getaddress_domain_blocking = 0.87 s
[ 9/14] TestAddressResolve#test_addrinfo_getaddrinfo_numeric_non_blocking = 0.03 s
[10/14] TestAddressResolve#test_addrinfo_getaddrinfo_ipv6_domain_blocking = 0.03 s
[11/14] TestAddressResolve#test_addrinfo_getaddrinfo_ipv4_domain_blocking = 0.03 s
[12/14] TestAddressResolve#test_addrinfo_getaddrinfo_any_non_blocking = 0.03 s
[13/14] TestAddressResolve#test_addrinfo_ip_domain_blocking = 0.03 s
[14/14] TestAddressResolve#test_addrinfo_getaddrinfo_full_domain_blocking = 0.06 s
Finished tests in 3.277708s, 4.2713 tests/s, 30.8142 assertions/s.
14 tests, 101 assertions, 0 failures, 0 errors, 0 skips

ruby -v: ruby 3.4.1 (2025-06-14 revision 742e381c9f) +PRISM [riscv64-freebsd]
end time: 2025-06-22T07:50:25
----------------------------------------
Running test: ../test/fiber/test_ractor.rb
start time: 2025-06-22T07:50:25
Run options:
  "--ruby=./miniruby -I../lib -I. -I.ext/common  ../tool/runruby.rb --extout=.ext  -- --disable-gems
"
  --excludes-dir=../test/.excludes
  --name=!/memory_leak/
  -s
  3216
  --timeout-scale
  10
  --worker-timeout=100
  -v

# Running tests:

[1/1] TestFiberCurrentRactor#test_ractor_shareable = 11.89 s
Finished tests in 13.092332s, 0.0764 tests/s, 0.4583 assertions/s.
1 tests, 6 assertions, 0 failures, 0 errors, 0 skips

ruby -v: ruby 3.4.1 (2025-06-14 revision 742e381c9f) +PRISM [riscv64-freebsd]
end time: 2025-06-22T07:50:56
----------------------------------------
Running test: ../test/test_pstore.rb
start time: 2025-06-22T07:50:56
Run options:
  "--ruby=./miniruby -I../lib -I. -I.ext/common  ../tool/runruby.rb --extout=.ext  -- --disable-gems
"
  --excludes-dir=../test/.excludes
  --name=!/memory_leak/
  -s
  3216
  --timeout-scale
  10
  --worker-timeout=100
  -v

# Running tests:

[ 1/12] PStoreTest#test_data_should_be_loaded_correctly_when_in_readwrite_mode = 0.07 s
[ 2/12] PStoreTest#test_data_should_be_loaded_correctly_when_in_readonly_mode = 0.03 s
[ 3/12] PStoreTest#test_changes_are_not_written_on_abort = 0.02 s
[ 4/12] PStoreTest#test_key_p = 0.04 s
[ 5/12] PStoreTest#test_nested_transaction_raises_error = 0.04 s
[ 6/12] PStoreTest#test_opening_new_file_in_readwrite_mode_should_result_in_empty_values = 0.02 s
[ 7/12] PStoreTest#test_thread_safe = 0.09 s
[ 8/12] PStoreTest#test_keys = 0.05 s
[ 9/12] PStoreTest#test_opening_new_file_in_readonly_mode_should_result_in_empty_values = 0.02 s
[10/12] PStoreTest#test_changes_after_commit_are_discarded = 0.02 s
[11/12] PStoreTest#test_pstore_files_are_accessed_as_binary_files = 11.40 s
[12/12] PStoreTest#test_writing_inside_readonly_transaction_raises_error = 0.02 s
Finished tests in 13.525205s, 0.8872 tests/s, 3.6229 assertions/s.
12 tests, 49 assertions, 0 failures, 0 errors, 0 skips

ruby -v: ruby 3.4.1 (2025-06-14 revision 742e381c9f) +PRISM [riscv64-freebsd]
end time: 2025-06-22T07:51:29
----------------------------------------
Running test: ../test/test_open3.rb
start time: 2025-06-22T07:51:29
Run options:
  "--ruby=./miniruby -I../lib -I. -I.ext/common  ../tool/runruby.rb --extout=.ext  -- --disable-gems
"
  --excludes-dir=../test/.excludes
  --name=!/memory_leak/
  -s
  3216
  --timeout-scale
  10
  --worker-timeout=100
  -v

# Running tests:

[ 1/31] TestOpen3#test_capture2e = 9.79 s
[ 2/31] TestOpen3#test_popen2e = 9.71 s
[ 3/31] TestOpen3#test_capture2_stdin_data = 9.78 s
[ 4/31] TestOpen3#test_pipeline_rw = 19.39 s
[ 5/31] TestOpen3#test_popen2e_noblock = 10.68 s
[ 6/31] TestOpen3#test_capture3_stdin_data_io = 9.78 s
[ 7/31] TestOpen3#test_stderr = 9.70 s
[ 8/31] TestOpen3#test_pipeline_w = 58.85 s
[ 9/31] TestOpen3#test_popen2 = 9.70 s
[10/31] TestOpen3#test_env = 9.67 s
[11/31] TestOpen3#test_capture2 = 9.79 s
[12/31] TestOpen3#test_numeric_file_descriptor3 = 9.73 s
[13/31] TestOpen3#test_pipeline_start_noblock = 9.72 s
[14/31] TestOpen3#test_commandline = 0.25 s
[15/31] TestOpen3#test_pipeline_start = 68.47 s
[16/31] TestOpen3#test_capture2e_stdin_data_io = 10.43 s
[17/31] TestOpen3#test_numeric_file_descriptor2 = 9.69 s
[18/31] TestOpen3#test_capture3_stdin_data = 9.78 s
[19/31] TestOpen3#test_pipeline = 68.39 s
[20/31] TestOpen3#test_exit_status = 19.35 s
[21/31] TestOpen3#test_capture2_stdin_data_io = 9.73 s
[22/31] TestOpen3#test_block = 10.33 s
[23/31] TestOpen3#test_capture3 = 9.71 s
[24/31] TestOpen3#test_capture3_flip = 13.85 s
[25/31] TestOpen3#test_pid = 9.67 s
[26/31] TestOpen3#test_capture2e_stdin_data = 9.73 s
[27/31] TestOpen3#test_pipeline_r = 19.30 s
[28/31] TestOpen3#test_integer_and_symbol_key = 9.69 s
[29/31] TestOpen3#test_stdin = 19.38 s
[30/31] TestOpen3#test_noblock = 9.74 s
[31/31] TestOpen3#test_stdout = 9.72 s
Finished tests in 506.536868s, 0.0612 tests/s, 0.3514 assertions/s.
31 tests, 178 assertions, 0 failures, 0 errors, 0 skips

ruby -v: ruby 3.4.1 (2025-06-14 revision 742e381c9f) +PRISM [riscv64-freebsd]
end time: 2025-06-22T08:00:14
----------------------------------------
Running test: ../test/test_tempfile.rb
start time: 2025-06-22T08:00:14
Run options:
  "--ruby=./miniruby -I../lib -I. -I.ext/common  ../tool/runruby.rb --extout=.ext  -- --disable-gems
"
  --excludes-dir=../test/.excludes
  --name=!/memory_leak/
  -s
  3216
  --timeout-scale
  10
  --worker-timeout=100
  -v

# Running tests:

[ 1/45] TestTempfile#test_basic = 0.06 s
[ 2/45] TestTempfile#test_finalizer_removes_file = 6.18 s
[ 3/45] TestTempfile#test_close_bang_does_not_unlink_if_already_unlinked = 0.03 s
[ 4/45] TestTempfile#test_create_anonymous_without_block = 0.03 s
[ 5/45] TestTempfile#test_default_basename = 0.02 s
[ 6/45] TestTempfile#test_create_anonymous_path = 0.04 s
[ 7/45] TestTempfile#test_close_with_unlink_now_true_works = 0.02 s
[ 8/45] TestTempfile#test_create_with_block = 0.04 s
[ 9/45] TestTempfile#test_close_with_unlink_now_true_does_not_unlink_if_already_unlinked = 0.02 s
[10/45] TestTempfile#test_create_without_block = 0.02 s
[11/45] TestTempfile#test_extend = 0.02 s
[12/45] TestTempfile#test_create_anonymous_removes_file = 0.03 s
[13/45] TestTempfile#test_create_anonymous_with_block = 0.02 s
[14/45] TestTempfile#test_dup = 0.02 s
[15/45] TestTempfile#test_finalizer_removes_file_when_dup = 6.16 s
[16/45] TestTempfile#test_saves_in_given_directory = 0.03 s
[17/45] TestTempfile#test_size_flushes_buffer_before_determining_file_size = 0.03 s
[18/45] TestTempfile#test_concurrency = 2.61 s
[19/45] TestTempfile#test_tempfile_encoding_ascii8bit = 0.02 s
[20/45] TestTempfile#test_create_default_basename = 0.02 s
[21/45] TestTempfile#test_new_traversal_dir = 0.03 s
[22/45] TestTempfile#test_unlink_silently_fails_on_windows = 0.02 s
[23/45] TestTempfile#test_tempfile_encoding_ascii8bit2 = 0.03 s
[24/45] TestTempfile#test_unlink = 0.02 s
[25/45] TestTempfile#test_create_traversal_dir = 0.03 s
[26/45] TestTempfile#test_close_flushes_buffer = 0.02 s
[27/45] TestTempfile#test_finalizer_removes_file_when_clone = 6.19 s
[28/45] TestTempfile#test_open = 0.04 s
[29/45] TestTempfile#test_close_and_close_p = 0.02 s
[30/45] TestTempfile#test_finalizer_does_not_unlink_if_already_unlinked = 12.34 s
[31/45] TestTempfile#test_unlink_before_close_works_on_posix_systems = 0.03 s
[32/45] TestTempfile#test_tempfile_finalizer_does_not_run_if_unlinked = 6.18 s
[33/45] TestTempfile#test_binmode = 0.03 s
[34/45] TestTempfile#test_close_bang_works = 0.03 s
[35/45] TestTempfile#test_create_anonymous_autoclose = 0.02 s
[36/45] TestTempfile#test_tempfile_is_unlinked_when_ruby_exits = 6.18 s
[37/45] TestTempfile#test_close_does_not_make_path_nil = 0.03 s
[38/45] TestTempfile#test_leakchecker = 0.01 s
[39/45] TestTempfile#test_basename_with_suffix = 0.03 s
[40/45] TestTempfile#test_size_on_empty_file = 0.02 s
[41/45] TestTempfile#test_size_works_if_file_is_closed = 0.02 s
[42/45] TestTempfile#test_tempfile_encoding_nooption = 0.02 s
[43/45] TestTempfile#test_clone = 0.02 s
[44/45] TestTempfile#test_basename = 0.02 s
[45/45] TestTempfile#test_open_traversal_dir = 0.03 s
Finished tests in 54.255227s, 0.8294 tests/s, 2.6541 assertions/s.
45 tests, 144 assertions, 0 failures, 0 errors, 0 skips

ruby -v: ruby 3.4.1 (2025-06-14 revision 742e381c9f) +PRISM [riscv64-freebsd]
end time: 2025-06-22T08:01:27
----------------------------------------
Running test: ../test/test_ipaddr.rb
start time: 2025-06-22T08:01:27
Run options:
  "--ruby=./miniruby -I../lib -I. -I.ext/common  ../tool/runruby.rb --extout=.ext  -- --disable-gems
"
  --excludes-dir=../test/.excludes
  --name=!/memory_leak/
  -s
  3216
  --timeout-scale
  10
  --worker-timeout=100
  -v

# Running tests:

[ 1/30] TC_IPAddr#test_reverse = 0.06 s
[ 2/30] TC_IPAddr#test_s_new_ntoh = 0.06 s
[ 3/30] TC_IPAddr#test_to_range = 0.07 s
[ 4/30] TC_IPAddr#test_as_json = 0.06 s
[ 5/30] TC_IPAddr#test_ip6_int = 0.03 s
[ 6/30] TC_IPAddr#test_zone_id = 0.03 s
[ 7/30] TC_IPAddr#test_netmask = 0.02 s
[ 8/30] TC_IPAddr#test_ntop = 0.04 s
[ 9/30] TC_IPAddr#test_to_s = 0.03 s
[10/30] TC_IPAddr#test_s_new = 2.37 s
[11/30] TC_IPAddr#test_wildcard_mask = 0.05 s
[12/30] TC_IPAddr#test_ipv4_mapped = 0.05 s
[13/30] TC_IPAddr#test_ip6_arpa = 0.03 s
[14/30] TC_IPAddr#test_to_json = 0.06 s
[15/30] TC_IPAddr#test_prefix_writer = 0.08 s
[16/30] TC_IPAddr#test_ipv4_compat = 0.06 s
[17/30] TC_Operator#test_loopback? = 0.09 s
[18/30] TC_Operator#test_compare = 0.04 s
[19/30] TC_Operator#test_shift_left = 0.05 s
[20/30] TC_Operator#test_hash = 0.76 s
[21/30] TC_Operator#test_link_local? = 0.10 s
[22/30] TC_Operator#test_native_coerce_mask_addr = 0.05 s
[23/30] TC_Operator#test_or = 0.06 s
[24/30] TC_Operator#test_private? = 0.24 s
[25/30] TC_Operator#test_and = 0.05 s
[26/30] TC_Operator#test_equal = 0.06 s
[27/30] TC_Operator#test_carrot = 0.04 s
[28/30] TC_Operator#test_shift_right = 0.05 s
[29/30] TC_Operator#test_mask = 0.14 s
[30/30] TC_Operator#test_include? = 0.06 s
Finished tests in 7.384924s, 4.0623 tests/s, 70.6845 assertions/s.
30 tests, 522 assertions, 0 failures, 0 errors, 0 skips

ruby -v: ruby 3.4.1 (2025-06-14 revision 742e381c9f) +PRISM [riscv64-freebsd]
end time: 2025-06-22T08:01:55
----------------------------------------
Running test: ../test/dtrace/test_hash_create.rb
start time: 2025-06-22T08:01:55
Run options:
  "--ruby=./miniruby -I../lib -I. -I.ext/common  ../tool/runruby.rb --extout=.ext  -- --disable-gems
"
  --excludes-dir=../test/.excludes
  --name=!/memory_leak/
  -s
  3216
  --timeout-scale
  10
  --worker-timeout=100
  -v

# Running tests:

Finished tests in 0.994284s, 0.0000 tests/s, 0.0000 assertions/s.
0 tests, 0 assertions, 0 failures, 0 errors, 0 skips

ruby -v: ruby 3.4.1 (2025-06-14 revision 742e381c9f) +PRISM [riscv64-freebsd]
end time: 2025-06-22T08:02:15
----------------------------------------
Running test: ../test/dtrace/test_function_entry.rb
start time: 2025-06-22T08:02:15
Run options:
  "--ruby=./miniruby -I../lib -I. -I.ext/common  ../tool/runruby.rb --extout=.ext  -- --disable-gems
"
  --excludes-dir=../test/.excludes
  --name=!/memory_leak/
  -s
  3216
  --timeout-scale
  10
  --worker-timeout=100
  -v

# Running tests:

Finished tests in 0.995621s, 0.0000 tests/s, 0.0000 assertions/s.
0 tests, 0 assertions, 0 failures, 0 errors, 0 skips

ruby -v: ruby 3.4.1 (2025-06-14 revision 742e381c9f) +PRISM [riscv64-freebsd]
end time: 2025-06-22T08:02:35
----------------------------------------
Running test: ../test/dtrace/test_cmethod.rb
start time: 2025-06-22T08:02:35
Run options:
  "--ruby=./miniruby -I../lib -I. -I.ext/common  ../tool/runruby.rb --extout=.ext  -- --disable-gems
"
  --excludes-dir=../test/.excludes
  --name=!/memory_leak/
  -s
  3216
  --timeout-scale
  10
  --worker-timeout=100
  -v

# Running tests:

Finished tests in 0.999340s, 0.0000 tests/s, 0.0000 assertions/s.
0 tests, 0 assertions, 0 failures, 0 errors, 0 skips

ruby -v: ruby 3.4.1 (2025-06-14 revision 742e381c9f) +PRISM [riscv64-freebsd]
end time: 2025-06-22T08:02:54
----------------------------------------
Running test: ../test/dtrace/test_raise.rb
start time: 2025-06-22T08:02:54
Run options:
  "--ruby=./miniruby -I../lib -I. -I.ext/common  ../tool/runruby.rb --extout=.ext  -- --disable-gems
"
  --excludes-dir=../test/.excludes
  --name=!/memory_leak/
  -s
  3216
  --timeout-scale
  10
  --worker-timeout=100
  -v

# Running tests:

Finished tests in 0.997560s, 0.0000 tests/s, 0.0000 assertions/s.
0 tests, 0 assertions, 0 failures, 0 errors, 0 skips

ruby -v: ruby 3.4.1 (2025-06-14 revision 742e381c9f) +PRISM [riscv64-freebsd]
end time: 2025-06-22T08:03:14
----------------------------------------
Running test: ../test/dtrace/helper.rb
start time: 2025-06-22T08:03:14
Run options:
  "--ruby=./miniruby -I../lib -I. -I.ext/common  ../tool/runruby.rb --extout=.ext  -- --disable-gems
"
  --excludes-dir=../test/.excludes
  --name=!/memory_leak/
  -s
  3216
  --timeout-scale
  10
  --worker-timeout=100
  -v

# Running tests:

Finished tests in 0.991828s, 0.0000 tests/s, 0.0000 assertions/s.
0 tests, 0 assertions, 0 failures, 0 errors, 0 skips

ruby -v: ruby 3.4.1 (2025-06-14 revision 742e381c9f) +PRISM [riscv64-freebsd]
end time: 2025-06-22T08:03:34
----------------------------------------
Running test: ../test/dtrace/test_singleton_function.rb
start time: 2025-06-22T08:03:34
Run options:
  "--ruby=./miniruby -I../lib -I. -I.ext/common  ../tool/runruby.rb --extout=.ext  -- --disable-gems
"
  --excludes-dir=../test/.excludes
  --name=!/memory_leak/
  -s
  3216
  --timeout-scale
  10
  --worker-timeout=100
  -v

# Running tests:

Finished tests in 1.011265s, 0.0000 tests/s, 0.0000 assertions/s.
0 tests, 0 assertions, 0 failures, 0 errors, 0 skips

ruby -v: ruby 3.4.1 (2025-06-14 revision 742e381c9f) +PRISM [riscv64-freebsd]
end time: 2025-06-22T08:03:53
----------------------------------------
Running test: ../test/dtrace/dummy.rb
start time: 2025-06-22T08:03:54
Run options:
  "--ruby=./miniruby -I../lib -I. -I.ext/common  ../tool/runruby.rb --extout=.ext  -- --disable-gems
"
  --excludes-dir=../test/.excludes
  --name=!/memory_leak/
  -s
  3216
  --timeout-scale
  10
  --worker-timeout=100
  -v

# Running tests:

Finished tests in 1.017466s, 0.0000 tests/s, 0.0000 assertions/s.
0 tests, 0 assertions, 0 failures, 0 errors, 0 skips

ruby -v: ruby 3.4.1 (2025-06-14 revision 742e381c9f) +PRISM [riscv64-freebsd]
end time: 2025-06-22T08:04:13
----------------------------------------
Running test: ../test/dtrace/test_object_create_start.rb
start time: 2025-06-22T08:04:13
Run options:
  "--ruby=./miniruby -I../lib -I. -I.ext/common  ../tool/runruby.rb --extout=.ext  -- --disable-gems
"
  --excludes-dir=../test/.excludes
  --name=!/memory_leak/
  -s
  3216
  --timeout-scale
  10
  --worker-timeout=100
  -v

# Running tests:

Finished tests in 0.998241s, 0.0000 tests/s, 0.0000 assertions/s.
0 tests, 0 assertions, 0 failures, 0 errors, 0 skips

ruby -v: ruby 3.4.1 (2025-06-14 revision 742e381c9f) +PRISM [riscv64-freebsd]
end time: 2025-06-22T08:04:33
----------------------------------------
Running test: ../test/dtrace/test_gc.rb
start time: 2025-06-22T08:04:33
Run options:
  "--ruby=./miniruby -I../lib -I. -I.ext/common  ../tool/runruby.rb --extout=.ext  -- --disable-gems
"
  --excludes-dir=../test/.excludes
  --name=!/memory_leak/
  -s
  3216
  --timeout-scale
  10
  --worker-timeout=100
  -v

# Running tests:

Finished tests in 0.999944s, 0.0000 tests/s, 0.0000 assertions/s.
0 tests, 0 assertions, 0 failures, 0 errors, 0 skips

ruby -v: ruby 3.4.1 (2025-06-14 revision 742e381c9f) +PRISM [riscv64-freebsd]
end time: 2025-06-22T08:04:52
----------------------------------------
Running test: ../test/dtrace/test_string.rb
start time: 2025-06-22T08:04:52
Run options:
  "--ruby=./miniruby -I../lib -I. -I.ext/common  ../tool/runruby.rb --extout=.ext  -- --disable-gems
"
  --excludes-dir=../test/.excludes
  --name=!/memory_leak/
  -s
  3216
  --timeout-scale
  10
  --worker-timeout=100
  -v

# Running tests:

Finished tests in 1.002052s, 0.0000 tests/s, 0.0000 assertions/s.
0 tests, 0 assertions, 0 failures, 0 errors, 0 skips

ruby -v: ruby 3.4.1 (2025-06-14 revision 742e381c9f) +PRISM [riscv64-freebsd]
end time: 2025-06-22T08:05:12
----------------------------------------
Running test: ../test/dtrace/test_load.rb
start time: 2025-06-22T08:05:12
Run options:
  "--ruby=./miniruby -I../lib -I. -I.ext/common  ../tool/runruby.rb --extout=.ext  -- --disable-gems
"
  --excludes-dir=../test/.excludes
  --name=!/memory_leak/
  -s
  3216
  --timeout-scale
  10
  --worker-timeout=100
  -v

# Running tests:

Finished tests in 0.994897s, 0.0000 tests/s, 0.0000 assertions/s.
0 tests, 0 assertions, 0 failures, 0 errors, 0 skips

ruby -v: ruby 3.4.1 (2025-06-14 revision 742e381c9f) +PRISM [riscv64-freebsd]
end time: 2025-06-22T08:05:32
----------------------------------------
Running test: ../test/dtrace/test_method_cache.rb
start time: 2025-06-22T08:05:32
Run options:
  "--ruby=./miniruby -I../lib -I. -I.ext/common  ../tool/runruby.rb --extout=.ext  -- --disable-gems
"
  --excludes-dir=../test/.excludes
  --name=!/memory_leak/
  -s
  3216
  --timeout-scale
  10
  --worker-timeout=100
  -v

# Running tests:

Finished tests in 0.994090s, 0.0000 tests/s, 0.0000 assertions/s.
0 tests, 0 assertions, 0 failures, 0 errors, 0 skips

ruby -v: ruby 3.4.1 (2025-06-14 revision 742e381c9f) +PRISM [riscv64-freebsd]
end time: 2025-06-22T08:05:52
----------------------------------------
Running test: ../test/dtrace/test_require.rb
start time: 2025-06-22T08:05:52
Run options:
  "--ruby=./miniruby -I../lib -I. -I.ext/common  ../tool/runruby.rb --extout=.ext  -- --disable-gems
"
  --excludes-dir=../test/.excludes
  --name=!/memory_leak/
  -s
  3216
  --timeout-scale
  10
  --worker-timeout=100
  -v

# Running tests:

Finished tests in 0.999159s, 0.0000 tests/s, 0.0000 assertions/s.
0 tests, 0 assertions, 0 failures, 0 errors, 0 skips

ruby -v: ruby 3.4.1 (2025-06-14 revision 742e381c9f) +PRISM [riscv64-freebsd]
end time: 2025-06-22T08:06:11
----------------------------------------
Running test: ../test/dtrace/test_array_create.rb
start time: 2025-06-22T08:06:11
Run options:
  "--ruby=./miniruby -I../lib -I. -I.ext/common  ../tool/runruby.rb --extout=.ext  -- --disable-gems
"
  --excludes-dir=../test/.excludes
  --name=!/memory_leak/
  -s
  3216
  --timeout-scale
  10
  --worker-timeout=100
  -v

# Running tests:

Finished tests in 0.996366s, 0.0000 tests/s, 0.0000 assertions/s.
0 tests, 0 assertions, 0 failures, 0 errors, 0 skips

ruby -v: ruby 3.4.1 (2025-06-14 revision 742e381c9f) +PRISM [riscv64-freebsd]
end time: 2025-06-22T08:06:31
----------------------------------------
Running test: ../test/test_pty.rb
start time: 2025-06-22T08:06:31
Run options:
  "--ruby=./miniruby -I../lib -I. -I.ext/common  ../tool/runruby.rb --extout=.ext  -- --disable-gems
"
  --excludes-dir=../test/.excludes
  --name=!/memory_leak/
  -s
  3216
  --timeout-scale
  10
  --worker-timeout=100
  -v

# Running tests:

[ 1/15] TestPTY#test_argv0 = 9.72 s
[ 2/15] TestPTY#test_pty_check_raise = 0.27 s
[ 3/15] TestPTY#test_spawn_with_block = 9.65 s
[ 4/15] TestPTY#test_spawn_without_block = 9.66 s
[ 5/15] TestPTY#test_close_slave = 0.04 s
[ 6/15] TestPTY#test_getpty_nonexistent = 0.18 s
[ 7/15] TestPTY#test_open_without_block = 0.04 s
[ 8/15] TestPTY#test_stat_slave = 0.03 s
[ 9/15] TestPTY#test_close_master = 0.03 s
[10/15] TestPTY#test_cloexec = 0.16 s
[11/15] TestPTY#test_commandline = 9.74 s
[12/15] TestPTY#test_pty_check_default = 0.40 s
[13/15] TestPTY#test_open_with_block = 0.04 s
[14/15] TestPTY#test_open = 0.03 s
[15/15] TestPTY#test_close_in_block = 0.04 s
Finished tests in 41.867981s, 0.3583 tests/s, 1.6480 assertions/s.
15 tests, 69 assertions, 0 failures, 0 errors, 0 skips

ruby -v: ruby 3.4.1 (2025-06-14 revision 742e381c9f) +PRISM [riscv64-freebsd]
end time: 2025-06-22T08:07:32
----------------------------------------
Running test: ../test/io/console/test_io_console.rb
start time: 2025-06-22T08:07:32
Run options:
  "--ruby=./miniruby -I../lib -I. -I.ext/common  ../tool/runruby.rb --extout=.ext  -- --disable-gems
"
  --excludes-dir=../test/.excludes
  --name=!/memory_leak/
  -s
  3216
  --timeout-scale
  10
  --worker-timeout=100
  -v

# Running tests:

[ 1/30] TestIO_Console#test_get_winsize_console = 0.04 s
[ 2/30] TestIO_Console#test_noecho = 0.14 s
[ 3/30] TestIO_Console#test_stringio_getch = 7.06 s
[ 4/30] TestIO_Console#test_oflush = 0.14 s
[ 5/30] TestIO_Console#test_set_winsize_console = 0.02 s
[ 6/30] TestIO_Console#test_ioflush2 = 0.15 s
[ 7/30] TestIO_Console#test_iflush = 0.03 s
[ 8/30] TestIO_Console#test_raw_timeout = 0.18 s
[ 9/30] TestIO_Console#test_setecho = 0.15 s
[10/30] TestIO_Console#test_raw = 0.04 s
[11/30] TestIO_Console#test_noctty = 20.19 s
[12/30] TestIO_Console#test_raw! = 0.03 s
[13/30] TestIO_Console#test_winsize = 0.03 s
[14/30] TestIO_Console#test_console_kw = 0.03 s
[15/30] TestIO_Console#test_failed_path = 0.03 s
[16/30] TestIO_Console#test_intr = 0.09 s
[17/30] TestIO_Console#test_noecho2 = 0.52 s
[18/30] TestIO_Console#test_close = 0.02 s
[19/30] TestIO_Console#test_ttyname = 0.01 s
[20/30] TestIO_Console#test_bad_keyword = 0.03 s
[21/30] TestIO_Console#test_ioflush = 0.03 s
[22/30] TestIO_Console#test_raw_minchar = 0.17 s
[23/30] TestIO_Console#test_cursor_position = 9.74 s
[24/30] TestIO_Console#test_setecho2 = 0.47 s
[25/30] TestIO_Console#test_getch_timeout = 0.08 s
[26/30] TestIO_Console#test_cooked = 0.04 s
[27/30] TestIO_Console#test_set_winsize_invalid_dev = 0.04 s
[28/30] TestIO_Console#test_echo = 0.03 s
[29/30] TestIO_Console#test_sync = 0.01 s

  1) Failure:
TestIO_Console#test_getch_timeout [/root/ruby-3.4.1/test/io/console/test_io_console.rb:537]:
Expected "\e" to be nil.

Finished tests in 43.030908s, 0.6739 tests/s, 3.5556 assertions/s.
29 tests, 153 assertions, 1 failures, 0 errors, 1 skips

ruby -v: ruby 3.4.1 (2025-06-14 revision 742e381c9f) +PRISM [riscv64-freebsd]
end time: 2025-06-22T08:08:34
----------------------------------------
Running test: ../test/io/console/test_ractor.rb
start time: 2025-06-22T08:08:34
Run options:
  "--ruby=./miniruby -I../lib -I. -I.ext/common  ../tool/runruby.rb --extout=.ext  -- --disable-gems
"
  --excludes-dir=../test/.excludes
  --name=!/memory_leak/
  -s
  3216
  --timeout-scale
  10
  --worker-timeout=100
  -v

# Running tests:

[1/1] TestIOConsoleInRactor#test_ractor = 5.14 s
Finished tests in 6.346473s, 0.1576 tests/s, 1.2605 assertions/s.
1 tests, 8 assertions, 0 failures, 0 errors, 0 skips

ruby -v: ruby 3.4.1 (2025-06-14 revision 742e381c9f) +PRISM [riscv64-freebsd]
end time: 2025-06-22T08:08:58
----------------------------------------
Running test: ../test/io/nonblock/test_flush.rb
start time: 2025-06-22T08:08:58
Run options:
  "--ruby=./miniruby -I../lib -I. -I.ext/common  ../tool/runruby.rb --extout=.ext  -- --disable-gems
"
  --excludes-dir=../test/.excludes
  --name=!/memory_leak/
  -s
  3216
  --timeout-scale
  10
  --worker-timeout=100
  -v

# Running tests:

[1/2] TestIONonblock#test_flush = 0.12 s
[2/2] TestIONonblock#test_nonblock = 0.02 s
Finished tests in 1.348394s, 1.4832 tests/s, 9.6411 assertions/s.
2 tests, 13 assertions, 0 failures, 0 errors, 0 skips

ruby -v: ruby 3.4.1 (2025-06-14 revision 742e381c9f) +PRISM [riscv64-freebsd]
end time: 2025-06-22T08:09:18
----------------------------------------
Running test: ../test/io/wait/test_io_wait_uncommon.rb
start time: 2025-06-22T08:09:18
Run options:
  "--ruby=./miniruby -I../lib -I. -I.ext/common  ../tool/runruby.rb --extout=.ext  -- --disable-gems
"
  --excludes-dir=../test/.excludes
  --name=!/memory_leak/
  -s
  3216
  --timeout-scale
  10
  --worker-timeout=100
  -v

# Running tests:

[1/6] TestIOWaitUncommon#test_wait_readable_urandom = 0.04 s
[2/6] TestIOWaitUncommon#test_wait_readable_random = 0.01 s
[3/6] TestIOWaitUncommon#test_wait_writable_null = 0.01 s
[4/6] TestIOWaitUncommon#test_tty_wait = 0.01 s
[5/6] TestIOWaitUncommon#test_fifo_wait = 0.08 s
[6/6] TestIOWaitUncommon#test_wait_readable_zero = 0.01 s
Finished tests in 1.531497s, 3.9177 tests/s, 16.3239 assertions/s.
6 tests, 25 assertions, 0 failures, 0 errors, 0 skips

ruby -v: ruby 3.4.1 (2025-06-14 revision 742e381c9f) +PRISM [riscv64-freebsd]
end time: 2025-06-22T08:09:38
----------------------------------------
Running test: ../test/io/wait/test_ractor.rb
start time: 2025-06-22T08:09:38
Run options:
  "--ruby=./miniruby -I../lib -I. -I.ext/common  ../tool/runruby.rb --extout=.ext  -- --disable-gems
"
  --excludes-dir=../test/.excludes
  --name=!/memory_leak/
  -s
  3216
  --timeout-scale
  10
  --worker-timeout=100
  -v

# Running tests:

[1/1] TestIOWaitInRactor#test_ractor = 2.57 s
Finished tests in 3.773010s, 0.2650 tests/s, 1.3252 assertions/s.
1 tests, 5 assertions, 0 failures, 0 errors, 0 skips

ruby -v: ruby 3.4.1 (2025-06-14 revision 742e381c9f) +PRISM [riscv64-freebsd]
end time: 2025-06-22T08:10:00
----------------------------------------
Running test: ../test/io/wait/test_io_wait.rb
start time: 2025-06-22T08:10:00
Run options:
  "--ruby=./miniruby -I../lib -I. -I.ext/common  ../tool/runruby.rb --extout=.ext  -- --disable-gems
"
  --excludes-dir=../test/.excludes
  --name=!/memory_leak/
  -s
  3216
  --timeout-scale
  10
  --worker-timeout=100
  -v

# Running tests:

[ 1/22] TestIOWait#test_wait_readable_eof = 0.08 s
[ 2/22] TestIOWait#test_wait_writable_EPIPE = 0.04 s
[ 3/22] TestIOWait#test_wait_mask_negative = 0.01 s
[ 4/22] TestIOWait#test_wait_readable_forever = 0.03 s
[ 5/22] TestIOWait#test_wait_buffered = 0.01 s
[ 6/22] TestIOWait#test_wait_readwrite = 0.01 s
[ 7/22] TestIOWait#test_wait_readwrite_timeout = 0.04 s
[ 8/22] TestIOWait#test_buffered_ready? = 0.01 s
[ 9/22] TestIOWait#test_wait_readable = 0.01 s
[10/22] TestIOWait#test_nread = 1.03 s
[11/22] TestIOWait#test_wait_eof = 0.03 s
[12/22] TestIOWait#test_wait_writable_timeout = 0.04 s
[13/22] TestIOWait#test_wait_mask_zero = 0.01 s
[14/22] TestIOWait#test_wait_forever = 0.02 s
[15/22] TestIOWait#test_wait_mask_writable = 0.01 s
[16/22] TestIOWait#test_ready? = 1.02 s
[17/22] TestIOWait#test_wait_writable = 0.01 s
[18/22] TestIOWait#test_wait_writable_closed = 0.01 s
[19/22] TestIOWait#test_wait = 1.03 s
[20/22] TestIOWait#test_nread_buffered = 0.01 s
[21/22] TestIOWait#test_wait_readable_buffered = 0.01 s
[22/22] TestIOWait#test_wait_mask_readable = 0.01 s
Finished tests in 6.199948s, 3.5484 tests/s, 13.0646 assertions/s.
22 tests, 81 assertions, 0 failures, 0 errors, 0 skips

ruby -v: ruby 3.4.1 (2025-06-14 revision 742e381c9f) +PRISM [riscv64-freebsd]
end time: 2025-06-22T08:10:26
----------------------------------------
Running test: ../test/test_trick.rb
start time: 2025-06-22T08:10:26
Run options:
  "--ruby=./miniruby -I../lib -I. -I.ext/common  ../tool/runruby.rb --extout=.ext  -- --disable-gems
"
  --excludes-dir=../test/.excludes
  --name=!/memory_leak/
  -s
  3216
  --timeout-scale
  10
  --worker-timeout=100
  -v

# Running tests:

[ 1/22] TestRubyKaigi2023🥢#test_chopsticks_1 = 2.39 s
[ 2/22] TestRubyKaigi2023🥢#test_chopsticks_0_1 = 2.35 s
[ 3/22] TestRubyKaigi2023🥢#test_chopsticks_0 = 2.32 s
[ 4/22] TestRubyKaigi2023🥢#test_chopsticks_1_0 = 3.45 s
[ 5/22] TestAllRubyQuine#test_all_ruby_quine = 1.76 s
[ 6/22] TestTRICK2018#test_02_mame = 5.47 s
[ 7/22] TestTRICK2018#test_05_tompng = 1.74 s
[ 8/22] TestTRICK2018#test_01_kinaba = 2.36 s
[ 9/22] TestTRICK2018#test_03_tompng = 1.79 s
[10/22] TestTRICK2018#test_04_colin = 3.06 s
[11/22] TestTRICK2022#test_02_tompng = 1.72 s
[12/22] TestTRICK2022#test_01_tompng = 1.65 s
[13/22] TestTRICK2022#test_03_mame = 1.67 s
[14/22] TestTRICK2013#test_mame = 429.64 s
[15/22] TestTRICK2013#test_kinaba = 2.43 s
[16/22] TestTRICK2013#test_shinh = 2.45 s
[17/22] TestTRICK2013#test_yhara = 2.50 s
[18/22] TestTRICK2015#test_ksk_1 = 17.38 s
[19/22] TestTRICK2015#test_kinaba = 308.62 s
[20/22] TestTRICK2015#test_monae = 4.26 s
[21/22] TestTRICK2015#test_eregon = 8.79 s
[22/22] TestTRICK2015#test_ksk_2 = 2.41 s
Finished tests in 814.264617s, 0.0270 tests/s, 0.1351 assertions/s.
22 tests, 110 assertions, 0 failures, 0 errors, 0 skips

ruby -v: ruby 3.4.1 (2025-06-14 revision 742e381c9f) +PRISM [riscv64-freebsd]
end time: 2025-06-22T08:24:22
----------------------------------------
Running test: ../test/yaml/test_store.rb
start time: 2025-06-22T08:24:22
/root/ruby-3.4.1/lib/yaml.rb:3: warning: It seems your ruby installation is missing psych (for YAML
output).
To eliminate this warning, please install libyaml and reinstall your ruby.
../test/yaml/test_store.rb: cannot load such file -- psych
Run options:
  "--ruby=./miniruby -I../lib -I. -I.ext/common  ../tool/runruby.rb --extout=.ext  -- --disable-gems
"
  --excludes-dir=../test/.excludes
  --name=!/memory_leak/
  -s
  3216
  --timeout-scale
  10
  --worker-timeout=100
  -v

# Running tests:

Finished tests in 1.040274s, 0.0000 tests/s, 0.0000 assertions/s.
0 tests, 0 assertions, 0 failures, 0 errors, 0 skips

ruby -v: ruby 3.4.1 (2025-06-14 revision 742e381c9f) +PRISM [riscv64-freebsd]
end time: 2025-06-22T08:24:41
----------------------------------------
Running test: ../test/yaml/test_dbm.rb
start time: 2025-06-22T08:24:41
/root/ruby-3.4.1/lib/yaml.rb:3: warning: It seems your ruby installation is missing psych (for YAML
output).
To eliminate this warning, please install libyaml and reinstall your ruby.
../test/yaml/test_dbm.rb: cannot load such file -- psych
Run options:
  "--ruby=./miniruby -I../lib -I. -I.ext/common  ../tool/runruby.rb --extout=.ext  -- --disable-gems
"
  --excludes-dir=../test/.excludes
  --name=!/memory_leak/
  -s
  3216
  --timeout-scale
  10
  --worker-timeout=100
  -v

# Running tests:

Finished tests in 1.035088s, 0.0000 tests/s, 0.0000 assertions/s.
0 tests, 0 assertions, 0 failures, 0 errors, 0 skips

ruby -v: ruby 3.4.1 (2025-06-14 revision 742e381c9f) +PRISM [riscv64-freebsd]
end time: 2025-06-22T08:25:01
----------------------------------------
Running test: ../test/uri/test_ws.rb
start time: 2025-06-22T08:25:01
Run options:
  "--ruby=./miniruby -I../lib -I. -I.ext/common  ../tool/runruby.rb --extout=.ext  -- --disable-gems
"
  --excludes-dir=../test/.excludes
  --name=!/memory_leak/
  -s
  3216
  --timeout-scale
  10
  --worker-timeout=100
  -v

# Running tests:

[1/6] URI::TestWS#test_build = 0.05 s
[2/6] URI::TestWS#test_request_uri = 0.04 s
[3/6] URI::TestWS#test_normalize = 0.04 s
[4/6] URI::TestWS#test_parse = 0.01 s
[5/6] URI::TestWS#test_equal = 0.04 s
[6/6] URI::TestWS#test_select = 0.03 s
Finished tests in 1.664255s, 3.6052 tests/s, 19.2278 assertions/s.
6 tests, 32 assertions, 0 failures, 0 errors, 0 skips

ruby -v: ruby 3.4.1 (2025-06-14 revision 742e381c9f) +PRISM [riscv64-freebsd]
end time: 2025-06-22T08:25:25
----------------------------------------
Running test: ../test/uri/test_file.rb
start time: 2025-06-22T08:25:25
Run options:
  "--ruby=./miniruby -I../lib -I. -I.ext/common  ../tool/runruby.rb --extout=.ext  -- --disable-gems
"
  --excludes-dir=../test/.excludes
  --name=!/memory_leak/
  -s
  3216
  --timeout-scale
  10
  --worker-timeout=100
  -v

# Running tests:

[1/2] URI::TestFile#test_build = 0.10 s
[2/2] URI::TestFile#test_parse = 0.05 s
Finished tests in 1.460055s, 1.3698 tests/s, 24.6566 assertions/s.
2 tests, 36 assertions, 0 failures, 0 errors, 0 skips

ruby -v: ruby 3.4.1 (2025-06-14 revision 742e381c9f) +PRISM [riscv64-freebsd]
end time: 2025-06-22T08:25:48
----------------------------------------
Running test: ../test/uri/test_common.rb
start time: 2025-06-22T08:25:48
Run options:
  "--ruby=./miniruby -I../lib -I. -I.ext/common  ../tool/runruby.rb --extout=.ext  -- --disable-gems
"
  --excludes-dir=../test/.excludes
  --name=!/memory_leak/
  -s
  3216
  --timeout-scale
  10
  --worker-timeout=100
  -v

# Running tests:

[ 1/16] URI::TestCommon#test_regexp = 0.20 s
[ 2/16] URI::TestCommon#test_encode_www_form_component = 0.22 s
[ 3/16] URI::TestCommon#test_parser_switch = 0.25 s
[ 4/16] URI::TestCommon#test_decode_www_form_component = 1.09 s
[ 5/16] URI::TestCommon#test_kernel_uri = 0.04 s
[ 6/16] URI::TestCommon#test_parse_timeout = 170.49 s
[ 7/16] URI::TestCommon#test_encode_www_form = 0.11 s
[ 8/16] URI::TestCommon#test_fallback_constants = 0.12 s
[ 9/16] URI::TestCommon#test_decode_www_form = 0.10 s
[10/16] URI::TestCommon#test_extract = 0.10 s
[11/16] URI::TestCommon#test_decode_uri_component = 1.01 s
[12/16] URI::TestCommon#test_register_scheme_lowercase = 0.04 s
[13/16] URI::TestCommon#test_encode_uri_component = 0.07 s
[14/16] URI::TestCommon#test_ractor = 16.95 s
[15/16] URI::TestCommon#test_register_scheme = 0.04 s
[16/16] URI::TestCommon#test_register_scheme_with_symbols = 0.03 s
Finished tests in 192.839986s, 0.0830 tests/s, 11.2995 assertions/s.
16 tests, 2179 assertions, 0 failures, 0 errors, 0 skips

ruby -v: ruby 3.4.1 (2025-06-14 revision 742e381c9f) +PRISM [riscv64-freebsd]
end time: 2025-06-22T08:29:25
----------------------------------------
Running test: ../test/uri/test_mailto.rb
start time: 2025-06-22T08:29:25
Run options:
  "--ruby=./miniruby -I../lib -I. -I.ext/common  ../tool/runruby.rb --extout=.ext  -- --disable-gems
"
  --excludes-dir=../test/.excludes
  --name=!/memory_leak/
  -s
  3216
  --timeout-scale
  10
  --worker-timeout=100
  -v

# Running tests:

[1/6] URI::TestMailTo#test_build = 0.56 s
[2/6] URI::TestMailTo#test_check_to = 0.02 s
[3/6] URI::TestMailTo#test_initializer = 0.01 s
[4/6] URI::TestMailTo#test_to_s = 0.02 s
[5/6] URI::TestMailTo#test_to_mailtext = 0.05 s
[6/6] URI::TestMailTo#test_select = 0.02 s
Finished tests in 2.153350s, 2.7864 tests/s, 34.3651 assertions/s.
6 tests, 74 assertions, 0 failures, 0 errors, 0 skips

ruby -v: ruby 3.4.1 (2025-06-14 revision 742e381c9f) +PRISM [riscv64-freebsd]
end time: 2025-06-22T08:29:49
----------------------------------------
Running test: ../test/uri/test_generic.rb
start time: 2025-06-22T08:29:49
Run options:
  "--ruby=./miniruby -I../lib -I. -I.ext/common  ../tool/runruby.rb --extout=.ext  -- --disable-gems
"
  --excludes-dir=../test/.excludes
  --name=!/memory_leak/
  -s
  3216
  --timeout-scale
  10
  --worker-timeout=100
  -v

# Running tests:

[ 1/25] URI::TestGeneric#test_build = 0.09 s
[ 2/25] URI::TestGeneric#test_find_proxy_no_proxy_cidr = 1.85 s
[ 3/25] URI::TestGeneric#test_find_proxy_case_sensitive_env = 0.15 s
[ 4/25] URI::TestGeneric#test_route = 0.57 s
[ 5/25] URI::TestGeneric#test_find_proxy = 0.16 s
[ 6/25] URI::TestGeneric#test_split = 0.02 s
[ 7/25] URI::TestGeneric#test_find_proxy_bad_uri = 0.02 s
[ 8/25] URI::TestGeneric#test_use_proxy_p = 0.05 s
[ 9/25] URI::TestGeneric#test_merge = 0.46 s
[10/25] URI::TestGeneric#test_build2 = 0.04 s
[11/25] URI::TestGeneric#test_parse = 0.11 s
[12/25] URI::TestGeneric#test_find_proxy_bad_value = 0.08 s
[13/25] URI::TestGeneric#test_rfc3986_examples = 0.78 s
[14/25] URI::TestGeneric#test_bad_password_component = 0.02 s
[15/25] URI::TestGeneric#test_set_component = 0.12 s
[16/25] URI::TestGeneric#test_find_proxy_no_env = 0.05 s
[17/25] URI::TestGeneric#test_find_proxy_get = 0.13 s
[18/25] URI::TestGeneric#test_ipv6 = 0.03 s
[19/25] URI::TestGeneric#test_to_s = 0.05 s
[20/25] URI::TestGeneric#test_set_scheme = 0.02 s
[21/25] URI::TestGeneric#test_hierarchical = 0.02 s
[22/25] URI::TestGeneric#test_absolute = 0.02 s
[23/25] URI::TestGeneric#test_parse_scheme_with_symbols = 0.02 s
[24/25] URI::TestGeneric#test_join = 0.31 s
[25/25] URI::TestGeneric#test_find_proxy_no_proxy = 0.33 s
Finished tests in 7.708860s, 3.2430 tests/s, 64.6010 assertions/s.
25 tests, 498 assertions, 0 failures, 0 errors, 0 skips

ruby -v: ruby 3.4.1 (2025-06-14 revision 742e381c9f) +PRISM [riscv64-freebsd]
end time: 2025-06-22T08:30:21
----------------------------------------
Running test: ../test/uri/test_ldap.rb
start time: 2025-06-22T08:30:21
Run options:
  "--ruby=./miniruby -I../lib -I. -I.ext/common  ../tool/runruby.rb --extout=.ext  -- --disable-gems
"
  --excludes-dir=../test/.excludes
  --name=!/memory_leak/
  -s
  3216
  --timeout-scale
  10
  --worker-timeout=100
  -v

# Running tests:

[1/3] URI::TestLDAP#test_parse = 0.14 s
[2/3] URI::TestLDAP#test_parse_invalid_uri = 0.02 s
[3/3] URI::TestLDAP#test_select = 0.03 s
Finished tests in 1.533290s, 1.9566 tests/s, 20.2180 assertions/s.
3 tests, 31 assertions, 0 failures, 0 errors, 0 skips

ruby -v: ruby 3.4.1 (2025-06-14 revision 742e381c9f) +PRISM [riscv64-freebsd]
end time: 2025-06-22T08:30:45
----------------------------------------
Running test: ../test/uri/test_http.rb
start time: 2025-06-22T08:30:45
Run options:
  "--ruby=./miniruby -I../lib -I. -I.ext/common  ../tool/runruby.rb --extout=.ext  -- --disable-gems
"
  --excludes-dir=../test/.excludes
  --name=!/memory_leak/
  -s
  3216
  --timeout-scale
  10
  --worker-timeout=100
  -v

# Running tests:

[1/8] URI::TestHTTP#test_build = 0.05 s
[2/8] URI::TestHTTP#test_authority = 0.03 s
[3/8] URI::TestHTTP#test_request_uri = 0.03 s
[4/8] URI::TestHTTP#test_normalize = 0.03 s
[5/8] URI::TestHTTP#test_parse = 0.01 s
[6/8] URI::TestHTTP#test_equal = 0.04 s
[7/8] URI::TestHTTP#test_origin = 0.03 s
[8/8] URI::TestHTTP#test_select = 0.03 s
Finished tests in 1.782534s, 4.4880 tests/s, 24.1230 assertions/s.
8 tests, 43 assertions, 0 failures, 0 errors, 0 skips

ruby -v: ruby 3.4.1 (2025-06-14 revision 742e381c9f) +PRISM [riscv64-freebsd]
end time: 2025-06-22T08:31:09
----------------------------------------
Running test: ../test/uri/test_parser.rb
start time: 2025-06-22T08:31:09
Run options:
  "--ruby=./miniruby -I../lib -I. -I.ext/common  ../tool/runruby.rb --extout=.ext  -- --disable-gems
"
  --excludes-dir=../test/.excludes
  --name=!/memory_leak/
  -s
  3216
  --timeout-scale
  10
  --worker-timeout=100
  -v

# Running tests:

[ 1/10] URI::TestParser#test_parse_query_pct_encoded = 0.06 s
[ 2/10] URI::TestParser#test_compare = 0.05 s
[ 3/10] URI::TestParser#test_split = 0.03 s
[ 4/10] URI::TestParser#test_rfc2822_parse_relative_uri = 4.34 s
[ 5/10] URI::TestParser#test_parse_auth = 0.05 s
[ 6/10] URI::TestParser#test_raise_bad_uri_for_integer = 0.01 s
[ 7/10] URI::TestParser#test_inspect = 0.22 s
[ 8/10] URI::TestParser#test_rfc2822_unescape = 0.22 s
[ 9/10] URI::TestParser#test_rfc3986_port_check = 4.79 s
[10/10] URI::TestParser#test_parse_rfc2396_parser = 0.50 s
Finished tests in 11.896814s, 0.8406 tests/s, 12.6925 assertions/s.
10 tests, 151 assertions, 0 failures, 0 errors, 0 skips

ruby -v: ruby 3.4.1 (2025-06-14 revision 742e381c9f) +PRISM [riscv64-freebsd]
end time: 2025-06-22T08:31:43
----------------------------------------
Running test: ../test/uri/test_ftp.rb
start time: 2025-06-22T08:31:44
Run options:
  "--ruby=./miniruby -I../lib -I. -I.ext/common  ../tool/runruby.rb --extout=.ext  -- --disable-gems
"
  --excludes-dir=../test/.excludes
  --name=!/memory_leak/
  -s
  3216
  --timeout-scale
  10
  --worker-timeout=100
  -v

# Running tests:

[1/5] URI::TestFTP#test_paths = 0.06 s
[2/5] URI::TestFTP#test_parse_invalid = 0.02 s
[3/5] URI::TestFTP#test_parse = 0.02 s
[4/5] URI::TestFTP#test_assemble = 0.03 s
[5/5] URI::TestFTP#test_select = 0.03 s
Finished tests in 1.575091s, 3.1744 tests/s, 13.9674 assertions/s.
5 tests, 22 assertions, 0 failures, 0 errors, 0 skips

ruby -v: ruby 3.4.1 (2025-06-14 revision 742e381c9f) +PRISM [riscv64-freebsd]
end time: 2025-06-22T08:32:07
----------------------------------------
Running test: ../test/uri/test_wss.rb
start time: 2025-06-22T08:32:07
Run options:
  "--ruby=./miniruby -I../lib -I. -I.ext/common  ../tool/runruby.rb --extout=.ext  -- --disable-gems
"
  --excludes-dir=../test/.excludes
  --name=!/memory_leak/
  -s
  3216
  --timeout-scale
  10
  --worker-timeout=100
  -v

# Running tests:

[1/6] URI::TestWSS#test_build = 0.05 s
[2/6] URI::TestWSS#test_request_uri = 0.04 s
[3/6] URI::TestWSS#test_normalize = 0.03 s
[4/6] URI::TestWSS#test_parse = 0.01 s
[5/6] URI::TestWSS#test_equal = 0.04 s
[6/6] URI::TestWSS#test_select = 0.03 s
Finished tests in 1.662924s, 3.6081 tests/s, 19.2432 assertions/s.
6 tests, 32 assertions, 0 failures, 0 errors, 0 skips

ruby -v: ruby 3.4.1 (2025-06-14 revision 742e381c9f) +PRISM [riscv64-freebsd]
end time: 2025-06-22T08:32:31
----------------------------------------
Running test: ../test/ripper/test_files_lib.rb
start time: 2025-06-22T08:32:31
Run options:
  "--ruby=./miniruby -I../lib -I. -I.ext/common  ../tool/runruby.rb --extout=.ext  -- --disable-gems
"
  --excludes-dir=../test/.excludes
  --name=!/memory_leak/
  -s
  3216
  --timeout-scale
  10
  --worker-timeout=100
  -v

# Running tests:

[ 1/23] TestRipper::Generic#"test_parse_files:lib/rdoc" = 22.31 s
[ 2/23] TestRipper::Generic#"test_parse_files:lib/logger" = 21.71 s
[ 3/23] TestRipper::Generic#"test_parse_files:lib/ruby_vm" = 167.84 s
[ 4/23] TestRipper::Generic#"test_parse_files:lib/open3" = 15.94 s
[ 5/23] TestRipper::Generic#"test_parse_files:lib/forwardable" = 16.10 s
[ 6/23] TestRipper::Generic#"test_parse_files:lib/set" = 15.96 s
[ 7/23] TestRipper::Generic#"test_parse_files:lib/unicode_normalize" = 165.72 s
[ 8/23] TestRipper::Generic#"test_parse_files:lib/rubygems" = 45.74 s
[ 9/23] TestRipper::Generic#"test_parse_files:lib/syntax_suggest" = 16.98 s
[10/23] TestRipper::Generic#"test_parse_files:lib/irb" = 17.15 s
[11/23] TestRipper::Generic#"test_parse_files:lib/erb" = 23.58 s
[12/23] TestRipper::Generic#"test_parse_files:lib/prism" = 18.54 s
[13/23] TestRipper::Generic#"test_parse_files:lib/uri" = 56.20 s
[14/23] TestRipper::Generic#"test_parse_files:lib/error_highlight" = 27.81 s
[15/23] TestRipper::Generic#"test_parse_files:lib" = 16.34 s
[16/23] TestRipper::Generic#"test_parse_files:lib/reline" = 115.41 s
[17/23] TestRipper::Generic#"test_parse_files:lib/random" = 18.52 s
[18/23] TestRipper::Generic#"test_parse_files:lib/cgi" = 48.07 s
[19/23] TestRipper::Generic#"test_parse_files:lib/bundler" = 52.94 s
[20/23] TestRipper::Generic#"test_parse_files:lib/net" = 63.72 s
[21/23] TestRipper::Generic#"test_parse_files:lib/yaml" = 18.97 s
[22/23] TestRipper::Generic#"test_parse_files:lib/did_you_mean" = 26.58 s
[23/23] TestRipper::Generic#"test_parse_files:lib/optparse" = 19.99 s
Finished tests in 1015.188094s, 0.0227 tests/s, 0.2620 assertions/s.
23 tests, 266 assertions, 0 failures, 0 errors, 0 skips

ruby -v: ruby 3.4.1 (2025-06-14 revision 742e381c9f) +PRISM [riscv64-freebsd]
end time: 2025-06-22T08:49:45
----------------------------------------
Running test: ../test/ripper/test_files_sample.rb
start time: 2025-06-22T08:49:45
Run options:
  "--ruby=./miniruby -I../lib -I. -I.ext/common  ../tool/runruby.rb --extout=.ext  -- --disable-gems
"
  --excludes-dir=../test/.excludes
  --name=!/memory_leak/
  -s
  3216
  --timeout-scale
  10
  --worker-timeout=100
  -v

# Running tests:

[1/1] TestRipper::Generic#"test_parse_files:sample" = 21.99 s
Finished tests in 23.183684s, 0.0431 tests/s, 0.5176 assertions/s.
1 tests, 12 assertions, 0 failures, 0 errors, 0 skips

ruby -v: ruby 3.4.1 (2025-06-14 revision 742e381c9f) +PRISM [riscv64-freebsd]
end time: 2025-06-22T08:50:26
----------------------------------------
Running test: ../test/ripper/test_files_test_2.rb
start time: 2025-06-22T08:50:27
Run options:
  "--ruby=./miniruby -I../lib -I. -I.ext/common  ../tool/runruby.rb --extout=.ext  -- --disable-gems
"
  --excludes-dir=../test/.excludes
  --name=!/memory_leak/
  -s
  3216
  --timeout-scale
  10
  --worker-timeout=100
  -v

# Running tests:

[ 1/23] TestRipper::Generic#"test_parse_files:test/ruby" = 51.24 s
[ 2/23] TestRipper::Generic#"test_parse_files:test/resolv" = 41.10 s
[ 3/23] TestRipper::Generic#"test_parse_files:test/win32ole" = 17.65 s
[ 4/23] TestRipper::Generic#"test_parse_files:test/prism" = 19.99 s
[ 5/23] TestRipper::Generic#"test_parse_files:test/zlib" = 44.10 s
[ 6/23] TestRipper::Generic#"test_parse_files:test/open-uri" = 47.56 s
[ 7/23] TestRipper::Generic#"test_parse_files:test/strscan" = 39.49 s
[ 8/23] TestRipper::Generic#"test_parse_files:test/ostruct" = 25.24 s
[ 9/23] TestRipper::Generic#"test_parse_files:test/rubygems" = 49.96 s
[10/23] TestRipper::Generic#"test_parse_files:test/rdoc" = 45.78 s
[11/23] TestRipper::Generic#"test_parse_files:test/uri" = 62.63 s
[12/23] TestRipper::Generic#"test_parse_files:test/socket" = 81.10 s
[13/23] TestRipper::Generic#"test_parse_files:test/pathname" = 55.36 s
[14/23] TestRipper::Generic#"test_parse_files:test/psych" = 26.78 s
[15/23] TestRipper::Generic#"test_parse_files:test/ripper" = 102.57 s
[16/23] TestRipper::Generic#"test_parse_files:test/stringio" = 38.75 s
[17/23] TestRipper::Generic#"test_parse_files:test/yaml" = 19.87 s
[18/23] TestRipper::Generic#"test_parse_files:test/reline" = 136.15 s
[19/23] TestRipper::Generic#"test_parse_files:test/set" = 34.21 s
[20/23] TestRipper::Generic#"test_parse_files:test/optparse" = 45.70 s
[21/23] TestRipper::Generic#"test_parse_files:test/win32" = 21.20 s
[22/23] TestRipper::Generic#"test_parse_files:test/objspace" = 31.10 s
[23/23] TestRipper::Generic#"test_parse_files:test/openssl" = 28.21 s
Finished tests in 1068.703736s, 0.0215 tests/s, 0.2199 assertions/s.
23 tests, 235 assertions, 0 failures, 0 errors, 0 skips

ruby -v: ruby 3.4.1 (2025-06-14 revision 742e381c9f) +PRISM [riscv64-freebsd]
end time: 2025-06-22T09:08:34
----------------------------------------
Running test: ../test/ripper/test_parser_events.rb
start time: 2025-06-22T09:08:34
Run options:
  "--ruby=./miniruby -I../lib -I. -I.ext/common  ../tool/runruby.rb --extout=.ext  -- --disable-gems
"
  --excludes-dir=../test/.excludes
  --name=!/memory_leak/
  -s
  3216
  --timeout-scale
  10
  --worker-timeout=100
  -v

# Running tests:

[  1/200] TestRipper::ParserEvents#test_mlhs_add_post = 0.86 s
[  2/200] TestRipper::ParserEvents#test_params = 0.12 s
[  3/200] TestRipper::ParserEvents#test_yield = 0.02 s
[  4/200] TestRipper::ParserEvents#test_ifop = 0.02 s
[  5/200] TestRipper::ParserEvents#test_params_mlhs_add_post = 0.10 s
[  6/200] TestRipper::ParserEvents#"test_binary(===)" = 0.02 s
[  7/200] TestRipper::ParserEvents#"test_binary(&)" = 0.02 s
[  8/200] TestRipper::ParserEvents#test_regexp_new = 0.02 s
[  9/200] TestRipper::ParserEvents#"test_binary(<=)" = 0.02 s
[ 10/200] TestRipper::ParserEvents#"test_binary(or)" = 0.02 s
[ 11/200] TestRipper::ParserEvents#test_local_variables = 0.06 s
[ 12/200] TestRipper::ParserEvents#test_args_new = 0.02 s
[ 13/200] TestRipper::ParserEvents#test_mlhs_new = 0.02 s
[ 14/200] TestRipper::ParserEvents#test_qwords_new = 0.02 s
[ 15/200] TestRipper::ParserEvents#test_brace_block = 0.02 s
[ 16/200] TestRipper::ParserEvents#"test_binary(*)" = 0.02 s
[ 17/200] TestRipper::ParserEvents#"test_binary(>)" = 0.02 s
[ 18/200] TestRipper::ParserEvents#test_method_add_arg = 0.05 s
[ 19/200] TestRipper::ParserEvents#test_hshptn = 0.02 s
[ 20/200] TestRipper::ParserEvents#test_mrhs_new_from_args = 0.02 s
[ 21/200] TestRipper::ParserEvents#test_assoc_new = 0.02 s
[ 22/200] TestRipper::ParserEvents#test_else = 0.02 s
[ 23/200] TestRipper::ParserEvents#test_arg_ambiguous = 0.02 s
[ 24/200] TestRipper::ParserEvents#test_qsymbols_new = 0.01 s
[ 25/200] TestRipper::ParserEvents#test_symbol_literal = 0.01 s
[ 26/200] TestRipper::ParserEvents#test_fcall = 0.01 s
[ 27/200] TestRipper::ParserEvents#test_assign_error_const_toplevel = 0.05 s
[ 28/200] TestRipper::ParserEvents#test_do_block = 0.02 s
[ 29/200] TestRipper::ParserEvents#test_yield0 = 0.01 s
[ 30/200] TestRipper::ParserEvents#test_assocs = 0.04 s
[ 31/200] TestRipper::ParserEvents#test_params_mlhs_paren = 0.05 s
[ 32/200] TestRipper::ParserEvents#test_program = 0.01 s
[ 33/200] TestRipper::ParserEvents#"test_binary(||)" = 0.02 s
[ 34/200] TestRipper::ParserEvents#test_word_new = 0.02 s
[ 35/200] TestRipper::ParserEvents#test_dot3 = 0.02 s
[ 36/200] TestRipper::ParserEvents#test_blockarg = 0.13 s
[ 37/200] TestRipper::ParserEvents#test_top_const_ref = 0.02 s
[ 38/200] TestRipper::ParserEvents#"test_binary(-)" = 0.02 s
[ 39/200] TestRipper::ParserEvents#test_stmts_new = 0.01 s
[ 40/200] TestRipper::ParserEvents#test_operator_ambiguous = 0.02 s
[ 41/200] TestRipper::ParserEvents#test_case = 0.03 s
[ 42/200] TestRipper::ParserEvents#test_params_mlhs_add = 0.02 s
[ 43/200] TestRipper::ParserEvents#test_args_forward = 0.17 s
[ 44/200] TestRipper::ParserEvents#test_bare_assoc_hash = 0.07 s
[ 45/200] TestRipper::ParserEvents#test_parse_error = 0.01 s
[ 46/200] TestRipper::ParserEvents#test_symbol = 0.04 s
[ 47/200] TestRipper::ParserEvents#test_opassign = 0.16 s
[ 48/200] TestRipper::ParserEvents#test_field = 0.02 s
[ 49/200] TestRipper::ParserEvents#test_unterminated_regexp = 0.01 s
[ 50/200] TestRipper::ParserEvents#test_event_coverage = 0.11 s
[ 51/200] TestRipper::ParserEvents#test_anonymous_block_forwarding = 0.03 s
[ 52/200] TestRipper::ParserEvents#test_while_mod = 0.02 s
[ 53/200] TestRipper::ParserEvents#test_begin = 0.02 s
[ 54/200] TestRipper::ParserEvents#test_super = 0.01 s
[ 55/200] TestRipper::ParserEvents#test_alias_error = 0.01 s
[ 56/200] TestRipper::ParserEvents#test_params_mlhs_add_star = 0.41 s
[ 57/200] TestRipper::ParserEvents#test_ignored_nl = 0.02 s
[ 58/200] TestRipper::ParserEvents#test_args_add_star = 0.03 s
[ 59/200] TestRipper::ParserEvents#test_if_mod = 0.02 s
[ 60/200] TestRipper::ParserEvents#test_warn_cr_in_middle = 0.02 s
[ 61/200] TestRipper::ParserEvents#test_mlhs_add_star = 0.09 s
[ 62/200] TestRipper::ParserEvents#test_hash = 0.09 s
[ 63/200] TestRipper::ParserEvents#test_invalid_instance_variable_name = 0.02 s
[ 64/200] TestRipper::ParserEvents#test_break = 0.02 s
[ 65/200] TestRipper::ParserEvents#"test_binary(^)" = 0.02 s
[ 66/200] TestRipper::ParserEvents#test_alias = 0.01 s
[ 67/200] TestRipper::ParserEvents#test_block_var_add_block = 0.01 s
[ 68/200] TestRipper::ParserEvents#test_sclass = 0.02 s
[ 69/200] TestRipper::ParserEvents#test_block_var = 0.14 s
[ 70/200] TestRipper::ParserEvents#"test_binary(<=>)" = 0.02 s
[ 71/200] TestRipper::ParserEvents#test_dyna_symbol = 0.04 s
[ 72/200] TestRipper::ParserEvents#"test_binary(<)" = 0.01 s
[ 73/200] TestRipper::ParserEvents#test_endless_defs = 0.10 s
[ 74/200] TestRipper::ParserEvents#test_heredoc = 0.04 s
[ 75/200] TestRipper::ParserEvents#test_xstring_literal = 0.01 s
[ 76/200] TestRipper::ParserEvents#test_anonymous_rest_forwarding = 0.11 s
[ 77/200] TestRipper::ParserEvents#test_rest_param = 0.03 s
[ 78/200] TestRipper::ParserEvents#test_string_add = 0.02 s
[ 79/200] TestRipper::ParserEvents#test_class = 0.02 s
[ 80/200] TestRipper::ParserEvents#test_params_mlhs_new = 0.03 s
[ 81/200] TestRipper::ParserEvents#test_stmts_add = 0.02 s
[ 82/200] TestRipper::ParserEvents#test_string_content = 0.07 s
[ 83/200] TestRipper::ParserEvents#test_call_colon2 = 0.02 s
[ 84/200] TestRipper::ParserEvents#test_arg_paren = 0.01 s
[ 85/200] TestRipper::ParserEvents#test_warning_duplicated_when_clause = 0.02 s
[ 86/200] TestRipper::ParserEvents#test_zsuper = 0.01 s
[ 87/200] TestRipper::ParserEvents#test_word_add = 0.02 s
[ 88/200] TestRipper::ParserEvents#test_assign_error_const = 0.07 s
[ 89/200] TestRipper::ParserEvents#"test_binary(**)" = 0.02 s
[ 90/200] TestRipper::ParserEvents#test_return0 = 0.01 s
[ 91/200] TestRipper::ParserEvents#test_array = 0.03 s
[ 92/200] TestRipper::ParserEvents#test_qsymbols_add = 0.03 s
[ 93/200] TestRipper::ParserEvents#test_aref_field = 0.02 s
[ 94/200] TestRipper::ParserEvents#"test_binary(&&)" = 0.02 s
[ 95/200] TestRipper::ParserEvents#test_retry = 0.01 s
[ 96/200] TestRipper::ParserEvents#test_qwords_add = 0.02 s
[ 97/200] TestRipper::ParserEvents#"test_binary(>>)" = 0.02 s
[ 98/200] TestRipper::ParserEvents#test_mlhs_add = 0.02 s
[ 99/200] TestRipper::ParserEvents#test_nokw_param = 0.02 s
[100/200] TestRipper::ParserEvents#test_args_add = 0.02 s
[101/200] TestRipper::ParserEvents#test_rescue_mod = 0.02 s
[102/200] TestRipper::ParserEvents#test_regexp_add = 0.02 s
[103/200] TestRipper::ParserEvents#test_unary = 0.09 s
[104/200] TestRipper::ParserEvents#test_vcall = 0.01 s
[105/200] TestRipper::ParserEvents#test_when = 0.03 s
[106/200] TestRipper::ParserEvents#"test_binary(/)" = 0.02 s
[107/200] TestRipper::ParserEvents#test_warning_ignored_magic_comment = 0.01 s
[108/200] TestRipper::ParserEvents#test_in = 0.02 s
[109/200] TestRipper::ParserEvents#test_module = 0.02 s
[110/200] TestRipper::ParserEvents#test_string_embexpr = 0.03 s
[111/200] TestRipper::ParserEvents#test_regexp_literal = 0.01 s
[112/200] TestRipper::ParserEvents#test_next = 0.02 s
[113/200] TestRipper::ParserEvents#test_void_stmt = 0.01 s
[114/200] TestRipper::ParserEvents#test_invalid_class_variable_name = 0.02 s
[115/200] TestRipper::ParserEvents#test_assign = 0.01 s
[116/200] TestRipper::ParserEvents#test_const_path_ref = 0.02 s
[117/200] TestRipper::ParserEvents#test_aryptn = 0.02 s
[118/200] TestRipper::ParserEvents#test_if = 0.02 s
[119/200] TestRipper::ParserEvents#"test_binary(!=)" = 0.02 s
[120/200] TestRipper::ParserEvents#test_xstring_new = 0.01 s
[121/200] TestRipper::ParserEvents#test_BEGIN = 0.02 s
[122/200] TestRipper::ParserEvents#test_top_const_field = 0.01 s
[123/200] TestRipper::ParserEvents#test_kwrest_param = 0.03 s
[124/200] TestRipper::ParserEvents#test_params_mlhs = 0.02 s
[125/200] TestRipper::ParserEvents#"test_binary(==)" = 0.02 s
[126/200] TestRipper::ParserEvents#test_symbols_new = 0.01 s
[127/200] TestRipper::ParserEvents#"test_binary(%)" = 0.02 s
[128/200] TestRipper::ParserEvents#test_var_field = 0.02 s
[129/200] TestRipper::ParserEvents#test_rescue_class = 0.03 s
[130/200] TestRipper::ParserEvents#test_aref = 0.02 s
[131/200] TestRipper::ParserEvents#"test_binary(|)" = 0.69 s
[132/200] TestRipper::ParserEvents#test_param_error = 0.06 s
[133/200] TestRipper::ParserEvents#test_defs = 0.03 s
[134/200] TestRipper::ParserEvents#test_words_new = 0.01 s
[135/200] TestRipper::ParserEvents#test_mrhs_add_star = 0.02 s
[136/200] TestRipper::ParserEvents#test_until = 0.02 s
[137/200] TestRipper::ParserEvents#test_warn_duplicated_hash_keys = 0.02 s
[138/200] TestRipper::ParserEvents#test_command = 0.02 s
[139/200] TestRipper::ParserEvents#test_method_add_block = 0.03 s
[140/200] TestRipper::ParserEvents#test_const_path_field = 0.02 s
[141/200] TestRipper::ParserEvents#test_anonymous_keyword_rest_forwarding = 0.09 s
[142/200] TestRipper::ParserEvents#test_undef = 0.03 s
[143/200] TestRipper::ParserEvents#test_fndptn = 0.02 s
[144/200] TestRipper::ParserEvents#test_mrhs_add = 0.02 s
[145/200] TestRipper::ParserEvents#test_assoc_splat = 0.02 s
[146/200] TestRipper::ParserEvents#test_magic_comment = 0.01 s
[147/200] TestRipper::ParserEvents#test_END = 0.02 s
[148/200] TestRipper::ParserEvents#test_invalid_global_variable_name = 0.01 s
[149/200] TestRipper::ParserEvents#test_lambda = 0.02 s
[150/200] TestRipper::ParserEvents#test_const_ref = 0.03 s
[151/200] TestRipper::ParserEvents#test_rescue = 0.03 s
[152/200] TestRipper::ParserEvents#test_assign_error = 0.02 s
[153/200] TestRipper::ParserEvents#test_warn_mismatched_indentations = 0.04 s
[154/200] TestRipper::ParserEvents#"test_binary(<<)" = 0.02 s
[155/200] TestRipper::ParserEvents#test_elsif = 0.02 s
[156/200] TestRipper::ParserEvents#test_string_concat = 0.02 s
[157/200] TestRipper::ParserEvents#test_mrhs_new = 0.02 s
[158/200] TestRipper::ParserEvents#test_assign_error_backref = 0.05 s
[159/200] TestRipper::ParserEvents#test_warning_invalid_magic_comment = 0.01 s
[160/200] TestRipper::ParserEvents#"test_binary(+)" = 0.02 s
[161/200] TestRipper::ParserEvents#test_dot2 = 0.01 s
[162/200] TestRipper::ParserEvents#test_def = 0.05 s
[163/200] TestRipper::ParserEvents#"test_binary(=~)" = 0.02 s
[164/200] TestRipper::ParserEvents#test_arglist = 0.09 s
[165/200] TestRipper::ParserEvents#test_redo = 0.01 s
[166/200] TestRipper::ParserEvents#test_args_add_block = 0.02 s
[167/200] TestRipper::ParserEvents#test_unless = 0.02 s
[168/200] TestRipper::ParserEvents#test_assoclist_from_args = 0.02 s
[169/200] TestRipper::ParserEvents#test_excessed_comma = 0.07 s
[170/200] TestRipper::ParserEvents#"test_binary(and)" = 0.02 s
[171/200] TestRipper::ParserEvents#"test_binary(!~)" = 0.02 s
[172/200] TestRipper::ParserEvents#test_assign_error_const_qualified = 0.06 s
[173/200] TestRipper::ParserEvents#test_words_add = 0.02 s
[174/200] TestRipper::ParserEvents#test_block_var_add_star = 0.01 s
[175/200] TestRipper::ParserEvents#test_var_ref = 0.04 s
[176/200] TestRipper::ParserEvents#test_endless_def = 0.09 s
[177/200] TestRipper::ParserEvents#test_command_call = 0.02 s
[178/200] TestRipper::ParserEvents#test_mlhs_paren = 0.04 s
[179/200] TestRipper::ParserEvents#test_paren = 0.01 s
[180/200] TestRipper::ParserEvents#test_massign = 0.02 s
[181/200] TestRipper::ParserEvents#test_symbols_add = 0.03 s
[182/200] TestRipper::ParserEvents#test_defined = 0.01 s
[183/200] TestRipper::ParserEvents#test_ensure = 0.02 s
[184/200] TestRipper::ParserEvents#test_until_mod = 0.02 s
[185/200] TestRipper::ParserEvents#test_unterminated_heredoc = 0.03 s
[186/200] TestRipper::ParserEvents#test_call = 0.08 s
[187/200] TestRipper::ParserEvents#test_xstring_add = 0.02 s
[188/200] TestRipper::ParserEvents#test_bodystmt = 0.02 s
[189/200] TestRipper::ParserEvents#"test_binary(>=)" = 0.02 s
[190/200] TestRipper::ParserEvents#test_string_dvar = 0.14 s
[191/200] TestRipper::ParserEvents#test_var_alias = 0.01 s
[192/200] TestRipper::ParserEvents#test_return = 0.02 s
[193/200] TestRipper::ParserEvents#test_for = 0.02 s
[194/200] TestRipper::ParserEvents#test_class_name_error = 0.02 s
[195/200] TestRipper::ParserEvents#test_heredoc_dedent = 0.02 s
[196/200] TestRipper::ParserEvents#test_string_literal = 0.01 s
[197/200] TestRipper::ParserEvents#test_while = 0.02 s
[198/200] TestRipper::ParserEvents#test_block_variables = 0.03 s
[199/200] TestRipper::ParserEvents#test_opassign_error = 0.02 s
[200/200] TestRipper::ParserEvents#test_unless_mod = 0.02 s
Finished tests in 17.344439s, 11.5311 tests/s, 52.3511 assertions/s.
200 tests, 908 assertions, 0 failures, 0 errors, 0 skips

ruby -v: ruby 3.4.1 (2025-06-14 revision 742e381c9f) +PRISM [riscv64-freebsd]
end time: 2025-06-22T09:09:14
----------------------------------------
Running test: ../test/ripper/dummyparser.rb
start time: 2025-06-22T09:09:14
Run options:
  "--ruby=./miniruby -I../lib -I. -I.ext/common  ../tool/runruby.rb --extout=.ext  -- --disable-gems
"
  --excludes-dir=../test/.excludes
  --name=!/memory_leak/
  -s
  3216
  --timeout-scale
  10
  --worker-timeout=100
  -v

# Running tests:

Finished tests in 1.466587s, 0.0000 tests/s, 0.0000 assertions/s.
0 tests, 0 assertions, 0 failures, 0 errors, 0 skips

ruby -v: ruby 3.4.1 (2025-06-14 revision 742e381c9f) +PRISM [riscv64-freebsd]
end time: 2025-06-22T09:09:36
----------------------------------------
Running test: ../test/ripper/test_files_test_1.rb
start time: 2025-06-22T09:09:37
Run options:
  "--ruby=./miniruby -I../lib -I. -I.ext/common  ../tool/runruby.rb --extout=.ext  -- --disable-gems
"
  --excludes-dir=../test/.excludes
  --name=!/memory_leak/
  -s
  3216
  --timeout-scale
  10
  --worker-timeout=100
  -v

# Running tests:

[ 1/22] TestRipper::Generic#"test_parse_files:test/io" = 33.04 s
[ 2/22] TestRipper::Generic#"test_parse_files:test/json" = 57.52 s
[ 3/22] TestRipper::Generic#"test_parse_files:test/fiber" = 44.03 s
[ 4/22] TestRipper::Generic#"test_parse_files:test/error_highlight" = 24.67 s
[ 5/22] TestRipper::Generic#"test_parse_files:test/fileutils" = 53.30 s
[ 6/22] TestRipper::Generic#"test_parse_files:test/mkmf" = 33.49 s
[ 7/22] TestRipper::Generic#"test_parse_files:test/benchmark" = 18.53 s
[ 8/22] TestRipper::Generic#"test_parse_files:test/coverage" = 30.05 s
[ 9/22] TestRipper::Generic#"test_parse_files:test/net" = 75.37 s
[10/22] TestRipper::Generic#"test_parse_files:test/-ext-" = 26.15 s
[11/22] TestRipper::Generic#"test_parse_files:test/logger" = 39.98 s
[12/22] TestRipper::Generic#"test_parse_files:test/cgi" = 58.21 s
[13/22] TestRipper::Generic#"test_parse_files:test/did_you_mean" = 34.26 s
[14/22] TestRipper::Generic#"test_parse_files:test/date" = 154.99 s
[15/22] TestRipper::Generic#"test_parse_files:test/lib" = 16.85 s
[16/22] TestRipper::Generic#"test_parse_files:test/erb" = 28.66 s
[17/22] TestRipper::Generic#"test_parse_files:test/etc" = 18.97 s
[18/22] TestRipper::Generic#"test_parse_files:test/irb" = 16.38 s
[19/22] TestRipper::Generic#"test_parse_files:test/monitor" = 20.56 s
[20/22] TestRipper::Generic#"test_parse_files:test/fiddle" = 66.95 s
[21/22] TestRipper::Generic#"test_parse_files:test/digest" = 23.93 s
[22/22] TestRipper::Generic#"test_parse_files:test/dtrace" = 26.72 s
Finished tests in 904.834090s, 0.0243 tests/s, 0.3039 assertions/s.
22 tests, 275 assertions, 0 failures, 0 errors, 0 skips

ruby -v: ruby 3.4.1 (2025-06-14 revision 742e381c9f) +PRISM [riscv64-freebsd]
end time: 2025-06-22T09:25:00
----------------------------------------
Running test: ../test/ripper/test_scanner_events.rb
start time: 2025-06-22T09:25:00
Run options:
  "--ruby=./miniruby -I../lib -I. -I.ext/common  ../tool/runruby.rb --extout=.ext  -- --disable-gems
"
  --excludes-dir=../test/.excludes
  --name=!/memory_leak/
  -s
  3216
  --timeout-scale
  10
  --worker-timeout=100
  -v

# Running tests:

[ 1/64] TestRipper::ScannerEvents#test_kw = 0.68 s
[ 2/64] TestRipper::ScannerEvents#test_lbrace = 0.08 s
[ 3/64] TestRipper::ScannerEvents#test_rational = 0.03 s
[ 4/64] TestRipper::ScannerEvents#test_embdoc = 0.03 s
[ 5/64] TestRipper::ScannerEvents#test_tlambda_arg = 0.02 s
[ 6/64] TestRipper::ScannerEvents#test_imaginary = 0.04 s
[ 7/64] TestRipper::ScannerEvents#test_regexp_beg = 0.04 s
[ 8/64] TestRipper::ScannerEvents#test_invalid_hex_escape_regexp = 0.03 s
[ 9/64] TestRipper::ScannerEvents#test_float = 0.42 s
[10/64] TestRipper::ScannerEvents#test_qwords_beg = 0.07 s
[11/64] TestRipper::ScannerEvents#test_comma = 0.07 s
[12/64] TestRipper::ScannerEvents#test_event_coverage = 0.07 s
[13/64] TestRipper::ScannerEvents#test_symbeg = 0.07 s
[14/64] TestRipper::ScannerEvents#test_tlambeg = 0.02 s
[15/64] TestRipper::ScannerEvents#test_ignored_nl = 0.11 s
[16/64] TestRipper::ScannerEvents#test_qsymbols_beg = 0.07 s
[17/64] TestRipper::ScannerEvents#test_invalid_hex_escape_string = 0.02 s
[18/64] TestRipper::ScannerEvents#test_rparen = 0.06 s
[19/64] TestRipper::ScannerEvents#test_embdoc_end = 0.03 s
[20/64] TestRipper::ScannerEvents#test_heredoc_beg = 0.11 s
[21/64] TestRipper::ScannerEvents#test_int = 0.03 s
[22/64] TestRipper::ScannerEvents#test_op = 0.95 s
[23/64] TestRipper::ScannerEvents#test___end__ = 0.05 s
[24/64] TestRipper::ScannerEvents#test_ivar = 0.06 s
[25/64] TestRipper::ScannerEvents#test_tstring_content = 0.09 s
[26/64] TestRipper::ScannerEvents#test_ident = 0.05 s
[27/64] TestRipper::ScannerEvents#test_invalid_char = 0.02 s
[28/64] TestRipper::ScannerEvents#test_ignored_sp = 0.05 s
[29/64] TestRipper::ScannerEvents#test_cvar = 0.08 s
[30/64] TestRipper::ScannerEvents#test_tstring_beg = 0.04 s
[31/64] TestRipper::ScannerEvents#test_tokenize = 0.14 s
[32/64] TestRipper::ScannerEvents#test_colon2_call = 0.02 s
[33/64] TestRipper::ScannerEvents#test_embexpr_beg = 0.08 s
[34/64] TestRipper::ScannerEvents#test_embvar = 0.10 s
[35/64] TestRipper::ScannerEvents#test_const = 0.10 s
[36/64] TestRipper::ScannerEvents#test_words_beg = 0.07 s
[37/64] TestRipper::ScannerEvents#test_period = 0.06 s
[38/64] TestRipper::ScannerEvents#test_comment = 0.07 s
[39/64] TestRipper::ScannerEvents#test_tstring_content_HEREDOC = 0.13 s
[40/64] TestRipper::ScannerEvents#test_error_token = 0.02 s
[41/64] TestRipper::ScannerEvents#test_regexp_end = 0.03 s
[42/64] TestRipper::ScannerEvents#test_gvar = 0.16 s
[43/64] TestRipper::ScannerEvents#test_label = 0.02 s
[44/64] TestRipper::ScannerEvents#test_rbrace = 0.31 s
[45/64] TestRipper::ScannerEvents#test_nl = 0.10 s
[46/64] TestRipper::ScannerEvents#test_rbracket = 0.04 s
[47/64] TestRipper::ScannerEvents#test_semicolon = 0.08 s
[48/64] TestRipper::ScannerEvents#test_backtick = 0.02 s
[49/64] TestRipper::ScannerEvents#test_symbols_beg = 0.07 s
[50/64] TestRipper::ScannerEvents#test_label_end = 0.03 s
[51/64] TestRipper::ScannerEvents#test_embexpr_end = 0.13 s
[52/64] TestRipper::ScannerEvents#test_backref = 0.05 s
[53/64] TestRipper::ScannerEvents#test_words_sep = 0.10 s
[54/64] TestRipper::ScannerEvents#test_tstring_end = 0.04 s
[55/64] TestRipper::ScannerEvents#test_lbracket = 0.04 s
[56/64] TestRipper::ScannerEvents#test_lparen = 0.06 s
[57/64] TestRipper::ScannerEvents#test_location = 0.56 s
[58/64] TestRipper::ScannerEvents#test_CHAR = 0.07 s
[59/64] TestRipper::ScannerEvents#test_lex = 0.24 s
[60/64] TestRipper::ScannerEvents#test_tlambda = 0.02 s
[61/64] TestRipper::ScannerEvents#test_embdoc_beg = 0.04 s
[62/64] TestRipper::ScannerEvents#test_sp = 0.10 s
[63/64] TestRipper::ScannerEvents#test_heredoc_end = 0.07 s
[64/64] TestRipper::ScannerEvents#test_invalid_escape = 0.02 s
Finished tests in 10.452196s, 6.1231 tests/s, 72.6163 assertions/s.
64 tests, 759 assertions, 0 failures, 0 errors, 0 skips

ruby -v: ruby 3.4.1 (2025-06-14 revision 742e381c9f) +PRISM [riscv64-freebsd]
end time: 2025-06-22T09:25:32
----------------------------------------
Running test: ../test/ripper/test_ripper.rb
start time: 2025-06-22T09:25:32
Run options:
  "--ruby=./miniruby -I../lib -I. -I.ext/common  ../tool/runruby.rb --extout=.ext  -- --disable-gems
"
  --excludes-dir=../test/.excludes
  --name=!/memory_leak/
  -s
  3216
  --timeout-scale
  10
  --worker-timeout=100
  -v

# Running tests:

[ 1/33] TestRipper::Ripper::TestInput#test_column = 0.03 s
[ 2/33] TestRipper::Ripper::TestInput#test_invalid_gets = 0.02 s
[ 3/33] TestRipper::Ripper::TestInput#test_yydebug_ident = 0.08 s
[ 4/33] TestRipper::Ripper::TestInput#test_yydebug = 0.01 s
[ 5/33] TestRipper::Ripper::TestInput#test_end_seen_eh = 0.01 s
[ 6/33] TestRipper::Ripper::TestInput#test_yydebug_equals = 0.01 s
[ 7/33] TestRipper::Ripper::TestInput#test_parse = 0.01 s
[ 8/33] TestRipper::Ripper::TestInput#test_encoding = 0.03 s
[ 9/33] TestRipper::Ripper::TestInput#test_assignable_in_regexp = 13.92 s
[10/33] TestRipper::Ripper::TestInput#test_yydebug_string = 0.10 s
[11/33] TestRipper::Ripper::TestInput#test_regexp_enc_error = 13.85 s
[12/33] TestRipper::Ripper::TestInput#test_lineno = 0.01 s
[13/33] TestRipper::Ripper::TestInput#test_regexp_with_option = 0.03 s
[14/33] TestRipper::Ripper::TestInput#test_state = 0.01 s
[15/33] TestRipper::Ripper::TestInput#test_dedent_string = 0.06 s
[16/33] TestRipper::Ripper::TestInput#test_filename = 0.01 s
[17/33] TestRipper::Ripper::TestInput#test_new = 21.35 s
[18/33] TestRipper::Ripper#test_column = 0.02 s
[19/33] TestRipper::Ripper#test_yydebug_ident = 1.16 s
[20/33] TestRipper::Ripper#test_yydebug = 0.01 s
[21/33] TestRipper::Ripper#test_end_seen_eh = 0.02 s
[22/33] TestRipper::Ripper#test_yydebug_equals = 0.01 s
[23/33] TestRipper::Ripper#test_parse = 0.01 s
[24/33] TestRipper::Ripper#test_encoding = 0.01 s
[25/33] TestRipper::Ripper#test_assignable_in_regexp = 13.90 s
[26/33] TestRipper::Ripper#test_yydebug_string = 0.09 s
[27/33] TestRipper::Ripper#test_regexp_enc_error = 13.87 s
[28/33] TestRipper::Ripper#test_lineno = 0.01 s
[29/33] TestRipper::Ripper#test_regexp_with_option = 0.02 s
[30/33] TestRipper::Ripper#test_state = 0.01 s
[31/33] TestRipper::Ripper#test_dedent_string = 0.04 s
[32/33] TestRipper::Ripper#test_filename = 0.01 s
[33/33] TestRipper::Ripper#test_new = 21.36 s
Finished tests in 102.901023s, 0.3207 tests/s, 1.3022 assertions/s.
33 tests, 134 assertions, 0 failures, 0 errors, 0 skips

ruby -v: ruby 3.4.1 (2025-06-14 revision 742e381c9f) +PRISM [riscv64-freebsd]
end time: 2025-06-22T09:27:36
----------------------------------------
Running test: ../test/ripper/test_filter.rb
start time: 2025-06-22T09:27:36
Run options:
  "--ruby=./miniruby -I../lib -I. -I.ext/common  ../tool/runruby.rb --extout=.ext  -- --disable-gems
"
  --excludes-dir=../test/.excludes
  --name=!/memory_leak/
  -s
  3216
  --timeout-scale
  10
  --worker-timeout=100
  -v

# Running tests:

[1/7] TestRipper::Filter#test_filter_lineno = 1.54 s
[2/7] TestRipper::Filter#test_filter_state = 1.88 s
[3/7] TestRipper::Filter#test_filter_lineno_set = 2.12 s
[4/7] TestRipper::Filter#test_filter_token = 0.03 s
[5/7] TestRipper::Filter#test_filter_filename = 1.53 s
[6/7] TestRipper::Filter#test_filter_column = 1.91 s
[7/7] TestRipper::Filter#test_filter_filename_unset = 1.53 s
Finished tests in 12.160772s, 0.5756 tests/s, 2.6314 assertions/s.
7 tests, 32 assertions, 0 failures, 0 errors, 0 skips

ruby -v: ruby 3.4.1 (2025-06-14 revision 742e381c9f) +PRISM [riscv64-freebsd]
end time: 2025-06-22T09:28:08
----------------------------------------
Running test: ../test/ripper/test_files_test.rb
start time: 2025-06-22T09:28:08
Run options:
  "--ruby=./miniruby -I../lib -I. -I.ext/common  ../tool/runruby.rb --extout=.ext  -- --disable-gems
"
  --excludes-dir=../test/.excludes
  --name=!/memory_leak/
  -s
  3216
  --timeout-scale
  10
  --worker-timeout=100
  -v

# Running tests:

[1/1] TestRipper::Generic#"test_parse_files:test" = 22.41 s
Finished tests in 23.613829s, 0.0423 tests/s, 0.2541 assertions/s.
1 tests, 6 assertions, 0 failures, 0 errors, 0 skips

ruby -v: ruby 3.4.1 (2025-06-14 revision 742e381c9f) +PRISM [riscv64-freebsd]
end time: 2025-06-22T09:28:50
----------------------------------------
Running test: ../test/ripper/test_files_ext.rb
start time: 2025-06-22T09:28:51
Run options:
  "--ruby=./miniruby -I../lib -I. -I.ext/common  ../tool/runruby.rb --extout=.ext  -- --disable-gems
"
  --excludes-dir=../test/.excludes
  --name=!/memory_leak/
  -s
  3216
  --timeout-scale
  10
  --worker-timeout=100
  -v

# Running tests:

[1/1] TestRipper::Generic#"test_parse_files:ext" = 20.31 s
Finished tests in 21.514653s, 0.0465 tests/s, 0.7437 assertions/s.
1 tests, 16 assertions, 0 failures, 0 errors, 0 skips

ruby -v: ruby 3.4.1 (2025-06-14 revision 742e381c9f) +PRISM [riscv64-freebsd]
end time: 2025-06-22T09:29:30
----------------------------------------
Running test: ../test/ripper/test_lexer.rb
start time: 2025-06-22T09:29:30
Run options:
  "--ruby=./miniruby -I../lib -I. -I.ext/common  ../tool/runruby.rb --extout=.ext  -- --disable-gems
"
  --excludes-dir=../test/.excludes
  --name=!/memory_leak/
  -s
  3216
  --timeout-scale
  10
  --worker-timeout=100
  -v

# Running tests:

[ 1/26] TestRipper::Lexer#test_heredoc_unterminated_interpolation = 0.08 s
[ 2/26] TestRipper::Lexer#test_space_after_expr_in_heredoc = 0.04 s
[ 3/26] TestRipper::Lexer#test_state_after_ivar = 0.05 s
[ 4/26] TestRipper::Lexer#test_lex_with_syntax_error = 0.18 s
[ 5/26] TestRipper::Lexer#test_token_aftr_error_heredoc = 0.04 s
[ 6/26] TestRipper::Lexer#test_tokenize_with_syntax_error = 0.15 s
[ 7/26] TestRipper::Lexer#test_lex_with_syntax_error_and_heredoc = 0.04 s
[ 8/26] TestRipper::Lexer#test_state_after_cvar = 0.04 s
[ 9/26] TestRipper::Lexer#test_trailing_on_embexpr_end = 0.04 s
[10/26] TestRipper::Lexer#test_invalid_escape_ctrl_mbchar = 0.03 s
[11/26] TestRipper::Lexer#test_heredoc_inside_block_param = 0.05 s
[12/26] TestRipper::Lexer#test_nested_dedent_heredoc = 0.06 s
[13/26] TestRipper::Lexer#test_nested_heredoc = 0.18 s
[14/26] TestRipper::Lexer#test_lexer_scan_with_syntax_error = 0.65 s
[15/26] TestRipper::Lexer#test_invalid_escape_meta_mbchar = 0.03 s
[16/26] TestRipper::Lexer#test_stack_at_on_heredoc_beg = 0.02 s
[17/26] TestRipper::Lexer#test_invalid_escape_meta_ctrl_mbchar = 0.03 s
[18/26] TestRipper::Lexer#test_raise_errors_keyword = 0.18 s
[19/26] TestRipper::Lexer#test_spaces_at_eof = 0.03 s
[20/26] TestRipper::Lexer#test_slice = 0.05 s
[21/26] TestRipper::Lexer#test_tokenize_with_here_document = 0.03 s
[22/26] TestRipper::Lexer#test_invalid_escape_string = 0.30 s
[23/26] TestRipper::Lexer#test_expr_at_beginning_in_heredoc = 0.03 s
[24/26] TestRipper::Lexer#test_end_of_script_char = 0.12 s
[25/26] TestRipper::Lexer#test_embedded_expr_in_heredoc = 0.03 s
[26/26] TestRipper::Lexer#test_invalid_escape_ctrl_meta_mbchar = 0.04 s
Finished tests in 4.804454s, 5.4116 tests/s, 44.1257 assertions/s.
26 tests, 212 assertions, 0 failures, 0 errors, 0 skips

ruby -v: ruby 3.4.1 (2025-06-14 revision 742e381c9f) +PRISM [riscv64-freebsd]
end time: 2025-06-22T09:29:56
----------------------------------------
Running test: ../test/ripper/assert_parse_files.rb
start time: 2025-06-22T09:29:56
Run options:
  "--ruby=./miniruby -I../lib -I. -I.ext/common  ../tool/runruby.rb --extout=.ext  -- --disable-gems
"
  --excludes-dir=../test/.excludes
  --name=!/memory_leak/
  -s
  3216
  --timeout-scale
  10
  --worker-timeout=100
  -v

# Running tests:

Finished tests in 1.139827s, 0.0000 tests/s, 0.0000 assertions/s.
0 tests, 0 assertions, 0 failures, 0 errors, 0 skips

ruby -v: ruby 3.4.1 (2025-06-14 revision 742e381c9f) +PRISM [riscv64-freebsd]
end time: 2025-06-22T09:30:16
----------------------------------------
Running test: ../test/ripper/test_sexp.rb
start time: 2025-06-22T09:30:16
Run options:
  "--ruby=./miniruby -I../lib -I. -I.ext/common  ../tool/runruby.rb --extout=.ext  -- --disable-gems
"
  --excludes-dir=../test/.excludes
  --name=!/memory_leak/
  -s
  3216
  --timeout-scale
  10
  --worker-timeout=100
  -v

# Running tests:

[ 1/58] TestRipper::Sexp#test_defs_fname = 0.07 s
[ 2/58] TestRipper::Sexp#test_squiggly_heredoc = 0.02 s
[ 3/58] TestRipper::Sexp#test_pattern_matching_349 = 0.02 s
[ 4/58] TestRipper::Sexp#test_hshptn = 0.03 s
[ 5/58] TestRipper::Sexp#test_pattern_matching_326 = 0.02 s
[ 6/58] TestRipper::Sexp#test_pattern_matching_186 = 0.02 s
[ 7/58] TestRipper::Sexp#test_pattern_matching_411 = 0.02 s
[ 8/58] TestRipper::Sexp#test_pattern_matching_199 = 0.02 s
[ 9/58] TestRipper::Sexp#test_regexp_content = 0.04 s
[10/58] TestRipper::Sexp#test_pattern_matching_463 = 0.02 s
[11/58] TestRipper::Sexp#test_pattern_matching_262 = 0.02 s
[12/58] TestRipper::Sexp#test_pattern_matching_337 = 0.02 s
[13/58] TestRipper::Sexp#test_pattern_matching_534 = 0.02 s
[14/58] TestRipper::Sexp#test_pattern_matching_496 = 0.02 s
[15/58] TestRipper::Sexp#test_pattern_matching_501 = 0.02 s
[16/58] TestRipper::Sexp#test_dsym = 0.02 s
[17/58] TestRipper::Sexp#test_pattern_matching_232 = 0.02 s
[18/58] TestRipper::Sexp#test_pattern_matching_293 = 0.34 s
[19/58] TestRipper::Sexp#test_pattern_matching_257 = 0.02 s
[20/58] TestRipper::Sexp#test_heredoc_content = 0.01 s
[21/58] TestRipper::Sexp#test_pattern_matching_306 = 0.02 s
[22/58] TestRipper::Sexp#test_pattern_matching_509 = 0.02 s
[23/58] TestRipper::Sexp#test_regexp_named_capture = 0.05 s
[24/58] TestRipper::Sexp#test_pattern_matching_244 = 0.02 s
[25/58] TestRipper::Sexp#test_pattern_matching_512 = 0.02 s
[26/58] TestRipper::Sexp#test_pattern_matching_422 = 0.02 s
[27/58] TestRipper::Sexp#test_pattern_matching_173 = 0.01 s
[28/58] TestRipper::Sexp#test_squiggly_heredoc_with_interpolated_expression = 0.03 s
[29/58] TestRipper::Sexp#test_hash_value_omission = 0.02 s
[30/58] TestRipper::Sexp#test_pattern_matching_518 = 0.02 s
[31/58] TestRipper::Sexp#test_pattern_matching_285 = 0.02 s
[32/58] TestRipper::Sexp#test_pattern_matching_224 = 0.02 s
[33/58] TestRipper::Sexp#test_pattern_matching_446 = 0.02 s
[34/58] TestRipper::Sexp#test_pattern_matching_314 = 0.02 s
[35/58] TestRipper::Sexp#test_pattern_matching_515 = 0.02 s
[36/58] TestRipper::Sexp#test_pattern_matching_178 = 0.02 s
[37/58] TestRipper::Sexp#test_params_mlhs = 0.03 s
[38/58] TestRipper::Sexp#test_pattern_matching_488 = 0.02 s
[39/58] TestRipper::Sexp#test_pattern_matching_506 = 0.02 s
[40/58] TestRipper::Sexp#test_def_fname = 0.03 s
[41/58] TestRipper::Sexp#test_command = 0.02 s
[42/58] TestRipper::Sexp#test_raise_errors_keyword = 0.03 s
[43/58] TestRipper::Sexp#test_pattern_matching_451 = 0.02 s
[44/58] TestRipper::Sexp#test_pattern_matching_360 = 0.02 s
[45/58] TestRipper::Sexp#test_pattern_matching_430 = 0.02 s
[46/58] TestRipper::Sexp#test_pattern_matching_298 = 0.02 s
[47/58] TestRipper::Sexp#test_pattern_matching_368 = 0.02 s
[48/58] TestRipper::Sexp#test_pattern_matching_438 = 0.02 s
[49/58] TestRipper::Sexp#test_pattern_matching_399 = 0.02 s
[50/58] TestRipper::Sexp#test_compile_error = 0.10 s
[51/58] TestRipper::Sexp#test_pattern_matching_391 = 0.02 s
[52/58] TestRipper::Sexp#test_pattern_matching_194 = 0.02 s
[53/58] TestRipper::Sexp#test_named_with_default = 0.05 s
[54/58] TestRipper::Sexp#test_pattern_matching_211 = 0.02 s
[55/58] TestRipper::Sexp#test_pattern_matching_274 = 0.02 s
[56/58] TestRipper::Sexp#test_pattern_matching_475 = 0.03 s
[57/58] TestRipper::Sexp#test_pattern_matching_526 = 0.02 s
[58/58] TestRipper::Sexp#test_pattern_matching_380 = 0.02 s
Finished tests in 5.346175s, 10.8489 tests/s, 40.0286 assertions/s.
58 tests, 214 assertions, 0 failures, 0 errors, 0 skips

ruby -v: ruby 3.4.1 (2025-06-14 revision 742e381c9f) +PRISM [riscv64-freebsd]
end time: 2025-06-22T09:30:42
----------------------------------------
Running test: ../test/error_highlight/test_error_highlight.rb
start time: 2025-06-22T09:30:42
Run options:
  "--ruby=./miniruby -I../lib -I. -I.ext/common  ../tool/runruby.rb --extout=.ext  -- --disable-gems
"
  --excludes-dir=../test/.excludes
  --name=!/memory_leak/
  -s
  3216
  --timeout-scale
  10
  --worker-timeout=100
  -v

# Running tests:

[  1/105] ErrorHighlightTest#test_errors_on_small_terminal_window_at_the_middle_near_beginning = 15.
22 s
[  2/105] ErrorHighlightTest#test_custom_formatter = 2.89 s
[  3/105] ErrorHighlightTest#test_errors_on_small_terminal_window_when_exact_size_of_viewport = 4.33
 s
[  4/105] ErrorHighlightTest#test_args_ATTRASGN_3 = 2.04 s
[  5/105] ErrorHighlightTest#test_const_get = 4.29 s
[  6/105] ErrorHighlightTest#test_args_ATTRASGN_1 = 2.03 s
[  7/105] ErrorHighlightTest#test_spot_with_backtrace_location = 3.23 s
[  8/105] ErrorHighlightTest#test_errors_on_small_terminal_window_at_the_end = 2.22 s
[  9/105] ErrorHighlightTest#test_errors_on_small_terminal_window_at_the_middle = 3.66 s
[ 10/105] ErrorHighlightTest#test_OP_ASGN2_read_3 = 1.95 s
[ 11/105] ErrorHighlightTest#test_spot_with_node = 0.07 s
[ 12/105] ErrorHighlightTest#test_OP_ASGN2_read_1 = 1.87 s
[ 13/105] ErrorHighlightTest#test_OP_ASGN1_op_4 = 1.99 s
[ 14/105] ErrorHighlightTest#test_CALL_special_call_2 = 1.58 s
[ 15/105] ErrorHighlightTest#test_ATTRASGN_2 = 1.73 s
[ 16/105] ErrorHighlightTest#test_OPCALL_binary_2 = 3.05 s
[ 17/105] ErrorHighlightTest#test_ATTRASGN_4 = 1.88 s
[ 18/105] ErrorHighlightTest#test_OP_ASGN1_op_2 = 1.73 s
[ 19/105] ErrorHighlightTest#test_OP_ASGN1_aref_3 = 1.94 s
[ 20/105] ErrorHighlightTest#test_COLON2_4 = 2.95 s
[ 21/105] ErrorHighlightTest#test_OPCALL_unary_2 = 1.89 s
[ 22/105] ErrorHighlightTest#test_errors_on_extremely_small_terminal_window = 3.63 s
[ 23/105] ErrorHighlightTest#test_CALL_arg_5 = 1.73 s
[ 24/105] ErrorHighlightTest#test_OP_ASGN1_aref_1 = 2.01 s
[ 25/105] ErrorHighlightTest#test_CALL_arg_7 = 1.31 s
[ 26/105] ErrorHighlightTest#test_errors_on_terminal_window_smaller_than_min_width = 2.51 s
[ 27/105] ErrorHighlightTest#test_CALL_arg_1 = 2.46 s
[ 28/105] ErrorHighlightTest#test_COLON2_2 = 4.19 s
[ 29/105] ErrorHighlightTest#test_CALL_arg_3 = 2.09 s
[ 30/105] ErrorHighlightTest#test_OP_ASGN2_op_2 = 1.72 s
[ 31/105] ErrorHighlightTest#test_CALL_aset = 1.91 s
[ 32/105] ErrorHighlightTest#test_args_OP_ASGN1_aref_2 = 1.67 s
[ 33/105] ErrorHighlightTest#test_OP_ASGN2_write_2 = 1.94 s
[ 34/105] ErrorHighlightTest#test_OP_ASGN1_aset_1 = 3.09 s
[ 35/105] ErrorHighlightTest#test_OP_ASGN1_aset_3 = 2.38 s
[ 36/105] ErrorHighlightTest#test_QCALL_2 = 1.90 s
[ 37/105] ErrorHighlightTest#test_args_FCALL_1 = 2.11 s
[ 38/105] ErrorHighlightTest#test_FCALL_2 = 2.33 s
[ 39/105] ErrorHighlightTest#test_COLON3 = 2.75 s
[ 40/105] ErrorHighlightTest#test_OP_CDECL_op_1 = 3.13 s
[ 41/105] ErrorHighlightTest#test_OP_CDECL_read_1 = 2.85 s
[ 42/105] ErrorHighlightTest#test_OP_CDECL_op_3 = 2.05 s
[ 43/105] ErrorHighlightTest#test_args_CALL_1 = 1.71 s
[ 44/105] ErrorHighlightTest#test_OP_CDECL_read_3 = 2.77 s
[ 45/105] ErrorHighlightTest#test_local_variable_get = 1.77 s
[ 46/105] ErrorHighlightTest#test_CALL_noarg_2 = 3.17 s
[ 47/105] ErrorHighlightTest#test_OP_CDECL_toplevel_2 = 2.13 s
[ 48/105] ErrorHighlightTest#test_errors_on_small_terminal_window_when_larger_than_viewport = 4.36 s
[ 49/105] ErrorHighlightTest#test_CALL_noarg_4 = 2.15 s
[ 50/105] ErrorHighlightTest#test_args_OPCALL = 1.81 s
[ 51/105] ErrorHighlightTest#test_CALL_aref_3 = 1.81 s
[ 52/105] ErrorHighlightTest#test_CALL_send = 3.25 s
[ 53/105] ErrorHighlightTest#test_CALL_aref_1 = 2.13 s
[ 54/105] ErrorHighlightTest#test_CALL_aref_5 = 1.80 s
[ 55/105] ErrorHighlightTest#test_args_OP_ASGN1_op = 2.05 s
[ 56/105] ErrorHighlightTest#test_OP_CDECL_toplevel_1 = 2.67 s
[ 57/105] ErrorHighlightTest#test_CALL_op_asgn = 2.00 s
[ 58/105] ErrorHighlightTest#test_CALL_noarg_1 = 3.08 s
[ 59/105] ErrorHighlightTest#test_CALL_noarg_3 = 2.23 s
[ 60/105] ErrorHighlightTest#test_CALL_aref_4 = 1.65 s
[ 61/105] ErrorHighlightTest#test_args_OP_ASGN2 = 1.96 s
[ 62/105] ErrorHighlightTest#test_CALL_aref_2 = 1.66 s
[ 63/105] ErrorHighlightTest#test_OP_ASGN1_aset_2 = 1.92 s
[ 64/105] ErrorHighlightTest#test_QCALL_1 = 3.09 s
[ 65/105] ErrorHighlightTest#test_OP_ASGN2_write_1 = 1.97 s
[ 66/105] ErrorHighlightTest#test_args_OP_ASGN1_aref_1 = 1.68 s
[ 67/105] ErrorHighlightTest#test_OP_ASGN2_write_3 = 1.95 s
[ 68/105] ErrorHighlightTest#test_OP_ASGN1_aset_4 = 1.66 s
[ 69/105] ErrorHighlightTest#test_OP_CDECL_read_2 = 2.96 s
[ 70/105] ErrorHighlightTest#test_OP_CDECL_op_2 = 3.01 s
[ 71/105] ErrorHighlightTest#test_VCALL_2 = 2.54 s
[ 72/105] ErrorHighlightTest#test_args_CALL_2 = 1.62 s
[ 73/105] ErrorHighlightTest#test_spoofed_filename = 0.83 s
[ 74/105] ErrorHighlightTest#test_FCALL_1 = 2.33 s
[ 75/105] ErrorHighlightTest#test_args_FCALL_2 = 1.92 s
[ 76/105] ErrorHighlightTest#test_OP_ASGN1_op_3 = 1.61 s
[ 77/105] ErrorHighlightTest#test_OP_ASGN1_op_1 = 2.85 s
[ 78/105] ErrorHighlightTest#test_ATTRASGN_5 = 1.96 s
[ 79/105] ErrorHighlightTest#test_OPCALL_binary_3 = 1.77 s
[ 80/105] ErrorHighlightTest#test_errors_on_small_terminal_window_at_the_beginning = 2.34 s
[ 81/105] ErrorHighlightTest#test_ATTRASGN_3 = 1.60 s
[ 82/105] ErrorHighlightTest#test_OPCALL_binary_1 = 2.12 s
[ 83/105] ErrorHighlightTest#test_CALL_special_call_1 = 2.72 s
[ 84/105] ErrorHighlightTest#test_ATTRASGN_1 = 1.94 s
[ 85/105] ErrorHighlightTest#test_OP_ASGN2_op_3 = 1.73 s
[ 86/105] ErrorHighlightTest#test_CALL_arg_2 = 1.92 s
[ 87/105] ErrorHighlightTest#test_CONST = 2.90 s
[ 88/105] ErrorHighlightTest#test_OP_ASGN1_aref_4 = 1.99 s
[ 89/105] ErrorHighlightTest#test_COLON2_3 = 3.95 s
[ 90/105] ErrorHighlightTest#test_OP_ASGN2_op_1 = 2.04 s
[ 91/105] ErrorHighlightTest#test_COLON2_1 = 2.90 s
[ 92/105] ErrorHighlightTest#test_CALL_arg_6 = 1.85 s
[ 93/105] ErrorHighlightTest#test_OPCALL_unary_1 = 1.90 s
[ 94/105] ErrorHighlightTest#test_hard_tabs = 0.44 s
[ 95/105] ErrorHighlightTest#test_CALL_arg_4 = 1.84 s
[ 96/105] ErrorHighlightTest#test_COLON2_5 = 3.97 s
[ 97/105] ErrorHighlightTest#test_simulate_funcallv_from_embedded_ruby = 0.19 s
[ 98/105] ErrorHighlightTest#test_no_final_newline = 0.43 s
[ 99/105] ErrorHighlightTest#test_errors_on_terminal_window_when_truncation_is_disabled = 2.34 s
[100/105] ErrorHighlightTest#test_OP_ASGN1_aref_2 = 2.01 s
[101/105] ErrorHighlightTest#test_explicit_raise_no_method_error = 3.56 s
[102/105] ErrorHighlightTest#test_explicit_raise_name_error = 1.67 s
[103/105] ErrorHighlightTest#test_args_ATTRASGN_2 = 3.08 s
[104/105] ErrorHighlightTest#test_OP_ASGN2_read_2 = 1.83 s
[105/105] ErrorHighlightTest#test_multibyte = 2.06 s
Finished tests in 254.840057s, 0.4120 tests/s, 1.6756 assertions/s.
105 tests, 427 assertions, 0 failures, 0 errors, 1 skips

ruby -v: ruby 3.4.1 (2025-06-14 revision 742e381c9f) +PRISM [riscv64-freebsd]
end time: 2025-06-22T09:35:18
----------------------------------------
Running test: ../test/json/json_addition_test.rb
start time: 2025-06-22T09:35:18
Run options:
  "--ruby=./miniruby -I../lib -I. -I.ext/common  ../tool/runruby.rb --extout=.ext  -- --disable-gems
"
  --excludes-dir=../test/.excludes
  --name=!/memory_leak/
  -s
  3216
  --timeout-scale
  10
  --worker-timeout=100
  -v

# Running tests:

[ 1/12] JSONAdditionTest#test_core = 0.18 s
[ 2/12] JSONAdditionTest#test_extended_json_default = 0.01 s
[ 3/12] JSONAdditionTest#test_extended_json_fail2 = 0.02 s
[ 4/12] JSONAdditionTest#test_raw_strings = 0.06 s
[ 5/12] JSONAdditionTest#test_extended_json = 0.01 s
[ 6/12] JSONAdditionTest#test_set = 0.03 s
[ 7/12] JSONAdditionTest#test_deprecated_load_create_additions = 0.02 s
[ 8/12] JSONAdditionTest#test_ostruct = 0.03 s
[ 9/12] JSONAdditionTest#test_extended_json_disabled = 0.02 s
[10/12] JSONAdditionTest#test_utc_datetime = 0.09 s
[11/12] JSONAdditionTest#test_extended_json_fail1 = 0.01 s
[12/12] JSONAdditionTest#test_rational_complex = 0.02 s
Finished tests in 2.256519s, 5.3179 tests/s, 29.2486 assertions/s.
12 tests, 66 assertions, 0 failures, 0 errors, 0 skips

ruby -v: ruby 3.4.1 (2025-06-14 revision 742e381c9f) +PRISM [riscv64-freebsd]
end time: 2025-06-22T09:35:41
----------------------------------------
Running test: ../test/json/json_common_interface_test.rb
start time: 2025-06-22T09:35:41
Run options:
  "--ruby=./miniruby -I../lib -I. -I.ext/common  ../tool/runruby.rb --extout=.ext  -- --disable-gems
"
  --excludes-dir=../test/.excludes
  --name=!/memory_leak/
  -s
  3216
  --timeout-scale
  10
  --worker-timeout=100
  -v

# Running tests:

[ 1/24] JSONCommonInterfaceTest#test_dump_should_modify_defaults = 0.04 s
[ 2/24] JSONCommonInterfaceTest#test_load_with_options = 0.01 s
[ 3/24] JSONCommonInterfaceTest#test_parse_bang = 0.01 s
[ 4/24] JSONCommonInterfaceTest#test_load_file_with_option! = 0.05 s
[ 5/24] JSONCommonInterfaceTest#test_load_null = 0.02 s
[ 6/24] JSONCommonInterfaceTest#test_deep_const_get = 0.02 s
[ 7/24] JSONCommonInterfaceTest#test_parse = 0.01 s
[ 8/24] JSONCommonInterfaceTest#test_dump = 0.25 s
[ 9/24] JSONCommonInterfaceTest#test_JSON = 0.02 s
[10/24] JSONCommonInterfaceTest#test_load_file_with_option = 0.03 s
[11/24] JSONCommonInterfaceTest#test_generate = 0.01 s
[12/24] JSONCommonInterfaceTest#test_parser = 0.01 s
[13/24] JSONCommonInterfaceTest#test_dump_in_io = 3.84 s
[14/24] JSONCommonInterfaceTest#test_create_id = 0.01 s
[15/24] JSONCommonInterfaceTest#test_generator = 0.01 s
[16/24] JSONCommonInterfaceTest#test_index = 0.02 s
[17/24] JSONCommonInterfaceTest#test_fast_generate = 0.01 s
[18/24] JSONCommonInterfaceTest#test_pretty_generate = 0.01 s
[19/24] JSONCommonInterfaceTest#test_state = 0.01 s
[20/24] JSONCommonInterfaceTest#test_load_with_proc = 0.02 s
[21/24] JSONCommonInterfaceTest#test_load_file! = 0.03 s
[22/24] JSONCommonInterfaceTest#test_load_file_with_bad_default_external_encoding = 0.02 s
[23/24] JSONCommonInterfaceTest#test_load_file = 0.02 s
[24/24] JSONCommonInterfaceTest#test_load = 0.05 s
Finished tests in 6.764196s, 3.5481 tests/s, 15.5229 assertions/s.
24 tests, 105 assertions, 0 failures, 0 errors, 0 skips

ruby -v: ruby 3.4.1 (2025-06-14 revision 742e381c9f) +PRISM [riscv64-freebsd]
end time: 2025-06-22T09:36:07
----------------------------------------
Running test: ../test/json/json_fixtures_test.rb
start time: 2025-06-22T09:36:07
Run options:
  "--ruby=./miniruby -I../lib -I. -I.ext/common  ../tool/runruby.rb --extout=.ext  -- --disable-gems
"
  --excludes-dir=../test/.excludes
  --name=!/memory_leak/
  -s
  3216
  --timeout-scale
  10
  --worker-timeout=100
  -v

# Running tests:

[1/3] JSONFixturesTest#test_failing = 0.22 s
[2/3] JSONFixturesTest#test_passing = 0.13 s
[3/3] JSONFixturesTest#test_sanity = 0.10 s
Finished tests in 1.765418s, 1.6993 tests/s, 22.6575 assertions/s.
3 tests, 40 assertions, 0 failures, 0 errors, 0 skips

ruby -v: ruby 3.4.1 (2025-06-14 revision 742e381c9f) +PRISM [riscv64-freebsd]
end time: 2025-06-22T09:36:28
----------------------------------------
Running test: ../test/json/test_helper.rb
start time: 2025-06-22T09:36:28
Run options:
  "--ruby=./miniruby -I../lib -I. -I.ext/common  ../tool/runruby.rb --extout=.ext  -- --disable-gems
"
  --excludes-dir=../test/.excludes
  --name=!/memory_leak/
  -s
  3216
  --timeout-scale
  10
  --worker-timeout=100
  -v

# Running tests:

Finished tests in 1.063377s, 0.0000 tests/s, 0.0000 assertions/s.
0 tests, 0 assertions, 0 failures, 0 errors, 0 skips

ruby -v: ruby 3.4.1 (2025-06-14 revision 742e381c9f) +PRISM [riscv64-freebsd]
end time: 2025-06-22T09:36:48
----------------------------------------
Running test: ../test/json/ractor_test.rb
start time: 2025-06-22T09:36:48
Run options:
  "--ruby=./miniruby -I../lib -I. -I.ext/common  ../tool/runruby.rb --extout=.ext  -- --disable-gems
"
  --excludes-dir=../test/.excludes
  --name=!/memory_leak/
  -s
  3216
  --timeout-scale
  10
  --worker-timeout=100
  -v

# Running tests:

[1/1] JSONInRactorTest#test_generate = 1.81 s
Finished tests in 3.071620s, 0.3256 tests/s, 0.9767 assertions/s.
1 tests, 3 assertions, 0 failures, 0 errors, 0 skips

ruby -v: ruby 3.4.1 (2025-06-14 revision 742e381c9f) +PRISM [riscv64-freebsd]
end time: 2025-06-22T09:37:10
----------------------------------------
Running test: ../test/json/json_parser_test.rb
start time: 2025-06-22T09:37:10
Run options:
  "--ruby=./miniruby -I../lib -I. -I.ext/common  ../tool/runruby.rb --extout=.ext  -- --disable-gems
"
  --excludes-dir=../test/.excludes
  --name=!/memory_leak/
  -s
  3216
  --timeout-scale
  10
  --worker-timeout=100
  -v

# Running tests:

[ 1/38] JSONParserTest#test_parse_numbers = 0.07 s
[ 2/38] JSONParserTest#test_generate_of_core_subclasses = 0.02 s
[ 3/38] JSONParserTest#test_symbolize_names = 0.02 s
[ 4/38] JSONParserTest#test_parse_simple_objects = 0.03 s
[ 5/38] JSONParserTest#test_parsing = 0.01 s
[ 6/38] JSONParserTest#test_freeze = 0.02 s
[ 7/38] JSONParserTest#test_parse_error_incomplete_hash = 0.01 s
[ 8/38] JSONParserTest#test_generate_core_subclasses_with_default_to_json = 0.01 s
[ 9/38] JSONParserTest#test_parse_arrays_with_allow_trailing_comma = 0.04 s
[10/38] JSONParserTest#test_parse_simple_arrays = 0.02 s
[11/38] JSONParserTest#test_error_message_encoding = 0.02 s
[12/38] JSONParserTest#test_parse_broken_string = 0.05 s
[13/38] JSONParserTest#test_parse_object = 0.01 s
[14/38] JSONParserTest#test_some_wrong_inputs = 0.04 s
[15/38] JSONParserTest#test_backslash = 0.01 s
[16/38] JSONParserTest#test_parse_array_custom_non_array_derived_class = 0.01 s
[17/38] JSONParserTest#test_parse_object_custom_hash_derived_class = 0.01 s
[18/38] JSONParserTest#test_parsing_frozen_ascii8bit_string = 0.01 s
[19/38] JSONParserTest#test_parse_big_integers = 0.02 s
[20/38] JSONParserTest#test_parse_values = 0.02 s
[21/38] JSONParserTest#test_parse_json_primitive_values = 0.03 s
[22/38] JSONParserTest#test_parse_arrays = 0.02 s
[23/38] JSONParserTest#test_parse_array_custom_array_derived_class = 0.01 s
[24/38] JSONParserTest#test_parse_string_mixed_unicode = 0.37 s
[25/38] JSONParserTest#test_nesting = 0.19 s
[26/38] JSONParserTest#test_parse_object_with_allow_trailing_comma = 0.04 s
[27/38] JSONParserTest#test_argument_encoding_for_binary_unmodified = 0.01 s
[28/38] JSONParserTest#test_generate_core_subclasses_with_new_to_json = 0.03 s
[29/38] JSONParserTest#test_parse_error_message_length = 0.02 s
[30/38] JSONParserTest#test_parse_more_complex_arrays = 2.43 s
[31/38] JSONParserTest#test_parse_complex_objects = 4.54 s
[32/38] JSONParserTest#test_parse_comments = 0.02 s
[33/38] JSONParserTest#test_parse_generic_object = 0.10 s
[34/38] JSONParserTest#test_parse_some_strings = 0.01 s
[35/38] JSONParserTest#test_argument_encoding_unmodified = 0.03 s
[36/38] JSONParserTest#test_construction = 0.01 s
[37/38] JSONParserTest#test_parser_reset = 0.01 s
[38/38] JSONParserTest#test_parse_object_custom_non_hash_derived_class = 0.02 s
Finished tests in 11.158032s, 3.4056 tests/s, 155.9415 assertions/s.
38 tests, 1740 assertions, 0 failures, 0 errors, 0 skips

ruby -v: ruby 3.4.1 (2025-06-14 revision 742e381c9f) +PRISM [riscv64-freebsd]
end time: 2025-06-22T09:37:41
----------------------------------------
Running test: ../test/json/json_ext_parser_test.rb
start time: 2025-06-22T09:37:41
Run options:
  "--ruby=./miniruby -I../lib -I. -I.ext/common  ../tool/runruby.rb --extout=.ext  -- --disable-gems
"
  --excludes-dir=../test/.excludes
  --name=!/memory_leak/
  -s
  3216
  --timeout-scale
  10
  --worker-timeout=100
  -v

# Running tests:

[1/4] JSONExtParserTest#test_error_messages = 0.05 s
[2/4] JSONExtParserTest#test_gc_stress = 0.02 s
[3/4] JSONExtParserTest#test_gc_stress_parser_new = 0.02 s
[4/4] JSONExtParserTest#test_allocate = 0.02 s
Finished tests in 1.463299s, 2.7335 tests/s, 10.9342 assertions/s.
4 tests, 16 assertions, 0 failures, 0 errors, 0 skips

ruby -v: ruby 3.4.1 (2025-06-14 revision 742e381c9f) +PRISM [riscv64-freebsd]
end time: 2025-06-22T09:38:02
----------------------------------------
Running test: ../test/json/json_encoding_test.rb
start time: 2025-06-22T09:38:02
Run options:
  "--ruby=./miniruby -I../lib -I. -I.ext/common  ../tool/runruby.rb --extout=.ext  -- --disable-gems
"
  --excludes-dir=../test/.excludes
  --name=!/memory_leak/
  -s
  3216
  --timeout-scale
  10
  --worker-timeout=100
  -v

# Running tests:

[1/4] JSONEncodingTest#test_chars = 0.35 s
[2/4] JSONEncodingTest#test_parse = 0.02 s
[3/4] JSONEncodingTest#test_generate = 0.02 s
[4/4] JSONEncodingTest#test_unicode = 0.05 s
Finished tests in 1.810297s, 2.2096 tests/s, 113.2411 assertions/s.
4 tests, 205 assertions, 0 failures, 0 errors, 0 skips

ruby -v: ruby 3.4.1 (2025-06-14 revision 742e381c9f) +PRISM [riscv64-freebsd]
end time: 2025-06-22T09:38:23
----------------------------------------
Running test: ../test/json/json_generic_object_test.rb
start time: 2025-06-22T09:38:23
Run options:
  "--ruby=./miniruby -I../lib -I. -I.ext/common  ../tool/runruby.rb --extout=.ext  -- --disable-gems
"
  --excludes-dir=../test/.excludes
  --name=!/memory_leak/
  -s
  3216
  --timeout-scale
  10
  --worker-timeout=100
  -v

# Running tests:

[1/5] JSONGenericObjectTest#test_attributes = 1.01 s
[2/5] JSONGenericObjectTest#test_json_generic_object_load = 0.05 s
[3/5] JSONGenericObjectTest#test_from_hash = 0.04 s
[4/5] JSONGenericObjectTest#test_parse_json = 0.05 s
[5/5] JSONGenericObjectTest#test_generate_json = 0.02 s
Finished tests in 2.583162s, 1.9356 tests/s, 13.9364 assertions/s.
5 tests, 36 assertions, 0 failures, 0 errors, 0 skips

ruby -v: ruby 3.4.1 (2025-06-14 revision 742e381c9f) +PRISM [riscv64-freebsd]
end time: 2025-06-22T09:38:44
----------------------------------------
Running test: ../test/json/json_generator_test.rb
start time: 2025-06-22T09:38:44
Run options:
  "--ruby=./miniruby -I../lib -I. -I.ext/common  ../tool/runruby.rb --extout=.ext  -- --disable-gems
"
  --excludes-dir=../test/.excludes
  --name=!/memory_leak/
  -s
  3216
  --timeout-scale
  10
  --worker-timeout=100
  -v

# Running tests:

[ 1/39] JSONGeneratorTest#test_to_json_called_with_state_object = 0.04 s
[ 2/39] JSONGeneratorTest#test_string_subclass = 0.02 s
[ 3/39] JSONGeneratorTest#test_hash_likeness_set_symbol = 0.05 s
[ 4/39] JSONGeneratorTest#test_invalid_encoding_string = 0.17 s
[ 5/39] JSONGeneratorTest#test_array_subclass_with_to_s = 0.01 s
[ 6/39] JSONGeneratorTest#test_generate_custom = 0.01 s
[ 7/39] JSONGeneratorTest#test_string_subclass_as_keys = 0.01 s
[ 8/39] JSONGeneratorTest#test_gc = 27.75 s
[ 9/39] JSONGeneratorTest#test_json_generate_unsupported_types = 0.04 s
[10/39] JSONGeneratorTest#test_falsy_state = 0.02 s
[11/39] JSONGeneratorTest#test_valid_utf8_in_different_encoding = 0.04 s
[12/39] JSONGeneratorTest#test_own_state = 0.03 s
[13/39] JSONGeneratorTest#test_safe_state = 0.02 s
[14/39] JSONGeneratorTest#test_hash_likeness_set_string = 0.02 s
[15/39] JSONGeneratorTest#test_backslash = 0.02 s
[16/39] JSONGeneratorTest#test_pretty_state = 0.02 s
[17/39] JSONGeneratorTest#test_string_ext_included_calls_super = 0.02 s
[18/39] JSONGeneratorTest#test_string_subclass_with_to_json = 0.02 s
[19/39] JSONGeneratorTest#test_dump_unenclosed_hash = 0.01 s
[20/39] JSONGeneratorTest#test_nonutf8_encoding = 0.03 s
[21/39] JSONGeneratorTest#test_generate = 0.03 s
[22/39] JSONGeneratorTest#test_generate_pretty = 0.04 s
[23/39] JSONGeneratorTest#test_configure_hash_conversion = 0.46 s
[24/39] JSONGeneratorTest#test_broken_bignum = 0.70 s
[25/39] JSONGeneratorTest#test_dump_strict = 0.03 s
[26/39] JSONGeneratorTest#test_nesting = 0.17 s
[27/39] JSONGeneratorTest#test_allow_nan = 0.20 s
[28/39] JSONGeneratorTest#test_string_subclass_with_to_s = 0.02 s
[29/39] JSONGeneratorTest#test_buffer_initial_length = 0.01 s
[30/39] JSONGeneratorTest#test_hash_subclass_with_to_json = 0.02 s
[31/39] JSONGeneratorTest#test_configure_using_configure_and_merge = 0.02 s
[32/39] JSONGeneratorTest#test_fast_generate = 0.02 s
[33/39] JSONGeneratorTest#test_depth = 0.10 s
[34/39] JSONGeneratorTest#test_states = 0.14 s
[35/39] JSONGeneratorTest#test_json_generate = 0.03 s
[36/39] JSONGeneratorTest#test_array_subclass_with_to_json = 0.01 s
[37/39] JSONGeneratorTest#test_fast_state = 0.02 s
[38/39] JSONGeneratorTest#test_hash_subclass_with_to_s = 0.01 s
[39/39] JSONGeneratorTest#test_custom_object_as_keys = 0.04 s
Finished tests in 33.847257s, 1.1522 tests/s, 6.7952 assertions/s.
39 tests, 230 assertions, 0 failures, 0 errors, 0 skips

ruby -v: ruby 3.4.1 (2025-06-14 revision 742e381c9f) +PRISM [riscv64-freebsd]
end time: 2025-06-22T09:39:38
----------------------------------------
Running test: ../test/json/json_string_matching_test.rb
start time: 2025-06-22T09:39:38
Run options:
  "--ruby=./miniruby -I../lib -I. -I.ext/common  ../tool/runruby.rb --extout=.ext  -- --disable-gems
"
  --excludes-dir=../test/.excludes
  --name=!/memory_leak/
  -s
  3216
  --timeout-scale
  10
  --worker-timeout=100
  -v

# Running tests:

[1/1] JSONStringMatchingTest#test_match_date = 0.11 s
Finished tests in 2.020941s, 0.4948 tests/s, 1.9793 assertions/s.
1 tests, 4 assertions, 0 failures, 0 errors, 0 skips

ruby -v: ruby 3.4.1 (2025-06-14 revision 742e381c9f) +PRISM [riscv64-freebsd]
end time: 2025-06-22T09:39:59
----------------------------------------
Running test: ../test/runner.rb
start time: 2025-06-22T09:39:59
Run options:
  "--ruby=./miniruby -I../lib -I. -I.ext/common  ../tool/runruby.rb --extout=.ext  -- --disable-gems
"
  --excludes-dir=../test/.excludes
  --name=!/memory_leak/
  -s
  3216
  --timeout-scale
  10
  --worker-timeout=100
  -v

# Running tests:

Finished tests in 1.038877s, 0.0000 tests/s, 0.0000 assertions/s.
0 tests, 0 assertions, 0 failures, 0 errors, 0 skips

ruby -v: ruby 3.4.1 (2025-06-14 revision 742e381c9f) +PRISM [riscv64-freebsd]
end time: 2025-06-22T09:40:18
----------------------------------------
Running test: ../test/irb/test_eval_history.rb
start time: 2025-06-22T09:40:18
Run options:
  "--ruby=./miniruby -I../lib -I. -I.ext/common  ../tool/runruby.rb --extout=.ext  -- --disable-gems
"
  --excludes-dir=../test/.excludes
  --name=!/memory_leak/
  -s
  3216
  --timeout-scale
  10
  --worker-timeout=100
  -v

# Running tests:

[1/3] TestIRB::EvalHistoryTest#test_eval_history_respects_given_limit = 0.75 s
[2/3] TestIRB::EvalHistoryTest#test_eval_history_can_be_retrieved_with_double_underscore = 0.57 s
[3/3] TestIRB::EvalHistoryTest#test_eval_history_is_disabled_by_default = 0.26 s
Finished tests in 4.817583s, 0.6227 tests/s, 2.4909 assertions/s.
3 tests, 12 assertions, 0 failures, 0 errors, 0 skips

ruby -v: ruby 3.4.1 (2025-06-14 revision 742e381c9f) +PRISM [riscv64-freebsd]
end time: 2025-06-22T09:41:03
----------------------------------------
Running test: ../test/irb/yamatanooroti/test_rendering.rb
start time: 2025-06-22T09:41:03
Run options:
  "--ruby=./miniruby -I../lib -I. -I.ext/common  ../tool/runruby.rb --extout=.ext  -- --disable-gems
"
  --excludes-dir=../test/.excludes
  --name=!/memory_leak/
  -s
  3216
  --timeout-scale
  10
  --worker-timeout=100
  -v

# Running tests:

Finished tests in 1.453309s, 0.0000 tests/s, 0.0000 assertions/s.
0 tests, 0 assertions, 0 failures, 0 errors, 0 skips

ruby -v: ruby 3.4.1 (2025-06-14 revision 742e381c9f) +PRISM [riscv64-freebsd]
end time: 2025-06-22T09:41:40
----------------------------------------
Running test: ../test/irb/test_helper_method.rb
start time: 2025-06-22T09:41:40
Run options:
  "--ruby=./miniruby -I../lib -I. -I.ext/common  ../tool/runruby.rb --extout=.ext  -- --disable-gems
"
  --excludes-dir=../test/.excludes
  --name=!/memory_leak/
  -s
  3216
  --timeout-scale
  10
  --worker-timeout=100
  -v

# Running tests:

[1/4] TestIRB::TestHelperMethod::ConfTest#test_conf_returns_the_context_object = 0.30 s
[2/4] TestIRB::HelperMethodIntegrationTest#test_arguments_propogation = 0.06 s
[3/4] TestIRB::HelperMethodIntegrationTest#test_helper_method_instances_are_memoized = 0.04 s
[4/4] TestIRB::HelperMethodIntegrationTest#test_helper_method_injection_can_happen_after_irb_require
 = 0.04 s
Finished tests in 3.998209s, 1.0004 tests/s, 2.5011 assertions/s.
4 tests, 10 assertions, 0 failures, 0 errors, 3 skips

ruby -v: ruby 3.4.1 (2025-06-14 revision 742e381c9f) +PRISM [riscv64-freebsd]
end time: 2025-06-22T09:42:24
----------------------------------------
Running test: ../test/irb/test_workspace.rb
start time: 2025-06-22T09:42:24
Run options:
  "--ruby=./miniruby -I../lib -I. -I.ext/common  ../tool/runruby.rb --extout=.ext  -- --disable-gems
"
  --excludes-dir=../test/.excludes
  --name=!/memory_leak/
  -s
  3216
  --timeout-scale
  10
  --worker-timeout=100
  -v

# Running tests:

[1/5] TestIRB::WorkSpaceTest#test_code_around_binding_on_irb = 0.05 s
[2/5] TestIRB::WorkSpaceTest#test_code_around_binding_with_script_lines__ = 0.07 s
[3/5] TestIRB::WorkSpaceTest#test_code_around_binding = 0.05 s
[4/5] TestIRB::WorkSpaceTest#test_toplevel_binding_local_variables = 23.78 s
[5/5] TestIRB::WorkSpaceTest#test_code_around_binding_with_existing_unreadable_file = 0.05 s
Finished tests in 26.255310s, 0.1904 tests/s, 0.6094 assertions/s.
5 tests, 16 assertions, 0 failures, 0 errors, 1 skips

ruby -v: ruby 3.4.1 (2025-06-14 revision 742e381c9f) +PRISM [riscv64-freebsd]
end time: 2025-06-22T09:43:31
----------------------------------------
Running test: ../test/irb/test_option.rb
start time: 2025-06-22T09:43:31
Run options:
  "--ruby=./miniruby -I../lib -I. -I.ext/common  ../tool/runruby.rb --extout=.ext  -- --disable-gems
"
  --excludes-dir=../test/.excludes
  --name=!/memory_leak/
  -s
  3216
  --timeout-scale
  10
  --worker-timeout=100
  -v

# Running tests:

[1/1] TestIRB::OptionTest#test_end_of_option = 22.88 s
Finished tests in 24.518094s, 0.0408 tests/s, 0.2447 assertions/s.
1 tests, 6 assertions, 0 failures, 0 errors, 0 skips

ruby -v: ruby 3.4.1 (2025-06-14 revision 742e381c9f) +PRISM [riscv64-freebsd]
end time: 2025-06-22T09:44:19
----------------------------------------
Running test: ../test/irb/helper.rb
start time: 2025-06-22T09:44:19
Run options:
  "--ruby=./miniruby -I../lib -I. -I.ext/common  ../tool/runruby.rb --extout=.ext  -- --disable-gems
"
  --excludes-dir=../test/.excludes
  --name=!/memory_leak/
  -s
  3216
  --timeout-scale
  10
  --worker-timeout=100
  -v

# Running tests:

Finished tests in 1.420761s, 0.0000 tests/s, 0.0000 assertions/s.
0 tests, 0 assertions, 0 failures, 0 errors, 0 skips

ruby -v: ruby 3.4.1 (2025-06-14 revision 742e381c9f) +PRISM [riscv64-freebsd]
end time: 2025-06-22T09:44:45
----------------------------------------
Running test: ../test/irb/test_color.rb
start time: 2025-06-22T09:44:45
Run options:
  "--ruby=./miniruby -I../lib -I. -I.ext/common  ../tool/runruby.rb --extout=.ext  -- --disable-gems
"
  --excludes-dir=../test/.excludes
  --name=!/memory_leak/
  -s
  3216
  --timeout-scale
  10
  --worker-timeout=100
  -v

# Running tests:

[1/6] TestIRB::ColorTest#test_colorize_code_complete_false = 0.32 s
[2/6] TestIRB::ColorTest#test_colorize_code_complete_true = 0.24 s
[3/6] TestIRB::ColorTest#test_colorize = 0.50 s
[4/6] TestIRB::ColorTest#test_inspect_colorable = 0.05 s
[5/6] TestIRB::ColorTest#test_colorize_code = 16.25 s
[6/6] TestIRB::ColorTest#test_colorize_code_with_local_variables = 0.36 s
Finished tests in 20.138932s, 0.2979 tests/s, 27.8068 assertions/s.
6 tests, 560 assertions, 0 failures, 0 errors, 0 skips

ruby -v: ruby 3.4.1 (2025-06-14 revision 742e381c9f) +PRISM [riscv64-freebsd]
end time: 2025-06-22T09:45:40
----------------------------------------
Running test: ../test/irb/test_raise_exception.rb
start time: 2025-06-22T09:45:40
Run options:
  "--ruby=./miniruby -I../lib -I. -I.ext/common  ../tool/runruby.rb --extout=.ext  -- --disable-gems
"
  --excludes-dir=../test/.excludes
  --name=!/memory_leak/
  -s
  3216
  --timeout-scale
  10
  --worker-timeout=100
  -v

# Running tests:

[1/5] TestIRB::RaiseExceptionTest#test_raise_exception_with_message_inspect_exception = 24.06 s
[2/5] TestIRB::RaiseExceptionTest#test_raise_exception_with_nil_backtrace = 23.64 s
[3/5] TestIRB::RaiseExceptionTest#test_raise_exception_with_invalid_byte_sequence = 23.64 s
[4/5] TestIRB::RaiseExceptionTest#test_raise_exception_with_message_exception = 25.02 s
[5/5] TestIRB::RaiseExceptionTest#test_raise_exception_with_different_encoding_containing_invalid_by
te_sequence = 24.99 s
Finished tests in 123.202019s, 0.0406 tests/s, 0.2029 assertions/s.
5 tests, 25 assertions, 0 failures, 0 errors, 0 skips

ruby -v: ruby 3.4.1 (2025-06-14 revision 742e381c9f) +PRISM [riscv64-freebsd]
end time: 2025-06-22T09:48:07
----------------------------------------
Running test: ../test/irb/test_history.rb
start time: 2025-06-22T09:48:07
Run options:
  "--ruby=./miniruby -I../lib -I. -I.ext/common  ../tool/runruby.rb --extout=.ext  -- --disable-gems
"
  --excludes-dir=../test/.excludes
  --name=!/memory_leak/
  -s
  3216
  --timeout-scale
  10
  --worker-timeout=100
  -v

# Running tests:

[ 1/18] TestIRB::IRBHistoryIntegrationTest#test_nested_history_saving_from_inner_session_with_exit!
= 0.08 s
[ 2/18] TestIRB::IRBHistoryIntegrationTest#test_nested_history_saving_from_outer_session_with_exit!
= 0.04 s
[ 3/18] TestIRB::IRBHistoryIntegrationTest#test_direct_debug_session_loads_history = 0.04 s
[ 4/18] TestIRB::IRBHistoryIntegrationTest#test_history_saving_with_debug = 0.04 s
[ 5/18] TestIRB::IRBHistoryIntegrationTest#test_history_saving_with_nested_sessions = 0.04 s
[ 6/18] TestIRB::IRBHistoryIntegrationTest#test_history_saving_with_nested_sessions_and_prior_histor
y = 0.04 s
[ 7/18] TestIRB::IRBHistoryIntegrationTest#test_history_saving_with_debug_without_prior_history = 0.
04 s
[ 8/18] TestIRB::HistoryTest#test_history_concurrent_use_not_present = 0.12 s
[ 9/18] TestIRB::HistoryTest#test_history_concurrent_use_reline = 0.47 s
[10/18] TestIRB::HistoryTest#test_history_save_bignum = 0.08 s
[11/18] TestIRB::HistoryTest#test_history_different_encodings = 0.10 s
[12/18] TestIRB::HistoryTest#test_no_home_no_history_file_does_not_raise_history_save = 0.03 s
[13/18] TestIRB::HistoryTest#test_history_concurrent_use_readline = 0.11 s
[14/18] TestIRB::HistoryTest#test_history_save_minus_as_infinity = 0.07 s
[15/18] TestIRB::HistoryTest#test_history_does_not_raise_when_history_file_directory_does_not_exist
= 0.04 s
[16/18] TestIRB::HistoryTest#test_history_dont_save = 0.06 s
[17/18] TestIRB::HistoryTest#test_history_save_100 = 0.07 s
[18/18] TestIRB::HistoryTest#test_history_save_1 = 0.08 s
Finished tests in 4.539270s, 3.9654 tests/s, 11.2353 assertions/s.
18 tests, 51 assertions, 0 failures, 0 errors, 7 skips

ruby -v: ruby 3.4.1 (2025-06-14 revision 742e381c9f) +PRISM [riscv64-freebsd]
end time: 2025-06-22T09:48:52
----------------------------------------
Running test: ../test/irb/test_nesting_parser.rb
start time: 2025-06-22T09:48:53
Run options:
  "--ruby=./miniruby -I../lib -I. -I.ext/common  ../tool/runruby.rb --extout=.ext  -- --disable-gems
"
  --excludes-dir=../test/.excludes
  --name=!/memory_leak/
  -s
  3216
  --timeout-scale
  10
  --worker-timeout=100
  -v

# Running tests:

[ 1/11] TestIRB::NestingParserTest#test_ruby_syntax = 1.69 s
[ 2/11] TestIRB::NestingParserTest#test_oneliner_def = 1.02 s
[ 3/11] TestIRB::NestingParserTest#test_for_in = 0.47 s
[ 4/11] TestIRB::NestingParserTest#test_open_tokens = 0.13 s
[ 5/11] TestIRB::NestingParserTest#test_while_until = 0.78 s
[ 6/11] TestIRB::NestingParserTest#test_undef_alias = 0.55 s
[ 7/11] TestIRB::NestingParserTest#test_case_in = 0.09 s
[ 8/11] TestIRB::NestingParserTest#test_heredoc_embexpr = 0.21 s
[ 9/11] TestIRB::NestingParserTest#test_multiline_string = 0.06 s
[10/11] TestIRB::NestingParserTest#test_backslash_continued_nested_symbol = 0.13 s
[11/11] TestIRB::NestingParserTest#test_parse_by_line = 0.10 s
Finished tests in 7.844409s, 1.4023 tests/s, 14.5326 assertions/s.
11 tests, 114 assertions, 0 failures, 0 errors, 0 skips

ruby -v: ruby 3.4.1 (2025-06-14 revision 742e381c9f) +PRISM [riscv64-freebsd]
end time: 2025-06-22T09:49:41
----------------------------------------
Running test: ../test/irb/test_completion.rb
start time: 2025-06-22T09:49:41
Run options:
  "--ruby=./miniruby -I../lib -I. -I.ext/common  ../tool/runruby.rb --extout=.ext  -- --disable-gems
"
  --excludes-dir=../test/.excludes
  --name=!/memory_leak/
  -s
  3216
  --timeout-scale
  10
  --worker-timeout=100
  -v

# Running tests:

[ 1/54] TestIRB::CompletionTest::ConstantCompletionTest#test_complete_constants = 0.44 s
[ 2/54] TestIRB::CompletionTest::ConstantCompletionTest#test_not_completing_empty_string = 0.06 s
[ 3/54] TestIRB::CompletionTest::ConstantCompletionTest#test_complete_methods = 0.75 s
[ 4/54] TestIRB::CompletionTest::ConstantCompletionTest#test_complete_symbol = 3.73 s
[ 5/54] TestIRB::CompletionTest::ConstantCompletionTest#test_complete_reserved_words = 0.30 s
[ 6/54] TestIRB::CompletionTest::ConstantCompletionTest#test_complete_invalid_three_colons = 0.29 s
[ 7/54] TestIRB::CompletionTest::ConstantCompletionTest#test_complete_absolute_constants_with_specia
l_characters = 0.82 s
[ 8/54] TestIRB::CompletionTest::RequireComepletionTest#test_complete_require_with_string_convertabl
e_in_load_path = 6.61 s
[ 9/54] TestIRB::CompletionTest::RequireComepletionTest#test_not_completing_empty_string = 0.06 s
[10/54] TestIRB::CompletionTest::RequireComepletionTest#test_complete_methods = 0.47 s
[11/54] TestIRB::CompletionTest::RequireComepletionTest#test_complete_require_relative = 50.72 s
[12/54] TestIRB::CompletionTest::RequireComepletionTest#test_complete_symbol = 3.62 s
[13/54] TestIRB::CompletionTest::RequireComepletionTest#test_complete_require_with_pathname_in_load_
path = 6.82 s
[14/54] TestIRB::CompletionTest::RequireComepletionTest#test_complete_reserved_words = 0.26 s
[15/54] TestIRB::CompletionTest::RequireComepletionTest#test_complete_require_library_name_first = 6
.87 s
[16/54] TestIRB::CompletionTest::RequireComepletionTest#test_complete_require_with_malformed_object_
in_load_path = 6.77 s
[17/54] TestIRB::CompletionTest::RequireComepletionTest#test_complete_invalid_three_colons = 0.25 s
[18/54] TestIRB::CompletionTest::RequireComepletionTest#test_complete_require = 13.74 s
[19/54] TestIRB::CompletionTest::RequireComepletionTest#test_complete_absolute_constants_with_specia
l_characters = 0.54 s
[20/54] TestIRB::CompletionTest::VariableCompletionTest#test_complete_variable = 0.41 s
[21/54] TestIRB::CompletionTest::VariableCompletionTest#test_not_completing_empty_string = 0.06 s
[22/54] TestIRB::CompletionTest::VariableCompletionTest#test_complete_methods = 0.37 s
[23/54] TestIRB::CompletionTest::VariableCompletionTest#test_complete_sort_variables = 0.13 s
[24/54] TestIRB::CompletionTest::VariableCompletionTest#test_complete_symbol = 4.12 s
[25/54] TestIRB::CompletionTest::VariableCompletionTest#test_complete_reserved_words = 0.26 s
[26/54] TestIRB::CompletionTest::VariableCompletionTest#test_complete_invalid_three_colons = 1.49 s
[27/54] TestIRB::CompletionTest::VariableCompletionTest#test_complete_absolute_constants_with_specia
l_characters = 0.53 s
[28/54] TestIRB::CompletionTest::MethodCompletionTest#test_complete_string = 0.14 s
[29/54] TestIRB::CompletionTest::MethodCompletionTest#test_not_completing_empty_string = 0.06 s
[30/54] TestIRB::CompletionTest::MethodCompletionTest#test_complete_methods = 0.36 s
[31/54] TestIRB::CompletionTest::MethodCompletionTest#test_complete_symbol = 0.05 s
[32/54] TestIRB::CompletionTest::MethodCompletionTest#test_complete_regexp = 0.09 s
[33/54] TestIRB::CompletionTest::MethodCompletionTest#test_complete_hash_and_proc = 0.17 s
[34/54] TestIRB::CompletionTest::MethodCompletionTest#test_complete_reserved_words = 0.26 s
[35/54] TestIRB::CompletionTest::MethodCompletionTest#test_complete_class = 0.13 s
[36/54] TestIRB::CompletionTest::MethodCompletionTest#test_complete_invalid_three_colons = 0.25 s
[37/54] TestIRB::CompletionTest::MethodCompletionTest#test_complete_numeric = 0.23 s
[38/54] TestIRB::CompletionTest::MethodCompletionTest#test_complete_absolute_constants_with_special_
characters = 0.56 s
[39/54] TestIRB::CompletionTest::MethodCompletionTest#test_complete_array = 0.20 s
[40/54] TestIRB::CompletionTest#test_not_completing_empty_string = 0.06 s
[41/54] TestIRB::CompletionTest#test_complete_methods = 0.39 s
[42/54] TestIRB::CompletionTest#test_complete_symbol = 3.59 s
[43/54] TestIRB::CompletionTest#test_complete_reserved_words = 0.28 s
[44/54] TestIRB::CompletionTest#test_complete_invalid_three_colons = 0.27 s
[45/54] TestIRB::CompletionTest#test_complete_absolute_constants_with_special_characters = 1.71 s
[46/54] TestIRB::CompletionTest::CommandCompletionTest#test_command_completion = 0.30 s
[47/54] TestIRB::CompletionTest::CommandCompletionTest#test_not_completing_empty_string = 0.06 s
[48/54] TestIRB::CompletionTest::CommandCompletionTest#test_complete_methods = 0.36 s
[49/54] TestIRB::CompletionTest::CommandCompletionTest#test_complete_symbol = 3.96 s
[50/54] TestIRB::CompletionTest::CommandCompletionTest#test_complete_reserved_words = 0.31 s
[51/54] TestIRB::CompletionTest::CommandCompletionTest#test_complete_invalid_three_colons = 0.25 s
[52/54] TestIRB::CompletionTest::CommandCompletionTest#test_complete_absolute_constants_with_special
_characters = 0.59 s
[53/54] TestIRB::DeprecatedInputCompletorTest#test_retrieve_completion_data = 0.28 s
[54/54] TestIRB::DeprecatedInputCompletorTest#test_completion_proc = 0.14 s
Finished tests in 133.797311s, 0.4036 tests/s, 2.2870 assertions/s.
54 tests, 306 assertions, 0 failures, 0 errors, 0 skips

ruby -v: ruby 3.4.1 (2025-06-14 revision 742e381c9f) +PRISM [riscv64-freebsd]
end time: 2025-06-22T09:52:36
----------------------------------------
Running test: ../test/irb/test_ruby_lex.rb
start time: 2025-06-22T09:52:36
Run options:
  "--ruby=./miniruby -I../lib -I. -I.ext/common  ../tool/runruby.rb --extout=.ext  -- --disable-gems
"
  --excludes-dir=../test/.excludes
  --name=!/memory_leak/
  -s
  3216
  --timeout-scale
  10
  --worker-timeout=100
  -v

# Running tests:

[ 1/14] TestIRB::RubyLexTest#test_code_block_open_with_should_continue = 0.26 s
[ 2/14] TestIRB::RubyLexTest#test_broken_percent_literal = 0.03 s
[ 3/14] TestIRB::RubyLexTest#test_indent_level_with_heredoc_and_embdoc = 0.21 s
[ 4/14] TestIRB::RubyLexTest#test_unterminated_code = 0.03 s
[ 5/14] TestIRB::RubyLexTest#test_initialising_the_old_top_level_ruby_lex = 23.21 s
[ 6/14] TestIRB::RubyLexTest#test_interpolate_token_with_heredoc_and_unclosed_embexpr = 0.70 s
[ 7/14] TestIRB::RubyLexTest#test_broken_percent_literal_in_method = 0.06 s
[ 8/14] TestIRB::RubyLexTest#test_should_continue = 0.23 s
[ 9/14] TestIRB::RubyLexTest#test_literal_ends_with_newline = 0.04 s
[10/14] TestIRB::RubyLexTest#test_unterminated_heredoc_string_literal = 0.12 s
[11/14] TestIRB::RubyLexTest#test_assignment_expression_with_local_variable = 0.05 s
[12/14] TestIRB::RubyLexTest#test_assignment_expression = 0.19 s
[13/14] TestIRB::RubyLexTest#test_local_variables_dependent_code = 0.19 s
[14/14] TestIRB::RubyLexTest#test_literal_ends_with_space = 0.05 s
Finished tests in 28.064483s, 0.4989 tests/s, 4.9172 assertions/s.
14 tests, 138 assertions, 0 failures, 0 errors, 0 skips

ruby -v: ruby 3.4.1 (2025-06-14 revision 742e381c9f) +PRISM [riscv64-freebsd]
end time: 2025-06-22T09:53:45
----------------------------------------
Running test: ../test/irb/test_irb.rb
start time: 2025-06-22T09:53:45
Run options:
  "--ruby=./miniruby -I../lib -I. -I.ext/common  ../tool/runruby.rb --extout=.ext  -- --disable-gems
"
  --excludes-dir=../test/.excludes
  --name=!/memory_leak/
  -s
  3216
  --timeout-scale
  10
  --worker-timeout=100
  -v

# Running tests:

[ 1/47] TestIRB::NestedBindingIrbTest#test_current_context_restore = 0.08 s
[ 2/47] TestIRB::BacktraceFilteringTest#test_backtrace_filtering = 0.05 s
[ 3/47] TestIRB::BacktraceFilteringTest#test_backtrace_filtering_with_backtrace_filter = 0.04 s
[ 4/47] TestIRB::IrbIOConfigurationTest::AutoIndentationTest#test_oneliner_def_in_multiple_lines = 0
.95 s
[ 5/47] TestIRB::IrbIOConfigurationTest::AutoIndentationTest#test_typing_incomplete_include_interpre
ted_as_keyword_in = 0.58 s
[ 6/47] TestIRB::IrbIOConfigurationTest::AutoIndentationTest#test_braces_on_their_own_line = 0.43 s
[ 7/47] TestIRB::IrbIOConfigurationTest::AutoIndentationTest#test_embdoc_indent = 1.95 s
[ 8/47] TestIRB::IrbIOConfigurationTest::AutoIndentationTest#test_do_corresponding_to_times = 0.59 s
[ 9/47] TestIRB::IrbIOConfigurationTest::AutoIndentationTest#test_bracket_corresponding_to_times = 0
.58 s
[10/47] TestIRB::IrbIOConfigurationTest::AutoIndentationTest#test_corresponding_syntax_to_keyword_do
 = 34.10 s
[11/47] TestIRB::IrbIOConfigurationTest::AutoIndentationTest#test_incomplete_coding_magic_comment =
0.07 s
[12/47] TestIRB::IrbIOConfigurationTest::AutoIndentationTest#test_incomplete_vim_coding_magic_commen
t = 0.07 s
[13/47] TestIRB::IrbIOConfigurationTest::AutoIndentationTest#test_corresponding_syntax_to_keyword_do
_in_class = 2.67 s
[14/47] TestIRB::IrbIOConfigurationTest::AutoIndentationTest#test_mixed_rescue = 5.76 s
[15/47] TestIRB::IrbIOConfigurationTest::AutoIndentationTest#test_multiple_braces_in_a_line = 0.86 s
[16/47] TestIRB::IrbIOConfigurationTest::AutoIndentationTest#test_broken_heredoc = 0.40 s
[17/47] TestIRB::IrbIOConfigurationTest::AutoIndentationTest#test_do_corresponding_to_loop = 0.36 s
[18/47] TestIRB::IrbIOConfigurationTest::AutoIndentationTest#test_oneliner_method_definition = 9.30
s
[19/47] TestIRB::IrbIOConfigurationTest::AutoIndentationTest#test_incomplete_emacs_coding_magic_comm
ent = 0.07 s
[20/47] TestIRB::IrbIOConfigurationTest::AutoIndentationTest#test_symbols = 1.12 s
[21/47] TestIRB::IrbIOConfigurationTest::AutoIndentationTest#test_incomplete_encoding_magic_comment
= 0.07 s
[22/47] TestIRB::IrbIOConfigurationTest::AutoIndentationTest#test_heredoc_keep_indent_spaces = 0.42
s
[23/47] TestIRB::IrbIOConfigurationTest::AutoIndentationTest#test_heredoc_with_indent = 1.31 s
[24/47] TestIRB::IrbIOConfigurationTest::AutoIndentationTest#test_corresponding_syntax_to_keyword_fo
r = 0.55 s
[25/47] TestIRB::IrbIOConfigurationTest::AutoIndentationTest#test_a_closed_brace_and_not_closed_brac
e_in_a_line = 0.19 s
[26/47] TestIRB::IrbIOConfigurationTest::AutoIndentationTest#test_auto_indent = 25.59 s
[27/47] TestIRB::IrbIOConfigurationTest::AutoIndentationTest#test_corresponding_syntax_to_keyword_fo
r_with_do = 0.59 s
[28/47] TestIRB::IrbIOConfigurationTest::AutoIndentationTest#test_tlambda = 0.58 s
[29/47] TestIRB::IrbIOConfigurationTest::AutoIndentationTest#test_pasted_code_keep_base_indent_space
s = 6.95 s
[30/47] TestIRB::IrbIOConfigurationTest::AutoIndentationTest#test_pasted_code_keep_base_indent_space
s_with_heredoc = 13.45 s
[31/47] TestIRB::IrbIOConfigurationTest::AutoIndentationTest#test_bracket_corresponding_to_loop = 0.
43 s
[32/47] TestIRB::InputTest#test_commands_dont_override_stored_last_result = 0.04 s
[33/47] TestIRB::InputTest#test_symbol_aliases_are_handled_correctly = 0.04 s
[34/47] TestIRB::InputTest#test_evaluate_still_emits_warning = 0.04 s
[35/47] TestIRB::InputTest#test_empty_input_echoing_behaviour = 0.04 s
[36/47] TestIRB::InputTest#test_symbol_aliases_dont_affect_ruby_syntax = 0.04 s
[37/47] TestIRB::InputTest#test_underscore_stores_last_result = 0.04 s
[38/47] TestIRB::InputTest#test_symbol_aliases_are_handled_correctly_with_singleline_mode = 0.04 s
[39/47] TestIRB::InputTest#test_evaluate_with_encoding_error_without_lineno = 0.04 s
[40/47] TestIRB::IrbIOConfigurationTest::DynamicPromptTest#test_dynamic_prompt_with_double_newline_b
reaking_code = 0.10 s
[41/47] TestIRB::IrbIOConfigurationTest::DynamicPromptTest#test_heredoc_with_embexpr = 0.17 s
[42/47] TestIRB::IrbIOConfigurationTest::DynamicPromptTest#test_dynamic_prompt = 0.08 s
[43/47] TestIRB::IrbIOConfigurationTest::DynamicPromptTest#test_dynamic_prompt_with_multiline_litera
l = 0.14 s
[44/47] TestIRB::IrbIOConfigurationTest::DynamicPromptTest#test_dynamic_prompt_with_blank_line = 0.0
6 s
[45/47] TestIRB::IrbIOConfigurationTest::DynamicPromptTest#test_endless_range_at_end_of_line = 0.07
s
[46/47] TestIRB::IrbIOConfigurationTest::DynamicPromptTest#test_backtick_method = 0.11 s
[47/47] TestIRB::IrbIOConfigurationTest::DynamicPromptTest#test_heredoc_prompt_with_quotes = 0.10 s
Finished tests in 116.474046s, 0.4035 tests/s, 5.9670 assertions/s.
47 tests, 695 assertions, 0 failures, 0 errors, 11 skips

ruby -v: ruby 3.4.1 (2025-06-14 revision 742e381c9f) +PRISM [riscv64-freebsd]
end time: 2025-06-22T09:56:23
----------------------------------------
Running test: ../test/irb/test_type_completor.rb
start time: 2025-06-22T09:56:23
Run options:
  "--ruby=./miniruby -I../lib -I. -I.ext/common  ../tool/runruby.rb --extout=.ext  -- --disable-gems
"
  --excludes-dir=../test/.excludes
  --name=!/memory_leak/
  -s
  3216
  --timeout-scale
  10
  --worker-timeout=100
  -v

# Running tests:

Finished tests in 1.022449s, 0.0000 tests/s, 0.0000 assertions/s.
0 tests, 0 assertions, 0 failures, 0 errors, 0 skips

ruby -v: ruby 3.4.1 (2025-06-14 revision 742e381c9f) +PRISM [riscv64-freebsd]
end time: 2025-06-22T09:56:42
----------------------------------------
Running test: ../test/irb/test_command.rb
start time: 2025-06-22T09:56:42
Run options:
  "--ruby=./miniruby -I../lib -I. -I.ext/common  ../tool/runruby.rb --extout=.ext  -- --disable-gems
"
  --excludes-dir=../test/.excludes
  --name=!/memory_leak/
  -s
  3216
  --timeout-scale
  10
  --worker-timeout=100
  -v

# Running tests:

[ 1/50] TestIRB::WhereamiTest#test_whereami = 0.32 s
[ 2/50] TestIRB::WhereamiTest#test_whereami_alias = 0.10 s
[ 3/50] TestIRB::LsTest#test_ls_module = 1.25 s
[ 4/50] TestIRB::LsTest#test_ls = 2.33 s
[ 5/50] TestIRB::LsTest#test_ls_grep_empty = 15.32 s
[ 6/50] TestIRB::LsTest#test_ls_grep = 6.33 s
[ 7/50] TestIRB::LsTest#test_ls_instance = 0.24 s
[ 8/50] TestIRB::LsTest#test_ls_class = 1.80 s
[ 9/50] TestIRB::LsTest#test_ls_with_eval_error = 0.22 s
[10/50] TestIRB::LsTest#test_ls_with_no_singleton_class = 5.57 s
[11/50] TestIRB::PushwsTest#test_pushws_switches_to_new_workspace_and_pushes_the_current_one_to_the_
stack = 0.32 s
[12/50] TestIRB::PushwsTest#test_pushws_prints_workspace_stack_when_no_arg_is_given = 0.09 s
[13/50] TestIRB::PushwsTest#test_pushws_extends_the_new_workspace_with_command_bundle = 0.28 s
[14/50] TestIRB::PushwsTest#test_pushws_without_argument_swaps_the_top_two_workspaces = 0.29 s
[15/50] TestIRB::FrozenObjectTest#test_calling_command_on_a_frozen_main = 0.09 s
[16/50] TestIRB::CwwsTest#test_cwws_returns_the_current_workspace_object = 0.08 s
[17/50] TestIRB::HelperMethodInsallTest#test_helper_method_install = 0.14 s
[18/50] TestIRB::ChwsTest#test_chws_replaces_the_current_workspace = 0.19 s
[19/50] TestIRB::ChwsTest#test_chws_does_nothing_when_receiving_no_argument = 0.08 s
[20/50] TestIRB::WorkspacesTest#test_workspaces_returns_the_stack_of_workspaces = 0.15 s
[21/50] TestIRB::MeasureTest#test_measure_with_proc_warning = 0.21 s
[22/50] TestIRB::MeasureTest#test_measure_keeps_previous_value = 0.20 s
[23/50] TestIRB::MeasureTest#test_measure_enabled_by_rc = 0.21 s
[24/50] TestIRB::MeasureTest#test_measure = 0.39 s
[25/50] TestIRB::MeasureTest#test_measure_toggle = 0.40 s
[26/50] TestIRB::MeasureTest#test_measure_with_custom = 0.29 s
[27/50] TestIRB::MeasureTest#test_measure_enabled_by_rc_with_custom = 0.20 s
[28/50] TestIRB::InfoTest#test_irb_info_singleline = 0.12 s
[29/50] TestIRB::InfoTest#test_irb_info_multiline = 0.12 s
[30/50] TestIRB::InfoTest#test_irb_info_multiline_without_rc_files = 0.10 s
[31/50] TestIRB::InfoTest#test_irb_info_lang = 0.11 s
[32/50] TestIRB::InfoTest#test_irb_info_singleline_without_rc_files = 0.10 s
[33/50] TestIRB::HistoryCmdTest#test_history_grep = 0.12 s
[34/50] TestIRB::HistoryCmdTest#test_multiline_history_with_truncation = 0.11 s
[35/50] TestIRB::HistoryCmdTest#test_history = 0.10 s
[36/50] TestIRB::EditTest#test_edit_with_path = 0.25 s
[37/50] TestIRB::EditTest#test_edit_with_class_method = 0.25 s
[38/50] TestIRB::EditTest#test_edit_without_arg_and_non_existing_irb_path = 0.09 s
[39/50] TestIRB::EditTest#test_edit_with_editor_env_var = 0.21 s
[40/50] TestIRB::EditTest#test_edit_with_instance_method = 0.24 s
[41/50] TestIRB::EditTest#test_edit_with_constant = 0.24 s
[42/50] TestIRB::EditTest#test_edit_without_arg = 0.23 s
[43/50] TestIRB::EditTest#test_edit_with_non_existing_path = 0.11 s
[44/50] TestIRB::IrbLoadTest#test_irb_load_without_argument = 0.11 s
[45/50] TestIRB::IrbLoadTest#test_irb_load = 0.46 s
[46/50] TestIRB::PopwsTest#test_popws_prints_help_message_if_the_workspace_is_empty = 0.11 s
[47/50] TestIRB::PopwsTest#test_popws_replaces_the_current_workspace_with_the_previous_one = 0.24 s
[48/50] TestIRB::ShowDocTest#test_show_doc_without_rdoc = 0.17 s
[49/50] TestIRB::IrbSourceTest#test_irb_source = 0.40 s
[50/50] TestIRB::IrbSourceTest#test_irb_source_without_argument = 0.09 s
Finished tests in 51.011391s, 0.9802 tests/s, 4.9205 assertions/s.
50 tests, 251 assertions, 0 failures, 0 errors, 0 skips

ruby -v: ruby 3.4.1 (2025-06-14 revision 742e381c9f) +PRISM [riscv64-freebsd]
end time: 2025-06-22T09:58:15
----------------------------------------
Running test: ../test/irb/test_debugger_integration.rb
start time: 2025-06-22T09:58:15
Run options:
  "--ruby=./miniruby -I../lib -I. -I.ext/common  ../tool/runruby.rb --extout=.ext  -- --disable-gems
"
  --excludes-dir=../test/.excludes
  --name=!/memory_leak/
  -s
  3216
  --timeout-scale
  10
  --worker-timeout=100
  -v

# Running tests:

[ 1/27] TestIRB::DebuggerIntegrationTest#test_debug = 0.08 s
[ 2/27] TestIRB::DebuggerIntegrationTest#test_continue = 0.04 s
[ 3/27] TestIRB::DebuggerIntegrationTest#test_debugger_cant_be_activated_while_multi_irb_is_active =
 0.04 s
[ 4/27] TestIRB::DebuggerIntegrationTest#test_prompt_line_number_continues = 0.04 s
[ 5/27] TestIRB::DebuggerIntegrationTest#test_backtrace = 0.04 s
[ 6/27] TestIRB::DebuggerIntegrationTest#test_irb_command_can_check_local_variables = 0.04 s
[ 7/27] TestIRB::DebuggerIntegrationTest#test_debug_command_only_runs_once = 0.04 s
[ 8/27] TestIRB::DebuggerIntegrationTest#test_input_is_evaluated_in_the_context_of_the_current_threa
d = 0.04 s
[ 9/27] TestIRB::DebuggerIntegrationTest#test_break = 0.04 s
[10/27] TestIRB::DebuggerIntegrationTest#test_force_exit = 0.04 s
[11/27] TestIRB::DebuggerIntegrationTest#test_long_stepping = 0.38 s
[12/27] TestIRB::DebuggerIntegrationTest#test_finish = 0.04 s
[13/27] TestIRB::DebuggerIntegrationTest#test_irb_passes_empty_input_to_debugger_to_repeat_the_last_
command = 0.04 s
[14/27] TestIRB::DebuggerIntegrationTest#test_delete = 0.04 s
[15/27] TestIRB::DebuggerIntegrationTest#test_prompt_irb_name_is_kept = 0.04 s
[16/27] TestIRB::DebuggerIntegrationTest#test_quit = 0.04 s
[17/27] TestIRB::DebuggerIntegrationTest#test_multi_irb_commands_are_not_available_after_activating_
the_debugger = 0.04 s
[18/27] TestIRB::DebuggerIntegrationTest#test_next = 0.04 s
[19/27] TestIRB::DebuggerIntegrationTest#test_step = 0.04 s
[20/27] TestIRB::DebuggerIntegrationTest#test_exit = 0.04 s
[21/27] TestIRB::DebuggerIntegrationTest#test_info = 0.04 s
[22/27] TestIRB::DebuggerIntegrationTest#test_help_display_different_content_when_debugger_is_enable
d = 0.05 s
[23/27] TestIRB::DebuggerIntegrationTest#test_help_command_is_delegated_to_the_debugger = 0.04 s
[24/27] TestIRB::DebuggerIntegrationTest#test_debug_command_can_only_be_called_from_binding_irb = 0.
04 s
[25/27] TestIRB::DebuggerIntegrationTest#test_catch = 0.04 s
[26/27] TestIRB::DebuggerIntegrationTest#test_irb_switches_debugger_interface_if_debug_was_already_a
ctivated = 0.05 s
[27/27] TestIRB::DebuggerIntegrationTest#test_irb_commands_are_available_after_moving_around_with_th
e_debugger = 0.04 s
Finished tests in 4.124846s, 6.5457 tests/s, 13.0914 assertions/s.
27 tests, 54 assertions, 0 failures, 0 errors, 27 skips

ruby -v: ruby 3.4.1 (2025-06-14 revision 742e381c9f) +PRISM [riscv64-freebsd]
end time: 2025-06-22T09:58:43
----------------------------------------
Running test: ../test/irb/command/test_cd.rb
start time: 2025-06-22T09:58:43
Run options:
  "--ruby=./miniruby -I../lib -I. -I.ext/common  ../tool/runruby.rb --extout=.ext  -- --disable-gems
"
  --excludes-dir=../test/.excludes
  --name=!/memory_leak/
  -s
  3216
  --timeout-scale
  10
  --worker-timeout=100
  -v

# Running tests:

[1/4] TestIRB::CDTest#test_cd_with_error = 0.08 s
[2/4] TestIRB::CDTest#test_cd = 0.04 s
[3/4] TestIRB::CDTest#test_cd_moves_top_level_with_no_args = 0.04 s
[4/4] TestIRB::CDTest#test_cd_basic_object_or_frozen = 0.04 s
Finished tests in 1.930817s, 2.0717 tests/s, 4.1433 assertions/s.
4 tests, 8 assertions, 0 failures, 0 errors, 4 skips

ruby -v: ruby 3.4.1 (2025-06-14 revision 742e381c9f) +PRISM [riscv64-freebsd]
end time: 2025-06-22T09:59:09
----------------------------------------
Running test: ../test/irb/command/test_multi_irb_commands.rb
start time: 2025-06-22T09:59:09
Run options:
  "--ruby=./miniruby -I../lib -I. -I.ext/common  ../tool/runruby.rb --extout=.ext  -- --disable-gems
"
  --excludes-dir=../test/.excludes
  --name=!/memory_leak/
  -s
  3216
  --timeout-scale
  10
  --worker-timeout=100
  -v

# Running tests:

[1/3] TestIRB::MultiIRBTest#test_irb_fg_jobs_and_kill_commands = 0.08 s
[2/3] TestIRB::MultiIRBTest#test_irb_jobs_and_kill_commands = 0.04 s
[3/3] TestIRB::MultiIRBTest#test_jobs_command_with_print_deprecated_warning = 0.04 s
Finished tests in 1.860976s, 1.6121 tests/s, 3.2241 assertions/s.
3 tests, 6 assertions, 0 failures, 0 errors, 3 skips

ruby -v: ruby 3.4.1 (2025-06-14 revision 742e381c9f) +PRISM [riscv64-freebsd]
end time: 2025-06-22T09:59:35
----------------------------------------
Running test: ../test/irb/command/test_force_exit.rb
start time: 2025-06-22T09:59:35
Run options:
  "--ruby=./miniruby -I../lib -I. -I.ext/common  ../tool/runruby.rb --extout=.ext  -- --disable-gems
"
  --excludes-dir=../test/.excludes
  --name=!/memory_leak/
  -s
  3216
  --timeout-scale
  10
  --worker-timeout=100
  -v

# Running tests:

[1/2] TestIRB::ForceExitTest#test_forced_exit_in_nested_sessions = 0.08 s
[2/2] TestIRB::ForceExitTest#test_forced_exit_finishes_process_immediately = 0.04 s
Finished tests in 3.334980s, 0.5997 tests/s, 1.1994 assertions/s.
2 tests, 4 assertions, 0 failures, 0 errors, 2 skips

ruby -v: ruby 3.4.1 (2025-06-14 revision 742e381c9f) +PRISM [riscv64-freebsd]
end time: 2025-06-22T10:00:18
----------------------------------------
Running test: ../test/irb/command/test_custom_command.rb
start time: 2025-06-22T10:00:18
Run options:
  "--ruby=./miniruby -I../lib -I. -I.ext/common  ../tool/runruby.rb --extout=.ext  -- --disable-gems
"
  --excludes-dir=../test/.excludes
  --name=!/memory_leak/
  -s
  3216
  --timeout-scale
  10
  --worker-timeout=100
  -v

# Running tests:

[1/6] TestIRB::CustomCommandIntegrationTest#test_command_registration_can_happen_after_irb_require =
 0.08 s
[2/6] TestIRB::CustomCommandIntegrationTest#test_arguments_propagation = 0.04 s
[3/6] TestIRB::CustomCommandIntegrationTest#test_command_name_local_variable = 0.04 s
[4/6] TestIRB::CustomCommandIntegrationTest#test_command_registration_accepts_string_too = 0.04 s
[5/6] TestIRB::CustomCommandIntegrationTest#test_def_extend_command_still_works = 0.04 s
[6/6] TestIRB::CustomCommandIntegrationTest#test_no_meta_command_also_works = 0.04 s
Finished tests in 3.607738s, 1.6631 tests/s, 3.3262 assertions/s.
6 tests, 12 assertions, 0 failures, 0 errors, 6 skips

ruby -v: ruby 3.4.1 (2025-06-14 revision 742e381c9f) +PRISM [riscv64-freebsd]
end time: 2025-06-22T10:01:02
----------------------------------------
Running test: ../test/irb/command/test_help.rb
start time: 2025-06-22T10:01:02
Run options:
  "--ruby=./miniruby -I../lib -I. -I.ext/common  ../tool/runruby.rb --extout=.ext  -- --disable-gems
"
  --excludes-dir=../test/.excludes
  --name=!/memory_leak/
  -s
  3216
  --timeout-scale
  10
  --worker-timeout=100
  -v

# Running tests:

[1/6] TestIRB::HelpTest#test_help = 0.08 s
[2/6] TestIRB::HelpTest#test_command_help = 0.04 s
[3/6] TestIRB::HelpTest#test_help_lists_user_aliases = 0.04 s
[4/6] TestIRB::HelpTest#test_help_lists_helper_methods = 0.04 s
[5/6] TestIRB::HelpTest#test_command_help_not_found = 0.04 s
[6/6] TestIRB::HelpTest#test_show_cmds = 0.04 s
Finished tests in 2.084853s, 2.8779 tests/s, 5.7558 assertions/s.
6 tests, 12 assertions, 0 failures, 0 errors, 6 skips

ruby -v: ruby 3.4.1 (2025-06-14 revision 742e381c9f) +PRISM [riscv64-freebsd]
end time: 2025-06-22T10:01:28
----------------------------------------
Running test: ../test/irb/command/test_show_source.rb
start time: 2025-06-22T10:01:28
Run options:
  "--ruby=./miniruby -I../lib -I. -I.ext/common  ../tool/runruby.rb --extout=.ext  -- --disable-gems
"
  --excludes-dir=../test/.excludes
  --name=!/memory_leak/
  -s
  3216
  --timeout-scale
  10
  --worker-timeout=100
  -v

# Running tests:

[ 1/20] TestIRB::ShowSourceTest#test_show_source_shows_binary_source = 0.09 s
[ 2/20] TestIRB::ShowSourceTest#test_show_source_string = 0.04 s
[ 3/20] TestIRB::ShowSourceTest#test_show_source_with_missing_signature = 0.04 s
[ 4/20] TestIRB::ShowSourceTest#test_show_source_private_singleton_method = 0.04 s
[ 5/20] TestIRB::ShowSourceTest#test_show_source_receiver_super = 0.04 s
[ 6/20] TestIRB::ShowSourceTest#test_show_source = 0.04 s
[ 7/20] TestIRB::ShowSourceTest#test_show_source_method_no_instance_method = 0.04 s
[ 8/20] TestIRB::ShowSourceTest#test_show_source_private_method = 0.04 s
[ 9/20] TestIRB::ShowSourceTest#test_show_source_with_double_colons = 0.04 s
[10/20] TestIRB::ShowSourceTest#test_show_source_with_constant_lookup = 0.04 s
[11/20] TestIRB::ShowSourceTest#test_show_source_method_exceeds_super_chain = 0.04 s
[12/20] TestIRB::ShowSourceTest#test_show_source_with_eval_error = 0.04 s
[13/20] TestIRB::ShowSourceTest#test_show_source_keep_script_lines = 0.04 s
[14/20] TestIRB::ShowSourceTest#test_show_source_with_missing_constant = 0.04 s
[15/20] TestIRB::ShowSourceTest#test_show_source_unavailable_source = 0.04 s
[16/20] TestIRB::ShowSourceTest#test_show_source_method_multiple_s = 0.04 s
[17/20] TestIRB::ShowSourceTest#test_show_source_alias = 0.04 s
[18/20] TestIRB::ShowSourceTest#test_show_source_method_s = 0.04 s
[19/20] TestIRB::ShowSourceTest#test_show_source_method_s_with_incorrect_signature = 0.04 s
[20/20] TestIRB::ShowSourceTest#test_show_source_method_accidental_characters = 0.04 s
Finished tests in 4.057540s, 4.9291 tests/s, 9.8582 assertions/s.
20 tests, 40 assertions, 0 failures, 0 errors, 20 skips

ruby -v: ruby 3.4.1 (2025-06-14 revision 742e381c9f) +PRISM [riscv64-freebsd]
end time: 2025-06-22T10:02:13
----------------------------------------
Running test: ../test/irb/command/test_disable_irb.rb
start time: 2025-06-22T10:02:13
Run options:
  "--ruby=./miniruby -I../lib -I. -I.ext/common  ../tool/runruby.rb --extout=.ext  -- --disable-gems
"
  --excludes-dir=../test/.excludes
  --name=!/memory_leak/
  -s
  3216
  --timeout-scale
  10
  --worker-timeout=100
  -v

# Running tests:

[1/1] TestIRB::DisableIRBTest#test_disable_irb_disable_further_irb_breakpoints = 0.08 s
Finished tests in 3.367326s, 0.2970 tests/s, 0.5939 assertions/s.
1 tests, 2 assertions, 0 failures, 0 errors, 1 skips

ruby -v: ruby 3.4.1 (2025-06-14 revision 742e381c9f) +PRISM [riscv64-freebsd]
end time: 2025-06-22T10:02:57
----------------------------------------
Running test: ../test/irb/test_context.rb
start time: 2025-06-22T10:02:57
Run options:
  "--ruby=./miniruby -I../lib -I. -I.ext/common  ../tool/runruby.rb --extout=.ext  -- --disable-gems
"
  --excludes-dir=../test/.excludes
  --name=!/memory_leak/
  -s
  3216
  --timeout-scale
  10
  --worker-timeout=100
  -v

# Running tests:

[ 1/35] TestIRB::ContextTest#test_output_to_pipe = 0.39 s
[ 2/35] TestIRB::ContextTest#test_echo_on_assignment = 2.31 s
[ 3/35] TestIRB::ContextTest#test_object_inspection_falls_back_to_kernel_inspect_when_errored = 0.15
 s
[ 4/35] TestIRB::ContextTest#test_omit_multiline_on_assignment = 9.75 s
[ 5/35] TestIRB::ContextTest#test_prompt_main_escape = 0.05 s
[ 6/35] TestIRB::ContextTest#test_prompt_main_inspect_escape = 0.05 s
[ 7/35] TestIRB::ContextTest#test_marshal_inspect_mode_failed = 0.14 s
[ 8/35] TestIRB::ContextTest#test_default_config = 0.03 s
[ 9/35] TestIRB::ContextTest#test_omit_on_assignment = 6.03 s
[10/35] TestIRB::ContextTest#test_prompt_main_basic_object = 0.06 s
[11/35] TestIRB::ContextTest#test_prompt_n_deprecation = 0.06 s
[12/35] TestIRB::ContextTest#test_build_completor = 0.14 s
[13/35] TestIRB::ContextTest#test_default_return_format = 0.11 s
[14/35] TestIRB::ContextTest#test_prompt_format = 0.06 s
[15/35] TestIRB::ContextTest#test_eval_input_with_long_exception = 1.23 s
[16/35] TestIRB::ContextTest#test_eval_input = 0.33 s
[17/35] TestIRB::ContextTest#test_irb_path_setter = 0.04 s
[18/35] TestIRB::ContextTest#test_multiline_output_on_default_inspector = 0.18 s
[19/35] TestIRB::ContextTest#test_object_inspection_handles_basic_object = 0.14 s
[20/35] TestIRB::ContextTest#test_eval_input_with_invalid_byte_sequence_exception = 0.26 s
[21/35] TestIRB::ContextTest#test_yaml_inspect_mode_failed = 0.11 s
[22/35] TestIRB::ContextTest#test_true_inspect_mode_successful = 0.23 s
[23/35] TestIRB::ContextTest#test_eval_input_with_exception = 0.26 s
[24/35] TestIRB::ContextTest#test_marshal_inspect_mode_successful = 0.10 s
[25/35] TestIRB::ContextTest#test_yaml_inspect_mode_successful = 0.10 s
[26/35] TestIRB::ContextTest#test_prompt_main_truncate = 0.05 s
[27/35] TestIRB::ContextTest#test_object_inspection_prints_useful_info_when_kernel_inspect_also_erro
red = 0.16 s
[28/35] TestIRB::ContextTest#test_echo_on_assignment_conf = 0.08 s
[29/35] TestIRB::ContextTest#test_false_inspect_mode_failed = 0.12 s
[30/35] TestIRB::ContextTest#test_lineno = 0.28 s
[31/35] TestIRB::ContextTest#test_prompt_main_raise = 0.05 s
[32/35] TestIRB::ContextTest#test_p_inspect_mode_failed = 0.16 s
[33/35] TestIRB::ContextTest#test_false_inspect_mode_successful = 0.27 s
[34/35] TestIRB::ContextTest#test_eval_input_raise2x = 0.33 s
[35/35] TestIRB::ContextTest#test_p_inspect_mode_successful = 0.19 s

  1) Error:
TestIRB::ContextTest#test_yaml_inspect_mode_failed:
LoadError: cannot load such file -- psych
    <internal:/root/ruby-3.4.1/lib/rubygems/core_ext/kernel_require.rb>:136:in 'Kernel#require'
    <internal:/root/ruby-3.4.1/lib/rubygems/core_ext/kernel_require.rb>:136:in 'Kernel#require'
    /root/ruby-3.4.1/lib/yaml.rb:4:in '<top (required)>'
    <internal:/root/ruby-3.4.1/lib/rubygems/core_ext/kernel_require.rb>:136:in 'Kernel#require'
    <internal:/root/ruby-3.4.1/lib/rubygems/core_ext/kernel_require.rb>:136:in 'Kernel#require'
    /root/ruby-3.4.1/lib/irb/inspector.rb:119:in 'block in <module:IRB>'
    /root/ruby-3.4.1/lib/irb/inspector.rb:92:in 'IRB::Inspector#init'
    /root/ruby-3.4.1/lib/irb/context.rb:554:in 'IRB::Context#inspect_mode='
    /root/ruby-3.4.1/test/irb/test_context.rb:142:in 'block (3 levels) in <class:ContextTest>'

  2) Error:
TestIRB::ContextTest#test_yaml_inspect_mode_successful:
LoadError: cannot load such file -- psych
    <internal:/root/ruby-3.4.1/lib/rubygems/core_ext/kernel_require.rb>:136:in 'Kernel#require'
    <internal:/root/ruby-3.4.1/lib/rubygems/core_ext/kernel_require.rb>:136:in 'Kernel#require'
    /root/ruby-3.4.1/lib/yaml.rb:4:in '<top (required)>'
    <internal:/root/ruby-3.4.1/lib/rubygems/core_ext/kernel_require.rb>:136:in 'Kernel#require'
    <internal:/root/ruby-3.4.1/lib/rubygems/core_ext/kernel_require.rb>:136:in 'Kernel#require'
    /root/ruby-3.4.1/lib/irb/inspector.rb:119:in 'block in <module:IRB>'
    /root/ruby-3.4.1/lib/irb/inspector.rb:92:in 'IRB::Inspector#init'
    /root/ruby-3.4.1/lib/irb/context.rb:554:in 'IRB::Context#inspect_mode='
    /root/ruby-3.4.1/test/irb/test_context.rb:142:in 'block (3 levels) in <class:ContextTest>'

Finished tests in 27.895796s, 1.2547 tests/s, 6.1658 assertions/s.
35 tests, 172 assertions, 0 failures, 2 errors, 0 skips

ruby -v: ruby 3.4.1 (2025-06-14 revision 742e381c9f) +PRISM [riscv64-freebsd]
end time: 2025-06-22T10:04:07
----------------------------------------
Running test: ../test/irb/test_tracer.rb
start time: 2025-06-22T10:04:07
Run options:
  "--ruby=./miniruby -I../lib -I. -I.ext/common  ../tool/runruby.rb --extout=.ext  -- --disable-gems
"
  --excludes-dir=../test/.excludes
  --name=!/memory_leak/
  -s
  3216
  --timeout-scale
  10
  --worker-timeout=100
  -v

# Running tests:

[1/3] TestIRB::ContextWithTracerIntegrationTest#test_use_tracer_enabled_when_gem_is_available = 0.08
 s
[2/3] TestIRB::ContextWithTracerIntegrationTest#test_use_tracer_is_disabled_by_default = 0.04 s
[3/3] TestIRB::ContextWithTracerIntegrationTest#test_use_tracer_enabled_when_gem_is_unavailable = 0.
04 s
Finished tests in 3.390007s, 0.8850 tests/s, 1.7699 assertions/s.
3 tests, 6 assertions, 0 failures, 0 errors, 3 skips

ruby -v: ruby 3.4.1 (2025-06-14 revision 742e381c9f) +PRISM [riscv64-freebsd]
end time: 2025-06-22T10:04:50
----------------------------------------
Running test: ../test/irb/test_evaluation.rb
start time: 2025-06-22T10:04:50
Run options:
  "--ruby=./miniruby -I../lib -I. -I.ext/common  ../tool/runruby.rb --extout=.ext  -- --disable-gems
"
  --excludes-dir=../test/.excludes
  --name=!/memory_leak/
  -s
  3216
  --timeout-scale
  10
  --worker-timeout=100
  -v

# Running tests:

[1/2] TestIRB::EchoingTest#test_irb_doesnt_echo_line_with_semicolon = 0.08 s
[2/2] TestIRB::EchoingTest#test_irb_echos_by_default = 0.04 s
Finished tests in 1.840784s, 1.0865 tests/s, 2.1730 assertions/s.
2 tests, 4 assertions, 0 failures, 0 errors, 2 skips

ruby -v: ruby 3.4.1 (2025-06-14 revision 742e381c9f) +PRISM [riscv64-freebsd]
end time: 2025-06-22T10:05:16
----------------------------------------
Running test: ../test/irb/test_input_method.rb
start time: 2025-06-22T10:05:16
Run options:
  "--ruby=./miniruby -I../lib -I. -I.ext/common  ../tool/runruby.rb --extout=.ext  -- --disable-gems
"
  --excludes-dir=../test/.excludes
  --name=!/memory_leak/
  -s
  3216
  --timeout-scale
  10
  --worker-timeout=100
  -v

# Running tests:

[ 1/10] TestIRB::RelineInputMethodTest#test_initialization_without_use_autocomplete = 0.10 s
[ 2/10] TestIRB::RelineInputMethodTest#test_colorize = 1.02 s
[ 3/10] TestIRB::RelineInputMethodTest#test_initialization_with_use_autocomplete = 0.25 s
[ 4/10] TestIRB::RelineInputMethodTest#test_initialization_with_use_autocomplete_but_without_rdoc =
0.27 s
[ 5/10] TestIRB::RelineInputMethodTest#test_initialization = 0.26 s
[ 6/10] TestIRB::DisplayDocumentTest#test_perfect_matching_handles_nil_namespace = 20.75 s
[ 7/10] TestIRB::DisplayDocumentTest#test_perfectly_matched_multiple_namespaces_triggers_document_di
splay = 1.54 s
[ 8/10] TestIRB::DisplayDocumentTest#test_not_matched_namespace_triggers_nothing = 0.43 s
[ 9/10] TestIRB::DisplayDocumentTest#test_perfectly_matched_namespace_triggers_document_display = 0.
06 s
[10/10] TestIRB::DisplayDocumentTest#test_perfect_matching_stops_without_rdoc = 0.27 s
Finished tests in 27.817945s, 0.3595 tests/s, 1.6177 assertions/s.
10 tests, 45 assertions, 0 failures, 0 errors, 1 skips

ruby -v: ruby 3.4.1 (2025-06-14 revision 742e381c9f) +PRISM [riscv64-freebsd]
end time: 2025-06-22T10:06:25
----------------------------------------
Running test: ../test/irb/test_init.rb
start time: 2025-06-22T10:06:26
Run options:
  "--ruby=./miniruby -I../lib -I. -I.ext/common  ../tool/runruby.rb --extout=.ext  -- --disable-gems
"
  --excludes-dir=../test/.excludes
  --name=!/memory_leak/
  -s
  3216
  --timeout-scale
  10
  --worker-timeout=100
  -v

# Running tests:

[ 1/20] TestIRB::InitIntegrationTest#test_normal_errors_in_rc_file_is_warned = 0.08 s
[ 2/20] TestIRB::InitIntegrationTest#test_load_error_in_rc_file_is_warned = 0.04 s
[ 3/20] TestIRB::ConfigValidationTest#test_irb_rc_name_only_takes_callable_objects = 0.28 s
[ 4/20] TestIRB::ConfigValidationTest#test_prompt_only_accepts_hash = 0.07 s
[ 5/20] TestIRB::ConfigValidationTest#test_irb_name_converts_non_string_values_to_string = 0.07 s
[ 6/20] TestIRB::ConfigValidationTest#test_eval_history_only_accepts_integers = 0.07 s
[ 7/20] TestIRB::ConfigValidationTest#test_back_trace_limit_only_accepts_integers = 0.44 s
[ 8/20] TestIRB::InitTest#test_option_tracer = 0.08 s
[ 9/20] TestIRB::InitTest#test_completor_environment_variable = 0.16 s
[10/20] TestIRB::InitTest#test_sigint_restore_block = 23.57 s
[11/20] TestIRB::InitTest#test_noscript = 0.24 s
[12/20] TestIRB::InitTest#test_setup_with_argv_preserves_global_argv = 0.06 s
[13/20] TestIRB::InitTest#test_use_autocomplete_environment_variable = 0.14 s
[14/20] TestIRB::InitTest#test_completor_setup_with_argv = 0.12 s
[15/20] TestIRB::InitTest#test_dash = 0.13 s
[16/20] TestIRB::InitTest#test_rc_files = 0.23 s
[17/20] TestIRB::InitTest#test_sigint_restore_default = 23.46 s
[18/20] TestIRB::InitTest#test_duplicated_rc_files = 0.11 s
[19/20] TestIRB::InitTest#test_no_color_environment_variable = 0.11 s
[20/20] TestIRB::InitTest#test_setup_with_minimum_argv_does_not_change_dollar0 = 0.05 s
Finished tests in 53.234129s, 0.3757 tests/s, 1.9912 assertions/s.
20 tests, 106 assertions, 0 failures, 0 errors, 2 skips

ruby -v: ruby 3.4.1 (2025-06-14 revision 742e381c9f) +PRISM [riscv64-freebsd]
end time: 2025-06-22T10:08:00
----------------------------------------
Running test: ../test/irb/test_locale.rb
start time: 2025-06-22T10:08:00
Run options:
  "--ruby=./miniruby -I../lib -I. -I.ext/common  ../tool/runruby.rb --extout=.ext  -- --disable-gems
"
  --excludes-dir=../test/.excludes
  --name=!/memory_leak/
  -s
  3216
  --timeout-scale
  10
  --worker-timeout=100
  -v

# Running tests:

[ 1/10] TestIRB::LocaleTestCase#test_initialize_with_legacy_ja_encoding_euc = 0.05 s
[ 2/10] TestIRB::LocaleTestCase#test_initialize_with_irb_lang = 0.02 s
[ 3/10] TestIRB::LocaleTestCase#test_initialize_with_legacy_ja_encoding_ujis = 0.02 s
[ 4/10] TestIRB::LocaleTestCase#test_initialize_with_en = 0.01 s
[ 5/10] TestIRB::LocaleTestCase#test_find = 0.22 s
[ 6/10] TestIRB::LocaleTestCase#test_initialize_with_lc_messages = 0.01 s
[ 7/10] TestIRB::LocaleTestCase#test_initialize_with_lang = 0.01 s
[ 8/10] TestIRB::LocaleTestCase#test_initialize_with_lc_all = 0.01 s
[ 9/10] TestIRB::LocaleTestCase#test_initialize_with_ja = 0.01 s
[10/10] TestIRB::LocaleTestCase#test_load = 0.23 s
Finished tests in 3.369934s, 2.9674 tests/s, 17.2110 assertions/s.
10 tests, 58 assertions, 0 failures, 0 errors, 0 skips

ruby -v: ruby 3.4.1 (2025-06-14 revision 742e381c9f) +PRISM [riscv64-freebsd]
end time: 2025-06-22T10:08:44
----------------------------------------
Running test: ../test/irb/test_color_printer.rb
start time: 2025-06-22T10:08:44
Run options:
  "--ruby=./miniruby -I../lib -I. -I.ext/common  ../tool/runruby.rb --extout=.ext  -- --disable-gems
"
  --excludes-dir=../test/.excludes
  --name=!/memory_leak/
  -s
  3216
  --timeout-scale
  10
  --worker-timeout=100
  -v

# Running tests:

[1/1] TestIRB::ColorPrinterTest#test_color_printer = 0.46 s
Finished tests in 2.414702s, 0.4141 tests/s, 2.8989 assertions/s.
1 tests, 7 assertions, 0 failures, 0 errors, 0 skips

ruby -v: ruby 3.4.1 (2025-06-14 revision 742e381c9f) +PRISM [riscv64-freebsd]
end time: 2025-06-22T10:09:20
----------------------------------------
Running test: ../test/.excludes-mmtk/TestTracepointObj.rb
start time: 2025-06-22T10:09:21
/root/ruby-3.4.1/test/.excludes-mmtk/TestTracepointObj.rb:1:in '<top (required)>': undefined method
'exclude' for main (NoMethodError)
        from /root/ruby-3.4.1/tool/lib/test/unit.rb:1270:in 'Kernel#require'
        from /root/ruby-3.4.1/tool/lib/test/unit.rb:1270:in 'block in Test::Unit::RequireFiles#non_o
ptions'
        from /root/ruby-3.4.1/tool/lib/test/unit.rb:1264:in 'Array#each'
        from /root/ruby-3.4.1/tool/lib/test/unit.rb:1264:in 'Test::Unit::RequireFiles#non_options'
        from /root/ruby-3.4.1/tool/lib/test/unit.rb:176:in 'Test::Unit::Options#process_args'
        from /root/ruby-3.4.1/tool/lib/test/unit.rb:254:in 'Test::Unit::Parallel#process_args'
        from /root/ruby-3.4.1/tool/lib/test/unit.rb:1211:in 'Test::Unit::OutputOption#process_args'
        from /root/ruby-3.4.1/tool/lib/test/unit.rb:1874:in 'Test::Unit::AutoRunner#process_args'
        from /root/ruby-3.4.1/tool/lib/test/unit.rb:1879:in 'Test::Unit::AutoRunner#run'
        from /root/ruby-3.4.1/tool/lib/test/unit.rb:1886:in 'Test::Unit::AutoRunner.run'
        from /root/ruby-3.4.1/tool/test/runner.rb:14:in '<top (required)>'
        from ../test/runner.rb:5:in 'Kernel#require_relative'
        from ../test/runner.rb:5:in '<main>'
end time: 2025-06-22T10:09:39
----------------------------------------
Running test: ../test/.excludes-mmtk/TestEnv.rb
start time: 2025-06-22T10:09:39
/root/ruby-3.4.1/test/.excludes-mmtk/TestEnv.rb:1:in '<top (required)>': undefined method 'exclude'
for main (NoMethodError)
        from /root/ruby-3.4.1/tool/lib/test/unit.rb:1270:in 'Kernel#require'
        from /root/ruby-3.4.1/tool/lib/test/unit.rb:1270:in 'block in Test::Unit::RequireFiles#non_o
ptions'
        from /root/ruby-3.4.1/tool/lib/test/unit.rb:1264:in 'Array#each'
        from /root/ruby-3.4.1/tool/lib/test/unit.rb:1264:in 'Test::Unit::RequireFiles#non_options'
        from /root/ruby-3.4.1/tool/lib/test/unit.rb:176:in 'Test::Unit::Options#process_args'
        from /root/ruby-3.4.1/tool/lib/test/unit.rb:254:in 'Test::Unit::Parallel#process_args'
        from /root/ruby-3.4.1/tool/lib/test/unit.rb:1211:in 'Test::Unit::OutputOption#process_args'
        from /root/ruby-3.4.1/tool/lib/test/unit.rb:1874:in 'Test::Unit::AutoRunner#process_args'
        from /root/ruby-3.4.1/tool/lib/test/unit.rb:1879:in 'Test::Unit::AutoRunner#run'
        from /root/ruby-3.4.1/tool/lib/test/unit.rb:1886:in 'Test::Unit::AutoRunner.run'
        from /root/ruby-3.4.1/tool/test/runner.rb:14:in '<top (required)>'
        from ../test/runner.rb:5:in 'Kernel#require_relative'
        from ../test/runner.rb:5:in '<main>'
end time: 2025-06-22T10:09:57
----------------------------------------
Running test: ../test/.excludes-mmtk/TestObjSpace.rb
start time: 2025-06-22T10:09:57
/root/ruby-3.4.1/test/.excludes-mmtk/TestObjSpace.rb:1:in '<top (required)>': undefined method 'excl
ude' for main (NoMethodError)
        from /root/ruby-3.4.1/tool/lib/test/unit.rb:1270:in 'Kernel#require'
        from /root/ruby-3.4.1/tool/lib/test/unit.rb:1270:in 'block in Test::Unit::RequireFiles#non_o
ptions'
        from /root/ruby-3.4.1/tool/lib/test/unit.rb:1264:in 'Array#each'
        from /root/ruby-3.4.1/tool/lib/test/unit.rb:1264:in 'Test::Unit::RequireFiles#non_options'
        from /root/ruby-3.4.1/tool/lib/test/unit.rb:176:in 'Test::Unit::Options#process_args'
        from /root/ruby-3.4.1/tool/lib/test/unit.rb:254:in 'Test::Unit::Parallel#process_args'
        from /root/ruby-3.4.1/tool/lib/test/unit.rb:1211:in 'Test::Unit::OutputOption#process_args'
        from /root/ruby-3.4.1/tool/lib/test/unit.rb:1874:in 'Test::Unit::AutoRunner#process_args'
        from /root/ruby-3.4.1/tool/lib/test/unit.rb:1879:in 'Test::Unit::AutoRunner#run'
        from /root/ruby-3.4.1/tool/lib/test/unit.rb:1886:in 'Test::Unit::AutoRunner.run'
        from /root/ruby-3.4.1/tool/test/runner.rb:14:in '<top (required)>'
        from ../test/runner.rb:5:in 'Kernel#require_relative'
        from ../test/runner.rb:5:in '<main>'
end time: 2025-06-22T10:10:15
----------------------------------------
Running test: ../test/.excludes-mmtk/TestArgf.rb
start time: 2025-06-22T10:10:15
/root/ruby-3.4.1/test/.excludes-mmtk/TestArgf.rb:1:in '<top (required)>': undefined method 'exclude'
 for main (NoMethodError)
        from /root/ruby-3.4.1/tool/lib/test/unit.rb:1270:in 'Kernel#require'
        from /root/ruby-3.4.1/tool/lib/test/unit.rb:1270:in 'block in Test::Unit::RequireFiles#non_o
ptions'
        from /root/ruby-3.4.1/tool/lib/test/unit.rb:1264:in 'Array#each'
        from /root/ruby-3.4.1/tool/lib/test/unit.rb:1264:in 'Test::Unit::RequireFiles#non_options'
        from /root/ruby-3.4.1/tool/lib/test/unit.rb:176:in 'Test::Unit::Options#process_args'
        from /root/ruby-3.4.1/tool/lib/test/unit.rb:254:in 'Test::Unit::Parallel#process_args'
        from /root/ruby-3.4.1/tool/lib/test/unit.rb:1211:in 'Test::Unit::OutputOption#process_args'
        from /root/ruby-3.4.1/tool/lib/test/unit.rb:1874:in 'Test::Unit::AutoRunner#process_args'
        from /root/ruby-3.4.1/tool/lib/test/unit.rb:1879:in 'Test::Unit::AutoRunner#run'
        from /root/ruby-3.4.1/tool/lib/test/unit.rb:1886:in 'Test::Unit::AutoRunner.run'
        from /root/ruby-3.4.1/tool/test/runner.rb:14:in '<top (required)>'
        from ../test/runner.rb:5:in 'Kernel#require_relative'
        from ../test/runner.rb:5:in '<main>'
end time: 2025-06-22T10:10:33
----------------------------------------
Running test: ../test/.excludes-mmtk/TestProcess.rb
start time: 2025-06-22T10:10:33
/root/ruby-3.4.1/test/.excludes-mmtk/TestProcess.rb:1:in '<top (required)>': undefined method 'exclu
de' for main (NoMethodError)
        from /root/ruby-3.4.1/tool/lib/test/unit.rb:1270:in 'Kernel#require'
        from /root/ruby-3.4.1/tool/lib/test/unit.rb:1270:in 'block in Test::Unit::RequireFiles#non_o
ptions'
        from /root/ruby-3.4.1/tool/lib/test/unit.rb:1264:in 'Array#each'
        from /root/ruby-3.4.1/tool/lib/test/unit.rb:1264:in 'Test::Unit::RequireFiles#non_options'
        from /root/ruby-3.4.1/tool/lib/test/unit.rb:176:in 'Test::Unit::Options#process_args'
        from /root/ruby-3.4.1/tool/lib/test/unit.rb:254:in 'Test::Unit::Parallel#process_args'
        from /root/ruby-3.4.1/tool/lib/test/unit.rb:1211:in 'Test::Unit::OutputOption#process_args'
        from /root/ruby-3.4.1/tool/lib/test/unit.rb:1874:in 'Test::Unit::AutoRunner#process_args'
        from /root/ruby-3.4.1/tool/lib/test/unit.rb:1879:in 'Test::Unit::AutoRunner#run'
        from /root/ruby-3.4.1/tool/lib/test/unit.rb:1886:in 'Test::Unit::AutoRunner.run'
        from /root/ruby-3.4.1/tool/test/runner.rb:14:in '<top (required)>'
        from ../test/runner.rb:5:in 'Kernel#require_relative'
        from ../test/runner.rb:5:in '<main>'
end time: 2025-06-22T10:10:51
----------------------------------------
Running test: ../test/.excludes-mmtk/TestGc.rb
start time: 2025-06-22T10:10:51
/root/ruby-3.4.1/test/.excludes-mmtk/TestGc.rb:1:in '<top (required)>': undefined method 'exclude' f
or main (NoMethodError)
        from /root/ruby-3.4.1/tool/lib/test/unit.rb:1270:in 'Kernel#require'
        from /root/ruby-3.4.1/tool/lib/test/unit.rb:1270:in 'block in Test::Unit::RequireFiles#non_o
ptions'
        from /root/ruby-3.4.1/tool/lib/test/unit.rb:1264:in 'Array#each'
        from /root/ruby-3.4.1/tool/lib/test/unit.rb:1264:in 'Test::Unit::RequireFiles#non_options'
        from /root/ruby-3.4.1/tool/lib/test/unit.rb:176:in 'Test::Unit::Options#process_args'
        from /root/ruby-3.4.1/tool/lib/test/unit.rb:254:in 'Test::Unit::Parallel#process_args'
        from /root/ruby-3.4.1/tool/lib/test/unit.rb:1211:in 'Test::Unit::OutputOption#process_args'
        from /root/ruby-3.4.1/tool/lib/test/unit.rb:1874:in 'Test::Unit::AutoRunner#process_args'
        from /root/ruby-3.4.1/tool/lib/test/unit.rb:1879:in 'Test::Unit::AutoRunner#run'
        from /root/ruby-3.4.1/tool/lib/test/unit.rb:1886:in 'Test::Unit::AutoRunner.run'
        from /root/ruby-3.4.1/tool/test/runner.rb:14:in '<top (required)>'
        from ../test/runner.rb:5:in 'Kernel#require_relative'
        from ../test/runner.rb:5:in '<main>'
end time: 2025-06-22T10:11:09
----------------------------------------
Running test: ../test/set/test_sorted_set.rb
start time: 2025-06-22T10:11:09
Run options:
  "--ruby=./miniruby -I../lib -I. -I.ext/common  ../tool/runruby.rb --extout=.ext  -- --disable-gems
"
  --excludes-dir=../test/.excludes
  --name=!/memory_leak/
  -s
  3216
  --timeout-scale
  10
  --worker-timeout=100
  -v

# Running tests:

[1/3] TC_SortedSet#test_ok_with_gem = 10.03 s
[2/3] TC_SortedSet#test_ok_require = 9.98 s
[3/3] TC_SortedSet#test_error = 10.07 s
Finished tests in 31.398841s, 0.0955 tests/s, 0.2866 assertions/s.
3 tests, 9 assertions, 0 failures, 0 errors, 0 skips

ruby -v: ruby 3.4.1 (2025-06-14 revision 742e381c9f) +PRISM [riscv64-freebsd]
end time: 2025-06-22T10:11:59
----------------------------------------
Running test: ../test/set/fixtures/fake_sorted_set_gem/sorted_set.rb
start time: 2025-06-22T10:11:59
Run options:
  "--ruby=./miniruby -I../lib -I. -I.ext/common  ../tool/runruby.rb --extout=.ext  -- --disable-gems
"
  --excludes-dir=../test/.excludes
  --name=!/memory_leak/
  -s
  3216
  --timeout-scale
  10
  --worker-timeout=100
  -v

# Running tests:

Finished tests in 1.013219s, 0.0000 tests/s, 0.0000 assertions/s.
0 tests, 0 assertions, 0 failures, 0 errors, 0 skips

ruby -v: ruby 3.4.1 (2025-06-14 revision 742e381c9f) +PRISM [riscv64-freebsd]
end time: 2025-06-22T10:12:19
----------------------------------------
Running test: ../test/set/test_set.rb
start time: 2025-06-22T10:12:19
Run options:
  "--ruby=./miniruby -I../lib -I. -I.ext/common  ../tool/runruby.rb --extout=.ext  -- --disable-gems
"
  --excludes-dir=../test/.excludes
  --name=!/memory_leak/
  -s
  3216
  --timeout-scale
  10
  --worker-timeout=100
  -v

# Running tests:

[ 1/48] TC_Set#test_freeze_dup = 0.04 s
[ 2/48] TC_Set#test_proper_superset? = 0.08 s
[ 3/48] TC_Set#test_xor = 0.03 s
[ 4/48] TC_Set#test_freeze = 0.02 s
[ 5/48] TC_Set#test_spacecraft_operator = 0.05 s
[ 6/48] TC_Set#test_minus = 0.01 s
[ 7/48] TC_Set#test_freeze_clone = 0.01 s
[ 8/48] TC_Set#test_empty? = 0.01 s
[ 9/48] TC_Set#test_select! = 0.03 s
[10/48] TC_Set#test_delete_if = 0.03 s
[11/48] TC_Set#test_clear = 0.01 s
[12/48] TC_Set#test_merge = 0.03 s
[13/48] TC_Set#test_dup = 0.01 s
[14/48] TC_Set#test_inspect = 0.03 s
[15/48] TC_Set#test_eq = 0.03 s
[16/48] TC_Set#test_intersect? = 0.44 s
[17/48] TC_Set#test_delete = 0.02 s
[18/48] TC_Set#test_divide = 0.22 s
[19/48] TC_Set#test_reset = 0.02 s
[20/48] TC_Set#test_and = 0.01 s
[21/48] TC_Set#test_reject! = 0.03 s
[22/48] TC_Set#test_subset? = 0.07 s
[23/48] TC_Set#test_flatten = 0.08 s
[24/48] TC_Set#test_plus = 0.01 s
[25/48] TC_Set#test_proper_subset? = 0.06 s
[26/48] TC_Set#test_compare_by_identity = 0.02 s
[27/48] TC_Set#test_add = 0.02 s
[28/48] TC_Set#test_to_a = 0.01 s
[29/48] TC_Set#test_filter! = 0.03 s
[30/48] TC_Set#test_eqq = 0.02 s
[31/48] TC_Set#test_superset? = 0.06 s
[32/48] TC_Set#test_aref = 0.03 s
[33/48] TC_Set#test_replace = 0.02 s
[34/48] TC_Set#test_keep_if = 0.03 s
[35/48] TC_Set#test_collect! = 0.03 s
[36/48] TC_Set#test_to_s = 0.02 s
[37/48] TC_Set#test_s_new = 0.05 s
[38/48] TC_Set#test_each = 0.01 s
[39/48] TC_Set#test_freeze_clone_false = 0.02 s
[40/48] TC_Set#test_size = 0.01 s
[41/48] TC_Set#test_classify = 0.04 s
[42/48] TC_Set#test_subtract = 0.01 s
[43/48] TC_Set#test_join = 0.01 s
[44/48] TC_Set#test_clone = 0.01 s
[45/48] TC_Set#test_include? = 0.02 s
[46/48] TC_Set_Builtin#test_to_set = 0.04 s
[47/48] TC_Set_Builtin#test_Set = 0.03 s
[48/48] TC_Enumerable#test_to_set = 0.02 s
Finished tests in 5.216801s, 9.2010 tests/s, 87.0265 assertions/s.
48 tests, 454 assertions, 0 failures, 0 errors, 2 skips

ruby -v: ruby 3.4.1 (2025-06-14 revision 742e381c9f) +PRISM [riscv64-freebsd]
end time: 2025-06-22T10:12:44
----------------------------------------
Running test: ../test/net/protocol/test_protocol.rb
start time: 2025-06-22T10:12:44
Run options:
  "--ruby=./miniruby -I../lib -I. -I.ext/common  ../tool/runruby.rb --extout=.ext  -- --disable-gems
"
  --excludes-dir=../test/.excludes
  --name=!/memory_leak/
  -s
  3216
  --timeout-scale
  10
  --worker-timeout=100
  -v

# Running tests:

[ 1/12] TestProtocol#test_write0_timeout_multi2 = 0.16 s
[ 2/12] TestProtocol#test_write0_success_multi2 = 0.01 s
[ 3/12] TestProtocol#test_shareable_buffer_leak = 0.02 s
[ 4/12] TestProtocol#test_write0_success = 0.01 s
[ 5/12] TestProtocol#test_should_properly_dot_stuff_period_with_no_endline = 0.03 s
[ 6/12] TestProtocol#test_readuntil = 0.03 s
[ 7/12] TestProtocol#test_write0_success2 = 0.01 s
[ 8/12] TestProtocol#test_write0_success_multi1 = 0.01 s
[ 9/12] TestProtocol#test_each_crlf_line = 0.04 s
[10/12] TestProtocol#test_write0_multibyte = 0.01 s
[11/12] TestProtocol#test_write0_timeout_multi1 = 0.13 s
[12/12] TestProtocol#test_write0_timeout = 0.12 s
Finished tests in 2.306713s, 5.2022 tests/s, 20.3753 assertions/s.
12 tests, 47 assertions, 0 failures, 0 errors, 0 skips

ruby -v: ruby 3.4.1 (2025-06-14 revision 742e381c9f) +PRISM [riscv64-freebsd]
end time: 2025-06-22T10:13:07
----------------------------------------
Running test: ../test/net/http/test_https.rb
start time: 2025-06-22T10:13:07
Run options:
  "--ruby=./miniruby -I../lib -I. -I.ext/common  ../tool/runruby.rb --extout=.ext  -- --disable-gems
"
  --excludes-dir=../test/.excludes
  --name=!/memory_leak/
  -s
  3216
  --timeout-scale
  10
  --worker-timeout=100
  -v

# Running tests:

[ 1/15] TestNetHTTPSIdentityVerifyFailure#test_identity_verify_failure = 1.35 s
[ 2/15] TestNetHTTPS#test_post = 1.24 s
[ 3/15] TestNetHTTPS#test_min_version = 1.02 s
[ 4/15] TestNetHTTPS#test_get_SNI_proxy = 0.68 s
[ 5/15] TestNetHTTPS#test_get_SNI_failure = 2.30 s
[ 6/15] TestNetHTTPS#test_fail_if_verify_hostname_is_true = 0.85 s
[ 7/15] TestNetHTTPS#test_verify_none = 0.91 s
[ 8/15] TestNetHTTPS#test_max_version = 0.67 s
[ 9/15] TestNetHTTPS#test_session_reuse_but_expire = 2.63 s
[10/15] TestNetHTTPS#test_session_reuse = 1.32 s
[11/15] TestNetHTTPS#test_certificate_verify_failure = 0.84 s
[12/15] TestNetHTTPS#test_timeout_during_SSL_handshake = 0.67 s
[13/15] TestNetHTTPS#test_get_SNI = 1.13 s
[14/15] TestNetHTTPS#test_get = 1.10 s
[15/15] TestNetHTTPS#test_skip_hostname_verification = 2.05 s
Finished tests in 21.242698s, 0.7061 tests/s, 3.1069 assertions/s.
15 tests, 66 assertions, 0 failures, 0 errors, 0 skips

ruby -v: ruby 3.4.1 (2025-06-14 revision 742e381c9f) +PRISM [riscv64-freebsd]
end time: 2025-06-22T10:14:05
----------------------------------------
Running test: ../test/net/http/test_httpresponses.rb
start time: 2025-06-22T10:14:05
Run options:
  "--ruby=./miniruby -I../lib -I. -I.ext/common  ../tool/runruby.rb --extout=.ext  -- --disable-gems
"
  --excludes-dir=../test/.excludes
  --name=!/memory_leak/
  -s
  3216
  --timeout-scale
  10
  --worker-timeout=100
  -v

# Running tests:

[1/1] HTTPResponsesTest#test_status_code_classes = 0.10 s
Finished tests in 1.807515s, 0.5532 tests/s, 34.3012 assertions/s.
1 tests, 62 assertions, 0 failures, 0 errors, 0 skips

ruby -v: ruby 3.4.1 (2025-06-14 revision 742e381c9f) +PRISM [riscv64-freebsd]
end time: 2025-06-22T10:14:36
----------------------------------------
Running test: ../test/net/http/test_http.rb
start time: 2025-06-22T10:14:36
Run options:
  "--ruby=./miniruby -I../lib -I. -I.ext/common  ../tool/runruby.rb --extout=.ext  -- --disable-gems
"
  --excludes-dir=../test/.excludes
  --name=!/memory_leak/
  -s
  3216
  --timeout-scale
  10
  --worker-timeout=100
  -v

# Running tests:

[ 1/84] TestNetHTTPKeepAlive#test_keep_alive_get_auto_retry = 1.84 s
[ 2/84] TestNetHTTPKeepAlive#test_keep_alive_server_close = 0.15 s
[ 3/84] TestNetHTTPKeepAlive#test_keep_alive_reset_on_new_connection = 1.69 s
[ 4/84] TestNetHTTPKeepAlive#test_http_retry_failed_with_block = 0.11 s
[ 5/84] TestNetHTTPKeepAlive#test_keep_alive_get_auto_reconnect = 1.66 s
[ 6/84] TestNetHTTPKeepAlive#test_http_retry_success = 0.13 s
[ 7/84] TestNetHTTPKeepAlive#test_server_closed_connection_auto_reconnect = 2.89 s
[ 8/84] TestNetHTTPKeepAlive#test_http_retry_failed = 0.15 s
[ 9/84] TestNetHTTPSwitchingProtocols#test_info = 0.12 s
[10/84] TestNetHTTPForceEncoding#test_response_body_encoding_true_with_content_type = 0.14 s
[11/84] TestNetHTTPForceEncoding#test_response_body_encoding_encoding_without_content_type = 0.11 s
[12/84] TestNetHTTPForceEncoding#test_response_body_encoding_true_without_content_type = 0.10 s
[13/84] TestNetHTTPForceEncoding#test_response_body_encoding_string_without_content_type = 0.09 s
[14/84] TestNetHTTPForceEncoding#test_response_body_encoding_false = 0.10 s
[15/84] TestNetHTTPContinue#test_expect_continue = 0.13 s
[16/84] TestNetHTTPContinue#test_expect_continue_error_before_body = 0.11 s
[17/84] TestNetHTTPContinue#test_expect_continue_timeout = 0.33 s
[18/84] TestNetHTTPContinue#test_expect_continue_error = 0.11 s
[19/84] TestNetHTTPContinue#test_expect_continue_error_while_waiting = 0.12 s
[20/84] TestNetHTTPPartialResponse#test_partial_response = 0.19 s
[21/84] TestNetHTTP#test_class_Proxy_from_ENV = 0.04 s
[22/84] TestNetHTTP#test_newobj = 0.01 s
[23/84] TestNetHTTP#test_failure_message_includes_failed_domain_and_port = 0.11 s
[24/84] TestNetHTTP#test_proxy_eh_no_proxy = 0.01 s
[25/84] TestNetHTTP#test_proxy_eh_ENV_none_set = 0.01 s
[26/84] TestNetHTTP#test_proxy_address = 0.02 s
[27/84] TestNetHTTP#test_addr_port = 0.02 s
[28/84] TestNetHTTP#test_proxy_eh_ENV_with_user = 0.27 s
[29/84] TestNetHTTP#test_edit_path = 0.01 s
[30/84] TestNetHTTP#test_proxy_eh_ENV_with_urlencoded_user = 0.04 s
[31/84] TestNetHTTP#test_proxy_address_ENV = 0.03 s
[32/84] TestNetHTTP#test_proxy_port_ENV = 0.04 s
[33/84] TestNetHTTP#test_proxy_eh_ENV_no_proxy = 0.03 s
[34/84] TestNetHTTP#test_proxy_eh_ENV = 0.04 s
[35/84] TestNetHTTP#test_proxy_address_no_proxy = 0.04 s
[36/84] TestNetHTTP#test_edit_path_proxy = 0.01 s
[37/84] TestNetHTTP#test_default_configuration = 0.01 s
[38/84] TestNetHTTP#test_class_Proxy = 0.02 s
[39/84] TestNetHTTP#test_proxy_port = 0.02 s
[40/84] TestNetHTTP#test_proxy_from_env_ENV = 0.01 s
[41/84] TestNetHTTP_v1_2#test_post = 0.25 s
[42/84] TestNetHTTP_v1_2#test_s_get_response = 0.24 s
[43/84] TestNetHTTP_v1_2#test_timeout_during_HTTP_session = 0.64 s
[44/84] TestNetHTTP_v1_2#test_get__crlf = 0.12 s
[45/84] TestNetHTTP_v1_2#test_send_request = 0.26 s
[46/84] TestNetHTTP_v1_2#test_timeout_during_non_chunked_streamed_HTTP_session_write = 3.13 s
[47/84] TestNetHTTP_v1_2#test_timeout_during_HTTP_session_write = 3.12 s
[48/84] TestNetHTTP_v1_2#test_s_post_form = 1.06 s
[49/84] TestNetHTTP_v1_2#test_request = 0.87 s
[50/84] TestNetHTTP_v1_2#test_set_form_with_file = 0.23 s
[51/84] TestNetHTTP_v1_2#test_get = 0.38 s
[52/84] TestNetHTTP_v1_2#test_s_start = 0.09 s
[53/84] TestNetHTTP_v1_2#test_get2 = 0.10 s
[54/84] TestNetHTTP_v1_2#test_s_get = 0.31 s
[55/84] TestNetHTTP_v1_2#test_get__implicit_start = 0.10 s
[56/84] TestNetHTTP_v1_2#test_set_form = 2.62 s
[57/84] TestNetHTTP_v1_2#test_head = 0.08 s
[58/84] TestNetHTTP_v1_2#test_s_post = 0.25 s
[59/84] TestNetHTTP_v1_2#test_patch = 0.09 s
[60/84] TestNetHTTP_v1_2#test_send_large_POST_request = 5.62 s
[61/84] TestNetHTTP_v1_2#test_get__break = 0.08 s
[62/84] TestNetHTTP_v1_2_chunked#test_post = 0.20 s
[63/84] TestNetHTTP_v1_2_chunked#test_s_get_response = 0.24 s
[64/84] TestNetHTTP_v1_2_chunked#test_chunked_break = 0.09 s
[65/84] TestNetHTTP_v1_2_chunked#test_timeout_during_HTTP_session = 0.35 s
[66/84] TestNetHTTP_v1_2_chunked#test_get__crlf = 0.11 s
[67/84] TestNetHTTP_v1_2_chunked#test_send_request = 0.39 s
[68/84] TestNetHTTP_v1_2_chunked#test_timeout_during_non_chunked_streamed_HTTP_session_write = 7.23
s
[69/84] TestNetHTTP_v1_2_chunked#test_timeout_during_HTTP_session_write = 0.44 s
[70/84] TestNetHTTP_v1_2_chunked#test_s_post_form = 0.48 s
[71/84] TestNetHTTP_v1_2_chunked#test_request = 0.68 s
[72/84] TestNetHTTP_v1_2_chunked#test_set_form_with_file = 0.61 s
[73/84] TestNetHTTP_v1_2_chunked#test_get = 0.31 s
[74/84] TestNetHTTP_v1_2_chunked#test_s_start = 0.08 s
[75/84] TestNetHTTP_v1_2_chunked#test_get2 = 0.09 s
[76/84] TestNetHTTP_v1_2_chunked#test_s_get = 0.29 s
[77/84] TestNetHTTP_v1_2_chunked#test_get__implicit_start = 0.09 s
[78/84] TestNetHTTP_v1_2_chunked#test_set_form = 0.32 s
[79/84] TestNetHTTP_v1_2_chunked#test_head = 0.08 s
[80/84] TestNetHTTP_v1_2_chunked#test_s_post = 0.25 s
[81/84] TestNetHTTP_v1_2_chunked#test_patch = 0.09 s
[82/84] TestNetHTTP_v1_2_chunked#test_get__break = 0.08 s
[83/84] TestNetHTTPLocalBind#test_bind_to_local_host = 0.09 s
[84/84] TestNetHTTPLocalBind#test_bind_to_local_port = 0.10 s

  1) Error:
TestNetHTTPForceEncoding#test_response_body_encoding_true_with_content_type:
Errno::ECONNREFUSED: Failed to open TCP connection to localhost:36512 (Connection refused - connect(
2) for "localhost" port 36512)
    /root/ruby-3.4.1/lib/net/http.rb:1659:in 'TCPSocket#initialize'
    /root/ruby-3.4.1/lib/net/http.rb:1659:in 'IO.open'
    /root/ruby-3.4.1/lib/net/http.rb:1659:in 'block in Net::HTTP#connect'
    /root/ruby-3.4.1/lib/timeout.rb:185:in 'block in Timeout.timeout'
    /root/ruby-3.4.1/lib/timeout.rb:192:in 'Timeout.timeout'
    /root/ruby-3.4.1/lib/net/http.rb:1657:in 'Net::HTTP#connect'
    /root/ruby-3.4.1/lib/net/http.rb:1636:in 'Net::HTTP#do_start'
    /root/ruby-3.4.1/lib/net/http.rb:1625:in 'Net::HTTP#start'
    /root/ruby-3.4.1/lib/net/http.rb:2369:in 'Net::HTTP#request'
    /root/ruby-3.4.1/lib/net/http.rb:1984:in 'Net::HTTP#get'
    /root/ruby-3.4.1/test/net/http/test_http.rb:1344:in 'TestNetHTTPForceEncoding#fe_request'
    /root/ruby-3.4.1/test/net/http/test_http.rb:1360:in 'TestNetHTTPForceEncoding#test_response_body
_encoding_true_with_content_type'

  2) Error:
TestNetHTTPForceEncoding#test_response_body_encoding_encoding_without_content_type:
Errno::ECONNREFUSED: Failed to open TCP connection to localhost:64593 (Connection refused - connect(
2) for "localhost" port 64593)
    /root/ruby-3.4.1/lib/net/http.rb:1659:in 'TCPSocket#initialize'
    /root/ruby-3.4.1/lib/net/http.rb:1659:in 'IO.open'
    /root/ruby-3.4.1/lib/net/http.rb:1659:in 'block in Net::HTTP#connect'
    /root/ruby-3.4.1/lib/timeout.rb:185:in 'block in Timeout.timeout'
    /root/ruby-3.4.1/lib/timeout.rb:192:in 'Timeout.timeout'
    /root/ruby-3.4.1/lib/net/http.rb:1657:in 'Net::HTTP#connect'
    /root/ruby-3.4.1/lib/net/http.rb:1636:in 'Net::HTTP#do_start'
    /root/ruby-3.4.1/lib/net/http.rb:1625:in 'Net::HTTP#start'
    /root/ruby-3.4.1/lib/net/http.rb:2369:in 'Net::HTTP#request'
    /root/ruby-3.4.1/lib/net/http.rb:1984:in 'Net::HTTP#get'
    /root/ruby-3.4.1/test/net/http/test_http.rb:1344:in 'TestNetHTTPForceEncoding#fe_request'
    /root/ruby-3.4.1/test/net/http/test_http.rb:1372:in 'TestNetHTTPForceEncoding#test_response_body
_encoding_encoding_without_content_type'

  3) Error:
TestNetHTTPForceEncoding#test_response_body_encoding_true_without_content_type:
Errno::ECONNREFUSED: Failed to open TCP connection to localhost:50494 (Connection refused - connect(
2) for "localhost" port 50494)
    /root/ruby-3.4.1/lib/net/http.rb:1659:in 'TCPSocket#initialize'
    /root/ruby-3.4.1/lib/net/http.rb:1659:in 'IO.open'
    /root/ruby-3.4.1/lib/net/http.rb:1659:in 'block in Net::HTTP#connect'
    /root/ruby-3.4.1/lib/timeout.rb:185:in 'block in Timeout.timeout'
    /root/ruby-3.4.1/lib/timeout.rb:192:in 'Timeout.timeout'
    /root/ruby-3.4.1/lib/net/http.rb:1657:in 'Net::HTTP#connect'
    /root/ruby-3.4.1/lib/net/http.rb:1636:in 'Net::HTTP#do_start'
    /root/ruby-3.4.1/lib/net/http.rb:1625:in 'Net::HTTP#start'
    /root/ruby-3.4.1/lib/net/http.rb:2369:in 'Net::HTTP#request'
    /root/ruby-3.4.1/lib/net/http.rb:1984:in 'Net::HTTP#get'
    /root/ruby-3.4.1/test/net/http/test_http.rb:1344:in 'TestNetHTTPForceEncoding#fe_request'
    /root/ruby-3.4.1/test/net/http/test_http.rb:1354:in 'TestNetHTTPForceEncoding#test_response_body
_encoding_true_without_content_type'

  4) Error:
TestNetHTTPForceEncoding#test_response_body_encoding_string_without_content_type:
Errno::ECONNREFUSED: Failed to open TCP connection to localhost:48855 (Connection refused - connect(
2) for "localhost" port 48855)
    /root/ruby-3.4.1/lib/net/http.rb:1659:in 'TCPSocket#initialize'
    /root/ruby-3.4.1/lib/net/http.rb:1659:in 'IO.open'
    /root/ruby-3.4.1/lib/net/http.rb:1659:in 'block in Net::HTTP#connect'
    /root/ruby-3.4.1/lib/timeout.rb:185:in 'block in Timeout.timeout'
    /root/ruby-3.4.1/lib/timeout.rb:192:in 'Timeout.timeout'
    /root/ruby-3.4.1/lib/net/http.rb:1657:in 'Net::HTTP#connect'
    /root/ruby-3.4.1/lib/net/http.rb:1636:in 'Net::HTTP#do_start'
    /root/ruby-3.4.1/lib/net/http.rb:1625:in 'Net::HTTP#start'
    /root/ruby-3.4.1/lib/net/http.rb:2369:in 'Net::HTTP#request'
    /root/ruby-3.4.1/lib/net/http.rb:1984:in 'Net::HTTP#get'
    /root/ruby-3.4.1/test/net/http/test_http.rb:1344:in 'TestNetHTTPForceEncoding#fe_request'
    /root/ruby-3.4.1/test/net/http/test_http.rb:1366:in 'TestNetHTTPForceEncoding#test_response_body
_encoding_string_without_content_type'

  5) Error:
TestNetHTTPForceEncoding#test_response_body_encoding_false:
Errno::ECONNREFUSED: Failed to open TCP connection to localhost:13324 (Connection refused - connect(
2) for "localhost" port 13324)
    /root/ruby-3.4.1/lib/net/http.rb:1659:in 'TCPSocket#initialize'
    /root/ruby-3.4.1/lib/net/http.rb:1659:in 'IO.open'
    /root/ruby-3.4.1/lib/net/http.rb:1659:in 'block in Net::HTTP#connect'
    /root/ruby-3.4.1/lib/timeout.rb:185:in 'block in Timeout.timeout'
    /root/ruby-3.4.1/lib/timeout.rb:192:in 'Timeout.timeout'
    /root/ruby-3.4.1/lib/net/http.rb:1657:in 'Net::HTTP#connect'
    /root/ruby-3.4.1/lib/net/http.rb:1636:in 'Net::HTTP#do_start'
    /root/ruby-3.4.1/lib/net/http.rb:1625:in 'Net::HTTP#start'
    /root/ruby-3.4.1/lib/net/http.rb:2369:in 'Net::HTTP#request'
    /root/ruby-3.4.1/lib/net/http.rb:1984:in 'Net::HTTP#get'
    /root/ruby-3.4.1/test/net/http/test_http.rb:1344:in 'TestNetHTTPForceEncoding#fe_request'
    /root/ruby-3.4.1/test/net/http/test_http.rb:1348:in 'TestNetHTTPForceEncoding#test_response_body
_encoding_false'

  6) Error:
TestNetHTTPLocalBind#test_bind_to_local_host:
Errno::ECONNREFUSED: Failed to open TCP connection to localhost:55719 (Connection refused - connect(
2) for "localhost" port 55719)
    /root/ruby-3.4.1/lib/net/http.rb:1659:in 'TCPSocket#initialize'
    /root/ruby-3.4.1/lib/net/http.rb:1659:in 'IO.open'
    /root/ruby-3.4.1/lib/net/http.rb:1659:in 'block in Net::HTTP#connect'
    /root/ruby-3.4.1/lib/timeout.rb:185:in 'block in Timeout.timeout'
    /root/ruby-3.4.1/lib/timeout.rb:192:in 'Timeout.timeout'
    /root/ruby-3.4.1/lib/net/http.rb:1657:in 'Net::HTTP#connect'
    /root/ruby-3.4.1/lib/net/http.rb:1636:in 'Net::HTTP#do_start'
    /root/ruby-3.4.1/lib/net/http.rb:1625:in 'Net::HTTP#start'
    /root/ruby-3.4.1/lib/net/http.rb:2369:in 'Net::HTTP#request'
    /root/ruby-3.4.1/lib/net/http.rb:1984:in 'Net::HTTP#get'
    /root/ruby-3.4.1/test/net/http/test_http.rb:1303:in 'TestNetHTTPLocalBind#test_bind_to_local_hos
t'

  7) Error:
TestNetHTTPLocalBind#test_bind_to_local_port:
Errno::ECONNREFUSED: Failed to open TCP connection to localhost:11891 (Connection refused - connect(
2) for "localhost" port 11891)
    /root/ruby-3.4.1/lib/net/http.rb:1659:in 'TCPSocket#initialize'
    /root/ruby-3.4.1/lib/net/http.rb:1659:in 'IO.open'
    /root/ruby-3.4.1/lib/net/http.rb:1659:in 'block in Net::HTTP#connect'
    /root/ruby-3.4.1/lib/timeout.rb:185:in 'block in Timeout.timeout'
    /root/ruby-3.4.1/lib/timeout.rb:192:in 'Timeout.timeout'
    /root/ruby-3.4.1/lib/net/http.rb:1657:in 'Net::HTTP#connect'
    /root/ruby-3.4.1/lib/net/http.rb:1636:in 'Net::HTTP#do_start'
    /root/ruby-3.4.1/lib/net/http.rb:1625:in 'Net::HTTP#start'
    /root/ruby-3.4.1/lib/net/http.rb:2369:in 'Net::HTTP#request'
    /root/ruby-3.4.1/lib/net/http.rb:1984:in 'Net::HTTP#get'
    /root/ruby-3.4.1/test/net/http/test_http.rb:1318:in 'TestNetHTTPLocalBind#test_bind_to_local_por
t'

Finished tests in 55.253262s, 1.5203 tests/s, 11.2030 assertions/s.
84 tests, 619 assertions, 0 failures, 7 errors, 0 skips

ruby -v: ruby 3.4.1 (2025-06-14 revision 742e381c9f) +PRISM [riscv64-freebsd]
end time: 2025-06-22T10:16:08
----------------------------------------
Running test: ../test/net/http/test_buffered_io.rb
start time: 2025-06-22T10:16:08
Run options:
  "--ruby=./miniruby -I../lib -I. -I.ext/common  ../tool/runruby.rb --extout=.ext  -- --disable-gems
"
  --excludes-dir=../test/.excludes
  --name=!/memory_leak/
  -s
  3216
  --timeout-scale
  10
  --worker-timeout=100
  -v

# Running tests:

[1/1] Net::TestBufferedIO#test_eof? = 0.04 s
Finished tests in 1.708009s, 0.5855 tests/s, 2.9274 assertions/s.
1 tests, 5 assertions, 0 failures, 0 errors, 0 skips

ruby -v: ruby 3.4.1 (2025-06-14 revision 742e381c9f) +PRISM [riscv64-freebsd]
end time: 2025-06-22T10:16:43
----------------------------------------
Running test: ../test/net/http/test_http_request.rb
start time: 2025-06-22T10:16:44
Run options:
  "--ruby=./miniruby -I../lib -I. -I.ext/common  ../tool/runruby.rb --extout=.ext  -- --disable-gems
"
  --excludes-dir=../test/.excludes
  --name=!/memory_leak/
  -s
  3216
  --timeout-scale
  10
  --worker-timeout=100
  -v

# Running tests:

[1/6] HTTPRequestTest#test_header_set = 0.05 s
[2/6] HTTPRequestTest#test_initialize_GET = 0.02 s
[3/6] HTTPRequestTest#test_initialize_GET_range = 0.02 s
[4/6] HTTPRequestTest#test_initialize_GET_uri = 0.06 s
[5/6] HTTPRequestTest#test_initialize_HEAD = 0.02 s
[6/6] HTTPRequestTest#test_initialize_accept_encoding = 0.02 s
Finished tests in 2.049581s, 2.9274 tests/s, 16.5888 assertions/s.
6 tests, 34 assertions, 0 failures, 0 errors, 0 skips

ruby -v: ruby 3.4.1 (2025-06-14 revision 742e381c9f) +PRISM [riscv64-freebsd]
end time: 2025-06-22T10:17:15
----------------------------------------
Running test: ../test/net/http/utils.rb
start time: 2025-06-22T10:17:15
Run options:
  "--ruby=./miniruby -I../lib -I. -I.ext/common  ../tool/runruby.rb --extout=.ext  -- --disable-gems
"
  --excludes-dir=../test/.excludes
  --name=!/memory_leak/
  -s
  3216
  --timeout-scale
  10
  --worker-timeout=100
  -v

# Running tests:

Finished tests in 1.153948s, 0.0000 tests/s, 0.0000 assertions/s.
0 tests, 0 assertions, 0 failures, 0 errors, 0 skips

ruby -v: ruby 3.4.1 (2025-06-14 revision 742e381c9f) +PRISM [riscv64-freebsd]
end time: 2025-06-22T10:17:40
----------------------------------------
Running test: ../test/net/http/test_httpheader.rb
start time: 2025-06-22T10:17:40
Run options:
  "--ruby=./miniruby -I../lib -I. -I.ext/common  ../tool/runruby.rb --extout=.ext  -- --disable-gems
"
  --excludes-dir=../test/.excludes
  --name=!/memory_leak/
  -s
  3216
  --timeout-scale
  10
  --worker-timeout=100
  -v

# Running tests:

[ 1/36] HTTPHeaderTest#test_chunked? = 0.04 s
[ 2/36] HTTPHeaderTest#test_proxy_basic_auth = 0.01 s
[ 3/36] HTTPHeaderTest#test_initialize_with_broken_coderange = 0.02 s
[ 4/36] HTTPHeaderTest#test_add_field = 0.03 s
[ 5/36] HTTPHeaderTest#test_get_fields = 0.02 s
[ 6/36] HTTPHeaderTest#test_each_capitalized_with_symbol = 0.02 s
[ 7/36] HTTPHeaderTest#test_form_data= = 0.04 s
[ 8/36] HTTPHeaderTest#test_sub_type = 0.02 s
[ 9/36] HTTPHeaderTest#test_main_type = 0.02 s
[10/36] HTTPHeaderTest#test_content_length= = 0.02 s
[11/36] HTTPHeaderTest#test_duplicated_variable_header = 0.02 s
[12/36] HTTPHeaderTest#test_content_type = 0.02 s
[13/36] HTTPHeaderTest#test_key? = 0.01 s
[14/36] HTTPHeaderTest#test_ASET = 0.03 s
[15/36] HTTPHeaderTest#test_each_capitalized = 0.01 s
[16/36] HTTPHeaderTest#test_set_form_data = 0.03 s
[17/36] HTTPHeaderTest#test_range= = 0.02 s
[18/36] HTTPHeaderTest#test_each_value = 0.01 s
[19/36] HTTPHeaderTest#test_delete = 0.01 s
[20/36] HTTPHeaderTest#test_content_range = 0.03 s
[21/36] HTTPHeaderTest#test_content_length = 0.02 s
[22/36] HTTPHeaderTest#test_each_key = 0.01 s
[23/36] HTTPHeaderTest#test_to_hash = 0.01 s
[24/36] HTTPHeaderTest#test_each_capitalized_name = 0.02 s
[25/36] HTTPHeaderTest#test_initialize = 0.03 s
[26/36] HTTPHeaderTest#test_range = 0.07 s
[27/36] HTTPHeaderTest#test_range_length = 0.02 s
[28/36] HTTPHeaderTest#test_type_params = 0.02 s
[29/36] HTTPHeaderTest#test_canonical_each = 0.01 s
[30/36] HTTPHeaderTest#test_set_content_type = 0.01 s
[31/36] HTTPHeaderTest#test_each = 0.01 s
[32/36] HTTPHeaderTest#test_size = 0.01 s
[33/36] HTTPHeaderTest#test_basic_auth = 0.01 s
[34/36] HTTPHeaderTest#test_nil_variable_header = 0.01 s
[35/36] HTTPHeaderTest#test_AREF = 0.01 s
[36/36] HTTPHeaderTest#test_initialize_with_symbol = 0.01 s
Finished tests in 4.603648s, 7.8199 tests/s, 52.3498 assertions/s.
36 tests, 241 assertions, 0 failures, 0 errors, 0 skips

ruby -v: ruby 3.4.1 (2025-06-14 revision 742e381c9f) +PRISM [riscv64-freebsd]
end time: 2025-06-22T10:18:14
----------------------------------------
Running test: ../test/net/http/test_httpresponse.rb
start time: 2025-06-22T10:18:14
Run options:
  "--ruby=./miniruby -I../lib -I. -I.ext/common  ../tool/runruby.rb --extout=.ext  -- --disable-gems
"
  --excludes-dir=../test/.excludes
  --name=!/memory_leak/
  -s
  3216
  --timeout-scale
  10
  --worker-timeout=100
  -v

# Running tests:

[ 1/34] HTTPResponseTest#test_read_body_body_encoding_true_with_utf8_meta_content_charset = 0.17 s
[ 2/34] HTTPResponseTest#test_read_body_content_encoding_deflate_content_range = 0.03 s
[ 3/34] HTTPResponseTest#test_allow_empty_reason_code = 0.02 s
[ 4/34] HTTPResponseTest#test_read_body_content_encoding_deflate_disabled = 0.03 s
[ 5/34] HTTPResponseTest#test_read_body_body_encoding_true_with_iso8859_1_meta_charset = 0.05 s
[ 6/34] HTTPResponseTest#test_ensure_zero_space_does_not_regress = 0.02 s
[ 7/34] HTTPResponseTest#test_singleline_header = 0.02 s
[ 8/34] HTTPResponseTest#test_read_body_receiving_no_body = 0.02 s
[ 9/34] HTTPResponseTest#test_read_body_block_mod = 2.03 s
[10/34] HTTPResponseTest#test_raises_exception_with_missing_reason = 0.03 s
[11/34] HTTPResponseTest#test_read_body = 0.02 s
[12/34] HTTPResponseTest#test_read_body_content_encoding_deflate_no_length = 0.04 s
[13/34] HTTPResponseTest#test_read_body_string = 0.02 s
[14/34] HTTPResponseTest#test_uri_equals = 0.03 s
[15/34] HTTPResponseTest#test_read_body_body_encoding_string = 0.02 s
[16/34] HTTPResponseTest#test_read_body_body_encoding_true_without_content_type_header = 0.02 s
[17/34] HTTPResponseTest#test_read_body_content_encoding_deflate = 0.03 s
[18/34] HTTPResponseTest#test_allow_trailing_space_after_status = 0.02 s
[19/34] HTTPResponseTest#test_read_body_body_encoding_true_with_utf8_meta_charset = 0.04 s
[20/34] HTTPResponseTest#test_inspect_response = 0.02 s
[21/34] HTTPResponseTest#test_read_body_block = 0.02 s
[22/34] HTTPResponseTest#test_read_code_type = 0.02 s
[23/34] HTTPResponseTest#test_multiline_header = 0.02 s
[24/34] HTTPResponseTest#test_read_body_body_encoding_true_with_utf8_content_type_header = 0.03 s
[25/34] HTTPResponseTest#test_read_body_content_encoding_deflate_empty_body = 0.03 s
[26/34] HTTPResponseTest#test_read_body_content_encoding_deflate_uppercase = 0.03 s
[27/34] HTTPResponseTest#test_read_body_outside_of_reading_body = 0.02 s
[28/34] HTTPResponseTest#test_read_body_body_encoding_true_with_iso_8859_1_content_type_header = 0.0
3 s
[29/34] HTTPResponseTest#test_normal_status_line = 0.02 s
[30/34] HTTPResponseTest#test_read_body_body_encoding_encoding = 0.02 s
[31/34] HTTPResponseTest#test_read_body_body_encoding_true_with_iso8859_1_meta_content_charset = 0.0
4 s
[32/34] HTTPResponseTest#test_read_body_content_encoding_deflate_chunked = 0.04 s
[33/34] HTTPResponseTest#test_read_body_content_encoding_deflate_empty_body_no_length = 0.03 s
[34/34] HTTPResponseTest#test_read_body_body_encoding_false = 0.02 s
Finished tests in 6.569550s, 5.1754 tests/s, 22.0715 assertions/s.
34 tests, 145 assertions, 0 failures, 0 errors, 0 skips

ruby -v: ruby 3.4.1 (2025-06-14 revision 742e381c9f) +PRISM [riscv64-freebsd]
end time: 2025-06-22T10:18:50
----------------------------------------
Running test: ../test/net/http/test_https_proxy.rb
start time: 2025-06-22T10:18:51
Run options:
  "--ruby=./miniruby -I../lib -I. -I.ext/common  ../tool/runruby.rb --extout=.ext  -- --disable-gems
"
  --excludes-dir=../test/.excludes
  --name=!/memory_leak/
  -s
  3216
  --timeout-scale
  10
  --worker-timeout=100
  -v

# Running tests:

[1/2] HTTPSProxyTest#test_https_proxy_ssl_connection = 1.41 s
[2/2] HTTPSProxyTest#test_https_proxy_authentication = 0.13 s
Finished tests in 3.255824s, 0.6143 tests/s, 1.8429 assertions/s.
2 tests, 6 assertions, 0 failures, 0 errors, 0 skips

ruby -v: ruby 3.4.1 (2025-06-14 revision 742e381c9f) +PRISM [riscv64-freebsd]
end time: 2025-06-22T10:19:27
----------------------------------------
Running test: ../test/test_timeout.rb
start time: 2025-06-22T10:19:27
Run options:
  "--ruby=./miniruby -I../lib -I. -I.ext/common  ../tool/runruby.rb --extout=.ext  -- --disable-gems
"
  --excludes-dir=../test/.excludes
  --name=!/memory_leak/
  -s
  3216
  --timeout-scale
  10
  --worker-timeout=100
  -v

# Running tests:

[ 1/25] TestTimeout#test_yield_param = 0.06 s
[ 2/25] TestTimeout#test_allows_zero_seconds = 0.01 s
[ 3/25] TestTimeout#test_fork = 0.70 s
[ 4/25] TestTimeout#test_rescue_exit = 0.08 s
[ 5/25] TestTimeout#test_queue = 0.03 s
[ 6/25] TestTimeout#test_skip_rescue_standarderror = 0.05 s
[ 7/25] TestTimeout#test_work_is_done_in_same_fiber_as_caller = 0.02 s
[ 8/25] TestTimeout#test_nested_timeout_error_identity = 0.14 s
[ 9/25] TestTimeout#test_raises_exception_internally = 0.06 s
[10/25] TestTimeout#test_enumerator_next = 0.03 s
[11/25] TestTimeout#test_timeout = 0.15 s
[12/25] TestTimeout#test_work_is_done_in_same_thread_as_caller = 0.01 s
[13/25] TestTimeout#test_cannot_convert_into_time_interval = 0.01 s
[14/25] TestTimeout#test_raise_for_neg_second = 0.01 s
[15/25] TestTimeout#test_raise_with_message = 0.01 s
[16/25] TestTimeout#test_included = 0.02 s
[17/25] TestTimeout#test_nested_timeout = 0.16 s
[18/25] TestTimeout#test_handle_interrupt = 0.23 s
[19/25] TestTimeout#test_exit_exception = 0.02 s
[20/25] TestTimeout#test_nested_timeout_which_error_bubbles_up = 0.04 s
[21/25] TestTimeout#test_handling_enclosed_threadgroup = 11.44 s
[22/25] TestTimeout#test_custom_exception = 0.09 s
[23/25] TestTimeout#test_non_timing_out_code_is_successful = 0.01 s
[24/25] TestTimeout#test_allows_nil_seconds = 0.01 s
[25/25] TestTimeout#test_threadgroup = 11.40 s
Finished tests in 27.033861s, 0.9248 tests/s, 3.6991 assertions/s.
25 tests, 100 assertions, 0 failures, 0 errors, 0 skips

ruby -v: ruby 3.4.1 (2025-06-14 revision 742e381c9f) +PRISM [riscv64-freebsd]
end time: 2025-06-22T10:20:13
----------------------------------------
Running test: ../test/fiddle/test_function.rb
start time: 2025-06-22T10:20:13
Run options:
  "--ruby=./miniruby -I../lib -I. -I.ext/common  ../tool/runruby.rb --extout=.ext  -- --disable-gems
"
  --excludes-dir=../test/.excludes
  --name=!/memory_leak/
  -s
  3216
  --timeout-scale
  10
  --worker-timeout=100
  -v

# Running tests:

Finished tests in 1.060796s, 0.0000 tests/s, 0.0000 assertions/s.
0 tests, 0 assertions, 0 failures, 0 errors, 0 skips

ruby -v: ruby 3.4.1 (2025-06-14 revision 742e381c9f) +PRISM [riscv64-freebsd]
end time: 2025-06-22T10:20:33
----------------------------------------
Running test: ../test/fiddle/test_closure.rb
start time: 2025-06-22T10:20:33
Run options:
  "--ruby=./miniruby -I../lib -I. -I.ext/common  ../tool/runruby.rb --extout=.ext  -- --disable-gems
"
  --excludes-dir=../test/.excludes
  --name=!/memory_leak/
  -s
  3216
  --timeout-scale
  10
  --worker-timeout=100
  -v

# Running tests:

Finished tests in 1.051728s, 0.0000 tests/s, 0.0000 assertions/s.
0 tests, 0 assertions, 0 failures, 0 errors, 0 skips

ruby -v: ruby 3.4.1 (2025-06-14 revision 742e381c9f) +PRISM [riscv64-freebsd]
end time: 2025-06-22T10:20:53
----------------------------------------
Running test: ../test/fiddle/test_import.rb
start time: 2025-06-22T10:20:53
Run options:
  "--ruby=./miniruby -I../lib -I. -I.ext/common  ../tool/runruby.rb --extout=.ext  -- --disable-gems
"
  --excludes-dir=../test/.excludes
  --name=!/memory_leak/
  -s
  3216
  --timeout-scale
  10
  --worker-timeout=100
  -v

# Running tests:

Finished tests in 1.063075s, 0.0000 tests/s, 0.0000 assertions/s.
0 tests, 0 assertions, 0 failures, 0 errors, 0 skips

ruby -v: ruby 3.4.1 (2025-06-14 revision 742e381c9f) +PRISM [riscv64-freebsd]
end time: 2025-06-22T10:21:13
----------------------------------------
Running test: ../test/fiddle/test_pack.rb
start time: 2025-06-22T10:21:13
Run options:
  "--ruby=./miniruby -I../lib -I. -I.ext/common  ../tool/runruby.rb --extout=.ext  -- --disable-gems
"
  --excludes-dir=../test/.excludes
  --name=!/memory_leak/
  -s
  3216
  --timeout-scale
  10
  --worker-timeout=100
  -v

# Running tests:

Finished tests in 1.059799s, 0.0000 tests/s, 0.0000 assertions/s.
0 tests, 0 assertions, 0 failures, 0 errors, 0 skips

ruby -v: ruby 3.4.1 (2025-06-14 revision 742e381c9f) +PRISM [riscv64-freebsd]
end time: 2025-06-22T10:21:32
----------------------------------------
Running test: ../test/fiddle/helper.rb
start time: 2025-06-22T10:21:32
../test/fiddle/helper.rb: cannot load such file -- fiddle
Run options:
  "--ruby=./miniruby -I../lib -I. -I.ext/common  ../tool/runruby.rb --extout=.ext  -- --disable-gems
"
  --excludes-dir=../test/.excludes
  --name=!/memory_leak/
  -s
  3216
  --timeout-scale
  10
  --worker-timeout=100
  -v

# Running tests:

Finished tests in 1.018759s, 0.0000 tests/s, 0.0000 assertions/s.
0 tests, 0 assertions, 0 failures, 0 errors, 0 skips

ruby -v: ruby 3.4.1 (2025-06-14 revision 742e381c9f) +PRISM [riscv64-freebsd]
end time: 2025-06-22T10:21:52
----------------------------------------
Running test: ../test/fiddle/test_fiddle.rb
start time: 2025-06-22T10:21:52
Run options:
  "--ruby=./miniruby -I../lib -I. -I.ext/common  ../tool/runruby.rb --extout=.ext  -- --disable-gems
"
  --excludes-dir=../test/.excludes
  --name=!/memory_leak/
  -s
  3216
  --timeout-scale
  10
  --worker-timeout=100
  -v

# Running tests:

Finished tests in 1.048104s, 0.0000 tests/s, 0.0000 assertions/s.
0 tests, 0 assertions, 0 failures, 0 errors, 0 skips

ruby -v: ruby 3.4.1 (2025-06-14 revision 742e381c9f) +PRISM [riscv64-freebsd]
end time: 2025-06-22T10:22:12
----------------------------------------
Running test: ../test/fiddle/test_c_struct_builder.rb
start time: 2025-06-22T10:22:12
Run options:
  "--ruby=./miniruby -I../lib -I. -I.ext/common  ../tool/runruby.rb --extout=.ext  -- --disable-gems
"
  --excludes-dir=../test/.excludes
  --name=!/memory_leak/
  -s
  3216
  --timeout-scale
  10
  --worker-timeout=100
  -v

# Running tests:

Finished tests in 1.033373s, 0.0000 tests/s, 0.0000 assertions/s.
0 tests, 0 assertions, 0 failures, 0 errors, 0 skips

ruby -v: ruby 3.4.1 (2025-06-14 revision 742e381c9f) +PRISM [riscv64-freebsd]
end time: 2025-06-22T10:22:31
----------------------------------------
Running test: ../test/fiddle/test_c_union_entity.rb
start time: 2025-06-22T10:22:31
Run options:
  "--ruby=./miniruby -I../lib -I. -I.ext/common  ../tool/runruby.rb --extout=.ext  -- --disable-gems
"
  --excludes-dir=../test/.excludes
  --name=!/memory_leak/
  -s
  3216
  --timeout-scale
  10
  --worker-timeout=100
  -v

# Running tests:

Finished tests in 1.033274s, 0.0000 tests/s, 0.0000 assertions/s.
0 tests, 0 assertions, 0 failures, 0 errors, 0 skips

ruby -v: ruby 3.4.1 (2025-06-14 revision 742e381c9f) +PRISM [riscv64-freebsd]
end time: 2025-06-22T10:22:51
----------------------------------------
Running test: ../test/fiddle/test_pointer.rb
start time: 2025-06-22T10:22:51
Run options:
  "--ruby=./miniruby -I../lib -I. -I.ext/common  ../tool/runruby.rb --extout=.ext  -- --disable-gems
"
  --excludes-dir=../test/.excludes
  --name=!/memory_leak/
  -s
  3216
  --timeout-scale
  10
  --worker-timeout=100
  -v

# Running tests:

Finished tests in 1.047253s, 0.0000 tests/s, 0.0000 assertions/s.
0 tests, 0 assertions, 0 failures, 0 errors, 0 skips

ruby -v: ruby 3.4.1 (2025-06-14 revision 742e381c9f) +PRISM [riscv64-freebsd]
end time: 2025-06-22T10:23:11
----------------------------------------
Running test: ../test/fiddle/test_cparser.rb
start time: 2025-06-22T10:23:11
Run options:
  "--ruby=./miniruby -I../lib -I. -I.ext/common  ../tool/runruby.rb --extout=.ext  -- --disable-gems
"
  --excludes-dir=../test/.excludes
  --name=!/memory_leak/
  -s
  3216
  --timeout-scale
  10
  --worker-timeout=100
  -v

# Running tests:

Finished tests in 1.054558s, 0.0000 tests/s, 0.0000 assertions/s.
0 tests, 0 assertions, 0 failures, 0 errors, 0 skips

ruby -v: ruby 3.4.1 (2025-06-14 revision 742e381c9f) +PRISM [riscv64-freebsd]
end time: 2025-06-22T10:23:30
----------------------------------------
Running test: ../test/fiddle/test_handle.rb
start time: 2025-06-22T10:23:31
Run options:
  "--ruby=./miniruby -I../lib -I. -I.ext/common  ../tool/runruby.rb --extout=.ext  -- --disable-gems
"
  --excludes-dir=../test/.excludes
  --name=!/memory_leak/
  -s
  3216
  --timeout-scale
  10
  --worker-timeout=100
  -v

# Running tests:

Finished tests in 1.055937s, 0.0000 tests/s, 0.0000 assertions/s.
0 tests, 0 assertions, 0 failures, 0 errors, 0 skips

ruby -v: ruby 3.4.1 (2025-06-14 revision 742e381c9f) +PRISM [riscv64-freebsd]
end time: 2025-06-22T10:23:50
----------------------------------------
Running test: ../test/fiddle/test_func.rb
start time: 2025-06-22T10:23:50
Run options:
  "--ruby=./miniruby -I../lib -I. -I.ext/common  ../tool/runruby.rb --extout=.ext  -- --disable-gems
"
  --excludes-dir=../test/.excludes
  --name=!/memory_leak/
  -s
  3216
  --timeout-scale
  10
  --worker-timeout=100
  -v

# Running tests:

Finished tests in 1.054024s, 0.0000 tests/s, 0.0000 assertions/s.
0 tests, 0 assertions, 0 failures, 0 errors, 0 skips

ruby -v: ruby 3.4.1 (2025-06-14 revision 742e381c9f) +PRISM [riscv64-freebsd]
end time: 2025-06-22T10:24:10
----------------------------------------
Running test: ../test/fiddle/test_c_struct_entry.rb
start time: 2025-06-22T10:24:10
Run options:
  "--ruby=./miniruby -I../lib -I. -I.ext/common  ../tool/runruby.rb --extout=.ext  -- --disable-gems
"
  --excludes-dir=../test/.excludes
  --name=!/memory_leak/
  -s
  3216
  --timeout-scale
  10
  --worker-timeout=100
  -v

# Running tests:

Finished tests in 1.042487s, 0.0000 tests/s, 0.0000 assertions/s.
0 tests, 0 assertions, 0 failures, 0 errors, 0 skips

ruby -v: ruby 3.4.1 (2025-06-14 revision 742e381c9f) +PRISM [riscv64-freebsd]
end time: 2025-06-22T10:24:30
----------------------------------------
Running test: ../test/fiddle/test_memory_view.rb
start time: 2025-06-22T10:24:30
Run options:
  "--ruby=./miniruby -I../lib -I. -I.ext/common  ../tool/runruby.rb --extout=.ext  -- --disable-gems
"
  --excludes-dir=../test/.excludes
  --name=!/memory_leak/
  -s
  3216
  --timeout-scale
  10
  --worker-timeout=100
  -v

# Running tests:

Finished tests in 1.038755s, 0.0000 tests/s, 0.0000 assertions/s.
0 tests, 0 assertions, 0 failures, 0 errors, 0 skips

ruby -v: ruby 3.4.1 (2025-06-14 revision 742e381c9f) +PRISM [riscv64-freebsd]
end time: 2025-06-22T10:24:49
----------------------------------------
Running test: ../test/fiddle/test_pinned.rb
start time: 2025-06-22T10:24:49
Run options:
  "--ruby=./miniruby -I../lib -I. -I.ext/common  ../tool/runruby.rb --extout=.ext  -- --disable-gems
"
  --excludes-dir=../test/.excludes
  --name=!/memory_leak/
  -s
  3216
  --timeout-scale
  10
  --worker-timeout=100
  -v

# Running tests:

Finished tests in 1.093483s, 0.0000 tests/s, 0.0000 assertions/s.
0 tests, 0 assertions, 0 failures, 0 errors, 0 skips

ruby -v: ruby 3.4.1 (2025-06-14 revision 742e381c9f) +PRISM [riscv64-freebsd]
end time: 2025-06-22T10:25:10
----------------------------------------
Running test: ../test/test_pp.rb
start time: 2025-06-22T10:25:10
Run options:
  "--ruby=./miniruby -I../lib -I. -I.ext/common  ../tool/runruby.rb --extout=.ext  -- --disable-gems
"
  --excludes-dir=../test/.excludes
  --name=!/memory_leak/
  -s
  3216
  --timeout-scale
  10
  --worker-timeout=100
  -v

# Running tests:

[ 1/31] PPTestModule::PPDelegateTest#test_delegate_cycle = 0.09 s
[ 2/31] PPTestModule::PPDelegateTest#test_delegate = 0.02 s
[ 3/31] PPTestModule::PPTest#test_list0123_11 = 0.04 s
[ 4/31] PPTestModule::PPTest#test_range = 0.17 s
[ 5/31] PPTestModule::PPTest#test_redefined_method = 0.02 s
[ 6/31] PPTestModule::PPTest#test_struct_override_members = 0.04 s
[ 7/31] PPTestModule::PPTest#test_list0123_12 = 0.03 s
[ 8/31] PPTestModule::PPSingleLineTest#test_hash_in_array = 0.03 s
[ 9/31] PPTestModule::PPSingleLineTest#test_hash = 0.16 s
[10/31] PPTestModule::PPSingleLineTest#test_hash_symbol_colon_key = 0.14 s
[11/31] PPTestModule::PPCycleTest#test_anonymous = 0.03 s
[12/31] PPTestModule::PPCycleTest#test_object = 0.12 s
[13/31] PPTestModule::PPCycleTest#test_withinspect = 0.05 s
[14/31] PPTestModule::PPCycleTest#test_hash = 0.03 s
[15/31] PPTestModule::PPCycleTest#test_struct = 0.08 s
[16/31] PPTestModule::PPCycleTest#test_array = 0.04 s
[17/31] PPTestModule::PPCycleTest#test_share_nil = 0.03 s
[18/31] PPTestModule::PPCycleTest#test_data = 0.10 s
[19/31] PPTestModule::PPCycleTest#test_data_private_member = 0.03 s
[20/31] PPTestModule::PPCycleTest#test_data_removed_member = 0.03 s
[21/31] PPTestModule::PPFileStatTest#test_nothing_raised = 0.12 s
[22/31] PPTestModule::PPInheritedTest#test_hash_override = 0.07 s
[23/31] PPTestModule::PPInspectTest#test_hasboth = 0.03 s
[24/31] PPTestModule::PPInspectTest#test_hasprettyprint = 0.03 s
[25/31] PPTestModule::PPInspectTest#test_to_s_without_iv = 0.03 s
[26/31] PPTestModule::PPInspectTest#test_hasinspect = 0.02 s
[27/31] PPTestModule::PPInspectTest#test_basic_object = 0.03 s
[28/31] PPTestModule::PPInspectTest#test_pretty_print_inspect = 0.02 s
[29/31] PPTestModule::PPInspectTest#test_to_s_with_iv = 0.04 s
[30/31] PPTestModule::PPInspectTest#test_proc = 0.02 s
[31/31] PPTestModule::PPAbstractSyntaxTree#test_lasgn_literal = 0.04 s

  1) Failure:
PPTestModule::PPCycleTest#test_object [/root/ruby-3.4.1/test/test_pp.rb:192]:
<"#<Object:0x0000000000000000000000007693fdc0 @a=#<Object:0x0000000000000000000000007693fdc0 ...>>\n
"> expected but was
<"#<Object:0x0000000000000000000000007693fdc0\n" +
" @a=#<Object:0x0000000000000000000000007693fdc0 ...>>\n">.

Finished tests in 5.709273s, 5.4298 tests/s, 19.7924 assertions/s.
31 tests, 113 assertions, 1 failures, 0 errors, 0 skips

ruby -v: ruby 3.4.1 (2025-06-14 revision 742e381c9f) +PRISM [riscv64-freebsd]
end time: 2025-06-22T10:25:35
----------------------------------------
Running test: ../test/psych/test_array.rb
start time: 2025-06-22T10:25:35
../test/psych/test_array.rb: cannot load such file -- psych
Run options:
  "--ruby=./miniruby -I../lib -I. -I.ext/common  ../tool/runruby.rb --extout=.ext  -- --disable-gems
"
  --excludes-dir=../test/.excludes
  --name=!/memory_leak/
  -s
  3216
  --timeout-scale
  10
  --worker-timeout=100
  -v

# Running tests:

Finished tests in 1.049134s, 0.0000 tests/s, 0.0000 assertions/s.
0 tests, 0 assertions, 0 failures, 0 errors, 0 skips

ruby -v: ruby 3.4.1 (2025-06-14 revision 742e381c9f) +PRISM [riscv64-freebsd]
end time: 2025-06-22T10:25:54
----------------------------------------
Running test: ../test/psych/test_psych.rb
start time: 2025-06-22T10:25:54
../test/psych/test_psych.rb: cannot load such file -- psych
Run options:
  "--ruby=./miniruby -I../lib -I. -I.ext/common  ../tool/runruby.rb --extout=.ext  -- --disable-gems
"
  --excludes-dir=../test/.excludes
  --name=!/memory_leak/
  -s
  3216
  --timeout-scale
  10
  --worker-timeout=100
  -v

# Running tests:

Finished tests in 1.080597s, 0.0000 tests/s, 0.0000 assertions/s.
0 tests, 0 assertions, 0 failures, 0 errors, 0 skips

ruby -v: ruby 3.4.1 (2025-06-14 revision 742e381c9f) +PRISM [riscv64-freebsd]
end time: 2025-06-22T10:26:14
----------------------------------------
Running test: ../test/psych/test_boolean.rb
start time: 2025-06-22T10:26:14
../test/psych/test_boolean.rb: cannot load such file -- psych
Run options:
  "--ruby=./miniruby -I../lib -I. -I.ext/common  ../tool/runruby.rb --extout=.ext  -- --disable-gems
"
  --excludes-dir=../test/.excludes
  --name=!/memory_leak/
  -s
  3216
  --timeout-scale
  10
  --worker-timeout=100
  -v

# Running tests:

Finished tests in 1.042744s, 0.0000 tests/s, 0.0000 assertions/s.
0 tests, 0 assertions, 0 failures, 0 errors, 0 skips

ruby -v: ruby 3.4.1 (2025-06-14 revision 742e381c9f) +PRISM [riscv64-freebsd]
end time: 2025-06-22T10:26:34
----------------------------------------
Running test: ../test/psych/test_emitter.rb
start time: 2025-06-22T10:26:34
../test/psych/test_emitter.rb: cannot load such file -- psych
Run options:
  "--ruby=./miniruby -I../lib -I. -I.ext/common  ../tool/runruby.rb --extout=.ext  -- --disable-gems
"
  --excludes-dir=../test/.excludes
  --name=!/memory_leak/
  -s
  3216
  --timeout-scale
  10
  --worker-timeout=100
  -v

# Running tests:

Finished tests in 1.029195s, 0.0000 tests/s, 0.0000 assertions/s.
0 tests, 0 assertions, 0 failures, 0 errors, 0 skips

ruby -v: ruby 3.4.1 (2025-06-14 revision 742e381c9f) +PRISM [riscv64-freebsd]
end time: 2025-06-22T10:26:54
----------------------------------------
Running test: ../test/psych/test_scalar_scanner.rb
start time: 2025-06-22T10:26:54
../test/psych/test_scalar_scanner.rb: cannot load such file -- psych
Run options:
  "--ruby=./miniruby -I../lib -I. -I.ext/common  ../tool/runruby.rb --extout=.ext  -- --disable-gems
"
  --excludes-dir=../test/.excludes
  --name=!/memory_leak/
  -s
  3216
  --timeout-scale
  10
  --worker-timeout=100
  -v

# Running tests:

Finished tests in 1.039877s, 0.0000 tests/s, 0.0000 assertions/s.
0 tests, 0 assertions, 0 failures, 0 errors, 0 skips

ruby -v: ruby 3.4.1 (2025-06-14 revision 742e381c9f) +PRISM [riscv64-freebsd]
end time: 2025-06-22T10:27:14
----------------------------------------
Running test: ../test/psych/test_alias_and_anchor.rb
start time: 2025-06-22T10:27:14
../test/psych/test_alias_and_anchor.rb: cannot load such file -- psych
Run options:
  "--ruby=./miniruby -I../lib -I. -I.ext/common  ../tool/runruby.rb --extout=.ext  -- --disable-gems
"
  --excludes-dir=../test/.excludes
  --name=!/memory_leak/
  -s
  3216
  --timeout-scale
  10
  --worker-timeout=100
  -v

# Running tests:

Finished tests in 1.033936s, 0.0000 tests/s, 0.0000 assertions/s.
0 tests, 0 assertions, 0 failures, 0 errors, 0 skips

ruby -v: ruby 3.4.1 (2025-06-14 revision 742e381c9f) +PRISM [riscv64-freebsd]
end time: 2025-06-22T10:27:33
----------------------------------------
Running test: ../test/psych/test_struct.rb
start time: 2025-06-22T10:27:33
../test/psych/test_struct.rb: cannot load such file -- psych
Run options:
  "--ruby=./miniruby -I../lib -I. -I.ext/common  ../tool/runruby.rb --extout=.ext  -- --disable-gems
"
  --excludes-dir=../test/.excludes
  --name=!/memory_leak/
  -s
  3216
  --timeout-scale
  10
  --worker-timeout=100
  -v

# Running tests:

Finished tests in 1.028096s, 0.0000 tests/s, 0.0000 assertions/s.
0 tests, 0 assertions, 0 failures, 0 errors, 0 skips

ruby -v: ruby 3.4.1 (2025-06-14 revision 742e381c9f) +PRISM [riscv64-freebsd]
end time: 2025-06-22T10:27:53
----------------------------------------
Running test: ../test/psych/visitors/test_emitter.rb
start time: 2025-06-22T10:27:53
../test/psych/visitors/test_emitter.rb: cannot load such file -- psych
Run options:
  "--ruby=./miniruby -I../lib -I. -I.ext/common  ../tool/runruby.rb --extout=.ext  -- --disable-gems
"
  --excludes-dir=../test/.excludes
  --name=!/memory_leak/
  -s
  3216
  --timeout-scale
  10
  --worker-timeout=100
  -v

# Running tests:

Finished tests in 1.086297s, 0.0000 tests/s, 0.0000 assertions/s.
0 tests, 0 assertions, 0 failures, 0 errors, 0 skips

ruby -v: ruby 3.4.1 (2025-06-14 revision 742e381c9f) +PRISM [riscv64-freebsd]
end time: 2025-06-22T10:28:13
----------------------------------------
Running test: ../test/psych/visitors/test_to_ruby.rb
start time: 2025-06-22T10:28:13
../test/psych/visitors/test_to_ruby.rb: cannot load such file -- psych
Run options:
  "--ruby=./miniruby -I../lib -I. -I.ext/common  ../tool/runruby.rb --extout=.ext  -- --disable-gems
"
  --excludes-dir=../test/.excludes
  --name=!/memory_leak/
  -s
  3216
  --timeout-scale
  10
  --worker-timeout=100
  -v

# Running tests:

Finished tests in 1.064893s, 0.0000 tests/s, 0.0000 assertions/s.
0 tests, 0 assertions, 0 failures, 0 errors, 0 skips

ruby -v: ruby 3.4.1 (2025-06-14 revision 742e381c9f) +PRISM [riscv64-freebsd]
end time: 2025-06-22T10:28:33
----------------------------------------
Running test: ../test/psych/visitors/test_depth_first.rb
start time: 2025-06-22T10:28:33
../test/psych/visitors/test_depth_first.rb: cannot load such file -- psych
Run options:
  "--ruby=./miniruby -I../lib -I. -I.ext/common  ../tool/runruby.rb --extout=.ext  -- --disable-gems
"
  --excludes-dir=../test/.excludes
  --name=!/memory_leak/
  -s
  3216
  --timeout-scale
  10
  --worker-timeout=100
  -v

# Running tests:

Finished tests in 1.029971s, 0.0000 tests/s, 0.0000 assertions/s.
0 tests, 0 assertions, 0 failures, 0 errors, 0 skips

ruby -v: ruby 3.4.1 (2025-06-14 revision 742e381c9f) +PRISM [riscv64-freebsd]
end time: 2025-06-22T10:28:53
----------------------------------------
Running test: ../test/psych/visitors/test_yaml_tree.rb
start time: 2025-06-22T10:28:53
../test/psych/visitors/test_yaml_tree.rb: cannot load such file -- psych
Run options:
  "--ruby=./miniruby -I../lib -I. -I.ext/common  ../tool/runruby.rb --extout=.ext  -- --disable-gems
"
  --excludes-dir=../test/.excludes
  --name=!/memory_leak/
  -s
  3216
  --timeout-scale
  10
  --worker-timeout=100
  -v

# Running tests:

Finished tests in 1.042458s, 0.0000 tests/s, 0.0000 assertions/s.
0 tests, 0 assertions, 0 failures, 0 errors, 0 skips

ruby -v: ruby 3.4.1 (2025-06-14 revision 742e381c9f) +PRISM [riscv64-freebsd]
end time: 2025-06-22T10:29:13
----------------------------------------
Running test: ../test/psych/test_yaml.rb
start time: 2025-06-22T10:29:13
../test/psych/test_yaml.rb: cannot load such file -- psych
Run options:
  "--ruby=./miniruby -I../lib -I. -I.ext/common  ../tool/runruby.rb --extout=.ext  -- --disable-gems
"
  --excludes-dir=../test/.excludes
  --name=!/memory_leak/
  -s
  3216
  --timeout-scale
  10
  --worker-timeout=100
  -v

# Running tests:

Finished tests in 1.088700s, 0.0000 tests/s, 0.0000 assertions/s.
0 tests, 0 assertions, 0 failures, 0 errors, 0 skips

ruby -v: ruby 3.4.1 (2025-06-14 revision 742e381c9f) +PRISM [riscv64-freebsd]
end time: 2025-06-22T10:29:33
----------------------------------------
Running test: ../test/psych/test_encoding.rb
start time: 2025-06-22T10:29:33
../test/psych/test_encoding.rb: cannot load such file -- psych
Run options:
  "--ruby=./miniruby -I../lib -I. -I.ext/common  ../tool/runruby.rb --extout=.ext  -- --disable-gems
"
  --excludes-dir=../test/.excludes
  --name=!/memory_leak/
  -s
  3216
  --timeout-scale
  10
  --worker-timeout=100
  -v

# Running tests:

Finished tests in 1.066185s, 0.0000 tests/s, 0.0000 assertions/s.
0 tests, 0 assertions, 0 failures, 0 errors, 0 skips

ruby -v: ruby 3.4.1 (2025-06-14 revision 742e381c9f) +PRISM [riscv64-freebsd]
end time: 2025-06-22T10:29:53
----------------------------------------
Running test: ../test/psych/test_document.rb
start time: 2025-06-22T10:29:53
../test/psych/test_document.rb: cannot load such file -- psych
Run options:
  "--ruby=./miniruby -I../lib -I. -I.ext/common  ../tool/runruby.rb --extout=.ext  -- --disable-gems
"
  --excludes-dir=../test/.excludes
  --name=!/memory_leak/
  -s
  3216
  --timeout-scale
  10
  --worker-timeout=100
  -v

# Running tests:

Finished tests in 1.029498s, 0.0000 tests/s, 0.0000 assertions/s.
0 tests, 0 assertions, 0 failures, 0 errors, 0 skips

ruby -v: ruby 3.4.1 (2025-06-14 revision 742e381c9f) +PRISM [riscv64-freebsd]
end time: 2025-06-22T10:30:13
----------------------------------------
Running test: ../test/psych/test_object.rb
start time: 2025-06-22T10:30:13
../test/psych/test_object.rb: cannot load such file -- psych
Run options:
  "--ruby=./miniruby -I../lib -I. -I.ext/common  ../tool/runruby.rb --extout=.ext  -- --disable-gems
"
  --excludes-dir=../test/.excludes
  --name=!/memory_leak/
  -s
  3216
  --timeout-scale
  10
  --worker-timeout=100
  -v

# Running tests:

Finished tests in 1.030157s, 0.0000 tests/s, 0.0000 assertions/s.
0 tests, 0 assertions, 0 failures, 0 errors, 0 skips

ruby -v: ruby 3.4.1 (2025-06-14 revision 742e381c9f) +PRISM [riscv64-freebsd]
end time: 2025-06-22T10:30:32
----------------------------------------
Running test: ../test/psych/json/test_stream.rb
start time: 2025-06-22T10:30:33
../test/psych/json/test_stream.rb: cannot load such file -- psych
Run options:
  "--ruby=./miniruby -I../lib -I. -I.ext/common  ../tool/runruby.rb --extout=.ext  -- --disable-gems
"
  --excludes-dir=../test/.excludes
  --name=!/memory_leak/
  -s
  3216
  --timeout-scale
  10
  --worker-timeout=100
  -v

# Running tests:

Finished tests in 1.036887s, 0.0000 tests/s, 0.0000 assertions/s.
0 tests, 0 assertions, 0 failures, 0 errors, 0 skips

ruby -v: ruby 3.4.1 (2025-06-14 revision 742e381c9f) +PRISM [riscv64-freebsd]
end time: 2025-06-22T10:30:52
----------------------------------------
Running test: ../test/psych/test_serialize_subclasses.rb
start time: 2025-06-22T10:30:52
../test/psych/test_serialize_subclasses.rb: cannot load such file -- psych
Run options:
  "--ruby=./miniruby -I../lib -I. -I.ext/common  ../tool/runruby.rb --extout=.ext  -- --disable-gems
"
  --excludes-dir=../test/.excludes
  --name=!/memory_leak/
  -s
  3216
  --timeout-scale
  10
  --worker-timeout=100
  -v

# Running tests:

Finished tests in 1.029791s, 0.0000 tests/s, 0.0000 assertions/s.
0 tests, 0 assertions, 0 failures, 0 errors, 0 skips

ruby -v: ruby 3.4.1 (2025-06-14 revision 742e381c9f) +PRISM [riscv64-freebsd]
end time: 2025-06-22T10:31:12
----------------------------------------
Running test: ../test/psych/test_merge_keys.rb
start time: 2025-06-22T10:31:12
../test/psych/test_merge_keys.rb: cannot load such file -- psych
Run options:
  "--ruby=./miniruby -I../lib -I. -I.ext/common  ../tool/runruby.rb --extout=.ext  -- --disable-gems
"
  --excludes-dir=../test/.excludes
  --name=!/memory_leak/
  -s
  3216
  --timeout-scale
  10
  --worker-timeout=100
  -v

# Running tests:

Finished tests in 1.032090s, 0.0000 tests/s, 0.0000 assertions/s.
0 tests, 0 assertions, 0 failures, 0 errors, 0 skips

ruby -v: ruby 3.4.1 (2025-06-14 revision 742e381c9f) +PRISM [riscv64-freebsd]
end time: 2025-06-22T10:31:31
----------------------------------------
Running test: ../test/psych/test_yamldbm.rb
start time: 2025-06-22T10:31:31
../test/psych/test_yamldbm.rb: cannot load such file -- psych
Run options:
  "--ruby=./miniruby -I../lib -I. -I.ext/common  ../tool/runruby.rb --extout=.ext  -- --disable-gems
"
  --excludes-dir=../test/.excludes
  --name=!/memory_leak/
  -s
  3216
  --timeout-scale
  10
  --worker-timeout=100
  -v

# Running tests:

Finished tests in 1.035828s, 0.0000 tests/s, 0.0000 assertions/s.
0 tests, 0 assertions, 0 failures, 0 errors, 0 skips

ruby -v: ruby 3.4.1 (2025-06-14 revision 742e381c9f) +PRISM [riscv64-freebsd]
end time: 2025-06-22T10:31:51
----------------------------------------
Running test: ../test/psych/helper.rb
start time: 2025-06-22T10:31:51
../test/psych/helper.rb: cannot load such file -- psych
Run options:
  "--ruby=./miniruby -I../lib -I. -I.ext/common  ../tool/runruby.rb --extout=.ext  -- --disable-gems
"
  --excludes-dir=../test/.excludes
  --name=!/memory_leak/
  -s
  3216
  --timeout-scale
  10
  --worker-timeout=100
  -v

# Running tests:

Finished tests in 1.034798s, 0.0000 tests/s, 0.0000 assertions/s.
0 tests, 0 assertions, 0 failures, 0 errors, 0 skips

ruby -v: ruby 3.4.1 (2025-06-14 revision 742e381c9f) +PRISM [riscv64-freebsd]
end time: 2025-06-22T10:32:11
----------------------------------------
Running test: ../test/psych/test_date_time.rb
start time: 2025-06-22T10:32:11
../test/psych/test_date_time.rb: cannot load such file -- psych
Run options:
  "--ruby=./miniruby -I../lib -I. -I.ext/common  ../tool/runruby.rb --extout=.ext  -- --disable-gems
"
  --excludes-dir=../test/.excludes
  --name=!/memory_leak/
  -s
  3216
  --timeout-scale
  10
  --worker-timeout=100
  -v

# Running tests:

Finished tests in 1.035379s, 0.0000 tests/s, 0.0000 assertions/s.
0 tests, 0 assertions, 0 failures, 0 errors, 0 skips

ruby -v: ruby 3.4.1 (2025-06-14 revision 742e381c9f) +PRISM [riscv64-freebsd]
end time: 2025-06-22T10:32:30
----------------------------------------
Running test: ../test/psych/nodes/test_enumerable.rb
start time: 2025-06-22T10:32:30
../test/psych/nodes/test_enumerable.rb: cannot load such file -- psych
Run options:
  "--ruby=./miniruby -I../lib -I. -I.ext/common  ../tool/runruby.rb --extout=.ext  -- --disable-gems
"
  --excludes-dir=../test/.excludes
  --name=!/memory_leak/
  -s
  3216
  --timeout-scale
  10
  --worker-timeout=100
  -v

# Running tests:

Finished tests in 1.029642s, 0.0000 tests/s, 0.0000 assertions/s.
0 tests, 0 assertions, 0 failures, 0 errors, 0 skips

ruby -v: ruby 3.4.1 (2025-06-14 revision 742e381c9f) +PRISM [riscv64-freebsd]
end time: 2025-06-22T10:32:50
----------------------------------------
Running test: ../test/psych/test_hash.rb
start time: 2025-06-22T10:32:50
../test/psych/test_hash.rb: cannot load such file -- psych
Run options:
  "--ruby=./miniruby -I../lib -I. -I.ext/common  ../tool/runruby.rb --extout=.ext  -- --disable-gems
"
  --excludes-dir=../test/.excludes
  --name=!/memory_leak/
  -s
  3216
  --timeout-scale
  10
  --worker-timeout=100
  -v

# Running tests:

Finished tests in 1.023157s, 0.0000 tests/s, 0.0000 assertions/s.
0 tests, 0 assertions, 0 failures, 0 errors, 0 skips

ruby -v: ruby 3.4.1 (2025-06-14 revision 742e381c9f) +PRISM [riscv64-freebsd]
end time: 2025-06-22T10:33:09
----------------------------------------
Running test: ../test/psych/test_yamlstore.rb
start time: 2025-06-22T10:33:10
../test/psych/test_yamlstore.rb: cannot load such file -- psych
Run options:
  "--ruby=./miniruby -I../lib -I. -I.ext/common  ../tool/runruby.rb --extout=.ext  -- --disable-gems
"
  --excludes-dir=../test/.excludes
  --name=!/memory_leak/
  -s
  3216
  --timeout-scale
  10
  --worker-timeout=100
  -v

# Running tests:

Finished tests in 1.033429s, 0.0000 tests/s, 0.0000 assertions/s.
0 tests, 0 assertions, 0 failures, 0 errors, 0 skips

ruby -v: ruby 3.4.1 (2025-06-14 revision 742e381c9f) +PRISM [riscv64-freebsd]
end time: 2025-06-22T10:33:29
----------------------------------------
Running test: ../test/psych/test_object_references.rb
start time: 2025-06-22T10:33:29
../test/psych/test_object_references.rb: cannot load such file -- psych
Run options:
  "--ruby=./miniruby -I../lib -I. -I.ext/common  ../tool/runruby.rb --extout=.ext  -- --disable-gems
"
  --excludes-dir=../test/.excludes
  --name=!/memory_leak/
  -s
  3216
  --timeout-scale
  10
  --worker-timeout=100
  -v

# Running tests:

Finished tests in 1.029992s, 0.0000 tests/s, 0.0000 assertions/s.
0 tests, 0 assertions, 0 failures, 0 errors, 0 skips

ruby -v: ruby 3.4.1 (2025-06-14 revision 742e381c9f) +PRISM [riscv64-freebsd]
end time: 2025-06-22T10:33:49
----------------------------------------
Running test: ../test/psych/test_marshalable.rb
start time: 2025-06-22T10:33:49
../test/psych/test_marshalable.rb: cannot load such file -- psych
Run options:
  "--ruby=./miniruby -I../lib -I. -I.ext/common  ../tool/runruby.rb --extout=.ext  -- --disable-gems
"
  --excludes-dir=../test/.excludes
  --name=!/memory_leak/
  -s
  3216
  --timeout-scale
  10
  --worker-timeout=100
  -v

# Running tests:

Finished tests in 1.030573s, 0.0000 tests/s, 0.0000 assertions/s.
0 tests, 0 assertions, 0 failures, 0 errors, 0 skips

ruby -v: ruby 3.4.1 (2025-06-14 revision 742e381c9f) +PRISM [riscv64-freebsd]
end time: 2025-06-22T10:34:08
----------------------------------------
Running test: ../test/psych/test_null.rb
start time: 2025-06-22T10:34:08
../test/psych/test_null.rb: cannot load such file -- psych
Run options:
  "--ruby=./miniruby -I../lib -I. -I.ext/common  ../tool/runruby.rb --extout=.ext  -- --disable-gems
"
  --excludes-dir=../test/.excludes
  --name=!/memory_leak/
  -s
  3216
  --timeout-scale
  10
  --worker-timeout=100
  -v

# Running tests:

Finished tests in 1.028486s, 0.0000 tests/s, 0.0000 assertions/s.
0 tests, 0 assertions, 0 failures, 0 errors, 0 skips

ruby -v: ruby 3.4.1 (2025-06-14 revision 742e381c9f) +PRISM [riscv64-freebsd]
end time: 2025-06-22T10:34:28
----------------------------------------
Running test: ../test/psych/test_omap.rb
start time: 2025-06-22T10:34:28
../test/psych/test_omap.rb: cannot load such file -- psych
Run options:
  "--ruby=./miniruby -I../lib -I. -I.ext/common  ../tool/runruby.rb --extout=.ext  -- --disable-gems
"
  --excludes-dir=../test/.excludes
  --name=!/memory_leak/
  -s
  3216
  --timeout-scale
  10
  --worker-timeout=100
  -v

# Running tests:

Finished tests in 1.041695s, 0.0000 tests/s, 0.0000 assertions/s.
0 tests, 0 assertions, 0 failures, 0 errors, 0 skips

ruby -v: ruby 3.4.1 (2025-06-14 revision 742e381c9f) +PRISM [riscv64-freebsd]
end time: 2025-06-22T10:34:48
----------------------------------------
Running test: ../test/psych/test_yaml_special_cases.rb
start time: 2025-06-22T10:34:48
../test/psych/test_yaml_special_cases.rb: cannot load such file -- psych
Run options:
  "--ruby=./miniruby -I../lib -I. -I.ext/common  ../tool/runruby.rb --extout=.ext  -- --disable-gems
"
  --excludes-dir=../test/.excludes
  --name=!/memory_leak/
  -s
  3216
  --timeout-scale
  10
  --worker-timeout=100
  -v

# Running tests:

Finished tests in 1.033362s, 0.0000 tests/s, 0.0000 assertions/s.
0 tests, 0 assertions, 0 failures, 0 errors, 0 skips

ruby -v: ruby 3.4.1 (2025-06-14 revision 742e381c9f) +PRISM [riscv64-freebsd]
end time: 2025-06-22T10:35:07
----------------------------------------
Running test: ../test/psych/test_exception.rb
start time: 2025-06-22T10:35:07
../test/psych/test_exception.rb: cannot load such file -- psych
Run options:
  "--ruby=./miniruby -I../lib -I. -I.ext/common  ../tool/runruby.rb --extout=.ext  -- --disable-gems
"
  --excludes-dir=../test/.excludes
  --name=!/memory_leak/
  -s
  3216
  --timeout-scale
  10
  --worker-timeout=100
  -v

# Running tests:

Finished tests in 1.039555s, 0.0000 tests/s, 0.0000 assertions/s.
0 tests, 0 assertions, 0 failures, 0 errors, 0 skips

ruby -v: ruby 3.4.1 (2025-06-14 revision 742e381c9f) +PRISM [riscv64-freebsd]
end time: 2025-06-22T10:35:27
----------------------------------------
Running test: ../test/psych/test_deprecated.rb
start time: 2025-06-22T10:35:27
../test/psych/test_deprecated.rb: cannot load such file -- psych
Run options:
  "--ruby=./miniruby -I../lib -I. -I.ext/common  ../tool/runruby.rb --extout=.ext  -- --disable-gems
"
  --excludes-dir=../test/.excludes
  --name=!/memory_leak/
  -s
  3216
  --timeout-scale
  10
  --worker-timeout=100
  -v

# Running tests:

Finished tests in 1.039895s, 0.0000 tests/s, 0.0000 assertions/s.
0 tests, 0 assertions, 0 failures, 0 errors, 0 skips

ruby -v: ruby 3.4.1 (2025-06-14 revision 742e381c9f) +PRISM [riscv64-freebsd]
end time: 2025-06-22T10:35:47
----------------------------------------
Running test: ../test/psych/test_parser.rb
start time: 2025-06-22T10:35:47
../test/psych/test_parser.rb: cannot load such file -- psych
Run options:
  "--ruby=./miniruby -I../lib -I. -I.ext/common  ../tool/runruby.rb --extout=.ext  -- --disable-gems
"
  --excludes-dir=../test/.excludes
  --name=!/memory_leak/
  -s
  3216
  --timeout-scale
  10
  --worker-timeout=100
  -v

# Running tests:

Finished tests in 1.050841s, 0.0000 tests/s, 0.0000 assertions/s.
0 tests, 0 assertions, 0 failures, 0 errors, 0 skips

ruby -v: ruby 3.4.1 (2025-06-14 revision 742e381c9f) +PRISM [riscv64-freebsd]
end time: 2025-06-22T10:36:07
----------------------------------------
Running test: ../test/psych/test_safe_load.rb
start time: 2025-06-22T10:36:07
../test/psych/test_safe_load.rb: cannot load such file -- psych
Run options:
  "--ruby=./miniruby -I../lib -I. -I.ext/common  ../tool/runruby.rb --extout=.ext  -- --disable-gems
"
  --excludes-dir=../test/.excludes
  --name=!/memory_leak/
  -s
  3216
  --timeout-scale
  10
  --worker-timeout=100
  -v

# Running tests:

Finished tests in 1.035809s, 0.0000 tests/s, 0.0000 assertions/s.
0 tests, 0 assertions, 0 failures, 0 errors, 0 skips

ruby -v: ruby 3.4.1 (2025-06-14 revision 742e381c9f) +PRISM [riscv64-freebsd]
end time: 2025-06-22T10:36:26
----------------------------------------
Running test: ../test/psych/test_symbol.rb
start time: 2025-06-22T10:36:26
../test/psych/test_symbol.rb: cannot load such file -- psych
Run options:
  "--ruby=./miniruby -I../lib -I. -I.ext/common  ../tool/runruby.rb --extout=.ext  -- --disable-gems
"
  --excludes-dir=../test/.excludes
  --name=!/memory_leak/
  -s
  3216
  --timeout-scale
  10
  --worker-timeout=100
  -v

# Running tests:

Finished tests in 1.027609s, 0.0000 tests/s, 0.0000 assertions/s.
0 tests, 0 assertions, 0 failures, 0 errors, 0 skips

ruby -v: ruby 3.4.1 (2025-06-14 revision 742e381c9f) +PRISM [riscv64-freebsd]
end time: 2025-06-22T10:36:46
----------------------------------------
Running test: ../test/psych/test_nil.rb
start time: 2025-06-22T10:36:46
../test/psych/test_nil.rb: cannot load such file -- psych
Run options:
  "--ruby=./miniruby -I../lib -I. -I.ext/common  ../tool/runruby.rb --extout=.ext  -- --disable-gems
"
  --excludes-dir=../test/.excludes
  --name=!/memory_leak/
  -s
  3216
  --timeout-scale
  10
  --worker-timeout=100
  -v

# Running tests:

Finished tests in 1.029961s, 0.0000 tests/s, 0.0000 assertions/s.
0 tests, 0 assertions, 0 failures, 0 errors, 0 skips

ruby -v: ruby 3.4.1 (2025-06-14 revision 742e381c9f) +PRISM [riscv64-freebsd]
end time: 2025-06-22T10:37:05
----------------------------------------
Running test: ../test/psych/test_scalar.rb
start time: 2025-06-22T10:37:05
../test/psych/test_scalar.rb: cannot load such file -- psych
Run options:
  "--ruby=./miniruby -I../lib -I. -I.ext/common  ../tool/runruby.rb --extout=.ext  -- --disable-gems
"
  --excludes-dir=../test/.excludes
  --name=!/memory_leak/
  -s
  3216
  --timeout-scale
  10
  --worker-timeout=100
  -v

# Running tests:

Finished tests in 1.015880s, 0.0000 tests/s, 0.0000 assertions/s.
0 tests, 0 assertions, 0 failures, 0 errors, 0 skips

ruby -v: ruby 3.4.1 (2025-06-14 revision 742e381c9f) +PRISM [riscv64-freebsd]
end time: 2025-06-22T10:37:25
----------------------------------------
Running test: ../test/psych/test_set.rb
start time: 2025-06-22T10:37:25
../test/psych/test_set.rb: cannot load such file -- psych
Run options:
  "--ruby=./miniruby -I../lib -I. -I.ext/common  ../tool/runruby.rb --extout=.ext  -- --disable-gems
"
  --excludes-dir=../test/.excludes
  --name=!/memory_leak/
  -s
  3216
  --timeout-scale
  10
  --worker-timeout=100
  -v

# Running tests:

Finished tests in 1.031956s, 0.0000 tests/s, 0.0000 assertions/s.
0 tests, 0 assertions, 0 failures, 0 errors, 0 skips

ruby -v: ruby 3.4.1 (2025-06-14 revision 742e381c9f) +PRISM [riscv64-freebsd]
end time: 2025-06-22T10:37:45
----------------------------------------
Running test: ../test/psych/test_json_tree.rb
start time: 2025-06-22T10:37:45
../test/psych/test_json_tree.rb: cannot load such file -- psych
Run options:
  "--ruby=./miniruby -I../lib -I. -I.ext/common  ../tool/runruby.rb --extout=.ext  -- --disable-gems
"
  --excludes-dir=../test/.excludes
  --name=!/memory_leak/
  -s
  3216
  --timeout-scale
  10
  --worker-timeout=100
  -v

# Running tests:

Finished tests in 1.033406s, 0.0000 tests/s, 0.0000 assertions/s.
0 tests, 0 assertions, 0 failures, 0 errors, 0 skips

ruby -v: ruby 3.4.1 (2025-06-14 revision 742e381c9f) +PRISM [riscv64-freebsd]
end time: 2025-06-22T10:38:04
----------------------------------------
Running test: ../test/psych/test_class.rb
start time: 2025-06-22T10:38:04
../test/psych/test_class.rb: cannot load such file -- psych
Run options:
  "--ruby=./miniruby -I../lib -I. -I.ext/common  ../tool/runruby.rb --extout=.ext  -- --disable-gems
"
  --excludes-dir=../test/.excludes
  --name=!/memory_leak/
  -s
  3216
  --timeout-scale
  10
  --worker-timeout=100
  -v

# Running tests:

Finished tests in 1.028936s, 0.0000 tests/s, 0.0000 assertions/s.
0 tests, 0 assertions, 0 failures, 0 errors, 0 skips

ruby -v: ruby 3.4.1 (2025-06-14 revision 742e381c9f) +PRISM [riscv64-freebsd]
end time: 2025-06-22T10:38:24
----------------------------------------
Running test: ../test/psych/test_tree_builder.rb
start time: 2025-06-22T10:38:24
../test/psych/test_tree_builder.rb: cannot load such file -- psych
Run options:
  "--ruby=./miniruby -I../lib -I. -I.ext/common  ../tool/runruby.rb --extout=.ext  -- --disable-gems
"
  --excludes-dir=../test/.excludes
  --name=!/memory_leak/
  -s
  3216
  --timeout-scale
  10
  --worker-timeout=100
  -v

# Running tests:

Finished tests in 1.024560s, 0.0000 tests/s, 0.0000 assertions/s.
0 tests, 0 assertions, 0 failures, 0 errors, 0 skips

ruby -v: ruby 3.4.1 (2025-06-14 revision 742e381c9f) +PRISM [riscv64-freebsd]
end time: 2025-06-22T10:38:43
----------------------------------------
Running test: ../test/psych/test_stream.rb
start time: 2025-06-22T10:38:43
../test/psych/test_stream.rb: cannot load such file -- psych
Run options:
  "--ruby=./miniruby -I../lib -I. -I.ext/common  ../tool/runruby.rb --extout=.ext  -- --disable-gems
"
  --excludes-dir=../test/.excludes
  --name=!/memory_leak/
  -s
  3216
  --timeout-scale
  10
  --worker-timeout=100
  -v

# Running tests:

Finished tests in 1.032072s, 0.0000 tests/s, 0.0000 assertions/s.
0 tests, 0 assertions, 0 failures, 0 errors, 0 skips

ruby -v: ruby 3.4.1 (2025-06-14 revision 742e381c9f) +PRISM [riscv64-freebsd]
end time: 2025-06-22T10:39:03
----------------------------------------
Running test: ../test/psych/test_coder.rb
start time: 2025-06-22T10:39:03
../test/psych/test_coder.rb: cannot load such file -- psych
Run options:
  "--ruby=./miniruby -I../lib -I. -I.ext/common  ../tool/runruby.rb --extout=.ext  -- --disable-gems
"
  --excludes-dir=../test/.excludes
  --name=!/memory_leak/
  -s
  3216
  --timeout-scale
  10
  --worker-timeout=100
  -v

# Running tests:

Finished tests in 1.047824s, 0.0000 tests/s, 0.0000 assertions/s.
0 tests, 0 assertions, 0 failures, 0 errors, 0 skips

ruby -v: ruby 3.4.1 (2025-06-14 revision 742e381c9f) +PRISM [riscv64-freebsd]
end time: 2025-06-22T10:39:23
----------------------------------------
Running test: ../test/psych/handlers/test_recorder.rb
start time: 2025-06-22T10:39:23
../test/psych/handlers/test_recorder.rb: cannot load such file -- psych
Run options:
  "--ruby=./miniruby -I../lib -I. -I.ext/common  ../tool/runruby.rb --extout=.ext  -- --disable-gems
"
  --excludes-dir=../test/.excludes
  --name=!/memory_leak/
  -s
  3216
  --timeout-scale
  10
  --worker-timeout=100
  -v

# Running tests:

Finished tests in 1.044189s, 0.0000 tests/s, 0.0000 assertions/s.
0 tests, 0 assertions, 0 failures, 0 errors, 0 skips

ruby -v: ruby 3.4.1 (2025-06-14 revision 742e381c9f) +PRISM [riscv64-freebsd]
end time: 2025-06-22T10:39:42
----------------------------------------
Running test: ../test/psych/test_ractor.rb
start time: 2025-06-22T10:39:42
../test/psych/test_ractor.rb: cannot load such file -- psych
Run options:
  "--ruby=./miniruby -I../lib -I. -I.ext/common  ../tool/runruby.rb --extout=.ext  -- --disable-gems
"
  --excludes-dir=../test/.excludes
  --name=!/memory_leak/
  -s
  3216
  --timeout-scale
  10
  --worker-timeout=100
  -v

# Running tests:

Finished tests in 1.027748s, 0.0000 tests/s, 0.0000 assertions/s.
0 tests, 0 assertions, 0 failures, 0 errors, 0 skips

ruby -v: ruby 3.4.1 (2025-06-14 revision 742e381c9f) +PRISM [riscv64-freebsd]
end time: 2025-06-22T10:40:02
----------------------------------------
Running test: ../test/psych/test_string.rb
start time: 2025-06-22T10:40:02
../test/psych/test_string.rb: cannot load such file -- psych
Run options:
  "--ruby=./miniruby -I../lib -I. -I.ext/common  ../tool/runruby.rb --extout=.ext  -- --disable-gems
"
  --excludes-dir=../test/.excludes
  --name=!/memory_leak/
  -s
  3216
  --timeout-scale
  10
  --worker-timeout=100
  -v

# Running tests:

Finished tests in 1.076702s, 0.0000 tests/s, 0.0000 assertions/s.
0 tests, 0 assertions, 0 failures, 0 errors, 0 skips

ruby -v: ruby 3.4.1 (2025-06-14 revision 742e381c9f) +PRISM [riscv64-freebsd]
end time: 2025-06-22T10:40:22
----------------------------------------
Running test: ../test/psych/test_numeric.rb
start time: 2025-06-22T10:40:22
../test/psych/test_numeric.rb: cannot load such file -- psych
Run options:
  "--ruby=./miniruby -I../lib -I. -I.ext/common  ../tool/runruby.rb --extout=.ext  -- --disable-gems
"
  --excludes-dir=../test/.excludes
  --name=!/memory_leak/
  -s
  3216
  --timeout-scale
  10
  --worker-timeout=100
  -v

# Running tests:

Finished tests in 1.031172s, 0.0000 tests/s, 0.0000 assertions/s.
0 tests, 0 assertions, 0 failures, 0 errors, 0 skips

ruby -v: ruby 3.4.1 (2025-06-14 revision 742e381c9f) +PRISM [riscv64-freebsd]
end time: 2025-06-22T10:40:41
----------------------------------------
Running test: ../test/test_securerandom.rb
start time: 2025-06-22T10:40:41
Run options:
  "--ruby=./miniruby -I../lib -I. -I.ext/common  ../tool/runruby.rb --extout=.ext  -- --disable-gems
"
  --excludes-dir=../test/.excludes
  --name=!/memory_leak/
  -s
  3216
  --timeout-scale
  10
  --worker-timeout=100
  -v

# Running tests:

[1/3] TestSecureRandom#test_repeated_gen_random = 0.03 s
[2/3] TestSecureRandom#test_alphanumeric_with_chars = 0.01 s
[3/3] TestSecureRandom#test_with_openssl = 5.53 s
Finished tests in 6.849897s, 0.4380 tests/s, 10.8031 assertions/s.
3 tests, 74 assertions, 0 failures, 0 errors, 0 skips

ruby -v: ruby 3.4.1 (2025-06-14 revision 742e381c9f) +PRISM [riscv64-freebsd]
end time: 2025-06-22T10:41:07
----------------------------------------
Running test: ../test/open-uri/test_open-uri.rb
start time: 2025-06-22T10:41:07
Run options:
  "--ruby=./miniruby -I../lib -I. -I.ext/common  ../tool/runruby.rb --extout=.ext  -- --disable-gems
"
  --excludes-dir=../test/.excludes
  --name=!/memory_leak/
  -s
  3216
  --timeout-scale
  10
  --worker-timeout=100
  -v

# Running tests:

[ 1/40] TestOpenURI#test_max_redirects_too_many = 0.61 s
[ 2/40] TestOpenURI#test_read_timeout = 0.30 s
[ 3/40] TestOpenURI#test_content_encoding = 0.91 s
[ 4/40] TestOpenURI#test_multiple_cookies = 0.11 s
[ 5/40] TestOpenURI#test_max_redirects_success = 0.25 s
[ 6/40] TestOpenURI#test_close_in_block_big = 0.27 s
[ 7/40] TestOpenURI#test_last_modified = 0.14 s
[ 8/40] TestOpenURI#test_redirect_relative = 0.17 s
[ 9/40] TestOpenURI#test_redirect_with_request_specific_fields_hash = 0.17 s
[10/40] TestOpenURI#test_redirect_invalid = 0.09 s
[11/40] TestOpenURI#test_open_too_many_arg = 0.02 s
[12/40] TestOpenURI#test_redirect_without_request_specific_fields_hash = 0.44 s
[13/40] TestOpenURI#test_multi_proxy_opt = 0.01 s
[14/40] TestOpenURI#test_header = 0.10 s
[15/40] TestOpenURI#test_404 = 0.10 s
[16/40] TestOpenURI#test_progress_chunked = 0.24 s
[17/40] TestOpenURI#test_redirect_auth_failure_r2 = 0.12 s
[18/40] TestOpenURI#test_encoding = 0.53 s
[19/40] TestOpenURI#test_redirect = 0.34 s
[20/40] TestOpenURI#test_open_uri = 0.13 s
[21/40] TestOpenURI#test_non_http_proxy = 0.11 s
[22/40] TestOpenURI#test_redirect_auth_success = 0.21 s
[23/40] TestOpenURI#test_redirect_auth_failure_r1 = 0.45 s
[24/40] TestOpenURI#test_without_block = 0.11 s
[25/40] TestOpenURI#test_quoted_attvalue = 0.11 s
[26/40] TestOpenURI#test_redirect_loop = 0.24 s
[27/40] TestOpenURI#test_uri_read = 0.17 s
[28/40] TestOpenURI#test_pass_keywords = 0.02 s
[29/40] TestOpenURI#test_mode = 0.34 s
[30/40] TestOpenURI#test_200 = 0.09 s
[31/40] TestOpenURI#test_meta_init_doesnt_bump_global_constant_state = 0.04 s
[32/40] TestOpenURI#test_redirect_with_invalid_request_specific_fields_format = 0.04 s
[33/40] TestOpenURI#test_close_in_block_small = 0.10 s
[34/40] TestOpenURI#test_200_uri_open = 0.24 s
[35/40] TestOpenURI#test_open_timeout = 0.15 s
[36/40] TestOpenURI#test_progress = 0.19 s
[37/40] TestOpenURI#test_invalid_option = 0.01 s
[38/40] TestOpenURI#test_200big = 0.18 s
[39/40] TestOpenURI#test_redirect_with_request_specific_fields_proc = 0.17 s
[40/40] TestOpenURI#test_userinfo = 0.02 s
Finished tests in 15.988546s, 2.5018 tests/s, 13.9475 assertions/s.
40 tests, 223 assertions, 0 failures, 0 errors, 1 skips

ruby -v: ruby 3.4.1 (2025-06-14 revision 742e381c9f) +PRISM [riscv64-freebsd]
end time: 2025-06-22T10:41:59
----------------------------------------
Running test: ../test/open-uri/test_proxy.rb
start time: 2025-06-22T10:41:59
Run options:
  "--ruby=./miniruby -I../lib -I. -I.ext/common  ../tool/runruby.rb --extout=.ext  -- --disable-gems
"
  --excludes-dir=../test/.excludes
  --name=!/memory_leak/
  -s
  3216
  --timeout-scale
  10
  --worker-timeout=100
  -v

# Running tests:

[1/4] TestOpenURIProxy#test_proxy_http_basic_authentication_failure = 0.39 s
[2/4] TestOpenURIProxy#test_proxy_http_basic_authentication_success = 0.69 s
[3/4] TestOpenURIProxy#test_authenticated_proxy_http_basic_authentication_success = 0.22 s
[4/4] TestOpenURIProxy#test_proxy = 1.11 s
Finished tests in 5.461147s, 0.7324 tests/s, 7.6907 assertions/s.
4 tests, 42 assertions, 0 failures, 0 errors, 0 skips

ruby -v: ruby 3.4.1 (2025-06-14 revision 742e381c9f) +PRISM [riscv64-freebsd]
end time: 2025-06-22T10:42:40
----------------------------------------
