Interrupted
root@cheribsd-riscv64-purecap:~/ruby-3.4.1/build # clear
root@cheribsd-riscv64-purecap:~/ruby-3.4.1/build # ./trunnerallnorevoke.sh
/root/ruby-3.4.1/lib/yaml.rb:3: warning: It seems your ruby installation is missing psych (for YAML
output).
To eliminate this warning, please install libyaml and reinstall your ruby.
/root/ruby-3.4.1/test/did_you_mean/test_tree_spell_checker.rb: cannot load such file -- psych
/root/ruby-3.4.1/lib/yaml.rb:3: warning: It seems your ruby installation is missing psych (for YAML
output).
To eliminate this warning, please install libyaml and reinstall your ruby.
/root/ruby-3.4.1/lib/yaml.rb:3: warning: It seems your ruby installation is missing psych (for YAML
output).
To eliminate this warning, please install libyaml and reinstall your ruby.
/root/ruby-3.4.1/lib/yaml.rb:3: warning: It seems your ruby installation is missing psych (for YAML
output).
To eliminate this warning, please install libyaml and reinstall your ruby.
Run options:
  --seed=19502
  "--ruby=./miniruby -I../lib -I. -I.ext/common  ../tool/runruby.rb --extout=.ext  -- --disable-gems
"
  --excludes-dir=../test/.excludes
  --name=!/memory_leak/
  --timeout-scale
  10
  --worker-timeout=100
  -v
  --test-order=random

# Running tests:

[    1/26691] TestGemExtCargoBuilderLinkFlagConverter#test_libstatic_with_colon = 0.60 s
[    2/26691] TestGemExtCargoBuilderLinkFlagConverter#test_search_path_basic = 0.47 s
[    3/26691] TestGemExtCargoBuilderLinkFlagConverter#test_lib_with_nonascii = 0.47 s
[    4/26691] TestGemExtCargoBuilderLinkFlagConverter#test_so_with_colon_space = 0.47 s
[    5/26691] TestGemExtCargoBuilderLinkFlagConverter#test_framework = 0.47 s
[    6/26691] TestGemExtCargoBuilderLinkFlagConverter#test_verbose_lib_space = 0.48 s
[    7/26691] TestGemExtCargoBuilderLinkFlagConverter#test_dylib_with_colon_space = 0.48 s
[    8/26691] TestGemExtCargoBuilderLinkFlagConverter#test_dll_with_colon_space = 0.48 s
[    9/26691] TestGemExtCargoBuilderLinkFlagConverter#test_framework_space = 0.47 s
[   10/26691] TestGemExtCargoBuilderLinkFlagConverter#test_unconventional_lib_with_colon = 0.47 s
[   11/26691] TestGemExtCargoBuilderLinkFlagConverter#test_simple_lib_space = 0.47 s
[   12/26691] TestGemExtCargoBuilderLinkFlagConverter#test_libstatic_with_colon_space = 0.47 s
[   13/26691] TestGemExtCargoBuilderLinkFlagConverter#test_search_path_space = 0.50 s
[   14/26691] TestGemExtCargoBuilderLinkFlagConverter#test_search_path_space_in_path = 0.47 s
[   15/26691] TestGemExtCargoBuilderLinkFlagConverter#test_simple_lib = 0.47 s
[   16/26691] TestGemExtCargoBuilderLinkFlagConverter#test_non_lib_dash_l = 0.47 s
[   17/26691] TestDigest::TestSHA2#test_s_file = 0.03 s
[   18/26691] TestMkmfSignedness#test_typeof_typedef = 0.63 s
[   19/26691] TestMkmfSignedness#test_typeof_builtin = 0.27 s
[   20/26691] TestRDocMarkupVerbatim#test_equals2 = 2.04 s
[   21/26691] TestRDocMarkupVerbatim#test_ruby_eh = 0.03 s
[   22/26691] TestOptionParserReqArg::Def2#test_lambda = 0.07 s
[   23/26691] TestOptionParserReqArg::Def2#test_require_exact = 0.50 s
[   24/26691] TestOptionParserReqArg::Def2#test_permute = 0.11 s
[   25/26691] TestOptionParserReqArg::Def2#test_long = 0.13 s
[   26/26691] TestOptionParserReqArg::Def2#test_raise_unknown = 0.16 s
[   27/26691] TestOptionParserReqArg::Def2#test_help_pager = 12.48 s
[   28/26691] TestOptionParserReqArg::Def2#test_short = 0.11 s
[   29/26691] TestOptionParserReqArg::Def2#test_hyphenize = 0.09 s
[   30/26691] TestOptionParserReqArg::Def2#test_regexp = 0.05 s
[   31/26691] TestOptionParserReqArg::Def2#test_abbrev = 0.37 s
[   32/26691] TestOptionParserReqArg::Def2#test_order = 0.12 s
[   33/26691] TestOptionParserReqArg::Def2#test_nonopt_pattern = 0.11 s
[   34/26691] TestOptionParserReqArg::Def2#test_into = 0.22 s
[   35/26691] TestOptionParserReqArg::Def2#test_exact_option = 0.60 s
[   36/26691] TestRDocI18nText#test_translate_not_translated_message = 0.20 s
[   37/26691] TestRDocI18nText#test_translate_multiple_paragraphs = 0.04 s
[   38/26691] TestRDocI18nText#test_translate_keep_empty_lines = 0.04 s
[   39/26691] TestRDocI18nText#test_multiple_paragraphs = 0.04 s
[   40/26691] TestGemCommandsYankCommand#test_with_webauthn_enabled_failure = 1.12 s
[   41/26691] TestGemCommandsYankCommand#test_execute_with_otp_failure = 0.95 s
[   42/26691] TestGemCommandsYankCommand#test_handle_options_missing_argument = 1.23 s
[   43/26691] TestGemCommandsYankCommand#test_handle_options = 1.01 s
[   44/26691] TestGemCommandsYankCommand#test_with_webauthn_enabled_success = 1.00 s
[   45/26691] TestGemCommandsYankCommand#test_with_webauthn_enabled_failure_with_polling = 0.95 s
[   46/26691] TestGemCommandsYankCommand#test_execute_with_otp_success = 0.85 s
[   47/26691] TestGemCommandsYankCommand#test_with_webauthn_enabled_success_with_polling = 5.12 s
[   48/26691] TestGemCommandsYankCommand#test_execute_host = 0.74 s
[   49/26691] TestGemCommandsYankCommand#test_execute_key = 0.88 s
[   50/26691] TestGemCommandsYankCommand#test_yank_gem_unathorized_api_key = 1.05 s
[   51/26691] TestGemCommandsYankCommand#test_execute = 0.74 s
[   52/26691] Prism::FixturesTest#"test_global_variables.txt" = 0.02 s
[   53/26691] Prism::FixturesTest#"test_whitequark/space_args_block.txt" = 0.01 s
[   54/26691] Prism::FixturesTest#"test_seattlerb/parse_line_defn_complex.txt" = 0.01 s
[   55/26691] Prism::FixturesTest#"test_seattlerb/iter_args_7_2.txt" = 0.01 s
[   56/26691] Prism::FixturesTest#"test_seattlerb/call_assoc_new.txt" = 0.01 s
[   57/26691] Prism::FixturesTest#"test_seattlerb/safe_calls.txt" = 0.01 s
[   58/26691] Prism::FixturesTest#"test_whitequark/send_index_legacy.txt" = 0.01 s
[   59/26691] Prism::FixturesTest#"test_whitequark/space_args_arg_block.txt" = 0.01 s
[   60/26691] Prism::FixturesTest#"test_seattlerb/block_call_defn_call_block_call.txt" = 0.01 s
[   61/26691] Prism::FixturesTest#"test_whitequark/bug_lambda_leakage.txt" = 0.01 s
[   62/26691] Prism::FixturesTest#"test_seattlerb/mlhs_front_anonsplat.txt" = 0.01 s
[   63/26691] Prism::FixturesTest#"test_seattlerb/const_op_asgn_and1.txt" = 0.01 s
[   64/26691] Prism::FixturesTest#"test_seattlerb/parse_line_str_with_newline_escape.txt" = 0.01 s
[   65/26691] Prism::FixturesTest#"test_whitequark/ruby_bug_11107.txt" = 0.01 s
[   66/26691] Prism::FixturesTest#"test_whitequark/args_args_assocs.txt" = 0.01 s
[   67/26691] Prism::FixturesTest#"test_seattlerb/defn_arg_asplat_arg.txt" = 0.01 s
[   68/26691] Prism::FixturesTest#"test_seattlerb/defn_kwarg_env.txt" = 0.01 s
[   69/26691] Prism::FixturesTest#"test_methods.txt" = 0.01 s
[   70/26691] Prism::FixturesTest#"test_whitequark/hash_hashrocket.txt" = 0.01 s
[   71/26691] Prism::FixturesTest#"test_seattlerb/defs_oneliner_rescue.txt" = 0.01 s
[   72/26691] Prism::FixturesTest#"test_unparser/corpus/literal/kwbegin.txt" = 0.01 s
[   73/26691] Prism::FixturesTest#"test_xstring_with_backslash.txt" = 0.01 s
[   74/26691] Prism::FixturesTest#"test_until.txt" = 0.01 s
[   75/26691] Prism::FixturesTest#"test_seattlerb/index_0_opasgn.txt" = 0.01 s
[   76/26691] Prism::FixturesTest#"test_whitequark/forwarded_argument_with_restarg.txt" = 0.01 s
[   77/26691] Prism::FixturesTest#"test_seattlerb/block_args_opt1.txt" = 0.01 s
[   78/26691] Prism::FixturesTest#"test_lambda.txt" = 0.01 s
[   79/26691] Prism::FixturesTest#"test_seattlerb/block_kwarg_lvar.txt" = 0.01 s
[   80/26691] Prism::FixturesTest#"test_seattlerb/masgn_arg_colon_arg.txt" = 0.01 s
[   81/26691] Prism::FixturesTest#"test_seattlerb/defn_oneliner_eq2.txt" = 0.01 s
[   82/26691] Prism::FixturesTest#"test_seattlerb/parse_if_not_noncanonical.txt" = 0.01 s
[   83/26691] Prism::FixturesTest#"test_seattlerb/f_kw__required.txt" = 0.01 s
[   84/26691] Prism::FixturesTest#"test_seattlerb/bug_cond_pct.txt" = 0.01 s
[   85/26691] Prism::FixturesTest#"test_whitequark/bang_cmd.txt" = 0.01 s
[   86/26691] Prism::FixturesTest#"test_seattlerb/rescue_do_end_ensure_result.txt" = 0.01 s
[   87/26691] Prism::FixturesTest#"test_seattlerb/case_in_86.txt" = 0.01 s
[   88/26691] Prism::FixturesTest#"test_seattlerb/dstr_lex_state.txt" = 0.01 s
[   89/26691] Prism::FixturesTest#"test_whitequark/super.txt" = 0.01 s
[   90/26691] Prism::FixturesTest#"test_seattlerb/cond_unary_minus.txt" = 0.01 s
[   91/26691] Prism::FixturesTest#"test_whitequark/not_masgn__24.txt" = 0.01 s
[   92/26691] Prism::FixturesTest#"test_whitequark/hash_label.txt" = 0.01 s
[   93/26691] Prism::FixturesTest#"test_seattlerb/heredoc_squiggly_empty.txt" = 0.01 s
[   94/26691] Prism::FixturesTest#"test_seattlerb/iter_kwarg.txt" = 0.01 s
[   95/26691] Prism::FixturesTest#"test_seattlerb/qw_escape_term.txt" = 0.01 s
[   96/26691] Prism::FixturesTest#"test_seattlerb/block_splat_reg.txt" = 0.01 s
[   97/26691] Prism::FixturesTest#"test_seattlerb/thingy.txt" = 0.01 s
[   98/26691] Prism::FixturesTest#"test_seattlerb/masgn_arg_splat_arg.txt" = 0.01 s
[   99/26691] Prism::FixturesTest#"test_seattlerb/parse_while_not_noncanonical.txt" = 0.01 s
[  100/26691] Prism::FixturesTest#"test_seattlerb/pipe_space.txt" = 0.01 s
[  101/26691] Prism::FixturesTest#"test_strings.txt" = 0.01 s
[  102/26691] Prism::FixturesTest#"test_seattlerb/bug_249.txt" = 0.01 s
[  103/26691] Prism::FixturesTest#"test_seattlerb/dot2_nil__26.txt" = 0.01 s
[  104/26691] Prism::FixturesTest#"test_seattlerb/defn_kwarg_kwsplat_anon.txt" = 0.01 s
[  105/26691] Prism::FixturesTest#"test_heredoc_with_trailing_newline.txt" = 0.01 s
[  106/26691] Prism::FixturesTest#"test_whitequark/parser_bug_507.txt" = 0.01 s
[  107/26691] Prism::FixturesTest#"test_seattlerb/begin_ensure_no_bodies.txt" = 0.01 s
[  108/26691] Prism::FixturesTest#"test_seattlerb/defn_oneliner.txt" = 0.01 s
[  109/26691] Prism::FixturesTest#"test_seattlerb/parse_line_dot2_open.txt" = 0.01 s
[  110/26691] Prism::FixturesTest#"test_whitequark/var_or_asgn.txt" = 0.01 s
[  111/26691] Prism::FixturesTest#"test_seattlerb/bug_args_masgn_outer_parens__19.txt" = 0.01 s
[  112/26691] Prism::FixturesTest#"test_unparser/corpus/literal/send.txt" = 0.01 s
[  113/26691] Prism::FixturesTest#"test_seattlerb/in_expr_no_case.txt" = 0.01 s
[  114/26691] Prism::FixturesTest#"test_seattlerb/rhs_asgn.txt" = 0.01 s
[  115/26691] Prism::FixturesTest#"test_seattlerb/difficult7_.txt" = 0.01 s
[  116/26691] Prism::FixturesTest#"test_newline_terminated.txt" = 0.01 s
[  117/26691] Prism::FixturesTest#"test_seattlerb/method_call_trailing_comma.txt" = 0.01 s
[  118/26691] Prism::FixturesTest#"test_seattlerb/safe_call_newline.txt" = 0.01 s
[  119/26691] Prism::FixturesTest#"test_seattlerb/difficult3__9.txt" = 0.01 s
[  120/26691] Prism::FixturesTest#"test_whitequark/optarg.txt" = 0.01 s
[  121/26691] Prism::FixturesTest#"test_whitequark/slash_newline_in_heredocs.txt" = 0.01 s
[  122/26691] Prism::FixturesTest#"test_whitequark/sclass.txt" = 0.01 s
[  123/26691] Prism::FixturesTest#"test_seattlerb/defn_kwarg_lvar.txt" = 0.01 s
[  124/26691] Prism::FixturesTest#"test_seattlerb/parse_line_call_no_args.txt" = 0.01 s
[  125/26691] Prism::FixturesTest#"test_whitequark/dedenting_heredoc.txt" = 0.01 s
[  126/26691] Prism::FixturesTest#"test_seattlerb/case_in_find.txt" = 0.01 s
[  127/26691] Prism::FixturesTest#"test_seattlerb/qwords_empty.txt" = 0.01 s
[  128/26691] Prism::FixturesTest#"test_whitequark/cvar.txt" = 0.01 s
[  129/26691] Prism::FixturesTest#"test_seattlerb/bug_215.txt" = 0.01 s
[  130/26691] Prism::FixturesTest#"test_whitequark/send_index_asgn.txt" = 0.01 s
[  131/26691] Prism::FixturesTest#"test_ternary_operator.txt" = 0.01 s
[  132/26691] Prism::FixturesTest#"test_seattlerb/parse_if_not_canonical.txt" = 0.01 s
[  133/26691] Prism::FixturesTest#"test_seattlerb/qWords_space.txt" = 0.01 s
[  134/26691] Prism::FixturesTest#"test_boolean_operators.txt" = 0.01 s
[  135/26691] Prism::FixturesTest#"test_seattlerb/block_arg_opt_arg_block.txt" = 0.01 s
[  136/26691] Prism::FixturesTest#"test_whitequark/string_concat.txt" = 0.01 s
[  137/26691] Prism::FixturesTest#"test_whitequark/masgn_nested.txt" = 0.01 s
[  138/26691] Prism::FixturesTest#"test_nils.txt" = 0.01 s
[  139/26691] Prism::FixturesTest#"test_seattlerb/dot3_nil__26.txt" = 0.01 s
[  140/26691] Prism::FixturesTest#"test_seattlerb/dstr_evstr.txt" = 0.01 s
[  141/26691] Prism::FixturesTest#"test_whitequark/forwarded_restarg.txt" = 0.01 s
[  142/26691] Prism::FixturesTest#"test_whitequark/class_super_label.txt" = 0.01 s
[  143/26691] Prism::FixturesTest#"test_whitequark/send_index.txt" = 0.01 s
[  144/26691] Prism::FixturesTest#"test_seattlerb/block_command_operation_dot.txt" = 0.01 s
[  145/26691] Prism::FixturesTest#"test_seattlerb/heredoc_with_extra_carriage_horrible_mix.txt" = 0.
01 s
[  146/26691] Prism::FixturesTest#"test_unparser/corpus/semantic/block.txt" = 0.01 s
[  147/26691] Prism::FixturesTest#"test_whitequark/ruby_bug_14690.txt" = 0.01 s
[  148/26691] Prism::FixturesTest#"test_range_end_open_exclusive.txt" = 0.01 s
[  149/26691] Prism::FixturesTest#"test_seattlerb/case_in_else.txt" = 0.01 s
[  150/26691] Prism::FixturesTest#"test_heredocs_with_ignored_newlines.txt" = 0.01 s
[  151/26691] Prism::FixturesTest#"test_dsym_str.txt" = 0.01 s
[  152/26691] Prism::FixturesTest#"test_next.txt" = 0.01 s
[  153/26691] Prism::FixturesTest#"test_whitequark/op_asgn_index_cmd.txt" = 0.01 s
[  154/26691] Prism::FixturesTest#"test_whitequark/bug_cmd_string_lookahead.txt" = 0.01 s
[  155/26691] Prism::FixturesTest#"test_seattlerb/call_not.txt" = 0.01 s
[  156/26691] Prism::FixturesTest#"test_seattlerb/call_trailing_comma.txt" = 0.01 s
[  157/26691] Prism::FixturesTest#"test_dstring.txt" = 0.01 s
[  158/26691] Prism::FixturesTest#"test_whitequark/send_op_asgn_conditional.txt" = 0.01 s
[  159/26691] Prism::FixturesTest#"test_seattlerb/integer_with_if_modifier.txt" = 0.01 s
[  160/26691] Prism::FixturesTest#"test_unparser/corpus/literal/since/30.txt" = 0.01 s
[  161/26691] Prism::FixturesTest#"test_seattlerb/block_decomp_anon_splat_arg.txt" = 0.01 s
[  162/26691] Prism::FixturesTest#"test_seattlerb/regexp_esc_C_slash.txt" = 0.01 s
[  163/26691] Prism::FixturesTest#"test_unless.txt" = 0.01 s
[  164/26691] Prism::FixturesTest#"test_whitequark/hash_empty.txt" = 0.01 s
[  165/26691] Prism::FixturesTest#"test_seattlerb/call_env.txt" = 0.01 s
[  166/26691] Prism::FixturesTest#"test_seattlerb/defn_oneliner_noargs_parentheses.txt" = 0.01 s
[  167/26691] Prism::FixturesTest#"test_seattlerb/masgn_splat_arg.txt" = 0.01 s
[  168/26691] Prism::FixturesTest#"test_seattlerb/masgn_anon_splat_arg.txt" = 0.01 s
[  169/26691] Prism::FixturesTest#"test_seattlerb/iter_args_9_2.txt" = 0.01 s
[  170/26691] Prism::FixturesTest#"test_seattlerb/call_unary_bang.txt" = 0.01 s
[  171/26691] Prism::FixturesTest#"test_whitequark/zsuper.txt" = 0.01 s
[  172/26691] Prism::FixturesTest#"test_whitequark/trailing_forward_arg.txt" = 0.01 s
[  173/26691] Prism::FixturesTest#"test_whitequark/bug_cmdarg.txt" = 0.01 s
[  174/26691] Prism::FixturesTest#"test_seattlerb/parse_def_special_name.txt" = 0.01 s
[  175/26691] Prism::FixturesTest#"test_seattlerb/multiline_hash_declaration.txt" = 0.01 s
[  176/26691] Prism::FixturesTest#"test_seattlerb/block_arg_opt_splat.txt" = 0.01 s
[  177/26691] Prism::FixturesTest#"test_spanning_heredoc.txt" = 0.01 s
[  178/26691] Prism::FixturesTest#"test_whitequark/character.txt" = 0.01 s
[  179/26691] Prism::FixturesTest#"test_whitequark/ambiuous_quoted_label_in_ternary_operator.txt" =
0.01 s
[  180/26691] Prism::FixturesTest#"test_whitequark/nil_expression.txt" = 0.01 s
[  181/26691] Prism::FixturesTest#"test_unparser/corpus/literal/assignment.txt" = 0.01 s
[  182/26691] Prism::FixturesTest#"test_seattlerb/call_colon_parens.txt" = 0.01 s
[  183/26691] Prism::FixturesTest#"test_whitequark/send_block_chain_cmd.txt" = 0.01 s
[  184/26691] Prism::FixturesTest#"test_whitequark/args_star.txt" = 0.01 s
[  185/26691] Prism::FixturesTest#"test_unparser/corpus/literal/opasgn.txt" = 0.01 s
[  186/26691] Prism::FixturesTest#"test_seattlerb/defn_endless_command_rescue.txt" = 0.01 s
[  187/26691] Prism::FixturesTest#"test_seattlerb/alias_resword.txt" = 0.01 s
[  188/26691] Prism::FixturesTest#"test_symbols.txt" = 0.01 s
[  189/26691] Prism::FixturesTest#"test_whitequark/args_args_star.txt" = 0.01 s
[  190/26691] Prism::FixturesTest#"test_whitequark/ivar.txt" = 0.01 s
[  191/26691] Prism::FixturesTest#"test_seattlerb/block_decomp_arg_splat.txt" = 0.01 s
[  192/26691] Prism::FixturesTest#"test_not.txt" = 0.01 s
[  193/26691] Prism::FixturesTest#"test_seattlerb/bug_hash_interp_array.txt" = 0.01 s
[  194/26691] Prism::FixturesTest#"test_whitequark/xstring_plain.txt" = 0.01 s
[  195/26691] Prism::FixturesTest#"test_seattlerb/masgn_colon3.txt" = 0.01 s
[  196/26691] Prism::FixturesTest#"test_whitequark/bug_481.txt" = 0.01 s
[  197/26691] Prism::FixturesTest#"test_seattlerb/iter_args_11_1.txt" = 0.01 s
[  198/26691] Prism::FixturesTest#"test_whitequark/non_lvar_injecting_match.txt" = 0.01 s
[  199/26691] Prism::FixturesTest#"test_repeat_parameters.txt" = 0.01 s
[  200/26691] Prism::FixturesTest#"test_seattlerb/difficult2_.txt" = 0.01 s
[  201/26691] Prism::FixturesTest#"test_unparser/corpus/literal/class.txt" = 0.01 s
[  202/26691] Prism::FixturesTest#"test_whitequark/rescue.txt" = 0.01 s
[  203/26691] Prism::FixturesTest#"test_whitequark/array_words_interp.txt" = 0.01 s
[  204/26691] Prism::FixturesTest#"test_whitequark/ruby_bug_15789.txt" = 0.01 s
[  205/26691] Prism::FixturesTest#"test_whitequark/casgn_toplevel.txt" = 0.01 s
[  206/26691] Prism::FixturesTest#"test_whitequark/dedenting_interpolating_heredoc_fake_line_continu
ation.txt" = 0.01 s
[  207/26691] Prism::FixturesTest#"test_seattlerb/difficult3__12.txt" = 0.01 s
[  208/26691] Prism::FixturesTest#"test_seattlerb/bug_not_parens.txt" = 0.01 s
[  209/26691] Prism::FixturesTest#"test_whitequark/args_args_assocs_comma.txt" = 0.01 s
[  210/26691] Prism::FixturesTest#"test_seattlerb/block_decomp_arg_splat_arg.txt" = 0.01 s
[  211/26691] Prism::FixturesTest#"test_seattlerb/parse_pattern_076.txt" = 0.01 s
[  212/26691] Prism::FixturesTest#"test_heredoc_with_carriage_returns.txt" = 0.01 s
[  213/26691] Prism::FixturesTest#"test_seattlerb/uminus_float.txt" = 0.01 s
[  214/26691] Prism::FixturesTest#"test_whitequark/regex_interp.txt" = 0.01 s
[  215/26691] Prism::FixturesTest#"test_whitequark/if_masgn__24.txt" = 0.01 s
[  216/26691] Prism::FixturesTest#"test_seattlerb/pipe_semicolon.txt" = 0.02 s
[  217/26691] Prism::FixturesTest#"test_seattlerb/difficult6__7.txt" = 0.01 s
[  218/26691] Prism::FixturesTest#"test_seattlerb/eq_begin_line_numbers.txt" = 0.01 s
[  219/26691] Prism::FixturesTest#"test_seattlerb/defn_kwarg_val.txt" = 0.01 s
[  220/26691] Prism::FixturesTest#"test_unparser/corpus/literal/range.txt" = 0.01 s
[  221/26691] Prism::FixturesTest#"test_seattlerb/call_div.txt" = 0.01 s
[  222/26691] Prism::FixturesTest#"test_seattlerb/rescue_do_end_rescued.txt" = 0.01 s
[  223/26691] Prism::FixturesTest#"test_unparser/corpus/literal/dstr.txt" = 0.01 s
[  224/26691] Prism::FixturesTest#"test_dash_heredocs.txt" = 0.01 s
[  225/26691] Prism::FixturesTest#"test_whitequark/arg_label.txt" = 0.01 s
[  226/26691] Prism::FixturesTest#"test_seattlerb/case_in_array_pat_paren_assign.txt" = 0.01 s
[  227/26691] Prism::FixturesTest#"test_seattlerb/bug169.txt" = 0.02 s
[  228/26691] Prism::FixturesTest#"test_whitequark/send_attr_asgn.txt" = 0.01 s
[  229/26691] Prism::FixturesTest#"test_whitequark/casgn_scoped.txt" = 0.01 s
[  230/26691] Prism::FixturesTest#"test_unparser/corpus/literal/undef.txt" = 0.01 s
[  231/26691] Prism::FixturesTest#"test_whitequark/defined.txt" = 0.01 s
[  232/26691] Prism::FixturesTest#"test_unparser/corpus/literal/empty_begin.txt" = 0.01 s
[  233/26691] Prism::FixturesTest#"test_whitequark/rescue_without_begin_end.txt" = 0.01 s
[  234/26691] Prism::FixturesTest#"test_whitequark/send_lambda_args_shadow.txt" = 0.01 s
[  235/26691] Prism::FixturesTest#"test_whitequark/if_nl_then.txt" = 0.01 s
[  236/26691] Prism::FixturesTest#"test_seattlerb/unary_plus.txt" = 0.01 s
[  237/26691] Prism::FixturesTest#"test_xstring.txt" = 0.01 s
[  238/26691] Prism::FixturesTest#"test_whitequark/ruby_bug_11380.txt" = 0.01 s
[  239/26691] Prism::FixturesTest#"test_seattlerb/difficult1_line_numbers.txt" = 0.01 s
[  240/26691] Prism::FixturesTest#"test_whitequark/for.txt" = 0.01 s
[  241/26691] Prism::FixturesTest#"test_seattlerb/str_backslashes.txt" = 0.01 s
[  242/26691] Prism::FixturesTest#"test_seattlerb/parse_until_not_noncanonical.txt" = 0.01 s
[  243/26691] Prism::FixturesTest#"test_seattlerb/parse_line_multiline_str_literal_n.txt" = 0.01 s
[  244/26691] Prism::FixturesTest#"test_seattlerb/rescue_do_end_no_raise.txt" = 0.01 s
[  245/26691] Prism::FixturesTest#"test_whitequark/send_index_cmd.txt" = 0.01 s
[  246/26691] Prism::FixturesTest#"test_seattlerb/heredoc_backslash_nl.txt" = 0.01 s
[  247/26691] Prism::FixturesTest#"test_seattlerb/attrasgn_array_lhs.txt" = 0.01 s
[  248/26691] Prism::FixturesTest#"test_whitequark/lparenarg_after_lvar__since_25.txt" = 0.01 s
[  249/26691] Prism::FixturesTest#"test_seattlerb/dsym_to_sym.txt" = 0.01 s
[  250/26691] Prism::FixturesTest#"test_arrays.txt" = 0.01 s
[  251/26691] Prism::FixturesTest#"test_seattlerb/op_asgn_primary_colon_identifier1.txt" = 0.01 s
[  252/26691] Prism::FixturesTest#"test_seattlerb/str_double_escaped_newline.txt" = 0.01 s
[  253/26691] Prism::FixturesTest#"test_whitequark/bug_do_block_in_call_args.txt" = 0.01 s
[  254/26691] Prism::FixturesTest#"test_seattlerb/call_stabby_do_end_with_block.txt" = 0.01 s
[  255/26691] Prism::FixturesTest#"test_seattlerb/begin_rescue_else_ensure_no_bodies.txt" = 0.02 s
[  256/26691] Prism::FixturesTest#"test_whitequark/cond_begin.txt" = 0.01 s
[  257/26691] Prism::FixturesTest#"test_unparser/corpus/literal/hookexe.txt" = 0.01 s
[  258/26691] Prism::FixturesTest#"test_seattlerb/parse_line_rescue.txt" = 0.01 s
[  259/26691] Prism::FixturesTest#"test_whitequark/array_words.txt" = 0.01 s
[  260/26691] Prism::FixturesTest#"test_seattlerb/BEGIN.txt" = 0.01 s
[  261/26691] Prism::FixturesTest#"test_seattlerb/mlhs_keyword.txt" = 0.01 s
[  262/26691] Prism::FixturesTest#"test_seattlerb/heredoc_trailing_slash_continued_call.txt" = 0.01
s
[  263/26691] Prism::FixturesTest#"test_whitequark/rescue_mod_asgn.txt" = 0.01 s
[  264/26691] Prism::FixturesTest#"test_whitequark/arg_duplicate_ignored.txt" = 0.01 s
[  265/26691] Prism::FixturesTest#"test_seattlerb/defs_kwarg.txt" = 0.01 s
[  266/26691] Prism::FixturesTest#"test_seattlerb/iter_args_4.txt" = 0.02 s
[  267/26691] Prism::FixturesTest#"test_whitequark/true.txt" = 0.01 s
[  268/26691] Prism::FixturesTest#"test_seattlerb/qw_escape.txt" = 0.01 s
[  269/26691] Prism::FixturesTest#"test_seattlerb/op_asgn_primary_colon_const_command_call.txt" = 0.
01 s
[  270/26691] Prism::FixturesTest#"test_seattlerb/masgn_splat_arg_arg.txt" = 0.01 s
[  271/26691] Prism::FixturesTest#"test_whitequark/send_plain_cmd.txt" = 0.01 s
[  272/26691] Prism::FixturesTest#"test_whitequark/when_then.txt" = 0.01 s
[  273/26691] Prism::FixturesTest#"test_whitequark/keyword_argument_omission.txt" = 0.01 s
[  274/26691] Prism::FixturesTest#"test_whitequark/symbol_plain.txt" = 0.01 s
[  275/26691] Prism::FixturesTest#"test_seattlerb/unary_plus_on_literal.txt" = 0.01 s
[  276/26691] Prism::FixturesTest#"test_whitequark/rescue_mod_masgn.txt" = 0.01 s
[  277/26691] Prism::FixturesTest#"test_seattlerb/call_array_lit_inline_hash.txt" = 0.01 s
[  278/26691] Prism::FixturesTest#"test_seattlerb/str_newline_hash_line_number.txt" = 0.01 s
[  279/26691] Prism::FixturesTest#"test_whitequark/bang.txt" = 0.01 s
[  280/26691] Prism::FixturesTest#"test_seattlerb/difficult3_3.txt" = 0.01 s
[  281/26691] Prism::FixturesTest#"test_heredocs_with_ignored_newlines_and_non_empty.txt" = 0.01 s
[  282/26691] Prism::FixturesTest#"test_seattlerb/defn_forward_args__no_parens.txt" = 0.01 s
[  283/26691] Prism::FixturesTest#"test_whitequark/if.txt" = 0.01 s
[  284/26691] Prism::FixturesTest#"test_whitequark/pattern_matching_single_line_allowed_omission_of_
parentheses.txt" = 0.01 s
[  285/26691] Prism::FixturesTest#"test_whitequark/__ENCODING__.txt" = 0.01 s
[  286/26691] Prism::FixturesTest#"test_whitequark/unless_else.txt" = 0.01 s
[  287/26691] Prism::FixturesTest#"test_seattlerb/defn_kwarg_kwarg.txt" = 0.01 s
[  288/26691] Prism::FixturesTest#"test_seattlerb/block_call_dot_op2_cmd_args_do_block.txt" = 0.01 s
[  289/26691] Prism::FixturesTest#"test_integer_operations.txt" = 0.01 s
[  290/26691] Prism::FixturesTest#"test_seattlerb/block_arg_kwsplat.txt" = 0.01 s
[  291/26691] Prism::FixturesTest#"test_whitequark/and_asgn.txt" = 0.01 s
[  292/26691] Prism::FixturesTest#"test_seattlerb/case_in_array_pat_const2.txt" = 0.01 s
[  293/26691] Prism::FixturesTest#"test_whitequark/when_multi.txt" = 0.01 s
[  294/26691] Prism::FixturesTest#"test_seattlerb/symbols.txt" = 0.02 s
[  295/26691] Prism::FixturesTest#"test_seattlerb/parse_line_iter_call_parens.txt" = 0.01 s
[  296/26691] Prism::FixturesTest#"test_seattlerb/heredoc_nested.txt" = 0.01 s
[  297/26691] Prism::FixturesTest#"test_whitequark/args_args_comma.txt" = 0.01 s
[  298/26691] Prism::FixturesTest#"test_seattlerb/safe_op_asgn.txt" = 0.01 s
[  299/26691] Prism::FixturesTest#"test_whitequark/array_words_empty.txt" = 0.01 s
[  300/26691] Prism::FixturesTest#"test_keywords.txt" = 0.01 s
[  301/26691] Prism::FixturesTest#"test_whitequark/hash_label_end.txt" = 0.01 s
[  302/26691] Prism::FixturesTest#"test_whitequark/send_self_block.txt" = 0.01 s
[  303/26691] Prism::FixturesTest#"test_range_end_open_inclusive.txt" = 0.01 s
[  304/26691] Prism::FixturesTest#"test_seattlerb/stabby_block_kw__required.txt" = 0.01 s
[  305/26691] Prism::FixturesTest#"test_seattlerb/bug_hash_args_trailing_comma.txt" = 0.02 s
[  306/26691] Prism::FixturesTest#"test_seattlerb/quoted_symbol_hash_arg.txt" = 0.01 s
[  307/26691] Prism::FixturesTest#"test_seattlerb/difficult3__6.txt" = 0.01 s
[  308/26691] Prism::FixturesTest#"test_whitequark/ruby_bug_12669.txt" = 0.01 s
[  309/26691] Prism::FixturesTest#"test_whitequark/__ENCODING___legacy_.txt" = 0.01 s
[  310/26691] Prism::FixturesTest#"test_whitequark/masgn_cmd.txt" = 0.01 s
[  311/26691] Prism::FixturesTest#"test_defined.txt" = 0.01 s
[  312/26691] Prism::FixturesTest#"test_whitequark/parser_bug_604.txt" = 0.01 s
[  313/26691] Prism::FixturesTest#"test_whitequark/kwrestarg_unnamed.txt" = 0.01 s
[  314/26691] Prism::FixturesTest#"test_seattlerb/heredoc_squiggly_blank_lines.txt" = 0.01 s
[  315/26691] Prism::FixturesTest#"test_seattlerb/safe_call.txt" = 0.01 s
[  316/26691] Prism::FixturesTest#"test_seattlerb/case_in_or.txt" = 0.01 s
[  317/26691] Prism::FixturesTest#"test_whitequark/unless_mod.txt" = 0.01 s
[  318/26691] Prism::FixturesTest#"test_whitequark/forward_arg_with_open_args.txt" = 0.01 s
[  319/26691] Prism::FixturesTest#"test_whitequark/send_index_asgn_legacy.txt" = 0.01 s
[  320/26691] Prism::FixturesTest#"test_heredocs_leading_whitespace.txt" = 0.01 s
[  321/26691] Prism::FixturesTest#"test_seattlerb/rescue_do_end_raised.txt" = 0.01 s
[  322/26691] Prism::FixturesTest#"test_seattlerb/begin_rescue_ensure_no_bodies.txt" = 0.01 s
[  323/26691] Prism::FixturesTest#"test_whitequark/back_ref.txt" = 0.01 s
[  324/26691] Prism::FixturesTest#"test_seattlerb/case_in_37.txt" = 0.01 s
[  325/26691] Prism::FixturesTest#"test_seattlerb/parse_line_defn_no_parens_args.txt" = 0.01 s
[  326/26691] Prism::FixturesTest#"test_whitequark/ternary.txt" = 0.01 s
[  327/26691] Prism::FixturesTest#"test_seattlerb/words_interp.txt" = 0.01 s
[  328/26691] Prism::FixturesTest#"test_seattlerb/call_bang_command_call.txt" = 0.01 s
[  329/26691] Prism::FixturesTest#"test_whitequark/gvasgn.txt" = 0.01 s
[  330/26691] Prism::FixturesTest#"test_seattlerb/symbols_interp.txt" = 0.01 s
[  331/26691] Prism::FixturesTest#"test_seattlerb/parse_pattern_058.txt" = 0.01 s
[  332/26691] Prism::FixturesTest#"test_seattlerb/assoc_label.txt" = 0.01 s
[  333/26691] Prism::FixturesTest#"test_seattlerb/bug191.txt" = 0.02 s
[  334/26691] Prism::FixturesTest#"test_seattlerb/defn_reg_opt_reg.txt" = 0.01 s
[  335/26691] Prism::FixturesTest#"test_unparser/corpus/literal/rescue.txt" = 0.01 s
[  336/26691] Prism::FixturesTest#"test_seattlerb/const_2_op_asgn_or2.txt" = 0.01 s
[  337/26691] Prism::FixturesTest#"test_seattlerb/call_arg_assoc.txt" = 0.01 s
[  338/26691] Prism::FixturesTest#"test_whitequark/while.txt" = 0.01 s
[  339/26691] Prism::FixturesTest#"test_whitequark/kwnilarg.txt" = 0.01 s
[  340/26691] Prism::FixturesTest#"test_whitequark/case_expr_else.txt" = 0.01 s
[  341/26691] Prism::FixturesTest#"test_seattlerb/call_and.txt" = 0.01 s
[  342/26691] Prism::FixturesTest#"test_seattlerb/block_paren_splat.txt" = 0.01 s
[  343/26691] Prism::FixturesTest#"test_whitequark/self.txt" = 0.01 s
[  344/26691] Prism::FixturesTest#"test_whitequark/and_or_masgn.txt" = 0.02 s
[  345/26691] Prism::FixturesTest#"test_whitequark/postexe.txt" = 0.01 s
[  346/26691] Prism::FixturesTest#"test_seattlerb/defn_opt_reg.txt" = 0.01 s
[  347/26691] Prism::FixturesTest#"test_seattlerb/heredoc_with_only_carriage_returns.txt" = 0.01 s
[  348/26691] Prism::FixturesTest#"test_method_calls.txt" = 0.01 s
[  349/26691] Prism::FixturesTest#"test_seattlerb/call_colon2.txt" = 0.01 s
[  350/26691] Prism::FixturesTest#"test_seattlerb/heredoc_squiggly_visually_blank_lines.txt" = 0.01
s
[  351/26691] Prism::FixturesTest#"test_seattlerb/const_op_asgn_or.txt" = 0.01 s
[  352/26691] Prism::FixturesTest#"test_seattlerb/heredoc_bad_oct_escape.txt" = 0.01 s
[  353/26691] Prism::FixturesTest#"test_whitequark/if_mod.txt" = 0.01 s
[  354/26691] Prism::FixturesTest#"test_seattlerb/defn_comments.txt" = 0.01 s
[  355/26691] Prism::FixturesTest#"test_seattlerb/parse_line_to_ary.txt" = 0.01 s
[  356/26691] Prism::FixturesTest#"test_whitequark/bug_rescue_empty_else.txt" = 0.01 s
[  357/26691] Prism::FixturesTest#"test_whitequark/parser_bug_645.txt" = 0.01 s
[  358/26691] Prism::FixturesTest#"test_emoji_method_calls.txt" = 0.01 s
[  359/26691] Prism::FixturesTest#"test_whitequark/bug_regex_verification.txt" = 0.01 s
[  360/26691] Prism::FixturesTest#"test_classes.txt" = 0.01 s
[  361/26691] Prism::FixturesTest#"test_whitequark/masgn_splat.txt" = 0.01 s
[  362/26691] Prism::FixturesTest#"test_whitequark/super_block.txt" = 0.01 s
[  363/26691] Prism::FixturesTest#"test_seattlerb/parse_line_iter_call_no_parens.txt" = 0.01 s
[  364/26691] Prism::FixturesTest#"test_whitequark/beginless_erange_after_newline.txt" = 0.01 s
[  365/26691] Prism::FixturesTest#"test_seattlerb/lasgn_call_bracket_rescue_arg.txt" = 0.01 s
[  366/26691] Prism::FixturesTest#"test_whitequark/ruby_bug_10653.txt" = 0.01 s
[  367/26691] Prism::FixturesTest#"test_seattlerb/parse_line_dstr_escaped_newline.txt" = 0.01 s
[  368/26691] Prism::FixturesTest#"test_seattlerb/difficult3__11.txt" = 0.01 s
[  369/26691] Prism::FixturesTest#"test_seattlerb/bdot2.txt" = 0.01 s
[  370/26691] Prism::FixturesTest#"test_seattlerb/label_vs_string.txt" = 0.01 s
[  371/26691] Prism::FixturesTest#"test_whitequark/space_args_arg_call.txt" = 0.01 s
[  372/26691] Prism::FixturesTest#"test_variables.txt" = 0.01 s
[  373/26691] Prism::FixturesTest#"test_whitequark/endless_comparison_method.txt" = 0.01 s
[  374/26691] Prism::FixturesTest#"test_regex_char_width.txt" = 0.01 s
[  375/26691] Prism::FixturesTest#"test_seattlerb/case_in_42.txt" = 0.01 s
[  376/26691] Prism::FixturesTest#"test_seattlerb/call_trailing_dots.txt" = 0.01 s
[  377/26691] Prism::FixturesTest#"test_whitequark/parser_bug_525.txt" = 0.01 s
[  378/26691] Prism::FixturesTest#"test_whitequark/forward_args_legacy.txt" = 0.01 s
[  379/26691] Prism::FixturesTest#"test_seattlerb/block_call_operation_dot.txt" = 0.01 s
[  380/26691] Prism::FixturesTest#"test_seattlerb/parse_line_trailing_newlines.txt" = 0.01 s
[  381/26691] Prism::FixturesTest#"test_seattlerb/difficult3_4.txt" = 0.01 s
[  382/26691] Prism::FixturesTest#"test_heredoc_with_escaped_newline_at_start.txt" = 0.01 s
[  383/26691] Prism::FixturesTest#"test_seattlerb/iter_args_11_2.txt" = 0.02 s
[  384/26691] Prism::FixturesTest#"test_whitequark/when_splat.txt" = 0.01 s
[  385/26691] Prism::FixturesTest#"test_whitequark/blockargs.txt" = 0.01 s
[  386/26691] Prism::FixturesTest#"test_whitequark/restarg_named.txt" = 0.01 s
[  387/26691] Prism::FixturesTest#"test_indented_file_end.txt" = 0.01 s
[  388/26691] Prism::FixturesTest#"test_whitequark/if_else.txt" = 0.01 s
[  389/26691] Prism::FixturesTest#"test_whitequark/string_plain.txt" = 0.01 s
[  390/26691] Prism::FixturesTest#"test_seattlerb/parse_until_not_canonical.txt" = 0.01 s
[  391/26691] Prism::FixturesTest#"test_whitequark/lbrace_arg_after_command_args.txt" = 0.01 s
[  392/26691] Prism::FixturesTest#"test_seattlerb/masgn_star.txt" = 0.01 s
[  393/26691] Prism::FixturesTest#"test_seattlerb/iter_args_9_1.txt" = 0.01 s
[  394/26691] Prism::FixturesTest#"test_seattlerb/mlhs_back_splat.txt" = 0.01 s
[  395/26691] Prism::FixturesTest#"test_whitequark/ruby_bug_11873.txt" = 0.01 s
[  396/26691] Prism::FixturesTest#"test_whitequark/endless_method.txt" = 0.01 s
[  397/26691] Prism::FixturesTest#"test_seattlerb/parse_pattern_019.txt" = 0.01 s
[  398/26691] Prism::FixturesTest#"test_seattlerb/iter_args_3.txt" = 0.01 s
[  399/26691] Prism::FixturesTest#"test_whitequark/multiple_pattern_matches.txt" = 0.01 s
[  400/26691] Prism::FixturesTest#"test_seattlerb/str_pct_q.txt" = 0.01 s
[  401/26691] Prism::FixturesTest#"test_seattlerb/call_gt.txt" = 0.01 s
[  402/26691] Prism::FixturesTest#"test_seattlerb/block_scope.txt" = 0.01 s
[  403/26691] Prism::FixturesTest#"test_whitequark/string___FILE__.txt" = 0.01 s
[  404/26691] Prism::FixturesTest#"test_tilde_heredocs.txt" = 0.01 s
[  405/26691] Prism::FixturesTest#"test_whitequark/procarg0.txt" = 0.01 s
[  406/26691] Prism::FixturesTest#"test_whitequark/const_unscoped.txt" = 0.01 s
[  407/26691] Prism::FixturesTest#"test_whitequark/xstring_interp.txt" = 0.01 s
[  408/26691] Prism::FixturesTest#"test_seattlerb/bug236.txt" = 0.01 s
[  409/26691] Prism::FixturesTest#"test_whitequark/or.txt" = 0.01 s
[  410/26691] Prism::FixturesTest#"test_whitequark/cond_iflipflop.txt" = 0.01 s
[  411/26691] Prism::FixturesTest#"test_unparser/corpus/literal/def.txt" = 0.02 s
[  412/26691] Prism::FixturesTest#"test_seattlerb/symbol_empty.txt" = 0.01 s
[  413/26691] Prism::FixturesTest#"test_seattlerb/defn_endless_command.txt" = 0.01 s
[  414/26691] Prism::FixturesTest#"test_whitequark/ruby_bug_11990.txt" = 0.01 s
[  415/26691] Prism::FixturesTest#"test_seattlerb/heredoc_bad_hex_escape.txt" = 0.01 s
[  416/26691] Prism::FixturesTest#"test_begin_rescue.txt" = 0.01 s
[  417/26691] Prism::FixturesTest#"test_seattlerb/defn_args_forward_args.txt" = 0.01 s
[  418/26691] Prism::FixturesTest#"test_unparser/corpus/semantic/opasgn.txt" = 0.01 s
[  419/26691] Prism::FixturesTest#"test_seattlerb/call_array_arg.txt" = 0.01 s
[  420/26691] Prism::FixturesTest#"test_whitequark/array_plain.txt" = 0.01 s
[  421/26691] Prism::FixturesTest#"test_whitequark/gvar.txt" = 0.01 s
[  422/26691] Prism::FixturesTest#"test_seattlerb/class_comments.txt" = 0.02 s
[  423/26691] Prism::FixturesTest#"test_seattlerb/block_arg_opt_splat_arg_block_omfg.txt" = 0.01 s
[  424/26691] Prism::FixturesTest#"test_seattlerb/str_evstr_escape.txt" = 0.01 s
[  425/26691] Prism::FixturesTest#"test_whitequark/forward_arg.txt" = 0.01 s
[  426/26691] Prism::FixturesTest#"test_whitequark/var_op_asgn.txt" = 0.01 s
[  427/26691] Prism::FixturesTest#"test_seattlerb/call_carat.txt" = 0.01 s
[  428/26691] Prism::FixturesTest#"test_seattlerb/backticks_interpolation_line.txt" = 0.01 s
[  429/26691] Prism::FixturesTest#"test_seattlerb/attrasgn_array_arg.txt" = 0.01 s
[  430/26691] Prism::FixturesTest#"test_whitequark/return.txt" = 0.01 s
[  431/26691] Prism::FixturesTest#"test_whitequark/anonymous_blockarg.txt" = 0.01 s
[  432/26691] Prism::FixturesTest#"test_seattlerb/defn_kwarg_kwsplat.txt" = 0.01 s
[  433/26691] Prism::FixturesTest#"test_seattlerb/bug202.txt" = 0.01 s
[  434/26691] Prism::FixturesTest#"test_seattlerb/bug_masgn_right.txt" = 0.01 s
[  435/26691] Prism::FixturesTest#"test_seattlerb/mlhs_back_anonsplat.txt" = 0.01 s
[  436/26691] Prism::FixturesTest#"test_seattlerb/heredoc_squiggly_blank_line_plus_interpolation.txt
" = 0.01 s
[  437/26691] Prism::FixturesTest#"test_seattlerb/block_args_no_kwargs.txt" = 0.01 s
[  438/26691] Prism::FixturesTest#"test_whitequark/array_symbols_empty.txt" = 0.01 s
[  439/26691] Prism::FixturesTest#"test_booleans.txt" = 0.01 s
[  440/26691] Prism::FixturesTest#"test_whitequark/case_cond_else.txt" = 0.01 s
[  441/26691] Prism::FixturesTest#"test_whitequark/while_post.txt" = 0.01 s
[  442/26691] Prism::FixturesTest#"test_seattlerb/str_str_str.txt" = 0.01 s
[  443/26691] Prism::FixturesTest#"test_seattlerb/heredoc_with_carriage_return_escapes.txt" = 0.01 s
[  444/26691] Prism::FixturesTest#"test_whitequark/cond_iflipflop_with_beginless_range.txt" = 0.01 s
[  445/26691] Prism::FixturesTest#"test_seattlerb/safe_call_dot_parens.txt" = 0.01 s
[  446/26691] Prism::FixturesTest#"test_seattlerb/safe_attrasgn_constant.txt" = 0.01 s
[  447/26691] Prism::FixturesTest#"test_unparser/corpus/semantic/while.txt" = 0.01 s
[  448/26691] Prism::FixturesTest#"test_seattlerb/mlhs_mid_splat.txt" = 0.01 s
[  449/26691] Prism::FixturesTest#"test_whitequark/parser_bug_830.txt" = 0.01 s
[  450/26691] Prism::FixturesTest#"test_seattlerb/symbol_list.txt" = 0.01 s
[  451/26691] Prism::FixturesTest#"test_seattlerb/parse_line_postexe.txt" = 0.01 s
[  452/26691] Prism::FixturesTest#"test_seattlerb/difficult4__leading_dots.txt" = 0.01 s
[  453/26691] Prism::FixturesTest#"test_keyword_method_names.txt" = 0.01 s
[  454/26691] Prism::FixturesTest#"test_whitequark/symbol_interp.txt" = 0.01 s
[  455/26691] Prism::FixturesTest#"test_seattlerb/iter_args_2__19.txt" = 0.01 s
[  456/26691] Prism::FixturesTest#"test_whitequark/rational.txt" = 0.01 s
[  457/26691] Prism::FixturesTest#"test_seattlerb/str_single_double_escaped_newline.txt" = 0.01 s
[  458/26691] Prism::FixturesTest#"test_seattlerb/call_kwsplat.txt" = 0.01 s
[  459/26691] Prism::FixturesTest#"test_seattlerb/masgn_arg_ident.txt" = 0.01 s
[  460/26691] Prism::FixturesTest#"test_heredoc_with_comment.txt" = 0.01 s
[  461/26691] Prism::FixturesTest#"test_whitequark/space_args_arg.txt" = 0.02 s
[  462/26691] Prism::FixturesTest#"test_yield.txt" = 0.01 s
[  463/26691] Prism::FixturesTest#"test_seattlerb/if_elsif.txt" = 0.01 s
[  464/26691] Prism::FixturesTest#"test_hashes.txt" = 0.01 s
[  465/26691] Prism::FixturesTest#"test_seattlerb/call_stabby_with_braces_block.txt" = 0.01 s
[  466/26691] Prism::FixturesTest#"test_seattlerb/call_leading_dots.txt" = 0.01 s
[  467/26691] Prism::FixturesTest#"test_seattlerb/defs_endless_command_rescue.txt" = 0.01 s
[  468/26691] Prism::FixturesTest#"test_whitequark/ruby_bug_11989.txt" = 0.01 s
[  469/26691] Prism::FixturesTest#"test_seattlerb/dsym_esc_to_sym.txt" = 0.01 s
[  470/26691] Prism::FixturesTest#"test_whitequark/not_cmd.txt" = 0.01 s
[  471/26691] Prism::FixturesTest#"test_whitequark/masgn_attr.txt" = 0.01 s
[  472/26691] Prism::FixturesTest#"test_seattlerb/defn_kwarg_no_parens.txt" = 0.01 s
[  473/26691] Prism::FixturesTest#"test_whitequark/send_lambda_args_noparen.txt" = 0.01 s
[  474/26691] Prism::FixturesTest#"test_seattlerb/lasgn_env.txt" = 0.01 s
[  475/26691] Prism::FixturesTest#"test_whitequark/forwarded_kwrestarg_with_additional_kwarg.txt" =
0.01 s
[  476/26691] Prism::FixturesTest#"test_seattlerb/parse_line_return.txt" = 0.01 s
[  477/26691] Prism::FixturesTest#"test_unparser/corpus/literal/pragma.txt" = 0.01 s
[  478/26691] Prism::FixturesTest#"test_seattlerb/regexp_escape_extended.txt" = 0.01 s
[  479/26691] Prism::FixturesTest#"test_whitequark/bug_do_block_in_hash_brace.txt" = 0.01 s
[  480/26691] Prism::FixturesTest#"test_seattlerb/masgn_lhs_splat.txt" = 0.01 s
[  481/26691] Prism::FixturesTest#"test_whitequark/rescue_else_ensure.txt" = 0.01 s
[  482/26691] Prism::FixturesTest#"test_undef.txt" = 0.01 s
[  483/26691] Prism::FixturesTest#"test_whitequark/var_op_asgn_cmd.txt" = 0.01 s
[  484/26691] Prism::FixturesTest#"test_unparser/corpus/semantic/literal.txt" = 0.01 s
[  485/26691] Prism::FixturesTest#"test_seattlerb/parse_line_dot3.txt" = 0.01 s
[  486/26691] Prism::FixturesTest#"test_whitequark/asgn_mrhs.txt" = 0.01 s
[  487/26691] Prism::FixturesTest#"test_unescaping.txt" = 0.01 s
[  488/26691] Prism::FixturesTest#"test_seattlerb/case_in_hash_pat.txt" = 0.01 s
[  489/26691] Prism::FixturesTest#"test_whitequark/op_asgn_cmd.txt" = 0.02 s
[  490/26691] Prism::FixturesTest#"test_seattlerb/difficult4__leading_dots2.txt" = 0.01 s
[  491/26691] Prism::FixturesTest#"test_seattlerb/call_args_assoc_trailing_comma.txt" = 0.01 s
[  492/26691] Prism::FixturesTest#"test_embdoc_no_newline_at_end.txt" = 0.01 s
[  493/26691] Prism::FixturesTest#"test_seattlerb/block_call_dot_op2_brace_block.txt" = 0.01 s
[  494/26691] Prism::FixturesTest#"test_whitequark/args_block_pass.txt" = 0.01 s
[  495/26691] Prism::FixturesTest#"test_whitequark/bug_heredoc_do.txt" = 0.01 s
[  496/26691] Prism::FixturesTest#"test_seattlerb/lambda_do_vs_brace.txt" = 0.01 s
[  497/26691] Prism::FixturesTest#"test_single_quote_heredocs.txt" = 0.01 s
[  498/26691] Prism::FixturesTest#"test_seattlerb/bug_call_arglist_parens.txt" = 0.01 s
[  499/26691] Prism::FixturesTest#"test_seattlerb/block_args_opt2.txt" = 0.01 s
[  500/26691] Prism::FixturesTest#"test_seattlerb/case_in_67.txt" = 0.02 s
[  501/26691] Prism::FixturesTest#"test_whitequark/send_binary_op.txt" = 0.01 s
[  502/26691] Prism::FixturesTest#"test_single_method_call_with_bang.txt" = 0.01 s
[  503/26691] Prism::FixturesTest#"test_whitequark/ruby_bug_12073.txt" = 0.01 s
[  504/26691] Prism::FixturesTest#"test_seattlerb/iter_args_7_1.txt" = 0.01 s
[  505/26691] Prism::FixturesTest#"test_seattlerb/case_in_hash_pat_paren_true.txt" = 0.01 s
[  506/26691] Prism::FixturesTest#"test_seattlerb/difficult6__8.txt" = 0.01 s
[  507/26691] Prism::FixturesTest#"test_seattlerb/heredoc_with_extra_carriage_returns.txt" = 0.01 s
[  508/26691] Prism::FixturesTest#"test_whitequark/ruby_bug_9669.txt" = 0.01 s
[  509/26691] Prism::FixturesTest#"test_whitequark/array_symbols_interp.txt" = 0.01 s
[  510/26691] Prism::FixturesTest#"test_whitequark/alias.txt" = 0.01 s
[  511/26691] Prism::FixturesTest#"test_whitequark/case_cond.txt" = 0.01 s
[  512/26691] Prism::FixturesTest#"test_whitequark/asgn_cmd.txt" = 0.01 s
[  513/26691] Prism::FixturesTest#"test_whitequark/begin_cmdarg.txt" = 0.01 s
[  514/26691] Prism::FixturesTest#"test_whitequark/array_splat.txt" = 0.01 s
[  515/26691] Prism::FixturesTest#"test_whitequark/pattern_matching_else.txt" = 0.01 s
[  516/26691] Prism::FixturesTest#"test_seattlerb/const_op_asgn_and2.txt" = 0.01 s
[  517/26691] Prism::FixturesTest#"test_seattlerb/regexp_esc_u.txt" = 0.01 s
[  518/26691] Prism::FixturesTest#"test_seattlerb/case_in_find_array.txt" = 0.01 s
[  519/26691] Prism::FixturesTest#"test_whitequark/pattern_matching_single_line.txt" = 0.01 s
[  520/26691] Prism::FixturesTest#"test_whitequark/cond_begin_masgn.txt" = 0.01 s
[  521/26691] Prism::FixturesTest#"test_seattlerb/op_asgn_dot_ident_command_call.txt" = 0.01 s
[  522/26691] Prism::FixturesTest#"test_whitequark/pattern_matching_blank_else.txt" = 0.01 s
[  523/26691] Prism::FixturesTest#"test_seattlerb/call_lt.txt" = 0.01 s
[  524/26691] Prism::FixturesTest#"test_whitequark/pattern_matching__FILE__LINE_literals.txt" = 0.01
 s
[  525/26691] Prism::FixturesTest#"test_seattlerb/defn_opt_last_arg.txt" = 0.01 s
[  526/26691] Prism::FixturesTest#"test_whitequark/rescue_mod_op_assign.txt" = 0.01 s
[  527/26691] Prism::FixturesTest#"test_whitequark/preexe.txt" = 0.01 s
[  528/26691] Prism::FixturesTest#"test_unparser/corpus/literal/since/31.txt" = 0.02 s
[  529/26691] Prism::FixturesTest#"test_unparser/corpus/semantic/kwbegin.txt" = 0.01 s
[  530/26691] Prism::FixturesTest#"test_seattlerb/defn_oneliner_rescue.txt" = 0.01 s
[  531/26691] Prism::FixturesTest#"test_seattlerb/block_kw.txt" = 0.01 s
[  532/26691] Prism::FixturesTest#"test_seattlerb/slashy_newlines_within_string.txt" = 0.01 s
[  533/26691] Prism::FixturesTest#"test_seattlerb/do_bug.txt" = 0.01 s
[  534/26691] Prism::FixturesTest#"test_whitequark/cond_eflipflop.txt" = 0.01 s
[  535/26691] Prism::FixturesTest#"test_whitequark/ruby_bug_11873_a.txt" = 0.01 s
[  536/26691] Prism::FixturesTest#"test_seattlerb/block_arg_optional.txt" = 0.01 s
[  537/26691] Prism::FixturesTest#"test_seattlerb/parse_opt_call_args_assocs_comma.txt" = 0.01 s
[  538/26691] Prism::FixturesTest#"test_whitequark/false.txt" = 0.01 s
[  539/26691] Prism::FixturesTest#"test_regex_escape_encoding.txt" = 0.02 s
[  540/26691] Prism::FixturesTest#"test_seattlerb/block_arg__bare.txt" = 0.01 s
[  541/26691] Prism::FixturesTest#"test_seattlerb/parse_pattern_058_2.txt" = 0.01 s
[  542/26691] Prism::FixturesTest#"test_seattlerb/parse_line_block_inline_comment_leading_newlines.t
xt" = 0.01 s
[  543/26691] Prism::FixturesTest#"test_seattlerb/iter_args_10_1.txt" = 0.01 s
[  544/26691] Prism::FixturesTest#"test_seattlerb/call_star2.txt" = 0.01 s
[  545/26691] Prism::FixturesTest#"test_seattlerb/difficult3__8.txt" = 0.01 s
[  546/26691] Prism::FixturesTest#"test_seattlerb/const_3_op_asgn_or.txt" = 0.01 s
[  547/26691] Prism::FixturesTest#"test_seattlerb/stabby_block_iter_call.txt" = 0.01 s
[  548/26691] Prism::FixturesTest#"test_whitequark/bug_def_no_paren_eql_begin.txt" = 0.01 s
[  549/26691] Prism::FixturesTest#"test_seattlerb/block_return.txt" = 0.01 s
[  550/26691] Prism::FixturesTest#"test_whitequark/cond_iflipflop_with_endless_range.txt" = 0.01 s
[  551/26691] Prism::FixturesTest#"test_whitequark/ruby_bug_13547.txt" = 0.01 s
[  552/26691] Prism::FixturesTest#"test_whitequark/range_exclusive.txt" = 0.01 s
[  553/26691] Prism::FixturesTest#"test_whitequark/int___LINE__.txt" = 0.01 s
[  554/26691] Prism::FixturesTest#"test_seattlerb/interpolated_word_array_line_breaks.txt" = 0.01 s
[  555/26691] Prism::FixturesTest#"test_seattlerb/defs_oneliner.txt" = 0.01 s
[  556/26691] Prism::FixturesTest#"test_seattlerb/parse_line_block_inline_comment.txt" = 0.01 s
[  557/26691] Prism::FixturesTest#"test_procs.txt" = 0.01 s
[  558/26691] Prism::FixturesTest#"test_whitequark/restarg_unnamed.txt" = 0.01 s
[  559/26691] Prism::FixturesTest#"test_seattlerb/defn_opt_splat_arg.txt" = 0.01 s
[  560/26691] Prism::FixturesTest#"test_seattlerb/parse_line_block.txt" = 0.01 s
[  561/26691] Prism::FixturesTest#"test_unparser/corpus/literal/while.txt" = 0.01 s
[  562/26691] Prism::FixturesTest#"test_seattlerb/qsymbols_empty_space.txt" = 0.01 s
[  563/26691] Prism::FixturesTest#"test_seattlerb/index_0.txt" = 0.01 s
[  564/26691] Prism::FixturesTest#"test_seattlerb/str_pct_Q_nested.txt" = 0.01 s
[  565/26691] Prism::FixturesTest#"test_seattlerb/case_in_array_pat_const.txt" = 0.01 s
[  566/26691] Prism::FixturesTest#"test_seattlerb/difficult0_.txt" = 0.01 s
[  567/26691] Prism::FixturesTest#"test_whitequark/send_unary_op.txt" = 0.02 s
[  568/26691] Prism::FixturesTest#"test_seattlerb/block_opt_splat_arg_block_omfg.txt" = 0.01 s
[  569/26691] Prism::FixturesTest#"test_seattlerb/iter_args_8_2.txt" = 0.01 s
[  570/26691] Prism::FixturesTest#"test_seattlerb/read_escape_unicode_curlies.txt" = 0.01 s
[  571/26691] Prism::FixturesTest#"test_seattlerb/parse_line_call_ivar_line_break_paren.txt" = 0.01
s
[  572/26691] Prism::FixturesTest#"test_whitequark/rescue_mod.txt" = 0.01 s
[  573/26691] Prism::FixturesTest#"test_seattlerb/call_bang_squiggle.txt" = 0.01 s
[  574/26691] Prism::FixturesTest#"test_endless_methods.txt" = 0.01 s
[  575/26691] Prism::FixturesTest#"test_whitequark/parser_drops_truncated_parts_of_squiggly_heredoc.
txt" = 0.01 s
[  576/26691] Prism::FixturesTest#"test_seattlerb/defs_as_arg_with_do_block_inside.txt" = 0.01 s
[  577/26691] Prism::FixturesTest#"test_seattlerb/parse_line_preexe.txt" = 0.01 s
[  578/26691] Prism::FixturesTest#"test_seattlerb/defn_splat_arg.txt" = 0.02 s
[  579/26691] Prism::FixturesTest#"test_whitequark/method_definition_in_while_cond.txt" = 0.01 s
[  580/26691] Prism::FixturesTest#"test_whitequark/parser_slash_slash_n_escaping_in_literals.txt" =
0.01 s
[  581/26691] Prism::FixturesTest#"test_seattlerb/call_begin_call_block_call.txt" = 0.01 s
[  582/26691] Prism::FixturesTest#"test_patterns.txt" = 0.01 s
[  583/26691] Prism::FixturesTest#"test_seattlerb/bug_hash_args.txt" = 0.01 s
[  584/26691] Prism::FixturesTest#"test_seattlerb/block_opt_arg.txt" = 0.01 s
[  585/26691] Prism::FixturesTest#"test_whitequark/masgn.txt" = 0.01 s
[  586/26691] Prism::FixturesTest#"test_whitequark/bug_473.txt" = 0.01 s
[  587/26691] Prism::FixturesTest#"test_seattlerb/safe_attrasgn.txt" = 0.01 s
[  588/26691] Prism::FixturesTest#"test_whitequark/kwarg.txt" = 0.01 s
[  589/26691] Prism::FixturesTest#"test_whitequark/unary_num_pow_precedence.txt" = 0.01 s
[  590/26691] Prism::FixturesTest#"test_seattlerb/bug179.txt" = 0.01 s
[  591/26691] Prism::FixturesTest#"test_seattlerb/mlhs_rescue.txt" = 0.01 s
[  592/26691] Prism::FixturesTest#"test_super.txt" = 0.01 s
[  593/26691] Prism::FixturesTest#"test_seattlerb/case_in_hash_pat_paren_assign.txt" = 0.01 s
[  594/26691] Prism::FixturesTest#"test_seattlerb/regexp_unicode_curlies.txt" = 0.01 s
[  595/26691] Prism::FixturesTest#"test_whitequark/send_conditional.txt" = 0.01 s
[  596/26691] Prism::FixturesTest#"test_ranges.txt" = 0.01 s
[  597/26691] Prism::FixturesTest#"test_rescue.txt" = 0.01 s
[  598/26691] Prism::FixturesTest#"test_whitequark/arg.txt" = 0.01 s
[  599/26691] Prism::FixturesTest#"test_seattlerb/bug_and.txt" = 0.01 s
[  600/26691] Prism::FixturesTest#"test_seattlerb/bug_op_asgn_rescue.txt" = 0.01 s
[  601/26691] Prism::FixturesTest#"test_whitequark/space_args_cmd.txt" = 0.01 s
[  602/26691] Prism::FixturesTest#"test_whitequark/nth_ref.txt" = 0.01 s
[  603/26691] Prism::FixturesTest#"test_seattlerb/pct_w_heredoc_interp_nested.txt" = 0.01 s
[  604/26691] Prism::FixturesTest#"test_seattlerb/defs_oneliner_eq2.txt" = 0.01 s
[  605/26691] Prism::FixturesTest#"test_whitequark/bug_447.txt" = 0.01 s
[  606/26691] Prism::FixturesTest#"test_seattlerb/symbols_empty_space.txt" = 0.01 s
[  607/26691] Prism::FixturesTest#"test_seattlerb/defn_oneliner_noargs.txt" = 0.01 s
[  608/26691] Prism::FixturesTest#"test_seattlerb/parse_line_heredoc.txt" = 0.01 s
[  609/26691] Prism::FixturesTest#"test_seattlerb/f_kw.txt" = 0.01 s
[  610/26691] Prism::FixturesTest#"test_whitequark/until.txt" = 0.01 s
[  611/26691] Prism::FixturesTest#"test_range_begin_open_inclusive.txt" = 0.01 s
[  612/26691] Prism::FixturesTest#"test_whitequark/const_op_asgn.txt" = 0.01 s
[  613/26691] Prism::FixturesTest#"test_whitequark/const_toplevel.txt" = 0.01 s
[  614/26691] Prism::FixturesTest#"test_seattlerb/defn_powarg.txt" = 0.01 s
[  615/26691] Prism::FixturesTest#"test_seattlerb/parse_line_block_inline_multiline_comment.txt" = 0
.01 s
[  616/26691] Prism::FixturesTest#"test_heredocs_nested.txt" = 0.01 s
[  617/26691] Prism::FixturesTest#"test_seattlerb/difficult3_.txt" = 0.02 s
[  618/26691] Prism::FixturesTest#"test_seattlerb/call_assoc_trailing_comma.txt" = 0.01 s
[  619/26691] Prism::FixturesTest#"test_dos_endings.txt" = 0.01 s
[  620/26691] Prism::FixturesTest#"test_seattlerb/parse_line_hash_lit.txt" = 0.01 s
[  621/26691] Prism::FixturesTest#"test_seattlerb/super_arg.txt" = 0.01 s
[  622/26691] Prism::FixturesTest#"test_seattlerb/heredoc_squiggly_interp.txt" = 0.01 s
[  623/26691] Prism::FixturesTest#"test_seattlerb/aref_args_assocs.txt" = 0.01 s
[  624/26691] Prism::FixturesTest#"test_seattlerb/case_in_if_unless_post_mod.txt" = 0.01 s
[  625/26691] Prism::FixturesTest#"test_seattlerb/case_in_multiple.txt" = 0.01 s
[  626/26691] Prism::FixturesTest#"test_whitequark/cvasgn.txt" = 0.01 s
[  627/26691] Prism::FixturesTest#"test_seattlerb/difficult1_line_numbers2.txt" = 0.01 s
[  628/26691] Prism::FixturesTest#"test_seattlerb/lasgn_middle_splat.txt" = 0.01 s
[  629/26691] Prism::FixturesTest#"test_whitequark/regex_plain.txt" = 0.01 s
[  630/26691] Prism::FixturesTest#"test_seattlerb/difficult3_2.txt" = 0.01 s
[  631/26691] Prism::FixturesTest#"test_seattlerb/case_in_const.txt" = 0.01 s
[  632/26691] Prism::FixturesTest#"test_seattlerb/dstr_evstr_empty_end.txt" = 0.01 s
[  633/26691] Prism::FixturesTest#"test_seattlerb/op_asgn_command_call.txt" = 0.01 s
[  634/26691] Prism::FixturesTest#"test_whitequark/bug_while_not_parens_do.txt" = 0.01 s
[  635/26691] Prism::FixturesTest#"test_seattlerb/defn_unary_not.txt" = 0.01 s
[  636/26691] Prism::FixturesTest#"test_whitequark/send_lambda_args.txt" = 0.01 s
[  637/26691] Prism::FixturesTest#"test_unparser/corpus/literal/flipflop.txt" = 0.01 s
[  638/26691] Prism::FixturesTest#"test_seattlerb/case_in_hash_pat_rest.txt" = 0.01 s
[  639/26691] Prism::FixturesTest#"test_seattlerb/str_evstr.txt" = 0.01 s
[  640/26691] Prism::FixturesTest#"test_seattlerb/str_double_double_escaped_newline.txt" = 0.01 s
[  641/26691] Prism::FixturesTest#"test_seattlerb/attrasgn_primary_dot_constant.txt" = 0.01 s
[  642/26691] Prism::FixturesTest#"test_whitequark/numparam_outside_block.txt" = 0.01 s
[  643/26691] Prism::FixturesTest#"test_seattlerb/iter_args_5.txt" = 0.01 s
[  644/26691] Prism::FixturesTest#"test_seattlerb/block_arg_scope2.txt" = 0.01 s
[  645/26691] Prism::FixturesTest#"test_whitequark/hash_kwsplat.txt" = 0.01 s
[  646/26691] Prism::FixturesTest#"test_whitequark/bug_452.txt" = 0.01 s
[  647/26691] Prism::FixturesTest#"test_seattlerb/str_single_newline.txt" = 0.01 s
[  648/26691] Prism::FixturesTest#"test_seattlerb/messy_op_asgn_lineno.txt" = 0.01 s
[  649/26691] Prism::FixturesTest#"test_whitequark/forwarded_argument_with_kwrestarg.txt" = 0.01 s
[  650/26691] Prism::FixturesTest#"test_seattlerb/bang_eq.txt" = 0.01 s
[  651/26691] Prism::FixturesTest#"test_regex.txt" = 0.01 s
[  652/26691] Prism::FixturesTest#"test_seattlerb/heredoc_squiggly_no_indent.txt" = 0.01 s
[  653/26691] Prism::FixturesTest#"test_whitequark/while_mod.txt" = 0.01 s
[  654/26691] Prism::FixturesTest#"test_seattlerb/bug_187.txt" = 0.01 s
[  655/26691] Prism::FixturesTest#"test_seattlerb/ruby21_numbers.txt" = 0.01 s
[  656/26691] Prism::FixturesTest#"test_break.txt" = 0.02 s
[  657/26691] Prism::FixturesTest#"test_seattlerb/block_kw__required.txt" = 0.01 s
[  658/26691] Prism::FixturesTest#"test_whitequark/args.txt" = 0.01 s
[  659/26691] Prism::FixturesTest#"test_seattlerb/lasgn_call_nobracket_rescue_arg.txt" = 0.01 s
[  660/26691] Prism::FixturesTest#"test_whitequark/resbody_var.txt" = 0.01 s
[  661/26691] Prism::FixturesTest#"test_seattlerb/qsymbols.txt" = 0.01 s
[  662/26691] Prism::FixturesTest#"test_whitequark/float.txt" = 0.01 s
[  663/26691] Prism::FixturesTest#"test_whitequark/const_scoped.txt" = 0.01 s
[  664/26691] Prism::FixturesTest#"test_range_beginless.txt" = 0.01 s
[  665/26691] Prism::FixturesTest#"test_command_method_call.txt" = 0.01 s
[  666/26691] Prism::FixturesTest#"test_seattlerb/rescue_parens.txt" = 0.01 s
[  667/26691] Prism::FixturesTest#"test_seattlerb/bug_args_masgn2.txt" = 0.01 s
[  668/26691] Prism::FixturesTest#"test_whitequark/ensure.txt" = 0.01 s
[  669/26691] Prism::FixturesTest#"test_seattlerb/difficult6_.txt" = 0.01 s
[  670/26691] Prism::FixturesTest#"test_whitequark/parser_bug_490.txt" = 0.01 s
[  671/26691] Prism::FixturesTest#"test_seattlerb/required_kwarg_no_value.txt" = 0.01 s
[  672/26691] Prism::FixturesTest#"test_whitequark/bug_ascii_8bit_in_literal.txt" = 0.01 s
[  673/26691] Prism::FixturesTest#"test_whitequark/ruby_bug_12402.txt" = 0.01 s
[  674/26691] Prism::FixturesTest#"test_unparser/corpus/literal/empty.txt" = 0.01 s
[  675/26691] Prism::FixturesTest#"test_seattlerb/lasgn_arg_rescue_arg.txt" = 0.01 s
[  676/26691] Prism::FixturesTest#"test_seattlerb/alias_gvar_backref.txt" = 0.01 s
[  677/26691] Prism::FixturesTest#"test_whitequark/bug_466.txt" = 0.01 s
[  678/26691] Prism::FixturesTest#"test_for.txt" = 0.01 s
[  679/26691] Prism::FixturesTest#"test_whitequark/def.txt" = 0.01 s
[  680/26691] Prism::FixturesTest#"test_whitequark/unless.txt" = 0.01 s
[  681/26691] Prism::FixturesTest#"test_seattlerb/case_in_42_2.txt" = 0.01 s
[  682/26691] Prism::FixturesTest#"test_seattlerb/case_in_31.txt" = 0.01 s
[  683/26691] Prism::FixturesTest#"test_seattlerb/heredoc_with_not_global_interpolation.txt" = 0.01
s
[  684/26691] Prism::FixturesTest#"test_seattlerb/defn_no_kwargs.txt" = 0.01 s
[  685/26691] Prism::FixturesTest#"test_whitequark/kwoptarg_with_kwrestarg_and_forwarded_args.txt" =
 0.01 s
[  686/26691] Prism::FixturesTest#"test_seattlerb/expr_not_bang.txt" = 0.01 s
[  687/26691] Prism::FixturesTest#"test_whitequark/cond_eflipflop_with_endless_range.txt" = 0.01 s
[  688/26691] Prism::FixturesTest#"test_seattlerb/case_in_hash_pat_rest_solo.txt" = 0.01 s
[  689/26691] Prism::FixturesTest#"test_whitequark/parser_bug_989.txt" = 0.01 s
[  690/26691] Prism::FixturesTest#"test_seattlerb/heredoc_squiggly_tabs_extra.txt" = 0.01 s
[  691/26691] Prism::FixturesTest#"test_whitequark/lvar_injecting_match.txt" = 0.01 s
[  692/26691] Prism::FixturesTest#"test_seattlerb/parse_line_evstr_after_break.txt" = 0.01 s
[  693/26691] Prism::FixturesTest#"test_seattlerb/mlhs_front_splat.txt" = 0.01 s
[  694/26691] Prism::FixturesTest#"test_unparser/corpus/semantic/def.txt" = 0.01 s
[  695/26691] Prism::FixturesTest#"test_whitequark/if_elsif.txt" = 0.02 s
[  696/26691] Prism::FixturesTest#"test_seattlerb/defn_arg_forward_args.txt" = 0.01 s
[  697/26691] Prism::FixturesTest#"test_seattlerb/op_asgn_index_command_call.txt" = 0.01 s
[  698/26691] Prism::FixturesTest#"test_whitequark/newline_in_hash_argument.txt" = 0.01 s
[  699/26691] Prism::FixturesTest#"test_seattlerb/pct_Q_backslash_nl.txt" = 0.01 s
[  700/26691] Prism::FixturesTest#"test_seattlerb/if_symbol.txt" = 0.01 s
[  701/26691] Prism::FixturesTest#"test_whitequark/heredoc.txt" = 0.01 s
[  702/26691] Prism::FixturesTest#"test_seattlerb/magic_encoding_comment.txt" = 0.01 s
[  703/26691] Prism::FixturesTest#"test_seattlerb/masgn_colon2.txt" = 0.01 s
[  704/26691] Prism::FixturesTest#"test_whitequark/send_lambda.txt" = 0.01 s
[  705/26691] Prism::FixturesTest#"test_seattlerb/call_array_block_call.txt" = 0.01 s
[  706/26691] Prism::FixturesTest#"test_seattlerb/call_block_arg_named.txt" = 0.01 s
[  707/26691] Prism::FixturesTest#"test_unparser/corpus/literal/unary.txt" = 0.01 s
[  708/26691] Prism::FixturesTest#"test_unparser/corpus/literal/module.txt" = 0.01 s
[  709/26691] Prism::FixturesTest#"test_seattlerb/args_kw_block.txt" = 0.01 s
[  710/26691] Prism::FixturesTest#"test_seattlerb/masgn_paren.txt" = 0.01 s
[  711/26691] Prism::FixturesTest#"test_seattlerb/aref_args_lit_assocs.txt" = 0.01 s
[  712/26691] Prism::FixturesTest#"test_unparser/corpus/literal/singletons.txt" = 0.01 s
[  713/26691] Prism::FixturesTest#"test_seattlerb/heredoc_with_extra_carriage_returns_windows.txt" =
 0.01 s
[  714/26691] Prism::FixturesTest#"test_whitequark/bug_480.txt" = 0.01 s
[  715/26691] Prism::FixturesTest#"test_whitequark/send_plain.txt" = 0.01 s
[  716/26691] Prism::FixturesTest#"test_whitequark/not.txt" = 0.01 s
[  717/26691] Prism::FixturesTest#"test_seattlerb/parse_line_heredoc_evstr.txt" = 0.01 s
[  718/26691] Prism::FixturesTest#"test_seattlerb/str_double_newline.txt" = 0.01 s
[  719/26691] Prism::FixturesTest#"test_whitequark/kwoptarg.txt" = 0.01 s
[  720/26691] Prism::FixturesTest#"test_unparser/corpus/literal/variables.txt" = 0.01 s
[  721/26691] Prism::FixturesTest#"test_seattlerb/eq_begin_why_wont_people_use_their_spacebar.txt" =
 0.01 s
[  722/26691] Prism::FixturesTest#"test_seattlerb/call_star.txt" = 0.01 s
[  723/26691] Prism::FixturesTest#"test_seattlerb/iter_args_1.txt" = 0.01 s
[  724/26691] Prism::FixturesTest#"test_seattlerb/heredoc_with_interpolation_and_carriage_return_esc
apes_windows.txt" = 0.01 s
[  725/26691] Prism::FixturesTest#"test_unparser/corpus/literal/alias.txt" = 0.01 s
[  726/26691] Prism::FixturesTest#"test_seattlerb/block_kwarg_lvar_multiple.txt" = 0.01 s
[  727/26691] Prism::FixturesTest#"test_seattlerb/stabby_proc_scope.txt" = 0.01 s
[  728/26691] Prism::FixturesTest#"test_seattlerb/call_array_lambda_block_call.txt" = 0.01 s
[  729/26691] Prism::FixturesTest#"test_whitequark/or_asgn.txt" = 0.01 s
[  730/26691] Prism::FixturesTest#"test_seattlerb/stabby_block_kw.txt" = 0.01 s
[  731/26691] Prism::FixturesTest#"test_seattlerb/block_call_operation_colon.txt" = 0.01 s
[  732/26691] Prism::FixturesTest#"test_seattlerb/call_arg_kwsplat.txt" = 0.01 s
[  733/26691] Prism::FixturesTest#"test_whitequark/op_asgn_index.txt" = 0.01 s
[  734/26691] Prism::FixturesTest#"test_seattlerb/lasgn_ivar_env.txt" = 0.02 s
[  735/26691] Prism::FixturesTest#"test_seattlerb/case_in.txt" = 0.01 s
[  736/26691] Prism::FixturesTest#"test_whitequark/ternary_ambiguous_symbol.txt" = 0.01 s
[  737/26691] Prism::FixturesTest#"test_whitequark/string_interp.txt" = 0.01 s
[  738/26691] Prism::FixturesTest#"test_seattlerb/masgn_var_star_var.txt" = 0.01 s
[  739/26691] Prism::FixturesTest#"test_seattlerb/block_reg_optarg.txt" = 0.01 s
[  740/26691] Prism::FixturesTest#"test_seattlerb/lasgn_command.txt" = 0.01 s
[  741/26691] Prism::FixturesTest#"test_seattlerb/str_heredoc_interp.txt" = 0.01 s
[  742/26691] Prism::FixturesTest#"test_whitequark/rescue_ensure.txt" = 0.01 s
[  743/26691] Prism::FixturesTest#"test_seattlerb/safe_call_after_newline.txt" = 0.01 s
[  744/26691] Prism::FixturesTest#"test_whitequark/blockarg.txt" = 0.01 s
[  745/26691] Prism::FixturesTest#"test_seattlerb/bug_case_when_regexp.txt" = 0.02 s
[  746/26691] Prism::FixturesTest#"test_seattlerb/when_splat.txt" = 0.01 s
[  747/26691] Prism::FixturesTest#"test_whitequark/hash_pair_value_omission.txt" = 0.01 s
[  748/26691] Prism::FixturesTest#"test_seattlerb/defns_reserved.txt" = 0.01 s
[  749/26691] Prism::FixturesTest#"test_unparser/corpus/literal/since/27.txt" = 0.01 s
[  750/26691] Prism::FixturesTest#"test_seattlerb/block_args_kwargs.txt" = 0.01 s
[  751/26691] Prism::FixturesTest#"test_seattlerb/block_opt_splat.txt" = 0.01 s
[  752/26691] Prism::FixturesTest#"test_seattlerb/flip2_env_lvar.txt" = 0.01 s
[  753/26691] Prism::FixturesTest#"test_whitequark/ensure_empty.txt" = 0.01 s
[  754/26691] Prism::FixturesTest#"test_comments.txt" = 0.01 s
[  755/26691] Prism::FixturesTest#"test_seattlerb/heredoc_squiggly_tabs.txt" = 0.01 s
[  756/26691] Prism::FixturesTest#"test_modules.txt" = 0.01 s
[  757/26691] Prism::FixturesTest#"test_whitequark/endless_method_forwarded_args_legacy.txt" = 0.01
s
[  758/26691] Prism::FixturesTest#"test_seattlerb/difficult3_5.txt" = 0.01 s
[  759/26691] Prism::FixturesTest#"test_range_begin_open_exclusive.txt" = 0.01 s
[  760/26691] Prism::FixturesTest#"test_whitequark/for_mlhs.txt" = 0.01 s
[  761/26691] Prism::FixturesTest#"test_seattlerb/regexp.txt" = 0.01 s
[  762/26691] Prism::FixturesTest#"test_whitequark/resbody_list_mrhs.txt" = 0.01 s
[  763/26691] Prism::FixturesTest#"test_seattlerb/parse_line_dot3_open.txt" = 0.01 s
[  764/26691] Prism::FixturesTest#"test_whitequark/args_cmd.txt" = 0.01 s
[  765/26691] Prism::FixturesTest#"test_whitequark/masgn_const.txt" = 0.01 s
[  766/26691] Prism::FixturesTest#"test_seattlerb/call_arg_assoc_kwsplat.txt" = 0.01 s
[  767/26691] Prism::FixturesTest#"test_seattlerb/parse_pattern_069.txt" = 0.01 s
[  768/26691] Prism::FixturesTest#"test_seattlerb/rescue_in_block.txt" = 0.01 s
[  769/26691] Prism::FixturesTest#"test_whitequark/endless_method_command_syntax.txt" = 0.01 s
[  770/26691] Prism::FixturesTest#"test_seattlerb/bdot3.txt" = 0.01 s
[  771/26691] Prism::FixturesTest#"test_seattlerb/qsymbols_empty.txt" = 0.01 s
[  772/26691] Prism::FixturesTest#"test_whitequark/args_assocs_comma.txt" = 0.01 s
[  773/26691] Prism::FixturesTest#"test_unparser/corpus/literal/defined.txt" = 0.02 s
[  774/26691] Prism::FixturesTest#"test_seattlerb/TestRubyParserShared.txt" = 0.01 s
[  775/26691] Prism::FixturesTest#"test_blocks.txt" = 0.01 s
[  776/26691] Prism::FixturesTest#"test_seattlerb/heredoc_squiggly.txt" = 0.01 s
[  777/26691] Prism::FixturesTest#"test_seattlerb/block_arg_scope.txt" = 0.01 s
[  778/26691] Prism::FixturesTest#"test_seattlerb/difficult3__10.txt" = 0.01 s
[  779/26691] Prism::FixturesTest#"test_seattlerb/lasgn_lasgn_command_call.txt" = 0.01 s
[  780/26691] Prism::FixturesTest#"test_seattlerb/str_single_escaped_newline.txt" = 0.01 s
[  781/26691] Prism::FixturesTest#"test_seattlerb/defs_comments.txt" = 0.01 s
[  782/26691] Prism::FixturesTest#"test_whitequark/op_asgn.txt" = 0.01 s
[  783/26691] Prism::FixturesTest#"test_whitequark/kwrestarg_named.txt" = 0.01 s
[  784/26691] Prism::FixturesTest#"test_seattlerb/call_eq3.txt" = 0.02 s
[  785/26691] Prism::FixturesTest#"test_seattlerb/safe_op_asgn2.txt" = 0.01 s
[  786/26691] Prism::FixturesTest#"test_whitequark/return_block.txt" = 0.01 s
[  787/26691] Prism::FixturesTest#"test_seattlerb/interpolated_symbol_array_line_breaks.txt" = 0.01
s
[  788/26691] Prism::FixturesTest#"test_whitequark/nil.txt" = 0.01 s
[  789/26691] Prism::FixturesTest#"test_unparser/corpus/semantic/undef.txt" = 0.01 s
[  790/26691] Prism::FixturesTest#"test_unparser/corpus/literal/super.txt" = 0.01 s
[  791/26691] Prism::FixturesTest#"test_whitequark/forwarded_kwrestarg.txt" = 0.01 s
[  792/26691] Prism::FixturesTest#"test_seattlerb/masgn_command_call.txt" = 0.01 s
[  793/26691] Prism::FixturesTest#"test_seattlerb/block_command_operation_colon.txt" = 0.01 s
[  794/26691] Prism::FixturesTest#"test_seattlerb/unary_minus.txt" = 0.01 s
[  795/26691] Prism::FixturesTest#"test_numbers.txt" = 0.01 s
[  796/26691] Prism::FixturesTest#"test_seattlerb/call_dot_parens.txt" = 0.01 s
[  797/26691] Prism::FixturesTest#"test_seattlerb/and_multi.txt" = 0.01 s
[  798/26691] Prism::FixturesTest#"test_seattlerb/heredoc_with_interpolation_and_carriage_return_esc
apes.txt" = 0.01 s
[  799/26691] Prism::FixturesTest#"test_seattlerb/return_call_assocs.txt" = 0.01 s
[  800/26691] Prism::FixturesTest#"test_heredoc.txt" = 0.01 s
[  801/26691] Prism::FixturesTest#"test_whitequark/send_attr_asgn_conditional.txt" = 0.01 s
[  802/26691] Prism::FixturesTest#"test_seattlerb/op_asgn_primary_colon_identifier_command_call.txt"
 = 0.01 s
[  803/26691] Prism::FixturesTest#"test_seattlerb/array_lits_trailing_calls.txt" = 0.01 s
[  804/26691] Prism::FixturesTest#"test_whitequark/lvar.txt" = 0.01 s
[  805/26691] Prism::FixturesTest#"test_seattlerb/array_line_breaks.txt" = 0.01 s
[  806/26691] Prism::FixturesTest#"test_unparser/corpus/semantic/dstr.txt" = 0.01 s
[  807/26691] Prism::FixturesTest#"test_whitequark/range_inclusive.txt" = 0.01 s
[  808/26691] Prism::FixturesTest#"test_whitequark/array_assocs.txt" = 0.01 s
[  809/26691] Prism::FixturesTest#"test_seattlerb/parse_line_heredoc_hardnewline.txt" = 0.01 s
[  810/26691] Prism::FixturesTest#"test_seattlerb/bug_args_masgn.txt" = 0.01 s
[  811/26691] Prism::FixturesTest#"test_seattlerb/case_in_47.txt" = 0.01 s
[  812/26691] Prism::FixturesTest#"test_seattlerb/str_str.txt" = 0.02 s
[  813/26691] Prism::FixturesTest#"test_seattlerb/call_assoc_new_if_multiline.txt" = 0.01 s
[  814/26691] Prism::FixturesTest#"test_seattlerb/iter_kwarg_kwsplat.txt" = 0.01 s
[  815/26691] Prism::FixturesTest#"test_seattlerb/pct_nl.txt" = 0.01 s
[  816/26691] Prism::FixturesTest#"test_seattlerb/parse_line_dstr_soft_newline.txt" = 0.01 s
[  817/26691] Prism::FixturesTest#"test_whitequark/module.txt" = 0.01 s
[  818/26691] Prism::FixturesTest#"test_seattlerb/heredoc_comma_arg.txt" = 0.01 s
[  819/26691] Prism::FixturesTest#"test_seattlerb/stabby_arg_no_paren.txt" = 0.01 s
[  820/26691] Prism::FixturesTest#"test_return.txt" = 0.01 s
[  821/26691] Prism::FixturesTest#"test_seattlerb/bug190.txt" = 0.01 s
[  822/26691] Prism::FixturesTest#"test_whitequark/parser_bug_640.txt" = 0.01 s
[  823/26691] Prism::FixturesTest#"test_while.txt" = 0.02 s
[  824/26691] Prism::FixturesTest#"test_endless_range_in_conditional.txt" = 0.01 s
[  825/26691] Prism::FixturesTest#"test_seattlerb/heredoc_with_only_carriage_returns_windows.txt" =
0.01 s
[  826/26691] Prism::FixturesTest#"test_whitequark/cpath.txt" = 0.01 s
[  827/26691] Prism::FixturesTest#"test_seattlerb/mlhs_mid_anonsplat.txt" = 0.01 s
[  828/26691] Prism::FixturesTest#"test_seattlerb/str_pct_nested_nested.txt" = 0.01 s
[  829/26691] Prism::FixturesTest#"test_seattlerb/block_args_opt2_2.txt" = 0.01 s
[  830/26691] Prism::FixturesTest#"test_seattlerb/begin_rescue_else_ensure_bodies.txt" = 0.01 s
[  831/26691] Prism::FixturesTest#"test_seattlerb/parse_pattern_044.txt" = 0.01 s
[  832/26691] Prism::FixturesTest#"test_seattlerb/assoc__bare.txt" = 0.01 s
[  833/26691] Prism::FixturesTest#"test_seattlerb/safe_call_rhs_newline.txt" = 0.01 s
[  834/26691] Prism::FixturesTest#"test_constants.txt" = 0.01 s
[  835/26691] Prism::FixturesTest#"test_seattlerb/iter_args_6.txt" = 0.01 s
[  836/26691] Prism::FixturesTest#"test_seattlerb/attr_asgn_colon_id.txt" = 0.01 s
[  837/26691] Prism::FixturesTest#"test_whitequark/casgn_unscoped.txt" = 0.01 s
[  838/26691] Prism::FixturesTest#"test_seattlerb/__ENCODING__.txt" = 0.01 s
[  839/26691] Prism::FixturesTest#"test_if.txt" = 0.01 s
[  840/26691] Prism::FixturesTest#"test_arithmetic.txt" = 0.01 s
[  841/26691] Prism::FixturesTest#"test_unparser/corpus/literal/lambda.txt" = 0.01 s
[  842/26691] Prism::FixturesTest#"test_seattlerb/parse_line_multiline_str.txt" = 0.01 s
[  843/26691] Prism::FixturesTest#"test_seattlerb/symbols_empty.txt" = 0.01 s
[  844/26691] Prism::FixturesTest#"test_whitequark/ivasgn.txt" = 0.01 s
[  845/26691] Prism::FixturesTest#"test_whitequark/endless_method_without_args.txt" = 0.01 s
[  846/26691] Prism::FixturesTest#"test_whitequark/comments_before_leading_dot__27.txt" = 0.01 s
[  847/26691] Prism::FixturesTest#"test_seattlerb/call_args_assoc_quoted.txt" = 0.01 s
[  848/26691] Prism::FixturesTest#"test_seattlerb/parse_opt_call_args_lit_comma.txt" = 0.01 s
[  849/26691] Prism::FixturesTest#"test_seattlerb/parse_line_defn_no_parens.txt" = 0.01 s
[  850/26691] Prism::FixturesTest#"test_whitequark/resbody_list.txt" = 0.01 s
[  851/26691] Prism::FixturesTest#"test_seattlerb/difficult3__7.txt" = 0.02 s
[  852/26691] Prism::FixturesTest#"test_whitequark/var_and_asgn.txt" = 0.01 s
[  853/26691] Prism::FixturesTest#"test_seattlerb/heredoc__backslash_dos_format.txt" = 0.01 s
[  854/26691] Prism::FixturesTest#"test_seattlerb/bug_comma.txt" = 0.01 s
[  855/26691] Prism::FixturesTest#"test_seattlerb/call_leading_dots_comment.txt" = 0.01 s
[  856/26691] Prism::FixturesTest#"test_seattlerb/bug_args__19.txt" = 0.01 s
[  857/26691] Prism::FixturesTest#"test_seattlerb/call_assoc.txt" = 0.01 s
[  858/26691] Prism::FixturesTest#"test_whitequark/bug_interp_single.txt" = 0.01 s
[  859/26691] Prism::FixturesTest#"test_whitequark/until_mod.txt" = 0.01 s
[  860/26691] Prism::FixturesTest#"test_whitequark/bug_435.txt" = 0.01 s
[  861/26691] Prism::FixturesTest#"test_seattlerb/case_in_hash_pat_assign.txt" = 0.01 s
[  862/26691] Prism::FixturesTest#"test_whitequark/string_dvar.txt" = 0.02 s
[  863/26691] Prism::FixturesTest#"test_whitequark/until_post.txt" = 0.01 s
[  864/26691] Prism::FixturesTest#"test_seattlerb/block_decomp_splat.txt" = 0.01 s
[  865/26691] Prism::FixturesTest#"test_whitequark/lvasgn.txt" = 0.01 s
[  866/26691] Prism::FixturesTest#"test_whitequark/numbered_args_after_27.txt" = 0.01 s
[  867/26691] Prism::FixturesTest#"test_whitequark/endless_method_with_rescue_mod.txt" = 0.01 s
[  868/26691] Prism::FixturesTest#"test_non_alphanumeric_methods.txt" = 0.01 s
[  869/26691] Prism::FixturesTest#"test_seattlerb/quoted_symbol_keys.txt" = 0.01 s
[  870/26691] Prism::FixturesTest#"test_whitequark/beginless_irange_after_newline.txt" = 0.01 s
[  871/26691] Prism::FixturesTest#"test_seattlerb/parse_pattern_051.txt" = 0.01 s
[  872/26691] Prism::FixturesTest#"test_whitequark/class_super.txt" = 0.01 s
[  873/26691] Prism::FixturesTest#"test_seattlerb/method_call_assoc_trailing_comma.txt" = 0.01 s
[  874/26691] Prism::FixturesTest#"test_whitequark/space_args_arg_newline.txt" = 0.01 s
[  875/26691] Prism::FixturesTest#"test_seattlerb/defs_endless_command.txt" = 0.01 s
[  876/26691] Prism::FixturesTest#"test_seattlerb/block_args_opt3.txt" = 0.01 s
[  877/26691] Prism::FixturesTest#"test_alias.txt" = 0.01 s
[  878/26691] Prism::FixturesTest#"test_seattlerb/utf8_bom.txt" = 0.01 s
[  879/26691] Prism::FixturesTest#"test_whitequark/dedenting_non_interpolating_heredoc_line_continua
tion.txt" = 0.01 s
[  880/26691] Prism::FixturesTest#"test_whitequark/class.txt" = 0.01 s
[  881/26691] Prism::FixturesTest#"test_unparser/corpus/literal/defs.txt" = 0.01 s
[  882/26691] Prism::FixturesTest#"test_seattlerb/defn_forward_args.txt" = 0.01 s
[  883/26691] Prism::FixturesTest#"test_seattlerb/parse_line_op_asgn.txt" = 0.01 s
[  884/26691] Prism::FixturesTest#"test_whitequark/interp_digit_var.txt" = 0.01 s
[  885/26691] Prism::FixturesTest#"test_whitequark/resbody_list_var.txt" = 0.01 s
[  886/26691] Prism::FixturesTest#"test_seattlerb/qsymbols_interp.txt" = 0.01 s
[  887/26691] Prism::FixturesTest#"test_whitequark/and.txt" = 0.01 s
[  888/26691] Prism::FixturesTest#"test_unparser/corpus/literal/if.txt" = 0.01 s
[  889/26691] Prism::FixturesTest#"test_seattlerb/pctW_lineno.txt" = 0.01 s
[  890/26691] Prism::FixturesTest#"test_seattlerb/parse_line_dot2.txt" = 0.02 s
[  891/26691] Prism::FixturesTest#"test_seattlerb/op_asgn_val_dot_ident_command_call.txt" = 0.01 s
[  892/26691] Prism::FixturesTest#"test_seattlerb/block_call_paren_call_block_call.txt" = 0.01 s
[  893/26691] Prism::FixturesTest#"test_seattlerb/stabby_block_iter_call_no_target_with_arg.txt" = 0
.01 s
[  894/26691] Prism::FixturesTest#"test_whitequark/undef.txt" = 0.01 s
[  895/26691] Prism::FixturesTest#"test_seattlerb/call_args_command.txt" = 0.01 s
[  896/26691] Prism::FixturesTest#"test_whitequark/send_self.txt" = 0.01 s
[  897/26691] Prism::FixturesTest#"test_begin_ensure.txt" = 0.01 s
[  898/26691] Prism::FixturesTest#"test_unparser/corpus/semantic/send.txt" = 0.01 s
[  899/26691] Prism::FixturesTest#"test_seattlerb/heredoc_with_carriage_return_escapes_windows.txt"
= 0.01 s
[  900/26691] Prism::FixturesTest#"test_seattlerb/safe_call_operator.txt" = 0.01 s
[  901/26691] Prism::FixturesTest#"test_seattlerb/call_rshift.txt" = 0.02 s
[  902/26691] Prism::FixturesTest#"test_seattlerb/str_interp_ternary_or_label.txt" = 0.01 s
[  903/26691] Prism::FixturesTest#"test_whitequark/rescue_in_lambda_block.txt" = 0.01 s
[  904/26691] Prism::FixturesTest#"test_seattlerb/call_self_brackets.txt" = 0.01 s
[  905/26691] Prism::FixturesTest#"test_unparser/corpus/semantic/and.txt" = 0.01 s
[  906/26691] Prism::FixturesTest#"test_whitequark/arg_scope.txt" = 0.01 s
[  907/26691] Prism::FixturesTest#"test_seattlerb/str_lit_concat_bad_encodings.txt" = 0.01 s
[  908/26691] Prism::FixturesTest#"test_seattlerb/module_comments.txt" = 0.01 s
[  909/26691] Prism::FixturesTest#"test_seattlerb/call_spaceship.txt" = 0.01 s
[  910/26691] Prism::FixturesTest#"test_seattlerb/case_in_86_2.txt" = 0.01 s
[  911/26691] Prism::FixturesTest#"test_whitequark/complex.txt" = 0.01 s
[  912/26691] Prism::FixturesTest#"test_seattlerb/iter_args_8_1.txt" = 0.01 s
[  913/26691] Prism::FixturesTest#"test_unparser/corpus/literal/literal.txt" = 0.01 s
[  914/26691] Prism::FixturesTest#"test_seattlerb/stabby_arg_opt_splat_arg_block_omfg.txt" = 0.01 s
[  915/26691] Prism::FixturesTest#"test_whitequark/bug_do_block_in_cmdarg.txt" = 0.01 s
[  916/26691] Prism::FixturesTest#"test_whitequark/parser_bug_272.txt" = 0.01 s
[  917/26691] Prism::FixturesTest#"test_whitequark/rescue_else.txt" = 0.01 s
[  918/26691] Prism::FixturesTest#"test_whitequark/beginless_range.txt" = 0.01 s
[  919/26691] Prism::FixturesTest#"test_seattlerb/iter_args_10_2.txt" = 0.01 s
[  920/26691] Prism::FixturesTest#"test_seattlerb/heredoc_lineno.txt" = 0.01 s
[  921/26691] Prism::FixturesTest#"test_seattlerb/read_escape_unicode_h4.txt" = 0.01 s
[  922/26691] Prism::FixturesTest#"test_unparser/corpus/literal/case.txt" = 0.01 s
[  923/26691] Prism::FixturesTest#"test_whitequark/empty_stmt.txt" = 0.01 s
[  924/26691] Prism::FixturesTest#"test_spanning_heredoc_newlines.txt" = 0.01 s
[  925/26691] Prism::FixturesTest#"test_seattlerb/evstr_str.txt" = 0.01 s
[  926/26691] Prism::FixturesTest#"test_whitequark/case_expr.txt" = 0.01 s
[  927/26691] Prism::FixturesTest#"test_whitequark/kwbegin_compstmt.txt" = 0.01 s
[  928/26691] Prism::FixturesTest#"test_seattlerb/defined_eh_parens.txt" = 0.01 s
[  929/26691] Prism::FixturesTest#"test_seattlerb/parse_line_heredoc_regexp_chars.txt" = 0.02 s
[  930/26691] Prism::FixturesTest#"test_unparser/corpus/literal/pattern.txt" = 0.01 s
[  931/26691] Prism::FixturesTest#"test_case.txt" = 0.01 s
[  932/26691] Prism::FixturesTest#"test_unparser/corpus/literal/block.txt" = 0.01 s
[  933/26691] Prism::FixturesTest#"test_seattlerb/parse_while_not_canonical.txt" = 0.01 s
[  934/26691] Prism::FixturesTest#"test_whitequark/ruby_bug_11873_b.txt" = 0.01 s
[  935/26691] Prism::FixturesTest#"test_seattlerb/heredoc_unicode.txt" = 0.01 s
[  936/26691] Prism::FixturesTest#"test_seattlerb/non_interpolated_symbol_array_line_breaks.txt" = 0
.01 s
[  937/26691] Prism::FixturesTest#"test_seattlerb/call_lte.txt" = 0.01 s
[  938/26691] Prism::FixturesTest#"test_whitequark/numparam_ruby_bug_19025.txt" = 0.01 s
[  939/26691] Prism::FixturesTest#"test_whitequark/send_block_conditional.txt" = 0.01 s
[  940/26691] Prism::FixturesTest#"test_whitequark/send_lambda_legacy.txt" = 0.02 s
[  941/26691] Prism::FixturesTest#"test_seattlerb/block_optarg.txt" = 0.01 s
[  942/26691] Prism::FixturesTest#"test_whitequark/alias_gvar.txt" = 0.01 s
[  943/26691] Prism::FixturesTest#"test_seattlerb/unary_tilde.txt" = 0.01 s
[  944/26691] Prism::FixturesTest#"test_seattlerb/masgn_double_paren.txt" = 0.01 s
[  945/26691] Prism::FixturesTest#"test_whitequark/send_call.txt" = 0.01 s
[  946/26691] Prism::FixturesTest#"test_seattlerb/parse_line_newlines.txt" = 0.01 s
[  947/26691] Prism::FixturesTest#"test_unparser/corpus/literal/for.txt" = 0.01 s
[  948/26691] Prism::FixturesTest#"test_seattlerb/non_interpolated_word_array_line_breaks.txt" = 0.0
1 s
[  949/26691] Prism::FixturesTest#"test_multi_write.txt" = 0.01 s
[  950/26691] Prism::FixturesTest#"test_whitequark/ruby_bug_10279.txt" = 0.01 s
[  951/26691] Prism::FixturesTest#"test_seattlerb/parse_line_call_ivar_arg_no_parens_line_break.txt"
 = 0.01 s
[  952/26691] Prism::FixturesTest#"test_whitequark/cond_match_current_line.txt" = 0.01 s
[  953/26691] Prism::FixturesTest#"test_whitequark/cond_eflipflop_with_beginless_range.txt" = 0.01 s
[  954/26691] Prism::FixturesTest#"test_seattlerb/evstr_evstr.txt" = 0.01 s
[  955/26691] Prism::FixturesTest#"test_seattlerb/block_arg_splat_arg.txt" = 0.01 s
[  956/26691] Prism::FixturesTest#"test_seattlerb/call_pipe.txt" = 0.01 s
[  957/26691] Prism::FixturesTest#"test_whitequark/array_symbols.txt" = 0.01 s
[  958/26691] Prism::FixturesTest#"test_seattlerb/float_with_if_modifier.txt" = 0.01 s
[  959/26691] Prism::FixturesTest#"test_seattlerb/dstr_str.txt" = 0.01 s
[  960/26691] Prism::FixturesTest#"test_whitequark/defs.txt" = 0.01 s
[  961/26691] Prism::FixturesTest#"test_unparser/corpus/literal/since/32.txt" = 0.01 s
[  962/26691] Prism::FixturesTest#"test_seattlerb/do_lambda.txt" = 0.01 s
[  963/26691] Prism::FixturesTest#"test_seattlerb/bug290.txt" = 0.01 s
[  964/26691] Prism::FixturesTest#"test_whitequark/parser_bug_518.txt" = 0.01 s
[  965/26691] Prism::FixturesTest#"test_whitequark/ruby_bug_12686.txt" = 0.01 s
[  966/26691] Prism::FixturesTest#"test_whitequark/int.txt" = 0.01 s
[  967/26691] Test_Hash::TestDelete#test_delete = 0.03 s
[  968/26691] OpenSSL::OSSL#test_error_data = 2.21 s
[  969/26691] OpenSSL::OSSL#test_fixed_length_secure_compare = 2.17 s
[  970/26691] OpenSSL::OSSL#test_secure_compare = 2.15 s
[  971/26691] OpenSSL::OSSL#test_memcmp_timing = 125.89 s
[  972/26691] TestIRB::DisplayDocumentTest#test_perfect_matching_stops_without_rdoc = 0.98 s
[  973/26691] TestIRB::DisplayDocumentTest#test_perfectly_matched_namespace_triggers_document_displa
y = 0.06 s
[  974/26691] TestIRB::DisplayDocumentTest#test_perfectly_matched_multiple_namespaces_triggers_docum
ent_display = 0.81 s
[  975/26691] TestIRB::DisplayDocumentTest#test_perfect_matching_handles_nil_namespace = 0.31 s
[  976/26691] TestIRB::DisplayDocumentTest#test_not_matched_namespace_triggers_nothing = 0.46 s
[  977/26691] TestRational#test_rb_rational_raw = 0.04 s
[  978/26691] ErrorHighlightTest#test_spoofed_filename = 1.28 s
[  979/26691] ErrorHighlightTest#test_args_CALL_2 = 1.72 s
[  980/26691] ErrorHighlightTest#test_VCALL_2 = 3.80 s
[  981/26691] ErrorHighlightTest#test_OP_CDECL_op_2 = 6.83 s
[  982/26691] ErrorHighlightTest#test_OP_CDECL_read_2 = 16.10 s
[  983/26691] ErrorHighlightTest#test_args_FCALL_2 = 2.19 s
[  984/26691] ErrorHighlightTest#test_FCALL_1 = 2.85 s
[  985/26691] ErrorHighlightTest#test_QCALL_1 = 2.15 s
[  986/26691] ErrorHighlightTest#test_OP_ASGN1_aset_2 = 1.75 s
[  987/26691] ErrorHighlightTest#test_OP_ASGN1_aset_4 = 1.83 s
[  988/26691] ErrorHighlightTest#test_OP_ASGN2_write_3 = 1.74 s
[  989/26691] ErrorHighlightTest#test_args_OP_ASGN1_aref_1 = 1.81 s
[  990/26691] ErrorHighlightTest#test_OP_ASGN2_write_1 = 1.64 s
[  991/26691] ErrorHighlightTest#test_args_OP_ASGN2 = 1.64 s
[  992/26691] ErrorHighlightTest#test_CALL_aref_4 = 1.76 s
[  993/26691] ErrorHighlightTest#test_CALL_aref_2 = 1.72 s
[  994/26691] ErrorHighlightTest#test_CALL_noarg_3 = 2.58 s
[  995/26691] ErrorHighlightTest#test_CALL_noarg_1 = 1.80 s
[  996/26691] ErrorHighlightTest#test_OP_CDECL_toplevel_1 = 11.67 s
[  997/26691] ErrorHighlightTest#test_CALL_op_asgn = 1.58 s
[  998/26691] ErrorHighlightTest#test_args_OP_ASGN1_op = 1.55 s
[  999/26691] ErrorHighlightTest#test_OP_ASGN2_read_2 = 2.62 s
[ 1000/26691] ErrorHighlightTest#test_multibyte = 1.93 s
[ 1001/26691] ErrorHighlightTest#test_args_ATTRASGN_2 = 1.71 s
[ 1002/26691] ErrorHighlightTest#test_explicit_raise_name_error = 1.69 s
[ 1003/26691] ErrorHighlightTest#test_explicit_raise_no_method_error = 1.75 s
[ 1004/26691] ErrorHighlightTest#test_COLON2_1 = 12.17 s
[ 1005/26691] ErrorHighlightTest#test_OP_ASGN2_op_1 = 1.81 s
[ 1006/26691] ErrorHighlightTest#test_COLON2_3 = 12.16 s
[ 1007/26691] ErrorHighlightTest#test_OP_ASGN1_aref_4 = 1.73 s
[ 1008/26691] ErrorHighlightTest#test_CONST = 12.79 s
[ 1009/26691] ErrorHighlightTest#test_OP_ASGN2_op_3 = 1.65 s
[ 1010/26691] ErrorHighlightTest#test_CALL_arg_2 = 1.67 s
[ 1011/26691] ErrorHighlightTest#test_OP_ASGN1_aref_2 = 1.65 s
[ 1012/26691] ErrorHighlightTest#test_COLON2_5 = 12.34 s
[ 1013/26691] ErrorHighlightTest#test_simulate_funcallv_from_embedded_ruby = 0.25 s
[ 1014/26691] ErrorHighlightTest#test_no_final_newline = 0.52 s
[ 1015/26691] ErrorHighlightTest#test_errors_on_terminal_window_when_truncation_is_disabled = 2.61 s
[ 1016/26691] ErrorHighlightTest#test_CALL_arg_4 = 1.74 s
[ 1017/26691] ErrorHighlightTest#test_hard_tabs = 0.59 s
[ 1018/26691] ErrorHighlightTest#test_OPCALL_unary_1 = 1.89 s
[ 1019/26691] ErrorHighlightTest#test_CALL_arg_6 = 1.78 s
[ 1020/26691] ErrorHighlightTest#test_ATTRASGN_5 = 1.71 s
[ 1021/26691] ErrorHighlightTest#test_OP_ASGN1_op_1 = 1.72 s
[ 1022/26691] ErrorHighlightTest#test_OP_ASGN1_op_3 = 1.52 s
[ 1023/26691] ErrorHighlightTest#test_CALL_special_call_1 = 1.58 s
[ 1024/26691] ErrorHighlightTest#test_ATTRASGN_1 = 1.59 s
[ 1025/26691] ErrorHighlightTest#test_OPCALL_binary_1 = 1.76 s
[ 1026/26691] ErrorHighlightTest#test_ATTRASGN_3 = 1.52 s
[ 1027/26691] ErrorHighlightTest#test_OPCALL_binary_3 = 1.69 s
[ 1028/26691] ErrorHighlightTest#test_errors_on_small_terminal_window_at_the_beginning = 2.50 s
[ 1029/26691] ErrorHighlightTest#test_CALL_arg_7 = 1.23 s
[ 1030/26691] ErrorHighlightTest#test_OP_ASGN1_aref_1 = 1.62 s
[ 1031/26691] ErrorHighlightTest#test_errors_on_extremely_small_terminal_window = 2.19 s
[ 1032/26691] ErrorHighlightTest#test_CALL_arg_5 = 1.64 s
[ 1033/26691] ErrorHighlightTest#test_COLON2_4 = 11.95 s
[ 1034/26691] ErrorHighlightTest#test_OPCALL_unary_2 = 2.23 s
[ 1035/26691] ErrorHighlightTest#test_OP_ASGN1_aref_3 = 1.70 s
[ 1036/26691] ErrorHighlightTest#test_CALL_arg_3 = 1.76 s
[ 1037/26691] ErrorHighlightTest#test_OP_ASGN2_op_2 = 1.80 s
[ 1038/26691] ErrorHighlightTest#test_COLON2_2 = 12.25 s
[ 1039/26691] ErrorHighlightTest#test_CALL_arg_1 = 1.79 s
[ 1040/26691] ErrorHighlightTest#test_errors_on_terminal_window_smaller_than_min_width = 2.43 s
[ 1041/26691] ErrorHighlightTest#test_OPCALL_binary_2 = 1.84 s
[ 1042/26691] ErrorHighlightTest#test_CALL_special_call_2 = 1.56 s
[ 1043/26691] ErrorHighlightTest#test_ATTRASGN_2 = 1.58 s
[ 1044/26691] ErrorHighlightTest#test_OP_ASGN1_op_4 = 1.70 s
[ 1045/26691] ErrorHighlightTest#test_OP_ASGN1_op_2 = 2.23 s
[ 1046/26691] ErrorHighlightTest#test_ATTRASGN_4 = 1.50 s
[ 1047/26691] ErrorHighlightTest#test_errors_on_small_terminal_window_at_the_end = 2.17 s
[ 1048/26691] ErrorHighlightTest#test_spot_with_backtrace_location = 2.58 s
[ 1049/26691] ErrorHighlightTest#test_OP_ASGN2_read_1 = 1.69 s
[ 1050/26691] ErrorHighlightTest#test_spot_with_node = 0.03 s
[ 1051/26691] ErrorHighlightTest#test_OP_ASGN2_read_3 = 1.75 s
[ 1052/26691] ErrorHighlightTest#test_errors_on_small_terminal_window_at_the_middle = 2.56 s
[ 1053/26691] ErrorHighlightTest#test_custom_formatter = 2.51 s
[ 1054/26691] ErrorHighlightTest#test_errors_on_small_terminal_window_at_the_middle_near_beginning =
 2.42 s
[ 1055/26691] ErrorHighlightTest#test_args_ATTRASGN_1 = 1.71 s
[ 1056/26691] ErrorHighlightTest#test_const_get = 12.15 s
[ 1057/26691] ErrorHighlightTest#test_args_ATTRASGN_3 = 1.68 s
[ 1058/26691] ErrorHighlightTest#test_errors_on_small_terminal_window_when_exact_size_of_viewport =
4.69 s
[ 1059/26691] ErrorHighlightTest#test_CALL_aref_1 = 1.81 s
[ 1060/26691] ErrorHighlightTest#test_CALL_send = 2.35 s
[ 1061/26691] ErrorHighlightTest#test_CALL_aref_3 = 1.57 s
[ 1062/26691] ErrorHighlightTest#test_CALL_aref_5 = 1.75 s
[ 1063/26691] ErrorHighlightTest#test_OP_CDECL_toplevel_2 = 2.20 s
[ 1064/26691] ErrorHighlightTest#test_CALL_noarg_2 = 2.32 s
[ 1065/26691] ErrorHighlightTest#test_args_OPCALL = 1.52 s
[ 1066/26691] ErrorHighlightTest#test_CALL_noarg_4 = 1.78 s
[ 1067/26691] ErrorHighlightTest#test_errors_on_small_terminal_window_when_larger_than_viewport = 5.
12 s
[ 1068/26691] ErrorHighlightTest#test_COLON3 = 11.74 s
[ 1069/26691] ErrorHighlightTest#test_FCALL_2 = 3.11 s
[ 1070/26691] ErrorHighlightTest#test_args_FCALL_1 = 1.97 s
[ 1071/26691] ErrorHighlightTest#test_OP_CDECL_read_3 = 12.07 s
[ 1072/26691] ErrorHighlightTest#test_local_variable_get = 1.77 s
[ 1073/26691] ErrorHighlightTest#test_OP_CDECL_op_3 = 2.17 s
[ 1074/26691] ErrorHighlightTest#test_args_CALL_1 = 1.64 s
[ 1075/26691] ErrorHighlightTest#test_OP_CDECL_read_1 = 12.34 s
[ 1076/26691] ErrorHighlightTest#test_OP_CDECL_op_1 = 2.07 s
[ 1077/26691] ErrorHighlightTest#test_OP_ASGN2_write_2 = 1.58 s
[ 1078/26691] ErrorHighlightTest#test_args_OP_ASGN1_aref_2 = 2.21 s
[ 1079/26691] ErrorHighlightTest#test_CALL_aset = 1.47 s
[ 1080/26691] ErrorHighlightTest#test_QCALL_2 = 1.86 s
[ 1081/26691] ErrorHighlightTest#test_OP_ASGN1_aset_3 = 1.50 s
[ 1082/26691] ErrorHighlightTest#test_OP_ASGN1_aset_1 = 1.50 s
[ 1083/26691] RactorCompatibilityTest#test_pattern_key_name_suggestion_works_in_ractor = 9.96 s
[ 1084/26691] RactorCompatibilityTest#test_method_name_suggestion_works_in_ractor = 10.99 s
[ 1085/26691] RactorCompatibilityTest#test_key_name_suggestion_works_in_ractor = 9.89 s
[ 1086/26691] RactorCompatibilityTest#test_class_name_suggestion_works_in_ractor = 10.38 s
[ 1087/26691] RactorCompatibilityTest#test_can_raise_other_name_error_in_ractor = 9.82 s
[ 1088/26691] RactorCompatibilityTest#test_variable_name_suggestion_works_in_ractor = 11.77 s
[ 1089/26691] TestEucTw#test_left_adjust_char_head = 0.02 s
[ 1090/26691] TestEucTw#test_mbc_case_fold = 0.01 s
[ 1091/26691] TestEucTw#test_mbc_enc_len = 0.01 s
[ 1092/26691] TestEucTw#test_code_to_mbc = 0.01 s
[ 1093/26691] TestEucTw#test_mbc_to_code = 0.01 s
[ 1094/26691] TestGemExtExtConfBuilder#test_class_make_no_Makefile = 0.57 s
[ 1095/26691] TestGemExtExtConfBuilder#test_class_build_env_make = 12.70 s
[ 1096/26691] TestGemExtExtConfBuilder#test_class_build = 14.42 s
[ 1097/26691] TestGemExtExtConfBuilder#test_class_build_extconf_fail = 12.30 s
[ 1098/26691] TestGemExtExtConfBuilder#test_class_build_unconventional = 39.28 s
[ 1099/26691] TestGemExtExtConfBuilder#test_class_make = 2.20 s
[ 1100/26691] TestGemExtExtConfBuilder#test_class_build_extconf_success_without_warning = 14.19 s
[ 1101/26691] TestGemExtExtConfBuilder#test_class_build_rbconfig_make_prog = 17.52 s
[ 1102/26691] Prism::NumericValueTest#test_numeric_value = 0.07 s
[ 1103/26691] TestFnmatch#test_fnmatch = 0.51 s
[ 1104/26691] TestFnmatch#test_unicode = 0.14 s
[ 1105/26691] TestFnmatch#test_any_chars = 0.63 s
[ 1106/26691] TestFnmatch#test_fnm_pathname = 0.27 s
[ 1107/26691] TestFnmatch#test_any_one = 0.44 s
[ 1108/26691] TestFnmatch#test_extglob = 0.14 s
[ 1109/26691] TestFnmatch#test_nullchar = 0.01 s
[ 1110/26691] TestFnmatch#test_fnm_escape = 1.03 s
[ 1111/26691] TestFnmatch#test_escape = 0.94 s
[ 1112/26691] TestFnmatch#test_recursive = 0.44 s
[ 1113/26691] TestFnmatch#test_char_class = 0.32 s
[ 1114/26691] TestFnmatch#test_text = 0.20 s
[ 1115/26691] TestFnmatch#test_fnm_casefold = 0.40 s
[ 1116/26691] TestFnmatch#test_unmatched_encoding = 0.40 s
[ 1117/26691] TestFnmatch#test_fnm_dotmatch = 0.46 s
[ 1118/26691] TC_Operator#test_carrot = 0.06 s
[ 1119/26691] TC_Operator#test_include? = 0.07 s
[ 1120/26691] TC_Operator#test_shift_right = 0.05 s
[ 1121/26691] TC_Operator#test_mask = 0.08 s
[ 1122/26691] TC_Operator#test_link_local? = 0.10 s
[ 1123/26691] TC_Operator#test_hash = 0.08 s
[ 1124/26691] TC_Operator#test_shift_left = 0.05 s
[ 1125/26691] TC_Operator#test_loopback? = 0.08 s
[ 1126/26691] TC_Operator#test_compare = 0.03 s
[ 1127/26691] TC_Operator#test_equal = 0.06 s
[ 1128/26691] TC_Operator#test_private? = 0.18 s
[ 1129/26691] TC_Operator#test_and = 0.06 s
[ 1130/26691] TC_Operator#test_or = 0.06 s
[ 1131/26691] TC_Operator#test_native_coerce_mask_addr = 0.05 s
[ 1132/26691] Test_EConvAppend#test_econv_str_append_valid = 0.02 s
[ 1133/26691] Test_EConvAppend#test_econv_str_append_broken = 0.01 s
[ 1134/26691] Prism::FuzzerTest#"test_fuzzer_unterminated heredoc with unterminated escape at end of
 file" = 0.01 s
[ 1135/26691] Prism::FuzzerTest#"test_fuzzer_incomplete symbol" = 0.01 s
[ 1136/26691] Prism::FuzzerTest#"test_fuzzer_comment followed by whitespace at end of file" = 0.01 s
[ 1137/26691] Prism::FuzzerTest#"test_fuzzer_escaped unicode at end of file 9" = 0.01 s
[ 1138/26691] Prism::FuzzerTest#"test_fuzzer_incomplete binary number" = 0.01 s
[ 1139/26691] Prism::FuzzerTest#"test_fuzzer_escaped unicode at end of file 3" = 0.01 s
[ 1140/26691] Prism::FuzzerTest#"test_fuzzer_escaped unicode at end of file 1" = 0.01 s
[ 1141/26691] Prism::FuzzerTest#"test_fuzzer_escaped unicode at end of file 7" = 0.01 s
[ 1142/26691] Prism::FuzzerTest#"test_fuzzer_escaped unicode at end of file 5" = 0.01 s
[ 1143/26691] Prism::FuzzerTest#"test_fuzzer_incomplete escaped list" = 0.01 s
[ 1144/26691] Prism::FuzzerTest#"test_fuzzer_trailing comment" = 0.01 s
[ 1145/26691] Prism::FuzzerTest#"test_fuzzer_escaped hex at end of file 1" = 0.01 s
[ 1146/26691] Prism::FuzzerTest#"test_fuzzer_incomplete hex number" = 0.01 s
[ 1147/26691] Prism::FuzzerTest#"test_fuzzer_escaped octal at end of file 2" = 0.01 s
[ 1148/26691] Prism::FuzzerTest#"test_fuzzer_incomplete global variable" = 0.01 s
[ 1149/26691] Prism::FuzzerTest#"test_fuzzer_parameter name that is zero length" = 0.01 s
[ 1150/26691] Prism::FuzzerTest#"test_fuzzer_create a binary call node with arg before receiver" = 0
.01 s
[ 1151/26691] Prism::FuzzerTest#"test_fuzzer_escaped octal at end of file 1" = 0.01 s
[ 1152/26691] Prism::FuzzerTest#"test_fuzzer_incomplete escaped regex" = 0.01 s
[ 1153/26691] Prism::FuzzerTest#"test_fuzzer_interpolated regular expression with start and end out
of order" = 0.01 s
[ 1154/26691] Prism::FuzzerTest#"test_fuzzer_trailing asterisk" = 0.01 s
[ 1155/26691] Prism::FuzzerTest#"test_fuzzer_escaped hex at end of file 2" = 0.01 s
[ 1156/26691] Prism::FuzzerTest#"test_fuzzer_incomplete octal number" = 0.01 s
[ 1157/26691] Prism::FuzzerTest#"test_fuzzer_escaped unicode at end of file 8" = 0.01 s
[ 1158/26691] Prism::FuzzerTest#"test_fuzzer_incomplete escaped string" = 0.01 s
[ 1159/26691] Prism::FuzzerTest#"test_fuzzer_escaped unicode at end of file 4" = 0.01 s
[ 1160/26691] Prism::FuzzerTest#"test_fuzzer_regular expression with start and end out of order" = 0
.01 s
[ 1161/26691] Prism::FuzzerTest#"test_fuzzer_escaped unicode at end of file 6" = 0.01 s
[ 1162/26691] Prism::FuzzerTest#"test_fuzzer_float suffix at end of file" = 0.01 s
[ 1163/26691] Prism::FuzzerTest#"test_fuzzer_escaped unicode at end of file 2" = 0.01 s
[ 1164/26691] Prism::FuzzerTest#"test_fuzzer_statements node with multiple heredocs" = 0.01 s
[ 1165/26691] Prism::FuzzerTest#"test_fuzzer_incomplete decimal number" = 0.01 s
[ 1166/26691] TestGB18030#test_left_adjust_char_head = 0.09 s
[ 1167/26691] TestGB18030#test_mbc_case_fold = 0.01 s
[ 1168/26691] TestGB18030#test_mbc_enc_len = 0.01 s
[ 1169/26691] TestGB18030#test_code_to_mbc = 0.01 s
[ 1170/26691] TestGB18030#test_mbc_to_code = 0.01 s
[ 1171/26691] TestDate#test__const = 0.03 s
[ 1172/26691] TestDate#test_eql_p = 0.02 s
[ 1173/26691] TestDate#test_submillisecond_comparison = 0.02 s
[ 1174/26691] TestDate#test_range_infinite_float = 0.02 s
[ 1175/26691] TestDate#test_hash = 0.02 s
[ 1176/26691] TestDate#test_deconstruct_keys = 0.06 s
[ 1177/26691] TestDate#test_freeze = 0.01 s
[ 1178/26691] TestDate#test_sub = 0.05 s
[ 1179/26691] TestDate#test_infinity_comparison = 0.02 s
[ 1180/26691] TestGemRequestSetLockfileParser#test_parse_gem_specs_dependency = 0.80 s
[ 1181/26691] TestGemRequestSetLockfileParser#test_parse_dependencies = 0.75 s
[ 1182/26691] TestGemRequestSetLockfileParser#test_get_type_multiple = 0.68 s
[ 1183/26691] TestGemRequestSetLockfileParser#test_parse_GEM_remote_multiple = 0.76 s
[ 1184/26691] TestGemRequestSetLockfileParser#test_get = 0.69 s
[ 1185/26691] TestGemRequestSetLockfileParser#test_get_type_value_mismatch = 0.72 s
[ 1186/26691] TestGemRequestSetLockfileParser#test_parse_GIT_tag = 0.80 s
[ 1187/26691] TestGemRequestSetLockfileParser#test_parse_GIT_branch = 0.77 s
[ 1188/26691] TestGemRequestSetLockfileParser#test_parse_DEPENDENCIES_git = 0.87 s
[ 1189/26691] TestGemRequestSetLockfileParser#test_parse_DEPENDENCIES_git_version = 0.82 s
[ 1190/26691] TestGemRequestSetLockfileParser#test_parse_GIT = 0.79 s
[ 1191/26691] TestGemRequestSetLockfileParser#test_parse_dependency = 0.80 s
[ 1192/26691] TestGemRequestSetLockfileParser#test_parse_PATH = 0.89 s
[ 1193/26691] TestGemRequestSetLockfileParser#test_parse_GEM = 0.75 s
[ 1194/26691] TestGemRequestSetLockfileParser#test_parse_GIT_ref = 0.77 s
[ 1195/26691] TestGemRequestSetLockfileParser#test_get_type_mismatch = 0.69 s
[ 1196/26691] TestGemRequestSetLockfileParser#test_parse_missing = 0.55 s
[ 1197/26691] TestGemRequestSetLockfileParser#test_parse = 0.66 s
[ 1198/26691] MethodNameCheckTest#test_does_not_append_suggestions_three_times = 2.41 s
[ 1199/26691] MethodNameCheckTest#test_does_not_exclude_custom_methods_on_nil = 0.32 s
[ 1200/26691] MethodNameCheckTest#test_suggests_corrections_on_nested_error = 0.81 s
[ 1201/26691] MethodNameCheckTest#test_corrections_include_method_from_module = 0.92 s
[ 1202/26691] MethodNameCheckTest#test_does_not_suggest_writer = 0.64 s
[ 1203/26691] MethodNameCheckTest#test_corrections_include_class_method = 0.80 s
[ 1204/26691] MethodNameCheckTest#test_does_not_suggest_reader = 0.33 s
[ 1205/26691] MethodNameCheckTest#test_private_methods_should_not_be_suggested = 1.83 s
[ 1206/26691] MethodNameCheckTest#test_suggests_yield = 2.42 s
[ 1207/26691] MethodNameCheckTest#test_exclude_methods_on_nil = 0.22 s
[ 1208/26691] MethodNameCheckTest#test_does_not_append_suggestions_twice = 0.81 s
[ 1209/26691] MethodNameCheckTest#test_corrections_include_private_method = 0.65 s
[ 1210/26691] MethodNameCheckTest#test_does_not_suggest_yield = 0.84 s
[ 1211/26691] MethodNameCheckTest#test_corrections_when_private_method_is_called_with_args = 1.48 s
[ 1212/26691] MethodNameCheckTest#test_corrections_include_instance_method = 0.85 s
[ 1213/26691] TestMixedUnicodeEscape#test_basic = 0.05 s
[ 1214/26691] TestOptionParserBashCompletion#test_long_for_option_args = 0.07 s
[ 1215/26691] TestOptionParserBashCompletion#test_long_f = 0.05 s
[ 1216/26691] TestOptionParserBashCompletion#test_case_sensitive = 0.06 s
[ 1217/26691] TestOptionParserBashCompletion#test_long_for_option_complete = 0.06 s
[ 1218/26691] TestOptionParserBashCompletion#test_empty = 0.05 s
[ 1219/26691] TestOptionParserBashCompletion#test_two_hyphen = 0.05 s
[ 1220/26691] TestOptionParserBashCompletion#test_long_for_option = 0.05 s
[ 1221/26691] TestOptionParserBashCompletion#test_one_hyphen = 0.05 s
[ 1222/26691] Emoji::TestRenameSJIS#test_shift_jis = 0.54 s
[ 1223/26691] TestStubSpecification#test_initialize = 0.51 s
[ 1224/26691] TestStubSpecification#test_missing_extensions_eh_none = 0.49 s
[ 1225/26691] TestStubSpecification#test_to_spec = 0.52 s
[ 1226/26691] TestStubSpecification#test_missing_extensions_eh_default_gem = 0.75 s
[ 1227/26691] TestStubSpecification#test_missing_extensions_eh = 10.06 s
[ 1228/26691] TestStubSpecification#test_initialize_with_empty_version = 0.62 s
[ 1229/26691] TestStubSpecification#test_initialize_version = 0.51 s
[ 1230/26691] TestStubSpecification#test_full_require_paths = 0.52 s
[ 1231/26691] TestStubSpecification#test_to_spec_with_other_specs_loaded_does_not_warn = 0.55 s
[ 1232/26691] TestStubSpecification#test_lib_dirs_glob = 0.52 s
[ 1233/26691] TestStubSpecification#test_to_spec_default = 0.56 s
[ 1234/26691] TestStubSpecification#test_contains_requirable_file_eh_extension = 0.66 s
[ 1235/26691] TestStubSpecification#test_initialize_missing_stubline = 0.59 s
[ 1236/26691] TestStubSpecification#test_initialize_extension = 0.50 s
[ 1237/26691] TestStubSpecification#test_matches_for_glob_with_bundler_inline = 0.56 s
[ 1238/26691] TestStubSpecification#test_matches_for_glob = 0.53 s
[ 1239/26691] TestStubSpecification#test_lib_dirs_glob_with_extension = 0.50 s
[ 1240/26691] TestStubSpecification#test_contains_requirable_file_eh = 0.54 s
[ 1241/26691] TestObjSpaceRactor#test_tracing_does_not_crash = 9.40 s
[ 1242/26691] URI::TestWSS#test_select = 0.05 s
[ 1243/26691] URI::TestWSS#test_build = 0.03 s
[ 1244/26691] URI::TestWSS#test_equal = 0.04 s
[ 1245/26691] URI::TestWSS#test_normalize = 0.04 s
[ 1246/26691] URI::TestWSS#test_parse = 0.02 s
[ 1247/26691] URI::TestWSS#test_request_uri = 0.03 s
[ 1248/26691] TestFiberStorage#test_variable_assignment = 0.02 s
[ 1249/26691] TestFiberStorage#test_enumerator_inherited_storage = 0.02 s
[ 1250/26691] TestFiberStorage#test_storage_inherited = 0.02 s
[ 1251/26691] TestFiberStorage#test_inherited_storage = 0.01 s
[ 1252/26691] TestFiberStorage#test_storage_only_allow_access_from_same_fiber = 0.01 s
[ 1253/26691] TestFiberStorage#test_enumerator_count = 0.01 s
[ 1254/26691] TestFiberStorage#test_storage = 0.01 s
[ 1255/26691] TestFiberStorage#test_storage_assignment = 0.01 s
[ 1256/26691] TestFiberStorage#test_storage_assignment_type_error = 0.01 s
[ 1257/26691] TestFiberStorage#test_thread_inherited_storage = 0.03 s
[ 1258/26691] TestGemResolver#test_self_compose_sets_nest = 0.73 s
[ 1259/26691] TestGemResolver#test_resolve_development = 0.93 s
[ 1260/26691] TestGemResolver#test_resolve_bug_699 = 1.04 s
[ 1261/26691] TestGemResolver#test_no_overlap_specifically = 0.69 s
[ 1262/26691] TestGemResolver#test_conflict_resolution_only_effects_correct_spec = 1.00 s
[ 1263/26691] TestGemResolver#test_requests_development = 0.76 s
[ 1264/26691] TestGemResolver#test_picks_lower_version_when_needed = 0.93 s
[ 1265/26691] TestGemResolver#test_resolve_rollback = 0.98 s
[ 1266/26691] TestGemResolver#test_keeps_resolving_after_seeing_satisfied_dep = 0.86 s
[ 1267/26691] TestGemResolver#test_raises_and_reports_an_implicit_request_properly = 0.73 s
[ 1268/26691] TestGemResolver#test_self_compose_sets_single = 0.73 s
[ 1269/26691] TestGemResolver#test_common_rack_activation_scenario = 1.34 s
[ 1270/26691] TestGemResolver#test_does_not_pick_musl_variants_on_non_musl_linux = 1.33 s
[ 1271/26691] TestGemResolver#test_second_level_backout = 0.97 s
[ 1272/26691] TestGemResolver#test_sorts_by_source_then_version = 0.81 s
[ 1273/26691] TestGemResolver#test_raises_when_a_gem_version_is_missing = 0.52 s
[ 1274/26691] TestGemResolver#test_picks_highest_version = 0.59 s
[ 1275/26691] TestGemResolver#test_only_returns_spec_once = 0.77 s
[ 1276/26691] TestGemResolver#test_raises_and_reports_a_toplevel_request_properly = 0.59 s
[ 1277/26691] TestGemResolver#test_search_for_local_platform_partial_string_match = 0.60 s
[ 1278/26691] TestGemResolver#test_requests_ignore_dependencies = 0.68 s
[ 1279/26691] TestGemResolver#test_picks_best_platform = 1.31 s
[ 1280/26691] TestGemResolver#test_raises_and_explains_when_platform_prevents_install = 0.59 s
[ 1281/26691] TestGemResolver#test_self_compose_sets_best_set = 0.48 s
[ 1282/26691] TestGemResolver#test_resolve_development_shallow = 0.75 s
[ 1283/26691] TestGemResolver#test_raises_when_possibles_are_exhausted = 1.04 s
[ 1284/26691] TestGemResolver#test_select_local_platforms = 0.75 s
[ 1285/26691] TestGemResolver#test_requests = 0.74 s
[ 1286/26691] TestGemResolver#test_self_compose_sets_nil = 0.73 s
[ 1287/26691] TestGemResolver#test_simple_activesupport_problem = 0.97 s
[ 1288/26691] TestGemResolver#test_pick_generic_linux_variants_on_musl_linux = 1.26 s
[ 1289/26691] TestGemResolver#test_resolve_conservative = 1.14 s
[ 1290/26691] TestGemResolver#test_self_compose_sets_multiple = 0.76 s
[ 1291/26691] TestGemResolver#test_resolve_remote_missing_dependency = 0.76 s
[ 1292/26691] TestGemResolver#test_backtracks_to_the_first_conflict = 0.94 s
[ 1293/26691] TestGemResolver#test_raises_dependency_error = 0.89 s
[ 1294/26691] TestGemResolver#test_raises_when_a_gem_is_missing = 0.58 s
[ 1295/26691] TestGemResolver#test_resolve_conflict = 0.83 s
[ 1296/26691] TestGemResolver#test_backoff_higher_version_to_satisfy_dep = 1.08 s
[ 1297/26691] TestGemResolver#test_pulls_in_dependencies = 0.82 s
[ 1298/26691] TestIRB::HelperMethodIntegrationTest#test_helper_method_injection_can_happen_after_irb
_require = 0.06 s
[ 1299/26691] TestIRB::HelperMethodIntegrationTest#test_arguments_propogation = 0.04 s
[ 1300/26691] TestIRB::HelperMethodIntegrationTest#test_helper_method_instances_are_memoized = 0.76
s
[ 1301/26691] TestGemDependencyInstaller#test_install_local_dependency_no_network_for_target_gem = 1
.00 s
[ 1302/26691] TestGemDependencyInstaller#test_install_dependency_development_shallow = 0.98 s
[ 1303/26691] TestGemDependencyInstaller#test_install_local = 0.96 s
[ 1304/26691] TestGemDependencyInstaller#test_install_no_minimal_deps = 0.96 s
[ 1305/26691] TestGemDependencyInstaller#test_install_doesnt_upgrade_installed_dependencies = 0.96 s
[ 1306/26691] TestGemDependencyInstaller#test_install_legacy_spec_with_nil_required_ruby_version = 0
.77 s
[ 1307/26691] TestGemDependencyInstaller#test_install_reinstall = 0.96 s
[ 1308/26691] TestGemDependencyInstaller#test_install_platform_is_ignored_when_a_file_is_specified =
 0.95 s
[ 1309/26691] TestGemDependencyInstaller#test_install_version_default = 0.94 s
[ 1310/26691] TestGemDependencyInstaller#test_install_security_policy = 0.97 s
[ 1311/26691] TestGemDependencyInstaller#test_resolve_dependencies_local = 0.96 s
[ 1312/26691] TestGemDependencyInstaller#test_install_domain_remote = 0.96 s
[ 1313/26691] TestGemDependencyInstaller#test_install_dependency_development_deep = 0.96 s
[ 1314/26691] TestGemDependencyInstaller#test_install_remote_dep = 0.96 s
[ 1315/26691] TestGemDependencyInstaller#test_install_cache_dir = 0.98 s
[ 1316/26691] TestGemDependencyInstaller#test_install_dependency = 0.97 s
[ 1317/26691] TestGemDependencyInstaller#test_find_gems_with_sources_with_bad_source = 0.75 s
[ 1318/26691] TestGemDependencyInstaller#test_install_env_shebang = 0.96 s
[ 1319/26691] TestGemDependencyInstaller#test_install_domain_local = 0.96 s
[ 1320/26691] TestGemDependencyInstaller#test_install_dual_repository = 0.97 s
[ 1321/26691] TestGemDependencyInstaller#test_install_domain_both = 0.96 s
[ 1322/26691] TestGemDependencyInstaller#test_install_local_prerelease = 0.96 s
[ 1323/26691] TestGemDependencyInstaller#test_resolve_dependencies = 0.96 s
[ 1324/26691] TestGemDependencyInstaller#test_install_local_dependency_installed = 0.96 s
[ 1325/26691] TestGemDependencyInstaller#test_install = 0.97 s
[ 1326/26691] TestGemDependencyInstaller#test_install_no_wrappers = 0.96 s
[ 1327/26691] TestGemDependencyInstaller#test_find_gems_gems_with_sources = 0.96 s
[ 1328/26691] TestGemDependencyInstaller#test_install_version = 0.94 s
[ 1329/26691] TestGemDependencyInstaller#test_install_prerelease = 0.96 s
[ 1330/26691] TestGemDependencyInstaller#test_install_dependency_existing_extensionIgnoring e-1 beca
use its extensions are not built. Try: gem pristine e --version 1
 = 0.99 s
[ 1331/26691] TestGemDependencyInstaller#test_install_dependencies_satisfied = 0.96 s
[ 1332/26691] TestGemDependencyInstaller#test_install_build_args = 0.96 s
[ 1333/26691] TestGemDependencyInstaller#test_install_dependency_existing = 0.96 s
[ 1334/26691] TestGemDependencyInstaller#test_install_dual_repository_and_done_installing_hooks = 0.
96 s
[ 1335/26691] TestGemDependencyInstaller#test_install_minimal_deps = 0.96 s
[ 1336/26691] TestGemDependencyInstaller#test_install_all_dependencies = 0.96 s
[ 1337/26691] TestGemDependencyInstaller#test_install_ignore_dependencies = 0.95 s
[ 1338/26691] TestGemDependencyInstaller#test_install_prerelease_skipped_when_normal_ver = 0.96 s
[ 1339/26691] TestGemDependencyInstaller#test_install_local_dependency = 0.96 s
[ 1340/26691] TestGemDependencyInstaller#test_find_gems_with_sources_local = 0.96 s
[ 1341/26691] TestGemDependencyInstaller#test_install_install_dir = 0.97 s
[ 1342/26691] TestGemDependencyInstaller#test_install_no_document = 0.96 s
[ 1343/26691] TestGemDependencyInstaller#test_resolve_dependencies_ignore_dependencies = 0.96 s
[ 1344/26691] TestGemDependencyInstaller#test_install_legacy_spec_with_nil_required_rubygems_version
 = 0.77 s
[ 1345/26691] TestGemDependencyInstaller#test_install_prerelease_bug_990 = 0.95 s
[ 1346/26691] TestGemDependencyInstaller#test_install_local_subdir = 0.96 s
[ 1347/26691] TestGemDependencyInstaller#test_install_dependency_old = 0.95 s
[ 1348/26691] TestGemDependencyInstaller#test_install_domain_both_no_network = 0.96 s
[ 1349/26691] TestGemDependencyInstaller#test_install_remote = 0.96 s
[ 1350/26691] TestGemDependencyInstaller#test_install_remote_platform_newer = 0.96 s
[ 1351/26691] TestGemDependencyInstaller#test_find_gems_with_sources_prerelease = 0.97 s
[ 1352/26691] TestGemDependencyInstaller#test_install_dependency_development = 0.99 s
[ 1353/26691] TestGemDependencyInstaller#test_install_force = 0.97 s
[ 1354/26691] TestGemDependencyInstaller#test_install_when_only_prerelease = 0.96 s
[ 1355/26691] TestGemDependencyInstaller#test_find_gems_with_sources_with_best_only_and_platform = 0
.97 s
[ 1356/26691] Prism::BreadthFirstSearchTest#test_breadth_first_search = 0.02 s
[ 1357/26691] TestInsnsLeaf#test_insns_leaf = 0.02 s
[ 1358/26691] TestIRB::CompletionTest#test_complete_reserved_words = 0.36 s
[ 1359/26691] TestIRB::CompletionTest#test_complete_absolute_constants_with_special_characters = 1.1
7 s
[ 1360/26691] TestIRB::CompletionTest#test_complete_invalid_three_colons = 0.46 s
[ 1361/26691] TestIRB::CompletionTest#test_not_completing_empty_string = 0.11 s
[ 1362/26691] TestIRB::CompletionTest#test_complete_symbol = 32.78 s
[ 1363/26691] TestIRB::CompletionTest#test_complete_methods = 1.31 s
[ 1364/26691] TestERBCore#test_frozen_string_literal = 0.07 s
[ 1365/26691] TestERBCore#test_explicit = 0.19 s
[ 1366/26691] TestERBCore#test_def_class = 0.04 s
[ 1367/26691] TestERBCore#test_trim_line1_with_carriage_return = 0.05 s
[ 1368/26691] TestERBCore#test_result_with_hash_does_not_use_caller_local_variables = 0.03 s
[ 1369/26691] TestERBCore#test_prohibited_marshal_load = 0.01 s
[ 1370/26691] TestERBCore#test_trim_line2_with_carriage_return = 0.05 s
[ 1371/26691] TestERBCore#test_run = 0.02 s
[ 1372/26691] TestERBCore#test_def_module = 0.02 s
[ 1373/26691] TestERBCore#test_token_extension = 0.04 s
[ 1374/26691] TestERBCore#test_version = 0.01 s
[ 1375/26691] TestERBCore#test_result_with_hash_does_not_modify_toplevel_binding = 0.04 s
[ 1376/26691] TestERBCore#test_result_with_hash_does_not_modify_caller_binding = 0.02 s
[ 1377/26691] TestERBCore#test_half_working_comment_backward_compatibility = 0.02 s
[ 1378/26691] TestERBCore#test_deprecated_interface_warnings = 0.11 s
[ 1379/26691] TestERBCore#test_percent = 0.12 s
[ 1380/26691] TestERBCore#test_escape = 0.09 s
[ 1381/26691] TestERBCore#test_percent_after_etag = 0.02 s
[ 1382/26691] TestERBCore#test_result_with_hash_with_invalid_keys_raises_type_error = 0.02 s
[ 1383/26691] TestERBCore#test_explicit_trim_line_with_carriage_return = 0.05 s
[ 1384/26691] TestERBCore#test_url_encode = 0.01 s
[ 1385/26691] TestERBCore#test_def_erb_method = 0.05 s
[ 1386/26691] TestERBCore#test_keep_lineno = 0.33 s
[ 1387/26691] TestERBCore#test_def_method_with_fname = 0.04 s
[ 1388/26691] TestERBCore#test_multi_line_comment_lineno = 0.03 s
[ 1389/26691] TestERBCore#test_prohibited_marshal_dump = 0.02 s
[ 1390/26691] TestERBCore#test_core = 1.04 s
[ 1391/26691] TestERBCore#test_invalid_trim_mode = 0.06 s
[ 1392/26691] TestERBCore#test_result_with_hash = 0.02 s
[ 1393/26691] TestERBCore#test_def_method_without_filename = 0.04 s
[ 1394/26691] TestMkmfConfig#test_with_config_with_arg_and_no_value = 13.39 s
[ 1395/26691] TestMkmfConfig#test_with_target_rbconfig = 14.38 s
[ 1396/26691] TestMkmfConfig#test_with_config_with_arg_and_value = 13.58 s
[ 1397/26691] TestMkmfConfig#test_dir_config = 13.28 s
[ 1398/26691] TestMkmfConfig#test_with_config_without_arg = 13.36 s
[ 1399/26691] Prism::RipperTest#"test_global_variables.txt" = 2.82 s
[ 1400/26691] Prism::RipperTest#"test_whitequark/space_args_block.txt" = 0.06 s
[ 1401/26691] Prism::RipperTest#"test_seattlerb/parse_line_defn_complex.txt" = 0.11 s
[ 1402/26691] Prism::RipperTest#"test_seattlerb/iter_args_7_2.txt" = 0.07 s
[ 1403/26691] Prism::RipperTest#"test_seattlerb/call_assoc_new.txt" = 0.05 s
[ 1404/26691] Prism::RipperTest#"test_seattlerb/safe_calls.txt" = 0.05 s
[ 1405/26691] Prism::RipperTest#"test_whitequark/send_index_legacy.txt" = 0.04 s
[ 1406/26691] Prism::RipperTest#"test_whitequark/space_args_arg_block.txt" = 0.14 s
[ 1407/26691] Prism::RipperTest#"test_seattlerb/block_call_defn_call_block_call.txt" = 0.09 s
[ 1408/26691] Prism::RipperTest#"test_whitequark/bug_lambda_leakage.txt" = 0.05 s
[ 1409/26691] Prism::RipperTest#"test_seattlerb/mlhs_front_anonsplat.txt" = 0.06 s
[ 1410/26691] Prism::RipperTest#"test_seattlerb/const_op_asgn_and1.txt" = 0.03 s
[ 1411/26691] Prism::RipperTest#"test_seattlerb/parse_line_str_with_newline_escape.txt" = 0.05 s
[ 1412/26691] Prism::RipperTest#"test_whitequark/ruby_bug_11107.txt" = 0.07 s
[ 1413/26691] Prism::RipperTest#"test_whitequark/args_args_assocs.txt" = 0.10 s
[ 1414/26691] Prism::RipperTest#"test_seattlerb/defn_arg_asplat_arg.txt" = 0.04 s
[ 1415/26691] Prism::RipperTest#"test_seattlerb/defn_kwarg_env.txt" = 0.07 s
[ 1416/26691] Prism::RipperTest#"test_methods.txt" = 2.78 s
[ 1417/26691] Prism::RipperTest#"test_whitequark/hash_hashrocket.txt" = 0.07 s
[ 1418/26691] Prism::RipperTest#"test_seattlerb/defs_oneliner_rescue.txt" = 0.21 s
[ 1419/26691] Prism::RipperTest#"test_unparser/corpus/literal/kwbegin.txt" = 0.61 s
[ 1420/26691] Prism::RipperTest#"test_xstring_with_backslash.txt" = 0.03 s
[ 1421/26691] Prism::RipperTest#"test_until.txt" = 0.20 s
[ 1422/26691] Prism::RipperTest#"test_seattlerb/index_0_opasgn.txt" = 0.04 s
[ 1423/26691] Prism::RipperTest#"test_whitequark/forwarded_argument_with_restarg.txt" = 0.06 s
[ 1424/26691] Prism::RipperTest#"test_seattlerb/block_args_opt1.txt" = 0.07 s
[ 1425/26691] Prism::RipperTest#"test_lambda.txt" = 0.32 s
[ 1426/26691] Prism::RipperTest#"test_seattlerb/block_kwarg_lvar.txt" = 0.05 s
[ 1427/26691] Prism::RipperTest#"test_seattlerb/masgn_arg_colon_arg.txt" = 0.05 s
[ 1428/26691] Prism::RipperTest#"test_seattlerb/defn_oneliner_eq2.txt" = 0.05 s
[ 1429/26691] Prism::RipperTest#"test_seattlerb/parse_if_not_noncanonical.txt" = 0.07 s
[ 1430/26691] Prism::RipperTest#"test_seattlerb/f_kw__required.txt" = 0.04 s
[ 1431/26691] Prism::RipperTest#"test_seattlerb/bug_cond_pct.txt" = 0.05 s
[ 1432/26691] Prism::RipperTest#"test_whitequark/bang_cmd.txt" = 0.04 s
[ 1433/26691] Prism::RipperTest#"test_seattlerb/rescue_do_end_ensure_result.txt" = 0.07 s
[ 1434/26691] Prism::RipperTest#"test_seattlerb/case_in_86.txt" = 0.07 s
[ 1435/26691] Prism::RipperTest#"test_seattlerb/dstr_lex_state.txt" = 0.05 s
[ 1436/26691] Prism::RipperTest#"test_whitequark/super.txt" = 0.06 s
[ 1437/26691] Prism::RipperTest#"test_seattlerb/cond_unary_minus.txt" = 0.03 s
[ 1438/26691] Prism::RipperTest#"test_whitequark/not_masgn__24.txt" = 0.05 s
[ 1439/26691] Prism::RipperTest#"test_whitequark/hash_label.txt" = 0.03 s
[ 1440/26691] Prism::RipperTest#"test_seattlerb/heredoc_squiggly_empty.txt" = 0.03 s
[ 1441/26691] Prism::RipperTest#"test_seattlerb/iter_kwarg.txt" = 0.05 s
[ 1442/26691] Prism::RipperTest#"test_seattlerb/qw_escape_term.txt" = 0.02 s
[ 1443/26691] Prism::RipperTest#"test_seattlerb/block_splat_reg.txt" = 0.05 s
[ 1444/26691] Prism::RipperTest#"test_seattlerb/thingy.txt" = 0.07 s
[ 1445/26691] Prism::RipperTest#"test_seattlerb/masgn_arg_splat_arg.txt" = 0.05 s
[ 1446/26691] Prism::RipperTest#"test_seattlerb/parse_while_not_noncanonical.txt" = 0.05 s
[ 1447/26691] Prism::RipperTest#"test_seattlerb/pipe_space.txt" = 0.04 s
[ 1448/26691] Prism::RipperTest#"test_strings.txt" = 1.03 s
[ 1449/26691] Prism::RipperTest#"test_seattlerb/bug_249.txt" = 0.11 s
[ 1450/26691] Prism::RipperTest#"test_seattlerb/dot2_nil__26.txt" = 0.03 s
[ 1451/26691] Prism::RipperTest#"test_seattlerb/defn_kwarg_kwsplat_anon.txt" = 0.04 s
[ 1452/26691] Prism::RipperTest#"test_heredoc_with_trailing_newline.txt" = 0.02 s
[ 1453/26691] Prism::RipperTest#"test_whitequark/parser_bug_507.txt" = 0.04 s
[ 1454/26691] Prism::RipperTest#"test_seattlerb/begin_ensure_no_bodies.txt" = 0.03 s
[ 1455/26691] Prism::RipperTest#"test_seattlerb/defn_oneliner.txt" = 0.05 s
[ 1456/26691] Prism::RipperTest#"test_seattlerb/parse_line_dot2_open.txt" = 0.04 s
[ 1457/26691] Prism::RipperTest#"test_whitequark/var_or_asgn.txt" = 0.03 s
[ 1458/26691] Prism::RipperTest#"test_seattlerb/bug_args_masgn_outer_parens__19.txt" = 0.07 s
[ 1459/26691] Prism::RipperTest#"test_unparser/corpus/literal/send.txt" = 2.39 s
[ 1460/26691] Prism::RipperTest#"test_seattlerb/in_expr_no_case.txt" = 0.03 s
[ 1461/26691] Prism::RipperTest#"test_seattlerb/rhs_asgn.txt" = 0.03 s
[ 1462/26691] Prism::RipperTest#"test_seattlerb/difficult7_.txt" = 0.09 s
[ 1463/26691] Prism::RipperTest#"test_newline_terminated.txt" = 0.22 s
[ 1464/26691] Prism::RipperTest#"test_seattlerb/method_call_trailing_comma.txt" = 0.04 s
[ 1465/26691] Prism::RipperTest#"test_seattlerb/safe_call_newline.txt" = 0.03 s
[ 1466/26691] Prism::RipperTest#"test_seattlerb/difficult3__9.txt" = 0.05 s
[ 1467/26691] Prism::RipperTest#"test_whitequark/optarg.txt" = 0.08 s
[ 1468/26691] Prism::RipperTest#"test_whitequark/sclass.txt" = 0.03 s
[ 1469/26691] Prism::RipperTest#"test_seattlerb/defn_kwarg_lvar.txt" = 0.05 s
[ 1470/26691] Prism::RipperTest#"test_seattlerb/parse_line_call_no_args.txt" = 0.06 s
[ 1471/26691] Prism::RipperTest#"test_seattlerb/case_in_find.txt" = 0.06 s
[ 1472/26691] Prism::RipperTest#"test_seattlerb/qwords_empty.txt" = 0.02 s
[ 1473/26691] Prism::RipperTest#"test_whitequark/cvar.txt" = 0.02 s
[ 1474/26691] Prism::RipperTest#"test_seattlerb/bug_215.txt" = 0.02 s
[ 1475/26691] Prism::RipperTest#"test_whitequark/send_index_asgn.txt" = 0.04 s
[ 1476/26691] Prism::RipperTest#"test_ternary_operator.txt" = 0.21 s
[ 1477/26691] Prism::RipperTest#"test_seattlerb/parse_if_not_canonical.txt" = 0.06 s
[ 1478/26691] Prism::RipperTest#"test_seattlerb/qWords_space.txt" = 0.02 s
[ 1479/26691] Prism::RipperTest#"test_boolean_operators.txt" = 0.06 s
[ 1480/26691] Prism::RipperTest#"test_seattlerb/block_arg_opt_arg_block.txt" = 0.06 s
[ 1481/26691] Prism::RipperTest#"test_whitequark/string_concat.txt" = 0.04 s
[ 1482/26691] Prism::RipperTest#"test_whitequark/masgn_nested.txt" = 0.08 s
[ 1483/26691] Prism::RipperTest#"test_nils.txt" = 0.06 s
[ 1484/26691] Prism::RipperTest#"test_seattlerb/dot3_nil__26.txt" = 0.03 s
[ 1485/26691] Prism::RipperTest#"test_seattlerb/dstr_evstr.txt" = 0.05 s
[ 1486/26691] Prism::RipperTest#"test_whitequark/forwarded_restarg.txt" = 0.05 s
[ 1487/26691] Prism::RipperTest#"test_whitequark/class_super_label.txt" = 0.05 s
[ 1488/26691] Prism::RipperTest#"test_whitequark/send_index.txt" = 0.04 s
[ 1489/26691] Prism::RipperTest#"test_seattlerb/heredoc_with_extra_carriage_horrible_mix.txt" = 0.03
 s
[ 1490/26691] Prism::RipperTest#"test_unparser/corpus/semantic/block.txt" = 0.25 s
[ 1491/26691] Prism::RipperTest#"test_whitequark/ruby_bug_14690.txt" = 0.07 s
[ 1492/26691] Prism::RipperTest#"test_range_end_open_exclusive.txt" = 0.02 s
[ 1493/26691] Prism::RipperTest#"test_seattlerb/case_in_else.txt" = 0.05 s
[ 1494/26691] Prism::RipperTest#"test_dsym_str.txt" = 0.02 s
[ 1495/26691] Prism::RipperTest#"test_next.txt" = 0.48 s
[ 1496/26691] Prism::RipperTest#"test_whitequark/op_asgn_index_cmd.txt" = 0.06 s
[ 1497/26691] Prism::RipperTest#"test_whitequark/bug_cmd_string_lookahead.txt" = 0.05 s
[ 1498/26691] Prism::RipperTest#"test_seattlerb/call_not.txt" = 0.02 s
[ 1499/26691] Prism::RipperTest#"test_seattlerb/call_trailing_comma.txt" = 0.03 s
[ 1500/26691] Prism::RipperTest#"test_dstring.txt" = 0.14 s
[ 1501/26691] Prism::RipperTest#"test_whitequark/send_op_asgn_conditional.txt" = 0.04 s
[ 1502/26691] Prism::RipperTest#"test_seattlerb/integer_with_if_modifier.txt" = 0.02 s
[ 1503/26691] Prism::RipperTest#"test_unparser/corpus/literal/since/30.txt" = 0.09 s
[ 1504/26691] Prism::RipperTest#"test_seattlerb/block_decomp_anon_splat_arg.txt" = 0.05 s
[ 1505/26691] Prism::RipperTest#"test_seattlerb/regexp_esc_C_slash.txt" = 0.03 s
[ 1506/26691] Prism::RipperTest#"test_unless.txt" = 0.19 s
[ 1507/26691] Prism::RipperTest#"test_whitequark/hash_empty.txt" = 0.02 s
[ 1508/26691] Prism::RipperTest#"test_seattlerb/call_env.txt" = 0.03 s
[ 1509/26691] Prism::RipperTest#"test_seattlerb/defn_oneliner_noargs_parentheses.txt" = 0.04 s
[ 1510/26691] Prism::RipperTest#"test_seattlerb/masgn_splat_arg.txt" = 0.04 s
[ 1511/26691] Prism::RipperTest#"test_seattlerb/masgn_anon_splat_arg.txt" = 0.04 s
[ 1512/26691] Prism::RipperTest#"test_seattlerb/iter_args_9_2.txt" = 0.06 s
[ 1513/26691] Prism::RipperTest#"test_seattlerb/call_unary_bang.txt" = 0.02 s
[ 1514/26691] Prism::RipperTest#"test_whitequark/zsuper.txt" = 0.02 s
[ 1515/26691] Prism::RipperTest#"test_whitequark/trailing_forward_arg.txt" = 0.07 s
[ 1516/26691] Prism::RipperTest#"test_whitequark/bug_cmdarg.txt" = 0.12 s
[ 1517/26691] Prism::RipperTest#"test_seattlerb/parse_def_special_name.txt" = 0.03 s
[ 1518/26691] Prism::RipperTest#"test_seattlerb/multiline_hash_declaration.txt" = 0.11 s
[ 1519/26691] Prism::RipperTest#"test_seattlerb/block_arg_opt_splat.txt" = 0.06 s
[ 1520/26691] Prism::RipperTest#"test_whitequark/character.txt" = 0.02 s
[ 1521/26691] Prism::RipperTest#"test_whitequark/ambiuous_quoted_label_in_ternary_operator.txt" = 0.
04 s
[ 1522/26691] Prism::RipperTest#"test_whitequark/nil_expression.txt" = 0.03 s
[ 1523/26691] Prism::RipperTest#"test_unparser/corpus/literal/assignment.txt" = 1.65 s
[ 1524/26691] Prism::RipperTest#"test_seattlerb/call_colon_parens.txt" = 0.03 s
[ 1525/26691] Prism::RipperTest#"test_whitequark/args_star.txt" = 0.07 s
[ 1526/26691] Prism::RipperTest#"test_unparser/corpus/literal/opasgn.txt" = 0.65 s
[ 1527/26691] Prism::RipperTest#"test_seattlerb/defn_endless_command_rescue.txt" = 0.05 s
[ 1528/26691] Prism::RipperTest#"test_seattlerb/alias_resword.txt" = 0.03 s
[ 1529/26691] Prism::RipperTest#"test_symbols.txt" = 0.99 s
[ 1530/26691] Prism::RipperTest#"test_whitequark/args_args_star.txt" = 0.09 s
[ 1531/26691] Prism::RipperTest#"test_whitequark/ivar.txt" = 0.02 s
[ 1532/26691] Prism::RipperTest#"test_seattlerb/block_decomp_arg_splat.txt" = 0.05 s
[ 1533/26691] Prism::RipperTest#"test_not.txt" = 0.23 s
[ 1534/26691] Prism::RipperTest#"test_seattlerb/bug_hash_interp_array.txt" = 0.05 s
[ 1535/26691] Prism::RipperTest#"test_whitequark/xstring_plain.txt" = 0.02 s
[ 1536/26691] Prism::RipperTest#"test_seattlerb/masgn_colon3.txt" = 0.05 s
[ 1537/26691] Prism::RipperTest#"test_whitequark/bug_481.txt" = 0.07 s
[ 1538/26691] Prism::RipperTest#"test_seattlerb/iter_args_11_1.txt" = 0.06 s
[ 1539/26691] Prism::RipperTest#"test_whitequark/non_lvar_injecting_match.txt" = 0.05 s
[ 1540/26691] Prism::RipperTest#"test_repeat_parameters.txt" = 0.70 s
[ 1541/26691] Prism::RipperTest#"test_seattlerb/difficult2_.txt" = 0.07 s
[ 1542/26691] Prism::RipperTest#"test_unparser/corpus/literal/class.txt" = 0.29 s
[ 1543/26691] Prism::RipperTest#"test_whitequark/rescue.txt" = 0.04 s
[ 1544/26691] Prism::RipperTest#"test_whitequark/array_words_interp.txt" = 0.22 s
[ 1545/26691] Prism::RipperTest#"test_whitequark/ruby_bug_15789.txt" = 0.13 s
[ 1546/26691] Prism::RipperTest#"test_whitequark/casgn_toplevel.txt" = 0.03 s
[ 1547/26691] Prism::RipperTest#"test_whitequark/dedenting_interpolating_heredoc_fake_line_continuat
ion.txt" = 0.05 s
[ 1548/26691] Prism::RipperTest#"test_seattlerb/difficult3__12.txt" = 0.06 s
[ 1549/26691] Prism::RipperTest#"test_seattlerb/bug_not_parens.txt" = 0.03 s
[ 1550/26691] Prism::RipperTest#"test_whitequark/args_args_assocs_comma.txt" = 0.05 s
[ 1551/26691] Prism::RipperTest#"test_seattlerb/block_decomp_arg_splat_arg.txt" = 0.06 s
[ 1552/26691] Prism::RipperTest#"test_seattlerb/parse_pattern_076.txt" = 0.07 s
[ 1553/26691] Prism::RipperTest#"test_heredoc_with_carriage_returns.txt" = 0.02 s
[ 1554/26691] Prism::RipperTest#"test_seattlerb/uminus_float.txt" = 0.02 s
[ 1555/26691] Prism::RipperTest#"test_whitequark/regex_interp.txt" = 0.05 s
[ 1556/26691] Prism::RipperTest#"test_whitequark/if_masgn__24.txt" = 0.05 s
[ 1557/26691] Prism::RipperTest#"test_seattlerb/pipe_semicolon.txt" = 0.05 s
[ 1558/26691] Prism::RipperTest#"test_seattlerb/difficult6__7.txt" = 0.06 s
[ 1559/26691] Prism::RipperTest#"test_seattlerb/eq_begin_line_numbers.txt" = 0.04 s
[ 1560/26691] Prism::RipperTest#"test_seattlerb/defn_kwarg_val.txt" = 0.04 s
[ 1561/26691] Prism::RipperTest#"test_unparser/corpus/literal/range.txt" = 0.06 s
[ 1562/26691] Prism::RipperTest#"test_seattlerb/call_div.txt" = 0.03 s
[ 1563/26691] Prism::RipperTest#"test_seattlerb/rescue_do_end_rescued.txt" = 0.08 s
[ 1564/26691] Prism::RipperTest#"test_unparser/corpus/literal/dstr.txt" = 0.56 s
[ 1565/26691] Prism::RipperTest#"test_dash_heredocs.txt" = 0.34 s
[ 1566/26691] Prism::RipperTest#"test_whitequark/arg_label.txt" = 0.13 s
[ 1567/26691] Prism::RipperTest#"test_seattlerb/case_in_array_pat_paren_assign.txt" = 0.06 s
[ 1568/26691] Prism::RipperTest#"test_seattlerb/bug169.txt" = 0.04 s
[ 1569/26691] Prism::RipperTest#"test_whitequark/send_attr_asgn.txt" = 0.10 s
[ 1570/26691] Prism::RipperTest#"test_whitequark/casgn_scoped.txt" = 0.03 s
[ 1571/26691] Prism::RipperTest#"test_unparser/corpus/literal/undef.txt" = 0.04 s
[ 1572/26691] Prism::RipperTest#"test_whitequark/defined.txt" = 0.05 s
[ 1573/26691] Prism::RipperTest#"test_unparser/corpus/literal/empty_begin.txt" = 0.02 s
[ 1574/26691] Prism::RipperTest#"test_whitequark/rescue_without_begin_end.txt" = 0.05 s
[ 1575/26691] Prism::RipperTest#"test_whitequark/send_lambda_args_shadow.txt" = 0.04 s
[ 1576/26691] Prism::RipperTest#"test_whitequark/if_nl_then.txt" = 0.04 s
[ 1577/26691] Prism::RipperTest#"test_seattlerb/unary_plus.txt" = 0.03 s
[ 1578/26691] Prism::RipperTest#"test_xstring.txt" = 0.08 s
[ 1579/26691] Prism::RipperTest#"test_whitequark/ruby_bug_11380.txt" = 0.07 s
[ 1580/26691] Prism::RipperTest#"test_seattlerb/difficult1_line_numbers.txt" = 0.33 s
[ 1581/26691] Prism::RipperTest#"test_whitequark/for.txt" = 0.09 s
[ 1582/26691] Prism::RipperTest#"test_seattlerb/str_backslashes.txt" = 0.04 s
[ 1583/26691] Prism::RipperTest#"test_seattlerb/parse_until_not_noncanonical.txt" = 0.05 s
[ 1584/26691] Prism::RipperTest#"test_seattlerb/parse_line_multiline_str_literal_n.txt" = 0.03 s
[ 1585/26691] Prism::RipperTest#"test_seattlerb/rescue_do_end_no_raise.txt" = 0.08 s
[ 1586/26691] Prism::RipperTest#"test_whitequark/send_index_cmd.txt" = 0.05 s
[ 1587/26691] Prism::RipperTest#"test_seattlerb/attrasgn_array_lhs.txt" = 0.10 s
[ 1588/26691] Prism::RipperTest#"test_whitequark/lparenarg_after_lvar__since_25.txt" = 0.09 s
[ 1589/26691] Prism::RipperTest#"test_seattlerb/dsym_to_sym.txt" = 0.12 s
[ 1590/26691] Prism::RipperTest#"test_arrays.txt" = 2.31 s
[ 1591/26691] Prism::RipperTest#"test_seattlerb/op_asgn_primary_colon_identifier1.txt" = 0.04 s
[ 1592/26691] Prism::RipperTest#"test_seattlerb/str_double_escaped_newline.txt" = 0.04 s
[ 1593/26691] Prism::RipperTest#"test_whitequark/bug_do_block_in_call_args.txt" = 0.07 s
[ 1594/26691] Prism::RipperTest#"test_seattlerb/call_stabby_do_end_with_block.txt" = 0.06 s
[ 1595/26691] Prism::RipperTest#"test_seattlerb/begin_rescue_else_ensure_no_bodies.txt" = 0.04 s
[ 1596/26691] Prism::RipperTest#"test_whitequark/cond_begin.txt" = 0.04 s
[ 1597/26691] Prism::RipperTest#"test_unparser/corpus/literal/hookexe.txt" = 0.05 s
[ 1598/26691] Prism::RipperTest#"test_seattlerb/parse_line_rescue.txt" = 0.06 s
[ 1599/26691] Prism::RipperTest#"test_whitequark/array_words.txt" = 0.03 s
[ 1600/26691] Prism::RipperTest#"test_seattlerb/BEGIN.txt" = 0.02 s
[ 1601/26691] Prism::RipperTest#"test_seattlerb/mlhs_keyword.txt" = 0.05 s
[ 1602/26691] Prism::RipperTest#"test_seattlerb/heredoc_trailing_slash_continued_call.txt" = 0.03 s
[ 1603/26691] Prism::RipperTest#"test_whitequark/rescue_mod_asgn.txt" = 0.04 s
[ 1604/26691] Prism::RipperTest#"test_whitequark/arg_duplicate_ignored.txt" = 0.06 s
[ 1605/26691] Prism::RipperTest#"test_seattlerb/defs_kwarg.txt" = 0.04 s
[ 1606/26691] Prism::RipperTest#"test_seattlerb/iter_args_4.txt" = 0.05 s
[ 1607/26691] Prism::RipperTest#"test_whitequark/true.txt" = 0.02 s
[ 1608/26691] Prism::RipperTest#"test_seattlerb/qw_escape.txt" = 0.02 s
[ 1609/26691] Prism::RipperTest#"test_seattlerb/op_asgn_primary_colon_const_command_call.txt" = 0.16
 s
[ 1610/26691] Prism::RipperTest#"test_seattlerb/masgn_splat_arg_arg.txt" = 0.05 s
[ 1611/26691] Prism::RipperTest#"test_whitequark/send_plain_cmd.txt" = 0.10 s
[ 1612/26691] Prism::RipperTest#"test_whitequark/when_then.txt" = 0.04 s
[ 1613/26691] Prism::RipperTest#"test_whitequark/keyword_argument_omission.txt" = 0.05 s
[ 1614/26691] Prism::RipperTest#"test_whitequark/symbol_plain.txt" = 0.03 s
[ 1615/26691] Prism::RipperTest#"test_seattlerb/unary_plus_on_literal.txt" = 0.03 s
[ 1616/26691] Prism::RipperTest#"test_whitequark/rescue_mod_masgn.txt" = 0.06 s
[ 1617/26691] Prism::RipperTest#"test_seattlerb/call_array_lit_inline_hash.txt" = 0.06 s
[ 1618/26691] Prism::RipperTest#"test_seattlerb/str_newline_hash_line_number.txt" = 0.14 s
[ 1619/26691] Prism::RipperTest#"test_whitequark/bang.txt" = 0.02 s
[ 1620/26691] Prism::RipperTest#"test_seattlerb/difficult3_3.txt" = 0.05 s
[ 1621/26691] Prism::RipperTest#"test_heredocs_with_ignored_newlines_and_non_empty.txt" = 0.02 s
[ 1622/26691] Prism::RipperTest#"test_seattlerb/defn_forward_args__no_parens.txt" = 0.05 s
[ 1623/26691] Prism::RipperTest#"test_whitequark/if.txt" = 0.05 s
[ 1624/26691] Prism::RipperTest#"test_whitequark/pattern_matching_single_line_allowed_omission_of_pa
rentheses.txt" = 0.25 s
[ 1625/26691] Prism::RipperTest#"test_whitequark/__ENCODING__.txt" = 0.02 s
[ 1626/26691] Prism::RipperTest#"test_whitequark/unless_else.txt" = 0.17 s
[ 1627/26691] Prism::RipperTest#"test_seattlerb/defn_kwarg_kwarg.txt" = 0.05 s
[ 1628/26691] Prism::RipperTest#"test_seattlerb/block_call_dot_op2_cmd_args_do_block.txt" = 0.10 s
[ 1629/26691] Prism::RipperTest#"test_integer_operations.txt" = 0.54 s
[ 1630/26691] Prism::RipperTest#"test_seattlerb/block_arg_kwsplat.txt" = 0.04 s
[ 1631/26691] Prism::RipperTest#"test_whitequark/and_asgn.txt" = 0.07 s
[ 1632/26691] Prism::RipperTest#"test_seattlerb/case_in_array_pat_const2.txt" = 0.06 s
[ 1633/26691] Prism::RipperTest#"test_whitequark/when_multi.txt" = 0.05 s
[ 1634/26691] Prism::RipperTest#"test_seattlerb/symbols.txt" = 0.04 s
[ 1635/26691] Prism::RipperTest#"test_seattlerb/parse_line_iter_call_parens.txt" = 0.07 s
[ 1636/26691] Prism::RipperTest#"test_whitequark/args_args_comma.txt" = 0.03 s
[ 1637/26691] Prism::RipperTest#"test_seattlerb/safe_op_asgn.txt" = 0.05 s
[ 1638/26691] Prism::RipperTest#"test_whitequark/array_words_empty.txt" = 0.13 s
[ 1639/26691] Prism::RipperTest#"test_keywords.txt" = 0.08 s
[ 1640/26691] Prism::RipperTest#"test_whitequark/hash_label_end.txt" = 0.10 s
[ 1641/26691] Prism::RipperTest#"test_whitequark/send_self_block.txt" = 0.11 s
[ 1642/26691] Prism::RipperTest#"test_range_end_open_inclusive.txt" = 0.02 s
[ 1643/26691] Prism::RipperTest#"test_seattlerb/stabby_block_kw__required.txt" = 0.03 s
[ 1644/26691] Prism::RipperTest#"test_seattlerb/bug_hash_args_trailing_comma.txt" = 0.05 s
[ 1645/26691] Prism::RipperTest#"test_seattlerb/quoted_symbol_hash_arg.txt" = 0.04 s
[ 1646/26691] Prism::RipperTest#"test_seattlerb/difficult3__6.txt" = 0.16 s
[ 1647/26691] Prism::RipperTest#"test_whitequark/ruby_bug_12669.txt" = 0.16 s
[ 1648/26691] Prism::RipperTest#"test_whitequark/__ENCODING___legacy_.txt" = 0.02 s
[ 1649/26691] Prism::RipperTest#"test_whitequark/masgn_cmd.txt" = 0.05 s
[ 1650/26691] Prism::RipperTest#"test_defined.txt" = 0.09 s
[ 1651/26691] Prism::RipperTest#"test_whitequark/parser_bug_604.txt" = 0.05 s
[ 1652/26691] Prism::RipperTest#"test_whitequark/kwrestarg_unnamed.txt" = 0.04 s
[ 1653/26691] Prism::RipperTest#"test_seattlerb/heredoc_squiggly_blank_lines.txt" = 0.06 s
[ 1654/26691] Prism::RipperTest#"test_seattlerb/safe_call.txt" = 0.03 s
[ 1655/26691] Prism::RipperTest#"test_seattlerb/case_in_or.txt" = 0.05 s
[ 1656/26691] Prism::RipperTest#"test_whitequark/unless_mod.txt" = 0.03 s
[ 1657/26691] Prism::RipperTest#"test_whitequark/forward_arg_with_open_args.txt" = 0.41 s
[ 1658/26691] Prism::RipperTest#"test_whitequark/send_index_asgn_legacy.txt" = 0.04 s
[ 1659/26691] Prism::RipperTest#"test_heredocs_leading_whitespace.txt" = 0.21 s
[ 1660/26691] Prism::RipperTest#"test_seattlerb/rescue_do_end_raised.txt" = 0.05 s
[ 1661/26691] Prism::RipperTest#"test_seattlerb/begin_rescue_ensure_no_bodies.txt" = 0.03 s
[ 1662/26691] Prism::RipperTest#"test_whitequark/back_ref.txt" = 0.02 s
[ 1663/26691] Prism::RipperTest#"test_seattlerb/case_in_37.txt" = 0.06 s
[ 1664/26691] Prism::RipperTest#"test_seattlerb/parse_line_defn_no_parens_args.txt" = 0.03 s
[ 1665/26691] Prism::RipperTest#"test_whitequark/ternary.txt" = 0.03 s
[ 1666/26691] Prism::RipperTest#"test_seattlerb/words_interp.txt" = 0.04 s
[ 1667/26691] Prism::RipperTest#"test_seattlerb/call_bang_command_call.txt" = 0.04 s
[ 1668/26691] Prism::RipperTest#"test_whitequark/gvasgn.txt" = 0.02 s
[ 1669/26691] Prism::RipperTest#"test_seattlerb/symbols_interp.txt" = 0.04 s
[ 1670/26691] Prism::RipperTest#"test_seattlerb/assoc_label.txt" = 0.04 s
[ 1671/26691] Prism::RipperTest#"test_seattlerb/bug191.txt" = 0.05 s
[ 1672/26691] Prism::RipperTest#"test_seattlerb/defn_reg_opt_reg.txt" = 0.05 s
[ 1673/26691] Prism::RipperTest#"test_unparser/corpus/literal/rescue.txt" = 0.09 s
[ 1674/26691] Prism::RipperTest#"test_seattlerb/const_2_op_asgn_or2.txt" = 0.03 s
[ 1675/26691] Prism::RipperTest#"test_seattlerb/call_arg_assoc.txt" = 0.04 s
[ 1676/26691] Prism::RipperTest#"test_whitequark/while.txt" = 0.05 s
[ 1677/26691] Prism::RipperTest#"test_whitequark/kwnilarg.txt" = 0.15 s
[ 1678/26691] Prism::RipperTest#"test_whitequark/case_expr_else.txt" = 0.05 s
[ 1679/26691] Prism::RipperTest#"test_seattlerb/call_and.txt" = 0.03 s
[ 1680/26691] Prism::RipperTest#"test_seattlerb/block_paren_splat.txt" = 0.05 s
[ 1681/26691] Prism::RipperTest#"test_whitequark/self.txt" = 0.02 s
[ 1682/26691] Prism::RipperTest#"test_whitequark/and_or_masgn.txt" = 0.09 s
[ 1683/26691] Prism::RipperTest#"test_whitequark/postexe.txt" = 0.02 s
[ 1684/26691] Prism::RipperTest#"test_seattlerb/defn_opt_reg.txt" = 0.04 s
[ 1685/26691] Prism::RipperTest#"test_seattlerb/heredoc_with_only_carriage_returns.txt" = 0.03 s
[ 1686/26691] Prism::RipperTest#"test_method_calls.txt" = 3.52 s
[ 1687/26691] Prism::RipperTest#"test_seattlerb/call_colon2.txt" = 0.03 s
[ 1688/26691] Prism::RipperTest#"test_seattlerb/heredoc_squiggly_visually_blank_lines.txt" = 0.06 s
[ 1689/26691] Prism::RipperTest#"test_seattlerb/const_op_asgn_or.txt" = 0.03 s
[ 1690/26691] Prism::RipperTest#"test_seattlerb/heredoc_bad_oct_escape.txt" = 0.09 s
[ 1691/26691] Prism::RipperTest#"test_whitequark/if_mod.txt" = 0.03 s
[ 1692/26691] Prism::RipperTest#"test_seattlerb/defn_comments.txt" = 0.03 s
[ 1693/26691] Prism::RipperTest#"test_seattlerb/parse_line_to_ary.txt" = 0.04 s
[ 1694/26691] Prism::RipperTest#"test_whitequark/bug_rescue_empty_else.txt" = 0.03 s
[ 1695/26691] Prism::RipperTest#"test_whitequark/parser_bug_645.txt" = 0.04 s
[ 1696/26691] Prism::RipperTest#"test_emoji_method_calls.txt" = 0.04 s
[ 1697/26691] Prism::RipperTest#"test_whitequark/bug_regex_verification.txt" = 0.03 s
[ 1698/26691] Prism::RipperTest#"test_classes.txt" = 0.47 s
[ 1699/26691] Prism::RipperTest#"test_whitequark/masgn_splat.txt" = 0.30 s
[ 1700/26691] Prism::RipperTest#"test_whitequark/super_block.txt" = 0.06 s
[ 1701/26691] Prism::RipperTest#"test_seattlerb/parse_line_iter_call_no_parens.txt" = 0.07 s
[ 1702/26691] Prism::RipperTest#"test_whitequark/beginless_erange_after_newline.txt" = 0.03 s
[ 1703/26691] Prism::RipperTest#"test_seattlerb/lasgn_call_bracket_rescue_arg.txt" = 0.11 s
[ 1704/26691] Prism::RipperTest#"test_whitequark/ruby_bug_10653.txt" = 0.17 s
[ 1705/26691] Prism::RipperTest#"test_seattlerb/parse_line_dstr_escaped_newline.txt" = 0.04 s
[ 1706/26691] Prism::RipperTest#"test_seattlerb/difficult3__11.txt" = 0.05 s
[ 1707/26691] Prism::RipperTest#"test_seattlerb/bdot2.txt" = 0.04 s
[ 1708/26691] Prism::RipperTest#"test_seattlerb/label_vs_string.txt" = 0.03 s
[ 1709/26691] Prism::RipperTest#"test_whitequark/space_args_arg_call.txt" = 0.05 s
[ 1710/26691] Prism::RipperTest#"test_variables.txt" = 0.70 s
[ 1711/26691] Prism::RipperTest#"test_whitequark/endless_comparison_method.txt" = 0.19 s
[ 1712/26691] Prism::RipperTest#"test_seattlerb/case_in_42.txt" = 0.05 s
[ 1713/26691] Prism::RipperTest#"test_seattlerb/call_trailing_dots.txt" = 0.04 s
[ 1714/26691] Prism::RipperTest#"test_whitequark/parser_bug_525.txt" = 0.14 s
[ 1715/26691] Prism::RipperTest#"test_whitequark/forward_args_legacy.txt" = 0.11 s
[ 1716/26691] Prism::RipperTest#"test_seattlerb/block_call_operation_dot.txt" = 0.06 s
[ 1717/26691] Prism::RipperTest#"test_seattlerb/parse_line_trailing_newlines.txt" = 0.03 s
[ 1718/26691] Prism::RipperTest#"test_seattlerb/difficult3_4.txt" = 0.04 s
[ 1719/26691] Prism::RipperTest#"test_heredoc_with_escaped_newline_at_start.txt" = 0.10 s
[ 1720/26691] Prism::RipperTest#"test_seattlerb/iter_args_11_2.txt" = 0.07 s
[ 1721/26691] Prism::RipperTest#"test_whitequark/when_splat.txt" = 0.06 s
[ 1722/26691] Prism::RipperTest#"test_whitequark/blockargs.txt" = 1.67 s
[ 1723/26691] Prism::RipperTest#"test_whitequark/restarg_named.txt" = 0.04 s
[ 1724/26691] Prism::RipperTest#"test_indented_file_end.txt" = 0.03 s
[ 1725/26691] Prism::RipperTest#"test_whitequark/if_else.txt" = 0.08 s
[ 1726/26691] Prism::RipperTest#"test_whitequark/string_plain.txt" = 0.03 s
[ 1727/26691] Prism::RipperTest#"test_seattlerb/parse_until_not_canonical.txt" = 0.10 s
[ 1728/26691] Prism::RipperTest#"test_whitequark/lbrace_arg_after_command_args.txt" = 0.07 s
[ 1729/26691] Prism::RipperTest#"test_seattlerb/masgn_star.txt" = 0.02 s
[ 1730/26691] Prism::RipperTest#"test_seattlerb/iter_args_9_1.txt" = 0.05 s
[ 1731/26691] Prism::RipperTest#"test_seattlerb/mlhs_back_splat.txt" = 0.05 s
[ 1732/26691] Prism::RipperTest#"test_whitequark/ruby_bug_11873.txt" = 1.11 s
[ 1733/26691] Prism::RipperTest#"test_whitequark/endless_method.txt" = 0.14 s
[ 1734/26691] Prism::RipperTest#"test_seattlerb/parse_pattern_019.txt" = 0.04 s
[ 1735/26691] Prism::RipperTest#"test_seattlerb/iter_args_3.txt" = 0.06 s
[ 1736/26691] Prism::RipperTest#"test_whitequark/multiple_pattern_matches.txt" = 0.18 s
[ 1737/26691] Prism::RipperTest#"test_seattlerb/str_pct_q.txt" = 0.02 s
[ 1738/26691] Prism::RipperTest#"test_seattlerb/call_gt.txt" = 0.03 s
[ 1739/26691] Prism::RipperTest#"test_seattlerb/block_scope.txt" = 0.04 s
[ 1740/26691] Prism::RipperTest#"test_whitequark/string___FILE__.txt" = 0.02 s
[ 1741/26691] Prism::RipperTest#"test_whitequark/procarg0.txt" = 0.08 s
[ 1742/26691] Prism::RipperTest#"test_whitequark/const_unscoped.txt" = 0.02 s
[ 1743/26691] Prism::RipperTest#"test_whitequark/xstring_interp.txt" = 0.04 s
[ 1744/26691] Prism::RipperTest#"test_seattlerb/bug236.txt" = 0.07 s
[ 1745/26691] Prism::RipperTest#"test_whitequark/or.txt" = 0.04 s
[ 1746/26691] Prism::RipperTest#"test_whitequark/cond_iflipflop.txt" = 0.06 s
[ 1747/26691] Prism::RipperTest#"test_unparser/corpus/literal/def.txt" = 1.42 s
[ 1748/26691] Prism::RipperTest#"test_seattlerb/symbol_empty.txt" = 0.02 s
[ 1749/26691] Prism::RipperTest#"test_seattlerb/defn_endless_command.txt" = 0.04 s
[ 1750/26691] Prism::RipperTest#"test_whitequark/ruby_bug_11990.txt" = 0.06 s
[ 1751/26691] Prism::RipperTest#"test_seattlerb/heredoc_bad_hex_escape.txt" = 0.03 s
[ 1752/26691] Prism::RipperTest#"test_begin_rescue.txt" = 0.78 s
[ 1753/26691] Prism::RipperTest#"test_seattlerb/defn_args_forward_args.txt" = 0.08 s
[ 1754/26691] Prism::RipperTest#"test_unparser/corpus/semantic/opasgn.txt" = 0.16 s
[ 1755/26691] Prism::RipperTest#"test_seattlerb/call_array_arg.txt" = 0.05 s
[ 1756/26691] Prism::RipperTest#"test_whitequark/array_plain.txt" = 0.04 s
[ 1757/26691] Prism::RipperTest#"test_whitequark/gvar.txt" = 0.02 s
[ 1758/26691] Prism::RipperTest#"test_seattlerb/class_comments.txt" = 0.06 s
[ 1759/26691] Prism::RipperTest#"test_seattlerb/block_arg_opt_splat_arg_block_omfg.txt" = 0.07 s
[ 1760/26691] Prism::RipperTest#"test_seattlerb/str_evstr_escape.txt" = 0.05 s
[ 1761/26691] Prism::RipperTest#"test_whitequark/forward_arg.txt" = 0.05 s
[ 1762/26691] Prism::RipperTest#"test_whitequark/var_op_asgn.txt" = 0.09 s
[ 1763/26691] Prism::RipperTest#"test_seattlerb/call_carat.txt" = 0.03 s
[ 1764/26691] Prism::RipperTest#"test_seattlerb/backticks_interpolation_line.txt" = 0.11 s
[ 1765/26691] Prism::RipperTest#"test_seattlerb/attrasgn_array_arg.txt" = 0.06 s
[ 1766/26691] Prism::RipperTest#"test_whitequark/return.txt" = 0.08 s
[ 1767/26691] Prism::RipperTest#"test_whitequark/anonymous_blockarg.txt" = 0.05 s
[ 1768/26691] Prism::RipperTest#"test_seattlerb/defn_kwarg_kwsplat.txt" = 0.04 s
[ 1769/26691] Prism::RipperTest#"test_seattlerb/bug202.txt" = 0.04 s
[ 1770/26691] Prism::RipperTest#"test_seattlerb/bug_masgn_right.txt" = 0.05 s
[ 1771/26691] Prism::RipperTest#"test_seattlerb/mlhs_back_anonsplat.txt" = 0.05 s
[ 1772/26691] Prism::RipperTest#"test_seattlerb/block_args_no_kwargs.txt" = 0.04 s
[ 1773/26691] Prism::RipperTest#"test_whitequark/array_symbols_empty.txt" = 0.04 s
[ 1774/26691] Prism::RipperTest#"test_booleans.txt" = 0.03 s
[ 1775/26691] Prism::RipperTest#"test_whitequark/case_cond_else.txt" = 0.05 s
[ 1776/26691] Prism::RipperTest#"test_whitequark/while_post.txt" = 0.04 s
[ 1777/26691] Prism::RipperTest#"test_seattlerb/str_str_str.txt" = 0.04 s
[ 1778/26691] Prism::RipperTest#"test_seattlerb/heredoc_with_carriage_return_escapes.txt" = 0.03 s
[ 1779/26691] Prism::RipperTest#"test_whitequark/cond_iflipflop_with_beginless_range.txt" = 0.03 s
[ 1780/26691] Prism::RipperTest#"test_seattlerb/safe_call_dot_parens.txt" = 0.03 s
[ 1781/26691] Prism::RipperTest#"test_seattlerb/safe_attrasgn_constant.txt" = 0.03 s
[ 1782/26691] Prism::RipperTest#"test_unparser/corpus/semantic/while.txt" = 0.34 s
[ 1783/26691] Prism::RipperTest#"test_seattlerb/mlhs_mid_splat.txt" = 0.07 s
[ 1784/26691] Prism::RipperTest#"test_whitequark/parser_bug_830.txt" = 0.03 s
[ 1785/26691] Prism::RipperTest#"test_seattlerb/symbol_list.txt" = 0.06 s
[ 1786/26691] Prism::RipperTest#"test_seattlerb/parse_line_postexe.txt" = 0.03 s
[ 1787/26691] Prism::RipperTest#"test_seattlerb/difficult4__leading_dots.txt" = 0.03 s
[ 1788/26691] Prism::RipperTest#"test_keyword_method_names.txt" = 0.32 s
[ 1789/26691] Prism::RipperTest#"test_whitequark/symbol_interp.txt" = 0.04 s
[ 1790/26691] Prism::RipperTest#"test_seattlerb/iter_args_2__19.txt" = 0.05 s
[ 1791/26691] Prism::RipperTest#"test_whitequark/rational.txt" = 0.03 s
[ 1792/26691] Prism::RipperTest#"test_seattlerb/str_single_double_escaped_newline.txt" = 0.04 s
[ 1793/26691] Prism::RipperTest#"test_seattlerb/call_kwsplat.txt" = 0.04 s
[ 1794/26691] Prism::RipperTest#"test_seattlerb/masgn_arg_ident.txt" = 0.05 s
[ 1795/26691] Prism::RipperTest#"test_heredoc_with_comment.txt" = 0.03 s
[ 1796/26691] Prism::RipperTest#"test_whitequark/space_args_arg.txt" = 0.05 s
[ 1797/26691] Prism::RipperTest#"test_yield.txt" = 0.15 s
[ 1798/26691] Prism::RipperTest#"test_seattlerb/if_elsif.txt" = 0.04 s
[ 1799/26691] Prism::RipperTest#"test_hashes.txt" = 0.33 s
[ 1800/26691] Prism::RipperTest#"test_seattlerb/call_stabby_with_braces_block.txt" = 0.06 s
[ 1801/26691] Prism::RipperTest#"test_seattlerb/call_leading_dots.txt" = 0.04 s
[ 1802/26691] Prism::RipperTest#"test_seattlerb/defs_endless_command_rescue.txt" = 0.06 s
[ 1803/26691] Prism::RipperTest#"test_whitequark/ruby_bug_11989.txt" = 0.05 s
[ 1804/26691] Prism::RipperTest#"test_seattlerb/dsym_esc_to_sym.txt" = 0.02 s
[ 1805/26691] Prism::RipperTest#"test_whitequark/not_cmd.txt" = 0.04 s
[ 1806/26691] Prism::RipperTest#"test_whitequark/masgn_attr.txt" = 0.12 s
[ 1807/26691] Prism::RipperTest#"test_seattlerb/defn_kwarg_no_parens.txt" = 0.04 s
[ 1808/26691] Prism::RipperTest#"test_whitequark/send_lambda_args_noparen.txt" = 0.06 s
[ 1809/26691] Prism::RipperTest#"test_seattlerb/lasgn_env.txt" = 0.03 s
[ 1810/26691] Prism::RipperTest#"test_whitequark/forwarded_kwrestarg_with_additional_kwarg.txt" = 0.
07 s
[ 1811/26691] Prism::RipperTest#"test_seattlerb/parse_line_return.txt" = 0.06 s
[ 1812/26691] Prism::RipperTest#"test_unparser/corpus/literal/pragma.txt" = 0.04 s
[ 1813/26691] Prism::RipperTest#"test_seattlerb/regexp_escape_extended.txt" = 0.03 s
[ 1814/26691] Prism::RipperTest#"test_whitequark/bug_do_block_in_hash_brace.txt" = 0.46 s
[ 1815/26691] Prism::RipperTest#"test_seattlerb/masgn_lhs_splat.txt" = 0.04 s
[ 1816/26691] Prism::RipperTest#"test_whitequark/rescue_else_ensure.txt" = 0.06 s
[ 1817/26691] Prism::RipperTest#"test_undef.txt" = 0.15 s
[ 1818/26691] Prism::RipperTest#"test_whitequark/var_op_asgn_cmd.txt" = 0.04 s
[ 1819/26691] Prism::RipperTest#"test_unparser/corpus/semantic/literal.txt" = 0.19 s
[ 1820/26691] Prism::RipperTest#"test_seattlerb/parse_line_dot3.txt" = 0.05 s
[ 1821/26691] Prism::RipperTest#"test_whitequark/asgn_mrhs.txt" = 0.08 s
[ 1822/26691] Prism::RipperTest#"test_unescaping.txt" = 0.09 s
[ 1823/26691] Prism::RipperTest#"test_seattlerb/case_in_hash_pat.txt" = 0.07 s
[ 1824/26691] Prism::RipperTest#"test_whitequark/op_asgn_cmd.txt" = 0.19 s
[ 1825/26691] Prism::RipperTest#"test_seattlerb/difficult4__leading_dots2.txt" = 0.03 s
[ 1826/26691] Prism::RipperTest#"test_seattlerb/call_args_assoc_trailing_comma.txt" = 0.04 s
[ 1827/26691] Prism::RipperTest#"test_embdoc_no_newline_at_end.txt" = 0.02 s
[ 1828/26691] Prism::RipperTest#"test_whitequark/args_block_pass.txt" = 0.03 s
[ 1829/26691] Prism::RipperTest#"test_whitequark/bug_heredoc_do.txt" = 0.04 s
[ 1830/26691] Prism::RipperTest#"test_seattlerb/lambda_do_vs_brace.txt" = 0.14 s
[ 1831/26691] Prism::RipperTest#"test_single_quote_heredocs.txt" = 0.02 s
[ 1832/26691] Prism::RipperTest#"test_seattlerb/bug_call_arglist_parens.txt" = 0.15 s
[ 1833/26691] Prism::RipperTest#"test_seattlerb/block_args_opt2.txt" = 0.05 s
[ 1834/26691] Prism::RipperTest#"test_seattlerb/case_in_67.txt" = 0.04 s
[ 1835/26691] Prism::RipperTest#"test_whitequark/send_binary_op.txt" = 0.37 s
[ 1836/26691] Prism::RipperTest#"test_single_method_call_with_bang.txt" = 0.02 s
[ 1837/26691] Prism::RipperTest#"test_whitequark/ruby_bug_12073.txt" = 0.10 s
[ 1838/26691] Prism::RipperTest#"test_seattlerb/iter_args_7_1.txt" = 0.05 s
[ 1839/26691] Prism::RipperTest#"test_seattlerb/case_in_hash_pat_paren_true.txt" = 0.05 s
[ 1840/26691] Prism::RipperTest#"test_seattlerb/difficult6__8.txt" = 0.06 s
[ 1841/26691] Prism::RipperTest#"test_seattlerb/heredoc_with_extra_carriage_returns.txt" = 0.03 s
[ 1842/26691] Prism::RipperTest#"test_whitequark/ruby_bug_9669.txt" = 0.06 s
[ 1843/26691] Prism::RipperTest#"test_whitequark/array_symbols_interp.txt" = 0.08 s
[ 1844/26691] Prism::RipperTest#"test_whitequark/alias.txt" = 0.03 s
[ 1845/26691] Prism::RipperTest#"test_whitequark/case_cond.txt" = 0.04 s
[ 1846/26691] Prism::RipperTest#"test_whitequark/asgn_cmd.txt" = 0.07 s
[ 1847/26691] Prism::RipperTest#"test_whitequark/begin_cmdarg.txt" = 0.06 s
[ 1848/26691] Prism::RipperTest#"test_whitequark/array_splat.txt" = 0.08 s
[ 1849/26691] Prism::RipperTest#"test_whitequark/pattern_matching_else.txt" = 0.04 s
[ 1850/26691] Prism::RipperTest#"test_seattlerb/const_op_asgn_and2.txt" = 0.03 s
[ 1851/26691] Prism::RipperTest#"test_seattlerb/regexp_esc_u.txt" = 0.03 s
[ 1852/26691] Prism::RipperTest#"test_seattlerb/case_in_find_array.txt" = 0.05 s
[ 1853/26691] Prism::RipperTest#"test_whitequark/pattern_matching_single_line.txt" = 0.05 s
[ 1854/26691] Prism::RipperTest#"test_whitequark/cond_begin_masgn.txt" = 0.06 s
[ 1855/26691] Prism::RipperTest#"test_seattlerb/op_asgn_dot_ident_command_call.txt" = 0.05 s
[ 1856/26691] Prism::RipperTest#"test_whitequark/pattern_matching_blank_else.txt" = 0.04 s
[ 1857/26691] Prism::RipperTest#"test_seattlerb/call_lt.txt" = 0.03 s
[ 1858/26691] Prism::RipperTest#"test_whitequark/pattern_matching__FILE__LINE_literals.txt" = 0.07 s
[ 1859/26691] Prism::RipperTest#"test_seattlerb/defn_opt_last_arg.txt" = 0.04 s
[ 1860/26691] Prism::RipperTest#"test_whitequark/rescue_mod_op_assign.txt" = 0.04 s
[ 1861/26691] Prism::RipperTest#"test_whitequark/preexe.txt" = 0.02 s
[ 1862/26691] Prism::RipperTest#"test_unparser/corpus/literal/since/31.txt" = 0.09 s
[ 1863/26691] Prism::RipperTest#"test_unparser/corpus/semantic/kwbegin.txt" = 0.26 s
[ 1864/26691] Prism::RipperTest#"test_seattlerb/defn_oneliner_rescue.txt" = 0.18 s
[ 1865/26691] Prism::RipperTest#"test_seattlerb/block_kw.txt" = 0.04 s
[ 1866/26691] Prism::RipperTest#"test_seattlerb/slashy_newlines_within_string.txt" = 0.06 s
[ 1867/26691] Prism::RipperTest#"test_seattlerb/do_bug.txt" = 0.07 s
[ 1868/26691] Prism::RipperTest#"test_whitequark/cond_eflipflop.txt" = 0.06 s
[ 1869/26691] Prism::RipperTest#"test_whitequark/ruby_bug_11873_a.txt" = 1.73 s
[ 1870/26691] Prism::RipperTest#"test_seattlerb/block_arg_optional.txt" = 0.05 s
[ 1871/26691] Prism::RipperTest#"test_seattlerb/parse_opt_call_args_assocs_comma.txt" = 0.04 s
[ 1872/26691] Prism::RipperTest#"test_whitequark/false.txt" = 0.02 s
[ 1873/26691] Prism::RipperTest#"test_regex_escape_encoding.txt" = 0.05 s
[ 1874/26691] Prism::RipperTest#"test_seattlerb/block_arg__bare.txt" = 0.04 s
[ 1875/26691] Prism::RipperTest#"test_seattlerb/parse_pattern_058_2.txt" = 0.06 s
[ 1876/26691] Prism::RipperTest#"test_seattlerb/parse_line_block_inline_comment_leading_newlines.txt
" = 0.04 s
[ 1877/26691] Prism::RipperTest#"test_seattlerb/iter_args_10_1.txt" = 0.06 s
[ 1878/26691] Prism::RipperTest#"test_seattlerb/call_star2.txt" = 0.03 s
[ 1879/26691] Prism::RipperTest#"test_seattlerb/difficult3__8.txt" = 0.06 s
[ 1880/26691] Prism::RipperTest#"test_seattlerb/const_3_op_asgn_or.txt" = 0.03 s
[ 1881/26691] Prism::RipperTest#"test_seattlerb/stabby_block_iter_call.txt" = 0.07 s
[ 1882/26691] Prism::RipperTest#"test_whitequark/bug_def_no_paren_eql_begin.txt" = 0.04 s
[ 1883/26691] Prism::RipperTest#"test_whitequark/cond_iflipflop_with_endless_range.txt" = 0.03 s
[ 1884/26691] Prism::RipperTest#"test_whitequark/ruby_bug_13547.txt" = 0.03 s
[ 1885/26691] Prism::RipperTest#"test_whitequark/range_exclusive.txt" = 0.02 s
[ 1886/26691] Prism::RipperTest#"test_whitequark/int___LINE__.txt" = 0.02 s
[ 1887/26691] Prism::RipperTest#"test_seattlerb/interpolated_word_array_line_breaks.txt" = 0.04 s
[ 1888/26691] Prism::RipperTest#"test_seattlerb/defs_oneliner.txt" = 0.06 s
[ 1889/26691] Prism::RipperTest#"test_seattlerb/parse_line_block_inline_comment.txt" = 0.04 s
[ 1890/26691] Prism::RipperTest#"test_procs.txt" = 0.44 s
[ 1891/26691] Prism::RipperTest#"test_whitequark/restarg_unnamed.txt" = 0.04 s
[ 1892/26691] Prism::RipperTest#"test_seattlerb/defn_opt_splat_arg.txt" = 0.05 s
[ 1893/26691] Prism::RipperTest#"test_seattlerb/parse_line_block.txt" = 0.04 s
[ 1894/26691] Prism::RipperTest#"test_unparser/corpus/literal/while.txt" = 0.76 s
[ 1895/26691] Prism::RipperTest#"test_seattlerb/qsymbols_empty_space.txt" = 0.02 s
[ 1896/26691] Prism::RipperTest#"test_seattlerb/index_0.txt" = 0.03 s
[ 1897/26691] Prism::RipperTest#"test_seattlerb/str_pct_Q_nested.txt" = 0.04 s
[ 1898/26691] Prism::RipperTest#"test_seattlerb/case_in_array_pat_const.txt" = 0.05 s
[ 1899/26691] Prism::RipperTest#"test_seattlerb/difficult0_.txt" = 0.06 s
[ 1900/26691] Prism::RipperTest#"test_whitequark/send_unary_op.txt" = 0.05 s
[ 1901/26691] Prism::RipperTest#"test_seattlerb/block_opt_splat_arg_block_omfg.txt" = 0.06 s
[ 1902/26691] Prism::RipperTest#"test_seattlerb/iter_args_8_2.txt" = 0.06 s
[ 1903/26691] Prism::RipperTest#"test_seattlerb/read_escape_unicode_curlies.txt" = 0.02 s
[ 1904/26691] Prism::RipperTest#"test_seattlerb/parse_line_call_ivar_line_break_paren.txt" = 0.04 s
[ 1905/26691] Prism::RipperTest#"test_whitequark/rescue_mod.txt" = 0.03 s
[ 1906/26691] Prism::RipperTest#"test_seattlerb/call_bang_squiggle.txt" = 0.03 s
[ 1907/26691] Prism::RipperTest#"test_endless_methods.txt" = 0.09 s
[ 1908/26691] Prism::RipperTest#"test_seattlerb/defs_as_arg_with_do_block_inside.txt" = 0.07 s
[ 1909/26691] Prism::RipperTest#"test_seattlerb/parse_line_preexe.txt" = 0.03 s
[ 1910/26691] Prism::RipperTest#"test_seattlerb/defn_splat_arg.txt" = 0.04 s
[ 1911/26691] Prism::RipperTest#"test_whitequark/method_definition_in_while_cond.txt" = 0.23 s
[ 1912/26691] Prism::RipperTest#"test_seattlerb/call_begin_call_block_call.txt" = 0.06 s
[ 1913/26691] Prism::RipperTest#"test_patterns.txt" = 5.16 s
[ 1914/26691] Prism::RipperTest#"test_seattlerb/bug_hash_args.txt" = 0.05 s
[ 1915/26691] Prism::RipperTest#"test_seattlerb/block_opt_arg.txt" = 0.05 s
[ 1916/26691] Prism::RipperTest#"test_whitequark/masgn.txt" = 0.12 s
[ 1917/26691] Prism::RipperTest#"test_whitequark/bug_473.txt" = 0.05 s
[ 1918/26691] Prism::RipperTest#"test_seattlerb/safe_attrasgn.txt" = 0.03 s
[ 1919/26691] Prism::RipperTest#"test_whitequark/kwarg.txt" = 0.04 s
[ 1920/26691] Prism::RipperTest#"test_whitequark/unary_num_pow_precedence.txt" = 0.06 s
[ 1921/26691] Prism::RipperTest#"test_seattlerb/bug179.txt" = 0.04 s
[ 1922/26691] Prism::RipperTest#"test_seattlerb/mlhs_rescue.txt" = 0.04 s
[ 1923/26691] Prism::RipperTest#"test_super.txt" = 0.22 s
[ 1924/26691] Prism::RipperTest#"test_seattlerb/case_in_hash_pat_paren_assign.txt" = 0.06 s
[ 1925/26691] Prism::RipperTest#"test_seattlerb/regexp_unicode_curlies.txt" = 0.04 s
[ 1926/26691] Prism::RipperTest#"test_whitequark/send_conditional.txt" = 0.03 s
[ 1927/26691] Prism::RipperTest#"test_ranges.txt" = 0.50 s
[ 1928/26691] Prism::RipperTest#"test_rescue.txt" = 0.56 s
[ 1929/26691] Prism::RipperTest#"test_whitequark/arg.txt" = 0.06 s
[ 1930/26691] Prism::RipperTest#"test_seattlerb/bug_and.txt" = 0.04 s
[ 1931/26691] Prism::RipperTest#"test_seattlerb/bug_op_asgn_rescue.txt" = 0.03 s
[ 1932/26691] Prism::RipperTest#"test_whitequark/space_args_cmd.txt" = 0.05 s
[ 1933/26691] Prism::RipperTest#"test_whitequark/nth_ref.txt" = 0.02 s
[ 1934/26691] Prism::RipperTest#"test_seattlerb/pct_w_heredoc_interp_nested.txt" = 0.08 s
[ 1935/26691] Prism::RipperTest#"test_seattlerb/defs_oneliner_eq2.txt" = 0.06 s
[ 1936/26691] Prism::RipperTest#"test_whitequark/bug_447.txt" = 0.08 s
[ 1937/26691] Prism::RipperTest#"test_seattlerb/symbols_empty_space.txt" = 0.02 s
[ 1938/26691] Prism::RipperTest#"test_seattlerb/defn_oneliner_noargs.txt" = 0.03 s
[ 1939/26691] Prism::RipperTest#"test_seattlerb/parse_line_heredoc.txt" = 0.06 s
[ 1940/26691] Prism::RipperTest#"test_seattlerb/f_kw.txt" = 0.04 s
[ 1941/26691] Prism::RipperTest#"test_whitequark/until.txt" = 0.05 s
[ 1942/26691] Prism::RipperTest#"test_range_begin_open_inclusive.txt" = 0.46 s
[ 1943/26691] Prism::RipperTest#"test_whitequark/const_op_asgn.txt" = 0.14 s
[ 1944/26691] Prism::RipperTest#"test_whitequark/const_toplevel.txt" = 0.02 s
[ 1945/26691] Prism::RipperTest#"test_seattlerb/defn_powarg.txt" = 0.04 s
[ 1946/26691] Prism::RipperTest#"test_seattlerb/parse_line_block_inline_multiline_comment.txt" = 0.0
4 s
[ 1947/26691] Prism::RipperTest#"test_heredocs_nested.txt" = 0.14 s
[ 1948/26691] Prism::RipperTest#"test_seattlerb/difficult3_.txt" = 0.06 s
[ 1949/26691] Prism::RipperTest#"test_seattlerb/call_assoc_trailing_comma.txt" = 0.04 s
[ 1950/26691] Prism::RipperTest#"test_seattlerb/parse_line_hash_lit.txt" = 0.03 s
[ 1951/26691] Prism::RipperTest#"test_seattlerb/super_arg.txt" = 0.03 s
[ 1952/26691] Prism::RipperTest#"test_seattlerb/heredoc_squiggly_interp.txt" = 0.08 s
[ 1953/26691] Prism::RipperTest#"test_seattlerb/aref_args_assocs.txt" = 0.04 s
[ 1954/26691] Prism::RipperTest#"test_seattlerb/case_in_if_unless_post_mod.txt" = 0.07 s
[ 1955/26691] Prism::RipperTest#"test_seattlerb/case_in_multiple.txt" = 0.07 s
[ 1956/26691] Prism::RipperTest#"test_whitequark/cvasgn.txt" = 0.02 s
[ 1957/26691] Prism::RipperTest#"test_seattlerb/difficult1_line_numbers2.txt" = 0.21 s
[ 1958/26691] Prism::RipperTest#"test_seattlerb/lasgn_middle_splat.txt" = 0.05 s
[ 1959/26691] Prism::RipperTest#"test_whitequark/regex_plain.txt" = 0.03 s
[ 1960/26691] Prism::RipperTest#"test_seattlerb/difficult3_2.txt" = 0.05 s
[ 1961/26691] Prism::RipperTest#"test_seattlerb/case_in_const.txt" = 0.04 s
[ 1962/26691] Prism::RipperTest#"test_seattlerb/dstr_evstr_empty_end.txt" = 0.03 s
[ 1963/26691] Prism::RipperTest#"test_seattlerb/op_asgn_command_call.txt" = 0.05 s
[ 1964/26691] Prism::RipperTest#"test_whitequark/bug_while_not_parens_do.txt" = 0.03 s
[ 1965/26691] Prism::RipperTest#"test_seattlerb/defn_unary_not.txt" = 0.03 s
[ 1966/26691] Prism::RipperTest#"test_whitequark/send_lambda_args.txt" = 0.06 s
[ 1967/26691] Prism::RipperTest#"test_unparser/corpus/literal/flipflop.txt" = 0.17 s
[ 1968/26691] Prism::RipperTest#"test_seattlerb/case_in_hash_pat_rest.txt" = 0.06 s
[ 1969/26691] Prism::RipperTest#"test_seattlerb/str_evstr.txt" = 0.04 s
[ 1970/26691] Prism::RipperTest#"test_seattlerb/str_double_double_escaped_newline.txt" = 0.04 s
[ 1971/26691] Prism::RipperTest#"test_seattlerb/attrasgn_primary_dot_constant.txt" = 0.03 s
[ 1972/26691] Prism::RipperTest#"test_whitequark/numparam_outside_block.txt" = 0.21 s
[ 1973/26691] Prism::RipperTest#"test_seattlerb/iter_args_5.txt" = 0.05 s
[ 1974/26691] Prism::RipperTest#"test_seattlerb/block_arg_scope2.txt" = 0.05 s
[ 1975/26691] Prism::RipperTest#"test_whitequark/hash_kwsplat.txt" = 0.04 s
[ 1976/26691] Prism::RipperTest#"test_whitequark/bug_452.txt" = 0.07 s
[ 1977/26691] Prism::RipperTest#"test_seattlerb/str_single_newline.txt" = 0.04 s
[ 1978/26691] Prism::RipperTest#"test_seattlerb/messy_op_asgn_lineno.txt" = 0.08 s
[ 1979/26691] Prism::RipperTest#"test_whitequark/forwarded_argument_with_kwrestarg.txt" = 0.13 s
[ 1980/26691] Prism::RipperTest#"test_seattlerb/bang_eq.txt" = 0.03 s
[ 1981/26691] Prism::RipperTest#"test_seattlerb/heredoc_squiggly_no_indent.txt" = 0.03 s
[ 1982/26691] Prism::RipperTest#"test_whitequark/while_mod.txt" = 0.03 s
[ 1983/26691] Prism::RipperTest#"test_seattlerb/bug_187.txt" = 0.06 s
[ 1984/26691] Prism::RipperTest#"test_seattlerb/ruby21_numbers.txt" = 0.04 s
[ 1985/26691] Prism::RipperTest#"test_break.txt" = 0.64 s
[ 1986/26691] Prism::RipperTest#"test_seattlerb/block_kw__required.txt" = 0.04 s
[ 1987/26691] Prism::RipperTest#"test_whitequark/args.txt" = 1.34 s
[ 1988/26691] Prism::RipperTest#"test_seattlerb/lasgn_call_nobracket_rescue_arg.txt" = 0.04 s
[ 1989/26691] Prism::RipperTest#"test_whitequark/resbody_var.txt" = 0.15 s
[ 1990/26691] Prism::RipperTest#"test_seattlerb/qsymbols.txt" = 0.04 s
[ 1991/26691] Prism::RipperTest#"test_whitequark/float.txt" = 0.03 s
[ 1992/26691] Prism::RipperTest#"test_whitequark/const_scoped.txt" = 0.02 s
[ 1993/26691] Prism::RipperTest#"test_range_beginless.txt" = 0.10 s
[ 1994/26691] Prism::RipperTest#"test_command_method_call.txt" = 1.00 s
[ 1995/26691] Prism::RipperTest#"test_seattlerb/rescue_parens.txt" = 0.05 s
[ 1996/26691] Prism::RipperTest#"test_seattlerb/bug_args_masgn2.txt" = 0.06 s
[ 1997/26691] Prism::RipperTest#"test_whitequark/ensure.txt" = 0.04 s
[ 1998/26691] Prism::RipperTest#"test_seattlerb/difficult6_.txt" = 0.07 s
[ 1999/26691] Prism::RipperTest#"test_whitequark/parser_bug_490.txt" = 0.13 s
[ 2000/26691] Prism::RipperTest#"test_seattlerb/required_kwarg_no_value.txt" = 0.04 s
[ 2001/26691] Prism::RipperTest#"test_whitequark/bug_ascii_8bit_in_literal.txt" = 0.03 s
[ 2002/26691] Prism::RipperTest#"test_whitequark/ruby_bug_12402.txt" = 0.82 s
[ 2003/26691] Prism::RipperTest#"test_unparser/corpus/literal/empty.txt" = 0.02 s
[ 2004/26691] Prism::RipperTest#"test_seattlerb/lasgn_arg_rescue_arg.txt" = 0.03 s
[ 2005/26691] Prism::RipperTest#"test_seattlerb/alias_gvar_backref.txt" = 0.03 s
[ 2006/26691] Prism::RipperTest#"test_whitequark/bug_466.txt" = 0.08 s
[ 2007/26691] Prism::RipperTest#"test_for.txt" = 0.29 s
[ 2008/26691] Prism::RipperTest#"test_whitequark/def.txt" = 0.11 s
[ 2009/26691] Prism::RipperTest#"test_whitequark/unless.txt" = 0.05 s
[ 2010/26691] Prism::RipperTest#"test_seattlerb/case_in_42_2.txt" = 0.05 s
[ 2011/26691] Prism::RipperTest#"test_seattlerb/case_in_31.txt" = 0.05 s
[ 2012/26691] Prism::RipperTest#"test_seattlerb/heredoc_with_not_global_interpolation.txt" = 0.02 s
[ 2013/26691] Prism::RipperTest#"test_seattlerb/defn_no_kwargs.txt" = 0.03 s
[ 2014/26691] Prism::RipperTest#"test_whitequark/kwoptarg_with_kwrestarg_and_forwarded_args.txt" = 0
.06 s
[ 2015/26691] Prism::RipperTest#"test_seattlerb/expr_not_bang.txt" = 0.04 s
[ 2016/26691] Prism::RipperTest#"test_whitequark/cond_eflipflop_with_endless_range.txt" = 0.03 s
[ 2017/26691] Prism::RipperTest#"test_seattlerb/case_in_hash_pat_rest_solo.txt" = 0.05 s
[ 2018/26691] Prism::RipperTest#"test_whitequark/parser_bug_989.txt" = 0.02 s
[ 2019/26691] Prism::RipperTest#"test_seattlerb/heredoc_squiggly_tabs_extra.txt" = 0.05 s
[ 2020/26691] Prism::RipperTest#"test_seattlerb/parse_line_evstr_after_break.txt" = 0.05 s
[ 2021/26691] Prism::RipperTest#"test_seattlerb/mlhs_front_splat.txt" = 0.05 s
[ 2022/26691] Prism::RipperTest#"test_unparser/corpus/semantic/def.txt" = 0.08 s
[ 2023/26691] Prism::RipperTest#"test_whitequark/if_elsif.txt" = 0.06 s
[ 2024/26691] Prism::RipperTest#"test_seattlerb/defn_arg_forward_args.txt" = 0.15 s
[ 2025/26691] Prism::RipperTest#"test_seattlerb/op_asgn_index_command_call.txt" = 0.06 s
[ 2026/26691] Prism::RipperTest#"test_whitequark/newline_in_hash_argument.txt" = 0.15 s
[ 2027/26691] Prism::RipperTest#"test_seattlerb/pct_Q_backslash_nl.txt" = 0.02 s
[ 2028/26691] Prism::RipperTest#"test_seattlerb/if_symbol.txt" = 0.04 s
[ 2029/26691] Prism::RipperTest#"test_whitequark/heredoc.txt" = 0.04 s
[ 2030/26691] Prism::RipperTest#"test_seattlerb/magic_encoding_comment.txt" = 0.08 s
[ 2031/26691] Prism::RipperTest#"test_seattlerb/masgn_colon2.txt" = 0.05 s
[ 2032/26691] Prism::RipperTest#"test_whitequark/send_lambda.txt" = 0.06 s
[ 2033/26691] Prism::RipperTest#"test_seattlerb/call_array_block_call.txt" = 0.06 s
[ 2034/26691] Prism::RipperTest#"test_seattlerb/call_block_arg_named.txt" = 0.03 s
[ 2035/26691] Prism::RipperTest#"test_unparser/corpus/literal/unary.txt" = 0.19 s
[ 2036/26691] Prism::RipperTest#"test_unparser/corpus/literal/module.txt" = 0.14 s
[ 2037/26691] Prism::RipperTest#"test_seattlerb/args_kw_block.txt" = 0.05 s
[ 2038/26691] Prism::RipperTest#"test_seattlerb/masgn_paren.txt" = 0.05 s
[ 2039/26691] Prism::RipperTest#"test_seattlerb/aref_args_lit_assocs.txt" = 0.04 s
[ 2040/26691] Prism::RipperTest#"test_unparser/corpus/literal/singletons.txt" = 0.04 s
[ 2041/26691] Prism::RipperTest#"test_seattlerb/heredoc_with_extra_carriage_returns_windows.txt" = 0
.03 s
[ 2042/26691] Prism::RipperTest#"test_whitequark/bug_480.txt" = 0.05 s
[ 2043/26691] Prism::RipperTest#"test_whitequark/send_plain.txt" = 0.07 s
[ 2044/26691] Prism::RipperTest#"test_whitequark/not.txt" = 0.04 s
[ 2045/26691] Prism::RipperTest#"test_seattlerb/parse_line_heredoc_evstr.txt" = 0.04 s
[ 2046/26691] Prism::RipperTest#"test_seattlerb/str_double_newline.txt" = 0.04 s
[ 2047/26691] Prism::RipperTest#"test_whitequark/kwoptarg.txt" = 0.04 s
[ 2048/26691] Prism::RipperTest#"test_unparser/corpus/literal/variables.txt" = 0.09 s
[ 2049/26691] Prism::RipperTest#"test_seattlerb/eq_begin_why_wont_people_use_their_spacebar.txt" = 0
.05 s
[ 2050/26691] Prism::RipperTest#"test_seattlerb/call_star.txt" = 0.03 s
[ 2051/26691] Prism::RipperTest#"test_seattlerb/iter_args_1.txt" = 0.04 s
[ 2052/26691] Prism::RipperTest#"test_seattlerb/heredoc_with_interpolation_and_carriage_return_escap
es_windows.txt" = 0.04 s
[ 2053/26691] Prism::RipperTest#"test_unparser/corpus/literal/alias.txt" = 0.04 s
[ 2054/26691] Prism::RipperTest#"test_seattlerb/block_kwarg_lvar_multiple.txt" = 0.06 s
[ 2055/26691] Prism::RipperTest#"test_seattlerb/stabby_proc_scope.txt" = 0.03 s
[ 2056/26691] Prism::RipperTest#"test_seattlerb/call_array_lambda_block_call.txt" = 0.07 s
[ 2057/26691] Prism::RipperTest#"test_whitequark/or_asgn.txt" = 0.07 s
[ 2058/26691] Prism::RipperTest#"test_seattlerb/stabby_block_kw.txt" = 0.04 s
[ 2059/26691] Prism::RipperTest#"test_seattlerb/block_call_operation_colon.txt" = 0.06 s
[ 2060/26691] Prism::RipperTest#"test_seattlerb/call_arg_kwsplat.txt" = 0.05 s
[ 2061/26691] Prism::RipperTest#"test_whitequark/op_asgn_index.txt" = 0.04 s
[ 2062/26691] Prism::RipperTest#"test_seattlerb/lasgn_ivar_env.txt" = 0.02 s
[ 2063/26691] Prism::RipperTest#"test_seattlerb/case_in.txt" = 1.18 s
[ 2064/26691] Prism::RipperTest#"test_whitequark/ternary_ambiguous_symbol.txt" = 0.05 s
[ 2065/26691] Prism::RipperTest#"test_whitequark/string_interp.txt" = 0.14 s
[ 2066/26691] Prism::RipperTest#"test_seattlerb/masgn_var_star_var.txt" = 0.04 s
[ 2067/26691] Prism::RipperTest#"test_seattlerb/block_reg_optarg.txt" = 0.05 s
[ 2068/26691] Prism::RipperTest#"test_seattlerb/lasgn_command.txt" = 0.05 s
[ 2069/26691] Prism::RipperTest#"test_seattlerb/str_heredoc_interp.txt" = 0.04 s
[ 2070/26691] Prism::RipperTest#"test_whitequark/rescue_ensure.txt" = 0.05 s
[ 2071/26691] Prism::RipperTest#"test_seattlerb/safe_call_after_newline.txt" = 0.03 s
[ 2072/26691] Prism::RipperTest#"test_whitequark/blockarg.txt" = 0.04 s
[ 2073/26691] Prism::RipperTest#"test_seattlerb/bug_case_when_regexp.txt" = 0.04 s
[ 2074/26691] Prism::RipperTest#"test_seattlerb/when_splat.txt" = 0.13 s
[ 2075/26691] Prism::RipperTest#"test_whitequark/hash_pair_value_omission.txt" = 0.06 s
[ 2076/26691] Prism::RipperTest#"test_seattlerb/defns_reserved.txt" = 0.03 s
[ 2077/26691] Prism::RipperTest#"test_unparser/corpus/literal/since/27.txt" = 0.05 s
[ 2078/26691] Prism::RipperTest#"test_seattlerb/block_args_kwargs.txt" = 0.05 s
[ 2079/26691] Prism::RipperTest#"test_seattlerb/block_opt_splat.txt" = 0.05 s
[ 2080/26691] Prism::RipperTest#"test_seattlerb/flip2_env_lvar.txt" = 0.04 s
[ 2081/26691] Prism::RipperTest#"test_whitequark/ensure_empty.txt" = 0.03 s
[ 2082/26691] Prism::RipperTest#"test_comments.txt" = 0.21 s
[ 2083/26691] Prism::RipperTest#"test_seattlerb/heredoc_squiggly_tabs.txt" = 0.05 s
[ 2084/26691] Prism::RipperTest#"test_modules.txt" = 0.21 s
[ 2085/26691] Prism::RipperTest#"test_whitequark/endless_method_forwarded_args_legacy.txt" = 0.04 s
[ 2086/26691] Prism::RipperTest#"test_seattlerb/difficult3_5.txt" = 0.06 s
[ 2087/26691] Prism::RipperTest#"test_range_begin_open_exclusive.txt" = 0.02 s
[ 2088/26691] Prism::RipperTest#"test_whitequark/for_mlhs.txt" = 0.06 s
[ 2089/26691] Prism::RipperTest#"test_seattlerb/regexp.txt" = 0.08 s
[ 2090/26691] Prism::RipperTest#"test_whitequark/resbody_list_mrhs.txt" = 0.06 s
[ 2091/26691] Prism::RipperTest#"test_seattlerb/parse_line_dot3_open.txt" = 0.04 s
[ 2092/26691] Prism::RipperTest#"test_whitequark/args_cmd.txt" = 0.05 s
[ 2093/26691] Prism::RipperTest#"test_whitequark/masgn_const.txt" = 0.06 s
[ 2094/26691] Prism::RipperTest#"test_seattlerb/call_arg_assoc_kwsplat.txt" = 0.05 s
[ 2095/26691] Prism::RipperTest#"test_seattlerb/parse_pattern_069.txt" = 0.05 s
[ 2096/26691] Prism::RipperTest#"test_seattlerb/rescue_in_block.txt" = 0.05 s
[ 2097/26691] Prism::RipperTest#"test_whitequark/endless_method_command_syntax.txt" = 0.53 s
[ 2098/26691] Prism::RipperTest#"test_seattlerb/bdot3.txt" = 0.05 s
[ 2099/26691] Prism::RipperTest#"test_seattlerb/qsymbols_empty.txt" = 0.02 s
[ 2100/26691] Prism::RipperTest#"test_whitequark/args_assocs_comma.txt" = 0.05 s
[ 2101/26691] Prism::RipperTest#"test_unparser/corpus/literal/defined.txt" = 0.09 s
[ 2102/26691] Prism::RipperTest#"test_seattlerb/TestRubyParserShared.txt" = 0.69 s
[ 2103/26691] Prism::RipperTest#"test_blocks.txt" = 0.97 s
[ 2104/26691] Prism::RipperTest#"test_seattlerb/heredoc_squiggly.txt" = 0.06 s
[ 2105/26691] Prism::RipperTest#"test_seattlerb/block_arg_scope.txt" = 0.05 s
[ 2106/26691] Prism::RipperTest#"test_seattlerb/difficult3__10.txt" = 0.06 s
[ 2107/26691] Prism::RipperTest#"test_seattlerb/lasgn_lasgn_command_call.txt" = 0.04 s
[ 2108/26691] Prism::RipperTest#"test_seattlerb/str_single_escaped_newline.txt" = 0.04 s
[ 2109/26691] Prism::RipperTest#"test_seattlerb/defs_comments.txt" = 0.04 s
[ 2110/26691] Prism::RipperTest#"test_whitequark/op_asgn.txt" = 0.15 s
[ 2111/26691] Prism::RipperTest#"test_whitequark/kwrestarg_named.txt" = 0.04 s
[ 2112/26691] Prism::RipperTest#"test_seattlerb/call_eq3.txt" = 0.03 s
[ 2113/26691] Prism::RipperTest#"test_seattlerb/safe_op_asgn2.txt" = 0.04 s
[ 2114/26691] Prism::RipperTest#"test_seattlerb/interpolated_symbol_array_line_breaks.txt" = 0.04 s
[ 2115/26691] Prism::RipperTest#"test_whitequark/nil.txt" = 0.02 s
[ 2116/26691] Prism::RipperTest#"test_unparser/corpus/semantic/undef.txt" = 0.04 s
[ 2117/26691] Prism::RipperTest#"test_unparser/corpus/literal/super.txt" = 0.30 s
[ 2118/26691] Prism::RipperTest#"test_whitequark/forwarded_kwrestarg.txt" = 0.06 s
[ 2119/26691] Prism::RipperTest#"test_seattlerb/masgn_command_call.txt" = 0.05 s
[ 2120/26691] Prism::RipperTest#"test_seattlerb/unary_minus.txt" = 0.02 s
[ 2121/26691] Prism::RipperTest#"test_numbers.txt" = 0.28 s
[ 2122/26691] Prism::RipperTest#"test_seattlerb/call_dot_parens.txt" = 0.03 s
[ 2123/26691] Prism::RipperTest#"test_seattlerb/and_multi.txt" = 0.03 s
[ 2124/26691] Prism::RipperTest#"test_seattlerb/heredoc_with_interpolation_and_carriage_return_escap
es.txt" = 0.04 s
[ 2125/26691] Prism::RipperTest#"test_seattlerb/return_call_assocs.txt" = 0.32 s
[ 2126/26691] Prism::RipperTest#"test_heredoc.txt" = 0.02 s
[ 2127/26691] Prism::RipperTest#"test_whitequark/send_attr_asgn_conditional.txt" = 0.03 s
[ 2128/26691] Prism::RipperTest#"test_seattlerb/op_asgn_primary_colon_identifier_command_call.txt" =
 0.05 s
[ 2129/26691] Prism::RipperTest#"test_seattlerb/array_lits_trailing_calls.txt" = 0.05 s
[ 2130/26691] Prism::RipperTest#"test_whitequark/lvar.txt" = 0.02 s
[ 2131/26691] Prism::RipperTest#"test_seattlerb/array_line_breaks.txt" = 0.05 s
[ 2132/26691] Prism::RipperTest#"test_whitequark/range_inclusive.txt" = 0.03 s
[ 2133/26691] Prism::RipperTest#"test_whitequark/array_assocs.txt" = 0.12 s
[ 2134/26691] Prism::RipperTest#"test_seattlerb/parse_line_heredoc_hardnewline.txt" = 0.04 s
[ 2135/26691] Prism::RipperTest#"test_seattlerb/bug_args_masgn.txt" = 0.05 s
[ 2136/26691] Prism::RipperTest#"test_seattlerb/case_in_47.txt" = 0.06 s
[ 2137/26691] Prism::RipperTest#"test_seattlerb/str_str.txt" = 0.04 s
[ 2138/26691] Prism::RipperTest#"test_seattlerb/call_assoc_new_if_multiline.txt" = 0.07 s
[ 2139/26691] Prism::RipperTest#"test_seattlerb/iter_kwarg_kwsplat.txt" = 0.05 s
[ 2140/26691] Prism::RipperTest#"test_seattlerb/pct_nl.txt" = 0.03 s
[ 2141/26691] Prism::RipperTest#"test_seattlerb/parse_line_dstr_soft_newline.txt" = 0.04 s
[ 2142/26691] Prism::RipperTest#"test_whitequark/module.txt" = 0.08 s
[ 2143/26691] Prism::RipperTest#"test_seattlerb/heredoc_comma_arg.txt" = 0.05 s
[ 2144/26691] Prism::RipperTest#"test_seattlerb/stabby_arg_no_paren.txt" = 0.03 s
[ 2145/26691] Prism::RipperTest#"test_return.txt" = 0.29 s
[ 2146/26691] Prism::RipperTest#"test_seattlerb/bug190.txt" = 0.03 s
[ 2147/26691] Prism::RipperTest#"test_whitequark/parser_bug_640.txt" = 0.04 s
[ 2148/26691] Prism::RipperTest#"test_while.txt" = 0.60 s
[ 2149/26691] Prism::RipperTest#"test_endless_range_in_conditional.txt" = 0.06 s
[ 2150/26691] Prism::RipperTest#"test_seattlerb/heredoc_with_only_carriage_returns_windows.txt" = 0.
03 s
[ 2151/26691] Prism::RipperTest#"test_whitequark/cpath.txt" = 0.04 s
[ 2152/26691] Prism::RipperTest#"test_seattlerb/mlhs_mid_anonsplat.txt" = 0.07 s
[ 2153/26691] Prism::RipperTest#"test_seattlerb/str_pct_nested_nested.txt" = 0.06 s
[ 2154/26691] Prism::RipperTest#"test_seattlerb/block_args_opt2_2.txt" = 0.08 s
[ 2155/26691] Prism::RipperTest#"test_seattlerb/begin_rescue_else_ensure_bodies.txt" = 0.06 s
[ 2156/26691] Prism::RipperTest#"test_seattlerb/parse_pattern_044.txt" = 0.04 s
[ 2157/26691] Prism::RipperTest#"test_seattlerb/assoc__bare.txt" = 0.03 s
[ 2158/26691] Prism::RipperTest#"test_seattlerb/safe_call_rhs_newline.txt" = 0.04 s
[ 2159/26691] Prism::RipperTest#"test_constants.txt" = 2.14 s
[ 2160/26691] Prism::RipperTest#"test_seattlerb/iter_args_6.txt" = 0.05 s
[ 2161/26691] Prism::RipperTest#"test_seattlerb/attr_asgn_colon_id.txt" = 0.03 s
[ 2162/26691] Prism::RipperTest#"test_whitequark/casgn_unscoped.txt" = 0.02 s
[ 2163/26691] Prism::RipperTest#"test_seattlerb/__ENCODING__.txt" = 0.02 s
[ 2164/26691] Prism::RipperTest#"test_if.txt" = 0.61 s
[ 2165/26691] Prism::RipperTest#"test_arithmetic.txt" = 0.16 s
[ 2166/26691] Prism::RipperTest#"test_unparser/corpus/literal/lambda.txt" = 0.17 s
[ 2167/26691] Prism::RipperTest#"test_seattlerb/parse_line_multiline_str.txt" = 0.03 s
[ 2168/26691] Prism::RipperTest#"test_seattlerb/symbols_empty.txt" = 0.02 s
[ 2169/26691] Prism::RipperTest#"test_whitequark/ivasgn.txt" = 0.02 s
[ 2170/26691] Prism::RipperTest#"test_whitequark/endless_method_without_args.txt" = 0.11 s
[ 2171/26691] Prism::RipperTest#"test_whitequark/comments_before_leading_dot__27.txt" = 0.11 s
[ 2172/26691] Prism::RipperTest#"test_seattlerb/call_args_assoc_quoted.txt" = 0.11 s
[ 2173/26691] Prism::RipperTest#"test_seattlerb/parse_opt_call_args_lit_comma.txt" = 0.03 s
[ 2174/26691] Prism::RipperTest#"test_seattlerb/parse_line_defn_no_parens.txt" = 0.05 s
[ 2175/26691] Prism::RipperTest#"test_whitequark/resbody_list.txt" = 0.05 s
[ 2176/26691] Prism::RipperTest#"test_seattlerb/difficult3__7.txt" = 0.11 s
[ 2177/26691] Prism::RipperTest#"test_whitequark/var_and_asgn.txt" = 0.03 s
[ 2178/26691] Prism::RipperTest#"test_seattlerb/bug_comma.txt" = 0.05 s
[ 2179/26691] Prism::RipperTest#"test_seattlerb/call_leading_dots_comment.txt" = 0.04 s
[ 2180/26691] Prism::RipperTest#"test_seattlerb/bug_args__19.txt" = 0.06 s
[ 2181/26691] Prism::RipperTest#"test_seattlerb/call_assoc.txt" = 0.04 s
[ 2182/26691] Prism::RipperTest#"test_whitequark/bug_interp_single.txt" = 0.06 s
[ 2183/26691] Prism::RipperTest#"test_whitequark/until_mod.txt" = 0.03 s
[ 2184/26691] Prism::RipperTest#"test_whitequark/bug_435.txt" = 0.05 s
[ 2185/26691] Prism::RipperTest#"test_seattlerb/case_in_hash_pat_assign.txt" = 0.13 s
[ 2186/26691] Prism::RipperTest#"test_whitequark/string_dvar.txt" = 0.05 s
[ 2187/26691] Prism::RipperTest#"test_whitequark/until_post.txt" = 0.04 s
[ 2188/26691] Prism::RipperTest#"test_seattlerb/block_decomp_splat.txt" = 0.05 s
[ 2189/26691] Prism::RipperTest#"test_whitequark/lvasgn.txt" = 0.03 s
[ 2190/26691] Prism::RipperTest#"test_whitequark/numbered_args_after_27.txt" = 0.13 s
[ 2191/26691] Prism::RipperTest#"test_whitequark/endless_method_with_rescue_mod.txt" = 0.07 s
[ 2192/26691] Prism::RipperTest#"test_non_alphanumeric_methods.txt" = 0.79 s
[ 2193/26691] Prism::RipperTest#"test_seattlerb/quoted_symbol_keys.txt" = 0.04 s
[ 2194/26691] Prism::RipperTest#"test_whitequark/beginless_irange_after_newline.txt" = 0.03 s
[ 2195/26691] Prism::RipperTest#"test_seattlerb/parse_pattern_051.txt" = 0.06 s
[ 2196/26691] Prism::RipperTest#"test_whitequark/class_super.txt" = 0.08 s
[ 2197/26691] Prism::RipperTest#"test_seattlerb/method_call_assoc_trailing_comma.txt" = 0.05 s
[ 2198/26691] Prism::RipperTest#"test_whitequark/space_args_arg_newline.txt" = 0.04 s
[ 2199/26691] Prism::RipperTest#"test_seattlerb/defs_endless_command.txt" = 0.05 s
[ 2200/26691] Prism::RipperTest#"test_seattlerb/block_args_opt3.txt" = 0.09 s
[ 2201/26691] Prism::RipperTest#"test_alias.txt" = 0.22 s
[ 2202/26691] Prism::RipperTest#"test_seattlerb/utf8_bom.txt" = 0.03 s
[ 2203/26691] Prism::RipperTest#"test_whitequark/dedenting_non_interpolating_heredoc_line_continuati
on.txt" = 0.10 s
[ 2204/26691] Prism::RipperTest#"test_whitequark/class.txt" = 0.04 s
[ 2205/26691] Prism::RipperTest#"test_unparser/corpus/literal/defs.txt" = 0.43 s
[ 2206/26691] Prism::RipperTest#"test_seattlerb/defn_forward_args.txt" = 0.05 s
[ 2207/26691] Prism::RipperTest#"test_seattlerb/parse_line_op_asgn.txt" = 0.04 s
[ 2208/26691] Prism::RipperTest#"test_whitequark/interp_digit_var.txt" = 0.63 s
[ 2209/26691] Prism::RipperTest#"test_whitequark/resbody_list_var.txt" = 0.05 s
[ 2210/26691] Prism::RipperTest#"test_seattlerb/qsymbols_interp.txt" = 0.06 s
[ 2211/26691] Prism::RipperTest#"test_whitequark/and.txt" = 0.04 s
[ 2212/26691] Prism::RipperTest#"test_unparser/corpus/literal/if.txt" = 0.34 s
[ 2213/26691] Prism::RipperTest#"test_seattlerb/pctW_lineno.txt" = 0.07 s
[ 2214/26691] Prism::RipperTest#"test_seattlerb/parse_line_dot2.txt" = 0.05 s
[ 2215/26691] Prism::RipperTest#"test_seattlerb/op_asgn_val_dot_ident_command_call.txt" = 0.05 s
[ 2216/26691] Prism::RipperTest#"test_seattlerb/block_call_paren_call_block_call.txt" = 0.06 s
[ 2217/26691] Prism::RipperTest#"test_seattlerb/stabby_block_iter_call_no_target_with_arg.txt" = 0.0
8 s
[ 2218/26691] Prism::RipperTest#"test_whitequark/undef.txt" = 0.05 s
[ 2219/26691] Prism::RipperTest#"test_seattlerb/call_args_command.txt" = 0.06 s
[ 2220/26691] Prism::RipperTest#"test_whitequark/send_self.txt" = 0.05 s
[ 2221/26691] Prism::RipperTest#"test_begin_ensure.txt" = 0.29 s
[ 2222/26691] Prism::RipperTest#"test_unparser/corpus/semantic/send.txt" = 0.14 s
[ 2223/26691] Prism::RipperTest#"test_seattlerb/heredoc_with_carriage_return_escapes_windows.txt" =
0.03 s
[ 2224/26691] Prism::RipperTest#"test_seattlerb/safe_call_operator.txt" = 0.04 s
[ 2225/26691] Prism::RipperTest#"test_seattlerb/call_rshift.txt" = 0.03 s
[ 2226/26691] Prism::RipperTest#"test_seattlerb/str_interp_ternary_or_label.txt" = 0.07 s
[ 2227/26691] Prism::RipperTest#"test_whitequark/rescue_in_lambda_block.txt" = 0.03 s
[ 2228/26691] Prism::RipperTest#"test_seattlerb/call_self_brackets.txt" = 0.03 s
[ 2229/26691] Prism::RipperTest#"test_unparser/corpus/semantic/and.txt" = 0.15 s
[ 2230/26691] Prism::RipperTest#"test_whitequark/arg_scope.txt" = 0.04 s
[ 2231/26691] Prism::RipperTest#"test_seattlerb/str_lit_concat_bad_encodings.txt" = 0.04 s
[ 2232/26691] Prism::RipperTest#"test_seattlerb/module_comments.txt" = 0.06 s
[ 2233/26691] Prism::RipperTest#"test_seattlerb/call_spaceship.txt" = 0.03 s
[ 2234/26691] Prism::RipperTest#"test_seattlerb/case_in_86_2.txt" = 0.06 s
[ 2235/26691] Prism::RipperTest#"test_whitequark/complex.txt" = 0.04 s
[ 2236/26691] Prism::RipperTest#"test_seattlerb/iter_args_8_1.txt" = 0.05 s
[ 2237/26691] Prism::RipperTest#"test_unparser/corpus/literal/literal.txt" = 1.91 s
[ 2238/26691] Prism::RipperTest#"test_seattlerb/stabby_arg_opt_splat_arg_block_omfg.txt" = 0.06 s
[ 2239/26691] Prism::RipperTest#"test_whitequark/bug_do_block_in_cmdarg.txt" = 0.05 s
[ 2240/26691] Prism::RipperTest#"test_whitequark/parser_bug_272.txt" = 0.05 s
[ 2241/26691] Prism::RipperTest#"test_whitequark/rescue_else.txt" = 0.05 s
[ 2242/26691] Prism::RipperTest#"test_whitequark/beginless_range.txt" = 0.03 s
[ 2243/26691] Prism::RipperTest#"test_seattlerb/iter_args_10_2.txt" = 0.06 s
[ 2244/26691] Prism::RipperTest#"test_seattlerb/heredoc_lineno.txt" = 0.04 s
[ 2245/26691] Prism::RipperTest#"test_seattlerb/read_escape_unicode_h4.txt" = 0.02 s
[ 2246/26691] Prism::RipperTest#"test_unparser/corpus/literal/case.txt" = 0.38 s
[ 2247/26691] Prism::RipperTest#"test_whitequark/empty_stmt.txt" = 0.02 s
[ 2248/26691] Prism::RipperTest#"test_spanning_heredoc_newlines.txt" = 0.11 s
[ 2249/26691] Prism::RipperTest#"test_seattlerb/evstr_str.txt" = 0.04 s
[ 2250/26691] Prism::RipperTest#"test_whitequark/case_expr.txt" = 0.04 s
[ 2251/26691] Prism::RipperTest#"test_whitequark/kwbegin_compstmt.txt" = 0.04 s
[ 2252/26691] Prism::RipperTest#"test_seattlerb/defined_eh_parens.txt" = 0.02 s
[ 2253/26691] Prism::RipperTest#"test_seattlerb/parse_line_heredoc_regexp_chars.txt" = 0.05 s
[ 2254/26691] Prism::RipperTest#"test_unparser/corpus/literal/pattern.txt" = 0.45 s
[ 2255/26691] Prism::RipperTest#"test_case.txt" = 0.58 s
[ 2256/26691] Prism::RipperTest#"test_unparser/corpus/literal/block.txt" = 1.54 s
[ 2257/26691] Prism::RipperTest#"test_seattlerb/parse_while_not_canonical.txt" = 0.05 s
[ 2258/26691] Prism::RipperTest#"test_whitequark/ruby_bug_11873_b.txt" = 0.10 s
[ 2259/26691] Prism::RipperTest#"test_seattlerb/heredoc_unicode.txt" = 0.03 s
[ 2260/26691] Prism::RipperTest#"test_seattlerb/non_interpolated_symbol_array_line_breaks.txt" = 0.0
4 s
[ 2261/26691] Prism::RipperTest#"test_seattlerb/call_lte.txt" = 0.03 s
[ 2262/26691] Prism::RipperTest#"test_whitequark/numparam_ruby_bug_19025.txt" = 0.06 s
[ 2263/26691] Prism::RipperTest#"test_whitequark/send_block_conditional.txt" = 0.04 s
[ 2264/26691] Prism::RipperTest#"test_whitequark/send_lambda_legacy.txt" = 0.03 s
[ 2265/26691] Prism::RipperTest#"test_seattlerb/block_optarg.txt" = 0.05 s
[ 2266/26691] Prism::RipperTest#"test_whitequark/alias_gvar.txt" = 0.03 s
[ 2267/26691] Prism::RipperTest#"test_seattlerb/unary_tilde.txt" = 0.02 s
[ 2268/26691] Prism::RipperTest#"test_seattlerb/masgn_double_paren.txt" = 0.04 s
[ 2269/26691] Prism::RipperTest#"test_whitequark/send_call.txt" = 0.07 s
[ 2270/26691] Prism::RipperTest#"test_seattlerb/parse_line_newlines.txt" = 0.02 s
[ 2271/26691] Prism::RipperTest#"test_unparser/corpus/literal/for.txt" = 0.16 s
[ 2272/26691] Prism::RipperTest#"test_seattlerb/non_interpolated_word_array_line_breaks.txt" = 0.04
s
[ 2273/26691] Prism::RipperTest#"test_multi_write.txt" = 0.12 s
[ 2274/26691] Prism::RipperTest#"test_whitequark/ruby_bug_10279.txt" = 0.04 s
[ 2275/26691] Prism::RipperTest#"test_seattlerb/parse_line_call_ivar_arg_no_parens_line_break.txt" =
 0.03 s
[ 2276/26691] Prism::RipperTest#"test_whitequark/cond_match_current_line.txt" = 0.05 s
[ 2277/26691] Prism::RipperTest#"test_whitequark/cond_eflipflop_with_beginless_range.txt" = 0.03 s
[ 2278/26691] Prism::RipperTest#"test_seattlerb/evstr_evstr.txt" = 0.05 s
[ 2279/26691] Prism::RipperTest#"test_seattlerb/block_arg_splat_arg.txt" = 0.05 s
[ 2280/26691] Prism::RipperTest#"test_seattlerb/call_pipe.txt" = 0.03 s
[ 2281/26691] Prism::RipperTest#"test_whitequark/array_symbols.txt" = 0.03 s
[ 2282/26691] Prism::RipperTest#"test_seattlerb/float_with_if_modifier.txt" = 0.02 s
[ 2283/26691] Prism::RipperTest#"test_seattlerb/dstr_str.txt" = 0.04 s
[ 2284/26691] Prism::RipperTest#"test_whitequark/defs.txt" = 0.14 s
[ 2285/26691] Prism::RipperTest#"test_unparser/corpus/literal/since/32.txt" = 0.17 s
[ 2286/26691] Prism::RipperTest#"test_seattlerb/do_lambda.txt" = 0.03 s
[ 2287/26691] Prism::RipperTest#"test_seattlerb/bug290.txt" = 0.03 s
[ 2288/26691] Prism::RipperTest#"test_whitequark/parser_bug_518.txt" = 0.03 s
[ 2289/26691] Prism::RipperTest#"test_whitequark/ruby_bug_12686.txt" = 0.04 s
[ 2290/26691] Prism::RipperTest#"test_whitequark/int.txt" = 0.03 s
[ 2291/26691] TestAllocation::MethodCall::WithBlock#test_anonymous_splat_and_anonymous_keyword_splat
_parameters = 12.20 s
[ 2292/26691] TestAllocation::MethodCall::WithBlock#test_required_parameter = 10.77 s
[ 2293/26691] TestAllocation::MethodCall::WithBlock#test_required_and_keyword_splat_parameter = 12.0
1 s
[ 2294/26691] TestAllocation::MethodCall::WithBlock#test_keyword_parameter = 10.86 s
[ 2295/26691] TestAllocation::MethodCall::WithBlock#test_no_parameters = 10.19 s
[ 2296/26691] TestAllocation::MethodCall::WithBlock#test_positional_splat_and_keyword_splat_paramete
r = 12.08 s
[ 2297/26691] TestAllocation::MethodCall::WithBlock#test_positional_splat_and_post_parameters = 11.1
1 s
[ 2298/26691] TestAllocation::MethodCall::WithBlock#test_argument_forwarding = 12.05 s
[ 2299/26691] TestAllocation::MethodCall::WithBlock#test_keyword_splat_parameter = 10.84 s
[ 2300/26691] TestAllocation::MethodCall::WithBlock#test_optional_parameter = 10.50 s
[ 2301/26691] TestAllocation::MethodCall::WithBlock#test_nested_anonymous_splat_and_anonymous_keywor
d_splat_parameters = 11.93 s
[ 2302/26691] TestAllocation::MethodCall::WithBlock#test_required_and_positional_splat_parameters =
10.95 s
[ 2303/26691] TestAllocation::MethodCall::WithBlock#test_nested_argument_forwarding = 11.96 s
[ 2304/26691] TestAllocation::MethodCall::WithBlock#test_ruby2_keywords = 12.66 s
[ 2305/26691] TestAllocation::MethodCall::WithBlock#test_positional_splat_and_keyword_parameter = 11
.96 s
[ 2306/26691] TestAllocation::MethodCall::WithBlock#test_required_positional_and_keyword_parameter =
 11.84 s
[ 2307/26691] TestAllocation::MethodCall::WithBlock#test_keyword_and_keyword_splat_parameter = 10.83
 s
[ 2308/26691] TestAllocation::MethodCall::WithBlock#test_no_array_allocation_with_splat_and_nonstati
c_keywords = 11.29 s
[ 2309/26691] TestAllocation::MethodCall::WithBlock#test_positional_splat_parameter = 11.18 s
[ 2310/26691] TestRDocCrossReference#"test_resolve_method:>" = 5.55 s
[ 2311/26691] TestRDocCrossReference#"test_resolve_method:<" = 4.27 s
[ 2312/26691] TestRDocCrossReference#"test_resolve_method:>=" = 4.27 s
[ 2313/26691] TestRDocCrossReference#"test_resolve_method:!=" = 4.28 s
[ 2314/26691] TestRDocCrossReference#"test_resolve_method:&" = 4.27 s
[ 2315/26691] TestRDocCrossReference#"test_resolve_method:!@" = 4.31 s
[ 2316/26691] TestRDocCrossReference#"test_resolve_method:-@" = 4.28 s
[ 2317/26691] TestRDocCrossReference#test_resolve_no_ref = 4.31 s
[ 2318/26691] TestRDocCrossReference#"test_resolve_method:*" = 4.28 s
[ 2319/26691] TestRDocCrossReference#"test_resolve_method:<=" = 4.32 s
[ 2320/26691] TestRDocCrossReference#"test_resolve_method:!~" = 4.39 s
[ 2321/26691] TestRDocCrossReference#test_resolve_C3 = 4.34 s
[ 2322/26691] TestRDocCrossReference#"test_resolve_method:[]=" = 4.37 s
[ 2323/26691] TestRDocCrossReference#"test_resolve_method:==" = 4.38 s
[ 2324/26691] TestRDocCrossReference#"test_resolve_method:<=>" = 4.39 s
[ 2325/26691] TestRDocCrossReference#"test_resolve_method:|" = 4.40 s
[ 2326/26691] TestRDocCrossReference#test_resolve_file = 4.32 s
[ 2327/26691] TestRDocCrossReference#"test_resolve_method:~" = 4.39 s
[ 2328/26691] TestRDocCrossReference#test_resolve_C2_C3 = 4.38 s
[ 2329/26691] TestRDocCrossReference#test_resolve_method = 4.54 s
[ 2330/26691] TestRDocCrossReference#"test_resolve_method:<<" = 5.26 s
[ 2331/26691] TestRDocCrossReference#test_METHOD_REGEXP_STR = 4.82 s
[ 2332/26691] TestRDocCrossReference#test_resolve_C2 = 4.52 s
[ 2333/26691] TestRDocCrossReference#"test_resolve_method:`" = 4.58 s
[ 2334/26691] TestRDocCrossReference#test_resolve_C4 = 4.50 s
[ 2335/26691] TestRDocCrossReference#test_resolve_page = 4.54 s
[ 2336/26691] TestRDocCrossReference#"test_resolve_method:^" = 4.57 s
[ 2337/26691] TestRDocCrossReference#"test_resolve_method:**" = 4.47 s
[ 2338/26691] TestRDocCrossReference#"test_resolve_method:+@" = 4.41 s
[ 2339/26691] TestRDocCrossReference#"test_resolve_method:!" = 4.54 s
[ 2340/26691] TestRDocCrossReference#test_resolve_class_and_method_of_the_same_name = 4.52 s
[ 2341/26691] TestRDocCrossReference#"test_resolve_method:%" = 4.42 s
[ 2342/26691] TestRDocCrossReference#"test_resolve_method:+" = 4.46 s
[ 2343/26691] TestRDocCrossReference#test_resolve_the_same_name_in_instance_and_class_method = 4.77
s
[ 2344/26691] TestRDocCrossReference#test_resolve_C4_C4 = 6.29 s
[ 2345/26691] TestRDocCrossReference#"test_resolve_method:/" = 5.85 s
[ 2346/26691] TestRDocCrossReference#"test_resolve_method:-" = 6.24 s
[ 2347/26691] TestRDocCrossReference#"test_resolve_method:[]" = 6.10 s
[ 2348/26691] TestRDocCrossReference#test_resolve_class = 6.16 s
[ 2349/26691] TestRDocCrossReference#"test_resolve_method:>>" = 4.71 s
[ 2350/26691] TestRDocCrossReference#"test_resolve_method:===" = 4.46 s
[ 2351/26691] TestRDocCrossReference#"test_resolve_method:=~" = 4.53 s
[ 2352/26691] TestRDocCrossReference#"test_resolve_method:__id__" = 4.47 s
[ 2353/26691] Test_StringCoderange#test_ascii8bit = 0.02 s
[ 2354/26691] Test_StringCoderange#test_utf8 = 0.01 s
[ 2355/26691] Test_StringCoderange#test_usascii = 0.01 s
[ 2356/26691] TestOptionParserReqArg::Def4#test_lambda = 0.06 s
[ 2357/26691] TestOptionParserReqArg::Def4#test_require_exact = 0.42 s
[ 2358/26691] TestOptionParserReqArg::Def4#test_permute = 0.10 s
[ 2359/26691] TestOptionParserReqArg::Def4#test_long = 0.11 s
[ 2360/26691] TestOptionParserReqArg::Def4#test_raise_unknown = 0.14 s
[ 2361/26691] TestOptionParserReqArg::Def4#test_help_pager = 12.43 s
[ 2362/26691] TestOptionParserReqArg::Def4#test_short = 0.11 s
[ 2363/26691] TestOptionParserReqArg::Def4#test_hyphenize = 0.08 s
[ 2364/26691] TestOptionParserReqArg::Def4#test_regexp = 0.04 s
[ 2365/26691] TestOptionParserReqArg::Def4#test_abbrev = 0.30 s
[ 2366/26691] TestOptionParserReqArg::Def4#test_order = 0.09 s
[ 2367/26691] TestOptionParserReqArg::Def4#test_nonopt_pattern = 0.09 s
[ 2368/26691] TestOptionParserReqArg::Def4#test_into = 0.18 s
[ 2369/26691] TestOptionParserReqArg::Def4#test_exact_option = 0.47 s
[ 2370/26691] TestRubyYieldGen#test_yield_enum = 232.82 s
[ 2371/26691] TestRubyYieldGen#test_block_with_mock = 0.01 s
[ 2372/26691] TestRubyYieldGen#test_yield_lambda = 514.92 s
[ 2373/26691] TestRubyYieldGen#test_block_cached_argc = 8.85 s
[ 2374/26691] TestRubyYieldGen#test_yield = 258.14 s
[ 2375/26691] TestTimeTZ#test_gen_America_Los_Angeles_37 = 0.03 s
[ 2376/26691] TestTimeTZ#test_gen_Europe_Brussels_62 = 0.02 s
[ 2377/26691] TestTimeTZ#test_gen_Europe_London_82 = 0.03 s
[ 2378/26691] TestTimeTZ#test_gen_America_Los_Angeles_35 = 0.03 s
[ 2379/26691] TestTimeTZ#test_gen_Europe_London_84 = 0.03 s
[ 2380/26691] TestTimeTZ#test_gen_America_Los_Angeles_33 = 0.02 s
[ 2381/26691] TestTimeTZ#test_gen_Europe_London_86 = 0.02 s
[ 2382/26691] TestTimeTZ#test_gen_Europe_Brussels_64 = 0.02 s
[ 2383/26691] TestTimeTZ#test_gen_America_Los_Angeles_31 = 0.03 s
[ 2384/26691] TestTimeTZ#test_gen_Europe_London_88 = 0.02 s
[ 2385/26691] TestTimeTZ#test_gen_America_Managua_38 = 0.02 s
[ 2386/26691] TestTimeTZ#test_gen_America_St_Johns_60 = 0.02 s
[ 2387/26691] TestTimeTZ#test_gen_America_Managua_40 = 0.04 s
[ 2388/26691] TestTimeTZ#test_gen_Asia_Tokyo_55 = 0.02 s
[ 2389/26691] TestTimeTZ#test_gen_America_Lima_27 = 0.03 s
[ 2390/26691] TestTimeTZ#test_gen_Europe_Brussels_77 = 0.03 s
[ 2391/26691] TestTimeTZ#test_gen_America_Managua_42 = 0.02 s
[ 2392/26691] TestTimeTZ#test_gen_America_Lima_25 = 0.02 s
[ 2393/26691] TestTimeTZ#test_gen_Asia_Tokyo_51 = 0.02 s
[ 2394/26691] TestTimeTZ#test_gen_Asia_Tokyo_53 = 0.03 s
[ 2395/26691] TestTimeTZ#test_military_names = 0.07 s
[ 2396/26691] TestTimeTZ#test_gen_America_St_Johns_73 = 0.03 s
[ 2397/26691] TestTimeTZ#test_gen_America_Los_Angeles_8 = 0.02 s
[ 2398/26691] TestTimeTZ#test_gen_Europe_Brussels_79 = 0.02 s
[ 2399/26691] TestTimeTZ#test_gen_America_St_Johns_75 = 0.02 s
[ 2400/26691] TestTimeTZ#test_gen_America_Lima_29 = 0.02 s
[ 2401/26691] TestTimeTZ#test_gen_Europe_London_68 = 0.02 s
[ 2402/26691] TestTimeTZ#test_gen_America_Managua_18 = 0.02 s
[ 2403/26691] TestTimeTZ#test_canada_newfoundland = 0.04 s
[ 2404/26691] TestTimeTZ#test_gen_Pacific_Kiritimati_91 = 0.04 s
[ 2405/26691] TestTimeTZ#test_gen_America_Los_Angeles_13 = 0.02 s
[ 2406/26691] TestTimeTZ#test_gen_Europe_Brussels_80 = 0.02 s
[ 2407/26691] TestTimeTZ#test_gen_America_Los_Angeles_11 = 0.02 s
[ 2408/26691] TestTimeTZ#test_gen_America_Managua_16 = 0.02 s
[ 2409/26691] TestTimeTZ#test_gen_Europe_London_66 = 0.02 s
[ 2410/26691] TestTimeTZ#test_asia_singapore = 0.03 s
[ 2411/26691] TestTimeTZ#test_gen_America_Lima_5 = 0.02 s
[ 2412/26691] TestTimeTZ#test_gen_Asia_Singapore_21 = 0.02 s
[ 2413/26691] TestTimeTZ#test_gen_America_St_Johns_57 = 0.02 s
[ 2414/26691] TestTimeTZ#test_gen_Asia_Singapore_23 = 0.02 s
[ 2415/26691] TestTimeTZ#test_gen_Asia_Singapore_46 = 0.03 s
[ 2416/26691] TestTimeTZ#test_gen_America_Lima_1 = 0.02 s
[ 2417/26691] TestTimeTZ#test_gen_Asia_Singapore_44 = 0.03 s
[ 2418/26691] TestTimeTZ#test_gen_America_Lima_3 = 0.02 s
[ 2419/26691] TestTimeTZ#test_pacific_kiritimati = 0.03 s
[ 2420/26691] TestTimeTZ#test_gen_Asia_Singapore_48 = 0.03 s
[ 2421/26691] TestTimeTZ#test_gen_America_St_Johns_59 = 0.02 s
[ 2422/26691] TestTimeTZ#test_asia_kuala_lumpur = 0.01 s
[ 2423/26691] TestTimeTZ#test_gen_Europe_London_71 = 0.02 s
[ 2424/26691] TestTimeTZ#test_localtime_zone = 0.01 s
[ 2425/26691] TestTimeTZ#test_gen_America_Lima_2 = 0.02 s
[ 2426/26691] TestTimeTZ#test_gen_Asia_Singapore_45 = 0.03 s
[ 2427/26691] TestTimeTZ#test_gen_Asia_Singapore_47 = 0.02 s
[ 2428/26691] TestTimeTZ#test_gen_Asia_Singapore_22 = 0.02 s
[ 2429/26691] TestTimeTZ#test_gen_America_Lima_6 = 0.02 s
[ 2430/26691] TestTimeTZ#test_gen_America_Lima_4 = 0.02 s
[ 2431/26691] TestTimeTZ#test_gen_Europe_London_70 = 0.02 s
[ 2432/26691] TestTimeTZ#test_gen_America_St_Johns_58 = 0.02 s
[ 2433/26691] TestTimeTZ#test_gen_Europe_London_72 = 0.02 s
[ 2434/26691] TestTimeTZ#test_gen_Pacific_Kiritimati_89 = 0.02 s
[ 2435/26691] TestTimeTZ#test_gen_Pacific_Kiritimati_90 = 0.02 s
[ 2436/26691] TestTimeTZ#test_gen_Pacific_Kiritimati_92 = 0.03 s
[ 2437/26691] TestTimeTZ#test_gen_America_Managua_19 = 0.02 s
[ 2438/26691] TestTimeTZ#test_gen_Europe_London_69 = 0.02 s
[ 2439/26691] TestTimeTZ#test_gen_America_Los_Angeles_14 = 0.02 s
[ 2440/26691] TestTimeTZ#test_gen_Europe_London_67 = 0.02 s
[ 2441/26691] TestTimeTZ#test_asia_tokyo = 0.02 s
[ 2442/26691] TestTimeTZ#test_gen_America_Managua_17 = 0.02 s
[ 2443/26691] TestTimeTZ#test_gen_Europe_London_65 = 0.02 s
[ 2444/26691] TestTimeTZ#test_gen_America_Managua_15 = 0.02 s
[ 2445/26691] TestTimeTZ#test_gen_America_Los_Angeles_10 = 0.02 s
[ 2446/26691] TestTimeTZ#test_utc_names = 0.01 s
[ 2447/26691] TestTimeTZ#test_gen_America_Los_Angeles_12 = 0.02 s
[ 2448/26691] TestTimeTZ#test_gen_Asia_Tokyo_52 = 0.02 s
[ 2449/26691] TestTimeTZ#test_gen_Asia_Tokyo_50 = 0.02 s
[ 2450/26691] TestTimeTZ#test_gen_America_Managua_20 = 0.02 s
[ 2451/26691] TestTimeTZ#test_gen_America_Los_Angeles_7 = 0.02 s
[ 2452/26691] TestTimeTZ#test_gen_America_Lima_24 = 0.02 s
[ 2453/26691] TestTimeTZ#test_gen_Asia_Tokyo_56 = 0.02 s
[ 2454/26691] TestTimeTZ#test_gen_America_Managua_43 = 0.02 s
[ 2455/26691] TestTimeTZ#test_gen_America_Lima_26 = 0.03 s
[ 2456/26691] TestTimeTZ#test_gen_Asia_Tokyo_54 = 0.03 s
[ 2457/26691] TestTimeTZ#test_gen_America_Managua_41 = 0.03 s
[ 2458/26691] TestTimeTZ#test_gen_America_St_Johns_76 = 0.02 s
[ 2459/26691] TestTimeTZ#test_america_managua = 0.02 s
[ 2460/26691] TestTimeTZ#test_gen_America_Lima_28 = 0.02 s
[ 2461/26691] TestTimeTZ#test_gen_America_St_Johns_74 = 0.03 s
[ 2462/26691] TestTimeTZ#test_gen_Europe_Brussels_78 = 0.03 s
[ 2463/26691] TestTimeTZ#test_gen_America_Los_Angeles_9 = 0.02 s
[ 2464/26691] TestTimeTZ#test_gen_America_Los_Angeles_30 = 0.03 s
[ 2465/26691] TestTimeTZ#test_gen_Europe_London_87 = 0.02 s
[ 2466/26691] TestTimeTZ#test_gen_America_Los_Angeles_32 = 0.02 s
[ 2467/26691] TestTimeTZ#test_gen_Europe_London_85 = 0.02 s
[ 2468/26691] TestTimeTZ#test_gen_Europe_Brussels_61 = 0.02 s
[ 2469/26691] TestTimeTZ#test_gen_America_Los_Angeles_34 = 0.03 s
[ 2470/26691] TestTimeTZ#test_gen_Europe_London_83 = 0.03 s
[ 2471/26691] TestTimeTZ#test_europe_brussels = 0.03 s
[ 2472/26691] TestTimeTZ#test_gen_America_Los_Angeles_36 = 0.02 s
[ 2473/26691] TestTimeTZ#test_gen_Europe_Brussels_63 = 0.02 s
[ 2474/26691] TestTimeTZ#test_gen_Europe_London_81 = 0.03 s
[ 2475/26691] TestTimeTZ#test_america_los_angeles = 0.06 s
[ 2476/26691] TestTimeTZ#test_gen_America_Managua_39 = 0.02 s
[ 2477/26691] TestTimeTZ#test_europe_berlin = 0.02 s
[ 2478/26691] TestTimeTZ#test_gen_Asia_Tokyo_49 = 0.02 s
[ 2479/26691] TestIOWait#test_ready? = 1.04 s
[ 2480/26691] TestIOWait#test_wait_mask_writable = 0.01 s
[ 2481/26691] TestIOWait#test_wait_eof = 0.05 s
[ 2482/26691] TestIOWait#test_wait_forever = 0.02 s
[ 2483/26691] TestIOWait#test_wait_mask_zero = 0.02 s
[ 2484/26691] TestIOWait#test_wait_writable_timeout = 0.04 s
[ 2485/26691] TestIOWait#test_nread = 1.02 s
[ 2486/26691] TestIOWait#test_wait_readable = 0.01 s
[ 2487/26691] TestIOWait#test_wait_readable_buffered = 0.01 s
[ 2488/26691] TestIOWait#test_wait_mask_readable = 0.01 s
[ 2489/26691] TestIOWait#test_wait = 1.03 s
[ 2490/26691] TestIOWait#test_nread_buffered = 0.01 s
[ 2491/26691] TestIOWait#test_wait_writable = 0.01 s
[ 2492/26691] TestIOWait#test_wait_writable_closed = 0.01 s
[ 2493/26691] TestIOWait#test_wait_readable_eof = 0.02 s
[ 2494/26691] TestIOWait#test_wait_writable_EPIPE = 0.03 s
[ 2495/26691] TestIOWait#test_buffered_ready? = 0.01 s
[ 2496/26691] TestIOWait#test_wait_readwrite_timeout = 0.05 s
[ 2497/26691] TestIOWait#test_wait_readwrite = 0.01 s
[ 2498/26691] TestIOWait#test_wait_buffered = 0.01 s
[ 2499/26691] TestIOWait#test_wait_readable_forever = 0.02 s
[ 2500/26691] TestIOWait#test_wait_mask_negative = 0.01 s
[ 2501/26691] TestGemRemoteFetchError#test_to_s = 0.51 s
[ 2502/26691] TestGemRemoteFetchError#test_invalid_url = 0.48 s
[ 2503/26691] TestGemRemoteFetchError#test_password_redacted = 0.49 s
[ 2504/26691] Test_NotImplement#test_respond_to = 0.02 s
[ 2505/26691] Test_NotImplement#test_funcall_notimplement = 0.02 s
[ 2506/26691] Test_NotImplement#test_not_method_defined = 0.01 s
[ 2507/26691] Test_NotImplement#test_not_private_method_defined = 0.01 s
[ 2508/26691] Test_NotImplement#test_method_inspect_notimplement = 0.02 s
[ 2509/26691] Test_NotImplement#test_not_protected_method_defined = 0.01 s
[ 2510/26691] TestGemSourceList#test_replace = 0.50 s
[ 2511/26691] TestGemSourceList#test_to_a = 0.48 s
[ 2512/26691] TestGemSourceList#test_each = 0.48 s
[ 2513/26691] TestGemSourceList#test_Enumerable = 0.48 s
[ 2514/26691] TestGemSourceList#test_equal_to_another_list = 0.49 s
[ 2515/26691] TestGemSourceList#test_empty? = 0.48 s
[ 2516/26691] TestGemSourceList#test_append = 0.50 s
[ 2517/26691] TestGemSourceList#test_each_source = 0.48 s
[ 2518/26691] TestGemSourceList#test_include_matches_a_source = 0.48 s
[ 2519/26691] TestGemSourceList#test_equal_to_array = 0.48 s
[ 2520/26691] TestGemSourceList#test_include_eh = 0.49 s
[ 2521/26691] TestGemSourceList#test_delete_a_source = 0.48 s
[ 2522/26691] TestGemSourceList#test_delete = 0.48 s
[ 2523/26691] TestGemSourceList#test_clear = 0.48 s
[ 2524/26691] TestGemSourceList#test_self_from = 0.49 s
[ 2525/26691] TestIRB::IrbLoadTest#test_irb_load = 0.73 s
[ 2526/26691] TestIRB::IrbLoadTest#test_irb_load_without_argument = 0.12 s
[ 2527/26691] TestFileUtils#test_ln_broken_symlink = 0.99 s
[ 2528/26691] TestFileUtils#test_chown_R_verbose = 1.55 s
[ 2529/26691] TestFileUtils#test_s_chmod_verbose = 0.98 s
[ 2530/26691] TestFileUtils#test_install_broken_symlink = 0.97 s
[ 2531/26691] TestFileUtils#test_cp_pathname = 1.12 s
[ 2532/26691] TestFileUtils#test_ln_symlink = 0.93 s
[ 2533/26691] TestFileUtils#test_chown_R = 1.06 s
[ 2534/26691] TestFileUtils#test_chdir = 1.06 s
[ 2535/26691] TestFileUtils#test_mkdir_p_pathname = 0.93 s
[ 2536/26691] TestFileUtils#test_touch = 0.92 s
[ 2537/26691] TestFileUtils#test_cp_r_fifo = 0.96 s
[ 2538/26691] TestFileUtils#test_makedirs = 1.06 s
[ 2539/26691] TestFileUtils#test_safe_unlink = 0.91 s
[ 2540/26691] TestFileUtils#test_rm_r_symlink = 0.91 s
[ 2541/26691] TestFileUtils#test_remove_file_file_perm = 1.10 s
[ 2542/26691] TestFileUtils#test_cp_r_socket = 0.95 s
[ 2543/26691] TestFileUtils#test_collect_methods = 0.91 s
[ 2544/26691] TestFileUtils#test_ln_sr_broken_symlink = 0.93 s
[ 2545/26691] TestFileUtils#test_chown_verbose = 1.06 s
[ 2546/26691] TestFileUtils#test_rm_rf = 0.93 s
[ 2547/26691] TestFileUtils#test_cp_r_pathname = 0.95 s
[ 2548/26691] TestFileUtils#test_chmod = 0.93 s
[ 2549/26691] TestFileUtils#test_cp_r = 1.82 s
[ 2550/26691] TestFileUtils#test_options_of = 0.91 s
[ 2551/26691] TestFileUtils#test_copy_file = 1.03 s
[ 2552/26691] TestFileUtils#test_copy_entry = 0.97 s
[ 2553/26691] TestFileUtils#test_ln = 0.99 s
[ 2554/26691] TestFileUtils#test_copy_entry_symlink_remove_destination = 1.02 s
[ 2555/26691] TestFileUtils#test_chown_dir_user_ownership_not_recursive_with_root = 1.00 s
[ 2556/26691] TestFileUtils#test_ln_s_broken_symlink = 0.91 s
[ 2557/26691] TestFileUtils#test_copy_stream_duck = 1.06 s
[ 2558/26691] TestFileUtils#test_compare_stream = 0.92 s
[ 2559/26691] TestFileUtils#test_chown_R_force = 1.08 s
[ 2560/26691] TestFileUtils#test_rm = 1.10 s
[ 2561/26691] TestFileUtils#test_cp_preserve_permissions_dir = 0.98 s
[ 2562/26691] TestFileUtils#test_mkdir_file_perm = 0.92 s
[ 2563/26691] TestFileUtils#test_remove_entry_secure_symlink = 0.95 s
[ 2564/26691] TestFileUtils#test_install_group_option = 1.02 s
[ 2565/26691] TestFileUtils#test_rm_r_pathname = 0.98 s
[ 2566/26691] TestFileUtils#test_mkdir_p = 4.92 s
[ 2567/26691] TestFileUtils#test_mkdir = 1.22 s
[ 2568/26691] TestFileUtils#test_ln_sr_pathname = 0.97 s
[ 2569/26691] TestFileUtils#test_cp_symlink = 1.05 s
[ 2570/26691] TestFileUtils#test_ln_s = 0.94 s
[ 2571/26691] TestFileUtils#test_install_symlink = 0.93 s
[ 2572/26691] TestFileUtils#test_cp_r_dev = 1.06 s
[ 2573/26691] TestFileUtils#test_rm_symlink = 1.21 s
[ 2574/26691] TestFileUtils#test_cp_r_symlink_remove_destination = 1.02 s
[ 2575/26691] TestFileUtils#test_commands = 0.92 s
[ 2576/26691] TestFileUtils#test_install_owner_option = 1.00 s
[ 2577/26691] TestFileUtils#test_remove_dir = 0.93 s
[ 2578/26691] TestFileUtils#test_rmtree = 0.90 s
[ 2579/26691] TestFileUtils#test_mkdir_lf_in_path = 0.91 s
[ 2580/26691] TestFileUtils#test_chown_R_noop = 1.19 s
[ 2581/26691] TestFileUtils#test_cmp = 0.99 s
[ 2582/26691] TestFileUtils#test_options = 0.87 s
[ 2583/26691] TestFileUtils#test_install = 1.07 s
[ 2584/26691] TestFileUtils#test_mkdir_pathname = 0.95 s
[ 2585/26691] TestFileUtils#test_chmod_symbol_mode_R = 1.19 s
[ 2586/26691] TestFileUtils#test_chown_R_with_root = 3.32 s
[ 2587/26691] TestFileUtils#test_mv_broken_symlink = 0.98 s
[ 2588/26691] TestFileUtils#test_ln_sf_pathname = 0.94 s
[ 2589/26691] TestFileUtils#test_compare_file = 0.89 s
[ 2590/26691] TestFileUtils#test_rm_f = 0.94 s
[ 2591/26691] TestFileUtils#test_remove_entry_secure_pathname = 0.93 s
[ 2592/26691] TestFileUtils#test_mv_pathname = 0.95 s
[ 2593/26691] TestFileUtils#test_ln_sf_broken_symlink = 0.93 s
[ 2594/26691] TestFileUtils#test_getwd = 0.90 s
[ 2595/26691] TestFileUtils#test_pwd = 0.94 s
[ 2596/26691] TestFileUtils#test_copy_entry_symlink = 0.97 s
[ 2597/26691] TestFileUtils#test_cd_result = 0.89 s
[ 2598/26691] TestFileUtils#test_chown_dir_group_ownership_not_recursive = 1.00 s
[ 2599/26691] TestFileUtils#test_cp_preserve_permissions = 0.94 s
[ 2600/26691] TestFileUtils#test_remove_file = 0.91 s
[ 2601/26691] TestFileUtils#test_mkdir_p_file_perm = 0.93 s
[ 2602/26691] TestFileUtils#test_ln_s_pathname = 0.93 s
[ 2603/26691] TestFileUtils#test_cp_r_symlink = 1.00 s
[ 2604/26691] TestFileUtils#test_chown = 1.66 s
[ 2605/26691] TestFileUtils#test_rm_pathname = 0.96 s
[ 2606/26691] TestFileUtils#test_mv = 1.21 s
[ 2607/26691] TestFileUtils#test_rm_f_2 = 1.12 s
[ 2608/26691] TestFileUtils#test_mkpath = 0.93 s
[ 2609/26691] TestFileUtils#test_install_pathname = 2.70 s
[ 2610/26691] TestFileUtils#test_symlink = 1.02 s
[ 2611/26691] TestFileUtils#test_copy_stream = 0.95 s
[ 2612/26691] TestFileUtils#test_chdir_verbose = 0.98 s
[ 2613/26691] TestFileUtils#test_rm_r = 1.26 s
[ 2614/26691] TestFileUtils#test_chown_noop = 0.99 s
[ 2615/26691] TestFileUtils#test_ln_sr = 1.02 s
[ 2616/26691] TestFileUtils#test_cp_r_symlink_preserve = 1.17 s
[ 2617/26691] TestFileUtils#test_cd = 0.89 s
[ 2618/26691] TestFileUtils#test_link = 0.94 s
[ 2619/26691] TestFileUtils#test_with_big_file = 5.46 s
[ 2620/26691] TestFileUtils#test_remove_entry_secure = 1.50 s
[ 2621/26691] TestFileUtils#test_uptodate? = 1.01 s
[ 2622/26691] TestFileUtils#test_remove_dir_file_perm = 0.91 s
[ 2623/26691] TestFileUtils#test_rm_r_no_permissions = 1.04 s
[ 2624/26691] TestFileUtils#test_chmod_symbol_mode = 1.17 s
[ 2625/26691] TestFileUtils#test_remove_entry_multibyte_path = 1.20 s
[ 2626/26691] TestFileUtils#test_assert_output_lines = 1.01 s
[ 2627/26691] TestFileUtils#test_cp_lr = 1.92 s
[ 2628/26691] TestFileUtils#test_ln_pathname = 0.92 s
[ 2629/26691] TestFileUtils#test_cp = 1.18 s
[ 2630/26691] TestFileUtils#test_install_mode_option = 1.22 s
[ 2631/26691] TestFileUtils#test_ln_sf = 0.97 s
[ 2632/26691] TestFileUtils#test_chdir_verbose_frozen = 0.97 s
[ 2633/26691] TestFileUtils#test_mv_symlink = 0.93 s
[ 2634/26691] TestFileUtils#test_rmdir = 0.97 s
[ 2635/26691] TestFileUtils#test_chown_with_root = 1.01 s
[ 2636/26691] TestFileUtils#test_move = 0.92 s
[ 2637/26691] TestFileUtils#test_have_option? = 0.92 s
[ 2638/26691] TestFileUtils#test_chown_error = 1.05 s
[ 2639/26691] TestFileUtils#test_identical? = 0.91 s
[ 2640/26691] TestFileUtils#test_chmod_verbose = 0.98 s
[ 2641/26691] TestFileUtils#test_remove_entry_cjk_path = 1.20 s
[ 2642/26691] TestFileUtils#test_chmod_R = 0.99 s
[ 2643/26691] TSortTest#test_dag = 0.04 s
[ 2644/26691] TSortTest#test_s_tsort_each = 0.03 s
[ 2645/26691] TSortTest#test_s_each_strongly_connected_component_from = 0.02 s
[ 2646/26691] TSortTest#test_s_each_strongly_connected_component = 0.03 s
[ 2647/26691] TSortTest#test_cycle = 0.03 s
[ 2648/26691] TSortTest#test_array = 0.02 s
[ 2649/26691] TSortTest#test_s_strongly_connected_components = 0.02 s
[ 2650/26691] TSortTest#test_s_tsort = 0.02 s
[ 2651/26691] TestWhileuntil#test_until = 0.01 s
[ 2652/26691] TestWhileuntil#test_while = 0.09 s
[ 2653/26691] TestWhileuntil#test_begin_while = 0.01 s
[ 2654/26691] TestIRB::EchoingTest#test_irb_echos_by_default = 0.05 s
[ 2655/26691] TestIRB::EchoingTest#test_irb_doesnt_echo_line_with_semicolon = 0.04 s
[ 2656/26691] JSONGenericObjectTest#test_parse_json = 0.16 s
[ 2657/26691] JSONGenericObjectTest#test_from_hash = 0.04 s
[ 2658/26691] JSONGenericObjectTest#test_generate_json = 0.03 s
[ 2659/26691] JSONGenericObjectTest#test_attributes = 0.02 s
[ 2660/26691] JSONGenericObjectTest#test_json_generic_object_load = 0.04 s
[ 2661/26691] TestData#test_initialize = 0.04 s
[ 2662/26691] TestData#test_with = 0.05 s
[ 2663/26691] TestData#test_initialize_redefine = 0.02 s
[ 2664/26691] TestData#test_define_edge_cases = 0.03 s
[ 2665/26691] TestData#test_hash = 0.02 s
[ 2666/26691] TestData#test_define = 0.03 s
[ 2667/26691] TestData#test_define_with_block = 0.01 s
[ 2668/26691] TestData#test_instance_behavior = 0.03 s
[ 2669/26691] TestData#test_marshal = 0.02 s
[ 2670/26691] TestData#test_equal = 0.02 s
[ 2671/26691] TestData#test_with_initialize = 0.03 s
[ 2672/26691] TestData#test_dup = 0.01 s
[ 2673/26691] TestData#test_inspect = 0.02 s
[ 2674/26691] TestData#test_memberless = 0.02 s
[ 2675/26691] TestData#test_eql = 0.02 s
[ 2676/26691] TestGemResolverInstallerSet#test_find_all_prerelease_dependencies_with_add_local = 0.8
4 s
[ 2677/26691] TestGemResolverInstallerSet#test_remote_equals_local = 0.57 s
[ 2678/26691] TestGemResolverInstallerSet#test_consider_local_eh = 0.48 s
[ 2679/26691] TestGemResolverInstallerSet#test_load_spec = 1.13 s
[ 2680/26691] TestGemResolverInstallerSet#test_errors = 0.77 s
[ 2681/26691] TestGemResolverInstallerSet#test_add_always_install_prerelease_only = 0.95 s
[ 2682/26691] TestGemResolverInstallerSet#test_add_always_install_platform_if_gem_platforms_modified
_by_platform_flag = 0.96 s
[ 2683/26691] TestGemResolverInstallerSet#test_prefetch = 0.56 s
[ 2684/26691] TestGemResolverInstallerSet#test_add_always_install_errors = 0.69 s
[ 2685/26691] TestGemResolverInstallerSet#test_consider_remote_eh = 0.57 s
[ 2686/26691] TestGemResolverInstallerSet#test_add_always_install_platform = 0.88 s
[ 2687/26691] TestGemResolverInstallerSet#test_remote_equals_both = 0.56 s
[ 2688/26691] TestGemResolverInstallerSet#test_add_always_install_index_spec_platform = 0.87 s
[ 2689/26691] TestGemResolverInstallerSet#test_add_always_install = 0.95 s
[ 2690/26691] TestGemResolverInstallerSet#test_add_always_install_prerelease_github_problem = 0.97 s
[ 2691/26691] TestGemResolverInstallerSet#test_find_all_prerelease = 0.95 s
[ 2692/26691] TestGemResolverInstallerSet#test_find_all_always_install = 0.98 s
[ 2693/26691] TestGemResolverInstallerSet#test_add_always_install_prerelease = 0.96 s
[ 2694/26691] TestGemResolverInstallerSet#test_remote_equals_remote = 0.56 s
[ 2695/26691] TestGemResolverInstallerSet#test_add_local = 0.86 s
[ 2696/26691] TestGemResolverInstallerSet#test_prerelease_equals = 0.57 s
[ 2697/26691] PrettyPrintTest::Fill#test_27 = 0.04 s
[ 2698/26691] PrettyPrintTest::Fill#test_07_10 = 0.06 s
[ 2699/26691] PrettyPrintTest::Fill#test_11_14 = 0.05 s
[ 2700/26691] PrettyPrintTest::Fill#test_19_22 = 0.06 s
[ 2701/26691] PrettyPrintTest::Fill#test_15_18 = 0.05 s
[ 2702/26691] PrettyPrintTest::Fill#test_23_26 = 0.05 s
[ 2703/26691] PrettyPrintTest::Fill#test_00_06 = 0.05 s
[ 2704/26691] TestGemExtBuilder#test_initialize = 0.54 s
[ 2705/26691] TestGemExtBuilder#test_custom_make_with_options = 23.68 s
[ 2706/26691] TestGemExtBuilder#test_build_extensions_none = 0.62 s
[ 2707/26691] TestGemExtBuilder#test_initialize_build_args = 0.52 s
[ 2708/26691] TestGemExtBuilder#test_build_extensions_extconf_bad = 2.45 s
[ 2709/26691] TestGemExtBuilder#test_build_extensions_install_ext_only = 13.79 s
[ 2710/26691] TestGemExtBuilder#test_build_extensions_unsupported = 0.75 s
[ 2711/26691] TestGemExtBuilder#test_build_extensions = 13.98 s
[ 2712/26691] TestGemExtBuilder#test_build_extensions_with_target_rbconfig = 28.44 s
[ 2713/26691] TestGemExtBuilder#test_class_make = 23.81 s
[ 2714/26691] TestGemExtBuilder#test_build_extensions_rebuild_failure = 0.74 s
[ 2715/26691] TestGemExtBuilder#test_build_extensions_with_gemhome_with_space = 13.84 s
[ 2716/26691] TestGemExtBuilder#test_class_make_no_clean = 16.54 s
[ 2717/26691] TestGemExtBuilder#test_build_extensions_with_build_args = 10.17 s
[ 2718/26691] RDocMarkupToRDocTest#test_accept_list_item_end_label = 0.36 s
[ 2719/26691] RDocMarkupToRDocTest#test_accept_list_start_bullet = 0.06 s
[ 2720/26691] RDocMarkupToRDocTest#test_accept_paragraph_indent = 0.15 s
[ 2721/26691] RDocMarkupToRDocTest#test_accept_paragraph_plus = 0.11 s
[ 2722/26691] RDocMarkupToRDocTest#test_accept_list_item_start_note = 0.07 s
[ 2723/26691] RDocMarkupToRDocTest#test_accept_list_item_end_lalpha = 0.05 s
[ 2724/26691] RDocMarkupToRDocTest#test_accept_raw = 0.05 s
[ 2725/26691] RDocMarkupToRDocTest#test_accept_list_start_note = 0.05 s
[ 2726/26691] RDocMarkupToRDocTest#test_accept_list_end_lalpha = 0.06 s
[ 2727/26691] RDocMarkupToRDocTest#test_end_accepting = 0.05 s
[ 2728/26691] RDocMarkupToRDocTest#test_accept_list_item_start_lalpha = 0.05 s
[ 2729/26691] RDocMarkupToRDocTest#test_accept_list_item_end_ualpha = 0.05 s
[ 2730/26691] RDocMarkupToRDocTest#test_convert_list_note = 0.15 s
[ 2731/26691] RDocMarkupToRDocTest#test_accept_list_end_ualpha = 0.05 s
[ 2732/26691] RDocMarkupToRDocTest#test_accept_list_item_start_ualpha = 0.05 s
[ 2733/26691] RDocMarkupToRDocTest#test_accept_rule_indent = 0.07 s
[ 2734/26691] RDocMarkupToRDocTest#test_accept_paragraph_b = 0.09 s
[ 2735/26691] RDocMarkupToRDocTest#test_accept_list_start_label = 0.05 s
[ 2736/26691] RDocMarkupToRDocTest#test_accept_heading_4 = 0.12 s
[ 2737/26691] RDocMarkupToRDocTest#test_accept_blank_line = 0.07 s
[ 2738/26691] RDocMarkupToRDocTest#test_accept_paragraph_star = 0.08 s
[ 2739/26691] RDocMarkupToRDocTest#test_accept_paragraph = 0.07 s
[ 2740/26691] RDocMarkupToRDocTest#test_accept_heading_2 = 0.07 s
[ 2741/26691] RDocMarkupToRDocTest#test_accept_paragraph_br = 0.11 s
[ 2742/26691] RDocMarkupToRDocTest#test_accept_list_item_start_note_2 = 0.11 s
[ 2743/26691] RDocMarkupToRDocTest#test_start_accepting = 0.05 s
[ 2744/26691] RDocMarkupToRDocTest#test_accept_list_item_end_note = 0.07 s
[ 2745/26691] RDocMarkupToRDocTest#test_accept_paragraph_wrap = 0.13 s
[ 2746/26691] RDocMarkupToRDocTest#test_accept_indented_paragraph = 0.11 s
[ 2747/26691] RDocMarkupToRDocTest#test_accept_list_item_start_note_multi_description = 0.13 s
[ 2748/26691] RDocMarkupToRDocTest#test_accept_list_item_start_note_multi_label = 0.11 s
[ 2749/26691] RDocMarkupToRDocTest#test_accept_list_start_number = 0.05 s
[ 2750/26691] RDocMarkupToRDocTest#test_accept_list_end_note = 0.05 s
[ 2751/26691] RDocMarkupToRDocTest#test_accept_table_align = 0.06 s
[ 2752/26691] RDocMarkupToRDocTest#test_accept_list_item_end_bullet = 0.05 s
[ 2753/26691] RDocMarkupToRDocTest#test_accept_rule = 0.05 s
[ 2754/26691] RDocMarkupToRDocTest#test_attributes = 0.07 s
[ 2755/26691] RDocMarkupToRDocTest#test_accept_list_end_bullet = 0.05 s
[ 2756/26691] RDocMarkupToRDocTest#test_accept_list_item_start_label = 0.07 s
[ 2757/26691] RDocMarkupToRDocTest#test_accept_list_item_start_bullet = 0.05 s
[ 2758/26691] RDocMarkupToRDocTest#test_accept_paragraph_underscore = 0.08 s
[ 2759/26691] RDocMarkupToRDocTest#test_accept_list_start_lalpha = 0.05 s
[ 2760/26691] RDocMarkupToRDocTest#test_accept_heading = 0.07 s
[ 2761/26691] RDocMarkupToRDocTest#test_accept_list_end_label = 0.05 s
[ 2762/26691] RDocMarkupToRDocTest#test_accept_heading_3 = 0.07 s
[ 2763/26691] RDocMarkupToRDocTest#test_accept_heading_suppressed_crossref = 0.07 s
[ 2764/26691] RDocMarkupToRDocTest#test_accept_heading_1 = 0.07 s
[ 2765/26691] RDocMarkupToRDocTest#test_accept_list_start_ualpha = 0.05 s
[ 2766/26691] RDocMarkupToRDocTest#test_accept_block_quote = 0.08 s
[ 2767/26691] RDocMarkupToRDocTest#test_accept_paragraph_break = 0.07 s
[ 2768/26691] RDocMarkupToRDocTest#test_accept_verbatim = 0.05 s
[ 2769/26691] RDocMarkupToRDocTest#test_accept_paragraph_i = 0.09 s
[ 2770/26691] RDocMarkupToRDocTest#test_list_verbatim = 0.08 s
[ 2771/26691] RDocMarkupToRDocTest#test_accept_heading_indent = 0.07 s
[ 2772/26691] RDocMarkupToRDocTest#test_list_nested = 0.12 s
[ 2773/26691] RDocMarkupToRDocTest#test_accept_verbatim_indent = 0.05 s
[ 2774/26691] RDocMarkupToRDocTest#test_accept_list_item_start_number = 0.05 s
[ 2775/26691] RDocMarkupToRDocTest#test_accept_heading_b = 0.07 s
[ 2776/26691] RDocMarkupToRDocTest#test_accept_document = 0.07 s
[ 2777/26691] RDocMarkupToRDocTest#test_accept_verbatim_big_indent = 0.05 s
[ 2778/26691] RDocMarkupToRDocTest#test_accept_list_end_number = 0.05 s
[ 2779/26691] RDocMarkupToRDocTest#test_accept_list_item_end_number = 0.05 s
[ 2780/26691] TestGemCommandsSpecificationCommand#test_execute_remote = 0.72 s
[ 2781/26691] TestGemCommandsSpecificationCommand#test_execute_field = 0.77 s
[ 2782/26691] TestGemCommandsSpecificationCommand#test_execute_remote_with_version_and_platform = 0.
76 s
[ 2783/26691] TestGemCommandsSpecificationCommand#test_execute_bad_name = 1.19 s
[ 2784/26691] TestGemCommandsSpecificationCommand#test_execute_remote_with_prerelease = 0.82 s
[ 2785/26691] TestGemCommandsSpecificationCommand#test_execute_remote_with_version = 0.82 s
[ 2786/26691] TestGemCommandsSpecificationCommand#test_execute_exact_match = 0.83 s
[ 2787/26691] TestGemCommandsSpecificationCommand#test_execute_bad_name_with_version = 0.78 s
[ 2788/26691] TestGemCommandsSpecificationCommand#test_execute_ruby = 0.78 s
[ 2789/26691] TestGemCommandsSpecificationCommand#test_execute_marshal = 0.77 s
[ 2790/26691] TestGemCommandsSpecificationCommand#test_execute_file = 0.77 s
[ 2791/26691] TestGemCommandsSpecificationCommand#test_execute_remote_without_prerelease = 0.82 s
[ 2792/26691] TestGemCommandsSpecificationCommand#test_execute_all_conflicts_with_version = 0.76 s
[ 2793/26691] TestGemCommandsSpecificationCommand#test_execute_all = 0.77 s
[ 2794/26691] TestGemCommandsSpecificationCommand#test_execute = 0.82 s
[ 2795/26691] TestGemRemoteFetcher#test_download_platform_legacy = 0.98 s
[ 2796/26691] TestGemRemoteFetcher#test_fetch_http_redirects_without_location = 0.95 s
[ 2797/26691] TestGemRemoteFetcher#test_cache_update_path_no_update = 0.95 s
[ 2798/26691] TestGemRemoteFetcher#test_download_local = 0.94 s
[ 2799/26691] TestGemRemoteFetcher#test_cache_update_path_with_utf8_internal_encoding = 0.95 s
[ 2800/26691] TestGemRemoteFetcher#test_download_unsupported = 0.95 s
[ 2801/26691] TestGemRemoteFetcher#test_cache_update_path = 0.94 s
[ 2802/26691] TestGemRemoteFetcher#test_download_same_file = 0.96 s
[ 2803/26691] TestGemRemoteFetcher#test_download_with_x_oauth_basic = 0.95 s
[ 2804/26691] TestGemRemoteFetcher#test_download_to_cache = 0.95 s
[ 2805/26691] TestGemRemoteFetcher#test_download_install_dir = 0.95 s
[ 2806/26691] TestGemRemoteFetcher#test_download_with_encoded_auth = 0.95 s
[ 2807/26691] TestGemRemoteFetcher#test_yaml_error_on_size = 0.95 s
[ 2808/26691] TestGemRemoteFetcher#test_download = 0.95 s
[ 2809/26691] TestGemRemoteFetcher#test_fetch_path_timeout_error = 0.95 s
[ 2810/26691] TestGemRemoteFetcher#test_fetch_path_system_call_error = 0.95 s
[ 2811/26691] TestGemRemoteFetcher#test_fetch_path_socket_error = 0.95 s
[ 2812/26691] TestGemRemoteFetcher#test_fetch_path_unmodified = 0.95 s
[ 2813/26691] TestGemRemoteFetcher#test_download_with_auth = 0.96 s
[ 2814/26691] TestGemRemoteFetcher#test_fetch_http_redirects = 0.95 s
[ 2815/26691] TestGemRemoteFetcher#test_self_fetcher = 0.95 s
[ 2816/26691] TestGemRemoteFetcher#test_fetch_http = 0.95 s
[ 2817/26691] TestGemRemoteFetcher#test_fetch_path_gzip = 0.97 s
[ 2818/26691] TestGemRemoteFetcher#test_download_local_space = 0.95 s
[ 2819/26691] TestGemRemoteFetcher#test_fetch_path_getaddrinfo_error = 0.96 s
[ 2820/26691] TestGemRemoteFetcher#test_download_with_token = 0.96 s
[ 2821/26691] TestGemRemoteFetcher#test_download_cached = 0.95 s
[ 2822/26691] TestGemRemoteFetcher#test_fetch_path_io_error = 0.95 s
[ 2823/26691] TestGemRemoteFetcher#test_fetch_path_bad_uri = 0.95 s
[ 2824/26691] TestGemRemoteFetcher#test_fetch_path_gzip_unmodified = 0.96 s
[ 2825/26691] TestGemRemoteFetcher#test_self_fetcher_with_proxy = 0.96 s
[ 2826/26691] TestGemRemoteFetcher#test_request_block = 0.96 s
[ 2827/26691] TestGemRemoteFetcher#test_fetch_path_openssl_ssl_sslerror = 0.96 s
[ 2828/26691] TestGemRemoteFetcherS3#test_fetch_s3_env_creds_with_region = 0.97 s
[ 2829/26691] TestGemRemoteFetcherS3#test_fetch_s3_url_creds = 0.96 s
[ 2830/26691] TestGemRemoteFetcherS3#test_fetch_s3_no_secret = 0.96 s
[ 2831/26691] TestGemRemoteFetcherS3#test_fetch_s3_config_creds_with_token = 0.96 s
[ 2832/26691] TestGemRemoteFetcherS3#test_fetch_s3_config_creds_with_region = 0.96 s
[ 2833/26691] TestGemRemoteFetcherS3#test_fetch_s3_no_host = 0.96 s
[ 2834/26691] TestGemRemoteFetcherS3#test_fetch_s3_config_creds = 0.96 s
[ 2835/26691] TestGemRemoteFetcherS3#test_fetch_s3_env_creds_with_token = 0.97 s
[ 2836/26691] TestGemRemoteFetcherS3#test_fetch_s3_env_creds = 0.96 s
[ 2837/26691] TestGemRemoteFetcherS3#test_fetch_s3_no_id = 0.96 s
[ 2838/26691] TestGemRemoteFetcherS3#test_fetch_s3_instance_profile_creds_with_token = 0.96 s
[ 2839/26691] TestGemRemoteFetcherS3#test_fetch_s3_no_source_key = 0.96 s
[ 2840/26691] TestGemRemoteFetcherS3#test_fetch_s3_instance_profile_creds = 0.96 s
[ 2841/26691] TestGemRemoteFetcherS3#test_fetch_s3_instance_profile_creds_with_region = 0.96 s
[ 2842/26691] TestMkmfInstall#test_install_dirs = 23.17 s
[ 2843/26691] TestGemResolverLocalSpecification#test_installable_platform_eh = 0.99 s
[ 2844/26691] TestGemResolverLocalSpecification#test_install = 0.95 s
[ 2845/26691] TestZlibDeflate#test_addstr = 0.02 s
[ 2846/26691] TestZlibDeflate#test_avail = 0.02 s
[ 2847/26691] TestZlibDeflate#test_close = 0.02 s
[ 2848/26691] TestZlibDeflate#test_initialize = 0.02 s
[ 2849/26691] TestZlibDeflate#test_deflate_chunked = 0.07 s
[ 2850/26691] TestZlibDeflate#test_set_dictionary = 0.02 s
[ 2851/26691] TestZlibDeflate#test_adler = 0.01 s
[ 2852/26691] TestZlibDeflate#test_expand_buffer = 85.04 s
[ 2853/26691] TestZlibDeflate#test_deflate_chunked_break = 0.04 s
[ 2854/26691] TestZlibDeflate#test_closed_p = 0.01 s
[ 2855/26691] TestZlibDeflate#test_flush = 0.01 s
[ 2856/26691] TestZlibDeflate#test_params = 0.04 s
[ 2857/26691] TestZlibDeflate#test_deflate = 0.01 s
[ 2858/26691] TestZlibDeflate#test_data_type = 0.01 s
[ 2859/26691] TestZlibDeflate#test_reset = 0.01 s
[ 2860/26691] TestZlibDeflate#test_dup = 0.02 s
[ 2861/26691] TestZlibDeflate#test_finished_p = 0.01 s
[ 2862/26691] TestZlibDeflate#test_total = 0.34 s
[ 2863/26691] TestAllocation::Literal#test_array_literal = 16.09 s
[ 2864/26691] TestAllocation::Literal#test_hash_literal = 79.66 s
[ 2865/26691] TestDigest::TestSHA512#test_s_new = 0.03 s
[ 2866/26691] TestDigest::TestSHA512#test_s_digest = 0.02 s
[ 2867/26691] TestDigest::TestSHA512#test_bubblebabble_instance = 0.01 s
[ 2868/26691] TestDigest::TestSHA512#test_s_file = 0.03 s
[ 2869/26691] TestDigest::TestSHA512#test_instance_eval = 0.01 s
[ 2870/26691] TestDigest::TestSHA512#test_update = 0.01 s
[ 2871/26691] TestDigest::TestSHA512#test_bubblebabble = 0.01 s
[ 2872/26691] TestDigest::TestSHA512#test_s_hexdigest = 0.01 s
[ 2873/26691] TestDigest::TestSHA512#test_bubblebabble_class = 0.01 s
[ 2874/26691] TestDigest::TestSHA512#test_alignment = 0.01 s
[ 2875/26691] TestDigest::TestSHA512#test_s_base64digest = 0.02 s
[ 2876/26691] TestDigest::TestSHA512#test_eq = 0.02 s
[ 2877/26691] TestNetHTTPLocalBind#test_bind_to_local_port = 0.20 s
[ 2878/26691] TestNetHTTPLocalBind#test_bind_to_local_host = 0.09 s
[ 2879/26691] HTTPHeaderTest#test_range_length = 0.03 s
[ 2880/26691] HTTPHeaderTest#test_range = 0.07 s
[ 2881/26691] HTTPHeaderTest#test_each_capitalized_name = 0.02 s
[ 2882/26691] HTTPHeaderTest#test_to_hash = 0.01 s
[ 2883/26691] HTTPHeaderTest#test_each_key = 0.01 s
[ 2884/26691] HTTPHeaderTest#test_initialize = 0.03 s
[ 2885/26691] HTTPHeaderTest#test_content_length = 0.03 s
[ 2886/26691] HTTPHeaderTest#test_initialize_with_symbol = 0.01 s
[ 2887/26691] HTTPHeaderTest#test_nil_variable_header = 0.02 s
[ 2888/26691] HTTPHeaderTest#test_AREF = 0.01 s
[ 2889/26691] HTTPHeaderTest#test_basic_auth = 0.01 s
[ 2890/26691] HTTPHeaderTest#test_size = 0.01 s
[ 2891/26691] HTTPHeaderTest#test_each = 0.02 s
[ 2892/26691] HTTPHeaderTest#test_type_params = 0.02 s
[ 2893/26691] HTTPHeaderTest#test_set_content_type = 0.01 s
[ 2894/26691] HTTPHeaderTest#test_canonical_each = 0.02 s
[ 2895/26691] HTTPHeaderTest#test_duplicated_variable_header = 0.01 s
[ 2896/26691] HTTPHeaderTest#test_content_length= = 0.01 s
[ 2897/26691] HTTPHeaderTest#test_main_type = 0.02 s
[ 2898/26691] HTTPHeaderTest#test_sub_type = 0.02 s
[ 2899/26691] HTTPHeaderTest#test_form_data= = 0.02 s
[ 2900/26691] HTTPHeaderTest#test_key? = 0.01 s
[ 2901/26691] HTTPHeaderTest#test_content_type = 0.02 s
[ 2902/26691] HTTPHeaderTest#test_each_capitalized_with_symbol = 0.01 s
[ 2903/26691] HTTPHeaderTest#test_add_field = 0.03 s
[ 2904/26691] HTTPHeaderTest#test_get_fields = 0.02 s
[ 2905/26691] HTTPHeaderTest#test_initialize_with_broken_coderange = 0.01 s
[ 2906/26691] HTTPHeaderTest#test_proxy_basic_auth = 0.01 s
[ 2907/26691] HTTPHeaderTest#test_chunked? = 0.02 s
[ 2908/26691] HTTPHeaderTest#test_content_range = 0.03 s
[ 2909/26691] HTTPHeaderTest#test_delete = 0.02 s
[ 2910/26691] HTTPHeaderTest#test_range= = 0.02 s
[ 2911/26691] HTTPHeaderTest#test_set_form_data = 0.04 s
[ 2912/26691] HTTPHeaderTest#test_each_value = 0.01 s
[ 2913/26691] HTTPHeaderTest#test_each_capitalized = 0.02 s
[ 2914/26691] HTTPHeaderTest#test_ASET = 0.03 s
[ 2915/26691] TestGemResolverRequirementList#test_each = 0.61 s
[ 2916/26691] TestGemDeprecate#test_skip = 0.50 s
[ 2917/26691] TestGemDeprecate#test_defaults = 0.48 s
[ 2918/26691] TestGemDeprecate#test_assignment = 0.49 s
[ 2919/26691] TestGemDeprecate#test_deprecated_method_outputs_a_warning = 0.70 s
[ 2920/26691] TestGemDeprecate#test_deprecated_method_outputs_a_warning_old_way = 0.79 s
[ 2921/26691] TestGemDeprecate#test_deprecated_method_calls_the_old_method = 0.78 s
[ 2922/26691] TestGemDeprecate#test_rubygems_deprecate_command = 0.64 s
[ 2923/26691] TestGemExtConfigureBuilder#test_self_build_has_makefile = 2.18 s
[ 2924/26691] TestGemExtConfigureBuilder#test_self_build = 2.44 s
[ 2925/26691] TestGemExtConfigureBuilder#test_self_build_fail = 1.07 s
[ 2926/26691] ComplexRational_Test#test_comp_srat = 0.26 s
[ 2927/26691] ComplexRational_Test#test_rat_srat = 0.13 s
[ 2928/26691] TestERBCoreWOStrScan#test_frozen_string_literal = 0.08 s
[ 2929/26691] TestERBCoreWOStrScan#test_explicit = 0.22 s
[ 2930/26691] TestERBCoreWOStrScan#test_def_class = 0.05 s
[ 2931/26691] TestERBCoreWOStrScan#test_trim_line1_with_carriage_return = 0.06 s
[ 2932/26691] TestERBCoreWOStrScan#test_result_with_hash_does_not_use_caller_local_variables = 0.03
s
[ 2933/26691] TestERBCoreWOStrScan#test_prohibited_marshal_load = 0.01 s
[ 2934/26691] TestERBCoreWOStrScan#test_trim_line2_with_carriage_return = 0.06 s
[ 2935/26691] TestERBCoreWOStrScan#test_run = 0.02 s
[ 2936/26691] TestERBCoreWOStrScan#test_def_module = 0.03 s
[ 2937/26691] TestERBCoreWOStrScan#test_token_extension = 0.05 s
[ 2938/26691] TestERBCoreWOStrScan#test_version = 0.01 s
[ 2939/26691] TestERBCoreWOStrScan#test_result_with_hash_does_not_modify_toplevel_binding = 0.04 s
[ 2940/26691] TestERBCoreWOStrScan#test_result_with_hash_does_not_modify_caller_binding = 0.02 s
[ 2941/26691] TestERBCoreWOStrScan#test_half_working_comment_backward_compatibility = 0.02 s
[ 2942/26691] TestERBCoreWOStrScan#test_deprecated_interface_warnings = 0.13 s
[ 2943/26691] TestERBCoreWOStrScan#test_percent = 0.13 s
[ 2944/26691] TestERBCoreWOStrScan#test_escape = 0.10 s
[ 2945/26691] TestERBCoreWOStrScan#test_percent_after_etag = 0.03 s
[ 2946/26691] TestERBCoreWOStrScan#test_result_with_hash_with_invalid_keys_raises_type_error = 0.02
s
[ 2947/26691] TestERBCoreWOStrScan#test_explicit_trim_line_with_carriage_return = 0.06 s
[ 2948/26691] TestERBCoreWOStrScan#test_url_encode = 0.01 s
[ 2949/26691] TestERBCoreWOStrScan#test_def_erb_method = 0.06 s
[ 2950/26691] TestERBCoreWOStrScan#test_keep_lineno = 0.37 s
[ 2951/26691] TestERBCoreWOStrScan#test_def_method_with_fname = 0.05 s
[ 2952/26691] TestERBCoreWOStrScan#test_multi_line_comment_lineno = 0.03 s
[ 2953/26691] TestERBCoreWOStrScan#test_prohibited_marshal_dump = 0.02 s
[ 2954/26691] TestERBCoreWOStrScan#test_core = 1.13 s
[ 2955/26691] TestERBCoreWOStrScan#test_invalid_trim_mode = 0.08 s
[ 2956/26691] TestERBCoreWOStrScan#test_result_with_hash = 0.02 s
[ 2957/26691] TestERBCoreWOStrScan#test_def_method_without_filename = 0.04 s
[ 2958/26691] TestPathname#test_initialize_nul = 0.02 s
[ 2959/26691] TestPathname#test_relative_path_from_304 = 0.03 s
[ 2960/26691] TestPathname#test_cleanpath_conservative_113 = 0.02 s
[ 2961/26691] TestPathname#test_del_trailing_separator_164 = 0.01 s
[ 2962/26691] TestPathname#test_rename = 0.04 s
[ 2963/26691] TestPathname#test_sub_matchdata = 0.01 s
[ 2964/26691] TestPathname#test_cleanpath_aggressive_79 = 0.02 s
[ 2965/26691] TestPathname#test_cleanpath_conservative_111 = 0.01 s
[ 2966/26691] TestPathname#test_readable_real? = 0.03 s
[ 2967/26691] TestPathname#test_pathsubext_570 = 0.01 s
[ 2968/26691] TestPathname#test_relative_path_from_297 = 0.02 s
[ 2969/26691] TestPathname#test_symlink? = 0.03 s
[ 2970/26691] TestPathname#test_del_trailing_separator_160 = 0.01 s
[ 2971/26691] TestPathname#test_cleanpath_conservative_117 = 0.02 s
[ 2972/26691] TestPathname#test_relative_path_from_300 = 0.02 s
[ 2973/26691] TestPathname#test_fnmatch = 0.02 s
[ 2974/26691] TestPathname#test_world_readable? = 0.04 s
[ 2975/26691] TestPathname#test_hashkey = 0.01 s
[ 2976/26691] TestPathname#test_find = 0.29 s
[ 2977/26691] TestPathname#test_relative_path_from_302 = 0.02 s
[ 2978/26691] TestPathname#test_cleanpath_conservative_115 = 0.02 s
[ 2979/26691] TestPathname#test_del_trailing_separator_162 = 0.02 s
[ 2980/26691] TestPathname#test_mtime = 0.02 s
[ 2981/26691] TestPathname#test_setuid? = 0.04 s
[ 2982/26691] TestPathname#test_cleanpath_aggressive_73 = 0.02 s
[ 2983/26691] TestPathname#test_plus_220 = 0.03 s
[ 2984/26691] TestPathname#test_readlink = 0.01 s
[ 2985/26691] TestPathname#test_ascend_468 = 0.02 s
[ 2986/26691] TestPathname#"test_relative?_282" = 0.01 s
[ 2987/26691] TestPathname#test_file_split = 0.01 s
[ 2988/26691] TestPathname#test_cleanpath_conservative_119 = 0.01 s
[ 2989/26691] TestPathname#test_plus_222 = 0.02 s
[ 2990/26691] TestPathname#test_cleanpath_aggressive_71 = 0.01 s
[ 2991/26691] TestPathname#test_comparison = 0.02 s
[ 2992/26691] TestPathname#"test_relative?_280" = 0.01 s
[ 2993/26691] TestPathname#test_relative_path_from_299 = 0.02 s
[ 2994/26691] TestPathname#test_relative_path_from_308 = 0.02 s
[ 2995/26691] TestPathname#test_descend_459 = 0.02 s
[ 2996/26691] TestPathname#test_to_s = 0.01 s
[ 2997/26691] TestPathname#test_plus_224 = 0.02 s
[ 2998/26691] TestPathname#test_cleanpath_aggressive_77 = 0.01 s
[ 2999/26691] TestPathname#test_cleanpath_aggressive_75 = 0.01 s
[ 3000/26691] TestPathname#test_size? = 0.04 s
[ 3001/26691] TestPathname#test_each_filename = 0.02 s
[ 3002/26691] TestPathname#test_cleanpath_conservative_104 = 0.01 s
[ 3003/26691] TestPathname#test_relative_path_from_313 = 0.02 s
[ 3004/26691] TestPathname#test_file? = 0.04 s
[ 3005/26691] TestPathname#test_executable_real? = 0.03 s
[ 3006/26691] TestPathname#test_pathsubext_563 = 0.01 s
[ 3007/26691] TestPathname#test_cleanpath_conservative_99 = 0.01 s
[ 3008/26691] TestPathname#test_relative_path_from_311 = 0.02 s
[ 3009/26691] TestPathname#test_cleanpath_conservative_106 = 0.01 s
[ 3010/26691] TestPathname#test_relative_path_from_317 = 0.03 s
[ 3011/26691] TestPathname#test_cleanpath_conservative_100 = 0.01 s
[ 3012/26691] TestPathname#test_each_child = 0.07 s
[ 3013/26691] TestPathname#test_pathsubext_567 = 0.01 s
[ 3014/26691] TestPathname#test_initialize = 0.01 s
[ 3015/26691] TestPathname#test_cleanpath_aggressive_68 = 0.01 s
[ 3016/26691] TestPathname#test_cleanpath_conservative_102 = 0.01 s
[ 3017/26691] TestPathname#test_relative_path_from_315 = 0.02 s
[ 3018/26691] TestPathname#test_open = 0.07 s
[ 3019/26691] TestPathname#test_pathsubext_565 = 0.01 s
[ 3020/26691] TestPathname#test_blockless_ascend_is_enumerator = 0.01 s
[ 3021/26691] TestPathname#test_cleanpath_aggressive_64 = 0.01 s
[ 3022/26691] TestPathname#test_equality = 0.02 s
[ 3023/26691] TestPathname#test_pathsubext_569 = 0.01 s
[ 3024/26691] TestPathname#test_dirname = 0.01 s
[ 3025/26691] TestPathname#test_cleanpath_aggressive_66 = 0.10 s
[ 3026/26691] TestPathname#test_relative_path_from_319 = 0.02 s
[ 3027/26691] TestPathname#test_unlink = 0.03 s
[ 3028/26691] TestPathname#test_ftype = 0.04 s
[ 3029/26691] TestPathname#test_executable? = 0.03 s
[ 3030/26691] TestPathname#test_cleanpath_aggressive_60 = 0.01 s
[ 3031/26691] TestPathname#test_null_character = 0.01 s
[ 3032/26691] TestPathname#test_cleanpath_conservative_108 = 0.01 s
[ 3033/26691] TestPathname#test_atime = 0.01 s
[ 3034/26691] TestPathname#test_cleanpath_aggressive_62 = 0.01 s
[ 3035/26691] TestPathname#test_relative_path_from_328 = 0.02 s
[ 3036/26691] TestPathname#test_chmod = 0.03 s
[ 3037/26691] TestPathname#test_lchmod = 0.01 s
[ 3038/26691] TestPathname#test_basename = 0.01 s
[ 3039/26691] TestPathname#test_parent_241 = 0.01 s
[ 3040/26691] TestPathname#test_entries = 0.04 s
[ 3041/26691] TestPathname#test_cleanpath_aggressive_57 = 0.01 s
[ 3042/26691] TestPathname#test_file_extname = 0.01 s
[ 3043/26691] TestPathname#test_join = 0.04 s
[ 3044/26691] TestPathname#test_lutime = 0.01 s
[ 3045/26691] TestPathname#test_mountpoint? = 0.02 s
[ 3046/26691] TestPathname#test_utime = 0.03 s
[ 3047/26691] TestPathname#test_parent_243 = 0.01 s
[ 3048/26691] TestPathname#test_pathsub_559 = 0.01 s
[ 3049/26691] TestPathname#test_plus_206 = 0.01 s
[ 3050/26691] TestPathname#test_cleanpath_aggressive_55 = 0.01 s
[ 3051/26691] TestPathname#test_parent_245 = 0.01 s
[ 3052/26691] TestPathname#test_del_trailing_separator_188 = 0.01 s
[ 3053/26691] TestPathname#test_cleanpath_aggressive_53 = 0.01 s
[ 3054/26691] TestPathname#test_realdirpath = 0.01 s
[ 3055/26691] TestPathname#"test_root?_589" = 0.01 s
[ 3056/26691] TestPathname#test_cleanpath_aggressive_51 = 0.01 s
[ 3057/26691] TestPathname#test_writable? = 0.03 s
[ 3058/26691] TestPathname#"test_root?_587" = 0.01 s
[ 3059/26691] TestPathname#test_absolute = 0.01 s
[ 3060/26691] TestPathname#test_relative_path_from_320 = 0.02 s
[ 3061/26691] TestPathname#test_mountpoint_enoent = 0.01 s
[ 3062/26691] TestPathname#test_relative_path_from_322 = 0.02 s
[ 3063/26691] TestPathname#test_size = 0.04 s
[ 3064/26691] TestPathname#test_plus_208 = 0.01 s
[ 3065/26691] TestPathname#test_relative_path_from_324 = 0.02 s
[ 3066/26691] TestPathname#test_each_line = 0.05 s
[ 3067/26691] TestPathname#test_slash = 0.01 s
[ 3068/26691] TestPathname#test_cleanpath_aggressive_59 = 0.01 s
[ 3069/26691] TestPathname#test_relative_path_from_326 = 0.02 s
[ 3070/26691] TestPathname#test_plus_213 = 0.08 s
[ 3071/26691] TestPathname#"test_has_trailing_separator?_148" = 0.01 s
[ 3072/26691] TestPathname#test_s_glob = 0.04 s
[ 3073/26691] TestPathname#"test_relative?_275" = 0.01 s
[ 3074/26691] TestPathname#test_cleanpath_conservative_128 = 0.02 s
[ 3075/26691] TestPathname#test_cleanpath_aggressive_84 = 0.01 s
[ 3076/26691] TestPathname#test_directory? = 0.04 s
[ 3077/26691] TestPathname#test_plus_211 = 0.01 s
[ 3078/26691] TestPathname#"test_relative?_277" = 0.01 s
[ 3079/26691] TestPathname#test_file_basename = 0.01 s
[ 3080/26691] TestPathname#test_cleanpath_aggressive_86 = 0.01 s
[ 3081/26691] TestPathname#test_mkdir = 0.04 s
[ 3082/26691] TestPathname#test_plus_217 = 0.01 s
[ 3083/26691] TestPathname#test_plus_215 = 0.01 s
[ 3084/26691] TestPathname#test_relative_path_from_casefold = 9.22 s
[ 3085/26691] TestPathname#test_del_trailing_separator_159 = 0.01 s
[ 3086/26691] TestPathname#"test_relative?_273" = 0.01 s
[ 3087/26691] TestPathname#test_cleanpath_conservative_120 = 0.01 s
[ 3088/26691] TestPathname#"test_root?_590" = 0.01 s
[ 3089/26691] TestPathname#test_cleanpath_aggressive_48 = 0.01 s
[ 3090/26691] TestPathname#test_cleanpath_conservative_122 = 0.01 s
[ 3091/26691] TestPathname#test_plus_219 = 0.02 s
[ 3092/26691] TestPathname#test_mktmpdir = 0.03 s
[ 3093/26691] TestPathname#"test_relative?_279" = 0.01 s
[ 3094/26691] TestPathname#test_relative_path_from_333 = 0.02 s
[ 3095/26691] TestPathname#test_cleanpath_conservative_124 = 0.01 s
[ 3096/26691] TestPathname#test_cleanpath_aggressive_88 = 0.01 s
[ 3097/26691] TestPathname#test_parent_239 = 0.01 s
[ 3098/26691] TestPathname#test_descend_460 = 0.02 s
[ 3099/26691] TestPathname#test_cleanpath_conservative_126 = 0.01 s
[ 3100/26691] TestPathname#test_relative_path_from_331 = 0.02 s
[ 3101/26691] TestPathname#"test_has_trailing_separator?_146" = 0.01 s
[ 3102/26691] TestPathname#test_rmtree = 0.07 s
[ 3103/26691] TestPathname#"test_relative?_272" = 0.01 s
[ 3104/26691] TestPathname#test_stat = 0.12 s
[ 3105/26691] TestPathname#test_plus_214 = 0.01 s
[ 3106/26691] TestPathname#test_empty? = 0.06 s
[ 3107/26691] TestPathname#test_kernel_pathname = 0.01 s
[ 3108/26691] TestPathname#test_plus_216 = 0.01 s
[ 3109/26691] TestPathname#test_glob = 0.07 s
[ 3110/26691] TestPathname#test_blockdev? = 0.03 s
[ 3111/26691] TestPathname#test_cleanpath_aggressive_87 = 0.01 s
[ 3112/26691] TestPathname#"test_relative?_276" = 0.01 s
[ 3113/26691] TestPathname#test_plus_210 = 0.01 s
[ 3114/26691] TestPathname#test_cleanpath_aggressive_85 = 0.01 s
[ 3115/26691] TestPathname#test_cleanpath_conservative_129 = 0.02 s
[ 3116/26691] TestPathname#"test_relative?_274" = 0.01 s
[ 3117/26691] TestPathname#"test_has_trailing_separator?_149" = 0.01 s
[ 3118/26691] TestPathname#"test_has_trailing_separator?_147" = 0.01 s
[ 3119/26691] TestPathname#test_cleanpath_conservative_127 = 0.01 s
[ 3120/26691] TestPathname#test_descend_461 = 0.01 s
[ 3121/26691] TestPathname#test_readlines = 0.03 s
[ 3122/26691] TestPathname#test_readlines_opts = 0.03 s
[ 3123/26691] TestPathname#test_socket? = 0.03 s
[ 3124/26691] TestPathname#test_parent_238 = 0.01 s
[ 3125/26691] TestPathname#test_children = 0.07 s
[ 3126/26691] TestPathname#test_writable_real? = 0.14 s
[ 3127/26691] TestPathname#test_relative_path_from_332 = 0.02 s
[ 3128/26691] TestPathname#test_cleanpath_conservative_125 = 0.01 s
[ 3129/26691] TestPathname#test_grpowned? = 0.03 s
[ 3130/26691] TestPathname#test_plus_218 = 0.01 s
[ 3131/26691] TestPathname#test_relative_path_from_mock = 0.05 s
[ 3132/26691] TestPathname#test_relative_path_from_334 = 0.02 s
[ 3133/26691] TestPathname#test_cleanpath_conservative_123 = 0.01 s
[ 3134/26691] TestPathname#test_cleanpath_aggressive_49 = 0.01 s
[ 3135/26691] TestPathname#test_split = 9.14 s
[ 3136/26691] TestPathname#test_matchop = 0.01 s
[ 3137/26691] TestPathname#test_cleanpath_conservative_121 = 0.01 s
[ 3138/26691] TestPathname#test_extname = 0.01 s
[ 3139/26691] TestPathname#test_lstat = 0.01 s
[ 3140/26691] TestPathname#"test_root?_588" = 0.01 s
[ 3141/26691] TestPathname#test_cleanpath_aggressive_50 = 0.01 s
[ 3142/26691] TestPathname#test_cleanpath_conservative_138 = 0.01 s
[ 3143/26691] TestPathname#test_parent_246 = 0.01 s
[ 3144/26691] TestPathname#test_sticky? = 0.03 s
[ 3145/26691] TestPathname#test_cleanpath_aggressive_52 = 0.01 s
[ 3146/26691] TestPathname#test_del_trailing_separator_189 = 0.01 s
[ 3147/26691] TestPathname#test_parent_244 = 0.01 s
[ 3148/26691] TestPathname#test_cleanpath_aggressive_54 = 0.01 s
[ 3149/26691] TestPathname#test_plus_207 = 0.01 s
[ 3150/26691] TestPathname#test_parent_242 = 0.01 s
[ 3151/26691] TestPathname#test_readable? = 0.11 s
[ 3152/26691] TestPathname#test_cleanpath_aggressive_56 = 0.01 s
[ 3153/26691] TestPathname#test_birthtime = 0.03 s
[ 3154/26691] TestPathname#test_freeze = 0.02 s
[ 3155/26691] TestPathname#test_each_entry_enumerator = 0.04 s
[ 3156/26691] TestPathname#test_parent_240 = 0.01 s
[ 3157/26691] TestPathname#test_realpath = 0.01 s
[ 3158/26691] TestPathname#test_lchown = 0.01 s
[ 3159/26691] TestPathname#test_chown = 0.03 s
[ 3160/26691] TestPathname#test_relative_path_from_329 = 0.02 s
[ 3161/26691] TestPathname#test_comparison_string = 0.01 s
[ 3162/26691] TestPathname#test_fnmatch? = 0.01 s
[ 3163/26691] TestPathname#test_cleanpath_aggressive_58 = 0.01 s
[ 3164/26691] TestPathname#test_opendir = 0.04 s
[ 3165/26691] TestPathname#test_relative_path_from_325 = 0.02 s
[ 3166/26691] TestPathname#test_pipe? = 0.03 s
[ 3167/26691] TestPathname#test_plus_209 = 0.01 s
[ 3168/26691] TestPathname#test_mkpath = 0.12 s
[ 3169/26691] TestPathname#test_relative_path_from_323 = 0.02 s
[ 3170/26691] TestPathname#test_binwrite_opts = 0.03 s
[ 3171/26691] TestPathname#"test_root?_586" = 0.01 s
[ 3172/26691] TestPathname#test_ascend_470 = 0.01 s
[ 3173/26691] TestPathname#test_pathsubext_564 = 0.01 s
[ 3174/26691] TestPathname#test_truncate = 0.03 s
[ 3175/26691] TestPathname#test_kernel_open = 0.16 s
[ 3176/26691] TestPathname#test_cleanpath_conservative_103 = 0.01 s
[ 3177/26691] TestPathname#test_relative_path_from_314 = 0.02 s
[ 3178/26691] TestPathname#test_cleanpath_aggressive_69 = 0.01 s
[ 3179/26691] TestPathname#test_pathsubext_566 = 0.01 s
[ 3180/26691] TestPathname#test_setgid? = 0.03 s
[ 3181/26691] TestPathname#test_cleanpath_conservative_101 = 0.01 s
[ 3182/26691] TestPathname#test_destructive_update = 0.01 s
[ 3183/26691] TestPathname#test_s_glob_3args = 0.03 s
[ 3184/26691] TestPathname#test_relative_path_from_310 = 0.02 s
[ 3185/26691] TestPathname#test_cleanpath_conservative_107 = 0.01 s
[ 3186/26691] TestPathname#test_plus = 0.01 s
[ 3187/26691] TestPathname#test_pathsubext_562 = 0.01 s
[ 3188/26691] TestPathname#test_each_entry = 0.10 s
[ 3189/26691] TestPathname#test_parent = 0.01 s
[ 3190/26691] TestPathname#test_cleanpath_conservative_105 = 0.01 s
[ 3191/26691] TestPathname#test_expand_path = 0.02 s
[ 3192/26691] TestPathname#test_write = 0.03 s
[ 3193/26691] TestPathname#test_cleanpath_aggressive_63 = 0.01 s
[ 3194/26691] TestPathname#test_cleanpath_conservative_109 = 0.01 s
[ 3195/26691] TestPathname#test_file_fnmatch = 0.07 s
[ 3196/26691] TestPathname#test_cleanpath_aggressive_61 = 0.01 s
[ 3197/26691] TestPathname#test_relative_path_from_318 = 0.03 s
[ 3198/26691] TestPathname#test_ctime = 0.01 s
[ 3199/26691] TestPathname#test_s_pwd = 0.01 s
[ 3200/26691] TestPathname#test_cleanpath_aggressive_67 = 0.01 s
[ 3201/26691] TestPathname#test_pathsubext_568 = 0.01 s
[ 3202/26691] TestPathname#test_make_link = 0.06 s
[ 3203/26691] TestPathname#test_cleanpath_aggressive_65 = 0.01 s
[ 3204/26691] TestPathname#test_del_trailing_separator_163 = 0.01 s
[ 3205/26691] TestPathname#test_relative_path_from_303 = 0.02 s
[ 3206/26691] TestPathname#test_cleanpath_conservative_114 = 0.01 s
[ 3207/26691] TestPathname#test_each_line_opts = 0.05 s
[ 3208/26691] TestPathname#test_ascend_467 = 0.02 s
[ 3209/26691] TestPathname#test_binread = 0.03 s
[ 3210/26691] TestPathname#test_cleanpath_conservative_116 = 0.01 s
[ 3211/26691] TestPathname#test_relative_path_from_301 = 0.14 s
[ 3212/26691] TestPathname#test_del_trailing_separator_161 = 0.01 s
[ 3213/26691] TestPathname#test_pathsubext_571 = 0.01 s
[ 3214/26691] TestPathname#test_blockless_descend_is_enumerator = 0.01 s
[ 3215/26691] TestPathname#test_make_symlink = 0.01 s
[ 3216/26691] TestPathname#test_world_writable? = 0.03 s
[ 3217/26691] TestPathname#test_cleanpath_conservative_110 = 0.01 s
[ 3218/26691] TestPathname#test_relative_path_from_307 = 0.02 s
[ 3219/26691] TestPathname#test_cleanpath_aggressive_78 = 0.01 s
[ 3220/26691] TestPathname#test_owned? = 0.03 s
[ 3221/26691] TestPathname#test_exist? = 0.03 s
[ 3222/26691] TestPathname#test_del_trailing_separator_165 = 0.01 s
[ 3223/26691] TestPathname#test_read = 0.03 s
[ 3224/26691] TestPathname#test_relative_path_from_305 = 0.14 s
[ 3225/26691] TestPathname#test_cleanpath_conservative_112 = 0.01 s
[ 3226/26691] TestPathname#test_write_opts = 0.03 s
[ 3227/26691] TestPathname#test_chardev? = 0.03 s
[ 3228/26691] TestPathname#test_file_dirname = 0.01 s
[ 3229/26691] TestPathname#test_zero? = 0.04 s
[ 3230/26691] TestPathname#test_cleanpath_aggressive_74 = 0.01 s
[ 3231/26691] TestPathname#test_binwrite = 0.03 s
[ 3232/26691] TestPathname#test_s_getwd = 0.01 s
[ 3233/26691] TestPathname#test_cleanpath_aggressive_76 = 0.01 s
[ 3234/26691] TestPathname#test_global_constructor = 0.01 s
[ 3235/26691] TestPathname#test_descend_458 = 0.02 s
[ 3236/26691] TestPathname#"test_relative?_281" = 0.01 s
[ 3237/26691] TestPathname#test_relative_path_from_298 = 0.13 s
[ 3238/26691] TestPathname#test_cleanpath_aggressive_70 = 0.01 s
[ 3239/26691] TestPathname#test_rmdir = 0.03 s
[ 3240/26691] TestPathname#test_cleanpath_conservative_118 = 0.01 s
[ 3241/26691] TestPathname#test_ascend_469 = 0.02 s
[ 3242/26691] TestPathname#test_cleanpath_aggressive_72 = 0.01 s
[ 3243/26691] TestPathname#test_sysopen = 0.03 s
[ 3244/26691] Complex_Test#test_inspect_to_s_frozen_bug_20337 = 8.87 s
[ 3245/26691] Complex_Test#test_eql_p = 0.01 s
[ 3246/26691] Complex_Test#test_to_s = 0.06 s
[ 3247/26691] Complex_Test#test_canonicalize_internal = 0.02 s
[ 3248/26691] Complex_Test#test_uplus = 0.02 s
[ 3249/26691] Complex_Test#test_add_with_redefining_rational_plus = 2.29 s
[ 3250/26691] Complex_Test#test_ruby19 = 0.02 s
[ 3251/26691] Complex_Test#test_to_i = 0.03 s
[ 3252/26691] Complex_Test#test_add_with_redefining_float_plus = 2.29 s
[ 3253/26691] Complex_Test#test_add_with_redefining_int_plus = 2.29 s
[ 3254/26691] Complex_Test#test_add = 0.02 s
[ 3255/26691] Complex_Test#test_to_c = 0.02 s
[ 3256/26691] Complex_Test#test_mul = 0.03 s
[ 3257/26691] Complex_Test#test_known_bug = 0.01 s
[ 3258/26691] Complex_Test#test_div = 0.04 s
[ 3259/26691] Complex_Test#test_negate = 0.02 s
[ 3260/26691] Complex_Test#test_sub_with_redefining_float_minus = 2.34 s
[ 3261/26691] Complex_Test#test_eqeq = 0.02 s
[ 3262/26691] Complex_Test#test_mul_with_redefining_rational_mult = 2.29 s
[ 3263/26691] Complex_Test#test_mul_with_redefining_int_mult = 2.30 s
[ 3264/26691] Complex_Test#test_Complex_with_exception = 0.06 s
[ 3265/26691] Complex_Test#test_infinite_p = 0.03 s
[ 3266/26691] Complex_Test#test_mul_with_redefining_float_mult = 2.28 s
[ 3267/26691] Complex_Test#test_supp = 0.07 s
[ 3268/26691] Complex_Test#test_cmp = 0.02 s
[ 3269/26691] Complex_Test#test_expt_for_special_angle = 0.04 s
[ 3270/26691] Complex_Test#test_compsub = 0.03 s
[ 3271/26691] Complex_Test#test_attr = 0.03 s
[ 3272/26691] Complex_Test#test_respond = 0.05 s
[ 3273/26691] Complex_Test#test_hash = 0.03 s
[ 3274/26691] Complex_Test#test_rect = 0.01 s
[ 3275/26691] Complex_Test#test_fdiv = 0.02 s
[ 3276/26691] Complex_Test#test_quo = 0.02 s
[ 3277/26691] Complex_Test#test_marshal_compatibility = 0.01 s
[ 3278/26691] Complex_Test#test_Complex_with_invalid_exception = 0.01 s
[ 3279/26691] Complex_Test#test_freeze = 0.01 s
[ 3280/26691] Complex_Test#test_fixed_bug = 0.02 s
[ 3281/26691] Complex_Test#test_math = 0.02 s
[ 3282/26691] Complex_Test#test_sub = 0.01 s
[ 3283/26691] Complex_Test#test_marshal = 0.02 s
[ 3284/26691] Complex_Test#test_polar = 0.02 s
[ 3285/26691] Complex_Test#test_to_r_with_numeric_obj = 0.02 s
[ 3286/26691] Complex_Test#test_rationalize = 0.01 s
[ 3287/26691] Complex_Test#test_coerce2 = 0.04 s
[ 3288/26691] Complex_Test#test_attr2 = 0.02 s
[ 3289/26691] Complex_Test#test_sub_with_redefining_rational_minus = 2.85 s
[ 3290/26691] Complex_Test#test_canonicalize_polar = 0.04 s
[ 3291/26691] Complex_Test#test_to_f = 0.02 s
[ 3292/26691] Complex_Test#test_sub_with_redefining_int_minus = 2.29 s
[ 3293/26691] Complex_Test#test_conv = 0.08 s
[ 3294/26691] Complex_Test#test_coerce = 0.05 s
[ 3295/26691] Complex_Test#test_to_r_with_float = 0.01 s
[ 3296/26691] Complex_Test#test_parse = 0.39 s
[ 3297/26691] Complex_Test#test_inspect = 0.01 s
[ 3298/26691] Complex_Test#test_finite_p = 0.02 s
[ 3299/26691] Complex_Test#test_to_r = 0.02 s
[ 3300/26691] Complex_Test#test_expt = 0.15 s
[ 3301/26691] TestEncodingConverter#test_noconv_partial = 0.36 s
[ 3302/26691] TestEncodingConverter#test_errors2 = 0.02 s
[ 3303/26691] TestEncodingConverter#test_exc_invalid = 0.02 s
[ 3304/26691] TestEncodingConverter#test_cr_newline2 = 0.34 s
[ 3305/26691] TestEncodingConverter#test_s_new = 0.01 s
[ 3306/26691] TestEncodingConverter#test_iso2022jp_decode = 0.03 s
[ 3307/26691] TestEncodingConverter#test_errors = 0.01 s
[ 3308/26691] TestEncodingConverter#test_crlf_newline2 = 0.34 s
[ 3309/26691] TestEncodingConverter#test_finish_iso2022jp = 0.02 s
[ 3310/26691] TestEncodingConverter#test_nil_destination_bytesize_with_nonnil_byteoffset = 0.01 s
[ 3311/26691] TestEncodingConverter#test_invalid2 = 0.10 s
[ 3312/26691] TestEncodingConverter#test_noconv_insert_output = 0.51 s
[ 3313/26691] TestEncodingConverter#test_nil_source_buffer = 0.01 s
[ 3314/26691] TestEncodingConverter#test_invalid4 = 0.02 s
[ 3315/26691] TestEncodingConverter#test_errinfo_invalid_utf16be = 0.01 s
[ 3316/26691] TestEncodingConverter#test_putback = 0.01 s
[ 3317/26691] TestEncodingConverter#test_convpath = 0.36 s
[ 3318/26691] TestEncodingConverter#test_noconv = 0.35 s
[ 3319/26691] TestEncodingConverter#test_cr_newline = 0.01 s
[ 3320/26691] TestEncodingConverter#test_search_convpath = 0.02 s
[ 3321/26691] TestEncodingConverter#test_partial_input = 0.01 s
[ 3322/26691] TestEncodingConverter#test_get_encoding = 0.01 s
[ 3323/26691] TestEncodingConverter#test_putback2 = 0.01 s
[ 3324/26691] TestEncodingConverter#test_universal_newline2 = 0.35 s
[ 3325/26691] TestEncodingConverter#test_result_encoding = 0.01 s
[ 3326/26691] TestEncodingConverter#test_finish_incomplete_error = 0.01 s
[ 3327/26691] TestEncodingConverter#test_no_universal_newline2 = 0.34 s
[ 3328/26691] TestEncodingConverter#test_last_error1 = 0.01 s
[ 3329/26691] TestEncodingConverter#test_errinfo_invalid_utf16le = 0.01 s
[ 3330/26691] TestEncodingConverter#test_noconv_after_output = 0.35 s
[ 3331/26691] TestEncodingConverter#test_output_region = 0.02 s
[ 3332/26691] TestEncodingConverter#test_exc_undef = 0.02 s
[ 3333/26691] TestEncodingConverter#test_errinfo_undefined_hiragana = 0.01 s
[ 3334/26691] TestEncodingConverter#test_invalid = 0.02 s
[ 3335/26691] TestEncodingConverter#test_set_replacement = 0.01 s
[ 3336/26691] TestEncodingConverter#test_accumulate_dst2 = 0.01 s
[ 3337/26691] TestEncodingConverter#test_xml_escape_attr_content = 2.12 s
[ 3338/26691] TestEncodingConverter#test_output_iso2022jp = 0.03 s
[ 3339/26691] TestEncodingConverter#test_errinfo_invalid_partial_character = 0.01 s
[ 3340/26691] TestEncodingConverter#test_hex_charref = 0.04 s
[ 3341/26691] TestEncodingConverter#test_us_ascii = 0.01 s
[ 3342/26691] TestEncodingConverter#test_nil_destination_bytesize2 = 0.03 s
[ 3343/26691] TestEncodingConverter#test_get_replacement = 0.01 s
[ 3344/26691] TestEncodingConverter#test_invalid_ignore = 0.01 s
[ 3345/26691] TestEncodingConverter#test_accumulate_dst1 = 0.02 s
[ 3346/26691] TestEncodingConverter#test_xml_hasharg = 0.03 s
[ 3347/26691] TestEncodingConverter#test_s_new_fail = 0.73 s
[ 3348/26691] TestEncodingConverter#test_crlf_newline = 0.01 s
[ 3349/26691] TestEncodingConverter#test_s_asciicompat_encoding = 0.36 s
[ 3350/26691] TestEncodingConverter#test_invalid_utf16be = 0.03 s
[ 3351/26691] TestEncodingConverter#test_errinfo_invalid_euc_jp = 0.01 s
[ 3352/26691] TestEncodingConverter#test_econv_new_hash = 0.01 s
[ 3353/26691] TestEncodingConverter#test_exc_incomplete = 0.02 s
[ 3354/26691] TestEncodingConverter#test_last_error2 = 0.02 s
[ 3355/26691] TestEncodingConverter#test_no_universal_newline1 = 0.01 s
[ 3356/26691] TestEncodingConverter#test_errinfo_invalid_euc_jp2 = 0.01 s
[ 3357/26691] TestEncodingConverter#test_asciicompat_encoding_iso2022jp = 0.01 s
[ 3358/26691] TestEncodingConverter#test_invalid_utf32le = 0.03 s
[ 3359/26691] TestEncodingConverter#test_xml_escape_with_charref = 0.03 s
[ 3360/26691] TestEncodingConverter#test_default_external = 135.87 s
[ 3361/26691] TestEncodingConverter#test_s_new_convpath = 0.04 s
[ 3362/26691] TestEncodingConverter#test_convert = 0.02 s
[ 3363/26691] TestEncodingConverter#test_invalid_utf16le = 0.03 s
[ 3364/26691] TestEncodingConverter#test_xml_escape_text = 1.04 s
[ 3365/26691] TestEncodingConverter#test_newline_converter_with_ascii_incompatible = 0.02 s
[ 3366/26691] TestEncodingConverter#test_invalid_replace = 0.01 s
[ 3367/26691] TestEncodingConverter#test_eucjp_to_utf8 = 0.01 s
[ 3368/26691] TestEncodingConverter#test_universal_newline3 = 0.36 s
[ 3369/26691] TestEncodingConverter#test_universal_newline = 0.02 s
[ 3370/26691] TestEncodingConverter#test_88591 = 0.01 s
[ 3371/26691] TestEncodingConverter#test_newline_option = 3.14 s
[ 3372/26691] TestEncodingConverter#test_undef_replace = 0.01 s
[ 3373/26691] TestEncodingConverter#test_iso2022jp_invalid_replace = 0.01 s
[ 3374/26691] TestEncodingConverter#test_iso2022jp = 0.01 s
[ 3375/26691] TestEncodingConverter#test_xml_escape_attr_quote = 2.04 s
[ 3376/26691] TestEncodingConverter#test_errinfo_valid_partial_character = 0.01 s
[ 3377/26691] TestEncodingConverter#test_undef_ignore = 0.01 s
[ 3378/26691] TestEncodingConverter#test_nil_destination_bytesize = 0.03 s
[ 3379/26691] TestEncodingConverter#test_invalid_utf32be = 0.03 s
[ 3380/26691] TestEncodingConverter#test_after_output = 0.02 s
[ 3381/26691] TestEncodingConverter#test_invalid3 = 0.01 s
[ 3382/26691] TestEncodingConverter#test_iso2022jp_encode = 0.02 s
[ 3383/26691] TestEncodingConverter#test_invalid_replace2 = 0.01 s
[ 3384/26691] Test_Load_Protect#test_load_protect = 0.03 s
[ 3385/26691] TestGemSecurityTrustDir#test_issuer_of = 1.28 s
[ 3386/26691] TestGemSecurityTrustDir#test_verify_file = 0.68 s
[ 3387/26691] TestGemSecurityTrustDir#test_verify_wrong_permissions = 0.68 s
[ 3388/26691] TestGemSecurityTrustDir#test_verify = 0.80 s
[ 3389/26691] TestGemSecurityTrustDir#test_trust_cert = 0.68 s
[ 3390/26691] TestGemSecurityTrustDir#test_load_certificate = 0.73 s
[ 3391/26691] TestGemSecurityTrustDir#test_name_path = 0.58 s
[ 3392/26691] TestGemSecurityTrustDir#test_cert_path = 0.51 s
[ 3393/26691] TestRDocOptions#test_init_with_encoding/root/ruby-3.4.1/lib/yaml.rb:3: warning: It see
ms your ruby installation is missing psych (for YAML output).
To eliminate this warning, please install libyaml and reinstall your ruby.
 = 0.32 s
[ 3394/26691] TestRDocOptions#test_dry_run_default = 0.03 s
[ 3395/26691] TestRDocOptions#test_parse_page_dir = 1.75 s
[ 3396/26691] TestRDocOptions#test_parse_force_update = 4.52 s
[ 3397/26691] TestRDocOptions#test_parse_ri_site = 1.57 s
[ 3398/26691] TestRDocOptions#test_parse_coverage_C_level_0 = 1.55 s
[ 3399/26691] TestRDocOptions#test_parse_copy_files_file_relative = 1.56 s
[ 3400/26691] TestRDocOptions#test_parse_ignore_invalid_default = 1.68 s
[ 3401/26691] TestRDocOptions#test_load_options_invalid/root/ruby-3.4.1/lib/yaml.rb:3: warning: It s
eems your ruby installation is missing psych (for YAML output).
To eliminate this warning, please install libyaml and reinstall your ruby.
 = 0.46 s
[ 3402/26691] TestRDocOptions#test_parse_coverage_no = 1.53 s
[ 3403/26691] TestRDocOptions#test_parse_help = 1.80 s
[ 3404/26691] TestRDocOptions#test_parse_formatter_ri_site = 3.10 s
[ 3405/26691] TestRDocOptions#test_parse_embed_mixins = 3.15 s
[ 3406/26691] TestRDocOptions#test_load_options_partial_override/root/ruby-3.4.1/lib/yaml.rb:3: warn
ing: It seems your ruby installation is missing psych (for YAML output).
To eliminate this warning, please install libyaml and reinstall your ruby.
 = 0.31 s
[ 3407/26691] TestRDocOptions#test_parse_write_options/root/ruby-3.4.1/lib/yaml.rb:3: warning: It se
ems your ruby installation is missing psych (for YAML output).
To eliminate this warning, please install libyaml and reinstall your ruby.
 = 1.95 s
[ 3408/26691] TestRDocOptions#test_parse_template_stylesheets = 1.62 s
[ 3409/26691] TestRDocOptions#test_check_files = 0.05 s
[ 3410/26691] TestRDocOptions#test_update_output_dir = 0.03 s
[ 3411/26691] TestRDocOptions#test_parse_page_dir_root = 1.71 s
[ 3412/26691] TestRDocOptions#test_parse_coverage_C = 1.53 s
[ 3413/26691] TestRDocOptions#test_version = 3.16 s
[ 3414/26691] TestRDocOptions#test_no_skip_test_value = 1.54 s
[ 3415/26691] TestRDocOptions#test_parse_copy_files_directory_absolute = 1.55 s
[ 3416/26691] TestRDocOptions#test_parse_markup = 1.59 s
[ 3417/26691] TestRDocOptions#test_parse_coverage_level_1 = 1.52 s
[ 3418/26691] TestRDocOptions#test_parse_template_nonexistent = 1.81 s
[ 3419/26691] TestRDocOptions#test_parse_help_extra_generator = 1.82 s
[ 3420/26691] TestRDocOptions#test_parse_format_for_extra_generator = 0.03 s
[ 3421/26691] TestRDocOptions#test_init_with_trim_paths/root/ruby-3.4.1/lib/yaml.rb:3: warning: It s
eems your ruby installation is missing psych (for YAML output).
To eliminate this warning, please install libyaml and reinstall your ruby.
 = 0.29 s
[ 3422/26691] TestRDocOptions#test_parse_coverage = 1.52 s
[ 3423/26691] TestRDocOptions#test_parse_dry_run = 1.55 s
[ 3424/26691] TestRDocOptions#test_skip_test_default_value = 1.56 s
[ 3425/26691] TestRDocOptions#test_parse_formatter = 1.56 s
[ 3426/26691] TestRDocOptions#test_parse_formatter_ri = 3.12 s
[ 3427/26691] TestRDocOptions#test_setup_generator_no_option_parser = 0.04 s
[ 3428/26691] TestRDocOptions#test_load_options_no_file = 0.04 s
[ 3429/26691] TestRDocOptions#test_encoding_default = 0.03 s
[ 3430/26691] TestRDocOptions#test_parse_visibility = 6.20 s
[ 3431/26691] TestRDocOptions#test_setup_generator = 0.04 s
[ 3432/26691] TestRDocOptions#test_parse_main = 1.62 s
[ 3433/26691] TestRDocOptions#test_write_options/root/ruby-3.4.1/lib/yaml.rb:3: warning: It seems yo
ur ruby installation is missing psych (for YAML output).
To eliminate this warning, please install libyaml and reinstall your ruby.
 = 0.31 s
[ 3434/26691] TestRDocOptions#test_parse_locale_name_default = 1.70 s
[ 3435/26691] TestRDocOptions#test_parse_ignore_invalid_no = 1.99 s
[ 3436/26691] TestRDocOptions#test_parse_copy_files_directory_relative = 1.58 s
[ 3437/26691] TestRDocOptions#test_parse_encoding = 1.59 s
[ 3438/26691] TestRDocOptions#test_parse_dash_p_files = 1.94 s
[ 3439/26691] TestRDocOptions#test_parse_template = 2.14 s
[ 3440/26691] TestRDocOptions#test_parse_ignore_invalid = 2.23 s
[ 3441/26691] TestRDocOptions#test_parse_encoding_invalid = 2.33 s
[ 3442/26691] TestRDocOptions#test_to_yaml_trim_paths/root/ruby-3.4.1/lib/yaml.rb:3: warning: It see
ms your ruby installation is missing psych (for YAML output).
To eliminate this warning, please install libyaml and reinstall your ruby.
 = 0.35 s
[ 3443/26691] TestRDocOptions#test_parse_locale_name = 2.24 s
[ 3444/26691] TestRDocOptions#test_parse_template_load_path = 2.56 s
[ 3445/26691] TestRDocOptions#test_generator_descriptions = 0.03 s
[ 3446/26691] TestRDocOptions#test_parse_extension_alias = 2.38 s
[ 3447/26691] TestRDocOptions#test_parse_h = 2.62 s
[ 3448/26691] TestRDocOptions#test_load_options_empty_file/root/ruby-3.4.1/lib/yaml.rb:3: warning: I
t seems your ruby installation is missing psych (for YAML output).
To eliminate this warning, please install libyaml and reinstall your ruby.
 = 0.63 s
[ 3449/26691] TestRDocOptions#test_parse_tab_width = 8.51 s
[ 3450/26691] TestRDocOptions#test_to_yaml/root/ruby-3.4.1/lib/yaml.rb:3: warning: It seems your rub
y installation is missing psych (for YAML output).
To eliminate this warning, please install libyaml and reinstall your ruby.
 = 0.54 s
[ 3451/26691] TestRDocOptions#test_load_options/root/ruby-3.4.1/lib/yaml.rb:3: warning: It seems you
r ruby installation is missing psych (for YAML output).
To eliminate this warning, please install libyaml and reinstall your ruby.
 = 0.59 s
[ 3452/26691] TestRDocOptions#test_parse_copy_files_file_absolute = 2.03 s
[ 3453/26691] TestRDocOptions#test_parse_deprecated = 3.29 s
[ 3454/26691] TestRDocOptions#test_visibility = 0.03 s
[ 3455/26691] TestRDocOptions#test_warn = 0.14 s
[ 3456/26691] TestRDocOptions#test_parse_ignore_invalid_no_quiet = 2.08 s
[ 3457/26691] TestRDocOptions#test_parse_root = 1.77 s
[ 3458/26691] TestRDocOptions#test_parse_default = 1.68 s
[ 3459/26691] TestRDocOptions#test_ignore_needless_arg = 1.72 s
[ 3460/26691] TestRDocOptions#test_parse_dash_p = 1.63 s
[ 3461/26691] TestRDocOptions#test_ignore_missing_arg = 1.67 s
[ 3462/26691] TestRDocOptions#test_check_files_warn = 0.08 s
[ 3463/26691] TestRDocOptions#test_parse_coverage_C_level_1 = 1.60 s
[ 3464/26691] Prism::VersionTest#test_prism_version_is_set = 0.01 s
[ 3465/26691] TestObjectSpace#test_id2ref_19 = 0.01 s
[ 3466/26691] TestObjectSpace#test_each_object = 1.45 s
[ 3467/26691] TestObjectSpace#test_each_object_with_allocation = 9.25 s
[ 3468/26691] TestObjectSpace#test_each_object_recursive_key = 7.47 s
[ 3469/26691] TestObjectSpace#test_each_object_no_garbage = 11.32 s
[ 3470/26691] TestObjectSpace#test_finalizer_with_super = 27.13 s
[ 3471/26691] TestObjectSpace#test_exception_in_finalizer = 2.27 s
[ 3472/26691] TestObjectSpace#test_id2ref_liveness = 26.37 s
[ 3473/26691] TestObjectSpace#test_id2ref_35 = 0.01 s
[ 3474/26691] TestObjectSpace#test_id2ref_33 = 0.01 s
[ 3475/26691] TestObjectSpace#test_id2ref_31 = 0.01 s
[ 3476/26691] TestObjectSpace#test_each_object_enumerator = 1.46 s
[ 3477/26691] TestObjectSpace#test_id2ref_20 = 0.01 s
[ 3478/26691] TestObjectSpace#test_id2ref_22 = 0.01 s
[ 3479/26691] TestObjectSpace#test_id2ref_24 = 0.01 s
[ 3480/26691] TestObjectSpace#test_id2ref_invalid_argument = 0.10 s
[ 3481/26691] TestObjectSpace#test_id2ref_26 = 0.01 s
[ 3482/26691] TestObjectSpace#test_id2ref_28 = 0.01 s
[ 3483/26691] TestObjectSpace#test_finalizer = 237.46 s
[ 3484/26691] TestObjectSpace#test_id2ref_27 = 0.01 s
[ 3485/26691] TestObjectSpace#test_id2ref_25 = 0.01 s
[ 3486/26691] TestObjectSpace#test_id2ref_23 = 0.01 s
[ 3487/26691] TestObjectSpace#test_each_object_singleton_class = 10.48 s
[ 3488/26691] TestObjectSpace#test_id2ref_21 = 0.01 s
[ 3489/26691] TestObjectSpace#test_id2ref_invalid_symbol_id = 0.03 s
[ 3490/26691] TestObjectSpace#test_count_objects = 3.33 s
[ 3491/26691] TestObjectSpace#test_id2ref_29 = 0.01 s
[ 3492/26691] TestObjectSpace#test_id2ref_30 = 0.01 s
[ 3493/26691] TestObjectSpace#test_id2ref_32 = 0.01 s
[ 3494/26691] TestObjectSpace#test_id2ref_34 = 0.01 s
[ 3495/26691] TestObjectSpace#test_id2ref_36 = 0.01 s
[ 3496/26691] TestObjectSpace#test_id2ref_18 = 0.01 s
[ 3497/26691] TestObjectSpace#test_finalizer_thread_raise = 11.67 s
[ 3498/26691] Prism::CommandLineTest#test_command_line_e = 0.03 s
[ 3499/26691] Prism::CommandLineTest#test_command_line_a = 0.02 s
[ 3500/26691] Prism::CommandLineTest#test_command_line_x_explicit_fail = 0.01 s
[ 3501/26691] Prism::CommandLineTest#test_command_line_x_implicit_fail = 0.01 s
[ 3502/26691] Prism::CommandLineTest#test_command_line_l = 0.02 s
[ 3503/26691] Prism::CommandLineTest#test_command_line_n = 0.02 s
[ 3504/26691] Prism::CommandLineTest#test_command_line_x_implicit = 0.01 s
[ 3505/26691] Prism::CommandLineTest#test_command_line_p = 0.01 s
[ 3506/26691] Prism::CommandLineTest#test_command_line_x_explicit = 0.01 s
[ 3507/26691] TestSocketAddrinfo#test_addrinfo_inspect_sockaddr_unix = 0.01 s
[ 3508/26691] TestSocketAddrinfo#test_error_message = 0.04 s
[ 3509/26691] TestSocketAddrinfo#test_ipv6_address_predicates = 0.80 s
[ 3510/26691] TestSocketAddrinfo#test_marshal_inet6 = 0.03 s
[ 3511/26691] TestSocketAddrinfo#test_ipv6_to_ipv4 = 0.03 s
[ 3512/26691] TestSocketAddrinfo#test_s_foreach = 0.02 s
[ 3513/26691] TestSocketAddrinfo#test_connect_from = 0.05 s
[ 3514/26691] TestSocketAddrinfo#test_socket_connect_nonblock = 0.02 s
[ 3515/26691] TestSocketAddrinfo#test_socket_getnameinfo = 0.01 s
[ 3516/26691] TestSocketAddrinfo#test_connect = 0.03 s
[ 3517/26691] TestSocketAddrinfo#test_addrinfo_unix = 0.01 s
[ 3518/26691] TestSocketAddrinfo#test_addrinfo_predicates = 0.01 s
[ 3519/26691] TestSocketAddrinfo#test_family_addrinfo = 0.04 s
[ 3520/26691] TestSocketAddrinfo#test_socket_accept = 0.03 s
[ 3521/26691] TestSocketAddrinfo#test_addrinfo_ip_unpack_inet6 = 0.02 s
[ 3522/26691] TestSocketAddrinfo#test_addrinfo_udp = 0.02 s
[ 3523/26691] TestSocketAddrinfo#test_basicsocket_remote_address = 0.03 s
[ 3524/26691] TestSocketAddrinfo#test_connect_to = 0.03 s
[ 3525/26691] TestSocketAddrinfo#test_addrinfo_inspect_sockaddr_inet6 = 0.01 s
[ 3526/26691] TestSocketAddrinfo#test_basicsocket_send = 0.01 s
[ 3527/26691] TestSocketAddrinfo#test_socket_bind = 0.01 s
[ 3528/26691] TestSocketAddrinfo#test_listen = 0.03 s
[ 3529/26691] TestSocketAddrinfo#test_addrinfo_ip = 0.04 s
[ 3530/26691] TestSocketAddrinfo#test_addrinfo_inspect_sockaddr = 0.01 s
[ 3531/26691] TestSocketAddrinfo#test_addrinfo_unix_path = 0.01 s
[ 3532/26691] TestSocketAddrinfo#test_socket_accept_nonblock = 0.03 s
[ 3533/26691] TestSocketAddrinfo#test_addrinfo_new_inet6 = 0.02 s
[ 3534/26691] TestSocketAddrinfo#test_marshal = 0.03 s
[ 3535/26691] TestSocketAddrinfo#test_addrinfo_new_unix = 0.01 s
[ 3536/26691] TestSocketAddrinfo#test_addrinfo_tcp = 0.02 s
[ 3537/26691] TestSocketAddrinfo#test_udpsocket_send = 0.01 s
[ 3538/26691] TestSocketAddrinfo#test_socket_sysaccept = 0.03 s
[ 3539/26691] TestSocketAddrinfo#test_bind = 0.01 s
[ 3540/26691] TestSocketAddrinfo#test_addrinfo_predicates_unix = 0.01 s
[ 3541/26691] TestSocketAddrinfo#test_basicsocket_local_address = 0.02 s
[ 3542/26691] TestSocketAddrinfo#test_addrinfo_ip_unpack = 0.02 s
[ 3543/26691] TestSocketAddrinfo#test_ipv4_address_predicates = 0.11 s
[ 3544/26691] TestSocketAddrinfo#test_addrinfo_unix_dgram = 0.02 s
[ 3545/26691] TestSocketAddrinfo#test_marshal_unix = 0.02 s
[ 3546/26691] TestSocketAddrinfo#test_addrinfo_timeout = 0.02 s
[ 3547/26691] TestSocketAddrinfo#test_socket_connect = 0.02 s
[ 3548/26691] TestSocketAddrinfo#test_socket_recvfrom = 0.02 s
[ 3549/26691] TestSocketAddrinfo#test_addrinfo_new_inet = 0.02 s
[ 3550/26691] TestSocketAddrinfo#test_socket_recvfrom_nonblock = 0.02 s
[ 3551/26691] TestGemSecurityPolicy#test_check_cert_expired = 0.67 s
[ 3552/26691] TestGemSecurityPolicy#test_subject = 0.72 s
[ 3553/26691] TestGemSecurityPolicy#test_check_chain_empty_chain = 0.71 s
[ 3554/26691] TestGemSecurityPolicy#test_check_data = 0.79 s
[ 3555/26691] TestGemSecurityPolicy#test_check_cert_no_signer = 0.69 s
[ 3556/26691] TestGemSecurityPolicy#test_verify_not_enough_signatures = 0.83 s
[ 3557/26691] TestGemSecurityPolicy#test_verify_chain_key = 0.75 s
[ 3558/26691] TestGemSecurityPolicy#test_check_cert_issuer = 0.69 s
[ 3559/26691] TestGemSecurityPolicy#test_check_chain = 0.70 s
[ 3560/26691] TestGemSecurityPolicy#test_check_chain_invalid = 0.70 s
[ 3561/26691] TestGemSecurityPolicy#test_check_trust_no_chain = 0.69 s
[ 3562/26691] TestGemSecurityPolicy#test_check_root_no_chain = 0.70 s
[ 3563/26691] TestGemSecurityPolicy#test_check_trust_empty_chain = 0.69 s
[ 3564/26691] TestGemSecurityPolicy#test_verify_signatures_trust = 0.83 s
[ 3565/26691] TestGemSecurityPolicy#test_check_key = 0.70 s
[ 3566/26691] TestGemSecurityPolicy#test_check_trust_no_trust_child = 0.74 s
[ 3567/26691] TestGemSecurityPolicy#test_check_cert = 0.69 s
[ 3568/26691] TestGemSecurityPolicy#test_check_cert_invalid_issuer = 0.71 s
[ 3569/26691] TestGemSecurityPolicy#test_verify_no_trust = 0.76 s
[ 3570/26691] TestGemSecurityPolicy#test_verify_signatures_missing = 0.86 s
[ 3571/26691] TestGemSecurityPolicy#test_verify_wrong_digest_type = 0.77 s
[ 3572/26691] TestGemSecurityPolicy#test_verify_no_digests = 0.79 s
[ 3573/26691] TestGemSecurityPolicy#test_check_trust_child = 0.77 s
[ 3574/26691] TestGemSecurityPolicy#test_verify_signatures_data = 0.75 s
[ 3575/26691] TestGemSecurityPolicy#test_verify_no_digests_no_security = 0.78 s
[ 3576/26691] TestGemSecurityPolicy#test_verify_no_signatures = 0.80 s
[ 3577/26691] TestGemSecurityPolicy#test_check_key_no_signer = 0.70 s
[ 3578/26691] TestGemSecurityPolicy#test_verify_chain_signatures = 0.81 s
[ 3579/26691] TestGemSecurityPolicy#test_check_root_empty_chain = 0.70 s
[ 3580/26691] TestGemSecurityPolicy#test_check_root = 0.71 s
[ 3581/26691] TestGemSecurityPolicy#test_check_cert_future = 0.71 s
[ 3582/26691] TestGemSecurityPolicy#test_verify = 0.81 s
[ 3583/26691] TestGemSecurityPolicy#test_check_root_not_self_signed = 0.70 s
[ 3584/26691] TestGemSecurityPolicy#test_verify_signatures_chain = 0.80 s
[ 3585/26691] TestGemSecurityPolicy#test_verify_signatures_root = 0.79 s
[ 3586/26691] TestGemSecurityPolicy#test_verify_no_signatures_no_digests = 0.74 s
[ 3587/26691] TestGemSecurityPolicy#test_check_trust_mismatch = 0.76 s
[ 3588/26691] TestGemSecurityPolicy#test_check_trust_no_trust = 0.73 s
[ 3589/26691] TestGemSecurityPolicy#test_check_trust = 0.79 s
[ 3590/26691] TestGemSecurityPolicy#test_verify_signatures_none = 0.89 s
[ 3591/26691] TestGemSecurityPolicy#test_check_key_wrong_key = 0.73 s
[ 3592/26691] TestGemSecurityPolicy#test_check_data_invalid = 0.76 s
[ 3593/26691] TestGemSecurityPolicy#test_check_chain_no_chain = 0.71 s
[ 3594/26691] TestGemSecurityPolicy#test_check_root_invalid_signer = 0.72 s
[ 3595/26691] TestGemSecurityPolicy#test_verify_signatures = 0.86 s
[ 3596/26691] TestGemSecurityPolicy#test_verify_signatures_signer = 0.78 s
[ 3597/26691] TestGemResolverSpecification#test_source = 0.59 s
[ 3598/26691] TestGemResolverSpecification#test_installable_platform_eh = 0.51 s
[ 3599/26691] TestGemResolverSpecification#test_install = 0.90 s
[ 3600/26691] TestIRB::LocaleTestCase#test_find = 0.68 s
[ 3601/26691] TestIRB::LocaleTestCase#test_initialize_with_en = 0.01 s
[ 3602/26691] TestIRB::LocaleTestCase#test_load = 0.82 s
[ 3603/26691] TestIRB::LocaleTestCase#test_initialize_with_ja = 0.01 s
[ 3604/26691] TestIRB::LocaleTestCase#test_initialize_with_lc_all = 0.02 s
[ 3605/26691] TestIRB::LocaleTestCase#test_initialize_with_lang = 0.01 s
[ 3606/26691] TestIRB::LocaleTestCase#test_initialize_with_lc_messages = 0.01 s
[ 3607/26691] TestIRB::LocaleTestCase#test_initialize_with_irb_lang = 0.01 s
[ 3608/26691] TestIRB::LocaleTestCase#test_initialize_with_legacy_ja_encoding_euc = 0.02 s
[ 3609/26691] TestIRB::LocaleTestCase#test_initialize_with_legacy_ja_encoding_ujis = 0.02 s
[ 3610/26691] TestBundlerGem#test_warning_libdir = 0.03 s
[ 3611/26691] TestBundlerGem#test_warning_archdir = 0.02 s
[ 3612/26691] TestBundlerGem#test_warning = 0.33 s
[ 3613/26691] TestBundlerGem#test_no_warning_warning = 0.01 s
[ 3614/26691] TestArity#test_method_err_mess = 0.24 s
[ 3615/26691] TestArity#test_message_change_issue_6085 = 0.07 s
[ 3616/26691] TestArity#test_proc_err_mess = 0.15 s
[ 3617/26691] Test_Method::TestArity#test_base = 0.02 s
[ 3618/26691] Test_Method::TestArity#test_zsuper = 0.01 s
[ 3619/26691] TestArithmeticSequence#test_slice = 0.02 s
[ 3620/26691] TestArithmeticSequence#test_last_with_rational = 0.02 s
[ 3621/26691] TestArithmeticSequence#test_eql_p = 0.01 s
[ 3622/26691] TestArithmeticSequence#test_range_step_size = 0.02 s
[ 3623/26691] TestArithmeticSequence#test_eqq = 0.01 s
[ 3624/26691] TestArithmeticSequence#test_next = 0.02 s
[ 3625/26691] TestArithmeticSequence#test_next_after_stopiteration = 0.03 s
[ 3626/26691] TestArithmeticSequence#test_cons = 0.01 s
[ 3627/26691] TestArithmeticSequence#test_last_with_float = 0.01 s
[ 3628/26691] TestArithmeticSequence#test_step = 0.03 s
[ 3629/26691] TestArithmeticSequence#test_to_a = 0.02 s
[ 3630/26691] TestArithmeticSequence#test_next_rewind = 0.03 s
[ 3631/26691] TestArithmeticSequence#test_new = 0.01 s
[ 3632/26691] TestArithmeticSequence#test_sum = 0.02 s
[ 3633/26691] TestArithmeticSequence#test_allocate = 0.01 s
[ 3634/26691] TestArithmeticSequence#test_next_bug15444 = 0.01 s
[ 3635/26691] TestArithmeticSequence#test_complex = 0.04 s
[ 3636/26691] TestArithmeticSequence#test_next_values = 0.01 s
[ 3637/26691] TestArithmeticSequence#test_last = 0.04 s
[ 3638/26691] TestArithmeticSequence#test_to_a_bug15444 = 0.02 s
[ 3639/26691] TestArithmeticSequence#test_first_bug15518 = 0.02 s
[ 3640/26691] TestArithmeticSequence#test_num_step_inspect = 0.02 s
[ 3641/26691] TestArithmeticSequence#test_hash = 0.01 s
[ 3642/26691] TestArithmeticSequence#test_begin = 0.03 s
[ 3643/26691] TestArithmeticSequence#test_to_a_bug17218 = 0.01 s
[ 3644/26691] TestArithmeticSequence#test_peek_values = 0.01 s
[ 3645/26691] TestArithmeticSequence#test_num_step_size = 0.02 s
[ 3646/26691] TestArithmeticSequence#test_last_bug17218 = 0.01 s
[ 3647/26691] TestArithmeticSequence#test_range_step_inspect = 0.01 s
[ 3648/26691] TestArithmeticSequence#test_with_index = 0.02 s
[ 3649/26691] TestArithmeticSequence#test_peek = 0.03 s
[ 3650/26691] TestArithmeticSequence#test_stop_result = 0.02 s
[ 3651/26691] TestArithmeticSequence#test_end = 0.03 s
[ 3652/26691] TestArithmeticSequence#test_with_object = 0.02 s
[ 3653/26691] TestArithmeticSequence#test_first = 0.05 s
[ 3654/26691] TestArithmeticSequence#test_eq = 0.01 s
[ 3655/26691] TestArithmeticSequence#test_exclude_end_p = 0.03 s
[ 3656/26691] TestGemSourceLocal#test_load_specs_prerelease = 0.90 s
[ 3657/26691] TestGemSourceLocal#test_find_gem_prerelease = 0.96 s
[ 3658/26691] TestGemSourceLocal#test_spaceship = 0.97 s
[ 3659/26691] TestGemSourceLocal#test_find_gem_specific_version = 0.99 s
[ 3660/26691] TestGemSourceLocal#test_find_gem_highest_version = 0.98 s
[ 3661/26691] TestGemSourceLocal#test_fetch_spec = 0.98 s
[ 3662/26691] TestGemSourceLocal#test_download = 0.96 s
[ 3663/26691] TestGemSourceLocal#test_load_specs_latest = 0.96 s
[ 3664/26691] TestGemSourceLocal#test_pretty_print = 0.95 s
[ 3665/26691] TestGemSourceLocal#test_load_specs_released = 0.95 s
[ 3666/26691] TestGemSourceLocal#test_inspect = 0.96 s
[ 3667/26691] TestGemSourceLocal#test_find_gem = 0.95 s
[ 3668/26691] TestGemCommandsContentsCommand#test_execute_default_gem = 1.32 s
[ 3669/26691] TestGemCommandsContentsCommand#test_execute_show_install_dir = 0.78 s
[ 3670/26691] TestGemCommandsContentsCommand#test_handle_options = 0.91 s
[ 3671/26691] TestGemCommandsContentsCommand#test_execute_exact_match = 0.82 s
[ 3672/26691] TestGemCommandsContentsCommand#test_execute_no_prefix = 0.78 s
[ 3673/26691] TestGemCommandsContentsCommand#test_execute_missing_version = 0.76 s
[ 3674/26691] TestGemCommandsContentsCommand#test_execute_lib_only = 0.79 s
[ 3675/26691] TestGemCommandsContentsCommand#test_execute_bad_gem = 0.58 s
[ 3676/26691] TestGemCommandsContentsCommand#test_execute_show_install_dir_version = 0.77 s
[ 3677/26691] TestGemCommandsContentsCommand#test_execute_missing_multiple = 0.80 s
[ 3678/26691] TestGemCommandsContentsCommand#test_execute_missing_single = 0.58 s
[ 3679/26691] TestGemCommandsContentsCommand#test_execute_multiple = 0.83 s
[ 3680/26691] TestGemCommandsContentsCommand#test_execute_all = 0.91 s
[ 3681/26691] TestGemCommandsContentsCommand#test_execute_show_install_dir_latest_version = 0.89 s
[ 3682/26691] TestGemCommandsContentsCommand#test_execute = 0.79 s
[ 3683/26691] TestGemCommandsEnvironmentCommand#test_execute_gempath = 1.05 s
[ 3684/26691] TestGemCommandsEnvironmentCommand#test_execute_user_gemhome = 0.97 s
[ 3685/26691] TestGemCommandsEnvironmentCommand#test_execute_unknown = 0.95 s
[ 3686/26691] TestGemCommandsEnvironmentCommand#test_execute_version = 0.96 s
[ 3687/26691] TestGemCommandsEnvironmentCommand#test_execute_gempath_multiple = 1.00 s
[ 3688/26691] TestGemCommandsEnvironmentCommand#test_execute_user_gemdir = 0.97 s
[ 3689/26691] TestGemCommandsEnvironmentCommand#test_execute_gemdir = 0.95 s
[ 3690/26691] TestGemCommandsEnvironmentCommand#test_execute_platform = 1.00 s
[ 3691/26691] TestGemCommandsEnvironmentCommand#test_execute = 1.05 s
[ 3692/26691] TestGemCommandsEnvironmentCommand#test_execute_remotesources = 0.97 s
[ 3693/26691] TestAllocation::ProcCall::WithBlock#test_anonymous_splat_and_anonymous_keyword_splat_p
arameters = 12.29 s
[ 3694/26691] TestAllocation::ProcCall::WithBlock#test_required_parameter = 10.71 s
[ 3695/26691] TestAllocation::ProcCall::WithBlock#test_required_and_keyword_splat_parameter = 11.88
s
[ 3696/26691] TestAllocation::ProcCall::WithBlock#test_keyword_parameter = 10.92 s
[ 3697/26691] TestAllocation::ProcCall::WithBlock#test_no_parameters = 10.18 s
[ 3698/26691] TestAllocation::ProcCall::WithBlock#test_positional_splat_and_keyword_splat_parameter
= 11.97 s
[ 3699/26691] TestAllocation::ProcCall::WithBlock#test_positional_splat_and_post_parameters = 10.93
s
[ 3700/26691] TestAllocation::ProcCall::WithBlock#test_keyword_splat_parameter = 11.62 s
[ 3701/26691] TestAllocation::ProcCall::WithBlock#test_optional_parameter = 10.53 s
[ 3702/26691] TestAllocation::ProcCall::WithBlock#test_required_and_positional_splat_parameters = 10
.96 s
[ 3703/26691] TestAllocation::ProcCall::WithBlock#test_ruby2_keywords = 12.00 s
[ 3704/26691] TestAllocation::ProcCall::WithBlock#test_positional_splat_and_keyword_parameter = 11.9
9 s
[ 3705/26691] TestAllocation::ProcCall::WithBlock#test_required_positional_and_keyword_parameter = 1
2.11 s
[ 3706/26691] TestAllocation::ProcCall::WithBlock#test_keyword_and_keyword_splat_parameter = 10.79 s
[ 3707/26691] TestAllocation::ProcCall::WithBlock#test_no_array_allocation_with_splat_and_nonstatic_
keywords = 11.29 s
[ 3708/26691] TestAllocation::ProcCall::WithBlock#test_positional_splat_parameter = 11.05 s
[ 3709/26691] TestFormatter#test_format_datetime = 0.02 s
[ 3710/26691] TestFormatter#test_call = 0.02 s
[ 3711/26691] TestThreadLockNativeThread#test_lock_native_thread = 9.00 s
[ 3712/26691] TestThreadLockNativeThread#test_lock_native_thread_tls = 23.72 s
[ 3713/26691] TestRipper::Lexer#test_slice = 0.07 s
[ 3714/26691] TestRipper::Lexer#test_spaces_at_eof = 0.03 s
[ 3715/26691] TestRipper::Lexer#test_raise_errors_keyword = 0.21 s
[ 3716/26691] TestRipper::Lexer#test_invalid_escape_meta_ctrl_mbchar = 0.03 s
[ 3717/26691] TestRipper::Lexer#test_lexer_scan_with_syntax_error = 0.23 s
[ 3718/26691] TestRipper::Lexer#test_stack_at_on_heredoc_beg = 0.02 s
[ 3719/26691] TestRipper::Lexer#test_invalid_escape_meta_mbchar = 0.03 s
[ 3720/26691] TestRipper::Lexer#test_end_of_script_char = 0.12 s
[ 3721/26691] TestRipper::Lexer#test_invalid_escape_ctrl_meta_mbchar = 0.03 s
[ 3722/26691] TestRipper::Lexer#test_embedded_expr_in_heredoc = 0.03 s
[ 3723/26691] TestRipper::Lexer#test_tokenize_with_here_document = 0.03 s
[ 3724/26691] TestRipper::Lexer#test_invalid_escape_string = 0.31 s
[ 3725/26691] TestRipper::Lexer#test_expr_at_beginning_in_heredoc = 0.03 s
[ 3726/26691] TestRipper::Lexer#test_state_after_cvar = 0.04 s
[ 3727/26691] TestRipper::Lexer#test_lex_with_syntax_error_and_heredoc = 0.04 s
[ 3728/26691] TestRipper::Lexer#test_lex_with_syntax_error = 0.16 s
[ 3729/26691] TestRipper::Lexer#test_tokenize_with_syntax_error = 0.15 s
[ 3730/26691] TestRipper::Lexer#test_token_aftr_error_heredoc = 0.04 s
[ 3731/26691] TestRipper::Lexer#test_state_after_ivar = 0.04 s
[ 3732/26691] TestRipper::Lexer#test_space_after_expr_in_heredoc = 0.03 s
[ 3733/26691] TestRipper::Lexer#test_heredoc_unterminated_interpolation = 0.02 s
[ 3734/26691] TestRipper::Lexer#test_nested_heredoc = 0.18 s
[ 3735/26691] TestRipper::Lexer#test_nested_dedent_heredoc = 0.06 s
[ 3736/26691] TestRipper::Lexer#test_heredoc_inside_block_param = 0.05 s
[ 3737/26691] TestRipper::Lexer#test_trailing_on_embexpr_end = 0.03 s
[ 3738/26691] TestRipper::Lexer#test_invalid_escape_ctrl_mbchar = 0.03 s
[ 3739/26691] CGICookieTest#test_cgi_cookie_new_complex = 0.04 s
[ 3740/26691] CGICookieTest#test_cgi_cookie_newline_injection_into_name = 0.01 s
[ 3741/26691] CGICookieTest#test_cgi_cookie_parse = 0.03 s
[ 3742/26691] CGICookieTest#test_cgi_cookie_arrayinterface = 0.02 s
[ 3743/26691] CGICookieTest#test_cgi_cookie_parse_not_decode_name = 0.02 s
[ 3744/26691] CGICookieTest#test_cgi_cookie_injection_into_path = 0.01 s
[ 3745/26691] CGICookieTest#test_cgi_cookie_multibyte_injection_into_name = 0.01 s
[ 3746/26691] CGICookieTest#test_cgi_cookie_injection_into_domain = 0.01 s
[ 3747/26691] CGICookieTest#test_cgi_cookie_new_simple = 0.02 s
[ 3748/26691] CGICookieTest#test_cgi_cookie_new_with_domain = 0.03 s
[ 3749/26691] CGICookieTest#test_cgi_cookie_scriptname = 0.02 s
[ 3750/26691] CGICookieTest#test_cgi_cookie_domain_injection_into_name = 0.01 s
[ 3751/26691] OpenSSL::TestBuffering#test_flush_error = 0.04 s
[ 3752/26691] OpenSSL::TestBuffering#test_getc = 0.02 s
[ 3753/26691] OpenSSL::TestBuffering#test_flush = 0.02 s
[ 3754/26691] OpenSSL::TestBuffering#test_encoding = 0.01 s
[ 3755/26691] OpenSSL::TestBuffering#test_each_byte = 0.02 s
[ 3756/26691] TestGemCommandManager#test_process_args_bad_arg = 0.54 s
[ 3757/26691] TestGemCommandManager#test_find_alias_command = 0.63 s
[ 3758/26691] TestGemCommandManager#test_run_crash_command = 0.78 s
[ 3759/26691] TestGemCommandManager#test_deprecated_command = 0.79 s
[ 3760/26691] TestGemCommandManager#test_find_command = 0.70 s
[ 3761/26691] TestGemCommandManager#test_deprecated_command_with_version = 0.78 s
[ 3762/26691] TestGemCommandManager#test_process_args_update = 1.96 s
[ 3763/26691] TestGemCommandManager#test_process_args_with_c_flag = 3.38 s
[ 3764/26691] TestGemCommandManager#test_find_command_ambiguous = 0.59 s
[ 3765/26691] TestGemCommandManager#test_process_args_with_c_flag_path_not_found = 0.51 s
[ 3766/26691] TestGemCommandManager#test_find_command_unknown = 0.52 s
[ 3767/26691] TestGemCommandManager#test_process_args_install = 3.47 s
[ 3768/26691] TestGemCommandManager#test_process_args_uninstall = 1.23 s
[ 3769/26691] TestGemCommandManager#test_process_args_query = 1.39 s
[ 3770/26691] TestGemCommandManager#test_find_command_ambiguous_exact = 0.75 s
[ 3771/26691] TestGemCommandManager#test_process_args_check = 0.98 s
[ 3772/26691] TestGemCommandManager#test_find_login_alias_command = 0.66 s
[ 3773/26691] TestGemCommandManager#test_process_args_build = 1.03 s
[ 3774/26691] TestGemCommandManager#test_process_args_with_c_flag_without_path = 0.57 s
[ 3775/26691] TestGemCommandManager#test_find_logout_alias_comamnd = 0.59 s
[ 3776/26691] TestGemCommandManager#test_find_command_unknown_suggestions = 0.59 s
[ 3777/26691] TestGemCommandManager#test_run_interrupt = 1.07 s
[ 3778/26691] TestOptionParserOptArg#test_lambda = 0.09 s
[ 3779/26691] TestOptionParserOptArg#test_require_exact = 0.48 s
[ 3780/26691] TestOptionParserOptArg#test_permute = 0.13 s
[ 3781/26691] TestOptionParserOptArg#test_long = 0.12 s
[ 3782/26691] TestOptionParserOptArg#test_default_argument = 0.08 s
[ 3783/26691] TestOptionParserOptArg#test_raise_unknown = 0.17 s
[ 3784/26691] TestOptionParserOptArg#test_help_pager = 12.44 s
[ 3785/26691] TestOptionParserOptArg#test_short = 0.10 s
[ 3786/26691] TestOptionParserOptArg#test_hyphenize = 0.09 s
[ 3787/26691] TestOptionParserOptArg#test_regexp = 0.11 s
[ 3788/26691] TestOptionParserOptArg#test_abbrev = 0.28 s
[ 3789/26691] TestOptionParserOptArg#test_order = 0.11 s
[ 3790/26691] TestOptionParserOptArg#test_nonopt_pattern = 0.10 s
[ 3791/26691] TestOptionParserOptArg#test_into = 0.20 s
[ 3792/26691] TestOptionParserOptArg#test_exact_option = 0.48 s
[ 3793/26691] TC_Set_Builtin#test_Set = 0.04 s
[ 3794/26691] TC_Set_Builtin#test_to_set = 0.03 s
[ 3795/26691] TestGemCommandsOwnerCommand#test_with_webauthn_enabled_failure = 1.03 s
[ 3796/26691] TestGemCommandsOwnerCommand#test_show_owners_setting_up_host_through_env_var = 0.89 s
[ 3797/26691] TestGemCommandsOwnerCommand#test_otp_verified_success = 0.90 s
[ 3798/26691] TestGemCommandsOwnerCommand#test_show_owners_permanent_redirect = 1.04 s
[ 3799/26691] TestGemCommandsOwnerCommand#test_add_owners_no_api_key_webauthn_enabled_does_not_reuse
_otp_codes = 1.81 s
[ 3800/26691] TestGemCommandsOwnerCommand#test_add_owners = 0.79 s
[ 3801/26691] TestGemCommandsOwnerCommand#test_add_owners_unathorized_api_key = 0.96 s
[ 3802/26691] TestGemCommandsOwnerCommand#test_with_webauthn_enabled_success = 1.88 s
[ 3803/26691] TestGemCommandsOwnerCommand#test_add_owner_with_host_option_through_execute = 1.42 s
[ 3804/26691] TestGemCommandsOwnerCommand#test_otp_verified_failure = 0.89 s
[ 3805/26691] TestGemCommandsOwnerCommand#test_with_webauthn_enabled_failure_with_polling = 1.07 s
[ 3806/26691] TestGemCommandsOwnerCommand#test_with_webauthn_enabled_success_with_polling = 1.12 s
[ 3807/26691] TestGemCommandsOwnerCommand#test_show_owners_key = 1.36 s
[ 3808/26691] TestGemCommandsOwnerCommand#test_remove_owners_missing = 0.80 s
[ 3809/26691] TestGemCommandsOwnerCommand#test_add_owners_permanent_redirect = 0.81 s
[ 3810/26691] TestGemCommandsOwnerCommand#test_remove_owners = 0.79 s
[ 3811/26691] TestGemCommandsOwnerCommand#test_add_owners_key = 1.17 s
[ 3812/26691] TestGemCommandsOwnerCommand#test_remove_owners_denied = 0.80 s
[ 3813/26691] TestGemCommandsOwnerCommand#test_remove_owners_permanent_redirect = 0.84 s
[ 3814/26691] TestGemCommandsOwnerCommand#test_show_owners_setting_up_host = 0.90 s
[ 3815/26691] TestGemCommandsOwnerCommand#test_add_owners_denied = 0.79 s
[ 3816/26691] TestGemCommandsOwnerCommand#test_remove_owners_key = 1.18 s
[ 3817/26691] TestGemCommandsOwnerCommand#test_show_owners_denied = 1.03 s
[ 3818/26691] TestGemCommandsOwnerCommand#test_show_owners = 0.90 s
[ 3819/26691] TestGemCommandsOwnerCommand#test_show_owners_dont_load_objects = 0.78 s
[ 3820/26691] TestGemCommandsOwnerCommand#test_remove_owners_unathorized_api_key = 0.98 s
[ 3821/26691] TestAssignmentGen#test_chainged_assign_command = 0.04 s
[ 3822/26691] TestAssignmentGen#test_assignment = 479.17 s
[ 3823/26691] TestAssignmentGen#test_massign_aref_lhs_splat = 0.01 s
[ 3824/26691] TestAssignmentGen#test_optimized_aset = 0.01 s
[ 3825/26691] OpenSSL::TestX509Attribute#test_new = 0.03 s
[ 3826/26691] OpenSSL::TestX509Attribute#test_invalid_value = 0.02 s
[ 3827/26691] OpenSSL::TestX509Attribute#test_marshal = 0.02 s
[ 3828/26691] OpenSSL::TestX509Attribute#test_to_der = 0.02 s
[ 3829/26691] OpenSSL::TestX509Attribute#test_dup = 0.01 s
[ 3830/26691] OpenSSL::TestX509Attribute#test_eq = 0.02 s
[ 3831/26691] OpenSSL::TestX509Attribute#test_from_der = 0.01 s
[ 3832/26691] Bug::Marshal::TestUsrMarshal#test_incompat = 7.50 s
[ 3833/26691] Bug::Marshal::TestUsrMarshal#test_marshal = 0.02 s
[ 3834/26691] Bug::Marshal::TestUsrMarshal#test_compat = 14.99 s
[ 3835/26691] CGIModrubyTest#test_cgi_modruby_simple = 0.06 s
[ 3836/26691] CGIModrubyTest#test_cgi_modruby_requestparams = 0.03 s
[ 3837/26691] CGIModrubyTest#test_cgi_modruby_complex = 0.04 s
[ 3838/26691] CGIModrubyTest#test_cgi_modruby_location = 0.03 s
[ 3839/26691] TestCaseOptions#test_option_errors = 0.27 s
[ 3840/26691] TestCaseOptions#test_options_okay = 0.04 s
[ 3841/26691] TestCaseOptions#test_operation_specific = 0.03 s
[ 3842/26691] Prism::LexTest#"test_global_variables.txt" = 2.22 s
[ 3843/26691] Prism::LexTest#"test_whitequark/space_args_block.txt" = 0.08 s
[ 3844/26691] Prism::LexTest#"test_seattlerb/parse_line_defn_complex.txt" = 0.21 s
[ 3845/26691] Prism::LexTest#"test_seattlerb/iter_args_7_2.txt" = 0.15 s
[ 3846/26691] Prism::LexTest#"test_seattlerb/call_assoc_new.txt" = 0.07 s
[ 3847/26691] Prism::LexTest#"test_seattlerb/safe_calls.txt" = 0.09 s
[ 3848/26691] Prism::LexTest#"test_whitequark/send_index_legacy.txt" = 0.08 s
[ 3849/26691] Prism::LexTest#"test_whitequark/space_args_arg_block.txt" = 0.25 s
[ 3850/26691] Prism::LexTest#"test_seattlerb/block_call_defn_call_block_call.txt" = 0.17 s
[ 3851/26691] Prism::LexTest#"test_whitequark/bug_lambda_leakage.txt" = 0.10 s
[ 3852/26691] Prism::LexTest#"test_seattlerb/mlhs_front_anonsplat.txt" = 0.11 s
[ 3853/26691] Prism::LexTest#"test_seattlerb/const_op_asgn_and1.txt" = 0.06 s
[ 3854/26691] Prism::LexTest#"test_seattlerb/parse_line_str_with_newline_escape.txt" = 0.10 s
[ 3855/26691] Prism::LexTest#"test_whitequark/ruby_bug_11107.txt" = 0.13 s
[ 3856/26691] Prism::LexTest#"test_whitequark/args_args_assocs.txt" = 0.23 s
[ 3857/26691] Prism::LexTest#"test_seattlerb/defn_arg_asplat_arg.txt" = 0.12 s
[ 3858/26691] Prism::LexTest#"test_seattlerb/defn_kwarg_env.txt" = 0.13 s
[ 3859/26691] Prism::LexTest#"test_methods.txt" = 7.30 s
[ 3860/26691] Prism::LexTest#"test_whitequark/hash_hashrocket.txt" = 0.20 s
[ 3861/26691] Prism::LexTest#"test_seattlerb/defs_oneliner_rescue.txt" = 0.51 s
[ 3862/26691] Prism::LexTest#"test_unparser/corpus/literal/kwbegin.txt" = 1.76 s
[ 3863/26691] Prism::LexTest#"test_xstring_with_backslash.txt" = 0.05 s
[ 3864/26691] Prism::LexTest#"test_until.txt" = 0.49 s
[ 3865/26691] Prism::LexTest#"test_seattlerb/index_0_opasgn.txt" = 0.07 s
[ 3866/26691] Prism::LexTest#"test_whitequark/forwarded_argument_with_restarg.txt" = 0.16 s
[ 3867/26691] Prism::LexTest#"test_seattlerb/block_args_opt1.txt" = 0.16 s
[ 3868/26691] Prism::LexTest#"test_lambda.txt" = 0.78 s
[ 3869/26691] Prism::LexTest#"test_seattlerb/block_kwarg_lvar.txt" = 0.11 s
[ 3870/26691] Prism::LexTest#"test_seattlerb/masgn_arg_colon_arg.txt" = 0.09 s
[ 3871/26691] Prism::LexTest#"test_seattlerb/defn_oneliner_eq2.txt" = 0.13 s
[ 3872/26691] Prism::LexTest#"test_seattlerb/parse_if_not_noncanonical.txt" = 0.16 s
[ 3873/26691] Prism::LexTest#"test_seattlerb/f_kw__required.txt" = 0.08 s
[ 3874/26691] Prism::LexTest#"test_seattlerb/bug_cond_pct.txt" = 0.10 s
[ 3875/26691] Prism::LexTest#"test_whitequark/bang_cmd.txt" = 0.05 s
[ 3876/26691] Prism::LexTest#"test_seattlerb/rescue_do_end_ensure_result.txt" = 0.15 s
[ 3877/26691] Prism::LexTest#test_parse_lex_result = 0.06 s
[ 3878/26691] Prism::LexTest#"test_seattlerb/case_in_86.txt" = 0.18 s
[ 3879/26691] Prism::LexTest#"test_seattlerb/dstr_lex_state.txt" = 0.09 s
[ 3880/26691] Prism::LexTest#"test_whitequark/super.txt" = 0.14 s
[ 3881/26691] Prism::LexTest#"test_seattlerb/cond_unary_minus.txt" = 0.07 s
[ 3882/26691] Prism::LexTest#"test_whitequark/not_masgn__24.txt" = 0.10 s
[ 3883/26691] Prism::LexTest#"test_whitequark/hash_label.txt" = 0.07 s
[ 3884/26691] Prism::LexTest#"test_seattlerb/heredoc_squiggly_empty.txt" = 0.06 s
[ 3885/26691] Prism::LexTest#"test_seattlerb/iter_kwarg.txt" = 0.10 s
[ 3886/26691] Prism::LexTest#"test_seattlerb/qw_escape_term.txt" = 0.05 s
[ 3887/26691] Prism::LexTest#"test_seattlerb/block_splat_reg.txt" = 0.11 s
[ 3888/26691] Prism::LexTest#"test_seattlerb/thingy.txt" = 0.13 s
[ 3889/26691] Prism::LexTest#"test_seattlerb/masgn_arg_splat_arg.txt" = 0.10 s
[ 3890/26691] Prism::LexTest#"test_seattlerb/parse_while_not_noncanonical.txt" = 0.12 s
[ 3891/26691] Prism::LexTest#"test_seattlerb/pipe_space.txt" = 0.09 s
[ 3892/26691] Prism::LexTest#"test_strings.txt" = 2.92 s
[ 3893/26691] Prism::LexTest#"test_seattlerb/bug_249.txt" = 0.24 s
[ 3894/26691] Prism::LexTest#"test_seattlerb/dot2_nil__26.txt" = 0.06 s
[ 3895/26691] Prism::LexTest#"test_seattlerb/defn_kwarg_kwsplat_anon.txt" = 0.12 s
[ 3896/26691] Prism::LexTest#"test_heredoc_with_trailing_newline.txt" = 0.06 s
[ 3897/26691] Prism::LexTest#"test_whitequark/parser_bug_507.txt" = 0.11 s
[ 3898/26691] Prism::LexTest#"test_seattlerb/begin_ensure_no_bodies.txt" = 0.09 s
[ 3899/26691] Prism::LexTest#"test_seattlerb/defn_oneliner.txt" = 0.14 s
[ 3900/26691] Prism::LexTest#"test_seattlerb/parse_line_dot2_open.txt" = 0.13 s
[ 3901/26691] Prism::LexTest#"test_whitequark/var_or_asgn.txt" = 0.07 s
[ 3902/26691] Prism::LexTest#"test_seattlerb/bug_args_masgn_outer_parens__19.txt" = 0.15 s
[ 3903/26691] Prism::LexTest#"test_unparser/corpus/literal/send.txt" = 5.27 s
[ 3904/26691] Prism::LexTest#"test_seattlerb/in_expr_no_case.txt" = 0.07 s
[ 3905/26691] Prism::LexTest#"test_seattlerb/rhs_asgn.txt" = 0.05 s
[ 3906/26691] Prism::LexTest#"test_seattlerb/difficult7_.txt" = 0.30 s
[ 3907/26691] Prism::LexTest#"test_newline_terminated.txt" = 0.63 s
[ 3908/26691] Prism::LexTest#"test_seattlerb/method_call_trailing_comma.txt" = 0.08 s
[ 3909/26691] Prism::LexTest#"test_seattlerb/safe_call_newline.txt" = 0.06 s
[ 3910/26691] Prism::LexTest#"test_seattlerb/difficult3__9.txt" = 0.21 s
[ 3911/26691] Prism::LexTest#"test_whitequark/optarg.txt" = 0.21 s
[ 3912/26691] Prism::LexTest#"test_whitequark/slash_newline_in_heredocs.txt" = 0.21 s
[ 3913/26691] Prism::LexTest#"test_whitequark/sclass.txt" = 0.09 s
[ 3914/26691] Prism::LexTest#"test_seattlerb/defn_kwarg_lvar.txt" = 0.22 s
[ 3915/26691] Prism::LexTest#"test_seattlerb/parse_line_call_no_args.txt" = 0.14 s
[ 3916/26691] Prism::LexTest#"test_seattlerb/case_in_find.txt" = 0.15 s
[ 3917/26691] Prism::LexTest#"test_seattlerb/qwords_empty.txt" = 0.04 s
[ 3918/26691] Prism::LexTest#"test_whitequark/cvar.txt" = 0.04 s
[ 3919/26691] Prism::LexTest#"test_seattlerb/bug_215.txt" = 0.06 s
[ 3920/26691] Prism::LexTest#"test_whitequark/send_index_asgn.txt" = 0.18 s
[ 3921/26691] Prism::LexTest#"test_ternary_operator.txt" = 0.53 s
[ 3922/26691] Prism::LexTest#"test_seattlerb/parse_if_not_canonical.txt" = 0.15 s
[ 3923/26691] Prism::LexTest#"test_seattlerb/qWords_space.txt" = 0.13 s
[ 3924/26691] Prism::LexTest#"test_boolean_operators.txt" = 0.15 s
[ 3925/26691] Prism::LexTest#"test_seattlerb/block_arg_opt_arg_block.txt" = 0.15 s
[ 3926/26691] Prism::LexTest#"test_whitequark/string_concat.txt" = 0.09 s
[ 3927/26691] Prism::LexTest#"test_whitequark/masgn_nested.txt" = 0.19 s
[ 3928/26691] Prism::LexTest#"test_nils.txt" = 0.27 s
[ 3929/26691] Prism::LexTest#"test_seattlerb/dot3_nil__26.txt" = 0.05 s
[ 3930/26691] Prism::LexTest#"test_seattlerb/dstr_evstr.txt" = 0.11 s
[ 3931/26691] Prism::LexTest#"test_whitequark/forwarded_restarg.txt" = 0.13 s
[ 3932/26691] Prism::LexTest#"test_whitequark/class_super_label.txt" = 0.17 s
[ 3933/26691] Prism::LexTest#"test_whitequark/send_index.txt" = 0.08 s
[ 3934/26691] Prism::LexTest#"test_seattlerb/block_command_operation_dot.txt" = 0.11 s
[ 3935/26691] Prism::LexTest#"test_seattlerb/heredoc_with_extra_carriage_horrible_mix.txt" = 0.06 s
[ 3936/26691] Prism::LexTest#"test_unparser/corpus/semantic/block.txt" = 0.68 s
[ 3937/26691] Prism::LexTest#"test_whitequark/ruby_bug_14690.txt" = 0.13 s
[ 3938/26691] Prism::LexTest#"test_range_end_open_exclusive.txt" = 0.05 s
[ 3939/26691] Prism::LexTest#"test_seattlerb/case_in_else.txt" = 0.16 s
[ 3940/26691] Prism::LexTest#"test_heredocs_with_ignored_newlines.txt" = 0.29 s
[ 3941/26691] Prism::LexTest#"test_dsym_str.txt" = 0.05 s
[ 3942/26691] Prism::LexTest#"test_next.txt" = 1.06 s
[ 3943/26691] Prism::LexTest#"test_whitequark/op_asgn_index_cmd.txt" = 0.10 s
[ 3944/26691] Prism::LexTest#"test_whitequark/bug_cmd_string_lookahead.txt" = 0.08 s
[ 3945/26691] Prism::LexTest#"test_seattlerb/call_not.txt" = 0.04 s
[ 3946/26691] Prism::LexTest#"test_seattlerb/call_trailing_comma.txt" = 0.06 s
[ 3947/26691] Prism::LexTest#"test_dstring.txt" = 0.50 s
[ 3948/26691] Prism::LexTest#"test_whitequark/send_op_asgn_conditional.txt" = 0.07 s
[ 3949/26691] Prism::LexTest#"test_seattlerb/integer_with_if_modifier.txt" = 0.05 s
[ 3950/26691] Prism::LexTest#"test_unparser/corpus/literal/since/30.txt" = 0.29 s
[ 3951/26691] Prism::LexTest#"test_seattlerb/block_decomp_anon_splat_arg.txt" = 0.11 s
[ 3952/26691] Prism::LexTest#"test_seattlerb/regexp_esc_C_slash.txt" = 0.14 s
[ 3953/26691] Prism::LexTest#"test_unless.txt" = 0.48 s
[ 3954/26691] Prism::LexTest#"test_whitequark/hash_empty.txt" = 0.04 s
[ 3955/26691] Prism::LexTest#"test_seattlerb/call_env.txt" = 0.05 s
[ 3956/26691] Prism::LexTest#"test_seattlerb/defn_oneliner_noargs_parentheses.txt" = 0.08 s
[ 3957/26691] Prism::LexTest#"test_seattlerb/masgn_splat_arg.txt" = 0.08 s
[ 3958/26691] Prism::LexTest#"test_seattlerb/masgn_anon_splat_arg.txt" = 0.07 s
[ 3959/26691] Prism::LexTest#"test_seattlerb/iter_args_9_2.txt" = 0.14 s
[ 3960/26691] Prism::LexTest#"test_seattlerb/call_unary_bang.txt" = 0.04 s
[ 3961/26691] Prism::LexTest#"test_whitequark/zsuper.txt" = 0.04 s
[ 3962/26691] Prism::LexTest#"test_whitequark/trailing_forward_arg.txt" = 0.29 s
[ 3963/26691] Prism::LexTest#"test_whitequark/bug_cmdarg.txt" = 0.19 s
[ 3964/26691] Prism::LexTest#"test_seattlerb/parse_def_special_name.txt" = 0.06 s
[ 3965/26691] Prism::LexTest#"test_seattlerb/multiline_hash_declaration.txt" = 0.24 s
[ 3966/26691] Prism::LexTest#"test_seattlerb/block_arg_opt_splat.txt" = 0.14 s
[ 3967/26691] Prism::LexTest#"test_whitequark/character.txt" = 0.13 s
[ 3968/26691] Prism::LexTest#"test_whitequark/ambiuous_quoted_label_in_ternary_operator.txt" = 0.10
s
[ 3969/26691] Prism::LexTest#"test_whitequark/nil_expression.txt" = 0.08 s
[ 3970/26691] Prism::LexTest#"test_unparser/corpus/literal/assignment.txt" = 3.94 s
[ 3971/26691] Prism::LexTest#"test_seattlerb/call_colon_parens.txt" = 0.06 s
[ 3972/26691] Prism::LexTest#"test_whitequark/send_block_chain_cmd.txt" = 0.74 s
[ 3973/26691] Prism::LexTest#"test_whitequark/args_star.txt" = 0.15 s
[ 3974/26691] Prism::LexTest#"test_unparser/corpus/literal/opasgn.txt" = 1.45 s
[ 3975/26691] Prism::LexTest#"test_seattlerb/defn_endless_command_rescue.txt" = 0.10 s
[ 3976/26691] Prism::LexTest#"test_seattlerb/alias_resword.txt" = 0.05 s
[ 3977/26691] Prism::LexTest#"test_symbols.txt" = 2.35 s
[ 3978/26691] Prism::LexTest#"test_whitequark/args_args_star.txt" = 0.18 s
[ 3979/26691] Prism::LexTest#"test_whitequark/ivar.txt" = 0.04 s
[ 3980/26691] Prism::LexTest#"test_seattlerb/block_decomp_arg_splat.txt" = 0.18 s
[ 3981/26691] Prism::LexTest#"test_not.txt" = 0.79 s
[ 3982/26691] Prism::LexTest#"test_seattlerb/bug_hash_interp_array.txt" = 0.16 s
[ 3983/26691] Prism::LexTest#"test_whitequark/xstring_plain.txt" = 0.05 s
[ 3984/26691] Prism::LexTest#"test_seattlerb/masgn_colon3.txt" = 0.10 s
[ 3985/26691] Prism::LexTest#"test_whitequark/bug_481.txt" = 0.14 s
[ 3986/26691] Prism::LexTest#"test_seattlerb/iter_args_11_1.txt" = 0.15 s
[ 3987/26691] Prism::LexTest#"test_whitequark/non_lvar_injecting_match.txt" = 0.11 s
[ 3988/26691] Prism::LexTest#"test_repeat_parameters.txt" = 1.91 s
[ 3989/26691] Prism::LexTest#"test_seattlerb/difficult2_.txt" = 0.14 s
[ 3990/26691] Prism::LexTest#"test_unparser/corpus/literal/class.txt" = 0.95 s
[ 3991/26691] Prism::LexTest#"test_whitequark/rescue.txt" = 0.17 s
[ 3992/26691] Prism::LexTest#"test_whitequark/array_words_interp.txt" = 0.18 s
[ 3993/26691] Prism::LexTest#"test_whitequark/ruby_bug_15789.txt" = 0.25 s
[ 3994/26691] Prism::LexTest#"test_whitequark/casgn_toplevel.txt" = 0.06 s
[ 3995/26691] Prism::LexTest#"test_whitequark/dedenting_interpolating_heredoc_fake_line_continuation
.txt" = 0.09 s
[ 3996/26691] Prism::LexTest#"test_seattlerb/difficult3__12.txt" = 0.19 s
[ 3997/26691] Prism::LexTest#"test_seattlerb/bug_not_parens.txt" = 0.06 s
[ 3998/26691] Prism::LexTest#"test_whitequark/args_args_assocs_comma.txt" = 0.11 s
[ 3999/26691] Prism::LexTest#"test_seattlerb/block_decomp_arg_splat_arg.txt" = 0.14 s
[ 4000/26691] Prism::LexTest#"test_seattlerb/parse_pattern_076.txt" = 0.19 s
[ 4001/26691] Prism::LexTest#"test_heredoc_with_carriage_returns.txt" = 0.05 s
[ 4002/26691] Prism::LexTest#"test_seattlerb/uminus_float.txt" = 0.05 s
[ 4003/26691] Prism::LexTest#"test_whitequark/regex_interp.txt" = 0.08 s
[ 4004/26691] Prism::LexTest#"test_whitequark/if_masgn__24.txt" = 0.11 s
[ 4005/26691] Prism::LexTest#"test_seattlerb/pipe_semicolon.txt" = 0.11 s
[ 4006/26691] Prism::LexTest#"test_seattlerb/difficult6__7.txt" = 0.10 s
[ 4007/26691] Prism::LexTest#"test_seattlerb/eq_begin_line_numbers.txt" = 0.08 s
[ 4008/26691] Prism::LexTest#"test_seattlerb/defn_kwarg_val.txt" = 0.17 s
[ 4009/26691] Prism::LexTest#"test_unparser/corpus/literal/range.txt" = 0.16 s
[ 4010/26691] Prism::LexTest#"test_seattlerb/call_div.txt" = 0.05 s
[ 4011/26691] Prism::LexTest#"test_seattlerb/rescue_do_end_rescued.txt" = 0.21 s
[ 4012/26691] Prism::LexTest#"test_unparser/corpus/literal/dstr.txt" = 1.15 s
[ 4013/26691] Prism::LexTest#"test_dash_heredocs.txt" = 1.16 s
[ 4014/26691] Prism::LexTest#"test_whitequark/arg_label.txt" = 0.26 s
[ 4015/26691] Prism::LexTest#"test_seattlerb/case_in_array_pat_paren_assign.txt" = 0.16 s
[ 4016/26691] Prism::LexTest#"test_seattlerb/bug169.txt" = 0.07 s
[ 4017/26691] Prism::LexTest#"test_whitequark/send_attr_asgn.txt" = 0.25 s
[ 4018/26691] Prism::LexTest#"test_whitequark/casgn_scoped.txt" = 0.07 s
[ 4019/26691] Prism::LexTest#"test_unparser/corpus/literal/undef.txt" = 0.11 s
[ 4020/26691] Prism::LexTest#"test_whitequark/defined.txt" = 0.13 s
[ 4021/26691] Prism::LexTest#"test_unparser/corpus/literal/empty_begin.txt" = 0.04 s
[ 4022/26691] Prism::LexTest#"test_whitequark/rescue_without_begin_end.txt" = 0.12 s
[ 4023/26691] Prism::LexTest#"test_whitequark/send_lambda_args_shadow.txt" = 0.11 s
[ 4024/26691] Prism::LexTest#"test_whitequark/if_nl_then.txt" = 0.15 s
[ 4025/26691] Prism::LexTest#"test_seattlerb/unary_plus.txt" = 0.04 s
[ 4026/26691] Prism::LexTest#"test_xstring.txt" = 0.28 s
[ 4027/26691] Prism::LexTest#"test_whitequark/ruby_bug_11380.txt" = 0.13 s
[ 4028/26691] Prism::LexTest#"test_seattlerb/difficult1_line_numbers.txt" = 0.69 s
[ 4029/26691] Prism::LexTest#"test_whitequark/for.txt" = 0.21 s
[ 4030/26691] Prism::LexTest#"test_seattlerb/str_backslashes.txt" = 0.06 s
[ 4031/26691] Prism::LexTest#"test_seattlerb/parse_until_not_noncanonical.txt" = 0.12 s
[ 4032/26691] Prism::LexTest#"test_seattlerb/parse_line_multiline_str_literal_n.txt" = 0.10 s
[ 4033/26691] Prism::LexTest#"test_seattlerb/rescue_do_end_no_raise.txt" = 0.22 s
[ 4034/26691] Prism::LexTest#"test_whitequark/send_index_cmd.txt" = 0.07 s
[ 4035/26691] Prism::LexTest#"test_seattlerb/heredoc_backslash_nl.txt" = 0.11 s
[ 4036/26691] Prism::LexTest#"test_seattlerb/attrasgn_array_lhs.txt" = 0.25 s
[ 4037/26691] Prism::LexTest#"test_whitequark/lparenarg_after_lvar__since_25.txt" = 0.16 s
[ 4038/26691] Prism::LexTest#"test_seattlerb/dsym_to_sym.txt" = 0.14 s
[ 4039/26691] Prism::LexTest#"test_arrays.txt" = 4.93 s
[ 4040/26691] Prism::LexTest#"test_seattlerb/op_asgn_primary_colon_identifier1.txt" = 0.07 s
[ 4041/26691] Prism::LexTest#"test_seattlerb/str_double_escaped_newline.txt" = 0.08 s
[ 4042/26691] Prism::LexTest#"test_whitequark/bug_do_block_in_call_args.txt" = 0.12 s
[ 4043/26691] Prism::LexTest#"test_seattlerb/call_stabby_do_end_with_block.txt" = 0.10 s
[ 4044/26691] Prism::LexTest#"test_seattlerb/begin_rescue_else_ensure_no_bodies.txt" = 0.15 s
[ 4045/26691] Prism::LexTest#"test_whitequark/cond_begin.txt" = 0.10 s
[ 4046/26691] Prism::LexTest#"test_unparser/corpus/literal/hookexe.txt" = 0.16 s
[ 4047/26691] Prism::LexTest#"test_seattlerb/parse_line_rescue.txt" = 0.15 s
[ 4048/26691] Prism::LexTest#"test_whitequark/array_words.txt" = 0.06 s
[ 4049/26691] Prism::LexTest#"test_seattlerb/BEGIN.txt" = 0.06 s
[ 4050/26691] Prism::LexTest#"test_seattlerb/mlhs_keyword.txt" = 0.09 s
[ 4051/26691] Prism::LexTest#"test_seattlerb/heredoc_trailing_slash_continued_call.txt" = 0.07 s
[ 4052/26691] Prism::LexTest#"test_whitequark/rescue_mod_asgn.txt" = 0.08 s
[ 4053/26691] Prism::LexTest#"test_whitequark/arg_duplicate_ignored.txt" = 0.20 s
[ 4054/26691] Prism::LexTest#"test_seattlerb/defs_kwarg.txt" = 0.10 s
[ 4055/26691] Prism::LexTest#"test_seattlerb/iter_args_4.txt" = 0.12 s
[ 4056/26691] Prism::LexTest#"test_whitequark/true.txt" = 0.04 s
[ 4057/26691] Prism::LexTest#"test_seattlerb/qw_escape.txt" = 0.05 s
[ 4058/26691] Prism::LexTest#"test_seattlerb/op_asgn_primary_colon_const_command_call.txt" = 0.08 s
[ 4059/26691] Prism::LexTest#"test_seattlerb/masgn_splat_arg_arg.txt" = 0.10 s
[ 4060/26691] Prism::LexTest#"test_whitequark/send_plain_cmd.txt" = 0.17 s
[ 4061/26691] Prism::LexTest#"test_whitequark/when_then.txt" = 0.12 s
[ 4062/26691] Prism::LexTest#"test_whitequark/keyword_argument_omission.txt" = 0.08 s
[ 4063/26691] Prism::LexTest#"test_whitequark/symbol_plain.txt" = 0.09 s
[ 4064/26691] Prism::LexTest#"test_seattlerb/unary_plus_on_literal.txt" = 0.05 s
[ 4065/26691] Prism::LexTest#"test_whitequark/rescue_mod_masgn.txt" = 0.12 s
[ 4066/26691] Prism::LexTest#"test_seattlerb/call_array_lit_inline_hash.txt" = 0.13 s
[ 4067/26691] Prism::LexTest#"test_seattlerb/str_newline_hash_line_number.txt" = 0.07 s
[ 4068/26691] Prism::LexTest#"test_whitequark/bang.txt" = 0.04 s
[ 4069/26691] Prism::LexTest#"test_seattlerb/difficult3_3.txt" = 0.13 s
[ 4070/26691] Prism::LexTest#"test_heredocs_with_ignored_newlines_and_non_empty.txt" = 0.06 s
[ 4071/26691] Prism::LexTest#"test_seattlerb/defn_forward_args__no_parens.txt" = 0.11 s
[ 4072/26691] Prism::LexTest#"test_whitequark/if.txt" = 0.15 s
[ 4073/26691] Prism::LexTest#"test_whitequark/pattern_matching_single_line_allowed_omission_of_paren
theses.txt" = 0.66 s
[ 4074/26691] Prism::LexTest#"test_whitequark/__ENCODING__.txt" = 0.04 s
[ 4075/26691] Prism::LexTest#"test_whitequark/unless_else.txt" = 0.21 s
[ 4076/26691] Prism::LexTest#"test_seattlerb/defn_kwarg_kwarg.txt" = 0.13 s
[ 4077/26691] Prism::LexTest#"test_seattlerb/block_call_dot_op2_cmd_args_do_block.txt" = 0.18 s
[ 4078/26691] Prism::LexTest#"test_integer_operations.txt" = 1.60 s
[ 4079/26691] Prism::LexTest#"test_seattlerb/block_arg_kwsplat.txt" = 0.09 s
[ 4080/26691] Prism::LexTest#"test_whitequark/and_asgn.txt" = 0.15 s
[ 4081/26691] Prism::LexTest#"test_seattlerb/case_in_array_pat_const2.txt" = 0.16 s
[ 4082/26691] Prism::LexTest#"test_whitequark/when_multi.txt" = 0.16 s
[ 4083/26691] Prism::LexTest#"test_seattlerb/symbols.txt" = 0.08 s
[ 4084/26691] Prism::LexTest#"test_seattlerb/parse_line_iter_call_parens.txt" = 0.17 s
[ 4085/26691] Prism::LexTest#"test_whitequark/args_args_comma.txt" = 0.07 s
[ 4086/26691] Prism::LexTest#"test_seattlerb/safe_op_asgn.txt" = 0.08 s
[ 4087/26691] Prism::LexTest#"test_whitequark/array_words_empty.txt" = 0.08 s
[ 4088/26691] Prism::LexTest#"test_keywords.txt" = 0.25 s
[ 4089/26691] Prism::LexTest#"test_whitequark/hash_label_end.txt" = 0.30 s
[ 4090/26691] Prism::LexTest#"test_whitequark/send_self_block.txt" = 0.23 s
[ 4091/26691] Prism::LexTest#"test_range_end_open_inclusive.txt" = 0.05 s
[ 4092/26691] Prism::LexTest#"test_seattlerb/stabby_block_kw__required.txt" = 0.08 s
[ 4093/26691] Prism::LexTest#"test_seattlerb/bug_hash_args_trailing_comma.txt" = 0.10 s
[ 4094/26691] Prism::LexTest#"test_seattlerb/quoted_symbol_hash_arg.txt" = 0.08 s
[ 4095/26691] Prism::LexTest#"test_seattlerb/difficult3__6.txt" = 0.16 s
[ 4096/26691] Prism::LexTest#"test_whitequark/ruby_bug_12669.txt" = 0.34 s
[ 4097/26691] Prism::LexTest#"test_whitequark/__ENCODING___legacy_.txt" = 0.04 s
[ 4098/26691] Prism::LexTest#"test_whitequark/masgn_cmd.txt" = 0.09 s
[ 4099/26691] Prism::LexTest#"test_defined.txt" = 0.32 s
[ 4100/26691] Prism::LexTest#"test_whitequark/parser_bug_604.txt" = 0.08 s
[ 4101/26691] Prism::LexTest#"test_whitequark/kwrestarg_unnamed.txt" = 0.09 s
[ 4102/26691] Prism::LexTest#"test_seattlerb/heredoc_squiggly_blank_lines.txt" = 0.15 s
[ 4103/26691] Prism::LexTest#"test_seattlerb/safe_call.txt" = 0.05 s
[ 4104/26691] Prism::LexTest#"test_seattlerb/case_in_or.txt" = 0.15 s
[ 4105/26691] Prism::LexTest#"test_whitequark/unless_mod.txt" = 0.06 s
[ 4106/26691] Prism::LexTest#"test_whitequark/forward_arg_with_open_args.txt" = 1.21 s
[ 4107/26691] Prism::LexTest#"test_whitequark/send_index_asgn_legacy.txt" = 0.10 s
[ 4108/26691] Prism::LexTest#"test_heredocs_leading_whitespace.txt" = 0.33 s
[ 4109/26691] Prism::LexTest#"test_seattlerb/rescue_do_end_raised.txt" = 0.12 s
[ 4110/26691] Prism::LexTest#"test_seattlerb/begin_rescue_ensure_no_bodies.txt" = 0.09 s
[ 4111/26691] Prism::LexTest#"test_whitequark/back_ref.txt" = 0.04 s
[ 4112/26691] Prism::LexTest#"test_seattlerb/case_in_37.txt" = 0.18 s
[ 4113/26691] Prism::LexTest#"test_seattlerb/parse_line_defn_no_parens_args.txt" = 0.07 s
[ 4114/26691] Prism::LexTest#"test_whitequark/ternary.txt" = 0.07 s
[ 4115/26691] Prism::LexTest#"test_seattlerb/words_interp.txt" = 0.08 s
[ 4116/26691] Prism::LexTest#"test_seattlerb/call_bang_command_call.txt" = 0.07 s
[ 4117/26691] Prism::LexTest#"test_whitequark/gvasgn.txt" = 0.05 s
[ 4118/26691] Prism::LexTest#"test_seattlerb/symbols_interp.txt" = 0.08 s
[ 4119/26691] Prism::LexTest#"test_seattlerb/parse_pattern_058.txt" = 0.22 s
[ 4120/26691] Prism::LexTest#"test_seattlerb/assoc_label.txt" = 0.06 s
[ 4121/26691] Prism::LexTest#"test_seattlerb/bug191.txt" = 0.15 s
[ 4122/26691] Prism::LexTest#"test_seattlerb/defn_reg_opt_reg.txt" = 0.14 s
[ 4123/26691] Prism::LexTest#"test_unparser/corpus/literal/rescue.txt" = 0.18 s
[ 4124/26691] Prism::LexTest#"test_seattlerb/const_2_op_asgn_or2.txt" = 0.08 s
[ 4125/26691] Prism::LexTest#"test_seattlerb/call_arg_assoc.txt" = 0.09 s
[ 4126/26691] Prism::LexTest#"test_whitequark/while.txt" = 0.14 s
[ 4127/26691] Prism::LexTest#"test_whitequark/kwnilarg.txt" = 0.24 s
[ 4128/26691] Prism::LexTest#"test_whitequark/case_expr_else.txt" = 0.15 s
[ 4129/26691] Prism::LexTest#"test_seattlerb/call_and.txt" = 0.05 s
[ 4130/26691] Prism::LexTest#"test_seattlerb/block_paren_splat.txt" = 0.12 s
[ 4131/26691] Prism::LexTest#"test_whitequark/self.txt" = 0.04 s
[ 4132/26691] Prism::LexTest#"test_whitequark/and_or_masgn.txt" = 0.21 s
[ 4133/26691] Prism::LexTest#"test_whitequark/postexe.txt" = 0.31 s
[ 4134/26691] Prism::LexTest#"test_seattlerb/defn_opt_reg.txt" = 0.11 s
[ 4135/26691] Prism::LexTest#"test_seattlerb/heredoc_with_only_carriage_returns.txt" = 0.06 s
[ 4136/26691] Prism::LexTest#"test_method_calls.txt" = 7.02 s
[ 4137/26691] Prism::LexTest#"test_seattlerb/call_colon2.txt" = 0.05 s
[ 4138/26691] Prism::LexTest#"test_seattlerb/heredoc_squiggly_visually_blank_lines.txt" = 0.16 s
[ 4139/26691] Prism::LexTest#"test_seattlerb/const_op_asgn_or.txt" = 0.07 s
[ 4140/26691] Prism::LexTest#"test_seattlerb/heredoc_bad_oct_escape.txt" = 0.09 s
[ 4141/26691] Prism::LexTest#"test_whitequark/if_mod.txt" = 0.05 s
[ 4142/26691] Prism::LexTest#"test_seattlerb/defn_comments.txt" = 0.09 s
[ 4143/26691] Prism::LexTest#"test_seattlerb/parse_line_to_ary.txt" = 0.09 s
[ 4144/26691] Prism::LexTest#"test_whitequark/bug_rescue_empty_else.txt" = 0.10 s
[ 4145/26691] Prism::LexTest#"test_whitequark/parser_bug_645.txt" = 0.10 s
[ 4146/26691] Prism::LexTest#"test_emoji_method_calls.txt" = 0.07 s
[ 4147/26691] Prism::LexTest#"test_whitequark/bug_regex_verification.txt" = 0.14 s
[ 4148/26691] Prism::LexTest#"test_classes.txt" = 1.41 s
[ 4149/26691] Prism::LexTest#"test_whitequark/masgn_splat.txt" = 0.83 s
[ 4150/26691] Prism::LexTest#"test_whitequark/super_block.txt" = 0.13 s
[ 4151/26691] Prism::LexTest#"test_seattlerb/parse_line_iter_call_no_parens.txt" = 0.15 s
[ 4152/26691] Prism::LexTest#"test_whitequark/beginless_erange_after_newline.txt" = 0.06 s
[ 4153/26691] Prism::LexTest#"test_seattlerb/lasgn_call_bracket_rescue_arg.txt" = 0.19 s
[ 4154/26691] Prism::LexTest#"test_whitequark/ruby_bug_10653.txt" = 0.35 s
[ 4155/26691] Prism::LexTest#"test_seattlerb/parse_line_dstr_escaped_newline.txt" = 0.09 s
[ 4156/26691] Prism::LexTest#"test_seattlerb/difficult3__11.txt" = 0.11 s
[ 4157/26691] Prism::LexTest#"test_seattlerb/bdot2.txt" = 0.10 s
[ 4158/26691] Prism::LexTest#"test_seattlerb/label_vs_string.txt" = 0.16 s
[ 4159/26691] Prism::LexTest#"test_whitequark/space_args_arg_call.txt" = 0.08 s
[ 4160/26691] Prism::LexTest#"test_variables.txt" = 1.69 s
[ 4161/26691] Prism::LexTest#"test_whitequark/endless_comparison_method.txt" = 0.57 s
[ 4162/26691] Prism::LexTest#"test_regex_char_width.txt" = 0.15 s
[ 4163/26691] Prism::LexTest#"test_seattlerb/case_in_42.txt" = 0.14 s
[ 4164/26691] Prism::LexTest#"test_seattlerb/call_trailing_dots.txt" = 0.09 s
[ 4165/26691] Prism::LexTest#"test_whitequark/parser_bug_525.txt" = 0.15 s
[ 4166/26691] Prism::LexTest#"test_whitequark/forward_args_legacy.txt" = 0.31 s
[ 4167/26691] Prism::LexTest#"test_seattlerb/block_call_operation_dot.txt" = 0.10 s
[ 4168/26691] Prism::LexTest#"test_seattlerb/parse_line_trailing_newlines.txt" = 0.05 s
[ 4169/26691] Prism::LexTest#"test_seattlerb/difficult3_4.txt" = 0.09 s
[ 4170/26691] Prism::LexTest#"test_heredoc_with_escaped_newline_at_start.txt" = 0.31 s
[ 4171/26691] Prism::LexTest#"test_seattlerb/iter_args_11_2.txt" = 0.18 s
[ 4172/26691] Prism::LexTest#"test_whitequark/when_splat.txt" = 0.16 s
[ 4173/26691] Prism::LexTest#"test_whitequark/blockargs.txt" = 4.15 s
[ 4174/26691] Prism::LexTest#"test_whitequark/restarg_named.txt" = 0.09 s
[ 4175/26691] Prism::LexTest#"test_indented_file_end.txt" = 0.08 s
[ 4176/26691] Prism::LexTest#"test_whitequark/if_else.txt" = 0.20 s
[ 4177/26691] Prism::LexTest#"test_whitequark/string_plain.txt" = 0.18 s
[ 4178/26691] Prism::LexTest#"test_seattlerb/parse_until_not_canonical.txt" = 0.12 s
[ 4179/26691] Prism::LexTest#"test_whitequark/lbrace_arg_after_command_args.txt" = 0.12 s
[ 4180/26691] Prism::LexTest#"test_seattlerb/masgn_star.txt" = 0.05 s
[ 4181/26691] Prism::LexTest#"test_seattlerb/iter_args_9_1.txt" = 0.12 s
[ 4182/26691] Prism::LexTest#"test_seattlerb/mlhs_back_splat.txt" = 0.12 s
[ 4183/26691] Prism::LexTest#"test_whitequark/ruby_bug_11873.txt" = 1.73 s
[ 4184/26691] Prism::LexTest#"test_whitequark/endless_method.txt" = 0.38 s
[ 4185/26691] Prism::LexTest#"test_seattlerb/parse_pattern_019.txt" = 0.20 s
[ 4186/26691] Prism::LexTest#"test_seattlerb/iter_args_3.txt" = 0.15 s
[ 4187/26691] Prism::LexTest#"test_whitequark/multiple_pattern_matches.txt" = 0.28 s
[ 4188/26691] Prism::LexTest#"test_seattlerb/str_pct_q.txt" = 0.05 s
[ 4189/26691] Prism::LexTest#"test_seattlerb/call_gt.txt" = 0.05 s
[ 4190/26691] Prism::LexTest#"test_seattlerb/block_scope.txt" = 0.09 s
[ 4191/26691] Prism::LexTest#"test_whitequark/string___FILE__.txt" = 0.09 s
[ 4192/26691] Prism::LexTest#"test_tilde_heredocs.txt" = 2.24 s
[ 4193/26691] Prism::LexTest#"test_whitequark/procarg0.txt" = 0.18 s
[ 4194/26691] Prism::LexTest#"test_whitequark/const_unscoped.txt" = 0.04 s
[ 4195/26691] Prism::LexTest#"test_whitequark/xstring_interp.txt" = 0.08 s
[ 4196/26691] Prism::LexTest#"test_seattlerb/bug236.txt" = 0.20 s
[ 4197/26691] Prism::LexTest#"test_whitequark/or.txt" = 0.10 s
[ 4198/26691] Prism::LexTest#"test_whitequark/cond_iflipflop.txt" = 0.14 s
[ 4199/26691] Prism::LexTest#"test_unparser/corpus/literal/def.txt" = 3.92 s
[ 4200/26691] Prism::LexTest#"test_seattlerb/symbol_empty.txt" = 0.04 s
[ 4201/26691] Prism::LexTest#"test_seattlerb/defn_endless_command.txt" = 0.07 s
[ 4202/26691] Prism::LexTest#"test_whitequark/ruby_bug_11990.txt" = 0.11 s
[ 4203/26691] Prism::LexTest#"test_seattlerb/heredoc_bad_hex_escape.txt" = 0.07 s
[ 4204/26691] Prism::LexTest#"test_begin_rescue.txt" = 2.10 s
[ 4205/26691] Prism::LexTest#"test_seattlerb/defn_args_forward_args.txt" = 0.21 s
[ 4206/26691] Prism::LexTest#"test_unparser/corpus/semantic/opasgn.txt" = 0.15 s
[ 4207/26691] Prism::LexTest#"test_seattlerb/call_array_arg.txt" = 0.17 s
[ 4208/26691] Prism::LexTest#"test_whitequark/array_plain.txt" = 0.07 s
[ 4209/26691] Prism::LexTest#"test_whitequark/gvar.txt" = 0.04 s
[ 4210/26691] Prism::LexTest#"test_seattlerb/class_comments.txt" = 0.16 s
[ 4211/26691] Prism::LexTest#"test_seattlerb/block_arg_opt_splat_arg_block_omfg.txt" = 0.18 s
[ 4212/26691] Prism::LexTest#"test_seattlerb/str_evstr_escape.txt" = 0.08 s
[ 4213/26691] Prism::LexTest#"test_whitequark/forward_arg.txt" = 0.13 s
[ 4214/26691] Prism::LexTest#"test_whitequark/var_op_asgn.txt" = 0.23 s
[ 4215/26691] Prism::LexTest#"test_seattlerb/call_carat.txt" = 0.05 s
[ 4216/26691] Prism::LexTest#"test_seattlerb/backticks_interpolation_line.txt" = 0.08 s
[ 4217/26691] Prism::LexTest#"test_seattlerb/attrasgn_array_arg.txt" = 0.11 s
[ 4218/26691] Prism::LexTest#"test_whitequark/return.txt" = 0.21 s
[ 4219/26691] Prism::LexTest#"test_whitequark/anonymous_blockarg.txt" = 0.12 s
[ 4220/26691] Prism::LexTest#"test_seattlerb/defn_kwarg_kwsplat.txt" = 0.11 s
[ 4221/26691] Prism::LexTest#"test_seattlerb/bug202.txt" = 0.09 s
[ 4222/26691] Prism::LexTest#"test_seattlerb/bug_masgn_right.txt" = 0.13 s
[ 4223/26691] Prism::LexTest#"test_seattlerb/mlhs_back_anonsplat.txt" = 0.11 s
[ 4224/26691] Prism::LexTest#"test_seattlerb/heredoc_squiggly_blank_line_plus_interpolation.txt" = 0
.19 s
[ 4225/26691] Prism::LexTest#"test_seattlerb/block_args_no_kwargs.txt" = 0.09 s
[ 4226/26691] Prism::LexTest#"test_whitequark/array_symbols_empty.txt" = 0.08 s
[ 4227/26691] Prism::LexTest#"test_booleans.txt" = 0.06 s
[ 4228/26691] Prism::LexTest#"test_whitequark/case_cond_else.txt" = 0.21 s
[ 4229/26691] Prism::LexTest#"test_whitequark/while_post.txt" = 0.07 s
[ 4230/26691] Prism::LexTest#"test_seattlerb/str_str_str.txt" = 0.10 s
[ 4231/26691] Prism::LexTest#"test_seattlerb/heredoc_with_carriage_return_escapes.txt" = 0.06 s
[ 4232/26691] Prism::LexTest#"test_whitequark/cond_iflipflop_with_beginless_range.txt" = 0.07 s
[ 4233/26691] Prism::LexTest#"test_seattlerb/safe_call_dot_parens.txt" = 0.06 s
[ 4234/26691] Prism::LexTest#"test_seattlerb/safe_attrasgn_constant.txt" = 0.07 s
[ 4235/26691] Prism::LexTest#"test_unparser/corpus/semantic/while.txt" = 0.77 s
[ 4236/26691] Prism::LexTest#"test_seattlerb/mlhs_mid_splat.txt" = 0.17 s
[ 4237/26691] Prism::LexTest#"test_whitequark/parser_bug_830.txt" = 0.05 s
[ 4238/26691] Prism::LexTest#"test_seattlerb/symbol_list.txt" = 0.15 s
[ 4239/26691] Prism::LexTest#"test_seattlerb/parse_line_postexe.txt" = 0.08 s
[ 4240/26691] Prism::LexTest#"test_seattlerb/difficult4__leading_dots.txt" = 0.06 s
[ 4241/26691] Prism::LexTest#"test_keyword_method_names.txt" = 0.71 s
[ 4242/26691] Prism::LexTest#"test_whitequark/symbol_interp.txt" = 0.08 s
[ 4243/26691] Prism::LexTest#"test_seattlerb/iter_args_2__19.txt" = 0.11 s
[ 4244/26691] Prism::LexTest#"test_whitequark/rational.txt" = 0.06 s
[ 4245/26691] Prism::LexTest#"test_seattlerb/str_single_double_escaped_newline.txt" = 0.08 s
[ 4246/26691] Prism::LexTest#"test_seattlerb/call_kwsplat.txt" = 0.07 s
[ 4247/26691] Prism::LexTest#"test_seattlerb/masgn_arg_ident.txt" = 0.09 s
[ 4248/26691] Prism::LexTest#"test_heredoc_with_comment.txt" = 0.10 s
[ 4249/26691] Prism::LexTest#"test_whitequark/space_args_arg.txt" = 0.06 s
[ 4250/26691] Prism::LexTest#"test_yield.txt" = 0.38 s
[ 4251/26691] Prism::LexTest#"test_seattlerb/if_elsif.txt" = 0.09 s
[ 4252/26691] Prism::LexTest#"test_hashes.txt" = 0.93 s
[ 4253/26691] Prism::LexTest#"test_seattlerb/call_stabby_with_braces_block.txt" = 0.10 s
[ 4254/26691] Prism::LexTest#"test_seattlerb/call_leading_dots.txt" = 0.09 s
[ 4255/26691] Prism::LexTest#"test_seattlerb/defs_endless_command_rescue.txt" = 0.11 s
[ 4256/26691] Prism::LexTest#"test_whitequark/ruby_bug_11989.txt" = 0.08 s
[ 4257/26691] Prism::LexTest#"test_seattlerb/dsym_esc_to_sym.txt" = 0.05 s
[ 4258/26691] Prism::LexTest#"test_whitequark/not_cmd.txt" = 0.05 s
[ 4259/26691] Prism::LexTest#"test_whitequark/masgn_attr.txt" = 0.28 s
[ 4260/26691] Prism::LexTest#"test_seattlerb/defn_kwarg_no_parens.txt" = 0.08 s
[ 4261/26691] Prism::LexTest#"test_whitequark/send_lambda_args_noparen.txt" = 0.12 s
[ 4262/26691] Prism::LexTest#"test_seattlerb/lasgn_env.txt" = 0.05 s
[ 4263/26691] Prism::LexTest#"test_whitequark/forwarded_kwrestarg_with_additional_kwarg.txt" = 0.15
s
[ 4264/26691] Prism::LexTest#"test_seattlerb/parse_line_return.txt" = 0.16 s
[ 4265/26691] Prism::LexTest#"test_unparser/corpus/literal/pragma.txt" = 0.08 s
[ 4266/26691] Prism::LexTest#"test_seattlerb/regexp_escape_extended.txt" = 0.05 s
[ 4267/26691] Prism::LexTest#"test_whitequark/bug_do_block_in_hash_brace.txt" = 0.83 s
[ 4268/26691] Prism::LexTest#"test_seattlerb/masgn_lhs_splat.txt" = 0.10 s
[ 4269/26691] Prism::LexTest#"test_whitequark/rescue_else_ensure.txt" = 0.15 s
[ 4270/26691] Prism::LexTest#"test_undef.txt" = 0.47 s
[ 4271/26691] Prism::LexTest#"test_whitequark/var_op_asgn_cmd.txt" = 0.07 s
[ 4272/26691] Prism::LexTest#"test_unparser/corpus/semantic/literal.txt" = 0.38 s
[ 4273/26691] Prism::LexTest#"test_seattlerb/parse_line_dot3.txt" = 0.12 s
[ 4274/26691] Prism::LexTest#"test_whitequark/asgn_mrhs.txt" = 0.19 s
[ 4275/26691] Prism::LexTest#"test_unescaping.txt" = 0.21 s
[ 4276/26691] Prism::LexTest#"test_seattlerb/case_in_hash_pat.txt" = 0.23 s
[ 4277/26691] Prism::LexTest#"test_whitequark/op_asgn_cmd.txt" = 0.29 s
[ 4278/26691] Prism::LexTest#"test_seattlerb/difficult4__leading_dots2.txt" = 0.06 s
[ 4279/26691] Prism::LexTest#"test_seattlerb/call_args_assoc_trailing_comma.txt" = 0.10 s
[ 4280/26691] Prism::LexTest#"test_embdoc_no_newline_at_end.txt" = 0.04 s
[ 4281/26691] Prism::LexTest#"test_seattlerb/block_call_dot_op2_brace_block.txt" = 0.17 s
[ 4282/26691] Prism::LexTest#"test_whitequark/args_block_pass.txt" = 0.06 s
[ 4283/26691] Prism::LexTest#"test_whitequark/bug_heredoc_do.txt" = 0.08 s
[ 4284/26691] Prism::LexTest#"test_seattlerb/lambda_do_vs_brace.txt" = 0.26 s
[ 4285/26691] Prism::LexTest#"test_single_quote_heredocs.txt" = 0.06 s
[ 4286/26691] Prism::LexTest#"test_seattlerb/bug_call_arglist_parens.txt" = 0.35 s
[ 4287/26691] Prism::LexTest#"test_seattlerb/block_args_opt2.txt" = 0.13 s
[ 4288/26691] Prism::LexTest#"test_seattlerb/case_in_67.txt" = 0.12 s
[ 4289/26691] Prism::LexTest#"test_whitequark/send_binary_op.txt" = 0.99 s
[ 4290/26691] Prism::LexTest#"test_single_method_call_with_bang.txt" = 0.04 s
[ 4291/26691] Prism::LexTest#"test_whitequark/ruby_bug_12073.txt" = 0.22 s
[ 4292/26691] Prism::LexTest#"test_seattlerb/iter_args_7_1.txt" = 0.12 s
[ 4293/26691] Prism::LexTest#"test_seattlerb/case_in_hash_pat_paren_true.txt" = 0.15 s
[ 4294/26691] Prism::LexTest#"test_seattlerb/difficult6__8.txt" = 0.10 s
[ 4295/26691] Prism::LexTest#"test_seattlerb/heredoc_with_extra_carriage_returns.txt" = 0.06 s
[ 4296/26691] Prism::LexTest#"test_whitequark/ruby_bug_9669.txt" = 0.18 s
[ 4297/26691] Prism::LexTest#"test_whitequark/array_symbols_interp.txt" = 0.15 s
[ 4298/26691] Prism::LexTest#"test_whitequark/alias.txt" = 0.06 s
[ 4299/26691] Prism::LexTest#"test_whitequark/case_cond.txt" = 0.11 s
[ 4300/26691] Prism::LexTest#"test_whitequark/asgn_cmd.txt" = 0.14 s
[ 4301/26691] Prism::LexTest#"test_whitequark/begin_cmdarg.txt" = 0.11 s
[ 4302/26691] Prism::LexTest#"test_whitequark/array_splat.txt" = 0.20 s
[ 4303/26691] Prism::LexTest#"test_whitequark/pattern_matching_else.txt" = 0.13 s
[ 4304/26691] Prism::LexTest#"test_seattlerb/const_op_asgn_and2.txt" = 0.06 s
[ 4305/26691] Prism::LexTest#"test_seattlerb/regexp_esc_u.txt" = 0.05 s
[ 4306/26691] Prism::LexTest#"test_seattlerb/case_in_find_array.txt" = 0.16 s
[ 4307/26691] Prism::LexTest#"test_whitequark/pattern_matching_single_line.txt" = 0.17 s
[ 4308/26691] Prism::LexTest#"test_whitequark/cond_begin_masgn.txt" = 0.13 s
[ 4309/26691] Prism::LexTest#"test_seattlerb/op_asgn_dot_ident_command_call.txt" = 0.08 s
[ 4310/26691] Prism::LexTest#"test_whitequark/pattern_matching_blank_else.txt" = 0.12 s
[ 4311/26691] Prism::LexTest#"test_seattlerb/call_lt.txt" = 0.05 s
[ 4312/26691] Prism::LexTest#"test_whitequark/pattern_matching__FILE__LINE_literals.txt" = 0.22 s
[ 4313/26691] Prism::LexTest#"test_seattlerb/defn_opt_last_arg.txt" = 0.09 s
[ 4314/26691] Prism::LexTest#"test_whitequark/rescue_mod_op_assign.txt" = 0.07 s
[ 4315/26691] Prism::LexTest#"test_whitequark/preexe.txt" = 0.06 s
[ 4316/26691] Prism::LexTest#"test_unparser/corpus/literal/since/31.txt" = 0.26 s
[ 4317/26691] Prism::LexTest#"test_unparser/corpus/semantic/kwbegin.txt" = 0.81 s
[ 4318/26691] Prism::LexTest#"test_seattlerb/defn_oneliner_rescue.txt" = 0.45 s
[ 4319/26691] Prism::LexTest#"test_seattlerb/block_kw.txt" = 0.09 s
[ 4320/26691] Prism::LexTest#"test_seattlerb/slashy_newlines_within_string.txt" = 0.12 s
[ 4321/26691] Prism::LexTest#"test_seattlerb/do_bug.txt" = 0.14 s
[ 4322/26691] Prism::LexTest#"test_whitequark/cond_eflipflop.txt" = 0.14 s
[ 4323/26691] Prism::LexTest#"test_whitequark/ruby_bug_11873_a.txt" = 2.42 s
[ 4324/26691] Prism::LexTest#"test_seattlerb/block_arg_optional.txt" = 0.10 s
[ 4325/26691] Prism::LexTest#"test_seattlerb/parse_opt_call_args_assocs_comma.txt" = 0.08 s
[ 4326/26691] Prism::LexTest#"test_whitequark/false.txt" = 0.04 s
[ 4327/26691] Prism::LexTest#"test_regex_escape_encoding.txt" = 0.13 s
[ 4328/26691] Prism::LexTest#"test_seattlerb/block_arg__bare.txt" = 0.09 s
[ 4329/26691] Prism::LexTest#"test_seattlerb/parse_pattern_058_2.txt" = 0.19 s
[ 4330/26691] Prism::LexTest#"test_seattlerb/parse_line_block_inline_comment_leading_newlines.txt" =
 0.11 s
[ 4331/26691] Prism::LexTest#"test_seattlerb/iter_args_10_1.txt" = 0.14 s
[ 4332/26691] Prism::LexTest#"test_seattlerb/call_star2.txt" = 0.05 s
[ 4333/26691] Prism::LexTest#"test_seattlerb/difficult3__8.txt" = 0.14 s
[ 4334/26691] Prism::LexTest#"test_seattlerb/const_3_op_asgn_or.txt" = 0.06 s
[ 4335/26691] Prism::LexTest#"test_seattlerb/stabby_block_iter_call.txt" = 0.15 s
[ 4336/26691] Prism::LexTest#"test_whitequark/bug_def_no_paren_eql_begin.txt" = 0.08 s
[ 4337/26691] Prism::LexTest#"test_seattlerb/block_return.txt" = 0.10 s
[ 4338/26691] Prism::LexTest#"test_whitequark/cond_iflipflop_with_endless_range.txt" = 0.07 s
[ 4339/26691] Prism::LexTest#"test_whitequark/ruby_bug_13547.txt" = 0.07 s
[ 4340/26691] Prism::LexTest#"test_whitequark/range_exclusive.txt" = 0.05 s
[ 4341/26691] Prism::LexTest#"test_whitequark/int___LINE__.txt" = 0.04 s
[ 4342/26691] Prism::LexTest#"test_seattlerb/interpolated_word_array_line_breaks.txt" = 0.10 s
[ 4343/26691] Prism::LexTest#"test_seattlerb/defs_oneliner.txt" = 0.13 s
[ 4344/26691] Prism::LexTest#"test_seattlerb/parse_line_block_inline_comment.txt" = 0.07 s
[ 4345/26691] Prism::LexTest#"test_procs.txt" = 1.38 s
[ 4346/26691] Prism::LexTest#"test_whitequark/restarg_unnamed.txt" = 0.09 s
[ 4347/26691] Prism::LexTest#"test_seattlerb/defn_opt_splat_arg.txt" = 0.14 s
[ 4348/26691] Prism::LexTest#"test_seattlerb/parse_line_block.txt" = 0.08 s
[ 4349/26691] Prism::LexTest#"test_unparser/corpus/literal/while.txt" = 2.35 s
[ 4350/26691] Prism::LexTest#"test_seattlerb/qsymbols_empty_space.txt" = 0.05 s
[ 4351/26691] Prism::LexTest#"test_seattlerb/index_0.txt" = 0.07 s
[ 4352/26691] Prism::LexTest#"test_seattlerb/str_pct_Q_nested.txt" = 0.08 s
[ 4353/26691] Prism::LexTest#"test_seattlerb/case_in_array_pat_const.txt" = 0.14 s
[ 4354/26691] Prism::LexTest#"test_seattlerb/difficult0_.txt" = 0.14 s
[ 4355/26691] Prism::LexTest#"test_whitequark/send_unary_op.txt" = 0.20 s
[ 4356/26691] Prism::LexTest#"test_seattlerb/block_opt_splat_arg_block_omfg.txt" = 0.16 s
[ 4357/26691] Prism::LexTest#"test_seattlerb/iter_args_8_2.txt" = 0.16 s
[ 4358/26691] Prism::LexTest#"test_seattlerb/read_escape_unicode_curlies.txt" = 0.04 s
[ 4359/26691] Prism::LexTest#"test_seattlerb/parse_line_call_ivar_line_break_paren.txt" = 0.06 s
[ 4360/26691] Prism::LexTest#"test_whitequark/rescue_mod.txt" = 0.05 s
[ 4361/26691] Prism::LexTest#"test_seattlerb/call_bang_squiggle.txt" = 0.05 s
[ 4362/26691] Prism::LexTest#"test_endless_methods.txt" = 0.22 s
[ 4363/26691] Prism::LexTest#"test_whitequark/parser_drops_truncated_parts_of_squiggly_heredoc.txt"
= 0.10 s
[ 4364/26691] Prism::LexTest#"test_seattlerb/defs_as_arg_with_do_block_inside.txt" = 0.15 s
[ 4365/26691] Prism::LexTest#"test_seattlerb/parse_line_preexe.txt" = 0.08 s
[ 4366/26691] Prism::LexTest#"test_seattlerb/defn_splat_arg.txt" = 0.09 s
[ 4367/26691] Prism::LexTest#"test_whitequark/method_definition_in_while_cond.txt" = 0.60 s
[ 4368/26691] Prism::LexTest#"test_whitequark/parser_slash_slash_n_escaping_in_literals.txt" = 0.96
s
[ 4369/26691] Prism::LexTest#"test_seattlerb/call_begin_call_block_call.txt" = 0.11 s
[ 4370/26691] Prism::LexTest#"test_patterns.txt" = 16.18 s
[ 4371/26691] Prism::LexTest#test_parse_lex_file = 0.19 s
[ 4372/26691] Prism::LexTest#"test_seattlerb/bug_hash_args.txt" = 0.09 s
[ 4373/26691] Prism::LexTest#"test_seattlerb/block_opt_arg.txt" = 0.11 s
[ 4374/26691] Prism::LexTest#"test_whitequark/masgn.txt" = 0.37 s
[ 4375/26691] Prism::LexTest#"test_whitequark/bug_473.txt" = 0.08 s
[ 4376/26691] Prism::LexTest#"test_seattlerb/safe_attrasgn.txt" = 0.07 s
[ 4377/26691] Prism::LexTest#"test_whitequark/kwarg.txt" = 0.09 s
[ 4378/26691] Prism::LexTest#"test_whitequark/unary_num_pow_precedence.txt" = 0.16 s
[ 4379/26691] Prism::LexTest#"test_seattlerb/bug179.txt" = 0.07 s
[ 4380/26691] Prism::LexTest#"test_seattlerb/mlhs_rescue.txt" = 0.15 s
[ 4381/26691] Prism::LexTest#"test_super.txt" = 0.59 s
[ 4382/26691] Prism::LexTest#"test_seattlerb/case_in_hash_pat_paren_assign.txt" = 0.15 s
[ 4383/26691] Prism::LexTest#"test_seattlerb/regexp_unicode_curlies.txt" = 0.16 s
[ 4384/26691] Prism::LexTest#"test_whitequark/send_conditional.txt" = 0.05 s
[ 4385/26691] Prism::LexTest#"test_ranges.txt" = 1.44 s
[ 4386/26691] Prism::LexTest#"test_rescue.txt" = 1.26 s
[ 4387/26691] Prism::LexTest#"test_whitequark/arg.txt" = 0.23 s
[ 4388/26691] Prism::LexTest#"test_seattlerb/bug_and.txt" = 0.11 s
[ 4389/26691] Prism::LexTest#"test_seattlerb/bug_op_asgn_rescue.txt" = 0.07 s
[ 4390/26691] Prism::LexTest#"test_whitequark/space_args_cmd.txt" = 0.07 s
[ 4391/26691] Prism::LexTest#"test_whitequark/nth_ref.txt" = 0.04 s
[ 4392/26691] Prism::LexTest#"test_seattlerb/pct_w_heredoc_interp_nested.txt" = 0.17 s
[ 4393/26691] Prism::LexTest#"test_seattlerb/defs_oneliner_eq2.txt" = 0.21 s
[ 4394/26691] Prism::LexTest#"test_whitequark/bug_447.txt" = 0.15 s
[ 4395/26691] Prism::LexTest#"test_seattlerb/symbols_empty_space.txt" = 0.05 s
[ 4396/26691] Prism::LexTest#"test_seattlerb/defn_oneliner_noargs.txt" = 0.06 s
[ 4397/26691] Prism::LexTest#"test_seattlerb/parse_line_heredoc.txt" = 0.13 s
[ 4398/26691] Prism::LexTest#"test_seattlerb/f_kw.txt" = 0.08 s
[ 4399/26691] Prism::LexTest#"test_whitequark/until.txt" = 0.19 s
[ 4400/26691] Prism::LexTest#"test_range_begin_open_inclusive.txt" = 0.04 s
[ 4401/26691] Prism::LexTest#"test_whitequark/const_op_asgn.txt" = 0.37 s
[ 4402/26691] Prism::LexTest#"test_whitequark/const_toplevel.txt" = 0.04 s
[ 4403/26691] Prism::LexTest#"test_seattlerb/defn_powarg.txt" = 0.09 s
[ 4404/26691] Prism::LexTest#"test_seattlerb/parse_line_block_inline_multiline_comment.txt" = 0.13 s
[ 4405/26691] Prism::LexTest#"test_heredocs_nested.txt" = 0.41 s
[ 4406/26691] Prism::LexTest#"test_seattlerb/difficult3_.txt" = 0.13 s
[ 4407/26691] Prism::LexTest#"test_seattlerb/call_assoc_trailing_comma.txt" = 0.08 s
[ 4408/26691] Prism::LexTest#"test_dos_endings.txt" = 0.44 s
[ 4409/26691] Prism::LexTest#"test_seattlerb/parse_line_hash_lit.txt" = 0.11 s
[ 4410/26691] Prism::LexTest#"test_seattlerb/super_arg.txt" = 0.04 s
[ 4411/26691] Prism::LexTest#"test_seattlerb/heredoc_squiggly_interp.txt" = 0.19 s
[ 4412/26691] Prism::LexTest#"test_seattlerb/aref_args_assocs.txt" = 0.13 s
[ 4413/26691] Prism::LexTest#"test_seattlerb/case_in_if_unless_post_mod.txt" = 0.20 s
[ 4414/26691] Prism::LexTest#"test_seattlerb/case_in_multiple.txt" = 0.20 s
[ 4415/26691] Prism::LexTest#"test_whitequark/cvasgn.txt" = 0.05 s
[ 4416/26691] Prism::LexTest#"test_seattlerb/difficult1_line_numbers2.txt" = 0.30 s
[ 4417/26691] Prism::LexTest#"test_seattlerb/lasgn_middle_splat.txt" = 0.10 s
[ 4418/26691] Prism::LexTest#"test_whitequark/regex_plain.txt" = 0.05 s
[ 4419/26691] Prism::LexTest#"test_seattlerb/difficult3_2.txt" = 0.10 s
[ 4420/26691] Prism::LexTest#"test_seattlerb/case_in_const.txt" = 0.11 s
[ 4421/26691] Prism::LexTest#"test_seattlerb/dstr_evstr_empty_end.txt" = 0.06 s
[ 4422/26691] Prism::LexTest#"test_seattlerb/op_asgn_command_call.txt" = 0.13 s
[ 4423/26691] Prism::LexTest#"test_whitequark/bug_while_not_parens_do.txt" = 0.09 s
[ 4424/26691] Prism::LexTest#"test_seattlerb/defn_unary_not.txt" = 0.08 s
[ 4425/26691] Prism::LexTest#"test_whitequark/send_lambda_args.txt" = 0.14 s
[ 4426/26691] Prism::LexTest#"test_unparser/corpus/literal/flipflop.txt" = 0.45 s
[ 4427/26691] Prism::LexTest#"test_seattlerb/case_in_hash_pat_rest.txt" = 0.15 s
[ 4428/26691] Prism::LexTest#"test_seattlerb/str_evstr.txt" = 0.07 s
[ 4429/26691] Prism::LexTest#test_lex_result = 0.04 s
[ 4430/26691] Prism::LexTest#"test_seattlerb/str_double_double_escaped_newline.txt" = 0.08 s
[ 4431/26691] Prism::LexTest#"test_seattlerb/attrasgn_primary_dot_constant.txt" = 0.07 s
[ 4432/26691] Prism::LexTest#"test_whitequark/numparam_outside_block.txt" = 0.40 s
[ 4433/26691] Prism::LexTest#"test_seattlerb/iter_args_5.txt" = 0.10 s
[ 4434/26691] Prism::LexTest#"test_seattlerb/block_arg_scope2.txt" = 0.11 s
[ 4435/26691] Prism::LexTest#"test_whitequark/hash_kwsplat.txt" = 0.09 s
[ 4436/26691] Prism::LexTest#"test_whitequark/bug_452.txt" = 0.20 s
[ 4437/26691] Prism::LexTest#"test_seattlerb/str_single_newline.txt" = 0.08 s
[ 4438/26691] Prism::LexTest#"test_seattlerb/messy_op_asgn_lineno.txt" = 0.10 s
[ 4439/26691] Prism::LexTest#"test_whitequark/forwarded_argument_with_kwrestarg.txt" = 0.16 s
[ 4440/26691] Prism::LexTest#"test_seattlerb/bang_eq.txt" = 0.05 s
[ 4441/26691] Prism::LexTest#"test_regex.txt" = 1.69 s
[ 4442/26691] Prism::LexTest#"test_seattlerb/heredoc_squiggly_no_indent.txt" = 0.06 s
[ 4443/26691] Prism::LexTest#"test_whitequark/while_mod.txt" = 0.05 s
[ 4444/26691] Prism::LexTest#"test_seattlerb/bug_187.txt" = 0.12 s
[ 4445/26691] Prism::LexTest#"test_seattlerb/ruby21_numbers.txt" = 0.09 s
[ 4446/26691] Prism::LexTest#"test_break.txt" = 1.27 s
[ 4447/26691] Prism::LexTest#"test_seattlerb/block_kw__required.txt" = 0.08 s
[ 4448/26691] Prism::LexTest#"test_whitequark/args.txt" = 3.85 s
[ 4449/26691] Prism::LexTest#"test_seattlerb/lasgn_call_nobracket_rescue_arg.txt" = 0.08 s
[ 4450/26691] Prism::LexTest#"test_whitequark/resbody_var.txt" = 0.23 s
[ 4451/26691] Prism::LexTest#"test_seattlerb/qsymbols.txt" = 0.08 s
[ 4452/26691] Prism::LexTest#"test_whitequark/float.txt" = 0.07 s
[ 4453/26691] Prism::LexTest#"test_whitequark/const_scoped.txt" = 0.05 s
[ 4454/26691] Prism::LexTest#"test_range_beginless.txt" = 0.29 s
[ 4455/26691] Prism::LexTest#"test_command_method_call.txt" = 1.47 s
[ 4456/26691] Prism::LexTest#"test_seattlerb/rescue_parens.txt" = 0.08 s
[ 4457/26691] Prism::LexTest#"test_seattlerb/bug_args_masgn2.txt" = 0.16 s
[ 4458/26691] Prism::LexTest#"test_whitequark/ensure.txt" = 0.10 s
[ 4459/26691] Prism::LexTest#"test_seattlerb/difficult6_.txt" = 0.16 s
[ 4460/26691] Prism::LexTest#"test_whitequark/parser_bug_490.txt" = 0.45 s
[ 4461/26691] Prism::LexTest#"test_seattlerb/required_kwarg_no_value.txt" = 0.09 s
[ 4462/26691] Prism::LexTest#"test_whitequark/bug_ascii_8bit_in_literal.txt" = 0.06 s
[ 4463/26691] Prism::LexTest#"test_whitequark/ruby_bug_12402.txt" = 1.37 s
[ 4464/26691] Prism::LexTest#"test_unparser/corpus/literal/empty.txt" = 0.02 s
[ 4465/26691] Prism::LexTest#"test_seattlerb/lasgn_arg_rescue_arg.txt" = 0.07 s
[ 4466/26691] Prism::LexTest#"test_seattlerb/alias_gvar_backref.txt" = 0.05 s
[ 4467/26691] Prism::LexTest#"test_whitequark/bug_466.txt" = 0.15 s
[ 4468/26691] Prism::LexTest#"test_for.txt" = 0.70 s
[ 4469/26691] Prism::LexTest#"test_whitequark/def.txt" = 0.32 s
[ 4470/26691] Prism::LexTest#"test_whitequark/unless.txt" = 0.15 s
[ 4471/26691] Prism::LexTest#"test_seattlerb/case_in_42_2.txt" = 0.14 s
[ 4472/26691] Prism::LexTest#"test_seattlerb/case_in_31.txt" = 0.17 s
[ 4473/26691] Prism::LexTest#"test_seattlerb/heredoc_with_not_global_interpolation.txt" = 0.06 s
[ 4474/26691] Prism::LexTest#"test_seattlerb/defn_no_kwargs.txt" = 0.09 s
[ 4475/26691] Prism::LexTest#"test_whitequark/kwoptarg_with_kwrestarg_and_forwarded_args.txt" = 0.14
 s
[ 4476/26691] Prism::LexTest#"test_seattlerb/expr_not_bang.txt" = 0.05 s
[ 4477/26691] Prism::LexTest#"test_whitequark/cond_eflipflop_with_endless_range.txt" = 0.07 s
[ 4478/26691] Prism::LexTest#"test_seattlerb/case_in_hash_pat_rest_solo.txt" = 0.13 s
[ 4479/26691] Prism::LexTest#"test_whitequark/parser_bug_989.txt" = 0.06 s
[ 4480/26691] Prism::LexTest#"test_seattlerb/heredoc_squiggly_tabs_extra.txt" = 0.13 s
[ 4481/26691] Prism::LexTest#"test_whitequark/lvar_injecting_match.txt" = 0.11 s
[ 4482/26691] Prism::LexTest#"test_seattlerb/parse_line_evstr_after_break.txt" = 0.09 s
[ 4483/26691] Prism::LexTest#"test_seattlerb/mlhs_front_splat.txt" = 0.11 s
[ 4484/26691] Prism::LexTest#"test_unparser/corpus/semantic/def.txt" = 0.20 s
[ 4485/26691] Prism::LexTest#"test_whitequark/if_elsif.txt" = 0.15 s
[ 4486/26691] Prism::LexTest#"test_seattlerb/defn_arg_forward_args.txt" = 0.16 s
[ 4487/26691] Prism::LexTest#"test_seattlerb/op_asgn_index_command_call.txt" = 0.11 s
[ 4488/26691] Prism::LexTest#"test_whitequark/newline_in_hash_argument.txt" = 0.35 s
[ 4489/26691] Prism::LexTest#"test_seattlerb/pct_Q_backslash_nl.txt" = 0.05 s
[ 4490/26691] Prism::LexTest#"test_seattlerb/if_symbol.txt" = 0.08 s
[ 4491/26691] Prism::LexTest#"test_whitequark/heredoc.txt" = 0.14 s
[ 4492/26691] Prism::LexTest#"test_seattlerb/magic_encoding_comment.txt" = 0.19 s
[ 4493/26691] Prism::LexTest#"test_seattlerb/masgn_colon2.txt" = 0.10 s
[ 4494/26691] Prism::LexTest#"test_whitequark/send_lambda.txt" = 0.15 s
[ 4495/26691] Prism::LexTest#"test_seattlerb/call_array_block_call.txt" = 0.10 s
[ 4496/26691] Prism::LexTest#"test_seattlerb/call_block_arg_named.txt" = 0.06 s
[ 4497/26691] Prism::LexTest#"test_unparser/corpus/literal/unary.txt" = 0.43 s
[ 4498/26691] Prism::LexTest#"test_unparser/corpus/literal/module.txt" = 0.40 s
[ 4499/26691] Prism::LexTest#"test_seattlerb/args_kw_block.txt" = 0.12 s
[ 4500/26691] Prism::LexTest#"test_seattlerb/masgn_paren.txt" = 0.10 s
[ 4501/26691] Prism::LexTest#"test_seattlerb/aref_args_lit_assocs.txt" = 0.09 s
[ 4502/26691] Prism::LexTest#"test_unparser/corpus/literal/singletons.txt" = 0.08 s
[ 4503/26691] Prism::LexTest#"test_seattlerb/heredoc_with_extra_carriage_returns_windows.txt" = 0.07
 s
[ 4504/26691] Prism::LexTest#"test_whitequark/bug_480.txt" = 0.10 s
[ 4505/26691] Prism::LexTest#"test_whitequark/send_plain.txt" = 0.15 s
[ 4506/26691] Prism::LexTest#"test_whitequark/not.txt" = 0.13 s
[ 4507/26691] Prism::LexTest#"test_seattlerb/parse_line_heredoc_evstr.txt" = 0.10 s
[ 4508/26691] Prism::LexTest#"test_seattlerb/str_double_newline.txt" = 0.08 s
[ 4509/26691] Prism::LexTest#"test_whitequark/kwoptarg.txt" = 0.10 s
[ 4510/26691] Prism::LexTest#"test_unparser/corpus/literal/variables.txt" = 0.23 s
[ 4511/26691] Prism::LexTest#"test_seattlerb/eq_begin_why_wont_people_use_their_spacebar.txt" = 0.11
 s
[ 4512/26691] Prism::LexTest#"test_seattlerb/call_star.txt" = 0.05 s
[ 4513/26691] Prism::LexTest#"test_seattlerb/iter_args_1.txt" = 0.09 s
[ 4514/26691] Prism::LexTest#"test_seattlerb/heredoc_with_interpolation_and_carriage_return_escapes_
windows.txt" = 0.09 s
[ 4515/26691] Prism::LexTest#"test_unparser/corpus/literal/alias.txt" = 0.10 s
[ 4516/26691] Prism::LexTest#"test_seattlerb/block_kwarg_lvar_multiple.txt" = 0.14 s
[ 4517/26691] Prism::LexTest#"test_seattlerb/stabby_proc_scope.txt" = 0.09 s
[ 4518/26691] Prism::LexTest#"test_seattlerb/call_array_lambda_block_call.txt" = 0.12 s
[ 4519/26691] Prism::LexTest#"test_whitequark/or_asgn.txt" = 0.15 s
[ 4520/26691] Prism::LexTest#"test_seattlerb/stabby_block_kw.txt" = 0.09 s
[ 4521/26691] Prism::LexTest#"test_seattlerb/block_call_operation_colon.txt" = 0.10 s
[ 4522/26691] Prism::LexTest#"test_seattlerb/call_arg_kwsplat.txt" = 0.08 s
[ 4523/26691] Prism::LexTest#"test_whitequark/op_asgn_index.txt" = 0.09 s
[ 4524/26691] Prism::LexTest#"test_seattlerb/lasgn_ivar_env.txt" = 0.05 s
[ 4525/26691] Prism::LexTest#"test_seattlerb/case_in.txt" = 3.87 s
[ 4526/26691] Prism::LexTest#"test_whitequark/ternary_ambiguous_symbol.txt" = 0.11 s
[ 4527/26691] Prism::LexTest#"test_whitequark/string_interp.txt" = 0.08 s
[ 4528/26691] Prism::LexTest#"test_seattlerb/masgn_var_star_var.txt" = 0.09 s
[ 4529/26691] Prism::LexTest#"test_seattlerb/block_reg_optarg.txt" = 0.12 s
[ 4530/26691] Prism::LexTest#"test_seattlerb/lasgn_command.txt" = 0.08 s
[ 4531/26691] Prism::LexTest#"test_seattlerb/str_heredoc_interp.txt" = 0.09 s
[ 4532/26691] Prism::LexTest#"test_whitequark/rescue_ensure.txt" = 0.14 s
[ 4533/26691] Prism::LexTest#"test_seattlerb/safe_call_after_newline.txt" = 0.06 s
[ 4534/26691] Prism::LexTest#"test_whitequark/blockarg.txt" = 0.09 s
[ 4535/26691] Prism::LexTest#"test_seattlerb/bug_case_when_regexp.txt" = 0.11 s
[ 4536/26691] Prism::LexTest#"test_seattlerb/when_splat.txt" = 0.10 s
[ 4537/26691] Prism::LexTest#"test_whitequark/hash_pair_value_omission.txt" = 0.15 s
[ 4538/26691] Prism::LexTest#"test_seattlerb/defns_reserved.txt" = 0.08 s
[ 4539/26691] Prism::LexTest#"test_unparser/corpus/literal/since/27.txt" = 0.14 s
[ 4540/26691] Prism::LexTest#"test_seattlerb/block_args_kwargs.txt" = 0.10 s
[ 4541/26691] Prism::LexTest#"test_seattlerb/block_opt_splat.txt" = 0.12 s
[ 4542/26691] Prism::LexTest#"test_seattlerb/flip2_env_lvar.txt" = 0.08 s
[ 4543/26691] Prism::LexTest#"test_whitequark/ensure_empty.txt" = 0.05 s
[ 4544/26691] Prism::LexTest#"test_comments.txt" = 0.41 s
[ 4545/26691] Prism::LexTest#"test_seattlerb/heredoc_squiggly_tabs.txt" = 0.14 s
[ 4546/26691] Prism::LexTest#"test_modules.txt" = 0.80 s
[ 4547/26691] Prism::LexTest#"test_whitequark/endless_method_forwarded_args_legacy.txt" = 0.11 s
[ 4548/26691] Prism::LexTest#"test_seattlerb/difficult3_5.txt" = 0.11 s
[ 4549/26691] Prism::LexTest#"test_range_begin_open_exclusive.txt" = 0.04 s
[ 4550/26691] Prism::LexTest#"test_whitequark/for_mlhs.txt" = 0.14 s
[ 4551/26691] Prism::LexTest#"test_seattlerb/regexp.txt" = 0.22 s
[ 4552/26691] Prism::LexTest#"test_whitequark/resbody_list_mrhs.txt" = 0.13 s
[ 4553/26691] Prism::LexTest#"test_seattlerb/parse_line_dot3_open.txt" = 0.11 s
[ 4554/26691] Prism::LexTest#"test_whitequark/args_cmd.txt" = 0.14 s
[ 4555/26691] Prism::LexTest#"test_whitequark/masgn_const.txt" = 0.16 s
[ 4556/26691] Prism::LexTest#"test_seattlerb/call_arg_assoc_kwsplat.txt" = 0.11 s
[ 4557/26691] Prism::LexTest#"test_seattlerb/parse_pattern_069.txt" = 0.15 s
[ 4558/26691] Prism::LexTest#"test_seattlerb/rescue_in_block.txt" = 0.10 s
[ 4559/26691] Prism::LexTest#"test_whitequark/endless_method_command_syntax.txt" = 1.03 s
[ 4560/26691] Prism::LexTest#"test_seattlerb/bdot3.txt" = 0.10 s
[ 4561/26691] Prism::LexTest#"test_seattlerb/qsymbols_empty.txt" = 0.04 s
[ 4562/26691] Prism::LexTest#"test_whitequark/args_assocs_comma.txt" = 0.09 s
[ 4563/26691] Prism::LexTest#"test_unparser/corpus/literal/defined.txt" = 0.23 s
[ 4564/26691] Prism::LexTest#"test_seattlerb/TestRubyParserShared.txt" = 1.93 s
[ 4565/26691] Prism::LexTest#"test_blocks.txt" = 1.99 s
[ 4566/26691] Prism::LexTest#"test_seattlerb/heredoc_squiggly.txt" = 0.16 s
[ 4567/26691] Prism::LexTest#"test_seattlerb/block_arg_scope.txt" = 0.10 s
[ 4568/26691] Prism::LexTest#"test_seattlerb/difficult3__10.txt" = 0.13 s
[ 4569/26691] Prism::LexTest#"test_seattlerb/lasgn_lasgn_command_call.txt" = 0.17 s
[ 4570/26691] Prism::LexTest#"test_seattlerb/str_single_escaped_newline.txt" = 0.08 s
[ 4571/26691] Prism::LexTest#"test_seattlerb/defs_comments.txt" = 0.10 s
[ 4572/26691] Prism::LexTest#"test_whitequark/op_asgn.txt" = 0.19 s
[ 4573/26691] Prism::LexTest#"test_whitequark/kwrestarg_named.txt" = 0.09 s
[ 4574/26691] Prism::LexTest#"test_seattlerb/call_eq3.txt" = 0.05 s
[ 4575/26691] Prism::LexTest#"test_seattlerb/safe_op_asgn2.txt" = 0.09 s
[ 4576/26691] Prism::LexTest#"test_whitequark/return_block.txt" = 0.08 s
[ 4577/26691] Prism::LexTest#"test_seattlerb/interpolated_symbol_array_line_breaks.txt" = 0.10 s
[ 4578/26691] Prism::LexTest#"test_whitequark/nil.txt" = 0.04 s
[ 4579/26691] Prism::LexTest#"test_unparser/corpus/semantic/undef.txt" = 0.09 s
[ 4580/26691] Prism::LexTest#"test_unparser/corpus/literal/super.txt" = 0.79 s
[ 4581/26691] Prism::LexTest#"test_whitequark/forwarded_kwrestarg.txt" = 0.13 s
[ 4582/26691] Prism::LexTest#"test_seattlerb/masgn_command_call.txt" = 0.09 s
[ 4583/26691] Prism::LexTest#"test_seattlerb/block_command_operation_colon.txt" = 0.10 s
[ 4584/26691] Prism::LexTest#"test_seattlerb/unary_minus.txt" = 0.04 s
[ 4585/26691] Prism::LexTest#"test_numbers.txt" = 1.06 s
[ 4586/26691] Prism::LexTest#"test_seattlerb/call_dot_parens.txt" = 0.06 s
[ 4587/26691] Prism::LexTest#"test_seattlerb/and_multi.txt" = 0.10 s
[ 4588/26691] Prism::LexTest#"test_seattlerb/heredoc_with_interpolation_and_carriage_return_escapes.
txt" = 0.09 s
[ 4589/26691] Prism::LexTest#"test_seattlerb/return_call_assocs.txt" = 0.49 s
[ 4590/26691] Prism::LexTest#"test_heredoc.txt" = 0.05 s
[ 4591/26691] Prism::LexTest#"test_whitequark/send_attr_asgn_conditional.txt" = 0.07 s
[ 4592/26691] Prism::LexTest#"test_seattlerb/op_asgn_primary_colon_identifier_command_call.txt" = 0.
08 s
[ 4593/26691] Prism::LexTest#"test_seattlerb/array_lits_trailing_calls.txt" = 0.11 s
[ 4594/26691] Prism::LexTest#"test_whitequark/lvar.txt" = 0.04 s
[ 4595/26691] Prism::LexTest#"test_seattlerb/array_line_breaks.txt" = 0.13 s
[ 4596/26691] Prism::LexTest#"test_unparser/corpus/semantic/dstr.txt" = 3.11 s
[ 4597/26691] Prism::LexTest#"test_whitequark/range_inclusive.txt" = 0.05 s
[ 4598/26691] Prism::LexTest#"test_whitequark/array_assocs.txt" = 0.15 s
[ 4599/26691] Prism::LexTest#"test_seattlerb/parse_line_heredoc_hardnewline.txt" = 0.23 s
[ 4600/26691] Prism::LexTest#"test_seattlerb/bug_args_masgn.txt" = 0.13 s
[ 4601/26691] Prism::LexTest#"test_seattlerb/case_in_47.txt" = 0.18 s
[ 4602/26691] Prism::LexTest#"test_seattlerb/str_str.txt" = 0.09 s
[ 4603/26691] Prism::LexTest#"test_seattlerb/call_assoc_new_if_multiline.txt" = 0.15 s
[ 4604/26691] Prism::LexTest#"test_seattlerb/iter_kwarg_kwsplat.txt" = 0.21 s
[ 4605/26691] Prism::LexTest#"test_seattlerb/pct_nl.txt" = 0.06 s
[ 4606/26691] Prism::LexTest#"test_seattlerb/parse_line_dstr_soft_newline.txt" = 0.09 s
[ 4607/26691] Prism::LexTest#"test_whitequark/module.txt" = 0.06 s
[ 4608/26691] Prism::LexTest#"test_seattlerb/heredoc_comma_arg.txt" = 0.15 s
[ 4609/26691] Prism::LexTest#"test_seattlerb/stabby_arg_no_paren.txt" = 0.06 s
[ 4610/26691] Prism::LexTest#"test_return.txt" = 0.75 s
[ 4611/26691] Prism::LexTest#"test_seattlerb/bug190.txt" = 0.05 s
[ 4612/26691] Prism::LexTest#"test_whitequark/parser_bug_640.txt" = 0.09 s
[ 4613/26691] Prism::LexTest#"test_while.txt" = 1.38 s
[ 4614/26691] Prism::LexTest#"test_endless_range_in_conditional.txt" = 0.18 s
[ 4615/26691] Prism::LexTest#"test_seattlerb/heredoc_with_only_carriage_returns_windows.txt" = 0.06
s
[ 4616/26691] Prism::LexTest#"test_whitequark/cpath.txt" = 0.13 s
[ 4617/26691] Prism::LexTest#"test_seattlerb/mlhs_mid_anonsplat.txt" = 0.21 s
[ 4618/26691] Prism::LexTest#"test_seattlerb/str_pct_nested_nested.txt" = 0.11 s
[ 4619/26691] Prism::LexTest#"test_seattlerb/block_args_opt2_2.txt" = 0.21 s
[ 4620/26691] Prism::LexTest#"test_seattlerb/begin_rescue_else_ensure_bodies.txt" = 0.17 s
[ 4621/26691] Prism::LexTest#"test_seattlerb/parse_pattern_044.txt" = 0.13 s
[ 4622/26691] Prism::LexTest#"test_seattlerb/assoc__bare.txt" = 0.05 s
[ 4623/26691] Prism::LexTest#"test_seattlerb/safe_call_rhs_newline.txt" = 0.08 s
[ 4624/26691] Prism::LexTest#"test_constants.txt" = 4.66 s
[ 4625/26691] Prism::LexTest#"test_seattlerb/iter_args_6.txt" = 0.13 s
[ 4626/26691] Prism::LexTest#"test_seattlerb/attr_asgn_colon_id.txt" = 0.07 s
[ 4627/26691] Prism::LexTest#"test_whitequark/casgn_unscoped.txt" = 0.05 s
[ 4628/26691] Prism::LexTest#"test_seattlerb/__ENCODING__.txt" = 0.04 s
[ 4629/26691] Prism::LexTest#"test_if.txt" = 1.49 s
[ 4630/26691] Prism::LexTest#"test_arithmetic.txt" = 0.36 s
[ 4631/26691] Prism::LexTest#"test_unparser/corpus/literal/lambda.txt" = 0.54 s
[ 4632/26691] Prism::LexTest#"test_seattlerb/parse_line_multiline_str.txt" = 0.07 s
[ 4633/26691] Prism::LexTest#"test_seattlerb/symbols_empty.txt" = 0.04 s
[ 4634/26691] Prism::LexTest#"test_whitequark/ivasgn.txt" = 0.05 s
[ 4635/26691] Prism::LexTest#"test_whitequark/endless_method_without_args.txt" = 0.29 s
[ 4636/26691] Prism::LexTest#"test_whitequark/comments_before_leading_dot__27.txt" = 0.35 s
[ 4637/26691] Prism::LexTest#"test_seattlerb/call_args_assoc_quoted.txt" = 0.20 s
[ 4638/26691] Prism::LexTest#"test_seattlerb/parse_opt_call_args_lit_comma.txt" = 0.06 s
[ 4639/26691] Prism::LexTest#"test_seattlerb/parse_line_defn_no_parens.txt" = 0.12 s
[ 4640/26691] Prism::LexTest#"test_whitequark/resbody_list.txt" = 0.18 s
[ 4641/26691] Prism::LexTest#"test_seattlerb/difficult3__7.txt" = 0.13 s
[ 4642/26691] Prism::LexTest#"test_whitequark/var_and_asgn.txt" = 0.05 s
[ 4643/26691] Prism::LexTest#"test_seattlerb/heredoc__backslash_dos_format.txt" = 0.09 s
[ 4644/26691] Prism::LexTest#"test_seattlerb/bug_comma.txt" = 0.09 s
[ 4645/26691] Prism::LexTest#"test_seattlerb/call_leading_dots_comment.txt" = 0.09 s
[ 4646/26691] Prism::LexTest#"test_seattlerb/bug_args__19.txt" = 0.17 s
[ 4647/26691] Prism::LexTest#"test_seattlerb/call_assoc.txt" = 0.07 s
[ 4648/26691] Prism::LexTest#"test_whitequark/bug_interp_single.txt" = 0.12 s
[ 4649/26691] Prism::LexTest#"test_whitequark/until_mod.txt" = 0.05 s
[ 4650/26691] Prism::LexTest#"test_whitequark/bug_435.txt" = 0.09 s
[ 4651/26691] Prism::LexTest#"test_seattlerb/case_in_hash_pat_assign.txt" = 0.29 s
[ 4652/26691] Prism::LexTest#"test_whitequark/string_dvar.txt" = 0.10 s
[ 4653/26691] Prism::LexTest#"test_whitequark/until_post.txt" = 0.08 s
[ 4654/26691] Prism::LexTest#"test_seattlerb/block_decomp_splat.txt" = 0.10 s
[ 4655/26691] Prism::LexTest#"test_whitequark/lvasgn.txt" = 0.07 s
[ 4656/26691] Prism::LexTest#"test_whitequark/numbered_args_after_27.txt" = 0.36 s
[ 4657/26691] Prism::LexTest#"test_whitequark/endless_method_with_rescue_mod.txt" = 0.20 s
[ 4658/26691] Prism::LexTest#"test_non_alphanumeric_methods.txt" = 2.21 s
[ 4659/26691] Prism::LexTest#"test_seattlerb/quoted_symbol_keys.txt" = 0.09 s
[ 4660/26691] Prism::LexTest#"test_whitequark/beginless_irange_after_newline.txt" = 0.06 s
[ 4661/26691] Prism::LexTest#"test_seattlerb/parse_pattern_051.txt" = 0.20 s
[ 4662/26691] Prism::LexTest#"test_whitequark/class_super.txt" = 0.14 s
[ 4663/26691] Prism::LexTest#"test_seattlerb/method_call_assoc_trailing_comma.txt" = 0.10 s
[ 4664/26691] Prism::LexTest#"test_whitequark/space_args_arg_newline.txt" = 0.07 s
[ 4665/26691] Prism::LexTest#"test_seattlerb/defs_endless_command.txt" = 0.09 s
[ 4666/26691] Prism::LexTest#"test_seattlerb/block_args_opt3.txt" = 0.25 s
[ 4667/26691] Prism::LexTest#"test_alias.txt" = 0.77 s
[ 4668/26691] Prism::LexTest#"test_seattlerb/utf8_bom.txt" = 0.06 s
[ 4669/26691] Prism::LexTest#"test_whitequark/dedenting_non_interpolating_heredoc_line_continuation.
txt" = 0.09 s
[ 4670/26691] Prism::LexTest#"test_whitequark/class.txt" = 0.11 s
[ 4671/26691] Prism::LexTest#test_parse_lex = 0.01 s
[ 4672/26691] Prism::LexTest#"test_unparser/corpus/literal/defs.txt" = 1.14 s
[ 4673/26691] Prism::LexTest#"test_seattlerb/defn_forward_args.txt" = 0.12 s
[ 4674/26691] Prism::LexTest#"test_seattlerb/parse_line_op_asgn.txt" = 0.10 s
[ 4675/26691] Prism::LexTest#"test_whitequark/interp_digit_var.txt" = 1.95 s
[ 4676/26691] Prism::LexTest#"test_whitequark/resbody_list_var.txt" = 0.13 s
[ 4677/26691] Prism::LexTest#"test_seattlerb/qsymbols_interp.txt" = 0.12 s
[ 4678/26691] Prism::LexTest#"test_whitequark/and.txt" = 0.10 s
[ 4679/26691] Prism::LexTest#"test_unparser/corpus/literal/if.txt" = 0.91 s
[ 4680/26691] Prism::LexTest#"test_seattlerb/pctW_lineno.txt" = 0.14 s
[ 4681/26691] Prism::LexTest#"test_seattlerb/parse_line_dot2.txt" = 0.12 s
[ 4682/26691] Prism::LexTest#"test_seattlerb/op_asgn_val_dot_ident_command_call.txt" = 0.08 s
[ 4683/26691] Prism::LexTest#"test_seattlerb/block_call_paren_call_block_call.txt" = 0.11 s
[ 4684/26691] Prism::LexTest#"test_seattlerb/stabby_block_iter_call_no_target_with_arg.txt" = 0.15 s
[ 4685/26691] Prism::LexTest#"test_whitequark/undef.txt" = 0.12 s
[ 4686/26691] Prism::LexTest#"test_seattlerb/call_args_command.txt" = 0.08 s
[ 4687/26691] Prism::LexTest#"test_whitequark/send_self.txt" = 0.11 s
[ 4688/26691] Prism::LexTest#"test_begin_ensure.txt" = 0.67 s
[ 4689/26691] Prism::LexTest#test_lex_file = 0.14 s
[ 4690/26691] Prism::LexTest#"test_unparser/corpus/semantic/send.txt" = 0.27 s
[ 4691/26691] Prism::LexTest#"test_seattlerb/heredoc_with_carriage_return_escapes_windows.txt" = 0.0
6 s
[ 4692/26691] Prism::LexTest#"test_seattlerb/safe_call_operator.txt" = 0.06 s
[ 4693/26691] Prism::LexTest#"test_seattlerb/call_rshift.txt" = 0.05 s
[ 4694/26691] Prism::LexTest#"test_seattlerb/str_interp_ternary_or_label.txt" = 0.17 s
[ 4695/26691] Prism::LexTest#"test_whitequark/rescue_in_lambda_block.txt" = 0.07 s
[ 4696/26691] Prism::LexTest#"test_seattlerb/call_self_brackets.txt" = 0.06 s
[ 4697/26691] Prism::LexTest#"test_unparser/corpus/semantic/and.txt" = 0.36 s
[ 4698/26691] Prism::LexTest#"test_whitequark/arg_scope.txt" = 0.09 s
[ 4699/26691] Prism::LexTest#"test_seattlerb/str_lit_concat_bad_encodings.txt" = 0.08 s
[ 4700/26691] Prism::LexTest#"test_seattlerb/module_comments.txt" = 0.17 s
[ 4701/26691] Prism::LexTest#"test_seattlerb/call_spaceship.txt" = 0.05 s
[ 4702/26691] Prism::LexTest#"test_seattlerb/case_in_86_2.txt" = 0.17 s
[ 4703/26691] Prism::LexTest#"test_whitequark/complex.txt" = 0.11 s
[ 4704/26691] Prism::LexTest#"test_seattlerb/iter_args_8_1.txt" = 0.14 s
[ 4705/26691] Prism::LexTest#"test_unparser/corpus/literal/literal.txt" = 4.31 s
[ 4706/26691] Prism::LexTest#"test_seattlerb/stabby_arg_opt_splat_arg_block_omfg.txt" = 0.17 s
[ 4707/26691] Prism::LexTest#"test_whitequark/bug_do_block_in_cmdarg.txt" = 0.08 s
[ 4708/26691] Prism::LexTest#"test_whitequark/parser_bug_272.txt" = 0.10 s
[ 4709/26691] Prism::LexTest#"test_whitequark/rescue_else.txt" = 0.14 s
[ 4710/26691] Prism::LexTest#"test_whitequark/beginless_range.txt" = 0.08 s
[ 4711/26691] Prism::LexTest#"test_seattlerb/iter_args_10_2.txt" = 0.17 s
[ 4712/26691] Prism::LexTest#"test_seattlerb/heredoc_lineno.txt" = 0.12 s
[ 4713/26691] Prism::LexTest#"test_seattlerb/read_escape_unicode_h4.txt" = 0.04 s
[ 4714/26691] Prism::LexTest#"test_unparser/corpus/literal/case.txt" = 0.97 s
[ 4715/26691] Prism::LexTest#"test_whitequark/empty_stmt.txt" = 0.03 s
[ 4716/26691] Prism::LexTest#"test_seattlerb/evstr_str.txt" = 0.08 s
[ 4717/26691] Prism::LexTest#"test_whitequark/case_expr.txt" = 0.12 s
[ 4718/26691] Prism::LexTest#"test_whitequark/kwbegin_compstmt.txt" = 0.07 s
[ 4719/26691] Prism::LexTest#"test_seattlerb/defined_eh_parens.txt" = 0.06 s
[ 4720/26691] Prism::LexTest#"test_seattlerb/parse_line_heredoc_regexp_chars.txt" = 0.12 s
[ 4721/26691] Prism::LexTest#"test_unparser/corpus/literal/pattern.txt" = 1.66 s
[ 4722/26691] Prism::LexTest#"test_case.txt" = 1.81 s
[ 4723/26691] Prism::LexTest#"test_unparser/corpus/literal/block.txt" = 3.38 s
[ 4724/26691] Prism::LexTest#"test_seattlerb/parse_while_not_canonical.txt" = 0.12 s
[ 4725/26691] Prism::LexTest#"test_whitequark/ruby_bug_11873_b.txt" = 0.15 s
[ 4726/26691] Prism::LexTest#"test_seattlerb/heredoc_unicode.txt" = 0.06 s
[ 4727/26691] Prism::LexTest#"test_seattlerb/non_interpolated_symbol_array_line_breaks.txt" = 0.10 s
[ 4728/26691] Prism::LexTest#"test_seattlerb/call_lte.txt" = 0.05 s
[ 4729/26691] Prism::LexTest#"test_whitequark/numparam_ruby_bug_19025.txt" = 0.10 s
[ 4730/26691] Prism::LexTest#"test_whitequark/send_block_conditional.txt" = 0.07 s
[ 4731/26691] Prism::LexTest#"test_whitequark/send_lambda_legacy.txt" = 0.05 s
[ 4732/26691] Prism::LexTest#"test_seattlerb/block_optarg.txt" = 0.11 s
[ 4733/26691] Prism::LexTest#"test_whitequark/alias_gvar.txt" = 0.10 s
[ 4734/26691] Prism::LexTest#"test_seattlerb/unary_tilde.txt" = 0.04 s
[ 4735/26691] Prism::LexTest#"test_seattlerb/masgn_double_paren.txt" = 0.10 s
[ 4736/26691] Prism::LexTest#"test_whitequark/send_call.txt" = 0.12 s
[ 4737/26691] Prism::LexTest#"test_seattlerb/parse_line_newlines.txt" = 0.05 s
[ 4738/26691] Prism::LexTest#"test_unparser/corpus/literal/for.txt" = 0.48 s
[ 4739/26691] Prism::LexTest#"test_seattlerb/non_interpolated_word_array_line_breaks.txt" = 0.10 s
[ 4740/26691] Prism::LexTest#"test_multi_write.txt" = 0.30 s
[ 4741/26691] Prism::LexTest#"test_whitequark/ruby_bug_10279.txt" = 0.10 s
[ 4742/26691] Prism::LexTest#"test_seattlerb/parse_line_call_ivar_arg_no_parens_line_break.txt" = 0.
05 s
[ 4743/26691] Prism::LexTest#"test_whitequark/cond_match_current_line.txt" = 0.13 s
[ 4744/26691] Prism::LexTest#"test_whitequark/cond_eflipflop_with_beginless_range.txt" = 0.07 s
[ 4745/26691] Prism::LexTest#"test_seattlerb/evstr_evstr.txt" = 0.09 s
[ 4746/26691] Prism::LexTest#"test_seattlerb/block_arg_splat_arg.txt" = 0.31 s
[ 4747/26691] Prism::LexTest#"test_seattlerb/call_pipe.txt" = 0.05 s
[ 4748/26691] Prism::LexTest#"test_whitequark/array_symbols.txt" = 0.06 s
[ 4749/26691] Prism::LexTest#"test_seattlerb/float_with_if_modifier.txt" = 0.05 s
[ 4750/26691] Prism::LexTest#"test_seattlerb/dstr_str.txt" = 0.09 s
[ 4751/26691] Prism::LexTest#"test_whitequark/defs.txt" = 0.46 s
[ 4752/26691] Prism::LexTest#"test_unparser/corpus/literal/since/32.txt" = 0.46 s
[ 4753/26691] Prism::LexTest#"test_seattlerb/do_lambda.txt" = 0.07 s
[ 4754/26691] Prism::LexTest#"test_seattlerb/bug290.txt" = 0.15 s
[ 4755/26691] Prism::LexTest#"test_whitequark/parser_bug_518.txt" = 0.08 s
[ 4756/26691] Prism::LexTest#"test_whitequark/ruby_bug_12686.txt" = 0.08 s
[ 4757/26691] Prism::LexTest#"test_whitequark/int.txt" = 0.09 s
[ 4758/26691] TestRbConfig#test_archdirs = 0.04 s
[ 4759/26691] TestRbConfig#test_sitearchdirs = 0.04 s
[ 4760/26691] TestRbConfig#test_sitedirs = 0.03 s
[ 4761/26691] TestRbConfig#test_vendorarchdirs = 0.03 s
[ 4762/26691] TestRbConfig#test_vendordirs = 0.03 s
[ 4763/26691] TestFloatExt#"test_nextafter_247_other_2.2250738585072014e-308_-5.0e-324" = 0.02 s
[ 4764/26691] TestFloatExt#"test_nextafter_214_other_5.0e-324_1.0" = 0.01 s
[ 4765/26691] TestFloatExt#"test_nextafter_91_other_-1.0_1.1125369292536007e-308" = 0.01 s
[ 4766/26691] TestFloatExt#"test_nextafter_25_other_-1.7976931348623157e+308_-2.220446049250313e-16"
 = 0.01 s
[ 4767/26691] TestFloatExt#"test_nextafter_31_other_-1.7976931348623157e+308_1.1125369292536007e-308
" = 0.01 s
[ 4768/26691] TestFloatExt#"test_nextafter_169_other_-0.0_0.0" = 0.02 s
[ 4769/26691] TestFloatExt#"test_nextafter_318_ruby_1.0000000000000002_Infinity" = 0.01 s
[ 4770/26691] TestFloatExt#"test_nextafter_146_other_-5.0e-324_-1.1125369292536007e-308" = 0.01 s
[ 4771/26691] TestFloatExt#"test_nextafter_202_other_5.0e-324_-100.0" = 0.01 s
[ 4772/26691] TestFloatExt#"test_nextafter_190_other_0.0_5.0e-324" = 0.01 s
[ 4773/26691] TestFloatExt#"test_nextafter_121_other_-1.1125369292536007e-308_-1.7976931348623157e+3
08" = 0.01 s
[ 4774/26691] TestFloatExt#"test_nextafter_43_other_-100.0_-1.0000000000000002" = 0.01 s
[ 4775/26691] TestFloatExt#"test_nextafter_196_other_0.0_100.0" = 0.01 s
[ 4776/26691] TestFloatExt#"test_nextafter_87_other_-1.0_-5.0e-324" = 0.01 s
[ 4777/26691] TestFloatExt#"test_nextafter_187_other_0.0_-5.0e-324" = 0.01 s
[ 4778/26691] TestFloatExt#"test_nextafter_174_other_-0.0_1.0" = 0.01 s
[ 4779/26691] TestFloatExt#"test_nextafter_368_other_Infinity_-0.0" = 0.01 s
[ 4780/26691] TestFloatExt#"test_nextafter_85_other_-1.0_-2.220446049250313e-16" = 0.01 s
[ 4781/26691] TestFloatExt#"test_nextafter_163_other_-0.0_-1.0000000000000002" = 0.01 s
[ 4782/26691] TestFloatExt#"test_nextafter_142_other_-5.0e-324_-100.0" = 0.01 s
[ 4783/26691] TestFloatExt#"test_nextafter_325_other_100.0_-2.220446049250313e-16" = 0.01 s
[ 4784/26691] TestFloatExt#"test_nextafter_370_other_Infinity_5.0e-324" = 0.01 s
[ 4785/26691] TestFloatExt#"test_nextafter_118_ruby_-2.220446049250313e-16_Infinity" = 0.01 s
[ 4786/26691] TestFloatExt#"test_nextafter_129_other_-1.1125369292536007e-308_0.0" = 0.01 s
[ 4787/26691] TestFloatExt#"test_nextafter_7_other_-Infinity_-5.0e-324" = 0.01 s
[ 4788/26691] TestFloatExt#"test_nextafter_20_ruby_-1.7976931348623157e+308_-Infinity" = 0.01 s
[ 4789/26691] TestFloatExt#"test_nextafter_52_other_-100.0_2.2250738585072014e-308" = 0.01 s
[ 4790/26691] TestFloatExt#"test_nextafter_323_other_100.0_-1.0000000000000002" = 0.01 s
[ 4791/26691] TestFloatExt#"test_nextafter_93_other_-1.0_2.220446049250313e-16" = 0.01 s
[ 4792/26691] TestFloatExt#"test_nextafter_394_other_NaN_1.0" = 0.01 s
[ 4793/26691] TestFloatExt#"test_nextafter_98_ruby_-1.0_Infinity" = 0.01 s
[ 4794/26691] TestFloatExt#"test_nextafter_252_other_2.2250738585072014e-308_2.2250738585072014e-308
" = 0.01 s
[ 4795/26691] TestFloatExt#"test_nextafter_139_other_-1.1125369292536007e-308_NaN" = 0.01 s
[ 4796/26691] TestFloatExt#"test_nextafter_388_other_NaN_-0.0" = 0.01 s
[ 4797/26691] TestFloatExt#"test_nextafter_155_other_-5.0e-324_1.0000000000000002" = 0.02 s
[ 4798/26691] TestFloatExt#"test_nextafter_389_other_NaN_0.0" = 0.01 s
[ 4799/26691] TestFloatExt#"test_nextafter_2_other_-Infinity_-100.0" = 0.01 s
[ 4800/26691] TestFloatExt#"test_nextafter_69_other_-1.0000000000000002_0.0" = 0.01 s
[ 4801/26691] TestFloatExt#"test_nextafter_224_other_1.1125369292536007e-308_-1.0" = 0.01 s
[ 4802/26691] TestFloatExt#"test_nextafter_19_other_-Infinity_NaN" = 0.01 s
[ 4803/26691] TestFloatExt#"test_nextafter_5_other_-Infinity_-2.220446049250313e-16" = 0.01 s
[ 4804/26691] TestFloatExt#"test_nextafter_242_other_2.2250738585072014e-308_-100.0" = 0.01 s
[ 4805/26691] TestFloatExt#"test_nextafter_58_ruby_-100.0_Infinity" = 0.01 s
[ 4806/26691] TestFloatExt#"test_nextafter_126_other_-1.1125369292536007e-308_-1.1125369292536007e-3
08" = 0.01 s
[ 4807/26691] TestFloatExt#"test_nextafter_267_other_2.220446049250313e-16_-5.0e-324" = 0.01 s
[ 4808/26691] TestFloatExt#"test_nextafter_294_other_1.0_1.0" = 0.01 s
[ 4809/26691] TestFloatExt#"test_nextafter_73_other_-1.0000000000000002_2.220446049250313e-16" = 0.0
1 s
[ 4810/26691] TestFloatExt#"test_nextafter_338_ruby_100.0_Infinity" = 0.01 s
[ 4811/26691] TestFloatExt#"test_nextafter_115_other_-2.220446049250313e-16_1.0000000000000002" = 0.
01 s
[ 4812/26691] TestFloatExt#"test_nextafter_351_other_1.7976931348623157e+308_1.1125369292536007e-308
" = 0.01 s
[ 4813/26691] TestFloatExt#"test_nextafter_216_other_5.0e-324_100.0" = 0.01 s
[ 4814/26691] TestFloatExt#"test_nextafter_14_other_-Infinity_1.0" = 0.01 s
[ 4815/26691] TestFloatExt#"test_nextafter_140_ruby_-5.0e-324_-Infinity" = 0.01 s
[ 4816/26691] TestFloatExt#"test_nextafter_51_other_-100.0_1.1125369292536007e-308" = 0.01 s
[ 4817/26691] TestFloatExt#"test_nextafter_289_other_1.0_0.0" = 0.01 s
[ 4818/26691] TestFloatExt#"test_nextafter_282_other_1.0_-100.0" = 0.01 s
[ 4819/26691] TestFloatExt#"test_nextafter_324_other_100.0_-1.0" = 0.01 s
[ 4820/26691] TestFloatExt#"test_nextafter_70_other_-1.0000000000000002_5.0e-324" = 0.01 s
[ 4821/26691] TestFloatExt#"test_nextafter_342_other_1.7976931348623157e+308_-100.0" = 0.01 s
[ 4822/26691] TestFloatExt#"test_nextafter_12_other_-Infinity_2.2250738585072014e-308" = 0.01 s
[ 4823/26691] TestFloatExt#"test_nextafter_320_ruby_100.0_-Infinity" = 0.01 s
[ 4824/26691] TestFloatExt#"test_nextafter_272_other_2.220446049250313e-16_2.2250738585072014e-308"
= 0.01 s
[ 4825/26691] TestFloatExt#"test_nextafter_21_other_-1.7976931348623157e+308_-1.7976931348623157e+30
8" = 0.02 s
[ 4826/26691] TestFloatExt#"test_nextafter_360_ruby_Infinity_-Infinity" = 0.01 s
[ 4827/26691] TestFloatExt#"test_nextafter_256_other_2.2250738585072014e-308_100.0" = 0.01 s
[ 4828/26691] TestFloatExt#"test_nextafter_258_ruby_2.2250738585072014e-308_Infinity" = 0.01 s
[ 4829/26691] TestFloatExt#"test_nextafter_111_other_-2.220446049250313e-16_1.1125369292536007e-308"
 = 0.01 s
[ 4830/26691] TestFloatExt#"test_nextafter_292_other_1.0_2.2250738585072014e-308" = 0.01 s
[ 4831/26691] TestFloatExt#"test_nextafter_46_other_-100.0_-1.1125369292536007e-308" = 0.01 s
[ 4832/26691] TestFloatExt#"test_nextafter_328_other_100.0_-0.0" = 0.01 s
[ 4833/26691] TestFloatExt#"test_nextafter_10_other_-Infinity_5.0e-324" = 0.01 s
[ 4834/26691] TestFloatExt#"test_nextafter_334_other_100.0_1.0" = 0.01 s
[ 4835/26691] TestFloatExt#"test_nextafter_49_other_-100.0_0.0" = 0.01 s
[ 4836/26691] TestFloatExt#"test_nextafter_141_other_-5.0e-324_-1.7976931348623157e+308" = 0.01 s
[ 4837/26691] TestFloatExt#"test_nextafter_117_other_-2.220446049250313e-16_1.7976931348623157e+308"
 = 0.01 s
[ 4838/26691] TestFloatExt#"test_nextafter_215_other_5.0e-324_1.0000000000000002" = 0.01 s
[ 4839/26691] TestFloatExt#"test_nextafter_197_other_0.0_1.7976931348623157e+308" = 0.01 s
[ 4840/26691] TestFloatExt#"test_nextafter_18_ruby_-Infinity_Infinity" = 0.01 s
[ 4841/26691] TestFloatExt#"test_nextafter_55_other_-100.0_1.0000000000000002" = 0.01 s
[ 4842/26691] TestFloatExt#"test_nextafter_382_other_NaN_-100.0" = 0.01 s
[ 4843/26691] TestFloatExt#"test_nextafter_192_other_0.0_2.2250738585072014e-308" = 0.01 s
[ 4844/26691] TestFloatExt#"test_nextafter_26_other_-1.7976931348623157e+308_-1.1125369292536007e-30
8" = 0.01 s
[ 4845/26691] TestFloatExt#"test_nextafter_15_other_-Infinity_1.0000000000000002" = 0.01 s
[ 4846/26691] TestFloatExt#"test_nextafter_4_other_-Infinity_-1.0" = 0.01 s
[ 4847/26691] TestFloatExt#"test_nextafter_220_ruby_1.1125369292536007e-308_-Infinity" = 0.01 s
[ 4848/26691] TestFloatExt#"test_nextafter_285_other_1.0_-2.220446049250313e-16" = 0.01 s
[ 4849/26691] TestFloatExt#"test_nextafter_386_other_NaN_-1.1125369292536007e-308" = 0.01 s
[ 4850/26691] TestFloatExt#"test_nextafter_248_other_2.2250738585072014e-308_-0.0" = 0.01 s
[ 4851/26691] TestFloatExt#"test_nextafter_89_other_-1.0_0.0" = 0.01 s
[ 4852/26691] TestFloatExt#"test_nextafter_35_other_-1.7976931348623157e+308_1.0000000000000002" = 0
.01 s
[ 4853/26691] TestFloatExt#"test_nextafter_94_other_-1.0_1.0" = 0.01 s
[ 4854/26691] TestFloatExt#"test_nextafter_297_other_1.0_1.7976931348623157e+308" = 0.01 s
[ 4855/26691] TestFloatExt#"test_nextafter_222_other_1.1125369292536007e-308_-100.0" = 0.01 s
[ 4856/26691] TestFloatExt#"test_nextafter_217_other_5.0e-324_1.7976931348623157e+308" = 0.01 s
[ 4857/26691] TestFloatExt#"test_nextafter_230_other_1.1125369292536007e-308_5.0e-324" = 0.01 s
[ 4858/26691] TestFloatExt#"test_nextafter_225_other_1.1125369292536007e-308_-2.220446049250313e-16"
 = 0.01 s
[ 4859/26691] TestFloatExt#"test_nextafter_359_other_1.7976931348623157e+308_NaN" = 0.01 s
[ 4860/26691] TestFloatExt#"test_nextafter_380_ruby_NaN_-Infinity" = 0.01 s
[ 4861/26691] TestFloatExt#"test_nextafter_371_other_Infinity_1.1125369292536007e-308" = 0.01 s
[ 4862/26691] TestFloatExt#"test_nextafter_305_other_1.0000000000000002_-2.220446049250313e-16" = 0.
01 s
[ 4863/26691] TestFloatExt#"test_nextafter_209_other_5.0e-324_0.0" = 0.01 s
[ 4864/26691] TestFloatExt#"test_nextafter_170_other_-0.0_5.0e-324" = 0.01 s
[ 4865/26691] TestFloatExt#test_nextafter_379_other_Infinity_NaN = 0.01 s
[ 4866/26691] TestFloatExt#"test_nextafter_383_other_NaN_-1.0000000000000002" = 0.01 s
[ 4867/26691] TestFloatExt#"test_nextafter_189_other_0.0_0.0" = 0.01 s
[ 4868/26691] TestFloatExt#"test_nextafter_273_other_2.220446049250313e-16_2.220446049250313e-16" =
0.01 s
[ 4869/26691] TestFloatExt#"test_nextafter_71_other_-1.0000000000000002_1.1125369292536007e-308" = 0
.01 s
[ 4870/26691] TestFloatExt#"test_nextafter_143_other_-5.0e-324_-1.0000000000000002" = 0.01 s
[ 4871/26691] TestFloatExt#"test_nextafter_234_other_1.1125369292536007e-308_1.0" = 0.01 s
[ 4872/26691] TestFloatExt#"test_nextafter_108_other_-2.220446049250313e-16_-0.0" = 0.01 s
[ 4873/26691] TestFloatExt#"test_nextafter_366_other_Infinity_-1.1125369292536007e-308" = 0.01 s
[ 4874/26691] TestFloatExt#"test_nextafter_390_other_NaN_5.0e-324" = 0.01 s
[ 4875/26691] TestFloatExt#"test_nextafter_113_other_-2.220446049250313e-16_2.220446049250313e-16" =
 0.01 s
[ 4876/26691] TestFloatExt#"test_nextafter_100_ruby_-2.220446049250313e-16_-Infinity" = 0.01 s
[ 4877/26691] TestFloatExt#"test_nextafter_45_other_-100.0_-2.220446049250313e-16" = 0.01 s
[ 4878/26691] TestFloatExt#"test_nextafter_120_ruby_-1.1125369292536007e-308_-Infinity" = 0.01 s
[ 4879/26691] TestFloatExt#"test_nextafter_329_other_100.0_0.0" = 0.01 s
[ 4880/26691] TestFloatExt#"test_nextafter_194_other_0.0_1.0" = 0.01 s
[ 4881/26691] TestFloatExt#"test_nextafter_365_other_Infinity_-2.220446049250313e-16" = 0.01 s
[ 4882/26691] TestFloatExt#"test_nextafter_385_other_NaN_-2.220446049250313e-16" = 0.01 s
[ 4883/26691] TestFloatExt#"test_nextafter_17_other_-Infinity_1.7976931348623157e+308" = 0.01 s
[ 4884/26691] TestFloatExt#"test_nextafter_106_other_-2.220446049250313e-16_-1.1125369292536007e-308
" = 0.01 s
[ 4885/26691] TestFloatExt#"test_nextafter_183_other_0.0_-1.0000000000000002" = 0.01 s
[ 4886/26691] TestFloatExt#"test_nextafter_59_other_-100.0_NaN" = 0.01 s
[ 4887/26691] TestFloatExt#"test_nextafter_307_other_1.0000000000000002_-5.0e-324" = 0.01 s
[ 4888/26691] TestFloatExt#"test_nextafter_97_other_-1.0_1.7976931348623157e+308" = 0.01 s
[ 4889/26691] TestFloatExt#"test_nextafter_339_other_100.0_NaN" = 0.01 s
[ 4890/26691] TestFloatExt#"test_nextafter_44_other_-100.0_-1.0" = 0.01 s
[ 4891/26691] TestFloatExt#"test_nextafter_392_other_NaN_2.2250738585072014e-308" = 0.01 s
[ 4892/26691] TestFloatExt#"test_nextafter_245_other_2.2250738585072014e-308_-2.220446049250313e-16"
 = 0.01 s
[ 4893/26691] TestFloatExt#test_nextafter_398_ruby_NaN_Infinity = 0.01 s
[ 4894/26691] TestFloatExt#"test_nextafter_279_other_2.220446049250313e-16_NaN" = 0.01 s
[ 4895/26691] TestFloatExt#"test_nextafter_67_other_-1.0000000000000002_-5.0e-324" = 0.01 s
[ 4896/26691] TestFloatExt#"test_nextafter_148_other_-5.0e-324_-0.0" = 0.01 s
[ 4897/26691] TestFloatExt#"test_nextafter_397_other_NaN_1.7976931348623157e+308" = 0.01 s
[ 4898/26691] TestFloatExt#"test_nextafter_133_other_-1.1125369292536007e-308_2.220446049250313e-16"
 = 0.01 s
[ 4899/26691] TestFloatExt#"test_nextafter_257_other_2.2250738585072014e-308_1.7976931348623157e+308
" = 0.01 s
[ 4900/26691] TestFloatExt#"test_nextafter_244_other_2.2250738585072014e-308_-1.0" = 0.01 s
[ 4901/26691] TestFloatExt#"test_nextafter_326_other_100.0_-1.1125369292536007e-308" = 0.01 s
[ 4902/26691] TestFloatExt#"test_nextafter_262_other_2.220446049250313e-16_-100.0" = 0.01 s
[ 4903/26691] TestFloatExt#"test_nextafter_81_other_-1.0_-1.7976931348623157e+308" = 0.01 s
[ 4904/26691] TestFloatExt#"test_nextafter_161_other_-0.0_-1.7976931348623157e+308" = 0.01 s
[ 4905/26691] TestFloatExt#"test_nextafter_275_other_2.220446049250313e-16_1.0000000000000002" = 0.0
1 s
[ 4906/26691] TestFloatExt#"test_nextafter_110_other_-2.220446049250313e-16_5.0e-324" = 0.01 s
[ 4907/26691] TestFloatExt#"test_nextafter_61_other_-1.0000000000000002_-1.7976931348623157e+308" =
0.01 s
[ 4908/26691] TestFloatExt#"test_nextafter_147_other_-5.0e-324_-5.0e-324" = 0.01 s
[ 4909/26691] TestFloatExt#"test_nextafter_213_other_5.0e-324_2.220446049250313e-16" = 0.01 s
[ 4910/26691] TestFloatExt#"test_nextafter_186_other_0.0_-1.1125369292536007e-308" = 0.01 s
[ 4911/26691] TestFloatExt#"test_nextafter_236_other_1.1125369292536007e-308_100.0" = 0.01 s
[ 4912/26691] TestFloatExt#"test_nextafter_304_other_1.0000000000000002_-1.0" = 0.01 s
[ 4913/26691] TestFloatExt#"test_nextafter_176_other_-0.0_100.0" = 0.01 s
[ 4914/26691] TestFloatExt#"test_nextafter_364_other_Infinity_-1.0" = 0.01 s
[ 4915/26691] TestFloatExt#"test_nextafter_218_ruby_5.0e-324_Infinity" = 0.01 s
[ 4916/26691] TestFloatExt#"test_nextafter_62_other_-1.0000000000000002_-100.0" = 0.01 s
[ 4917/26691] TestFloatExt#"test_nextafter_373_other_Infinity_2.220446049250313e-16" = 0.01 s
[ 4918/26691] TestFloatExt#"test_nextafter_231_other_1.1125369292536007e-308_1.1125369292536007e-308
" = 0.01 s
[ 4919/26691] TestFloatExt#"test_nextafter_64_other_-1.0000000000000002_-1.0" = 0.01 s
[ 4920/26691] TestFloatExt#"test_nextafter_259_other_2.2250738585072014e-308_NaN" = 0.01 s
[ 4921/26691] TestFloatExt#"test_nextafter_374_other_Infinity_1.0" = 0.01 s
[ 4922/26691] TestFloatExt#"test_nextafter_27_other_-1.7976931348623157e+308_-5.0e-324" = 0.01 s
[ 4923/26691] TestFloatExt#"test_nextafter_384_other_NaN_-1.0" = 0.01 s
[ 4924/26691] TestFloatExt#"test_nextafter_361_other_Infinity_-1.7976931348623157e+308" = 0.01 s
[ 4925/26691] TestFloatExt#"test_nextafter_53_other_-100.0_2.220446049250313e-16" = 0.01 s
[ 4926/26691] TestFloatExt#"test_nextafter_219_other_5.0e-324_NaN" = 0.01 s
[ 4927/26691] TestFloatExt#"test_nextafter_172_other_-0.0_2.2250738585072014e-308" = 0.01 s
[ 4928/26691] TestFloatExt#"test_nextafter_151_other_-5.0e-324_1.1125369292536007e-308" = 0.01 s
[ 4929/26691] TestFloatExt#"test_nextafter_128_other_-1.1125369292536007e-308_-0.0" = 0.01 s
[ 4930/26691] TestFloatExt#"test_nextafter_78_ruby_-1.0000000000000002_Infinity" = 0.01 s
[ 4931/26691] TestFloatExt#"test_nextafter_369_other_Infinity_0.0" = 0.01 s
[ 4932/26691] TestFloatExt#"test_nextafter_74_other_-1.0000000000000002_1.0" = 0.01 s
[ 4933/26691] TestFloatExt#"test_nextafter_353_other_1.7976931348623157e+308_2.220446049250313e-16"
= 0.01 s
[ 4934/26691] TestFloatExt#"test_nextafter_101_other_-2.220446049250313e-16_-1.7976931348623157e+308
" = 0.01 s
[ 4935/26691] TestFloatExt#"test_nextafter_16_other_-Infinity_100.0" = 0.01 s
[ 4936/26691] TestFloatExt#"test_nextafter_84_other_-1.0_-1.0" = 0.01 s
[ 4937/26691] TestFloatExt#"test_nextafter_82_other_-1.0_-100.0" = 0.01 s
[ 4938/26691] TestFloatExt#"test_nextafter_308_other_1.0000000000000002_-0.0" = 0.01 s
[ 4939/26691] TestFloatExt#"test_nextafter_358_ruby_1.7976931348623157e+308_Infinity" = 0.01 s
[ 4940/26691] TestFloatExt#"test_nextafter_131_other_-1.1125369292536007e-308_1.1125369292536007e-30
8" = 0.01 s
[ 4941/26691] TestFloatExt#"test_nextafter_40_ruby_-100.0_-Infinity" = 0.01 s
[ 4942/26691] TestFloatExt#"test_nextafter_269_other_2.220446049250313e-16_0.0" = 0.01 s
[ 4943/26691] TestFloatExt#"test_nextafter_200_ruby_5.0e-324_-Infinity" = 0.01 s
[ 4944/26691] TestFloatExt#"test_nextafter_317_other_1.0000000000000002_1.7976931348623157e+308" = 0
.01 s
[ 4945/26691] TestFloatExt#"test_nextafter_198_ruby_0.0_Infinity" = 0.01 s
[ 4946/26691] TestFloatExt#"test_nextafter_280_ruby_1.0_-Infinity" = 0.01 s
[ 4947/26691] TestFloatExt#"test_nextafter_39_other_-1.7976931348623157e+308_NaN" = 0.01 s
[ 4948/26691] TestFloatExt#"test_nextafter_286_other_1.0_-1.1125369292536007e-308" = 0.01 s
[ 4949/26691] TestFloatExt#"test_nextafter_105_other_-2.220446049250313e-16_-2.220446049250313e-16"
= 0.01 s
[ 4950/26691] TestFloatExt#"test_nextafter_182_other_0.0_-100.0" = 0.01 s
[ 4951/26691] TestFloatExt#"test_nextafter_107_other_-2.220446049250313e-16_-5.0e-324" = 0.01 s
[ 4952/26691] TestFloatExt#"test_nextafter_24_other_-1.7976931348623157e+308_-1.0" = 0.01 s
[ 4953/26691] TestFloatExt#"test_nextafter_72_other_-1.0000000000000002_2.2250738585072014e-308" = 0
.01 s
[ 4954/26691] TestFloatExt#"test_nextafter_150_other_-5.0e-324_5.0e-324" = 0.01 s
[ 4955/26691] TestFloatExt#"test_nextafter_96_other_-1.0_100.0" = 0.01 s
[ 4956/26691] TestFloatExt#"test_nextafter_180_ruby_0.0_-Infinity" = 0.01 s
[ 4957/26691] TestFloatExt#"test_nextafter_42_other_-100.0_-100.0" = 0.01 s
[ 4958/26691] TestFloatExt#"test_nextafter_246_other_2.2250738585072014e-308_-1.1125369292536007e-30
8" = 0.01 s
[ 4959/26691] TestFloatExt#"test_nextafter_228_other_1.1125369292536007e-308_-0.0" = 0.01 s
[ 4960/26691] TestFloatExt#"test_nextafter_241_other_2.2250738585072014e-308_-1.7976931348623157e+30
8" = 0.01 s
[ 4961/26691] TestFloatExt#"test_nextafter_29_other_-1.7976931348623157e+308_0.0" = 0.01 s
[ 4962/26691] TestFloatExt#"test_nextafter_229_other_1.1125369292536007e-308_0.0" = 0.01 s
[ 4963/26691] TestFloatExt#"test_nextafter_136_other_-1.1125369292536007e-308_100.0" = 0.01 s
[ 4964/26691] TestFloatExt#"test_nextafter_23_other_-1.7976931348623157e+308_-1.0000000000000002" =
0.01 s
[ 4965/26691] TestFloatExt#"test_nextafter_83_other_-1.0_-1.0000000000000002" = 0.01 s
[ 4966/26691] TestFloatExt#"test_nextafter_309_other_1.0000000000000002_0.0" = 0.01 s
[ 4967/26691] TestFloatExt#"test_nextafter_164_other_-0.0_-1.0" = 0.01 s
[ 4968/26691] TestFloatExt#"test_nextafter_253_other_2.2250738585072014e-308_2.220446049250313e-16"
= 0.01 s
[ 4969/26691] TestFloatExt#"test_nextafter_356_other_1.7976931348623157e+308_100.0" = 0.01 s
[ 4970/26691] TestFloatExt#"test_nextafter_212_other_5.0e-324_2.2250738585072014e-308" = 0.01 s
[ 4971/26691] TestFloatExt#"test_nextafter_175_other_-0.0_1.0000000000000002" = 0.01 s
[ 4972/26691] TestFloatExt#"test_nextafter_316_other_1.0000000000000002_100.0" = 0.01 s
[ 4973/26691] TestFloatExt#"test_nextafter_337_other_100.0_1.7976931348623157e+308" = 0.01 s
[ 4974/26691] TestFloatExt#"test_nextafter_387_other_NaN_-5.0e-324" = 0.01 s
[ 4975/26691] TestFloatExt#"test_nextafter_112_other_-2.220446049250313e-16_2.2250738585072014e-308"
 = 0.01 s
[ 4976/26691] TestFloatExt#"test_nextafter_295_other_1.0_1.0000000000000002" = 0.01 s
[ 4977/26691] TestFloatExt#"test_nextafter_302_other_1.0000000000000002_-100.0" = 0.01 s
[ 4978/26691] TestFloatExt#"test_nextafter_54_other_-100.0_1.0" = 0.01 s
[ 4979/26691] TestFloatExt#"test_nextafter_335_other_100.0_1.0000000000000002" = 0.01 s
[ 4980/26691] TestFloatExt#"test_nextafter_103_other_-2.220446049250313e-16_-1.0000000000000002" = 0
.01 s
[ 4981/26691] TestFloatExt#"test_nextafter_283_other_1.0_-1.0000000000000002" = 0.01 s
[ 4982/26691] TestFloatExt#"test_nextafter_37_other_-1.7976931348623157e+308_1.7976931348623157e+308
" = 0.01 s
[ 4983/26691] TestFloatExt#"test_nextafter_102_other_-2.220446049250313e-16_-100.0" = 0.01 s
[ 4984/26691] TestFloatExt#"test_nextafter_88_other_-1.0_-0.0" = 0.01 s
[ 4985/26691] TestFloatExt#"test_nextafter_179_other_-0.0_NaN" = 0.01 s
[ 4986/26691] TestFloatExt#"test_nextafter_199_other_0.0_NaN" = 0.01 s
[ 4987/26691] TestFloatExt#"test_nextafter_281_other_1.0_-1.7976931348623157e+308" = 0.01 s
[ 4988/26691] TestFloatExt#"test_nextafter_57_other_-100.0_1.7976931348623157e+308" = 0.01 s
[ 4989/26691] TestFloatExt#"test_nextafter_144_other_-5.0e-324_-1.0" = 0.01 s
[ 4990/26691] TestFloatExt#"test_nextafter_376_other_Infinity_100.0" = 0.01 s
[ 4991/26691] TestFloatExt#"test_nextafter_0_ruby_-Infinity_-Infinity" = 0.01 s
[ 4992/26691] TestFloatExt#"test_nextafter_162_other_-0.0_-100.0" = 0.01 s
[ 4993/26691] TestFloatExt#"test_nextafter_271_other_2.220446049250313e-16_1.1125369292536007e-308"
= 0.01 s
[ 4994/26691] TestFloatExt#"test_nextafter_336_other_100.0_100.0" = 0.01 s
[ 4995/26691] TestFloatExt#"test_nextafter_119_other_-2.220446049250313e-16_NaN" = 0.01 s
[ 4996/26691] TestFloatExt#"test_nextafter_290_other_1.0_5.0e-324" = 0.01 s
[ 4997/26691] TestFloatExt#"test_nextafter_122_other_-1.1125369292536007e-308_-100.0" = 0.01 s
[ 4998/26691] TestFloatExt#"test_nextafter_344_other_1.7976931348623157e+308_-1.0" = 0.01 s
[ 4999/26691] TestFloatExt#"test_nextafter_367_other_Infinity_-5.0e-324" = 0.01 s
[ 5000/26691] TestFloatExt#"test_nextafter_278_ruby_2.220446049250313e-16_Infinity" = 0.01 s
[ 5001/26691] TestFloatExt#"test_nextafter_300_ruby_1.0000000000000002_-Infinity" = 0.01 s
[ 5002/26691] TestFloatExt#"test_nextafter_265_other_2.220446049250313e-16_-2.220446049250313e-16" =
 0.01 s
[ 5003/26691] TestFloatExt#"test_nextafter_301_other_1.0000000000000002_-1.7976931348623157e+308" =
0.01 s
[ 5004/26691] TestFloatExt#"test_nextafter_178_ruby_-0.0_Infinity" = 0.01 s
[ 5005/26691] TestFloatExt#"test_nextafter_195_other_0.0_1.0000000000000002" = 0.01 s
[ 5006/26691] TestFloatExt#"test_nextafter_92_other_-1.0_2.2250738585072014e-308" = 0.01 s
[ 5007/26691] TestFloatExt#"test_nextafter_288_other_1.0_-0.0" = 0.01 s
[ 5008/26691] TestFloatExt#"test_nextafter_124_other_-1.1125369292536007e-308_-1.0" = 0.01 s
[ 5009/26691] TestFloatExt#"test_nextafter_331_other_100.0_1.1125369292536007e-308" = 0.01 s
[ 5010/26691] TestFloatExt#"test_nextafter_310_other_1.0000000000000002_5.0e-324" = 0.01 s
[ 5011/26691] TestFloatExt#"test_nextafter_264_other_2.220446049250313e-16_-1.0" = 0.01 s
[ 5012/26691] TestFloatExt#"test_nextafter_341_other_1.7976931348623157e+308_-1.7976931348623157e+30
8" = 0.01 s
[ 5013/26691] TestFloatExt#"test_nextafter_211_other_5.0e-324_1.1125369292536007e-308" = 0.01 s
[ 5014/26691] TestFloatExt#"test_nextafter_28_other_-1.7976931348623157e+308_-0.0" = 0.01 s
[ 5015/26691] TestFloatExt#"test_nextafter_346_other_1.7976931348623157e+308_-1.1125369292536007e-30
8" = 0.01 s
[ 5016/26691] TestFloatExt#"test_nextafter_391_other_NaN_1.1125369292536007e-308" = 0.01 s
[ 5017/26691] TestFloatExt#"test_nextafter_132_other_-1.1125369292536007e-308_2.2250738585072014e-30
8" = 0.01 s
[ 5018/26691] TestFloatExt#"test_nextafter_226_other_1.1125369292536007e-308_-1.1125369292536007e-30
8" = 0.01 s
[ 5019/26691] TestFloatExt#"test_nextafter_343_other_1.7976931348623157e+308_-1.0000000000000002" =
0.01 s
[ 5020/26691] TestFloatExt#"test_nextafter_50_other_-100.0_5.0e-324" = 0.01 s
[ 5021/26691] TestFloatExt#"test_nextafter_168_other_-0.0_-0.0" = 0.01 s
[ 5022/26691] TestFloatExt#"test_nextafter_152_other_-5.0e-324_2.2250738585072014e-308" = 0.02 s
[ 5023/26691] TestFloatExt#"test_nextafter_79_other_-1.0000000000000002_NaN" = 0.01 s
[ 5024/26691] TestFloatExt#"test_nextafter_221_other_1.1125369292536007e-308_-1.7976931348623157e+30
8" = 0.01 s
[ 5025/26691] TestFloatExt#"test_nextafter_268_other_2.220446049250313e-16_-0.0" = 0.01 s
[ 5026/26691] TestFloatExt#"test_nextafter_249_other_2.2250738585072014e-308_0.0" = 0.01 s
[ 5027/26691] TestFloatExt#"test_nextafter_377_other_Infinity_1.7976931348623157e+308" = 0.01 s
[ 5028/26691] TestFloatExt#"test_nextafter_321_other_100.0_-1.7976931348623157e+308" = 0.01 s
[ 5029/26691] TestFloatExt#"test_nextafter_123_other_-1.1125369292536007e-308_-1.0000000000000002" =
 0.01 s
[ 5030/26691] TestFloatExt#"test_nextafter_90_other_-1.0_5.0e-324" = 0.01 s
[ 5031/26691] TestFloatExt#"test_nextafter_201_other_5.0e-324_-1.7976931348623157e+308" = 0.01 s
[ 5032/26691] TestFloatExt#"test_nextafter_393_other_NaN_2.220446049250313e-16" = 0.01 s
[ 5033/26691] TestFloatExt#"test_nextafter_188_other_0.0_-0.0" = 0.01 s
[ 5034/26691] TestFloatExt#"test_nextafter_41_other_-100.0_-1.7976931348623157e+308" = 0.01 s
[ 5035/26691] TestFloatExt#"test_nextafter_395_other_NaN_1.0000000000000002" = 0.01 s
[ 5036/26691] TestFloatExt#"test_nextafter_227_other_1.1125369292536007e-308_-5.0e-324" = 0.01 s
[ 5037/26691] TestFloatExt#"test_nextafter_114_other_-2.220446049250313e-16_1.0" = 0.01 s
[ 5038/26691] TestFloatExt#"test_nextafter_255_other_2.2250738585072014e-308_1.0000000000000002" = 0
.01 s
[ 5039/26691] TestFloatExt#"test_nextafter_261_other_2.220446049250313e-16_-1.7976931348623157e+308"
 = 0.01 s
[ 5040/26691] TestFloatExt#"test_nextafter_77_other_-1.0000000000000002_1.7976931348623157e+308" = 0
.01 s
[ 5041/26691] TestFloatExt#"test_nextafter_138_ruby_-1.1125369292536007e-308_Infinity" = 0.01 s
[ 5042/26691] TestFloatExt#"test_nextafter_204_other_5.0e-324_-1.0" = 0.01 s
[ 5043/26691] TestFloatExt#"test_nextafter_159_other_-5.0e-324_NaN" = 0.01 s
[ 5044/26691] TestFloatExt#"test_nextafter_154_other_-5.0e-324_1.0" = 0.01 s
[ 5045/26691] TestFloatExt#"test_nextafter_95_other_-1.0_1.0000000000000002" = 0.01 s
[ 5046/26691] TestFloatExt#"test_nextafter_160_ruby_-0.0_-Infinity" = 0.01 s
[ 5047/26691] TestFloatExt#"test_nextafter_30_other_-1.7976931348623157e+308_5.0e-324" = 0.01 s
[ 5048/26691] TestFloatExt#"test_nextafter_315_other_1.0000000000000002_1.0000000000000002" = 0.01 s
[ 5049/26691] TestFloatExt#"test_nextafter_254_other_2.2250738585072014e-308_1.0" = 0.01 s
[ 5050/26691] TestFloatExt#"test_nextafter_239_other_1.1125369292536007e-308_NaN" = 0.01 s
[ 5051/26691] TestFloatExt#"test_nextafter_36_other_-1.7976931348623157e+308_100.0" = 0.01 s
[ 5052/26691] TestFloatExt#"test_nextafter_99_other_-1.0_NaN" = 0.01 s
[ 5053/26691] TestFloatExt#"test_nextafter_298_ruby_1.0_Infinity" = 0.01 s
[ 5054/26691] TestFloatExt#"test_nextafter_127_other_-1.1125369292536007e-308_-5.0e-324" = 0.01 s
[ 5055/26691] TestFloatExt#"test_nextafter_347_other_1.7976931348623157e+308_-5.0e-324" = 0.01 s
[ 5056/26691] TestFloatExt#"test_nextafter_134_other_-1.1125369292536007e-308_1.0" = 0.01 s
[ 5057/26691] TestFloatExt#"test_nextafter_233_other_1.1125369292536007e-308_2.220446049250313e-16"
= 0.01 s
[ 5058/26691] TestFloatExt#"test_nextafter_293_other_1.0_2.220446049250313e-16" = 0.01 s
[ 5059/26691] TestFloatExt#"test_nextafter_319_other_1.0000000000000002_NaN" = 0.01 s
[ 5060/26691] TestFloatExt#"test_nextafter_125_other_-1.1125369292536007e-308_-2.220446049250313e-16
" = 0.01 s
[ 5061/26691] TestFloatExt#"test_nextafter_357_other_1.7976931348623157e+308_1.7976931348623157e+308
" = 0.01 s
[ 5062/26691] TestFloatExt#"test_nextafter_232_other_1.1125369292536007e-308_2.2250738585072014e-308
" = 0.01 s
[ 5063/26691] TestFloatExt#"test_nextafter_65_other_-1.0000000000000002_-2.220446049250313e-16" = 0.
01 s
[ 5064/26691] TestFloatExt#"test_nextafter_330_other_100.0_5.0e-324" = 0.01 s
[ 5065/26691] TestFloatExt#"test_nextafter_260_ruby_2.220446049250313e-16_-Infinity" = 0.01 s
[ 5066/26691] TestFloatExt#"test_nextafter_206_other_5.0e-324_-1.1125369292536007e-308" = 0.01 s
[ 5067/26691] TestFloatExt#"test_nextafter_181_other_0.0_-1.7976931348623157e+308" = 0.01 s
[ 5068/26691] TestFloatExt#"test_nextafter_235_other_1.1125369292536007e-308_1.0000000000000002" = 0
.01 s
[ 5069/26691] TestFloatExt#"test_nextafter_80_ruby_-1.0_-Infinity" = 0.01 s
[ 5070/26691] TestFloatExt#"test_nextafter_277_other_2.220446049250313e-16_1.7976931348623157e+308"
= 0.01 s
[ 5071/26691] TestFloatExt#"test_nextafter_60_ruby_-1.0000000000000002_-Infinity" = 0.01 s
[ 5072/26691] TestFloatExt#"test_nextafter_306_other_1.0000000000000002_-1.1125369292536007e-308" =
0.01 s
[ 5073/26691] TestFloatExt#"test_nextafter_263_other_2.220446049250313e-16_-1.0000000000000002" = 0.
01 s
[ 5074/26691] TestFloatExt#"test_nextafter_332_other_100.0_2.2250738585072014e-308" = 0.01 s
[ 5075/26691] TestFloatExt#"test_nextafter_177_other_-0.0_1.7976931348623157e+308" = 0.01 s
[ 5076/26691] TestFloatExt#"test_nextafter_396_other_NaN_100.0" = 0.01 s
[ 5077/26691] TestFloatExt#"test_nextafter_327_other_100.0_-5.0e-324" = 0.01 s
[ 5078/26691] TestFloatExt#"test_nextafter_109_other_-2.220446049250313e-16_0.0" = 0.01 s
[ 5079/26691] TestFloatExt#"test_nextafter_185_other_0.0_-2.220446049250313e-16" = 0.01 s
[ 5080/26691] TestFloatExt#"test_nextafter_33_other_-1.7976931348623157e+308_2.220446049250313e-16"
= 0.01 s
[ 5081/26691] TestFloatExt#test_nextafter_378_ruby_Infinity_Infinity = 0.01 s
[ 5082/26691] TestFloatExt#"test_nextafter_86_other_-1.0_-1.1125369292536007e-308" = 0.01 s
[ 5083/26691] TestFloatExt#"test_nextafter_166_other_-0.0_-1.1125369292536007e-308" = 0.01 s
[ 5084/26691] TestFloatExt#"test_nextafter_130_other_-1.1125369292536007e-308_5.0e-324" = 0.01 s
[ 5085/26691] TestFloatExt#"test_nextafter_149_other_-5.0e-324_0.0" = 0.01 s
[ 5086/26691] TestFloatExt#"test_nextafter_47_other_-100.0_-5.0e-324" = 0.01 s
[ 5087/26691] TestFloatExt#"test_nextafter_66_other_-1.0000000000000002_-1.1125369292536007e-308" =
0.01 s
[ 5088/26691] TestFloatExt#"test_nextafter_322_other_100.0_-100.0" = 0.01 s
[ 5089/26691] TestFloatExt#"test_nextafter_270_other_2.220446049250313e-16_5.0e-324" = 0.01 s
[ 5090/26691] TestFloatExt#"test_nextafter_34_other_-1.7976931348623157e+308_1.0" = 0.01 s
[ 5091/26691] TestFloatExt#"test_nextafter_75_other_-1.0000000000000002_1.0000000000000002" = 0.01 s
[ 5092/26691] TestFloatExt#"test_nextafter_354_other_1.7976931348623157e+308_1.0" = 0.01 s
[ 5093/26691] TestFloatExt#"test_nextafter_116_other_-2.220446049250313e-16_100.0" = 0.01 s
[ 5094/26691] TestFloatExt#test_nextafter_399_other_NaN_NaN = 0.01 s
[ 5095/26691] TestFloatExt#"test_nextafter_156_other_-5.0e-324_100.0" = 0.01 s
[ 5096/26691] TestFloatExt#"test_nextafter_287_other_1.0_-5.0e-324" = 0.01 s
[ 5097/26691] TestFloatExt#"test_nextafter_207_other_5.0e-324_-5.0e-324" = 0.01 s
[ 5098/26691] TestFloatExt#"test_nextafter_250_other_2.2250738585072014e-308_5.0e-324" = 0.01 s
[ 5099/26691] TestFloatExt#"test_nextafter_355_other_1.7976931348623157e+308_1.0000000000000002" = 0
.01 s
[ 5100/26691] TestFloatExt#"test_nextafter_299_other_1.0_NaN" = 0.01 s
[ 5101/26691] TestFloatExt#"test_nextafter_350_other_1.7976931348623157e+308_5.0e-324" = 0.01 s
[ 5102/26691] TestFloatExt#"test_nextafter_363_other_Infinity_-1.0000000000000002" = 0.01 s
[ 5103/26691] TestFloatExt#"test_nextafter_9_other_-Infinity_0.0" = 0.01 s
[ 5104/26691] TestFloatExt#"test_nextafter_284_other_1.0_-1.0" = 0.01 s
[ 5105/26691] TestFloatExt#"test_nextafter_48_other_-100.0_-0.0" = 0.01 s
[ 5106/26691] TestFloatExt#"test_nextafter_205_other_5.0e-324_-2.220446049250313e-16" = 0.02 s
[ 5107/26691] TestFloatExt#"test_nextafter_1_other_-Infinity_-1.7976931348623157e+308" = 0.01 s
[ 5108/26691] TestFloatExt#"test_nextafter_303_other_1.0000000000000002_-1.0000000000000002" = 0.01
s
[ 5109/26691] TestFloatExt#"test_nextafter_375_other_Infinity_1.0000000000000002" = 0.01 s
[ 5110/26691] TestFloatExt#"test_nextafter_372_other_Infinity_2.2250738585072014e-308" = 0.01 s
[ 5111/26691] TestFloatExt#"test_nextafter_210_other_5.0e-324_5.0e-324" = 0.01 s
[ 5112/26691] TestFloatExt#"test_nextafter_381_other_NaN_-1.7976931348623157e+308" = 0.01 s
[ 5113/26691] TestFloatExt#"test_nextafter_11_other_-Infinity_1.1125369292536007e-308" = 0.01 s
[ 5114/26691] TestFloatExt#"test_nextafter_312_other_1.0000000000000002_2.2250738585072014e-308" = 0
.01 s
[ 5115/26691] TestFloatExt#"test_nextafter_13_other_-Infinity_2.220446049250313e-16" = 0.01 s
[ 5116/26691] TestFloatExt#"test_nextafter_296_other_1.0_100.0" = 0.01 s
[ 5117/26691] TestFloatExt#"test_nextafter_191_other_0.0_1.1125369292536007e-308" = 0.01 s
[ 5118/26691] TestFloatExt#"test_nextafter_8_other_-Infinity_-0.0" = 0.01 s
[ 5119/26691] TestFloatExt#"test_nextafter_76_other_-1.0000000000000002_100.0" = 0.01 s
[ 5120/26691] TestFloatExt#"test_nextafter_203_other_5.0e-324_-1.0000000000000002" = 0.01 s
[ 5121/26691] TestFloatExt#"test_nextafter_153_other_-5.0e-324_2.220446049250313e-16" = 0.02 s
[ 5122/26691] TestFloatExt#"test_nextafter_135_other_-1.1125369292536007e-308_1.0000000000000002" =
0.01 s
[ 5123/26691] TestFloatExt#"test_nextafter_38_ruby_-1.7976931348623157e+308_Infinity" = 0.01 s
[ 5124/26691] TestFloatExt#"test_nextafter_240_ruby_2.2250738585072014e-308_-Infinity" = 0.01 s
[ 5125/26691] TestFloatExt#"test_nextafter_362_other_Infinity_-100.0" = 0.01 s
[ 5126/26691] TestFloatExt#"test_nextafter_348_other_1.7976931348623157e+308_-0.0" = 0.01 s
[ 5127/26691] TestFloatExt#"test_nextafter_137_other_-1.1125369292536007e-308_1.7976931348623157e+30
8" = 0.01 s
[ 5128/26691] TestFloatExt#"test_nextafter_193_other_0.0_2.220446049250313e-16" = 0.01 s
[ 5129/26691] TestFloatExt#"test_nextafter_313_other_1.0000000000000002_2.220446049250313e-16" = 0.0
1 s
[ 5130/26691] TestFloatExt#"test_nextafter_276_other_2.220446049250313e-16_100.0" = 0.01 s
[ 5131/26691] TestFloatExt#"test_nextafter_184_other_0.0_-1.0" = 0.01 s
[ 5132/26691] TestFloatExt#"test_nextafter_243_other_2.2250738585072014e-308_-1.0000000000000002" =
0.01 s
[ 5133/26691] TestFloatExt#"test_nextafter_238_ruby_1.1125369292536007e-308_Infinity" = 0.01 s
[ 5134/26691] TestFloatExt#"test_nextafter_6_other_-Infinity_-1.1125369292536007e-308" = 0.01 s
[ 5135/26691] TestFloatExt#"test_nextafter_32_other_-1.7976931348623157e+308_2.2250738585072014e-308
" = 0.01 s
[ 5136/26691] TestFloatExt#"test_nextafter_311_other_1.0000000000000002_1.1125369292536007e-308" = 0
.01 s
[ 5137/26691] TestFloatExt#"test_nextafter_165_other_-0.0_-2.220446049250313e-16" = 0.01 s
[ 5138/26691] TestFloatExt#"test_nextafter_251_other_2.2250738585072014e-308_1.1125369292536007e-308
" = 0.01 s
[ 5139/26691] TestFloatExt#"test_nextafter_291_other_1.0_1.1125369292536007e-308" = 0.01 s
[ 5140/26691] TestFloatExt#"test_nextafter_3_other_-Infinity_-1.0000000000000002" = 0.01 s
[ 5141/26691] TestFloatExt#"test_nextafter_63_other_-1.0000000000000002_-1.0000000000000002" = 0.01
s
[ 5142/26691] TestFloatExt#"test_nextafter_333_other_100.0_2.220446049250313e-16" = 0.01 s
[ 5143/26691] TestFloatExt#"test_nextafter_208_other_5.0e-324_-0.0" = 0.01 s
[ 5144/26691] TestFloatExt#"test_nextafter_314_other_1.0000000000000002_1.0" = 0.01 s
[ 5145/26691] TestFloatExt#"test_nextafter_223_other_1.1125369292536007e-308_-1.0000000000000002" =
0.01 s
[ 5146/26691] TestFloatExt#"test_nextafter_171_other_-0.0_1.1125369292536007e-308" = 0.01 s
[ 5147/26691] TestFloatExt#"test_nextafter_274_other_2.220446049250313e-16_1.0" = 0.01 s
[ 5148/26691] TestFloatExt#"test_nextafter_145_other_-5.0e-324_-2.220446049250313e-16" = 0.01 s
[ 5149/26691] TestFloatExt#"test_nextafter_56_other_-100.0_100.0" = 0.01 s
[ 5150/26691] TestFloatExt#"test_nextafter_158_ruby_-5.0e-324_Infinity" = 0.01 s
[ 5151/26691] TestFloatExt#"test_nextafter_345_other_1.7976931348623157e+308_-2.220446049250313e-16"
 = 0.01 s
[ 5152/26691] TestFloatExt#"test_nextafter_237_other_1.1125369292536007e-308_1.7976931348623157e+308
" = 0.01 s
[ 5153/26691] TestFloatExt#"test_nextafter_22_other_-1.7976931348623157e+308_-100.0" = 0.01 s
[ 5154/26691] TestFloatExt#"test_nextafter_352_other_1.7976931348623157e+308_2.2250738585072014e-308
" = 0.01 s
[ 5155/26691] TestFloatExt#"test_nextafter_104_other_-2.220446049250313e-16_-1.0" = 0.01 s
[ 5156/26691] TestFloatExt#"test_nextafter_157_other_-5.0e-324_1.7976931348623157e+308" = 0.02 s
[ 5157/26691] TestFloatExt#"test_nextafter_167_other_-0.0_-5.0e-324" = 0.01 s
[ 5158/26691] TestFloatExt#"test_nextafter_266_other_2.220446049250313e-16_-1.1125369292536007e-308"
 = 0.01 s
[ 5159/26691] TestFloatExt#"test_nextafter_68_other_-1.0000000000000002_-0.0" = 0.01 s
[ 5160/26691] TestFloatExt#"test_nextafter_340_ruby_1.7976931348623157e+308_-Infinity" = 0.01 s
[ 5161/26691] TestFloatExt#"test_nextafter_173_other_-0.0_2.220446049250313e-16" = 0.01 s
[ 5162/26691] TestFloatExt#"test_nextafter_349_other_1.7976931348623157e+308_0.0" = 0.01 s
[ 5163/26691] OpenSSL::TestEOF1#test_eof_2 = 1.25 s
[ 5164/26691] OpenSSL::TestEOF1#test_eof_0 = 2.34 s
[ 5165/26691] OpenSSL::TestEOF1#test_getbyte_eof = 1.38 s
[ 5166/26691] OpenSSL::TestEOF1#test_eof_0_rw = 0.78 s
[ 5167/26691] OpenSSL::TestEOF1#test_readbyte_eof = 1.20 s
[ 5168/26691] OpenSSL::TestEOF1#test_eof_1 = 5.52 s
[ 5169/26691] OpenSSL::TestEOF1#test_eof_3 = 1.21 s
[ 5170/26691] TestLogger#test_add_binary_data_with_binmode_logdev = 0.06 s
[ 5171/26691] TestLogger#test_reopen = 0.02 s
[ 5172/26691] TestLogger#test_overriding_level = 0.04 s
[ 5173/26691] TestLogger#test_initialize_with_level = 0.02 s
[ 5174/26691] TestLogger#test_close = 0.01 s
[ 5175/26691] TestLogger#test_initialize = 0.01 s
[ 5176/26691] TestLogger#test_symbol_level = 0.02 s
[ 5177/26691] TestLogger#test_does_not_instantiate_log_device_for_File_NULL = 0.01 s
[ 5178/26691] TestLogger#test_add = 0.11 s
[ 5179/26691] TestLogger#test_reraise_write_errors = 0.04 s
[ 5180/26691] TestLogger#test_reopen_nil_logdevice = 0.01 s
[ 5181/26691] TestLogger#test_initialize_with_progname = 0.02 s
[ 5182/26691] TestLogger#test_formatter = 0.08 s
[ 5183/26691] TestLogger#test_lshift = 0.02 s
[ 5184/26691] TestLogger#test_level_log = 0.16 s
[ 5185/26691] TestLogger#test_initialize_with_datetime_format = 0.05 s
[ 5186/26691] TestLogger#test_initialize_with_formatter = 0.04 s
[ 5187/26691] TestLogger#test_progname = 0.01 s
[ 5188/26691] TestLogger#test_datetime_format = 0.06 s
[ 5189/26691] TestLogger#test_level = 0.02 s
[ 5190/26691] TestLogger#test_string_level = 0.02 s
[ 5191/26691] TestLogger#test_format = 0.09 s
[ 5192/26691] Prism::PercentDelimiterStringTest#test_cr_crlf = 0.02 s
[ 5193/26691] Prism::PercentDelimiterStringTest#test_newline_terminator_with_crlf_crlf_with_extra_cr
 = 0.01 s
[ 5194/26691] Prism::PercentDelimiterStringTest#test_newline_terminator_with_cr_cr = 0.01 s
[ 5195/26691] Prism::PercentDelimiterStringTest#test_lf_crlf = 0.01 s
[ 5196/26691] Prism::PercentDelimiterStringTest#test_newline_terminator_with_crlf_pair = 0.01 s
[ 5197/26691] Prism::PercentDelimiterStringTest#test_lf_lf = 0.01 s
[ 5198/26691] Prism::PercentDelimiterStringTest#test_newline_terminator_with_lf_crlf_with_extra_cr =
 0.01 s
[ 5199/26691] Prism::PercentDelimiterStringTest#test_newline_terminator_with_lf_crlf = 0.01 s
[ 5200/26691] Prism::PercentDelimiterStringTest#test_newline_terminator_with_crlf_lf = 0.01 s
[ 5201/26691] TestIRB::ContextTest#test_false_inspect_mode_failed = 0.21 s
[ 5202/26691] TestIRB::ContextTest#test_echo_on_assignment_conf = 0.08 s
[ 5203/26691] TestIRB::ContextTest#test_prompt_main_raise = 0.05 s
[ 5204/26691] TestIRB::ContextTest#test_lineno = 0.34 s
[ 5205/26691] TestIRB::ContextTest#test_object_inspection_prints_useful_info_when_kernel_inspect_als
o_errored = 0.20 s
[ 5206/26691] TestIRB::ContextTest#test_prompt_main_truncate = 0.05 s
[ 5207/26691] TestIRB::ContextTest#test_yaml_inspect_mode_successful = 0.19 s
[ 5208/26691] TestIRB::ContextTest#test_p_inspect_mode_successful = 0.25 s
[ 5209/26691] TestIRB::ContextTest#test_eval_input_raise2x = 0.39 s
[ 5210/26691] TestIRB::ContextTest#test_false_inspect_mode_successful = 0.25 s
[ 5211/26691] TestIRB::ContextTest#test_p_inspect_mode_failed = 0.21 s
[ 5212/26691] TestIRB::ContextTest#test_prompt_format = 0.06 s
[ 5213/26691] TestIRB::ContextTest#test_eval_input_with_long_exception = 1.20 s
[ 5214/26691] TestIRB::ContextTest#test_build_completor = 0.19 s
[ 5215/26691] TestIRB::ContextTest#test_default_return_format = 0.15 s
[ 5216/26691] TestIRB::ContextTest#test_omit_on_assignment = 5.19 s
[ 5217/26691] TestIRB::ContextTest#test_prompt_n_deprecation = 0.10 s
[ 5218/26691] TestIRB::ContextTest#test_prompt_main_basic_object = 0.05 s
[ 5219/26691] TestIRB::ContextTest#test_marshal_inspect_mode_failed = 0.19 s
[ 5220/26691] TestIRB::ContextTest#test_prompt_main_inspect_escape = 0.05 s
[ 5221/26691] TestIRB::ContextTest#test_default_config = 0.03 s
[ 5222/26691] TestIRB::ContextTest#test_object_inspection_falls_back_to_kernel_inspect_when_errored
= 0.17 s
[ 5223/26691] TestIRB::ContextTest#test_echo_on_assignment = 2.05 s
[ 5224/26691] TestIRB::ContextTest#test_output_to_pipe = 0.22 s
[ 5225/26691] TestIRB::ContextTest#test_prompt_main_escape = 0.05 s
[ 5226/26691] TestIRB::ContextTest#test_omit_multiline_on_assignment = 8.94 s
[ 5227/26691] TestIRB::ContextTest#test_marshal_inspect_mode_successful = 0.15 s
[ 5228/26691] TestIRB::ContextTest#test_yaml_inspect_mode_failed = 0.18 s
[ 5229/26691] TestIRB::ContextTest#test_true_inspect_mode_successful = 0.29 s
[ 5230/26691] TestIRB::ContextTest#test_eval_input_with_exception = 0.30 s
[ 5231/26691] TestIRB::ContextTest#test_eval_input_with_invalid_byte_sequence_exception = 0.31 s
[ 5232/26691] TestIRB::ContextTest#test_irb_path_setter = 0.04 s
[ 5233/26691] TestIRB::ContextTest#test_eval_input = 0.37 s
[ 5234/26691] TestIRB::ContextTest#test_object_inspection_handles_basic_object = 0.19 s
[ 5235/26691] TestIRB::ContextTest#test_multiline_output_on_default_inspector = 0.27 s
[ 5236/26691] TestRDocGeneratorPOT#test_generate = 0.18 s
[ 5237/26691] TestDigest::TestRMD160#test_s_new = 0.02 s
[ 5238/26691] TestDigest::TestRMD160#test_s_digest = 0.02 s
[ 5239/26691] TestDigest::TestRMD160#test_bubblebabble_instance = 0.01 s
[ 5240/26691] TestDigest::TestRMD160#test_s_file = 0.03 s
[ 5241/26691] TestDigest::TestRMD160#test_instance_eval = 0.01 s
[ 5242/26691] TestDigest::TestRMD160#test_update = 0.01 s
[ 5243/26691] TestDigest::TestRMD160#test_bubblebabble = 0.01 s
[ 5244/26691] TestDigest::TestRMD160#test_s_hexdigest = 0.01 s
[ 5245/26691] TestDigest::TestRMD160#test_bubblebabble_class = 0.01 s
[ 5246/26691] TestDigest::TestRMD160#test_alignment = 0.01 s
[ 5247/26691] TestDigest::TestRMD160#test_s_base64digest = 0.01 s
[ 5248/26691] TestDigest::TestRMD160#test_eq = 0.01 s
[ 5249/26691] TestGemRequestSet#test_resolve_development = 0.58 s
[ 5250/26691] TestGemRequestSet#test_resolve_ignore_dependencies = 0.55 s
[ 5251/26691] TestGemRequestSet#test_load_gemdeps_installing = 0.52 s
[ 5252/26691] TestGemRequestSet#test_tsort_each_child_development = 0.67 s
[ 5253/26691] TestGemRequestSet#test_install_from_gemdeps_explain = 0.97 s
[ 5254/26691] TestGemRequestSet#test_install_into_development_shallow = 0.96 s
[ 5255/26691] TestGemRequestSet#test_gem_duplicate = 0.57 s
[ 5256/26691] TestGemRequestSet#test_tsort_each_child_development_shallow = 0.66 s
[ 5257/26691] TestGemRequestSet#test_load_gemdeps = 0.59 s
[ 5258/26691] TestGemRequestSet#test_install_into = 0.87 s
[ 5259/26691] TestGemRequestSet#test_sorted_requests = 0.81 s
[ 5260/26691] TestGemRequestSet#test_install_from_gemdeps_local = 0.95 s
[ 5261/26691] TestGemRequestSet#test_load_gemdeps_without_groups = 0.58 s
[ 5262/26691] TestGemRequestSet#test_resolve_git = 0.53 s
[ 5263/26691] TestGemRequestSet#test_bug_bug_990 = 0.77 s
[ 5264/26691] TestGemRequestSet#test_install_from_gemdeps = 0.97 s
[ 5265/26691] TestGemRequestSet#test_install_from_gemdeps_install_dir = 0.95 s
[ 5266/26691] TestGemRequestSet#test_install = 0.95 s
[ 5267/26691] TestGemRequestSet#test_resolve = 0.75 s
[ 5268/26691] TestGemRequestSet#test_resolve_development_shallow = 0.76 s
[ 5269/26691] TestGemRequestSet#test_resolve_vendor = 1.10 s
[ 5270/26691] TestGemRequestSet#test_install_from_gemdeps_complex_dependencies = 1.21 s
[ 5271/26691] TestGemRequestSet#test_install_from_gemdeps_version_mismatch = 0.96 s
[ 5272/26691] TestGemRequestSet#test_install_from_gemdeps_lockfile = 0.96 s
[ 5273/26691] TestGemRequestSet#test_sorted_requests_development_shallow = 0.76 s
[ 5274/26691] TestGemRequestSet#test_gem = 0.58 s
[ 5275/26691] TestGemRequestSet#test_import = 0.49 s
[ 5276/26691] TestGemRequestSet#test_resolve_incompatible = 0.52 s
[ 5277/26691] TestDateNew#test_valid_with_invalid_types = 0.02 s
[ 5278/26691] TestDateNew#test_ordinal__neg = 0.01 s
[ 5279/26691] TestDateNew#test_civil = 0.05 s
[ 5280/26691] TestDateNew#test_today = 0.01 s
[ 5281/26691] TestDateNew#test_invalid_types = 0.08 s
[ 5282/26691] TestDateNew#test_commercial__ex = 0.01 s
[ 5283/26691] TestDateNew#test_civil__neg = 0.01 s
[ 5284/26691] TestDateNew#test_civil__reform = 0.02 s
[ 5285/26691] TestDateNew#test_jd__ex = 0.01 s
[ 5286/26691] TestDateNew#test_commercial__neg = 0.01 s
[ 5287/26691] TestDateNew#test_ordinal = 0.02 s
[ 5288/26691] TestDateNew#test_now = 0.01 s
[ 5289/26691] TestDateNew#test_jd = 0.02 s
[ 5290/26691] TestDateNew#test_ordinal__ex = 0.01 s
[ 5291/26691] TestDateNew#test_memsize = 0.01 s
[ 5292/26691] TestDateNew#test_civil__ex = 0.02 s
[ 5293/26691] TestDateNew#test_commercial = 0.02 s
[ 5294/26691] TestIOConsoleInRactor#test_ractor = 5.97 s
[ 5295/26691] Prism::EqualityTest#test_equality = 0.10 s
[ 5296/26691] Test_Symbol::TestInadvertent#test_struct_aref = 0.03 s
[ 5297/26691] Test_Symbol::TestInadvertent#test_execopt_redirect_value = 0.02 s
[ 5298/26691] Test_Symbol::TestInadvertent#test_module_define_method_argument_error = 0.02 s
[ 5299/26691] Test_Symbol::TestInadvertent#test_struct_new = 0.01 s
[ 5300/26691] Test_Symbol::TestInadvertent#test_send_leak_string_custom_method_missing = 0.02 s
[ 5301/26691] Test_Symbol::TestInadvertent#test_execopt_redirect_path = 0.01 s
[ 5302/26691] Test_Symbol::TestInadvertent#test___send__ = 0.02 s
[ 5303/26691] Test_Symbol::TestInadvertent#test_send_leak_symbol = 0.01 s
[ 5304/26691] Test_Symbol::TestInadvertent#test_undefined_method = 0.03 s
[ 5305/26691] Test_Symbol::TestInadvertent#test_undefined_instance_variable = 0.02 s
[ 5306/26691] Test_Symbol::TestInadvertent#test_send_leak_string = 0.01 s
[ 5307/26691] Test_Symbol::TestInadvertent#test_gc_attrset = 18.37 s
[ 5308/26691] Test_Symbol::TestInadvertent#test_send_leak_symbol_no_optimization = 0.02 s
[ 5309/26691] Test_Symbol::TestInadvertent#test_kwarg_symbol_leak_just_rest = 0.01 s
[ 5310/26691] Test_Symbol::TestInadvertent#test_module_const_defined? = 0.02 s
[ 5311/26691] Test_Symbol::TestInadvertent#test_invalid_attr = 0.03 s
[ 5312/26691] Test_Symbol::TestInadvertent#test_thread_key? = 0.01 s
[ 5313/26691] Test_Symbol::TestInadvertent#test_kwarg_symbol_leak_no_rest = 0.03 s
[ 5314/26691] Test_Symbol::TestInadvertent#test_const_missing = 0.02 s
[ 5315/26691] Test_Symbol::TestInadvertent#test_thread_variable_set = 0.01 s
[ 5316/26691] Test_Symbol::TestInadvertent#test_thread_variable_get = 0.01 s
[ 5317/26691] Test_Symbol::TestInadvertent#test_undefined_const = 0.02 s
[ 5318/26691] Test_Symbol::TestInadvertent#test_public_send = 0.02 s
[ 5319/26691] Test_Symbol::TestInadvertent#test_enumerable_inject_op = 0.02 s
[ 5320/26691] Test_Symbol::TestInadvertent#test_invalid_attr_writer = 0.02 s
[ 5321/26691] Test_Symbol::TestInadvertent#test_send = 0.02 s
[ 5322/26691] Test_Symbol::TestInadvertent#test_send_leak_string_no_optimization = 0.01 s
[ 5323/26691] Test_Symbol::TestInadvertent#test_module_const_get_toplevel = 0.02 s
[ 5324/26691] Test_Symbol::TestInadvertent#test_execopt_redirect_symbol = 0.01 s
[ 5325/26691] Test_Symbol::TestInadvertent#test_object_ivar_set = 0.02 s
[ 5326/26691] Test_Symbol::TestInadvertent#test_send_leak_symbol_custom_method_missing_no_optimizati
on = 0.02 s
[ 5327/26691] Test_Symbol::TestInadvertent#test_undefined_class_variable = 0.02 s
[ 5328/26691] Test_Symbol::TestInadvertent#test_struct_aset = 0.02 s
[ 5329/26691] Test_Symbol::TestInadvertent#test_thread_aref = 0.01 s
[ 5330/26691] Test_Symbol::TestInadvertent#test_iv_get = 0.01 s
[ 5331/26691] Test_Symbol::TestInadvertent#test_respond_to_missing = 0.03 s
[ 5332/26691] Test_Symbol::TestInadvertent#test_module_const_set = 0.02 s
[ 5333/26691] Test_Symbol::TestInadvertent#test_module_const_get = 0.02 s
[ 5334/26691] Test_Symbol::TestInadvertent#test_missing_method = 0.06 s
[ 5335/26691] Test_Symbol::TestInadvertent#test_send_leak_string_custom_method_missing_no_optimizati
on = 0.02 s
[ 5336/26691] Test_Symbol::TestInadvertent#test_module_cvar_set = 0.02 s
[ 5337/26691] Test_Symbol::TestInadvertent#test_invalid_attr_accessor = 0.02 s
[ 5338/26691] Test_Symbol::TestInadvertent#test_execopt_key = 0.01 s
[ 5339/26691] Test_Symbol::TestInadvertent#test_kwarg_symbol_leak_with_rest = 0.01 s
[ 5340/26691] Test_Symbol::TestInadvertent#test_send_leak_symbol_custom_method_missing = 0.01 s
[ 5341/26691] Test_Symbol::TestInadvertent#test_module_define_method_type_error = 0.02 s
[ 5342/26691] Test_Symbol::TestInadvertent#test_thread_variable? = 0.01 s
[ 5343/26691] Test_Symbol::TestInadvertent#test_aliased_method = 0.05 s
[ 5344/26691] Test_Symbol::TestInadvertent#test_invalid_attr_reader = 0.02 s
[ 5345/26691] TestPipe::WithConversion#test_eof_2 = 0.02 s
[ 5346/26691] TestPipe::WithConversion#test_eof_0 = 0.03 s
[ 5347/26691] TestPipe::WithConversion#test_stdout_epipe = 9.02 s
[ 5348/26691] TestPipe::WithConversion#test_eof_0_rw = 0.01 s
[ 5349/26691] TestPipe::WithConversion#test_eof_1 = 0.07 s
[ 5350/26691] TestPipe::WithConversion#test_eof_3 = 0.01 s
[ 5351/26691] TestInteger#test_round = 0.21 s
[ 5352/26691] TestInteger#test_bitwise_and_with_integer_coercion = 0.02 s
[ 5353/26691] TestInteger#test_try_convert = 0.04 s
[ 5354/26691] TestInteger#test_ceildiv = 0.03 s
[ 5355/26691] TestInteger#test_upto = 0.01 s
[ 5356/26691] TestInteger#test_bitwise_or_with_integer_coercion = 0.01 s
[ 5357/26691] TestInteger#test_aref = 663.98 s
[ 5358/26691] TestInteger#test_bit_length = 9.28 s
[ 5359/26691] TestInteger#test_ceil = 0.05 s
[ 5360/26691] TestInteger#test_digits = 0.16 s
[ 5361/26691] TestInteger#test_downto = 0.01 s
[ 5362/26691] TestInteger#test_Integer = 9.06 s
[ 5363/26691] TestInteger#test_pow = 215.41 s
[ 5364/26691] TestInteger#test_square_root = 1.99 s
[ 5365/26691] TestInteger#test_Integer_with_exception_keyword = 8.84 s
[ 5366/26691] TestInteger#test_lshift = 0.03 s
[ 5367/26691] TestInteger#test_digits_for_non_integral_base_numbers = 0.02 s
[ 5368/26691] TestInteger#test_succ = 0.01 s
[ 5369/26691] TestInteger#test_obj_fdiv = 0.01 s
[ 5370/26691] TestInteger#test_bitwise_xor_with_integer_coercion = 0.02 s
[ 5371/26691] TestInteger#test_digits_for_invalid_base_numbers = 0.02 s
[ 5372/26691] TestInteger#test_fdiv = 0.23 s
[ 5373/26691] TestInteger#test_Integer_with_invalid_exception = 0.01 s
[ 5374/26691] TestInteger#test_bitwise_or_with_integer_mimic_object = 0.02 s
[ 5375/26691] TestInteger#test_times_bignum_redefine_plus_lt = 8.85 s
[ 5376/26691] TestInteger#test_int_p = 0.01 s
[ 5377/26691] TestInteger#test_digits_for_non_numeric_base_argument = 0.02 s
[ 5378/26691] TestInteger#test_digits_for_negative_numbers = 0.02 s
[ 5379/26691] TestInteger#test_Integer_with_base = 0.05 s
[ 5380/26691] TestInteger#test_Integer_when_to_str = 0.01 s
[ 5381/26691] TestInteger#test_times = 0.01 s
[ 5382/26691] TestInteger#test_truncate = 0.05 s
[ 5383/26691] TestInteger#test_floor = 0.06 s
[ 5384/26691] TestInteger#test_rshift = 0.01 s
[ 5385/26691] TestInteger#test_bitwise_xor_with_integer_mimic_object = 0.02 s
[ 5386/26691] TestInteger#test_chr = 0.10 s
[ 5387/26691] TestInteger#test_bitwise_and_with_integer_mimic_object = 0.01 s
[ 5388/26691] Prism::NewlineOffsetsTest#"test_global_variables.txt" = 0.11 s
[ 5389/26691] Prism::NewlineOffsetsTest#"test_whitequark/space_args_block.txt" = 0.02 s
[ 5390/26691] Prism::NewlineOffsetsTest#"test_seattlerb/parse_line_defn_complex.txt" = 0.02 s
[ 5391/26691] Prism::NewlineOffsetsTest#"test_seattlerb/iter_args_7_2.txt" = 0.02 s
[ 5392/26691] Prism::NewlineOffsetsTest#"test_seattlerb/call_assoc_new.txt" = 0.01 s
[ 5393/26691] Prism::NewlineOffsetsTest#"test_seattlerb/safe_calls.txt" = 0.02 s
[ 5394/26691] Prism::NewlineOffsetsTest#"test_whitequark/send_index_legacy.txt" = 0.02 s
[ 5395/26691] Prism::NewlineOffsetsTest#"test_whitequark/space_args_arg_block.txt" = 0.02 s
[ 5396/26691] Prism::NewlineOffsetsTest#"test_seattlerb/block_call_defn_call_block_call.txt" = 0.02
s
[ 5397/26691] Prism::NewlineOffsetsTest#"test_whitequark/bug_lambda_leakage.txt" = 0.02 s
[ 5398/26691] Prism::NewlineOffsetsTest#"test_seattlerb/mlhs_front_anonsplat.txt" = 0.02 s
[ 5399/26691] Prism::NewlineOffsetsTest#"test_seattlerb/const_op_asgn_and1.txt" = 0.02 s
[ 5400/26691] Prism::NewlineOffsetsTest#"test_seattlerb/parse_line_str_with_newline_escape.txt" = 0.
02 s
[ 5401/26691] Prism::NewlineOffsetsTest#"test_whitequark/ruby_bug_11107.txt" = 0.02 s
[ 5402/26691] Prism::NewlineOffsetsTest#"test_whitequark/args_args_assocs.txt" = 0.02 s
[ 5403/26691] Prism::NewlineOffsetsTest#"test_seattlerb/defn_arg_asplat_arg.txt" = 0.01 s
[ 5404/26691] Prism::NewlineOffsetsTest#"test_seattlerb/defn_kwarg_env.txt" = 0.02 s
[ 5405/26691] Prism::NewlineOffsetsTest#"test_methods.txt" = 0.24 s
[ 5406/26691] Prism::NewlineOffsetsTest#"test_whitequark/hash_hashrocket.txt" = 0.02 s
[ 5407/26691] Prism::NewlineOffsetsTest#"test_seattlerb/defs_oneliner_rescue.txt" = 0.03 s
[ 5408/26691] Prism::NewlineOffsetsTest#"test_unparser/corpus/literal/kwbegin.txt" = 0.08 s
[ 5409/26691] Prism::NewlineOffsetsTest#"test_xstring_with_backslash.txt" = 0.01 s
[ 5410/26691] Prism::NewlineOffsetsTest#"test_until.txt" = 0.03 s
[ 5411/26691] Prism::NewlineOffsetsTest#"test_seattlerb/index_0_opasgn.txt" = 0.02 s
[ 5412/26691] Prism::NewlineOffsetsTest#"test_whitequark/forwarded_argument_with_restarg.txt" = 0.02
 s
[ 5413/26691] Prism::NewlineOffsetsTest#"test_seattlerb/block_args_opt1.txt" = 0.02 s
[ 5414/26691] Prism::NewlineOffsetsTest#"test_lambda.txt" = 0.04 s
[ 5415/26691] Prism::NewlineOffsetsTest#"test_seattlerb/block_kwarg_lvar.txt" = 0.02 s
[ 5416/26691] Prism::NewlineOffsetsTest#"test_seattlerb/masgn_arg_colon_arg.txt" = 0.02 s
[ 5417/26691] Prism::NewlineOffsetsTest#"test_seattlerb/defn_oneliner_eq2.txt" = 0.02 s
[ 5418/26691] Prism::NewlineOffsetsTest#"test_seattlerb/parse_if_not_noncanonical.txt" = 0.02 s
[ 5419/26691] Prism::NewlineOffsetsTest#"test_seattlerb/f_kw__required.txt" = 0.01 s
[ 5420/26691] Prism::NewlineOffsetsTest#"test_seattlerb/bug_cond_pct.txt" = 0.02 s
[ 5421/26691] Prism::NewlineOffsetsTest#"test_whitequark/bang_cmd.txt" = 0.02 s
[ 5422/26691] Prism::NewlineOffsetsTest#"test_seattlerb/rescue_do_end_ensure_result.txt" = 0.02 s
[ 5423/26691] Prism::NewlineOffsetsTest#"test_seattlerb/case_in_86.txt" = 0.02 s
[ 5424/26691] Prism::NewlineOffsetsTest#"test_seattlerb/dstr_lex_state.txt" = 0.02 s
[ 5425/26691] Prism::NewlineOffsetsTest#"test_whitequark/super.txt" = 0.02 s
[ 5426/26691] Prism::NewlineOffsetsTest#"test_seattlerb/cond_unary_minus.txt" = 0.01 s
[ 5427/26691] Prism::NewlineOffsetsTest#"test_whitequark/not_masgn__24.txt" = 0.02 s
[ 5428/26691] Prism::NewlineOffsetsTest#"test_whitequark/hash_label.txt" = 0.01 s
[ 5429/26691] Prism::NewlineOffsetsTest#"test_seattlerb/heredoc_squiggly_empty.txt" = 0.02 s
[ 5430/26691] Prism::NewlineOffsetsTest#"test_seattlerb/iter_kwarg.txt" = 0.02 s
[ 5431/26691] Prism::NewlineOffsetsTest#"test_seattlerb/qw_escape_term.txt" = 0.01 s
[ 5432/26691] Prism::NewlineOffsetsTest#"test_seattlerb/block_splat_reg.txt" = 0.02 s
[ 5433/26691] Prism::NewlineOffsetsTest#"test_seattlerb/thingy.txt" = 0.02 s
[ 5434/26691] Prism::NewlineOffsetsTest#"test_seattlerb/masgn_arg_splat_arg.txt" = 0.02 s
[ 5435/26691] Prism::NewlineOffsetsTest#"test_seattlerb/parse_while_not_noncanonical.txt" = 0.02 s
[ 5436/26691] Prism::NewlineOffsetsTest#"test_seattlerb/pipe_space.txt" = 0.02 s
[ 5437/26691] Prism::NewlineOffsetsTest#"test_strings.txt" = 0.12 s
[ 5438/26691] Prism::NewlineOffsetsTest#"test_seattlerb/bug_249.txt" = 0.02 s
[ 5439/26691] Prism::NewlineOffsetsTest#"test_seattlerb/dot2_nil__26.txt" = 0.02 s
[ 5440/26691] Prism::NewlineOffsetsTest#"test_seattlerb/defn_kwarg_kwsplat_anon.txt" = 0.02 s
[ 5441/26691] Prism::NewlineOffsetsTest#"test_heredoc_with_trailing_newline.txt" = 0.01 s
[ 5442/26691] Prism::NewlineOffsetsTest#"test_whitequark/parser_bug_507.txt" = 0.02 s
[ 5443/26691] Prism::NewlineOffsetsTest#"test_seattlerb/begin_ensure_no_bodies.txt" = 0.01 s
[ 5444/26691] Prism::NewlineOffsetsTest#"test_seattlerb/defn_oneliner.txt" = 0.02 s
[ 5445/26691] Prism::NewlineOffsetsTest#"test_seattlerb/parse_line_dot2_open.txt" = 0.02 s
[ 5446/26691] Prism::NewlineOffsetsTest#"test_whitequark/var_or_asgn.txt" = 0.01 s
[ 5447/26691] Prism::NewlineOffsetsTest#"test_seattlerb/bug_args_masgn_outer_parens__19.txt" = 0.02
s
[ 5448/26691] Prism::NewlineOffsetsTest#"test_unparser/corpus/literal/send.txt" = 0.17 s
[ 5449/26691] Prism::NewlineOffsetsTest#"test_seattlerb/in_expr_no_case.txt" = 0.01 s
[ 5450/26691] Prism::NewlineOffsetsTest#"test_seattlerb/rhs_asgn.txt" = 0.01 s
[ 5451/26691] Prism::NewlineOffsetsTest#"test_seattlerb/difficult7_.txt" = 0.02 s
[ 5452/26691] Prism::NewlineOffsetsTest#"test_newline_terminated.txt" = 0.04 s
[ 5453/26691] Prism::NewlineOffsetsTest#"test_seattlerb/method_call_trailing_comma.txt" = 0.02 s
[ 5454/26691] Prism::NewlineOffsetsTest#"test_seattlerb/safe_call_newline.txt" = 0.02 s
[ 5455/26691] Prism::NewlineOffsetsTest#"test_seattlerb/difficult3__9.txt" = 0.02 s
[ 5456/26691] Prism::NewlineOffsetsTest#"test_whitequark/optarg.txt" = 0.02 s
[ 5457/26691] Prism::NewlineOffsetsTest#"test_whitequark/slash_newline_in_heredocs.txt" = 0.02 s
[ 5458/26691] Prism::NewlineOffsetsTest#"test_whitequark/sclass.txt" = 0.01 s
[ 5459/26691] Prism::NewlineOffsetsTest#"test_seattlerb/defn_kwarg_lvar.txt" = 0.02 s
[ 5460/26691] Prism::NewlineOffsetsTest#"test_seattlerb/parse_line_call_no_args.txt" = 0.02 s
[ 5461/26691] Prism::NewlineOffsetsTest#"test_whitequark/dedenting_heredoc.txt" = 0.07 s
[ 5462/26691] Prism::NewlineOffsetsTest#"test_seattlerb/case_in_find.txt" = 0.02 s
[ 5463/26691] Prism::NewlineOffsetsTest#"test_seattlerb/qwords_empty.txt" = 0.01 s
[ 5464/26691] Prism::NewlineOffsetsTest#"test_whitequark/cvar.txt" = 0.01 s
[ 5465/26691] Prism::NewlineOffsetsTest#"test_seattlerb/bug_215.txt" = 0.01 s
[ 5466/26691] Prism::NewlineOffsetsTest#"test_whitequark/send_index_asgn.txt" = 0.02 s
[ 5467/26691] Prism::NewlineOffsetsTest#"test_ternary_operator.txt" = 0.04 s
[ 5468/26691] Prism::NewlineOffsetsTest#"test_seattlerb/parse_if_not_canonical.txt" = 0.02 s
[ 5469/26691] Prism::NewlineOffsetsTest#"test_seattlerb/qWords_space.txt" = 0.01 s
[ 5470/26691] Prism::NewlineOffsetsTest#"test_boolean_operators.txt" = 0.02 s
[ 5471/26691] Prism::NewlineOffsetsTest#"test_seattlerb/block_arg_opt_arg_block.txt" = 0.02 s
[ 5472/26691] Prism::NewlineOffsetsTest#"test_whitequark/string_concat.txt" = 0.02 s
[ 5473/26691] Prism::NewlineOffsetsTest#"test_whitequark/masgn_nested.txt" = 0.02 s
[ 5474/26691] Prism::NewlineOffsetsTest#"test_nils.txt" = 0.02 s
[ 5475/26691] Prism::NewlineOffsetsTest#"test_seattlerb/dot3_nil__26.txt" = 0.02 s
[ 5476/26691] Prism::NewlineOffsetsTest#"test_seattlerb/dstr_evstr.txt" = 0.02 s
[ 5477/26691] Prism::NewlineOffsetsTest#"test_whitequark/forwarded_restarg.txt" = 0.02 s
[ 5478/26691] Prism::NewlineOffsetsTest#"test_whitequark/class_super_label.txt" = 0.02 s
[ 5479/26691] Prism::NewlineOffsetsTest#"test_whitequark/send_index.txt" = 0.01 s
[ 5480/26691] Prism::NewlineOffsetsTest#"test_seattlerb/block_command_operation_dot.txt" = 0.02 s
[ 5481/26691] Prism::NewlineOffsetsTest#"test_seattlerb/heredoc_with_extra_carriage_horrible_mix.txt
" = 0.02 s
[ 5482/26691] Prism::NewlineOffsetsTest#"test_unparser/corpus/semantic/block.txt" = 0.04 s
[ 5483/26691] Prism::NewlineOffsetsTest#"test_whitequark/ruby_bug_14690.txt" = 0.02 s
[ 5484/26691] Prism::NewlineOffsetsTest#"test_range_end_open_exclusive.txt" = 0.01 s
[ 5485/26691] Prism::NewlineOffsetsTest#"test_seattlerb/case_in_else.txt" = 0.02 s
[ 5486/26691] Prism::NewlineOffsetsTest#"test_heredocs_with_ignored_newlines.txt" = 0.02 s
[ 5487/26691] Prism::NewlineOffsetsTest#"test_dsym_str.txt" = 0.02 s
[ 5488/26691] Prism::NewlineOffsetsTest#"test_next.txt" = 0.05 s
[ 5489/26691] Prism::NewlineOffsetsTest#"test_whitequark/op_asgn_index_cmd.txt" = 0.02 s
[ 5490/26691] Prism::NewlineOffsetsTest#"test_whitequark/bug_cmd_string_lookahead.txt" = 0.01 s
[ 5491/26691] Prism::NewlineOffsetsTest#"test_seattlerb/call_not.txt" = 0.01 s
[ 5492/26691] Prism::NewlineOffsetsTest#"test_seattlerb/call_trailing_comma.txt" = 0.01 s
[ 5493/26691] Prism::NewlineOffsetsTest#"test_dstring.txt" = 0.03 s
[ 5494/26691] Prism::NewlineOffsetsTest#"test_whitequark/send_op_asgn_conditional.txt" = 0.01 s
[ 5495/26691] Prism::NewlineOffsetsTest#"test_seattlerb/integer_with_if_modifier.txt" = 0.02 s
[ 5496/26691] Prism::NewlineOffsetsTest#"test_unparser/corpus/literal/since/30.txt" = 0.02 s
[ 5497/26691] Prism::NewlineOffsetsTest#"test_seattlerb/block_decomp_anon_splat_arg.txt" = 0.02 s
[ 5498/26691] Prism::NewlineOffsetsTest#"test_seattlerb/regexp_esc_C_slash.txt" = 0.01 s
[ 5499/26691] Prism::NewlineOffsetsTest#"test_unless.txt" = 0.03 s
[ 5500/26691] Prism::NewlineOffsetsTest#"test_whitequark/hash_empty.txt" = 0.01 s
[ 5501/26691] Prism::NewlineOffsetsTest#"test_seattlerb/call_env.txt" = 0.01 s
[ 5502/26691] Prism::NewlineOffsetsTest#"test_seattlerb/defn_oneliner_noargs_parentheses.txt" = 0.02
 s
[ 5503/26691] Prism::NewlineOffsetsTest#"test_seattlerb/masgn_splat_arg.txt" = 0.02 s
[ 5504/26691] Prism::NewlineOffsetsTest#"test_seattlerb/masgn_anon_splat_arg.txt" = 0.02 s
[ 5505/26691] Prism::NewlineOffsetsTest#"test_seattlerb/iter_args_9_2.txt" = 0.02 s
[ 5506/26691] Prism::NewlineOffsetsTest#"test_seattlerb/call_unary_bang.txt" = 0.01 s
[ 5507/26691] Prism::NewlineOffsetsTest#"test_whitequark/zsuper.txt" = 0.01 s
[ 5508/26691] Prism::NewlineOffsetsTest#"test_whitequark/trailing_forward_arg.txt" = 0.02 s
[ 5509/26691] Prism::NewlineOffsetsTest#"test_whitequark/bug_cmdarg.txt" = 0.02 s
[ 5510/26691] Prism::NewlineOffsetsTest#"test_seattlerb/parse_def_special_name.txt" = 0.01 s
[ 5511/26691] Prism::NewlineOffsetsTest#"test_seattlerb/multiline_hash_declaration.txt" = 0.02 s
[ 5512/26691] Prism::NewlineOffsetsTest#"test_seattlerb/block_arg_opt_splat.txt" = 0.02 s
[ 5513/26691] Prism::NewlineOffsetsTest#"test_spanning_heredoc.txt" = 0.08 s
[ 5514/26691] Prism::NewlineOffsetsTest#"test_whitequark/character.txt" = 0.01 s
[ 5515/26691] Prism::NewlineOffsetsTest#"test_whitequark/ambiuous_quoted_label_in_ternary_operator.t
xt" = 0.02 s
[ 5516/26691] Prism::NewlineOffsetsTest#"test_whitequark/nil_expression.txt" = 0.01 s
[ 5517/26691] Prism::NewlineOffsetsTest#"test_unparser/corpus/literal/assignment.txt" = 0.11 s
[ 5518/26691] Prism::NewlineOffsetsTest#"test_seattlerb/call_colon_parens.txt" = 0.01 s
[ 5519/26691] Prism::NewlineOffsetsTest#"test_whitequark/send_block_chain_cmd.txt" = 0.04 s
[ 5520/26691] Prism::NewlineOffsetsTest#"test_whitequark/args_star.txt" = 0.02 s
[ 5521/26691] Prism::NewlineOffsetsTest#"test_unparser/corpus/literal/opasgn.txt" = 0.05 s
[ 5522/26691] Prism::NewlineOffsetsTest#"test_seattlerb/defn_endless_command_rescue.txt" = 0.02 s
[ 5523/26691] Prism::NewlineOffsetsTest#"test_seattlerb/alias_resword.txt" = 0.01 s
[ 5524/26691] Prism::NewlineOffsetsTest#"test_symbols.txt" = 0.10 s
[ 5525/26691] Prism::NewlineOffsetsTest#"test_whitequark/args_args_star.txt" = 0.02 s
[ 5526/26691] Prism::NewlineOffsetsTest#"test_whitequark/ivar.txt" = 0.01 s
[ 5527/26691] Prism::NewlineOffsetsTest#"test_seattlerb/block_decomp_arg_splat.txt" = 0.02 s
[ 5528/26691] Prism::NewlineOffsetsTest#"test_not.txt" = 0.04 s
[ 5529/26691] Prism::NewlineOffsetsTest#"test_seattlerb/bug_hash_interp_array.txt" = 0.02 s
[ 5530/26691] Prism::NewlineOffsetsTest#"test_whitequark/xstring_plain.txt" = 0.01 s
[ 5531/26691] Prism::NewlineOffsetsTest#"test_seattlerb/masgn_colon3.txt" = 0.02 s
[ 5532/26691] Prism::NewlineOffsetsTest#"test_whitequark/bug_481.txt" = 0.02 s
[ 5533/26691] Prism::NewlineOffsetsTest#"test_seattlerb/iter_args_11_1.txt" = 0.02 s
[ 5534/26691] Prism::NewlineOffsetsTest#"test_whitequark/non_lvar_injecting_match.txt" = 0.02 s
[ 5535/26691] Prism::NewlineOffsetsTest#"test_repeat_parameters.txt" = 0.06 s
[ 5536/26691] Prism::NewlineOffsetsTest#"test_seattlerb/difficult2_.txt" = 0.02 s
[ 5537/26691] Prism::NewlineOffsetsTest#"test_unparser/corpus/literal/class.txt" = 0.04 s
[ 5538/26691] Prism::NewlineOffsetsTest#"test_whitequark/rescue.txt" = 0.02 s
[ 5539/26691] Prism::NewlineOffsetsTest#"test_whitequark/array_words_interp.txt" = 0.02 s
[ 5540/26691] Prism::NewlineOffsetsTest#"test_whitequark/ruby_bug_15789.txt" = 0.02 s
[ 5541/26691] Prism::NewlineOffsetsTest#"test_whitequark/casgn_toplevel.txt" = 0.01 s
[ 5542/26691] Prism::NewlineOffsetsTest#"test_whitequark/dedenting_interpolating_heredoc_fake_line_c
ontinuation.txt" = 0.02 s
[ 5543/26691] Prism::NewlineOffsetsTest#"test_seattlerb/difficult3__12.txt" = 0.02 s
[ 5544/26691] Prism::NewlineOffsetsTest#"test_seattlerb/bug_not_parens.txt" = 0.01 s
[ 5545/26691] Prism::NewlineOffsetsTest#"test_whitequark/args_args_assocs_comma.txt" = 0.02 s
[ 5546/26691] Prism::NewlineOffsetsTest#"test_seattlerb/block_decomp_arg_splat_arg.txt" = 0.02 s
[ 5547/26691] Prism::NewlineOffsetsTest#"test_seattlerb/parse_pattern_076.txt" = 0.02 s
[ 5548/26691] Prism::NewlineOffsetsTest#"test_heredoc_with_carriage_returns.txt" = 0.01 s
[ 5549/26691] Prism::NewlineOffsetsTest#"test_seattlerb/uminus_float.txt" = 0.02 s
[ 5550/26691] Prism::NewlineOffsetsTest#"test_whitequark/regex_interp.txt" = 0.02 s
[ 5551/26691] Prism::NewlineOffsetsTest#"test_whitequark/if_masgn__24.txt" = 0.02 s
[ 5552/26691] Prism::NewlineOffsetsTest#"test_seattlerb/pipe_semicolon.txt" = 0.02 s
[ 5553/26691] Prism::NewlineOffsetsTest#"test_seattlerb/difficult6__7.txt" = 0.02 s
[ 5554/26691] Prism::NewlineOffsetsTest#"test_seattlerb/eq_begin_line_numbers.txt" = 0.02 s
[ 5555/26691] Prism::NewlineOffsetsTest#"test_seattlerb/defn_kwarg_val.txt" = 0.02 s
[ 5556/26691] Prism::NewlineOffsetsTest#"test_unparser/corpus/literal/range.txt" = 0.02 s
[ 5557/26691] Prism::NewlineOffsetsTest#"test_seattlerb/call_div.txt" = 0.02 s
[ 5558/26691] Prism::NewlineOffsetsTest#"test_seattlerb/rescue_do_end_rescued.txt" = 0.02 s
[ 5559/26691] Prism::NewlineOffsetsTest#"test_unparser/corpus/literal/dstr.txt" = 0.06 s
[ 5560/26691] Prism::NewlineOffsetsTest#"test_dash_heredocs.txt" = 0.06 s
[ 5561/26691] Prism::NewlineOffsetsTest#"test_whitequark/arg_label.txt" = 0.02 s
[ 5562/26691] Prism::NewlineOffsetsTest#"test_seattlerb/case_in_array_pat_paren_assign.txt" = 0.02 s
[ 5563/26691] Prism::NewlineOffsetsTest#"test_seattlerb/bug169.txt" = 0.01 s
[ 5564/26691] Prism::NewlineOffsetsTest#"test_whitequark/send_attr_asgn.txt" = 0.02 s
[ 5565/26691] Prism::NewlineOffsetsTest#"test_whitequark/casgn_scoped.txt" = 0.01 s
[ 5566/26691] Prism::NewlineOffsetsTest#"test_unparser/corpus/literal/undef.txt" = 0.02 s
[ 5567/26691] Prism::NewlineOffsetsTest#"test_whitequark/defined.txt" = 0.02 s
[ 5568/26691] Prism::NewlineOffsetsTest#"test_unparser/corpus/literal/empty_begin.txt" = 0.01 s
[ 5569/26691] Prism::NewlineOffsetsTest#"test_whitequark/rescue_without_begin_end.txt" = 0.02 s
[ 5570/26691] Prism::NewlineOffsetsTest#"test_whitequark/send_lambda_args_shadow.txt" = 0.02 s
[ 5571/26691] Prism::NewlineOffsetsTest#"test_whitequark/if_nl_then.txt" = 0.02 s
[ 5572/26691] Prism::NewlineOffsetsTest#"test_seattlerb/unary_plus.txt" = 0.01 s
[ 5573/26691] Prism::NewlineOffsetsTest#"test_xstring.txt" = 0.02 s
[ 5574/26691] Prism::NewlineOffsetsTest#"test_whitequark/ruby_bug_11380.txt" = 0.02 s
[ 5575/26691] Prism::NewlineOffsetsTest#"test_seattlerb/difficult1_line_numbers.txt" = 0.04 s
[ 5576/26691] Prism::NewlineOffsetsTest#"test_whitequark/for.txt" = 0.02 s
[ 5577/26691] Prism::NewlineOffsetsTest#"test_seattlerb/str_backslashes.txt" = 0.01 s
[ 5578/26691] Prism::NewlineOffsetsTest#"test_seattlerb/parse_until_not_noncanonical.txt" = 0.02 s
[ 5579/26691] Prism::NewlineOffsetsTest#"test_seattlerb/parse_line_multiline_str_literal_n.txt" = 0.
02 s
[ 5580/26691] Prism::NewlineOffsetsTest#"test_seattlerb/rescue_do_end_no_raise.txt" = 0.02 s
[ 5581/26691] Prism::NewlineOffsetsTest#"test_whitequark/send_index_cmd.txt" = 0.02 s
[ 5582/26691] Prism::NewlineOffsetsTest#"test_seattlerb/heredoc_backslash_nl.txt" = 0.02 s
[ 5583/26691] Prism::NewlineOffsetsTest#"test_seattlerb/attrasgn_array_lhs.txt" = 0.02 s
[ 5584/26691] Prism::NewlineOffsetsTest#"test_whitequark/lparenarg_after_lvar__since_25.txt" = 0.02
s
[ 5585/26691] Prism::NewlineOffsetsTest#"test_seattlerb/dsym_to_sym.txt" = 0.02 s
[ 5586/26691] Prism::NewlineOffsetsTest#"test_arrays.txt" = 0.17 s
[ 5587/26691] Prism::NewlineOffsetsTest#"test_seattlerb/op_asgn_primary_colon_identifier1.txt" = 0.0
1 s
[ 5588/26691] Prism::NewlineOffsetsTest#"test_seattlerb/str_double_escaped_newline.txt" = 0.02 s
[ 5589/26691] Prism::NewlineOffsetsTest#"test_whitequark/bug_do_block_in_call_args.txt" = 0.02 s
[ 5590/26691] Prism::NewlineOffsetsTest#"test_seattlerb/call_stabby_do_end_with_block.txt" = 0.02 s
[ 5591/26691] Prism::NewlineOffsetsTest#"test_seattlerb/begin_rescue_else_ensure_no_bodies.txt" = 0.
02 s
[ 5592/26691] Prism::NewlineOffsetsTest#"test_whitequark/cond_begin.txt" = 0.02 s
[ 5593/26691] Prism::NewlineOffsetsTest#"test_unparser/corpus/literal/hookexe.txt" = 0.02 s
[ 5594/26691] Prism::NewlineOffsetsTest#"test_seattlerb/parse_line_rescue.txt" = 0.02 s
[ 5595/26691] Prism::NewlineOffsetsTest#"test_whitequark/array_words.txt" = 0.01 s
[ 5596/26691] Prism::NewlineOffsetsTest#"test_seattlerb/BEGIN.txt" = 0.01 s
[ 5597/26691] Prism::NewlineOffsetsTest#"test_seattlerb/mlhs_keyword.txt" = 0.01 s
[ 5598/26691] Prism::NewlineOffsetsTest#"test_seattlerb/heredoc_trailing_slash_continued_call.txt" =
 0.02 s
[ 5599/26691] Prism::NewlineOffsetsTest#"test_whitequark/rescue_mod_asgn.txt" = 0.02 s
[ 5600/26691] Prism::NewlineOffsetsTest#"test_whitequark/arg_duplicate_ignored.txt" = 0.02 s
[ 5601/26691] Prism::NewlineOffsetsTest#"test_seattlerb/defs_kwarg.txt" = 0.02 s
[ 5602/26691] Prism::NewlineOffsetsTest#"test_seattlerb/iter_args_4.txt" = 0.02 s
[ 5603/26691] Prism::NewlineOffsetsTest#"test_whitequark/true.txt" = 0.01 s
[ 5604/26691] Prism::NewlineOffsetsTest#"test_seattlerb/qw_escape.txt" = 0.01 s
[ 5605/26691] Prism::NewlineOffsetsTest#"test_seattlerb/op_asgn_primary_colon_const_command_call.txt
" = 0.02 s
[ 5606/26691] Prism::NewlineOffsetsTest#"test_seattlerb/masgn_splat_arg_arg.txt" = 0.02 s
[ 5607/26691] Prism::NewlineOffsetsTest#"test_whitequark/send_plain_cmd.txt" = 0.02 s
[ 5608/26691] Prism::NewlineOffsetsTest#"test_whitequark/when_then.txt" = 0.02 s
[ 5609/26691] Prism::NewlineOffsetsTest#"test_whitequark/keyword_argument_omission.txt" = 0.02 s
[ 5610/26691] Prism::NewlineOffsetsTest#"test_whitequark/symbol_plain.txt" = 0.02 s
[ 5611/26691] Prism::NewlineOffsetsTest#"test_seattlerb/unary_plus_on_literal.txt" = 0.01 s
[ 5612/26691] Prism::NewlineOffsetsTest#"test_whitequark/rescue_mod_masgn.txt" = 0.02 s
[ 5613/26691] Prism::NewlineOffsetsTest#"test_seattlerb/call_array_lit_inline_hash.txt" = 0.02 s
[ 5614/26691] Prism::NewlineOffsetsTest#"test_seattlerb/str_newline_hash_line_number.txt" = 0.02 s
[ 5615/26691] Prism::NewlineOffsetsTest#"test_whitequark/bang.txt" = 0.01 s
[ 5616/26691] Prism::NewlineOffsetsTest#"test_seattlerb/difficult3_3.txt" = 0.02 s
[ 5617/26691] Prism::NewlineOffsetsTest#"test_heredocs_with_ignored_newlines_and_non_empty.txt" = 0.
01 s
[ 5618/26691] Prism::NewlineOffsetsTest#"test_seattlerb/defn_forward_args__no_parens.txt" = 0.02 s
[ 5619/26691] Prism::NewlineOffsetsTest#"test_whitequark/if.txt" = 0.02 s
[ 5620/26691] Prism::NewlineOffsetsTest#"test_whitequark/pattern_matching_single_line_allowed_omissi
on_of_parentheses.txt" = 0.04 s
[ 5621/26691] Prism::NewlineOffsetsTest#"test_whitequark/__ENCODING__.txt" = 0.01 s
[ 5622/26691] Prism::NewlineOffsetsTest#"test_whitequark/unless_else.txt" = 0.02 s
[ 5623/26691] Prism::NewlineOffsetsTest#"test_seattlerb/defn_kwarg_kwarg.txt" = 0.02 s
[ 5624/26691] Prism::NewlineOffsetsTest#"test_seattlerb/block_call_dot_op2_cmd_args_do_block.txt" =
0.02 s
[ 5625/26691] Prism::NewlineOffsetsTest#"test_integer_operations.txt" = 0.09 s
[ 5626/26691] Prism::NewlineOffsetsTest#"test_seattlerb/block_arg_kwsplat.txt" = 0.02 s
[ 5627/26691] Prism::NewlineOffsetsTest#"test_whitequark/and_asgn.txt" = 0.02 s
[ 5628/26691] Prism::NewlineOffsetsTest#"test_seattlerb/case_in_array_pat_const2.txt" = 0.02 s
[ 5629/26691] Prism::NewlineOffsetsTest#"test_whitequark/when_multi.txt" = 0.02 s
[ 5630/26691] Prism::NewlineOffsetsTest#"test_seattlerb/symbols.txt" = 0.01 s
[ 5631/26691] Prism::NewlineOffsetsTest#"test_seattlerb/parse_line_iter_call_parens.txt" = 0.02 s
[ 5632/26691] Prism::NewlineOffsetsTest#"test_seattlerb/heredoc_nested.txt" = 0.02 s
[ 5633/26691] Prism::NewlineOffsetsTest#"test_whitequark/args_args_comma.txt" = 0.02 s
[ 5634/26691] Prism::NewlineOffsetsTest#"test_seattlerb/safe_op_asgn.txt" = 0.02 s
[ 5635/26691] Prism::NewlineOffsetsTest#"test_whitequark/array_words_empty.txt" = 0.01 s
[ 5636/26691] Prism::NewlineOffsetsTest#"test_keywords.txt" = 0.02 s
[ 5637/26691] Prism::NewlineOffsetsTest#"test_whitequark/hash_label_end.txt" = 0.02 s
[ 5638/26691] Prism::NewlineOffsetsTest#"test_whitequark/send_self_block.txt" = 0.02 s
[ 5639/26691] Prism::NewlineOffsetsTest#"test_range_end_open_inclusive.txt" = 0.01 s
[ 5640/26691] Prism::NewlineOffsetsTest#"test_seattlerb/stabby_block_kw__required.txt" = 0.01 s
[ 5641/26691] Prism::NewlineOffsetsTest#"test_seattlerb/bug_hash_args_trailing_comma.txt" = 0.02 s
[ 5642/26691] Prism::NewlineOffsetsTest#"test_seattlerb/quoted_symbol_hash_arg.txt" = 0.02 s
[ 5643/26691] Prism::NewlineOffsetsTest#"test_seattlerb/difficult3__6.txt" = 0.02 s
[ 5644/26691] Prism::NewlineOffsetsTest#"test_whitequark/ruby_bug_12669.txt" = 0.02 s
[ 5645/26691] Prism::NewlineOffsetsTest#"test_whitequark/__ENCODING___legacy_.txt" = 0.01 s
[ 5646/26691] Prism::NewlineOffsetsTest#"test_whitequark/masgn_cmd.txt" = 0.02 s
[ 5647/26691] Prism::NewlineOffsetsTest#"test_defined.txt" = 0.02 s
[ 5648/26691] Prism::NewlineOffsetsTest#"test_whitequark/parser_bug_604.txt" = 0.02 s
[ 5649/26691] Prism::NewlineOffsetsTest#"test_whitequark/kwrestarg_unnamed.txt" = 0.02 s
[ 5650/26691] Prism::NewlineOffsetsTest#"test_seattlerb/heredoc_squiggly_blank_lines.txt" = 0.02 s
[ 5651/26691] Prism::NewlineOffsetsTest#"test_seattlerb/safe_call.txt" = 0.01 s
[ 5652/26691] Prism::NewlineOffsetsTest#"test_seattlerb/case_in_or.txt" = 0.02 s
[ 5653/26691] Prism::NewlineOffsetsTest#"test_whitequark/unless_mod.txt" = 0.02 s
[ 5654/26691] Prism::NewlineOffsetsTest#"test_whitequark/forward_arg_with_open_args.txt" = 0.05 s
[ 5655/26691] Prism::NewlineOffsetsTest#"test_whitequark/send_index_asgn_legacy.txt" = 0.02 s
[ 5656/26691] Prism::NewlineOffsetsTest#"test_heredocs_leading_whitespace.txt" = 0.03 s
[ 5657/26691] Prism::NewlineOffsetsTest#"test_seattlerb/rescue_do_end_raised.txt" = 0.02 s
[ 5658/26691] Prism::NewlineOffsetsTest#"test_seattlerb/begin_rescue_ensure_no_bodies.txt" = 0.02 s
[ 5659/26691] Prism::NewlineOffsetsTest#"test_whitequark/back_ref.txt" = 0.01 s
[ 5660/26691] Prism::NewlineOffsetsTest#"test_seattlerb/case_in_37.txt" = 0.02 s
[ 5661/26691] Prism::NewlineOffsetsTest#"test_seattlerb/parse_line_defn_no_parens_args.txt" = 0.02 s
[ 5662/26691] Prism::NewlineOffsetsTest#"test_whitequark/ternary.txt" = 0.02 s
[ 5663/26691] Prism::NewlineOffsetsTest#"test_seattlerb/words_interp.txt" = 0.01 s
[ 5664/26691] Prism::NewlineOffsetsTest#"test_seattlerb/call_bang_command_call.txt" = 0.02 s
[ 5665/26691] Prism::NewlineOffsetsTest#"test_whitequark/gvasgn.txt" = 0.01 s
[ 5666/26691] Prism::NewlineOffsetsTest#"test_seattlerb/symbols_interp.txt" = 0.01 s
[ 5667/26691] Prism::NewlineOffsetsTest#"test_seattlerb/parse_pattern_058.txt" = 0.02 s
[ 5668/26691] Prism::NewlineOffsetsTest#"test_seattlerb/assoc_label.txt" = 0.01 s
[ 5669/26691] Prism::NewlineOffsetsTest#"test_seattlerb/bug191.txt" = 0.02 s
[ 5670/26691] Prism::NewlineOffsetsTest#"test_seattlerb/defn_reg_opt_reg.txt" = 0.02 s
[ 5671/26691] Prism::NewlineOffsetsTest#"test_unparser/corpus/literal/rescue.txt" = 0.02 s
[ 5672/26691] Prism::NewlineOffsetsTest#"test_seattlerb/const_2_op_asgn_or2.txt" = 0.01 s
[ 5673/26691] Prism::NewlineOffsetsTest#"test_seattlerb/call_arg_assoc.txt" = 0.02 s
[ 5674/26691] Prism::NewlineOffsetsTest#"test_whitequark/while.txt" = 0.02 s
[ 5675/26691] Prism::NewlineOffsetsTest#"test_whitequark/kwnilarg.txt" = 0.02 s
[ 5676/26691] Prism::NewlineOffsetsTest#"test_whitequark/case_expr_else.txt" = 0.02 s
[ 5677/26691] Prism::NewlineOffsetsTest#"test_seattlerb/call_and.txt" = 0.02 s
[ 5678/26691] Prism::NewlineOffsetsTest#"test_seattlerb/block_paren_splat.txt" = 0.02 s
[ 5679/26691] Prism::NewlineOffsetsTest#"test_whitequark/self.txt" = 0.01 s
[ 5680/26691] Prism::NewlineOffsetsTest#"test_whitequark/and_or_masgn.txt" = 0.02 s
[ 5681/26691] Prism::NewlineOffsetsTest#"test_whitequark/postexe.txt" = 0.01 s
[ 5682/26691] Prism::NewlineOffsetsTest#"test_seattlerb/defn_opt_reg.txt" = 0.02 s
[ 5683/26691] Prism::NewlineOffsetsTest#"test_seattlerb/heredoc_with_only_carriage_returns.txt" = 0.
02 s
[ 5684/26691] Prism::NewlineOffsetsTest#"test_method_calls.txt" = 0.23 s
[ 5685/26691] Prism::NewlineOffsetsTest#"test_seattlerb/call_colon2.txt" = 0.01 s
[ 5686/26691] Prism::NewlineOffsetsTest#"test_seattlerb/heredoc_squiggly_visually_blank_lines.txt" =
 0.02 s
[ 5687/26691] Prism::NewlineOffsetsTest#"test_seattlerb/const_op_asgn_or.txt" = 0.01 s
[ 5688/26691] Prism::NewlineOffsetsTest#"test_seattlerb/heredoc_bad_oct_escape.txt" = 0.02 s
[ 5689/26691] Prism::NewlineOffsetsTest#"test_whitequark/if_mod.txt" = 0.02 s
[ 5690/26691] Prism::NewlineOffsetsTest#"test_seattlerb/defn_comments.txt" = 0.02 s
[ 5691/26691] Prism::NewlineOffsetsTest#"test_seattlerb/parse_line_to_ary.txt" = 0.02 s
[ 5692/26691] Prism::NewlineOffsetsTest#"test_whitequark/bug_rescue_empty_else.txt" = 0.01 s
[ 5693/26691] Prism::NewlineOffsetsTest#"test_whitequark/parser_bug_645.txt" = 0.02 s
[ 5694/26691] Prism::NewlineOffsetsTest#"test_emoji_method_calls.txt" = 0.01 s
[ 5695/26691] Prism::NewlineOffsetsTest#"test_whitequark/bug_regex_verification.txt" = 0.01 s
[ 5696/26691] Prism::NewlineOffsetsTest#"test_classes.txt" = 0.05 s
[ 5697/26691] Prism::NewlineOffsetsTest#"test_whitequark/masgn_splat.txt" = 0.04 s
[ 5698/26691] Prism::NewlineOffsetsTest#"test_whitequark/super_block.txt" = 0.02 s
[ 5699/26691] Prism::NewlineOffsetsTest#"test_seattlerb/parse_line_iter_call_no_parens.txt" = 0.02 s
[ 5700/26691] Prism::NewlineOffsetsTest#"test_whitequark/beginless_erange_after_newline.txt" = 0.02
s
[ 5701/26691] Prism::NewlineOffsetsTest#"test_seattlerb/lasgn_call_bracket_rescue_arg.txt" = 0.02 s
[ 5702/26691] Prism::NewlineOffsetsTest#"test_whitequark/ruby_bug_10653.txt" = 0.03 s
[ 5703/26691] Prism::NewlineOffsetsTest#"test_seattlerb/parse_line_dstr_escaped_newline.txt" = 0.02
s
[ 5704/26691] Prism::NewlineOffsetsTest#"test_seattlerb/difficult3__11.txt" = 0.02 s
[ 5705/26691] Prism::NewlineOffsetsTest#"test_seattlerb/bdot2.txt" = 0.02 s
[ 5706/26691] Prism::NewlineOffsetsTest#"test_seattlerb/label_vs_string.txt" = 0.02 s
[ 5707/26691] Prism::NewlineOffsetsTest#"test_whitequark/space_args_arg_call.txt" = 0.02 s
[ 5708/26691] Prism::NewlineOffsetsTest#"test_variables.txt" = 0.07 s
[ 5709/26691] Prism::NewlineOffsetsTest#"test_whitequark/endless_comparison_method.txt" = 0.03 s
[ 5710/26691] Prism::NewlineOffsetsTest#"test_regex_char_width.txt" = 0.02 s
[ 5711/26691] Prism::NewlineOffsetsTest#"test_seattlerb/case_in_42.txt" = 0.02 s
[ 5712/26691] Prism::NewlineOffsetsTest#"test_seattlerb/call_trailing_dots.txt" = 0.02 s
[ 5713/26691] Prism::NewlineOffsetsTest#"test_whitequark/parser_bug_525.txt" = 0.02 s
[ 5714/26691] Prism::NewlineOffsetsTest#"test_whitequark/forward_args_legacy.txt" = 0.02 s
[ 5715/26691] Prism::NewlineOffsetsTest#"test_seattlerb/block_call_operation_dot.txt" = 0.02 s
[ 5716/26691] Prism::NewlineOffsetsTest#"test_seattlerb/parse_line_trailing_newlines.txt" = 0.01 s
[ 5717/26691] Prism::NewlineOffsetsTest#"test_seattlerb/difficult3_4.txt" = 0.02 s
[ 5718/26691] Prism::NewlineOffsetsTest#"test_heredoc_with_escaped_newline_at_start.txt" = 0.02 s
[ 5719/26691] Prism::NewlineOffsetsTest#"test_seattlerb/iter_args_11_2.txt" = 0.02 s
[ 5720/26691] Prism::NewlineOffsetsTest#"test_whitequark/when_splat.txt" = 0.02 s
[ 5721/26691] Prism::NewlineOffsetsTest#"test_whitequark/blockargs.txt" = 0.12 s
[ 5722/26691] Prism::NewlineOffsetsTest#"test_whitequark/restarg_named.txt" = 0.02 s
[ 5723/26691] Prism::NewlineOffsetsTest#"test_indented_file_end.txt" = 0.01 s
[ 5724/26691] Prism::NewlineOffsetsTest#"test_whitequark/if_else.txt" = 0.02 s
[ 5725/26691] Prism::NewlineOffsetsTest#"test_whitequark/string_plain.txt" = 0.02 s
[ 5726/26691] Prism::NewlineOffsetsTest#"test_seattlerb/parse_until_not_canonical.txt" = 0.02 s
[ 5727/26691] Prism::NewlineOffsetsTest#"test_whitequark/lbrace_arg_after_command_args.txt" = 0.02 s
[ 5728/26691] Prism::NewlineOffsetsTest#"test_seattlerb/masgn_star.txt" = 0.01 s
[ 5729/26691] Prism::NewlineOffsetsTest#"test_seattlerb/iter_args_9_1.txt" = 0.02 s
[ 5730/26691] Prism::NewlineOffsetsTest#"test_seattlerb/mlhs_back_splat.txt" = 0.02 s
[ 5731/26691] Prism::NewlineOffsetsTest#"test_whitequark/ruby_bug_11873.txt" = 0.06 s
[ 5732/26691] Prism::NewlineOffsetsTest#"test_whitequark/endless_method.txt" = 0.02 s
[ 5733/26691] Prism::NewlineOffsetsTest#"test_seattlerb/parse_pattern_019.txt" = 0.02 s
[ 5734/26691] Prism::NewlineOffsetsTest#"test_seattlerb/iter_args_3.txt" = 0.02 s
[ 5735/26691] Prism::NewlineOffsetsTest#"test_whitequark/multiple_pattern_matches.txt" = 0.03 s
[ 5736/26691] Prism::NewlineOffsetsTest#"test_seattlerb/str_pct_q.txt" = 0.01 s
[ 5737/26691] Prism::NewlineOffsetsTest#"test_seattlerb/call_gt.txt" = 0.01 s
[ 5738/26691] Prism::NewlineOffsetsTest#"test_seattlerb/block_scope.txt" = 0.01 s
[ 5739/26691] Prism::NewlineOffsetsTest#"test_whitequark/string___FILE__.txt" = 0.01 s
[ 5740/26691] Prism::NewlineOffsetsTest#"test_tilde_heredocs.txt" = 0.09 s
[ 5741/26691] Prism::NewlineOffsetsTest#"test_whitequark/procarg0.txt" = 0.02 s
[ 5742/26691] Prism::NewlineOffsetsTest#"test_whitequark/const_unscoped.txt" = 0.01 s
[ 5743/26691] Prism::NewlineOffsetsTest#"test_whitequark/xstring_interp.txt" = 0.01 s
[ 5744/26691] Prism::NewlineOffsetsTest#"test_seattlerb/bug236.txt" = 0.02 s
[ 5745/26691] Prism::NewlineOffsetsTest#"test_whitequark/or.txt" = 0.02 s
[ 5746/26691] Prism::NewlineOffsetsTest#"test_whitequark/cond_iflipflop.txt" = 0.02 s
[ 5747/26691] Prism::NewlineOffsetsTest#"test_unparser/corpus/literal/def.txt" = 0.15 s
[ 5748/26691] Prism::NewlineOffsetsTest#"test_seattlerb/symbol_empty.txt" = 0.01 s
[ 5749/26691] Prism::NewlineOffsetsTest#"test_seattlerb/defn_endless_command.txt" = 0.02 s
[ 5750/26691] Prism::NewlineOffsetsTest#"test_whitequark/ruby_bug_11990.txt" = 0.02 s
[ 5751/26691] Prism::NewlineOffsetsTest#"test_seattlerb/heredoc_bad_hex_escape.txt" = 0.02 s
[ 5752/26691] Prism::NewlineOffsetsTest#"test_begin_rescue.txt" = 0.09 s
[ 5753/26691] Prism::NewlineOffsetsTest#"test_seattlerb/defn_args_forward_args.txt" = 0.02 s
[ 5754/26691] Prism::NewlineOffsetsTest#"test_unparser/corpus/semantic/opasgn.txt" = 0.02 s
[ 5755/26691] Prism::NewlineOffsetsTest#"test_seattlerb/call_array_arg.txt" = 0.02 s
[ 5756/26691] Prism::NewlineOffsetsTest#"test_whitequark/array_plain.txt" = 0.01 s
[ 5757/26691] Prism::NewlineOffsetsTest#"test_whitequark/gvar.txt" = 0.01 s
[ 5758/26691] Prism::NewlineOffsetsTest#"test_seattlerb/class_comments.txt" = 0.02 s
[ 5759/26691] Prism::NewlineOffsetsTest#"test_seattlerb/block_arg_opt_splat_arg_block_omfg.txt" = 0.
02 s
[ 5760/26691] Prism::NewlineOffsetsTest#"test_seattlerb/str_evstr_escape.txt" = 0.02 s
[ 5761/26691] Prism::NewlineOffsetsTest#"test_whitequark/forward_arg.txt" = 0.02 s
[ 5762/26691] Prism::NewlineOffsetsTest#"test_whitequark/var_op_asgn.txt" = 0.02 s
[ 5763/26691] Prism::NewlineOffsetsTest#"test_seattlerb/call_carat.txt" = 0.01 s
[ 5764/26691] Prism::NewlineOffsetsTest#"test_seattlerb/backticks_interpolation_line.txt" = 0.02 s
[ 5765/26691] Prism::NewlineOffsetsTest#"test_seattlerb/attrasgn_array_arg.txt" = 0.02 s
[ 5766/26691] Prism::NewlineOffsetsTest#"test_whitequark/return.txt" = 0.02 s
[ 5767/26691] Prism::NewlineOffsetsTest#"test_whitequark/anonymous_blockarg.txt" = 0.02 s
[ 5768/26691] Prism::NewlineOffsetsTest#"test_seattlerb/defn_kwarg_kwsplat.txt" = 0.01 s
[ 5769/26691] Prism::NewlineOffsetsTest#"test_seattlerb/bug202.txt" = 0.02 s
[ 5770/26691] Prism::NewlineOffsetsTest#"test_seattlerb/bug_masgn_right.txt" = 0.02 s
[ 5771/26691] Prism::NewlineOffsetsTest#"test_seattlerb/mlhs_back_anonsplat.txt" = 0.02 s
[ 5772/26691] Prism::NewlineOffsetsTest#"test_seattlerb/heredoc_squiggly_blank_line_plus_interpolati
on.txt" = 0.02 s
[ 5773/26691] Prism::NewlineOffsetsTest#"test_seattlerb/block_args_no_kwargs.txt" = 0.02 s
[ 5774/26691] Prism::NewlineOffsetsTest#"test_whitequark/array_symbols_empty.txt" = 0.01 s
[ 5775/26691] Prism::NewlineOffsetsTest#"test_booleans.txt" = 0.02 s
[ 5776/26691] Prism::NewlineOffsetsTest#"test_whitequark/case_cond_else.txt" = 0.02 s
[ 5777/26691] Prism::NewlineOffsetsTest#"test_whitequark/while_post.txt" = 0.02 s
[ 5778/26691] Prism::NewlineOffsetsTest#"test_seattlerb/str_str_str.txt" = 0.02 s
[ 5779/26691] Prism::NewlineOffsetsTest#"test_seattlerb/heredoc_with_carriage_return_escapes.txt" =
0.01 s
[ 5780/26691] Prism::NewlineOffsetsTest#"test_whitequark/cond_iflipflop_with_beginless_range.txt" =
0.01 s
[ 5781/26691] Prism::NewlineOffsetsTest#"test_seattlerb/safe_call_dot_parens.txt" = 0.01 s
[ 5782/26691] Prism::NewlineOffsetsTest#"test_seattlerb/safe_attrasgn_constant.txt" = 0.02 s
[ 5783/26691] Prism::NewlineOffsetsTest#"test_unparser/corpus/semantic/while.txt" = 0.04 s
[ 5784/26691] Prism::NewlineOffsetsTest#"test_seattlerb/mlhs_mid_splat.txt" = 0.02 s
[ 5785/26691] Prism::NewlineOffsetsTest#"test_whitequark/parser_bug_830.txt" = 0.01 s
[ 5786/26691] Prism::NewlineOffsetsTest#"test_seattlerb/symbol_list.txt" = 0.02 s
[ 5787/26691] Prism::NewlineOffsetsTest#"test_seattlerb/parse_line_postexe.txt" = 0.02 s
[ 5788/26691] Prism::NewlineOffsetsTest#"test_seattlerb/difficult4__leading_dots.txt" = 0.01 s
[ 5789/26691] Prism::NewlineOffsetsTest#"test_keyword_method_names.txt" = 0.04 s
[ 5790/26691] Prism::NewlineOffsetsTest#"test_whitequark/symbol_interp.txt" = 0.02 s
[ 5791/26691] Prism::NewlineOffsetsTest#"test_seattlerb/iter_args_2__19.txt" = 0.02 s
[ 5792/26691] Prism::NewlineOffsetsTest#"test_whitequark/rational.txt" = 0.02 s
[ 5793/26691] Prism::NewlineOffsetsTest#"test_seattlerb/str_single_double_escaped_newline.txt" = 0.0
2 s
[ 5794/26691] Prism::NewlineOffsetsTest#"test_seattlerb/call_kwsplat.txt" = 0.01 s
[ 5795/26691] Prism::NewlineOffsetsTest#"test_seattlerb/masgn_arg_ident.txt" = 0.02 s
[ 5796/26691] Prism::NewlineOffsetsTest#"test_heredoc_with_comment.txt" = 0.02 s
[ 5797/26691] Prism::NewlineOffsetsTest#"test_whitequark/space_args_arg.txt" = 0.02 s
[ 5798/26691] Prism::NewlineOffsetsTest#"test_yield.txt" = 0.02 s
[ 5799/26691] Prism::NewlineOffsetsTest#"test_seattlerb/if_elsif.txt" = 0.02 s
[ 5800/26691] Prism::NewlineOffsetsTest#"test_hashes.txt" = 0.05 s
[ 5801/26691] Prism::NewlineOffsetsTest#"test_seattlerb/call_stabby_with_braces_block.txt" = 0.02 s
[ 5802/26691] Prism::NewlineOffsetsTest#"test_seattlerb/call_leading_dots.txt" = 0.02 s
[ 5803/26691] Prism::NewlineOffsetsTest#"test_seattlerb/defs_endless_command_rescue.txt" = 0.02 s
[ 5804/26691] Prism::NewlineOffsetsTest#"test_whitequark/ruby_bug_11989.txt" = 0.02 s
[ 5805/26691] Prism::NewlineOffsetsTest#"test_seattlerb/dsym_esc_to_sym.txt" = 0.01 s
[ 5806/26691] Prism::NewlineOffsetsTest#"test_whitequark/not_cmd.txt" = 0.02 s
[ 5807/26691] Prism::NewlineOffsetsTest#"test_whitequark/masgn_attr.txt" = 0.02 s
[ 5808/26691] Prism::NewlineOffsetsTest#"test_seattlerb/defn_kwarg_no_parens.txt" = 0.02 s
[ 5809/26691] Prism::NewlineOffsetsTest#"test_whitequark/send_lambda_args_noparen.txt" = 0.02 s
[ 5810/26691] Prism::NewlineOffsetsTest#"test_seattlerb/lasgn_env.txt" = 0.01 s
[ 5811/26691] Prism::NewlineOffsetsTest#"test_whitequark/forwarded_kwrestarg_with_additional_kwarg.t
xt" = 0.02 s
[ 5812/26691] Prism::NewlineOffsetsTest#"test_seattlerb/parse_line_return.txt" = 0.02 s
[ 5813/26691] Prism::NewlineOffsetsTest#"test_unparser/corpus/literal/pragma.txt" = 0.02 s
[ 5814/26691] Prism::NewlineOffsetsTest#"test_seattlerb/regexp_escape_extended.txt" = 0.01 s
[ 5815/26691] Prism::NewlineOffsetsTest#"test_whitequark/bug_do_block_in_hash_brace.txt" = 0.04 s
[ 5816/26691] Prism::NewlineOffsetsTest#"test_seattlerb/masgn_lhs_splat.txt" = 0.02 s
[ 5817/26691] Prism::NewlineOffsetsTest#"test_whitequark/rescue_else_ensure.txt" = 0.02 s
[ 5818/26691] Prism::NewlineOffsetsTest#"test_undef.txt" = 0.03 s
[ 5819/26691] Prism::NewlineOffsetsTest#"test_whitequark/var_op_asgn_cmd.txt" = 0.01 s
[ 5820/26691] Prism::NewlineOffsetsTest#"test_unparser/corpus/semantic/literal.txt" = 0.03 s
[ 5821/26691] Prism::NewlineOffsetsTest#"test_seattlerb/parse_line_dot3.txt" = 0.02 s
[ 5822/26691] Prism::NewlineOffsetsTest#"test_whitequark/asgn_mrhs.txt" = 0.02 s
[ 5823/26691] Prism::NewlineOffsetsTest#"test_unescaping.txt" = 0.02 s
[ 5824/26691] Prism::NewlineOffsetsTest#"test_seattlerb/case_in_hash_pat.txt" = 0.02 s
[ 5825/26691] Prism::NewlineOffsetsTest#"test_whitequark/op_asgn_cmd.txt" = 0.03 s
[ 5826/26691] Prism::NewlineOffsetsTest#"test_seattlerb/difficult4__leading_dots2.txt" = 0.02 s
[ 5827/26691] Prism::NewlineOffsetsTest#"test_seattlerb/call_args_assoc_trailing_comma.txt" = 0.02 s
[ 5828/26691] Prism::NewlineOffsetsTest#"test_embdoc_no_newline_at_end.txt" = 0.01 s
[ 5829/26691] Prism::NewlineOffsetsTest#"test_seattlerb/block_call_dot_op2_brace_block.txt" = 0.02 s
[ 5830/26691] Prism::NewlineOffsetsTest#"test_whitequark/args_block_pass.txt" = 0.01 s
[ 5831/26691] Prism::NewlineOffsetsTest#"test_whitequark/bug_heredoc_do.txt" = 0.02 s
[ 5832/26691] Prism::NewlineOffsetsTest#"test_seattlerb/lambda_do_vs_brace.txt" = 0.02 s
[ 5833/26691] Prism::NewlineOffsetsTest#"test_single_quote_heredocs.txt" = 0.01 s
[ 5834/26691] Prism::NewlineOffsetsTest#"test_seattlerb/bug_call_arglist_parens.txt" = 0.03 s
[ 5835/26691] Prism::NewlineOffsetsTest#"test_seattlerb/block_args_opt2.txt" = 0.02 s
[ 5836/26691] Prism::NewlineOffsetsTest#"test_seattlerb/case_in_67.txt" = 0.02 s
[ 5837/26691] Prism::NewlineOffsetsTest#"test_whitequark/send_binary_op.txt" = 0.07 s
[ 5838/26691] Prism::NewlineOffsetsTest#"test_single_method_call_with_bang.txt" = 0.01 s
[ 5839/26691] Prism::NewlineOffsetsTest#"test_whitequark/ruby_bug_12073.txt" = 0.02 s
[ 5840/26691] Prism::NewlineOffsetsTest#"test_seattlerb/iter_args_7_1.txt" = 0.02 s
[ 5841/26691] Prism::NewlineOffsetsTest#"test_seattlerb/case_in_hash_pat_paren_true.txt" = 0.02 s
[ 5842/26691] Prism::NewlineOffsetsTest#"test_seattlerb/difficult6__8.txt" = 0.02 s
[ 5843/26691] Prism::NewlineOffsetsTest#"test_seattlerb/heredoc_with_extra_carriage_returns.txt" = 0
.02 s
[ 5844/26691] Prism::NewlineOffsetsTest#"test_whitequark/ruby_bug_9669.txt" = 0.02 s
[ 5845/26691] Prism::NewlineOffsetsTest#"test_whitequark/array_symbols_interp.txt" = 0.02 s
[ 5846/26691] Prism::NewlineOffsetsTest#"test_whitequark/alias.txt" = 0.02 s
[ 5847/26691] Prism::NewlineOffsetsTest#"test_whitequark/case_cond.txt" = 0.02 s
[ 5848/26691] Prism::NewlineOffsetsTest#"test_whitequark/asgn_cmd.txt" = 0.02 s
[ 5849/26691] Prism::NewlineOffsetsTest#"test_whitequark/begin_cmdarg.txt" = 0.02 s
[ 5850/26691] Prism::NewlineOffsetsTest#"test_whitequark/array_splat.txt" = 0.02 s
[ 5851/26691] Prism::NewlineOffsetsTest#"test_whitequark/pattern_matching_else.txt" = 0.02 s
[ 5852/26691] Prism::NewlineOffsetsTest#"test_seattlerb/const_op_asgn_and2.txt" = 0.01 s
[ 5853/26691] Prism::NewlineOffsetsTest#"test_seattlerb/regexp_esc_u.txt" = 0.01 s
[ 5854/26691] Prism::NewlineOffsetsTest#"test_seattlerb/case_in_find_array.txt" = 0.02 s
[ 5855/26691] Prism::NewlineOffsetsTest#"test_whitequark/pattern_matching_single_line.txt" = 0.02 s
[ 5856/26691] Prism::NewlineOffsetsTest#"test_whitequark/cond_begin_masgn.txt" = 0.02 s
[ 5857/26691] Prism::NewlineOffsetsTest#"test_seattlerb/op_asgn_dot_ident_command_call.txt" = 0.02 s
[ 5858/26691] Prism::NewlineOffsetsTest#"test_whitequark/pattern_matching_blank_else.txt" = 0.02 s
[ 5859/26691] Prism::NewlineOffsetsTest#"test_seattlerb/call_lt.txt" = 0.01 s
[ 5860/26691] Prism::NewlineOffsetsTest#"test_whitequark/pattern_matching__FILE__LINE_literals.txt"
= 0.02 s
[ 5861/26691] Prism::NewlineOffsetsTest#"test_seattlerb/defn_opt_last_arg.txt" = 0.02 s
[ 5862/26691] Prism::NewlineOffsetsTest#"test_whitequark/rescue_mod_op_assign.txt" = 0.02 s
[ 5863/26691] Prism::NewlineOffsetsTest#"test_whitequark/preexe.txt" = 0.01 s
[ 5864/26691] Prism::NewlineOffsetsTest#"test_unparser/corpus/literal/since/31.txt" = 0.02 s
[ 5865/26691] Prism::NewlineOffsetsTest#"test_unparser/corpus/semantic/kwbegin.txt" = 0.05 s
[ 5866/26691] Prism::NewlineOffsetsTest#"test_seattlerb/defn_oneliner_rescue.txt" = 0.03 s
[ 5867/26691] Prism::NewlineOffsetsTest#"test_seattlerb/block_kw.txt" = 0.02 s
[ 5868/26691] Prism::NewlineOffsetsTest#"test_seattlerb/slashy_newlines_within_string.txt" = 0.02 s
[ 5869/26691] Prism::NewlineOffsetsTest#"test_seattlerb/do_bug.txt" = 0.02 s
[ 5870/26691] Prism::NewlineOffsetsTest#"test_whitequark/cond_eflipflop.txt" = 0.02 s
[ 5871/26691] Prism::NewlineOffsetsTest#"test_whitequark/ruby_bug_11873_a.txt" = 0.10 s
[ 5872/26691] Prism::NewlineOffsetsTest#"test_seattlerb/block_arg_optional.txt" = 0.02 s
[ 5873/26691] Prism::NewlineOffsetsTest#"test_seattlerb/parse_opt_call_args_assocs_comma.txt" = 0.02
 s
[ 5874/26691] Prism::NewlineOffsetsTest#"test_whitequark/false.txt" = 0.01 s
[ 5875/26691] Prism::NewlineOffsetsTest#"test_regex_escape_encoding.txt" = 0.02 s
[ 5876/26691] Prism::NewlineOffsetsTest#"test_seattlerb/block_arg__bare.txt" = 0.01 s
[ 5877/26691] Prism::NewlineOffsetsTest#"test_seattlerb/parse_pattern_058_2.txt" = 0.02 s
[ 5878/26691] Prism::NewlineOffsetsTest#"test_seattlerb/parse_line_block_inline_comment_leading_newl
ines.txt" = 0.02 s
[ 5879/26691] Prism::NewlineOffsetsTest#"test_seattlerb/iter_args_10_1.txt" = 0.02 s
[ 5880/26691] Prism::NewlineOffsetsTest#"test_seattlerb/call_star2.txt" = 0.02 s
[ 5881/26691] Prism::NewlineOffsetsTest#"test_seattlerb/difficult3__8.txt" = 0.02 s
[ 5882/26691] Prism::NewlineOffsetsTest#"test_seattlerb/const_3_op_asgn_or.txt" = 0.01 s
[ 5883/26691] Prism::NewlineOffsetsTest#"test_seattlerb/stabby_block_iter_call.txt" = 0.02 s
[ 5884/26691] Prism::NewlineOffsetsTest#"test_whitequark/bug_def_no_paren_eql_begin.txt" = 0.02 s
[ 5885/26691] Prism::NewlineOffsetsTest#"test_seattlerb/block_return.txt" = 0.02 s
[ 5886/26691] Prism::NewlineOffsetsTest#"test_whitequark/cond_iflipflop_with_endless_range.txt" = 0.
01 s
[ 5887/26691] Prism::NewlineOffsetsTest#"test_whitequark/ruby_bug_13547.txt" = 0.01 s
[ 5888/26691] Prism::NewlineOffsetsTest#"test_whitequark/range_exclusive.txt" = 0.01 s
[ 5889/26691] Prism::NewlineOffsetsTest#"test_whitequark/int___LINE__.txt" = 0.01 s
[ 5890/26691] Prism::NewlineOffsetsTest#"test_seattlerb/interpolated_word_array_line_breaks.txt" = 0
.02 s
[ 5891/26691] Prism::NewlineOffsetsTest#"test_seattlerb/defs_oneliner.txt" = 0.02 s
[ 5892/26691] Prism::NewlineOffsetsTest#"test_seattlerb/parse_line_block_inline_comment.txt" = 0.02
s
[ 5893/26691] Prism::NewlineOffsetsTest#"test_procs.txt" = 0.05 s
[ 5894/26691] Prism::NewlineOffsetsTest#"test_whitequark/restarg_unnamed.txt" = 0.01 s
[ 5895/26691] Prism::NewlineOffsetsTest#"test_seattlerb/defn_opt_splat_arg.txt" = 0.02 s
[ 5896/26691] Prism::NewlineOffsetsTest#"test_seattlerb/parse_line_block.txt" = 0.02 s
[ 5897/26691] Prism::NewlineOffsetsTest#"test_unparser/corpus/literal/while.txt" = 0.10 s
[ 5898/26691] Prism::NewlineOffsetsTest#"test_seattlerb/qsymbols_empty_space.txt" = 0.01 s
[ 5899/26691] Prism::NewlineOffsetsTest#"test_seattlerb/index_0.txt" = 0.02 s
[ 5900/26691] Prism::NewlineOffsetsTest#"test_seattlerb/str_pct_Q_nested.txt" = 0.02 s
[ 5901/26691] Prism::NewlineOffsetsTest#"test_seattlerb/case_in_array_pat_const.txt" = 0.02 s
[ 5902/26691] Prism::NewlineOffsetsTest#"test_seattlerb/difficult0_.txt" = 0.02 s
[ 5903/26691] Prism::NewlineOffsetsTest#"test_whitequark/send_unary_op.txt" = 0.02 s
[ 5904/26691] Prism::NewlineOffsetsTest#"test_seattlerb/block_opt_splat_arg_block_omfg.txt" = 0.02 s
[ 5905/26691] Prism::NewlineOffsetsTest#"test_seattlerb/iter_args_8_2.txt" = 0.02 s
[ 5906/26691] Prism::NewlineOffsetsTest#"test_seattlerb/read_escape_unicode_curlies.txt" = 0.01 s
[ 5907/26691] Prism::NewlineOffsetsTest#"test_seattlerb/parse_line_call_ivar_line_break_paren.txt" =
 0.01 s
[ 5908/26691] Prism::NewlineOffsetsTest#"test_whitequark/rescue_mod.txt" = 0.01 s
[ 5909/26691] Prism::NewlineOffsetsTest#"test_seattlerb/call_bang_squiggle.txt" = 0.01 s
[ 5910/26691] Prism::NewlineOffsetsTest#"test_endless_methods.txt" = 0.02 s
[ 5911/26691] Prism::NewlineOffsetsTest#"test_whitequark/parser_drops_truncated_parts_of_squiggly_he
redoc.txt" = 0.02 s
[ 5912/26691] Prism::NewlineOffsetsTest#"test_seattlerb/defs_as_arg_with_do_block_inside.txt" = 0.02
 s
[ 5913/26691] Prism::NewlineOffsetsTest#"test_seattlerb/parse_line_preexe.txt" = 0.01 s
[ 5914/26691] Prism::NewlineOffsetsTest#"test_seattlerb/defn_splat_arg.txt" = 0.02 s
[ 5915/26691] Prism::NewlineOffsetsTest#"test_whitequark/method_definition_in_while_cond.txt" = 0.03
 s
[ 5916/26691] Prism::NewlineOffsetsTest#"test_whitequark/parser_slash_slash_n_escaping_in_literals.t
xt" = 0.06 s
[ 5917/26691] Prism::NewlineOffsetsTest#"test_seattlerb/call_begin_call_block_call.txt" = 0.02 s
[ 5918/26691] Prism::NewlineOffsetsTest#"test_patterns.txt" = 0.43 s
[ 5919/26691] Prism::NewlineOffsetsTest#"test_seattlerb/bug_hash_args.txt" = 0.02 s
[ 5920/26691] Prism::NewlineOffsetsTest#"test_seattlerb/block_opt_arg.txt" = 0.02 s
[ 5921/26691] Prism::NewlineOffsetsTest#"test_whitequark/masgn.txt" = 0.02 s
[ 5922/26691] Prism::NewlineOffsetsTest#"test_whitequark/bug_473.txt" = 0.01 s
[ 5923/26691] Prism::NewlineOffsetsTest#"test_seattlerb/safe_attrasgn.txt" = 0.01 s
[ 5924/26691] Prism::NewlineOffsetsTest#"test_whitequark/kwarg.txt" = 0.02 s
[ 5925/26691] Prism::NewlineOffsetsTest#"test_whitequark/unary_num_pow_precedence.txt" = 0.02 s
[ 5926/26691] Prism::NewlineOffsetsTest#"test_seattlerb/bug179.txt" = 0.01 s
[ 5927/26691] Prism::NewlineOffsetsTest#"test_seattlerb/mlhs_rescue.txt" = 0.02 s
[ 5928/26691] Prism::NewlineOffsetsTest#"test_super.txt" = 0.03 s
[ 5929/26691] Prism::NewlineOffsetsTest#"test_seattlerb/case_in_hash_pat_paren_assign.txt" = 0.02 s
[ 5930/26691] Prism::NewlineOffsetsTest#"test_seattlerb/regexp_unicode_curlies.txt" = 0.02 s
[ 5931/26691] Prism::NewlineOffsetsTest#"test_whitequark/send_conditional.txt" = 0.01 s
[ 5932/26691] Prism::NewlineOffsetsTest#"test_ranges.txt" = 0.07 s
[ 5933/26691] Prism::NewlineOffsetsTest#"test_rescue.txt" = 0.06 s
[ 5934/26691] Prism::NewlineOffsetsTest#"test_whitequark/arg.txt" = 0.02 s
[ 5935/26691] Prism::NewlineOffsetsTest#"test_seattlerb/bug_and.txt" = 0.02 s
[ 5936/26691] Prism::NewlineOffsetsTest#"test_seattlerb/bug_op_asgn_rescue.txt" = 0.01 s
[ 5937/26691] Prism::NewlineOffsetsTest#"test_whitequark/space_args_cmd.txt" = 0.02 s
[ 5938/26691] Prism::NewlineOffsetsTest#"test_whitequark/nth_ref.txt" = 0.01 s
[ 5939/26691] Prism::NewlineOffsetsTest#"test_seattlerb/pct_w_heredoc_interp_nested.txt" = 0.02 s
[ 5940/26691] Prism::NewlineOffsetsTest#"test_seattlerb/defs_oneliner_eq2.txt" = 0.02 s
[ 5941/26691] Prism::NewlineOffsetsTest#"test_whitequark/bug_447.txt" = 0.02 s
[ 5942/26691] Prism::NewlineOffsetsTest#"test_seattlerb/symbols_empty_space.txt" = 0.01 s
[ 5943/26691] Prism::NewlineOffsetsTest#"test_seattlerb/defn_oneliner_noargs.txt" = 0.01 s
[ 5944/26691] Prism::NewlineOffsetsTest#"test_seattlerb/parse_line_heredoc.txt" = 0.02 s
[ 5945/26691] Prism::NewlineOffsetsTest#"test_seattlerb/f_kw.txt" = 0.01 s
[ 5946/26691] Prism::NewlineOffsetsTest#"test_whitequark/until.txt" = 0.02 s
[ 5947/26691] Prism::NewlineOffsetsTest#"test_range_begin_open_inclusive.txt" = 0.01 s
[ 5948/26691] Prism::NewlineOffsetsTest#"test_whitequark/const_op_asgn.txt" = 0.03 s
[ 5949/26691] Prism::NewlineOffsetsTest#"test_whitequark/const_toplevel.txt" = 0.01 s
[ 5950/26691] Prism::NewlineOffsetsTest#"test_seattlerb/defn_powarg.txt" = 0.02 s
[ 5951/26691] Prism::NewlineOffsetsTest#"test_seattlerb/parse_line_block_inline_multiline_comment.tx
t" = 0.02 s
[ 5952/26691] Prism::NewlineOffsetsTest#"test_heredocs_nested.txt" = 0.03 s
[ 5953/26691] Prism::NewlineOffsetsTest#"test_seattlerb/difficult3_.txt" = 0.02 s
[ 5954/26691] Prism::NewlineOffsetsTest#"test_seattlerb/call_assoc_trailing_comma.txt" = 0.02 s
[ 5955/26691] Prism::NewlineOffsetsTest#"test_dos_endings.txt" = 0.03 s
[ 5956/26691] Prism::NewlineOffsetsTest#"test_seattlerb/parse_line_hash_lit.txt" = 0.02 s
[ 5957/26691] Prism::NewlineOffsetsTest#"test_seattlerb/super_arg.txt" = 0.01 s
[ 5958/26691] Prism::NewlineOffsetsTest#"test_seattlerb/heredoc_squiggly_interp.txt" = 0.02 s
[ 5959/26691] Prism::NewlineOffsetsTest#"test_seattlerb/aref_args_assocs.txt" = 0.01 s
[ 5960/26691] Prism::NewlineOffsetsTest#"test_seattlerb/case_in_if_unless_post_mod.txt" = 0.02 s
[ 5961/26691] Prism::NewlineOffsetsTest#"test_seattlerb/case_in_multiple.txt" = 0.02 s
[ 5962/26691] Prism::NewlineOffsetsTest#"test_whitequark/cvasgn.txt" = 0.01 s
[ 5963/26691] Prism::NewlineOffsetsTest#"test_seattlerb/difficult1_line_numbers2.txt" = 0.02 s
[ 5964/26691] Prism::NewlineOffsetsTest#"test_seattlerb/lasgn_middle_splat.txt" = 0.02 s
[ 5965/26691] Prism::NewlineOffsetsTest#"test_whitequark/regex_plain.txt" = 0.01 s
[ 5966/26691] Prism::NewlineOffsetsTest#"test_seattlerb/difficult3_2.txt" = 0.02 s
[ 5967/26691] Prism::NewlineOffsetsTest#"test_seattlerb/case_in_const.txt" = 0.02 s
[ 5968/26691] Prism::NewlineOffsetsTest#"test_seattlerb/dstr_evstr_empty_end.txt" = 0.01 s
[ 5969/26691] Prism::NewlineOffsetsTest#"test_seattlerb/op_asgn_command_call.txt" = 0.01 s
[ 5970/26691] Prism::NewlineOffsetsTest#"test_whitequark/bug_while_not_parens_do.txt" = 0.02 s
[ 5971/26691] Prism::NewlineOffsetsTest#"test_seattlerb/defn_unary_not.txt" = 0.01 s
[ 5972/26691] Prism::NewlineOffsetsTest#"test_whitequark/send_lambda_args.txt" = 0.02 s
[ 5973/26691] Prism::NewlineOffsetsTest#"test_unparser/corpus/literal/flipflop.txt" = 0.03 s
[ 5974/26691] Prism::NewlineOffsetsTest#"test_seattlerb/case_in_hash_pat_rest.txt" = 0.02 s
[ 5975/26691] Prism::NewlineOffsetsTest#"test_seattlerb/str_evstr.txt" = 0.02 s
[ 5976/26691] Prism::NewlineOffsetsTest#"test_seattlerb/str_double_double_escaped_newline.txt" = 0.0
2 s
[ 5977/26691] Prism::NewlineOffsetsTest#"test_seattlerb/attrasgn_primary_dot_constant.txt" = 0.01 s
[ 5978/26691] Prism::NewlineOffsetsTest#"test_whitequark/numparam_outside_block.txt" = 0.02 s
[ 5979/26691] Prism::NewlineOffsetsTest#"test_seattlerb/iter_args_5.txt" = 0.02 s
[ 5980/26691] Prism::NewlineOffsetsTest#"test_seattlerb/block_arg_scope2.txt" = 0.02 s
[ 5981/26691] Prism::NewlineOffsetsTest#"test_whitequark/hash_kwsplat.txt" = 0.01 s
[ 5982/26691] Prism::NewlineOffsetsTest#"test_whitequark/bug_452.txt" = 0.02 s
[ 5983/26691] Prism::NewlineOffsetsTest#"test_seattlerb/str_single_newline.txt" = 0.02 s
[ 5984/26691] Prism::NewlineOffsetsTest#"test_seattlerb/messy_op_asgn_lineno.txt" = 0.02 s
[ 5985/26691] Prism::NewlineOffsetsTest#"test_whitequark/forwarded_argument_with_kwrestarg.txt" = 0.
02 s
[ 5986/26691] Prism::NewlineOffsetsTest#"test_seattlerb/bang_eq.txt" = 0.01 s
[ 5987/26691] Prism::NewlineOffsetsTest#"test_regex.txt" = 0.07 s
[ 5988/26691] Prism::NewlineOffsetsTest#"test_seattlerb/heredoc_squiggly_no_indent.txt" = 0.01 s
[ 5989/26691] Prism::NewlineOffsetsTest#"test_whitequark/while_mod.txt" = 0.01 s
[ 5990/26691] Prism::NewlineOffsetsTest#"test_seattlerb/bug_187.txt" = 0.02 s
[ 5991/26691] Prism::NewlineOffsetsTest#"test_seattlerb/ruby21_numbers.txt" = 0.01 s
[ 5992/26691] Prism::NewlineOffsetsTest#"test_break.txt" = 0.06 s
[ 5993/26691] Prism::NewlineOffsetsTest#"test_seattlerb/block_kw__required.txt" = 0.02 s
[ 5994/26691] Prism::NewlineOffsetsTest#"test_whitequark/args.txt" = 0.10 s
[ 5995/26691] Prism::NewlineOffsetsTest#"test_seattlerb/lasgn_call_nobracket_rescue_arg.txt" = 0.02
s
[ 5996/26691] Prism::NewlineOffsetsTest#"test_whitequark/resbody_var.txt" = 0.02 s
[ 5997/26691] Prism::NewlineOffsetsTest#"test_seattlerb/qsymbols.txt" = 0.01 s
[ 5998/26691] Prism::NewlineOffsetsTest#"test_whitequark/float.txt" = 0.02 s
[ 5999/26691] Prism::NewlineOffsetsTest#"test_whitequark/const_scoped.txt" = 0.01 s
[ 6000/26691] Prism::NewlineOffsetsTest#"test_range_beginless.txt" = 0.02 s
[ 6001/26691] Prism::NewlineOffsetsTest#"test_command_method_call.txt" = 0.07 s
[ 6002/26691] Prism::NewlineOffsetsTest#"test_seattlerb/rescue_parens.txt" = 0.02 s
[ 6003/26691] Prism::NewlineOffsetsTest#"test_seattlerb/bug_args_masgn2.txt" = 0.02 s
[ 6004/26691] Prism::NewlineOffsetsTest#"test_whitequark/ensure.txt" = 0.02 s
[ 6005/26691] Prism::NewlineOffsetsTest#"test_seattlerb/difficult6_.txt" = 0.02 s
[ 6006/26691] Prism::NewlineOffsetsTest#"test_whitequark/parser_bug_490.txt" = 0.02 s
[ 6007/26691] Prism::NewlineOffsetsTest#"test_seattlerb/required_kwarg_no_value.txt" = 0.02 s
[ 6008/26691] Prism::NewlineOffsetsTest#"test_whitequark/bug_ascii_8bit_in_literal.txt" = 0.01 s
[ 6009/26691] Prism::NewlineOffsetsTest#"test_whitequark/ruby_bug_12402.txt" = 0.06 s
[ 6010/26691] Prism::NewlineOffsetsTest#"test_unparser/corpus/literal/empty.txt" = 0.01 s
[ 6011/26691] Prism::NewlineOffsetsTest#"test_seattlerb/lasgn_arg_rescue_arg.txt" = 0.01 s
[ 6012/26691] Prism::NewlineOffsetsTest#"test_seattlerb/alias_gvar_backref.txt" = 0.01 s
[ 6013/26691] Prism::NewlineOffsetsTest#"test_whitequark/bug_466.txt" = 0.02 s
[ 6014/26691] Prism::NewlineOffsetsTest#"test_for.txt" = 0.04 s
[ 6015/26691] Prism::NewlineOffsetsTest#"test_whitequark/def.txt" = 0.02 s
[ 6016/26691] Prism::NewlineOffsetsTest#"test_whitequark/unless.txt" = 0.02 s
[ 6017/26691] Prism::NewlineOffsetsTest#"test_seattlerb/case_in_42_2.txt" = 0.02 s
[ 6018/26691] Prism::NewlineOffsetsTest#"test_seattlerb/case_in_31.txt" = 0.02 s
[ 6019/26691] Prism::NewlineOffsetsTest#"test_seattlerb/heredoc_with_not_global_interpolation.txt" =
 0.01 s
[ 6020/26691] Prism::NewlineOffsetsTest#"test_seattlerb/defn_no_kwargs.txt" = 0.01 s
[ 6021/26691] Prism::NewlineOffsetsTest#"test_whitequark/kwoptarg_with_kwrestarg_and_forwarded_args.
txt" = 0.02 s
[ 6022/26691] Prism::NewlineOffsetsTest#"test_seattlerb/expr_not_bang.txt" = 0.02 s
[ 6023/26691] Prism::NewlineOffsetsTest#"test_whitequark/cond_eflipflop_with_endless_range.txt" = 0.
01 s
[ 6024/26691] Prism::NewlineOffsetsTest#"test_seattlerb/case_in_hash_pat_rest_solo.txt" = 0.02 s
[ 6025/26691] Prism::NewlineOffsetsTest#"test_whitequark/parser_bug_989.txt" = 0.02 s
[ 6026/26691] Prism::NewlineOffsetsTest#"test_seattlerb/heredoc_squiggly_tabs_extra.txt" = 0.02 s
[ 6027/26691] Prism::NewlineOffsetsTest#"test_whitequark/lvar_injecting_match.txt" = 0.02 s
[ 6028/26691] Prism::NewlineOffsetsTest#"test_seattlerb/parse_line_evstr_after_break.txt" = 0.02 s
[ 6029/26691] Prism::NewlineOffsetsTest#"test_seattlerb/mlhs_front_splat.txt" = 0.02 s
[ 6030/26691] Prism::NewlineOffsetsTest#"test_unparser/corpus/semantic/def.txt" = 0.02 s
[ 6031/26691] Prism::NewlineOffsetsTest#"test_whitequark/if_elsif.txt" = 0.02 s
[ 6032/26691] Prism::NewlineOffsetsTest#"test_seattlerb/defn_arg_forward_args.txt" = 0.02 s
[ 6033/26691] Prism::NewlineOffsetsTest#"test_seattlerb/op_asgn_index_command_call.txt" = 0.02 s
[ 6034/26691] Prism::NewlineOffsetsTest#"test_whitequark/newline_in_hash_argument.txt" = 0.03 s
[ 6035/26691] Prism::NewlineOffsetsTest#"test_seattlerb/pct_Q_backslash_nl.txt" = 0.01 s
[ 6036/26691] Prism::NewlineOffsetsTest#"test_seattlerb/if_symbol.txt" = 0.01 s
[ 6037/26691] Prism::NewlineOffsetsTest#"test_whitequark/heredoc.txt" = 0.02 s
[ 6038/26691] Prism::NewlineOffsetsTest#"test_seattlerb/magic_encoding_comment.txt" = 0.02 s
[ 6039/26691] Prism::NewlineOffsetsTest#"test_seattlerb/masgn_colon2.txt" = 0.02 s
[ 6040/26691] Prism::NewlineOffsetsTest#"test_whitequark/send_lambda.txt" = 0.02 s
[ 6041/26691] Prism::NewlineOffsetsTest#"test_seattlerb/call_array_block_call.txt" = 0.02 s
[ 6042/26691] Prism::NewlineOffsetsTest#"test_seattlerb/call_block_arg_named.txt" = 0.01 s
[ 6043/26691] Prism::NewlineOffsetsTest#"test_unparser/corpus/literal/unary.txt" = 0.03 s
[ 6044/26691] Prism::NewlineOffsetsTest#"test_unparser/corpus/literal/module.txt" = 0.03 s
[ 6045/26691] Prism::NewlineOffsetsTest#"test_seattlerb/args_kw_block.txt" = 0.02 s
[ 6046/26691] Prism::NewlineOffsetsTest#"test_seattlerb/masgn_paren.txt" = 0.02 s
[ 6047/26691] Prism::NewlineOffsetsTest#"test_seattlerb/aref_args_lit_assocs.txt" = 0.02 s
[ 6048/26691] Prism::NewlineOffsetsTest#"test_unparser/corpus/literal/singletons.txt" = 0.02 s
[ 6049/26691] Prism::NewlineOffsetsTest#"test_seattlerb/heredoc_with_extra_carriage_returns_windows.
txt" = 0.02 s
[ 6050/26691] Prism::NewlineOffsetsTest#"test_whitequark/bug_480.txt" = 0.02 s
[ 6051/26691] Prism::NewlineOffsetsTest#"test_whitequark/send_plain.txt" = 0.02 s
[ 6052/26691] Prism::NewlineOffsetsTest#"test_whitequark/not.txt" = 0.02 s
[ 6053/26691] Prism::NewlineOffsetsTest#"test_seattlerb/parse_line_heredoc_evstr.txt" = 0.02 s
[ 6054/26691] Prism::NewlineOffsetsTest#"test_seattlerb/str_double_newline.txt" = 0.02 s
[ 6055/26691] Prism::NewlineOffsetsTest#"test_whitequark/kwoptarg.txt" = 0.02 s
[ 6056/26691] Prism::NewlineOffsetsTest#"test_unparser/corpus/literal/variables.txt" = 0.03 s
[ 6057/26691] Prism::NewlineOffsetsTest#"test_seattlerb/eq_begin_why_wont_people_use_their_spacebar.
txt" = 0.02 s
[ 6058/26691] Prism::NewlineOffsetsTest#"test_seattlerb/call_star.txt" = 0.01 s
[ 6059/26691] Prism::NewlineOffsetsTest#"test_seattlerb/iter_args_1.txt" = 0.02 s
[ 6060/26691] Prism::NewlineOffsetsTest#"test_seattlerb/heredoc_with_interpolation_and_carriage_retu
rn_escapes_windows.txt" = 0.02 s
[ 6061/26691] Prism::NewlineOffsetsTest#"test_unparser/corpus/literal/alias.txt" = 0.02 s
[ 6062/26691] Prism::NewlineOffsetsTest#"test_seattlerb/block_kwarg_lvar_multiple.txt" = 0.02 s
[ 6063/26691] Prism::NewlineOffsetsTest#"test_seattlerb/stabby_proc_scope.txt" = 0.02 s
[ 6064/26691] Prism::NewlineOffsetsTest#"test_seattlerb/call_array_lambda_block_call.txt" = 0.02 s
[ 6065/26691] Prism::NewlineOffsetsTest#"test_whitequark/or_asgn.txt" = 0.02 s
[ 6066/26691] Prism::NewlineOffsetsTest#"test_seattlerb/stabby_block_kw.txt" = 0.02 s
[ 6067/26691] Prism::NewlineOffsetsTest#"test_seattlerb/block_call_operation_colon.txt" = 0.02 s
[ 6068/26691] Prism::NewlineOffsetsTest#"test_seattlerb/call_arg_kwsplat.txt" = 0.02 s
[ 6069/26691] Prism::NewlineOffsetsTest#"test_whitequark/op_asgn_index.txt" = 0.02 s
[ 6070/26691] Prism::NewlineOffsetsTest#"test_seattlerb/lasgn_ivar_env.txt" = 0.01 s
[ 6071/26691] Prism::NewlineOffsetsTest#"test_seattlerb/case_in.txt" = 0.14 s
[ 6072/26691] Prism::NewlineOffsetsTest#"test_whitequark/ternary_ambiguous_symbol.txt" = 0.02 s
[ 6073/26691] Prism::NewlineOffsetsTest#"test_whitequark/string_interp.txt" = 0.02 s
[ 6074/26691] Prism::NewlineOffsetsTest#"test_seattlerb/masgn_var_star_var.txt" = 0.02 s
[ 6075/26691] Prism::NewlineOffsetsTest#"test_seattlerb/block_reg_optarg.txt" = 0.02 s
[ 6076/26691] Prism::NewlineOffsetsTest#"test_seattlerb/lasgn_command.txt" = 0.02 s
[ 6077/26691] Prism::NewlineOffsetsTest#"test_seattlerb/str_heredoc_interp.txt" = 0.02 s
[ 6078/26691] Prism::NewlineOffsetsTest#"test_whitequark/rescue_ensure.txt" = 0.02 s
[ 6079/26691] Prism::NewlineOffsetsTest#"test_seattlerb/safe_call_after_newline.txt" = 0.02 s
[ 6080/26691] Prism::NewlineOffsetsTest#"test_whitequark/blockarg.txt" = 0.02 s
[ 6081/26691] Prism::NewlineOffsetsTest#"test_seattlerb/bug_case_when_regexp.txt" = 0.02 s
[ 6082/26691] Prism::NewlineOffsetsTest#"test_seattlerb/when_splat.txt" = 0.02 s
[ 6083/26691] Prism::NewlineOffsetsTest#"test_whitequark/hash_pair_value_omission.txt" = 0.02 s
[ 6084/26691] Prism::NewlineOffsetsTest#"test_seattlerb/defns_reserved.txt" = 0.02 s
[ 6085/26691] Prism::NewlineOffsetsTest#"test_unparser/corpus/literal/since/27.txt" = 0.02 s
[ 6086/26691] Prism::NewlineOffsetsTest#"test_seattlerb/block_args_kwargs.txt" = 0.02 s
[ 6087/26691] Prism::NewlineOffsetsTest#"test_seattlerb/block_opt_splat.txt" = 0.02 s
[ 6088/26691] Prism::NewlineOffsetsTest#"test_seattlerb/flip2_env_lvar.txt" = 0.02 s
[ 6089/26691] Prism::NewlineOffsetsTest#"test_whitequark/ensure_empty.txt" = 0.02 s
[ 6090/26691] Prism::NewlineOffsetsTest#"test_comments.txt" = 0.04 s
[ 6091/26691] Prism::NewlineOffsetsTest#"test_seattlerb/heredoc_squiggly_tabs.txt" = 0.02 s
[ 6092/26691] Prism::NewlineOffsetsTest#"test_modules.txt" = 0.04 s
[ 6093/26691] Prism::NewlineOffsetsTest#"test_whitequark/endless_method_forwarded_args_legacy.txt" =
 0.02 s
[ 6094/26691] Prism::NewlineOffsetsTest#"test_seattlerb/difficult3_5.txt" = 0.02 s
[ 6095/26691] Prism::NewlineOffsetsTest#"test_range_begin_open_exclusive.txt" = 0.02 s
[ 6096/26691] Prism::NewlineOffsetsTest#"test_whitequark/for_mlhs.txt" = 0.02 s
[ 6097/26691] Prism::NewlineOffsetsTest#"test_seattlerb/regexp.txt" = 0.02 s
[ 6098/26691] Prism::NewlineOffsetsTest#"test_whitequark/resbody_list_mrhs.txt" = 0.02 s
[ 6099/26691] Prism::NewlineOffsetsTest#"test_seattlerb/parse_line_dot3_open.txt" = 0.02 s
[ 6100/26691] Prism::NewlineOffsetsTest#"test_whitequark/args_cmd.txt" = 0.02 s
[ 6101/26691] Prism::NewlineOffsetsTest#"test_whitequark/masgn_const.txt" = 0.02 s
[ 6102/26691] Prism::NewlineOffsetsTest#"test_seattlerb/call_arg_assoc_kwsplat.txt" = 0.02 s
[ 6103/26691] Prism::NewlineOffsetsTest#"test_seattlerb/parse_pattern_069.txt" = 0.02 s
[ 6104/26691] Prism::NewlineOffsetsTest#"test_seattlerb/rescue_in_block.txt" = 0.02 s
[ 6105/26691] Prism::NewlineOffsetsTest#"test_whitequark/endless_method_command_syntax.txt" = 0.04 s
[ 6106/26691] Prism::NewlineOffsetsTest#"test_seattlerb/bdot3.txt" = 0.02 s
[ 6107/26691] Prism::NewlineOffsetsTest#"test_seattlerb/qsymbols_empty.txt" = 0.01 s
[ 6108/26691] Prism::NewlineOffsetsTest#"test_whitequark/args_assocs_comma.txt" = 0.02 s
[ 6109/26691] Prism::NewlineOffsetsTest#"test_unparser/corpus/literal/defined.txt" = 0.02 s
[ 6110/26691] Prism::NewlineOffsetsTest#"test_seattlerb/TestRubyParserShared.txt" = 0.08 s
[ 6111/26691] Prism::NewlineOffsetsTest#"test_blocks.txt" = 0.08 s
[ 6112/26691] Prism::NewlineOffsetsTest#"test_seattlerb/heredoc_squiggly.txt" = 0.02 s
[ 6113/26691] Prism::NewlineOffsetsTest#"test_seattlerb/block_arg_scope.txt" = 0.02 s
[ 6114/26691] Prism::NewlineOffsetsTest#"test_seattlerb/difficult3__10.txt" = 0.02 s
[ 6115/26691] Prism::NewlineOffsetsTest#"test_seattlerb/lasgn_lasgn_command_call.txt" = 0.02 s
[ 6116/26691] Prism::NewlineOffsetsTest#"test_seattlerb/str_single_escaped_newline.txt" = 0.02 s
[ 6117/26691] Prism::NewlineOffsetsTest#"test_seattlerb/defs_comments.txt" = 0.02 s
[ 6118/26691] Prism::NewlineOffsetsTest#"test_whitequark/op_asgn.txt" = 0.02 s
[ 6119/26691] Prism::NewlineOffsetsTest#"test_whitequark/kwrestarg_named.txt" = 0.01 s
[ 6120/26691] Prism::NewlineOffsetsTest#"test_seattlerb/call_eq3.txt" = 0.01 s
[ 6121/26691] Prism::NewlineOffsetsTest#"test_seattlerb/safe_op_asgn2.txt" = 0.02 s
[ 6122/26691] Prism::NewlineOffsetsTest#"test_whitequark/return_block.txt" = 0.01 s
[ 6123/26691] Prism::NewlineOffsetsTest#"test_seattlerb/interpolated_symbol_array_line_breaks.txt" =
 0.02 s
[ 6124/26691] Prism::NewlineOffsetsTest#"test_whitequark/nil.txt" = 0.01 s
[ 6125/26691] Prism::NewlineOffsetsTest#"test_unparser/corpus/semantic/undef.txt" = 0.01 s
[ 6126/26691] Prism::NewlineOffsetsTest#"test_unparser/corpus/literal/super.txt" = 0.04 s
[ 6127/26691] Prism::NewlineOffsetsTest#"test_whitequark/forwarded_kwrestarg.txt" = 0.16 s
[ 6128/26691] Prism::NewlineOffsetsTest#"test_seattlerb/masgn_command_call.txt" = 0.02 s
[ 6129/26691] Prism::NewlineOffsetsTest#"test_seattlerb/block_command_operation_colon.txt" = 0.02 s
[ 6130/26691] Prism::NewlineOffsetsTest#"test_seattlerb/unary_minus.txt" = 0.02 s
[ 6131/26691] Prism::NewlineOffsetsTest#"test_numbers.txt" = 0.06 s
[ 6132/26691] Prism::NewlineOffsetsTest#"test_seattlerb/call_dot_parens.txt" = 0.01 s
[ 6133/26691] Prism::NewlineOffsetsTest#"test_seattlerb/and_multi.txt" = 0.01 s
[ 6134/26691] Prism::NewlineOffsetsTest#"test_seattlerb/heredoc_with_interpolation_and_carriage_retu
rn_escapes.txt" = 0.02 s
[ 6135/26691] Prism::NewlineOffsetsTest#"test_seattlerb/return_call_assocs.txt" = 0.03 s
[ 6136/26691] Prism::NewlineOffsetsTest#"test_heredoc.txt" = 0.01 s
[ 6137/26691] Prism::NewlineOffsetsTest#"test_whitequark/send_attr_asgn_conditional.txt" = 0.01 s
[ 6138/26691] Prism::NewlineOffsetsTest#"test_seattlerb/op_asgn_primary_colon_identifier_command_cal
l.txt" = 0.02 s
[ 6139/26691] Prism::NewlineOffsetsTest#"test_seattlerb/array_lits_trailing_calls.txt" = 0.02 s
[ 6140/26691] Prism::NewlineOffsetsTest#"test_whitequark/lvar.txt" = 0.01 s
[ 6141/26691] Prism::NewlineOffsetsTest#"test_seattlerb/array_line_breaks.txt" = 0.02 s
[ 6142/26691] Prism::NewlineOffsetsTest#"test_unparser/corpus/semantic/dstr.txt" = 0.11 s
[ 6143/26691] Prism::NewlineOffsetsTest#"test_whitequark/range_inclusive.txt" = 0.01 s
[ 6144/26691] Prism::NewlineOffsetsTest#"test_whitequark/array_assocs.txt" = 0.02 s
[ 6145/26691] Prism::NewlineOffsetsTest#"test_seattlerb/parse_line_heredoc_hardnewline.txt" = 0.02 s
[ 6146/26691] Prism::NewlineOffsetsTest#"test_seattlerb/bug_args_masgn.txt" = 0.02 s
[ 6147/26691] Prism::NewlineOffsetsTest#"test_seattlerb/case_in_47.txt" = 0.02 s
[ 6148/26691] Prism::NewlineOffsetsTest#"test_seattlerb/str_str.txt" = 0.02 s
[ 6149/26691] Prism::NewlineOffsetsTest#"test_seattlerb/call_assoc_new_if_multiline.txt" = 0.02 s
[ 6150/26691] Prism::NewlineOffsetsTest#"test_seattlerb/iter_kwarg_kwsplat.txt" = 0.12 s
[ 6151/26691] Prism::NewlineOffsetsTest#"test_seattlerb/pct_nl.txt" = 0.02 s
[ 6152/26691] Prism::NewlineOffsetsTest#"test_seattlerb/parse_line_dstr_soft_newline.txt" = 0.02 s
[ 6153/26691] Prism::NewlineOffsetsTest#"test_whitequark/module.txt" = 0.01 s
[ 6154/26691] Prism::NewlineOffsetsTest#"test_seattlerb/heredoc_comma_arg.txt" = 0.02 s
[ 6155/26691] Prism::NewlineOffsetsTest#"test_seattlerb/stabby_arg_no_paren.txt" = 0.01 s
[ 6156/26691] Prism::NewlineOffsetsTest#"test_return.txt" = 0.04 s
[ 6157/26691] Prism::NewlineOffsetsTest#"test_seattlerb/bug190.txt" = 0.01 s
[ 6158/26691] Prism::NewlineOffsetsTest#"test_whitequark/parser_bug_640.txt" = 0.02 s
[ 6159/26691] Prism::NewlineOffsetsTest#"test_while.txt" = 0.05 s
[ 6160/26691] Prism::NewlineOffsetsTest#"test_endless_range_in_conditional.txt" = 0.02 s
[ 6161/26691] Prism::NewlineOffsetsTest#"test_seattlerb/heredoc_with_only_carriage_returns_windows.t
xt" = 0.02 s
[ 6162/26691] Prism::NewlineOffsetsTest#"test_whitequark/cpath.txt" = 0.02 s
[ 6163/26691] Prism::NewlineOffsetsTest#"test_seattlerb/mlhs_mid_anonsplat.txt" = 0.02 s
[ 6164/26691] Prism::NewlineOffsetsTest#"test_seattlerb/str_pct_nested_nested.txt" = 0.02 s
[ 6165/26691] Prism::NewlineOffsetsTest#"test_seattlerb/block_args_opt2_2.txt" = 0.02 s
[ 6166/26691] Prism::NewlineOffsetsTest#"test_seattlerb/begin_rescue_else_ensure_bodies.txt" = 0.02
s
[ 6167/26691] Prism::NewlineOffsetsTest#"test_seattlerb/parse_pattern_044.txt" = 0.02 s
[ 6168/26691] Prism::NewlineOffsetsTest#"test_seattlerb/assoc__bare.txt" = 0.01 s
[ 6169/26691] Prism::NewlineOffsetsTest#"test_seattlerb/safe_call_rhs_newline.txt" = 0.02 s
[ 6170/26691] Prism::NewlineOffsetsTest#"test_constants.txt" = 0.16 s
[ 6171/26691] Prism::NewlineOffsetsTest#"test_seattlerb/iter_args_6.txt" = 0.02 s
[ 6172/26691] Prism::NewlineOffsetsTest#"test_seattlerb/attr_asgn_colon_id.txt" = 0.01 s
[ 6173/26691] Prism::NewlineOffsetsTest#"test_whitequark/casgn_unscoped.txt" = 0.01 s
[ 6174/26691] Prism::NewlineOffsetsTest#"test_seattlerb/__ENCODING__.txt" = 0.01 s
[ 6175/26691] Prism::NewlineOffsetsTest#"test_if.txt" = 0.06 s
[ 6176/26691] Prism::NewlineOffsetsTest#"test_arithmetic.txt" = 0.03 s
[ 6177/26691] Prism::NewlineOffsetsTest#"test_unparser/corpus/literal/lambda.txt" = 0.03 s
[ 6178/26691] Prism::NewlineOffsetsTest#"test_seattlerb/parse_line_multiline_str.txt" = 0.01 s
[ 6179/26691] Prism::NewlineOffsetsTest#"test_seattlerb/symbols_empty.txt" = 0.01 s
[ 6180/26691] Prism::NewlineOffsetsTest#"test_whitequark/ivasgn.txt" = 0.01 s
[ 6181/26691] Prism::NewlineOffsetsTest#"test_whitequark/endless_method_without_args.txt" = 0.02 s
[ 6182/26691] Prism::NewlineOffsetsTest#"test_whitequark/comments_before_leading_dot__27.txt" = 0.03
 s
[ 6183/26691] Prism::NewlineOffsetsTest#"test_seattlerb/call_args_assoc_quoted.txt" = 0.02 s
[ 6184/26691] Prism::NewlineOffsetsTest#"test_seattlerb/parse_opt_call_args_lit_comma.txt" = 0.01 s
[ 6185/26691] Prism::NewlineOffsetsTest#"test_seattlerb/parse_line_defn_no_parens.txt" = 0.02 s
[ 6186/26691] Prism::NewlineOffsetsTest#"test_whitequark/resbody_list.txt" = 0.02 s
[ 6187/26691] Prism::NewlineOffsetsTest#"test_seattlerb/difficult3__7.txt" = 0.02 s
[ 6188/26691] Prism::NewlineOffsetsTest#"test_whitequark/var_and_asgn.txt" = 0.01 s
[ 6189/26691] Prism::NewlineOffsetsTest#"test_seattlerb/heredoc__backslash_dos_format.txt" = 0.02 s
[ 6190/26691] Prism::NewlineOffsetsTest#"test_seattlerb/bug_comma.txt" = 0.01 s
[ 6191/26691] Prism::NewlineOffsetsTest#"test_seattlerb/call_leading_dots_comment.txt" = 0.02 s
[ 6192/26691] Prism::NewlineOffsetsTest#"test_seattlerb/bug_args__19.txt" = 0.02 s
[ 6193/26691] Prism::NewlineOffsetsTest#"test_seattlerb/call_assoc.txt" = 0.01 s
[ 6194/26691] Prism::NewlineOffsetsTest#"test_whitequark/bug_interp_single.txt" = 0.02 s
[ 6195/26691] Prism::NewlineOffsetsTest#"test_whitequark/until_mod.txt" = 0.01 s
[ 6196/26691] Prism::NewlineOffsetsTest#"test_whitequark/bug_435.txt" = 0.01 s
[ 6197/26691] Prism::NewlineOffsetsTest#"test_seattlerb/case_in_hash_pat_assign.txt" = 0.02 s
[ 6198/26691] Prism::NewlineOffsetsTest#"test_whitequark/string_dvar.txt" = 0.02 s
[ 6199/26691] Prism::NewlineOffsetsTest#"test_whitequark/until_post.txt" = 0.01 s
[ 6200/26691] Prism::NewlineOffsetsTest#"test_seattlerb/block_decomp_splat.txt" = 0.01 s
[ 6201/26691] Prism::NewlineOffsetsTest#"test_whitequark/lvasgn.txt" = 0.01 s
[ 6202/26691] Prism::NewlineOffsetsTest#"test_whitequark/numbered_args_after_27.txt" = 0.03 s
[ 6203/26691] Prism::NewlineOffsetsTest#"test_whitequark/endless_method_with_rescue_mod.txt" = 0.02
s
[ 6204/26691] Prism::NewlineOffsetsTest#"test_non_alphanumeric_methods.txt" = 0.08 s
[ 6205/26691] Prism::NewlineOffsetsTest#"test_seattlerb/quoted_symbol_keys.txt" = 0.01 s
[ 6206/26691] Prism::NewlineOffsetsTest#"test_whitequark/beginless_irange_after_newline.txt" = 0.01
s
[ 6207/26691] Prism::NewlineOffsetsTest#"test_seattlerb/parse_pattern_051.txt" = 0.02 s
[ 6208/26691] Prism::NewlineOffsetsTest#"test_whitequark/class_super.txt" = 0.01 s
[ 6209/26691] Prism::NewlineOffsetsTest#"test_seattlerb/method_call_assoc_trailing_comma.txt" = 0.01
 s
[ 6210/26691] Prism::NewlineOffsetsTest#"test_whitequark/space_args_arg_newline.txt" = 0.01 s
[ 6211/26691] Prism::NewlineOffsetsTest#"test_seattlerb/defs_endless_command.txt" = 0.01 s
[ 6212/26691] Prism::NewlineOffsetsTest#"test_seattlerb/block_args_opt3.txt" = 0.02 s
[ 6213/26691] Prism::NewlineOffsetsTest#"test_alias.txt" = 0.03 s
[ 6214/26691] Prism::NewlineOffsetsTest#"test_seattlerb/utf8_bom.txt" = 0.01 s
[ 6215/26691] Prism::NewlineOffsetsTest#"test_whitequark/dedenting_non_interpolating_heredoc_line_co
ntinuation.txt" = 0.02 s
[ 6216/26691] Prism::NewlineOffsetsTest#"test_whitequark/class.txt" = 0.01 s
[ 6217/26691] Prism::NewlineOffsetsTest#"test_unparser/corpus/literal/defs.txt" = 0.05 s
[ 6218/26691] Prism::NewlineOffsetsTest#"test_seattlerb/defn_forward_args.txt" = 0.01 s
[ 6219/26691] Prism::NewlineOffsetsTest#"test_seattlerb/parse_line_op_asgn.txt" = 0.11 s
[ 6220/26691] Prism::NewlineOffsetsTest#"test_whitequark/interp_digit_var.txt" = 0.07 s
[ 6221/26691] Prism::NewlineOffsetsTest#"test_whitequark/resbody_list_var.txt" = 0.02 s
[ 6222/26691] Prism::NewlineOffsetsTest#"test_seattlerb/qsymbols_interp.txt" = 0.02 s
[ 6223/26691] Prism::NewlineOffsetsTest#"test_whitequark/and.txt" = 0.02 s
[ 6224/26691] Prism::NewlineOffsetsTest#"test_unparser/corpus/literal/if.txt" = 0.05 s
[ 6225/26691] Prism::NewlineOffsetsTest#"test_seattlerb/pctW_lineno.txt" = 0.02 s
[ 6226/26691] Prism::NewlineOffsetsTest#"test_seattlerb/parse_line_dot2.txt" = 0.02 s
[ 6227/26691] Prism::NewlineOffsetsTest#"test_seattlerb/op_asgn_val_dot_ident_command_call.txt" = 0.
01 s
[ 6228/26691] Prism::NewlineOffsetsTest#"test_seattlerb/block_call_paren_call_block_call.txt" = 0.02
 s
[ 6229/26691] Prism::NewlineOffsetsTest#"test_seattlerb/stabby_block_iter_call_no_target_with_arg.tx
t" = 0.02 s
[ 6230/26691] Prism::NewlineOffsetsTest#"test_whitequark/undef.txt" = 0.01 s
[ 6231/26691] Prism::NewlineOffsetsTest#"test_seattlerb/call_args_command.txt" = 0.02 s
[ 6232/26691] Prism::NewlineOffsetsTest#"test_whitequark/send_self.txt" = 0.02 s
[ 6233/26691] Prism::NewlineOffsetsTest#"test_begin_ensure.txt" = 0.04 s
[ 6234/26691] Prism::NewlineOffsetsTest#"test_unparser/corpus/semantic/send.txt" = 0.02 s
[ 6235/26691] Prism::NewlineOffsetsTest#"test_seattlerb/heredoc_with_carriage_return_escapes_windows
.txt" = 0.01 s
[ 6236/26691] Prism::NewlineOffsetsTest#"test_seattlerb/safe_call_operator.txt" = 0.01 s
[ 6237/26691] Prism::NewlineOffsetsTest#"test_seattlerb/call_rshift.txt" = 0.01 s
[ 6238/26691] Prism::NewlineOffsetsTest#"test_seattlerb/str_interp_ternary_or_label.txt" = 0.02 s
[ 6239/26691] Prism::NewlineOffsetsTest#"test_whitequark/rescue_in_lambda_block.txt" = 0.01 s
[ 6240/26691] Prism::NewlineOffsetsTest#"test_seattlerb/call_self_brackets.txt" = 0.01 s
[ 6241/26691] Prism::NewlineOffsetsTest#"test_unparser/corpus/semantic/and.txt" = 0.03 s
[ 6242/26691] Prism::NewlineOffsetsTest#"test_whitequark/arg_scope.txt" = 0.01 s
[ 6243/26691] Prism::NewlineOffsetsTest#"test_seattlerb/str_lit_concat_bad_encodings.txt" = 0.01 s
[ 6244/26691] Prism::NewlineOffsetsTest#"test_seattlerb/module_comments.txt" = 0.02 s
[ 6245/26691] Prism::NewlineOffsetsTest#"test_seattlerb/call_spaceship.txt" = 0.01 s
[ 6246/26691] Prism::NewlineOffsetsTest#"test_seattlerb/case_in_86_2.txt" = 0.02 s
[ 6247/26691] Prism::NewlineOffsetsTest#"test_whitequark/complex.txt" = 0.02 s
[ 6248/26691] Prism::NewlineOffsetsTest#"test_seattlerb/iter_args_8_1.txt" = 0.02 s
[ 6249/26691] Prism::NewlineOffsetsTest#"test_unparser/corpus/literal/literal.txt" = 0.14 s
[ 6250/26691] Prism::NewlineOffsetsTest#"test_seattlerb/stabby_arg_opt_splat_arg_block_omfg.txt" = 0
.02 s
[ 6251/26691] Prism::NewlineOffsetsTest#"test_whitequark/bug_do_block_in_cmdarg.txt" = 0.01 s
[ 6252/26691] Prism::NewlineOffsetsTest#"test_whitequark/parser_bug_272.txt" = 0.01 s
[ 6253/26691] Prism::NewlineOffsetsTest#"test_whitequark/rescue_else.txt" = 0.02 s
[ 6254/26691] Prism::NewlineOffsetsTest#"test_whitequark/beginless_range.txt" = 0.02 s
[ 6255/26691] Prism::NewlineOffsetsTest#"test_seattlerb/iter_args_10_2.txt" = 0.01 s
[ 6256/26691] Prism::NewlineOffsetsTest#"test_seattlerb/heredoc_lineno.txt" = 0.02 s
[ 6257/26691] Prism::NewlineOffsetsTest#"test_seattlerb/read_escape_unicode_h4.txt" = 0.01 s
[ 6258/26691] Prism::NewlineOffsetsTest#"test_unparser/corpus/literal/case.txt" = 0.05 s
[ 6259/26691] Prism::NewlineOffsetsTest#"test_whitequark/empty_stmt.txt" = 0.01 s
[ 6260/26691] Prism::NewlineOffsetsTest#"test_spanning_heredoc_newlines.txt" = 0.03 s
[ 6261/26691] Prism::NewlineOffsetsTest#"test_seattlerb/evstr_str.txt" = 0.01 s
[ 6262/26691] Prism::NewlineOffsetsTest#"test_whitequark/case_expr.txt" = 0.02 s
[ 6263/26691] Prism::NewlineOffsetsTest#"test_whitequark/kwbegin_compstmt.txt" = 0.01 s
[ 6264/26691] Prism::NewlineOffsetsTest#"test_seattlerb/defined_eh_parens.txt" = 0.01 s
[ 6265/26691] Prism::NewlineOffsetsTest#"test_seattlerb/parse_line_heredoc_regexp_chars.txt" = 0.02
s
[ 6266/26691] Prism::NewlineOffsetsTest#"test_unparser/corpus/literal/pattern.txt" = 0.06 s
[ 6267/26691] Prism::NewlineOffsetsTest#"test_case.txt" = 0.06 s
[ 6268/26691] Prism::NewlineOffsetsTest#"test_unparser/corpus/literal/block.txt" = 0.12 s
[ 6269/26691] Prism::NewlineOffsetsTest#"test_seattlerb/parse_while_not_canonical.txt" = 0.02 s
[ 6270/26691] Prism::NewlineOffsetsTest#"test_whitequark/ruby_bug_11873_b.txt" = 0.02 s
[ 6271/26691] Prism::NewlineOffsetsTest#"test_seattlerb/heredoc_unicode.txt" = 0.01 s
[ 6272/26691] Prism::NewlineOffsetsTest#"test_seattlerb/non_interpolated_symbol_array_line_breaks.tx
t" = 0.02 s
[ 6273/26691] Prism::NewlineOffsetsTest#"test_seattlerb/call_lte.txt" = 0.01 s
[ 6274/26691] Prism::NewlineOffsetsTest#"test_whitequark/numparam_ruby_bug_19025.txt" = 0.11 s
[ 6275/26691] Prism::NewlineOffsetsTest#"test_whitequark/send_block_conditional.txt" = 0.01 s
[ 6276/26691] Prism::NewlineOffsetsTest#"test_whitequark/send_lambda_legacy.txt" = 0.01 s
[ 6277/26691] Prism::NewlineOffsetsTest#"test_seattlerb/block_optarg.txt" = 0.02 s
[ 6278/26691] Prism::NewlineOffsetsTest#"test_whitequark/alias_gvar.txt" = 0.01 s
[ 6279/26691] Prism::NewlineOffsetsTest#"test_seattlerb/unary_tilde.txt" = 0.01 s
[ 6280/26691] Prism::NewlineOffsetsTest#"test_seattlerb/masgn_double_paren.txt" = 0.01 s
[ 6281/26691] Prism::NewlineOffsetsTest#"test_whitequark/send_call.txt" = 0.02 s
[ 6282/26691] Prism::NewlineOffsetsTest#"test_seattlerb/parse_line_newlines.txt" = 0.01 s
[ 6283/26691] Prism::NewlineOffsetsTest#"test_unparser/corpus/literal/for.txt" = 0.03 s
[ 6284/26691] Prism::NewlineOffsetsTest#"test_seattlerb/non_interpolated_word_array_line_breaks.txt"
 = 0.02 s
[ 6285/26691] Prism::NewlineOffsetsTest#"test_multi_write.txt" = 0.02 s
[ 6286/26691] Prism::NewlineOffsetsTest#"test_whitequark/ruby_bug_10279.txt" = 0.10 s
[ 6287/26691] Prism::NewlineOffsetsTest#"test_seattlerb/parse_line_call_ivar_arg_no_parens_line_brea
k.txt" = 0.01 s
[ 6288/26691] Prism::NewlineOffsetsTest#"test_whitequark/cond_match_current_line.txt" = 0.02 s
[ 6289/26691] Prism::NewlineOffsetsTest#"test_whitequark/cond_eflipflop_with_beginless_range.txt" =
0.01 s
[ 6290/26691] Prism::NewlineOffsetsTest#"test_seattlerb/evstr_evstr.txt" = 0.02 s
[ 6291/26691] Prism::NewlineOffsetsTest#"test_seattlerb/block_arg_splat_arg.txt" = 0.01 s
[ 6292/26691] Prism::NewlineOffsetsTest#"test_seattlerb/call_pipe.txt" = 0.01 s
[ 6293/26691] Prism::NewlineOffsetsTest#"test_whitequark/array_symbols.txt" = 0.01 s
[ 6294/26691] Prism::NewlineOffsetsTest#"test_seattlerb/float_with_if_modifier.txt" = 0.01 s
[ 6295/26691] Prism::NewlineOffsetsTest#"test_seattlerb/dstr_str.txt" = 0.01 s
[ 6296/26691] Prism::NewlineOffsetsTest#"test_whitequark/defs.txt" = 0.02 s
[ 6297/26691] Prism::NewlineOffsetsTest#"test_unparser/corpus/literal/since/32.txt" = 0.03 s
[ 6298/26691] Prism::NewlineOffsetsTest#"test_seattlerb/do_lambda.txt" = 0.01 s
[ 6299/26691] Prism::NewlineOffsetsTest#"test_seattlerb/bug290.txt" = 0.01 s
[ 6300/26691] Prism::NewlineOffsetsTest#"test_whitequark/parser_bug_518.txt" = 0.01 s
[ 6301/26691] Prism::NewlineOffsetsTest#"test_whitequark/ruby_bug_12686.txt" = 0.01 s
[ 6302/26691] Prism::NewlineOffsetsTest#"test_whitequark/int.txt" = 0.02 s
[ 6303/26691] TestWeakKeyMap#test_aset_const = 0.03 s
[ 6304/26691] TestWeakKeyMap#test_map = 0.01 s
[ 6305/26691] TestWeakKeyMap#test_key? = 0.02 s
[ 6306/26691] TestWeakKeyMap#test_frozen_object = 0.01 s
[ 6307/26691] TestWeakKeyMap#test_getkey = 0.01 s
[ 6308/26691] TestWeakKeyMap#test_clear_bug_20691 = 100.58 s
[ 6309/26691] TestWeakKeyMap#test_gc_compact_stress = 133.02 s
[ 6310/26691] TestWeakKeyMap#test_no_hash_method = 0.01 s
[ 6311/26691] TestWeakKeyMap#test_delete = 0.01 s
[ 6312/26691] TestWeakKeyMap#test_inspect = 0.63 s
[ 6313/26691] TestWeakKeyMap#test_compaction = 11.89 s
[ 6314/26691] TestWeakKeyMap#test_clear = 0.01 s
[ 6315/26691] TestRDocParserRd#test_class_can_parse = 0.11 s
[ 6316/26691] TestRDocParserRd#test_file = 0.05 s
[ 6317/26691] TestRDocParserRd#test_scan = 3.08 s
[ 6318/26691] Reline::MacroTest#test_simple_input = 0.27 s
[ 6319/26691] Reline::MacroTest#test_alias = 0.49 s
[ 6320/26691] TestRDocParserRuby#test_get_class_or_module_document_children = 0.14 s
[ 6321/26691] TestRDocParserRuby#test_scan_markup_first_comment = 0.22 s
[ 6322/26691] TestRDocParserRuby#test_scan_block_comment = 0.22 s
[ 6323/26691] TestRDocParserRuby#test_parse_yield_in_braces_with_parens = 0.23 s
[ 6324/26691] TestRDocParserRuby#test_parse_class_nested_superclass = 0.13 s
[ 6325/26691] TestRDocParserRuby#test_scan_stopdoc_class_alias = 0.16 s
[ 6326/26691] TestRDocParserRuby#test_parse_comment_method_args = 0.10 s
[ 6327/26691] TestRDocParserRuby#test_parse_meta_method_singleton_name = 0.15 s
[ 6328/26691] TestRDocParserRuby#test_parse_comment_attr_stopdoc = 0.08 s
[ 6329/26691] TestRDocParserRuby#test_parse_method_gvar_insane = 0.20 s
[ 6330/26691] TestRDocParserRuby#test_scan_duplicate_module = 0.18 s
[ 6331/26691] TestRDocParserRuby#test_parse_class_lower_name_warning = 0.14 s
[ 6332/26691] TestRDocParserRuby#test_parse_statements_identifier_public_class_method = 0.30 s
[ 6333/26691] TestRDocParserRuby#test_sanity_interpolation_curly = 0.09 s
[ 6334/26691] TestRDocParserRuby#test_parse_alias = 0.11 s
[ 6335/26691] TestRDocParserRuby#test_parse_multi_ghost_methods = 0.37 s
[ 6336/26691] TestRDocParserRuby#test_parse_method_or_yield_parameters_hash = 0.08 s
[ 6337/26691] TestRDocParserRuby#test_parse_class_object = 0.26 s
[ 6338/26691] TestRDocParserRuby#test_parse_redefined_op_with_constant = 0.66 s
[ 6339/26691] TestRDocParserRuby#test_parse_statements_while_begin = 0.31 s
[ 6340/26691] TestRDocParserRuby#test_parse_meta_attr = 0.13 s
[ 6341/26691] TestRDocParserRuby#test_parse_heredoc_end = 0.26 s
[ 6342/26691] TestRDocParserRuby#test_sanity_interpolation = 0.12 s
[ 6343/26691] TestRDocParserRuby#test_parse_constant_stopdoc = 0.10 s
[ 6344/26691] TestRDocParserRuby#test_parse_include_by_dynamic_definition_with_brace = 0.42 s
[ 6345/26691] TestRDocParserRuby#test_parse_top_level_statements_stopdoc_integration = 0.18 s
[ 6346/26691] TestRDocParserRuby#test_parse_statements_identifier_require = 0.13 s
[ 6347/26691] TestRDocParserRuby#test_parse_class_colon3 = 0.17 s
[ 6348/26691] TestRDocParserRuby#test_parse_constant_rescue = 0.10 s
[ 6349/26691] TestRDocParserRuby#test_parse_class = 0.11 s
[ 6350/26691] TestRDocParserRuby#test_scan_rails_routes = 0.18 s
[ 6351/26691] TestRDocParserRuby#test_parse_comment_nested = 0.13 s
[ 6352/26691] TestRDocParserRuby#test_read_directive_no_comment = 0.07 s
[ 6353/26691] TestRDocParserRuby#test_parse_constant_attrasgn = 0.12 s
[ 6354/26691] TestRDocParserRuby#test_parse_statements_alias_method = 0.27 s
[ 6355/26691] TestRDocParserRuby#test_parse_method_utf8 = 0.16 s
[ 6356/26691] TestRDocParserRuby#test_parse_statements_postfix_if_unless_with_expr_mid = 0.31 s
[ 6357/26691] TestRDocParserRuby#test_parse_method_star = 0.11 s
[ 6358/26691] TestRDocParserRuby#test_parse_symbol_in_arg = 0.14 s
[ 6359/26691] TestRDocParserRuby#test_parse_module_nodoc = 0.10 s
[ 6360/26691] TestRDocParserRuby#test_parse_alias_stopdoc = 0.10 s
[ 6361/26691] TestRDocParserRuby#test_parse_method_false = 0.14 s
[ 6362/26691] TestRDocParserRuby#test_stopdoc_after_comment = 0.28 s
[ 6363/26691] TestRDocParserRuby#test_parse_method_toplevel_class = 0.14 s
[ 6364/26691] TestRDocParserRuby#test_parse_statements_identifier_module_function = 0.19 s
[ 6365/26691] TestRDocParserRuby#test_parse_statements_method_oneliner_with_regexp = 0.21 s
[ 6366/26691] TestRDocParserRuby#test_parse_class_single_gvar = 0.17 s
[ 6367/26691] TestRDocParserRuby#test_parse_attr = 0.12 s
[ 6368/26691] TestRDocParserRuby#test_scan_tomdoc_meta = 0.26 s
[ 6369/26691] TestRDocParserRuby#test_parse_class_single = 0.34 s
[ 6370/26691] TestRDocParserRuby#test_parse_postfix_nodoc = 0.28 s
[ 6371/26691] TestRDocParserRuby#test_get_class_or_module = 0.16 s
[ 6372/26691] TestRDocParserRuby#test_parse_top_level_statements_enddoc = 0.15 s
[ 6373/26691] TestRDocParserRuby#test_scan_markup_override = 0.21 s
[ 6374/26691] TestRDocParserRuby#test_scan_visibility_count = 0.51 s
[ 6375/26691] TestRDocParserRuby#test_get_class_or_module_ignore_constants = 0.10 s
[ 6376/26691] TestRDocParserRuby#test_parse_attr_accessor_writer = 0.13 s
[ 6377/26691] TestRDocParserRuby#test_scan_cr = 0.20 s
[ 6378/26691] TestRDocParserRuby#test_parse_class_in_a_file_repeatedly = 0.19 s
[ 6379/26691] TestRDocParserRuby#test_parse_meta_method_unknown = 0.11 s
[ 6380/26691] TestRDocParserRuby#test_read_documentation_modifiers_notnew = 0.08 s
[ 6381/26691] TestRDocParserRuby#test_parse_statements_enddoc = 0.08 s
[ 6382/26691] TestRDocParserRuby#test_sanity_symbol_interpolation = 0.08 s
[ 6383/26691] TestRDocParserRuby#test_parse_attr_accessor_nodoc_track = 0.13 s
[ 6384/26691] TestRDocParserRuby#test_scan_constant_nodoc_block = 0.20 s
[ 6385/26691] TestRDocParserRuby#test_parse_method_nodoc = 0.12 s
[ 6386/26691] TestRDocParserRuby#test_parse_method_alias = 0.16 s
[ 6387/26691] TestRDocParserRuby#test_look_for_directives_in_attr = 0.08 s
[ 6388/26691] TestRDocParserRuby#test_parse_symbol_in_paren_arg = 0.20 s
[ 6389/26691] TestRDocParserRuby#test_parse_method_constant = 0.13 s
[ 6390/26691] TestRDocParserRuby#test_scan_stopdoc = 0.17 s
[ 6391/26691] TestRDocParserRuby#test_parse_statements_identifier_private = 0.17 s
[ 6392/26691] TestRDocParserRuby#test_parse_method_bracket = 0.34 s
[ 6393/26691] TestRDocParserRuby#test_parse_comment_method_stopdoc = 0.08 s
[ 6394/26691] TestRDocParserRuby#test_look_for_directives_in_commented = 0.07 s
[ 6395/26691] TestRDocParserRuby#test_read_directive_one_liner = 0.09 s
[ 6396/26691] TestRDocParserRuby#test_parse_class_mistaken_for_module = 0.23 s
[ 6397/26691] TestRDocParserRuby#test_parse_statements_stopdoc_identifier_alias_method = 0.13 s
[ 6398/26691] TestRDocParserRuby#test_parse_instance_operation_method = 0.18 s
[ 6399/26691] TestRDocParserRuby#test_parse_percent_symbol = 0.07 s
[ 6400/26691] TestRDocParserRuby#test_parse_meta_attr_named = 0.12 s
[ 6401/26691] TestRDocParserRuby#test_parse_class_single_root = 0.12 s
[ 6402/26691] TestRDocParserRuby#test_sanity_interpolation_crazy = 0.12 s
[ 6403/26691] TestRDocParserRuby#test_parse_attr_accessor_stopdoc = 0.11 s
[ 6404/26691] TestRDocParserRuby#test_parse_class_nodoc = 0.10 s
[ 6405/26691] TestRDocParserRuby#test_parse_method_internal_gvar = 0.18 s
[ 6406/26691] TestRDocParserRuby#test_parse_statements_stopdoc_alias = 0.12 s
[ 6407/26691] TestRDocParserRuby#test_parse_constant_the_same_of_outside = 0.34 s
[ 6408/26691] TestRDocParserRuby#test_parse_class_ghost_method = 0.14 s
[ 6409/26691] TestRDocParserRuby#test_suppress_parents = 0.08 s
[ 6410/26691] TestRDocParserRuby#test_look_for_directives_in_method = 0.07 s
[ 6411/26691] TestRDocParserRuby#test_parse_statements_identifier_meta_method = 0.18 s
[ 6412/26691] TestRDocParserRuby#test_parse_statements_identifier_private_class_method = 0.30 s
[ 6413/26691] TestRDocParserRuby#test_collect_first_comment_encoding = 0.10 s
[ 6414/26691] TestRDocParserRuby#test_parse_statements_def_percent_string_pound = 0.24 s
[ 6415/26691] TestRDocParserRuby#test_parse_method_with_args_directive = 0.24 s
[ 6416/26691] TestRDocParserRuby#test_parse_statements_nodoc_identifier_alias = 0.12 s
[ 6417/26691] TestRDocParserRuby#test_parse_statements_class_nested = 0.16 s
[ 6418/26691] TestRDocParserRuby#test_parse_include_by_dynamic_definition_via_variable = 0.43 s
[ 6419/26691] TestRDocParserRuby#test_parse_constant = 0.10 s
[ 6420/26691] TestRDocParserRuby#test_parse_module = 0.10 s
[ 6421/26691] TestRDocParserRuby#test_parse_const_third_party = 0.30 s
[ 6422/26691] TestRDocParserRuby#test_parse_statements_super_no_method = 0.07 s
[ 6423/26691] TestRDocParserRuby#test_parse_method_ampersand = 0.11 s
[ 6424/26691] TestRDocParserRuby#test_parse_method_true = 0.15 s
[ 6425/26691] TestRDocParserRuby#test_parse_statements_enddoc_top_level = 0.14 s
[ 6426/26691] TestRDocParserRuby#test_parse_on_ignored_nl_with_nil_text = 0.23 s
[ 6427/26691] TestRDocParserRuby#test_parse_const_fail_w_meta = 0.22 s
[ 6428/26691] TestRDocParserRuby#test_parse_meta_method_string_name = 0.10 s
[ 6429/26691] TestRDocParserRuby#test_parse_method_parameters_comment_continue = 0.14 s
[ 6430/26691] TestRDocParserRuby#test_scan_meta_method_block = 0.31 s
[ 6431/26691] TestRDocParserRuby#test_parse_statements_identifier_alias_method_before_original_metho
d = 0.39 s
[ 6432/26691] TestRDocParserRuby#test_parse_class_singleton = 0.15 s
[ 6433/26691] TestRDocParserRuby#test_parse_method_nil = 0.14 s
[ 6434/26691] TestRDocParserRuby#test_parse_attr_accessor = 0.12 s
[ 6435/26691] TestRDocParserRuby#test_parse_included = 0.30 s
[ 6436/26691] TestRDocParserRuby#test_parse_top_level_statements_stopdoc = 0.08 s
[ 6437/26691] TestRDocParserRuby#test_parse_constant_in_method = 0.11 s
[ 6438/26691] TestRDocParserRuby#test_collect_first_comment = 0.10 s
[ 6439/26691] TestRDocParserRuby#test_parse_meta_attr_stopdoc = 0.11 s
[ 6440/26691] TestRDocParserRuby#test_parse_extend_or_include_include = 0.09 s
[ 6441/26691] TestRDocParserRuby#test_sanity_integer = 0.08 s
[ 6442/26691] TestRDocParserRuby#test_parse_meta_method_block = 0.18 s
[ 6443/26691] TestRDocParserRuby#test_parse_module_stopdoc = 0.10 s
[ 6444/26691] TestRDocParserRuby#test_scan_constant_in_method = 0.23 s
[ 6445/26691] TestRDocParserRuby#test_parse_statements_stopdoc_identifier_metaprogrammed = 0.09 s
[ 6446/26691] TestRDocParserRuby#test_parse_meta_method_define_method = 0.12 s
[ 6447/26691] TestRDocParserRuby#test_parse_statements_identifier_include = 0.13 s
[ 6448/26691] TestRDocParserRuby#test_parse_include_by_dynamic_definition_without_paren = 0.36 s
[ 6449/26691] TestRDocParserRuby#test_parse_syntax_error_code = 0.21 s
[ 6450/26691] TestRDocParserRuby#test_scan_constant_nodoc = 0.16 s
[ 6451/26691] TestRDocParserRuby#test_parse_statements_postfix_if_unless = 0.31 s
[ 6452/26691] TestRDocParserRuby#test_look_for_directives_in_section = 0.08 s
[ 6453/26691] TestRDocParserRuby#test_parse_statements_nodoc_identifier_alias_method = 0.13 s
[ 6454/26691] TestRDocParserRuby#test_parse_statements_stopdoc_def = 0.13 s
[ 6455/26691] TestRDocParserRuby#test_parse_comment_attr_attr_reader = 0.08 s
[ 6456/26691] TestRDocParserRuby#test_parse_const_alias_defined_far_away = 0.33 s
[ 6457/26691] TestRDocParserRuby#test_parse_meta_method_stopdoc = 0.13 s
[ 6458/26691] TestRDocParserRuby#test_suppress_parents_documented = 0.09 s
[ 6459/26691] TestRDocParserRuby#test_collect_first_comment_rd_hash = 0.10 s
[ 6460/26691] TestRDocParserRuby#test_parse_statements_super = 0.07 s
[ 6461/26691] TestRDocParserRuby#test_parse_statements_identifier_attr_accessor = 0.13 s
[ 6462/26691] TestRDocParserRuby#test_parse_statements_embdoc_in_document = 0.64 s
[ 6463/26691] TestRDocParserRuby#test_parse_top_level_statements_constant_nodoc_integration = 0.15 s
[ 6464/26691] TestRDocParserRuby#test_parse_statements_identifier_alias_method = 0.22 s
[ 6465/26691] TestRDocParserRuby#test_parse_module_relative_to_top_level_namespace = 0.18 s
[ 6466/26691] TestRDocParserRuby#test_scan_block_comment_notflush = 0.33 s
[ 6467/26691] TestRDocParserRuby#test_read_documentation_modifiers_not_new = 0.07 s
[ 6468/26691] TestRDocParserRuby#test_parse_method_funky = 0.13 s
[ 6469/26691] TestRDocParserRuby#test_parse_statements_encoding = 0.17 s
[ 6470/26691] TestRDocParserRuby#test_parse_comment_method = 0.10 s
[ 6471/26691] TestRDocParserRuby#test_read_directive = 0.07 s
[ 6472/26691] TestRDocParserRuby#test_scan_block_comment_nested = 0.21 s
[ 6473/26691] TestRDocParserRuby#test_parse_include_by_dynamic_definition = 0.36 s
[ 6474/26691] TestRDocParserRuby#test_parse_class_the_same_of_outside = 0.17 s
[ 6475/26691] TestRDocParserRuby#test_look_for_directives_in_unhandled = 0.07 s
[ 6476/26691] TestRDocParserRuby#test_parse_mutable_heredocbeg = 0.25 s
[ 6477/26691] TestRDocParserRuby#test_parse_method_no_parens = 0.17 s
[ 6478/26691] TestRDocParserRuby#test_parse_meta_attr_reader = 0.12 s
[ 6479/26691] TestRDocParserRuby#test_parse_statements_class_if = 0.25 s
[ 6480/26691] TestRDocParserRuby#test_parse_class_ghost_method_yields = 0.16 s
[ 6481/26691] TestRDocParserRuby#test_parse_method_parameters_with_paren_comment_continue = 0.54 s
[ 6482/26691] TestRDocParserRuby#test_parse_method_internal_ivar = 0.17 s
[ 6483/26691] TestRDocParserRuby#test_scan_method_semi_method = 0.34 s
[ 6484/26691] TestRDocParserRuby#test_parse_meta_method = 0.15 s
[ 6485/26691] TestRDocParserRuby#test_parse_extend_or_include_extend = 0.11 s
[ 6486/26691] TestRDocParserRuby#test_read_directive_linear_performance = 4.04 s
[ 6487/26691] TestRDocParserRuby#test_read_documentation_modifiers = 0.07 s
[ 6488/26691] TestRDocParserRuby#test_parse_attr_stopdoc = 0.10 s
[ 6489/26691] TestRDocParserRuby#test_parse_method_internal_lvar = 0.16 s
[ 6490/26691] TestRDocParserRuby#test_parse_statements_identifier_yields = 0.19 s
[ 6491/26691] TestRDocParserRuby#test_read_documentation_modifiers_not_dash_new = 0.07 s
[ 6492/26691] TestRDocParserRuby#test_parse_statements_postfix_if_after_heredocbeg = 0.24 s
[ 6493/26691] TestRDocParserRuby#test_read_directive_allow = 0.07 s
[ 6494/26691] TestRDocParserRuby#test_parse_meta_method_name = 0.14 s
[ 6495/26691] TestRDocParserRuby#test_parse_method_stopdoc = 0.13 s
[ 6496/26691] TestRDocParserRuby#test_parse_method_gvar = 0.13 s
[ 6497/26691] TestRDocParserRuby#test_get_symbol_or_name = 0.12 s
[ 6498/26691] TestRDocParserRuby#test_scan_visibility = 0.34 s
[ 6499/26691] TestRDocParserRuby#test_parse_require_dynamic_string = 0.16 s
[ 6500/26691] TestRDocParserRuby#test_parse_alias_singleton = 0.10 s
[ 6501/26691] TestRDocParserRuby#test_scan_constant_visibility = 0.29 s
[ 6502/26691] TestRDocParserRuby#test_parse_meta_attr_writer = 0.13 s
[ 6503/26691] TestRDocParserRuby#test_scan_constant_in_rescue = 0.55 s
[ 6504/26691] TestRDocParserRuby#test_end_that_doesnt_belong_to_class_doesnt_change_visibility = 0.2
3 s
[ 6505/26691] TestRDocParserRuby#test_parenthesized_cdecl = 0.21 s
[ 6506/26691] TestRDocParserRuby#test_parse_class_definition_encountered_after_class_reference = 0.2
0 s
[ 6507/26691] TestRDocParserRuby#test_parse_class_colon3_self_reference = 0.16 s
[ 6508/26691] TestRDocParserRuby#test_parse_statements_complex_condition_in_for = 0.39 s
[ 6509/26691] TestRDocParserRuby#test_parse_redefinable_methods = 1.31 s
[ 6510/26691] TestRDocParserRuby#test_get_class_specification = 0.12 s
[ 6511/26691] TestRDocParserRuby#test_parse_statements_identifier_attr = 0.13 s
[ 6512/26691] TestRDocParserRuby#test_parse_meta_attr_accessor = 0.11 s
[ 6513/26691] TestRDocParserRuby#test_parse_attr_accessor_nodoc = 0.11 s
[ 6514/26691] TestRDocParserRuby#test_parse_constant_alias_same_name = 0.11 s
[ 6515/26691] TestRDocParserRuby#test_parse_constant_with_bracket = 0.33 s
[ 6516/26691] TestRDocParserRuby#test_parse_class_multi_ghost_methods = 0.37 s
[ 6517/26691] TestRDocParserRuby#test_scan_stopdoc_nested = 0.13 s
[ 6518/26691] TestRDocParserRuby#test_parse_alias_meta = 0.09 s
[ 6519/26691] TestRDocParserRuby#test_parse_for_in = 0.28 s
[ 6520/26691] TestRDocParserRuby#test_scan_struct_self_brackets = 0.19 s
[ 6521/26691] TestRDocParserRuby#test_parse_include_by_dynamic_definition_directly = 0.33 s
[ 6522/26691] TestRDocParserRuby#test_parse_meta_method_singleton = 0.13 s
[ 6523/26691] TestRDocParserRuby#test_parse_method_nodoc_track = 0.11 s
[ 6524/26691] TestRDocParserRuby#test_document_after_rescue_inside_paren = 0.28 s
[ 6525/26691] TestRDocParserRuby#test_parse_constant_alias = 0.10 s
[ 6526/26691] TestRDocParserRuby#test_parse_const_alias_defined_elsewhere = 0.24 s
[ 6527/26691] TestRDocParserRuby#test_parse_statements_identifier_define_method = 0.26 s
[ 6528/26691] TestRDocParserRuby#test_singleton_method_via_eigenclass = 0.21 s
[ 6529/26691] TestRDocParserRuby#test_read_directive_empty = 0.07 s
[ 6530/26691] TestRDocParserRuby#test_parse_method = 0.15 s
[ 6531/26691] TestRDocParserRuby#test_parse_statements_stopdoc_constant = 0.12 s
[ 6532/26691] TestRDocParserRuby#test_parse_method_dummy = 0.09 s
[ 6533/26691] TestRDocParserRuby#test_parse_statements_identifier_constant = 1.24 s
[ 6534/26691] TestRDocParserRuby#test_parse_method_toplevel = 0.13 s
[ 6535/26691] TestRDocParserRuby#test_scan_class_nested_nodoc = 0.12 s
[ 6536/26691] TestRDocParserRuby#test_parse_call_syntax_sugar_for_constant = 0.16 s
[ 6537/26691] TestRDocParserRuby#test_parse_class_stopdoc = 0.09 s
[ 6538/26691] TestRDocParserRuby#test_parse_attr_accessor_with_newline = 0.16 s
[ 6539/26691] TestRDocParserRuby#test_parse_comment_attr = 0.09 s
[ 6540/26691] TestRDocParserRuby#test_sanity_interpolation_format = 0.09 s
[ 6541/26691] TestRDocParserRuby#test_parse_statements_identifier_args = 0.19 s
[ 6542/26691] TestRDocParserRuby#test_parse_method_parameters_comment = 0.13 s
[ 6543/26691] Complex_Test2#test_kumi = 0.73 s
[ 6544/26691] Complex_Test2#test_kumi2 = 0.10 s
[ 6545/26691] TestOptionParserAutoConf#test_enable = 0.05 s
[ 6546/26691] TestOptionParserAutoConf#test_with = 0.03 s
[ 6547/26691] TestOptionParserAutoConf#test_disable = 0.03 s
[ 6548/26691] TestOptionParserAutoConf#test_enable_value = 0.03 s
[ 6549/26691] TestOptionParserAutoConf#test_help = 0.04 s
[ 6550/26691] TestOptionParserAutoConf#test_without = 0.06 s
[ 6551/26691] TestIter::IterBreak#test_iter_break = 0.01 s
[ 6552/26691] OpenSSL::TestPair#test_write_zero = 1.23 s
[ 6553/26691] OpenSSL::TestPair#test_readline = 1.20 s
[ 6554/26691] OpenSSL::TestPair#test_write_multiple_arguments = 1.28 s
[ 6555/26691] OpenSSL::TestPair#test_read_with_outbuf = 1.21 s
[ 6556/26691] OpenSSL::TestPair#test_puts_empty = 1.20 s
[ 6557/26691] OpenSSL::TestPair#test_connect_accept_nonblock = 1.63 s
[ 6558/26691] OpenSSL::TestPair#test_readpartial = 1.34 s
[ 6559/26691] OpenSSL::TestPair#test_gets_eof_limit = 1.20 s
[ 6560/26691] OpenSSL::TestPair#test_gets = 1.51 s
[ 6561/26691] OpenSSL::TestPair#test_read_nonblock = 1.21 s
[ 6562/26691] OpenSSL::TestPair#test_partial_tls_record_read_nonblock = 1.20 s
[ 6563/26691] OpenSSL::TestPair#test_getc = 1.20 s
[ 6564/26691] OpenSSL::TestPair#test_read_nonblock_no_exception = 1.20 s
[ 6565/26691] OpenSSL::TestPair#test_write_nonblock = 1.29 s
[ 6566/26691] OpenSSL::TestPair#test_write_nonblock_retry = 1.39 s
[ 6567/26691] OpenSSL::TestPair#test_multibyte_read_write = 1.22 s
[ 6568/26691] OpenSSL::TestPair#test_write_nonblock_with_buffered_data = 1.25 s
[ 6569/26691] OpenSSL::TestPair#test_write_nonblock_with_buffered_data_no_exceptions = 1.30 s
[ 6570/26691] OpenSSL::TestPair#test_readbyte_eof = 1.20 s
[ 6571/26691] OpenSSL::TestPair#test_connect_accept_nonblock_no_exception = 1.18 s
[ 6572/26691] OpenSSL::TestPair#test_readbyte = 1.19 s
[ 6573/26691] OpenSSL::TestPair#test_readall = 1.19 s
[ 6574/26691] OpenSSL::TestPair#test_gets_chomp = 1.20 s
[ 6575/26691] OpenSSL::TestPair#test_getbyte = 2.55 s
[ 6576/26691] OpenSSL::TestPair#test_write_nonblock_no_exceptions = 1.28 s
[ 6577/26691] Test_SPrintf#"test_format_integer(%#+05d)" = 0.07 s
[ 6578/26691] Test_SPrintf#"test_format_integer(% #-00.d)" = 0.07 s
[ 6579/26691] Test_SPrintf#"test_format_integer(%+-05.0d)" = 0.07 s
[ 6580/26691] Test_SPrintf#"test_format_integer(%#+05.d)" = 0.07 s
[ 6581/26691] Test_SPrintf#"test_format_integer(% +-20d)" = 0.07 s
[ 6582/26691] Test_SPrintf#test_string_prec = 0.01 s
[ 6583/26691] Test_SPrintf#"test_format_integer(%.0d)" = 0.07 s
[ 6584/26691] Test_SPrintf#"test_format_integer(%d)" = 0.07 s
[ 6585/26691] Test_SPrintf#"test_format_integer(% #0.d)" = 0.07 s
[ 6586/26691] Test_SPrintf#"test_format_integer(%+-0d)" = 0.07 s
[ 6587/26691] Test_SPrintf#"test_format_integer(% #+-00.d)" = 0.07 s
[ 6588/26691] Test_SPrintf#"test_format_integer(% #-020.d)" = 0.07 s
[ 6589/26691] Test_SPrintf#"test_format_integer(%#+0.d)" = 0.07 s
[ 6590/26691] Test_SPrintf#"test_format_integer(%5.0d)" = 0.07 s
[ 6591/26691] Test_SPrintf#"test_format_integer(% +-0d)" = 0.07 s
[ 6592/26691] Test_SPrintf#"test_format_integer(% +-20.0d)" = 0.07 s
[ 6593/26691] Test_SPrintf#test_snprintf_count = 0.01 s
[ 6594/26691] Test_SPrintf#"test_format_integer(% #-020d)" = 0.07 s
[ 6595/26691] Test_SPrintf#"test_format_integer(%5d)" = 0.07 s
[ 6596/26691] Test_SPrintf#test_quote = 0.01 s
[ 6597/26691] Test_SPrintf#"test_format_integer(% +-0.0d)" = 0.07 s
[ 6598/26691] Test_SPrintf#test_encoding = 0.01 s
[ 6599/26691] Test_SPrintf#test_to_str = 0.01 s
[ 6600/26691] Test_SPrintf#"test_format_integer(% #20d)" = 0.07 s
[ 6601/26691] Test_SPrintf#test_inspect = 0.01 s
[ 6602/26691] Test_SPrintf#"test_format_integer(% #+-020d)" = 0.07 s
[ 6603/26691] Test_SPrintf#"test_format_integer(%#+0d)" = 0.06 s
[ 6604/26691] Test_SPrintf#"test_format_integer(% #-00d)" = 0.07 s
[ 6605/26691] TestSprintf#test_negative_width_overflow = 0.02 s
[ 6606/26691] TestSprintf#test_named_untyped_enc = 0.06 s
[ 6607/26691] TestSprintf#test_rb_sprintf = 0.01 s
[ 6608/26691] TestSprintf#test_negative_hex = 0.01 s
[ 6609/26691] TestSprintf#test_rational_precision = 0.01 s
[ 6610/26691] TestSprintf#test_float_hex = 0.04 s
[ 6611/26691] TestSprintf#test_percent_sign_at_end = 0.02 s
[ 6612/26691] TestSprintf#test_coderange = 0.01 s
[ 6613/26691] TestSprintf#test_integer = 0.03 s
[ 6614/26691] TestSprintf#test_nan = 0.03 s
[ 6615/26691] TestSprintf#test_float2 = 0.01 s
[ 6616/26691] TestSprintf#test_char = 0.02 s
[ 6617/26691] TestSprintf#test_binary_format_coderange = 0.87 s
[ 6618/26691] TestSprintf#test_named_with_nil = 0.01 s
[ 6619/26691] TestSprintf#test_named_untyped = 0.03 s
[ 6620/26691] TestSprintf#test_skip = 0.01 s
[ 6621/26691] TestSprintf#test_invalid = 0.06 s
[ 6622/26691] TestSprintf#test_escape = 0.01 s
[ 6623/26691] TestSprintf#test_binary = 0.06 s
[ 6624/26691] TestSprintf#test_named_default = 0.01 s
[ 6625/26691] TestSprintf#test_hash = 0.01 s
[ 6626/26691] TestSprintf#test_star = 0.02 s
[ 6627/26691] TestSprintf#test_float = 0.01 s
[ 6628/26691] TestSprintf#test_named_typed = 0.03 s
[ 6629/26691] TestSprintf#test_bignum = 0.01 s
[ 6630/26691] TestSprintf#test_width_underflow = 0.01 s
[ 6631/26691] TestSprintf#test_named_typed_enc = 0.06 s
[ 6632/26691] TestSprintf#test_rational = 79.81 s
[ 6633/26691] TestSprintf#test_inf = 0.06 s
[ 6634/26691] TestSprintf#test_inspect = 0.01 s
[ 6635/26691] TestSprintf#test_float_prec = 0.02 s
[ 6636/26691] TestSprintf#test_positional = 0.01 s
[ 6637/26691] TestSprintf#test_string = 0.01 s
[ 6638/26691] TestClone#test_user_flags = 27.24 s
[ 6639/26691] TestClone#test_clone = 0.03 s
[ 6640/26691] TestClone#test_ivar_retained_on_clone = 0.01 s
[ 6641/26691] TestClone#test_ivars_retained_on_extended_obj_clone = 0.02 s
[ 6642/26691] TestClone#test_frozen_properties_retained_on_clone = 0.01 s
[ 6643/26691] TestClone#test_frozen_properties_and_ivars_retained_on_clone_with_ivar = 0.01 s
[ 6644/26691] TestClone#test_proc_obj_id_flag_reset = 0.01 s
[ 6645/26691] OpenSSL::TestPKey#test_hmac_sign_verify = 0.04 s
[ 6646/26691] OpenSSL::TestPKey#test_to_text = 0.24 s
[ 6647/26691] OpenSSL::TestPKey#test_s_generate_parameters_with_block = 0.02 s
[ 6648/26691] OpenSSL::TestPKey#test_x25519 = 0.32 s
[ 6649/26691] OpenSSL::TestPKey#test_ed25519 = 0.39 s
[ 6650/26691] OpenSSL::TestPKey#test_s_generate_parameters = 0.03 s
[ 6651/26691] OpenSSL::TestPKey#test_compare? = 1.07 s
[ 6652/26691] OpenSSL::TestPKey#test_s_generate_key = 0.12 s
[ 6653/26691] OpenSSL::TestPKey#test_generic_oid_inspect = 0.59 s
[ 6654/26691] Test_StringEncStrBufCat#test_unknown = 0.02 s
[ 6655/26691] Test_StringEncStrBufCat#test_str_conv_enc = 0.01 s
[ 6656/26691] TestGemCommand#test_invoke_with_bad_options = 0.70 s
[ 6657/26691] TestGemCommand#test_show_lookup_failure_suggestions_none = 0.82 s
[ 6658/26691] TestGemCommand#test_self_extra_args = 0.57 s
[ 6659/26691] TestGemCommand#test_invoke = 0.53 s
[ 6660/26691] TestGemCommand#test_invoke_with_build_args = 0.54 s
[ 6661/26691] TestGemCommand#test_invoke_with_options = 0.58 s
[ 6662/26691] TestGemCommand#test_self_add_specific_extra_args = 0.56 s
[ 6663/26691] TestGemCommand#test_deprecate_option = 0.56 s
[ 6664/26691] TestGemCommand#test_invoke_with_help = 0.64 s
[ 6665/26691] TestGemCommand#test_defaults = 0.62 s
[ 6666/26691] TestGemCommand#test_add_option = 0.52 s
[ 6667/26691] TestGemCommand#test_option_recognition = 0.75 s
[ 6668/26691] TestGemCommand#test_self_add_specific_extra_args_unknown = 0.56 s
[ 6669/26691] TestGemCommand#test_common_option_in_class = 0.49 s
[ 6670/26691] TestGemCommand#test_invoke_with_common_options = 0.57 s
[ 6671/26691] TestGemCommand#test_deprecate_option_extra_message_and_no_version = 0.55 s
[ 6672/26691] TestGemCommand#test_basic_accessors = 0.49 s
[ 6673/26691] TestGemCommand#test_show_lookup_failure_suggestions_local = 0.78 s
[ 6674/26691] TestGemCommand#test_add_option_with_empty = 0.57 s
[ 6675/26691] TestGemCommand#test_deprecate_option_extra_message = 0.54 s
[ 6676/26691] TestGemCommand#test_show_lookup_failure_suggestions_remote = 0.76 s
[ 6677/26691] TestGemCommand#test_deprecate_option_no_version = 0.62 s
[ 6678/26691] TestDateMarshal#test_marshal = 0.06 s
[ 6679/26691] TestDateMarshal#test_memsize = 0.01 s
[ 6680/26691] TestIRB::DebuggerIntegrationTest#test_info = 0.05 s
[ 6681/26691] TestIRB::DebuggerIntegrationTest#test_exit = 0.04 s
[ 6682/26691] TestIRB::DebuggerIntegrationTest#test_next = 0.04 s
[ 6683/26691] TestIRB::DebuggerIntegrationTest#test_step = 0.04 s
[ 6684/26691] TestIRB::DebuggerIntegrationTest#test_irb_switches_debugger_interface_if_debug_was_alr
eady_activated = 0.04 s
[ 6685/26691] TestIRB::DebuggerIntegrationTest#test_catch = 0.04 s
[ 6686/26691] TestIRB::DebuggerIntegrationTest#test_irb_commands_are_available_after_moving_around_w
ith_the_debugger = 0.04 s
[ 6687/26691] TestIRB::DebuggerIntegrationTest#test_help_command_is_delegated_to_the_debugger = 0.04
 s
[ 6688/26691] TestIRB::DebuggerIntegrationTest#test_debug_command_can_only_be_called_from_binding_ir
b = 0.04 s
[ 6689/26691] TestIRB::DebuggerIntegrationTest#test_help_display_different_content_when_debugger_is_
enabled = 0.04 s
[ 6690/26691] TestIRB::DebuggerIntegrationTest#test_input_is_evaluated_in_the_context_of_the_current
_thread = 0.04 s
[ 6691/26691] TestIRB::DebuggerIntegrationTest#test_debug_command_only_runs_once = 0.04 s
[ 6692/26691] TestIRB::DebuggerIntegrationTest#test_irb_command_can_check_local_variables = 0.04 s
[ 6693/26691] TestIRB::DebuggerIntegrationTest#test_debugger_cant_be_activated_while_multi_irb_is_ac
tive = 0.04 s
[ 6694/26691] TestIRB::DebuggerIntegrationTest#test_prompt_line_number_continues = 0.04 s
[ 6695/26691] TestIRB::DebuggerIntegrationTest#test_backtrace = 0.04 s
[ 6696/26691] TestIRB::DebuggerIntegrationTest#test_debug = 0.04 s
[ 6697/26691] TestIRB::DebuggerIntegrationTest#test_continue = 0.04 s
[ 6698/26691] TestIRB::DebuggerIntegrationTest#test_quit = 0.04 s
[ 6699/26691] TestIRB::DebuggerIntegrationTest#test_multi_irb_commands_are_not_available_after_activ
ating_the_debugger = 0.04 s
[ 6700/26691] TestIRB::DebuggerIntegrationTest#test_prompt_irb_name_is_kept = 0.04 s
[ 6701/26691] TestIRB::DebuggerIntegrationTest#test_irb_passes_empty_input_to_debugger_to_repeat_the
_last_command = 0.04 s
[ 6702/26691] TestIRB::DebuggerIntegrationTest#test_delete = 0.04 s
[ 6703/26691] TestIRB::DebuggerIntegrationTest#test_long_stepping = 0.04 s
[ 6704/26691] TestIRB::DebuggerIntegrationTest#test_finish = 0.04 s
[ 6705/26691] TestIRB::DebuggerIntegrationTest#test_force_exit = 0.04 s
[ 6706/26691] TestIRB::DebuggerIntegrationTest#test_break = 0.04 s
[ 6707/26691] TestGBK#test_left_adjust_char_head = 0.01 s
[ 6708/26691] TestGBK#test_mbc_case_fold = 0.01 s
[ 6709/26691] TestGBK#test_mbc_enc_len = 0.01 s
[ 6710/26691] TestGBK#test_code_to_mbc = 0.01 s
[ 6711/26691] TestGBK#test_mbc_to_code = 0.01 s
[ 6712/26691] TestMemoryView#test_rb_memory_view_extract_item_members_doble_endianness = 0.02 s
[ 6713/26691] TestMemoryView#test_rb_memory_view_get_item_pointer_single_member = 0.02 s
[ 6714/26691] TestMemoryView#test_rb_memory_view_get_item_pointer_multiple_members = 0.02 s
[ 6715/26691] TestMemoryView#test_rb_memory_view_extract_item_members_doble = 0.01 s
[ 6716/26691] TestMemoryView#test_ref_count_with_exported_object = 0.01 s
[ 6717/26691] TestMemoryView#test_rb_memory_view_item_size_from_format_error = 0.01 s
[ 6718/26691] TestMemoryView#test_rb_memory_view_register_duplicated = 0.01 s
[ 6719/26691] TestMemoryView#test_ractor = 2.66 s
[ 6720/26691] TestMemoryView#test_rb_memory_view_parse_item_format = 0.02 s
[ 6721/26691] TestMemoryView#test_rb_memory_view_item_size_from_format = 0.07 s
[ 6722/26691] TestMemoryView#test_rb_memory_view_parse_item_format_with_alignment_compound = 0.02 s
[ 6723/26691] TestMemoryView#test_rb_memory_view_item_size_from_format_composed = 0.01 s
[ 6724/26691] TestMemoryView#test_rb_memory_view_extract_item_members_float_endianness = 0.01 s
[ 6725/26691] TestMemoryView#test_rb_memory_view_available_p = 0.01 s
[ 6726/26691] TestMemoryView#test_rb_memory_view_parse_item_format_with_alignment_signle = 0.14 s
[ 6727/26691] TestMemoryView#test_rb_memory_view_fill_contiguous_strides = 0.01 s
[ 6728/26691] TestMemoryView#test_rb_memory_view_extract_item_members_endianness = 0.02 s
[ 6729/26691] TestMemoryView#test_rb_memory_view_extract_item_members = 0.01 s
[ 6730/26691] TestMemoryView#test_rb_memory_view_register_nonclass = 0.01 s
[ 6731/26691] TestMemoryView#test_rb_memory_view_get_with_memory_view_unavailable_object = 0.01 s
[ 6732/26691] TestMemoryView#test_rb_memory_view_parse_item_format_with_alignment_total_size_with_ta
il_padding = 0.01 s
[ 6733/26691] TestMemoryView#test_rb_memory_view_extract_item_members_float = 0.01 s
[ 6734/26691] TestMemoryView#test_rb_memory_view_item_size_from_format_with_spaces = 0.01 s
[ 6735/26691] TestMemoryView#test_rb_memory_view_init_as_byte_array = 0.01 s
[ 6736/26691] Reline::KeyStroke::Test#test_expand = 0.55 s
[ 6737/26691] Reline::KeyStroke::Test#test_multibyte_matching = 0.26 s
[ 6738/26691] Reline::KeyStroke::Test#test_match_unknown = 0.34 s
[ 6739/26691] Reline::KeyStroke::Test#test_oneshot_key_bindings = 0.25 s
[ 6740/26691] Reline::KeyStroke::Test#test_match_status = 0.25 s
[ 6741/26691] TestStringIOInRactor#test_ractor = 2.53 s
[ 6742/26691] TestIRB::RelineInputMethodTest#test_initialization_with_use_autocomplete_but_without_r
doc = 0.06 s
[ 6743/26691] TestIRB::RelineInputMethodTest#test_initialization_with_use_autocomplete = 0.25 s
[ 6744/26691] TestIRB::RelineInputMethodTest#test_initialization = 0.25 s
[ 6745/26691] TestIRB::RelineInputMethodTest#test_colorize = 0.53 s
[ 6746/26691] TestIRB::RelineInputMethodTest#test_initialization_without_use_autocomplete = 0.25 s
[ 6747/26691] Test_Proc::TestBMethod#test_super_in_bmethod = 0.01 s
[ 6748/26691] Test_Proc::TestBMethod#test_block_super = 0.01 s
[ 6749/26691] Test_Proc::TestBMethod#test_receiver_in_bmethod = 0.01 s
[ 6750/26691] TestOptionParserGetopts#test_short_arg = 0.07 s
[ 6751/26691] TestOptionParserGetopts#test_short_noarg = 0.05 s
[ 6752/26691] TestOptionParserGetopts#test_long_arg = 0.06 s
[ 6753/26691] TestOptionParserGetopts#test_long_noarg = 0.05 s
[ 6754/26691] TestRubyOptions#test_null_script = 2.46 s
[ 6755/26691] TestRubyOptions#test_free_at_exit_env_var = 11.09 s
[ 6756/26691] TestRubyOptions#test_enable = 4.19 s
[ 6757/26691] TestRubyOptions#test_frozen_string_literal = 23.12 s
[ 6758/26691] TestRubyOptions#test_autosplit = 2.45 s
[ 6759/26691] TestRubyOptions#test_kanji = 24.39 s
[ 6760/26691] TestRubyOptions#test_crash_report_executable_path = 11.20 s
[ 6761/26691] TestRubyOptions#test_source_file = 2.75 s
[ 6762/26691] TestRubyOptions#test_option_variables = 4.89 s
[ 6763/26691] TestRubyOptions#test_cwd_encoding = 7.83 s
[ 6764/26691] TestRubyOptions#test_separator = 12.32 s
[ 6765/26691] TestRubyOptions#test_chdir = 8.69 s
[ 6766/26691] TestRubyOptions#test_indentation_check = 360.16 s
[ 6767/26691] TestRubyOptions#test_segv_test = 2.63 s
[ 6768/26691] TestRubyOptions#test_disable = 19.21 s
[ 6769/26691] TestRubyOptions#test_flag_in_shebang = 5.40 s
[ 6770/26691] TestRubyOptions#test_option_missing_argument = 12.37 s
[ 6771/26691] TestRubyOptions#test_assignment_in_conditional = 15.28 s
[ 6772/26691] TestRubyOptions#test_script_is_directory = 1.93 s
[ 6773/26691] TestRubyOptions#test_dump_yydebug_with_rflag = 7.96 s
[ 6774/26691] TestRubyOptions#test_search = 4.95 s
[ 6775/26691] TestRubyOptions#test_unmatching_glob = 4.45 s
[ 6776/26691] TestRubyOptions#test_version = 1.79 s
[ 6777/26691] TestRubyOptions#test_include = 5.22 s
[ 6778/26691] TestRubyOptions#test_eval = 1.75 s
[ 6779/26691] TestRubyOptions#test_backtrace_limit = 30.30 s
[ 6780/26691] TestRubyOptions#test_crash_report_pipe = 5.09 s
[ 6781/26691] TestRubyOptions#test_invalid_option = 9.26 s
[ 6782/26691] TestRubyOptions#test_dump_parsetree_with_rflag = 15.71 s
[ 6783/26691] TestRubyOptions#test_set_program_name = 17.72 s
[ 6784/26691] TestRubyOptions#test_pflag_gsub = 2.46 s
[ 6785/26691] TestRubyOptions#test_dump_parsetree_error_tolerant = 1.77 s
[ 6786/26691] TestRubyOptions#test_crash_report_script = 11.77 s
[ 6787/26691] TestRubyOptions#test_rubyopt = 39.16 s
[ 6788/26691] TestRubyOptions#test_rjit_disabled_version = 0.01 s
[ 6789/26691] TestRubyOptions#test_frozen_string_literal_debug_chilled_strings = 10.04 s
[ 6790/26691] TestRubyOptions#test_enabled_gc = 0.04 s
[ 6791/26691] TestRubyOptions#test_crash_report_script_path = 11.27 s
[ 6792/26691] TestRubyOptions#test_yydebug = 1.78 s
[ 6793/26691] TestRubyOptions#test_copyright = 4.18 s
[ 6794/26691] TestRubyOptions#test_program_name = 45.54 s
[ 6795/26691] TestRubyOptions#test_rubylib_invalid_encoding = 7.72 s
[ 6796/26691] TestRubyOptions#test_shebang = 29.64 s
[ 6797/26691] TestRubyOptions#test_rjit_version = 0.01 s
[ 6798/26691] TestRubyOptions#test_parser_flag = 15.09 s
[ 6799/26691] TestRubyOptions#test_frozen_string_literal_debug = 79.77 s
[ 6800/26691] TestRubyOptions#test_verbose = 7.13 s
[ 6801/26691] TestRubyOptions#test_DATA = 2.48 s
[ 6802/26691] TestRubyOptions#test_warning = 101.67 s
[ 6803/26691] TestRubyOptions#test_notfound = 4.36 s
[ 6804/26691] TestRubyOptions#test_debug = 7.18 s
[ 6805/26691] TestRubyOptions#test_dump_syntax_with_rflag = 7.58 s
[ 6806/26691] TestRubyOptions#test_syntax_check = 36.72 s
[ 6807/26691] TestRubyOptions#test_script_from_stdin = 15.18 s
[ 6808/26691] TestRubyOptions#test_dump_insns_with_rflag = 4.34 s
[ 6809/26691] TestRubyOptions#test_toplevel_ruby = 17.43 s
[ 6810/26691] TestRubyOptions#test_require = 10.95 s
[ 6811/26691] TestRubyOptions#test___dir__encoding = 7.68 s
[ 6812/26691] TestRubyOptions#test_encoding = 13.92 s
[ 6813/26691] TestRubyOptions#test_usage = 1.75 s
[ 6814/26691] TestRubyOptions#test_crash_report = 11.15 s
[ 6815/26691] TestRubyOptions#test_segv_setproctitle = 2.69 s
[ 6816/26691] TestRubyOptions#test_pflag_sub = 2.45 s
[ 6817/26691] TestRubyOptions#test_unused_variable = 25.57 s
[ 6818/26691] TestRubyOptions#test_segv_loaded_features = 2.69 s
[ 6819/26691] TestRubyOptions#test_setproctitle = 26.95 s
[ 6820/26691] TestRubyOptions#test_usage_long = 1.77 s
[ 6821/26691] TestRubyOptions#test_sflag = 7.34 s
[ 6822/26691] TestTRICK2022#test_03_mame = 1.94 s
[ 6823/26691] TestTRICK2022#test_02_tompng = 1.96 s
[ 6824/26691] TestTRICK2022#test_01_tompng = 1.76 s
[ 6825/26691] Emoji::TestKDDI#test_comparison = 0.04 s
[ 6826/26691] Emoji::TestKDDI#test_to_utf8 = 0.12 s
[ 6827/26691] Emoji::TestKDDI#test_to_docomo = 0.14 s
[ 6828/26691] Emoji::TestKDDI#test_encoding_name = 0.08 s
[ 6829/26691] Emoji::TestKDDI#test_from_utf8 = 0.03 s
[ 6830/26691] Emoji::TestKDDI#test_from_iso2022jp = 0.02 s
[ 6831/26691] Emoji::TestKDDI#test_to_eucjp = 0.03 s
[ 6832/26691] Emoji::TestKDDI#test_from_sjis = 0.02 s
[ 6833/26691] Emoji::TestKDDI#test_to_softbank = 0.13 s
[ 6834/26691] Emoji::TestKDDI#test_to_sjis = 0.03 s
[ 6835/26691] Emoji::TestKDDI#test_kddi = 0.03 s
[ 6836/26691] TestRDocRdBlockParser#test_parse_itemlist_verbatim_continue = 0.16 s
[ 6837/26691] TestRDocRdBlockParser#test_parse_enumlist_verbatim_continue = 0.11 s
[ 6838/26691] TestRDocRdBlockParser#test_parse_itemlist_multiline = 0.08 s
[ 6839/26691] TestRDocRdBlockParser#test_parse_itemlist = 0.10 s
[ 6840/26691] TestRDocRdBlockParser#test_parse_lists_nest_verbatim = 0.22 s
[ 6841/26691] TestRDocRdBlockParser#test_parse_enumlist_multiline = 0.08 s
[ 6842/26691] TestRDocRdBlockParser#test_parse_enumlist_verbatim = 0.09 s
[ 6843/26691] TestRDocRdBlockParser#test_parse_verbatim_indent = 0.07 s
[ 6844/26691] TestRDocRdBlockParser#test_parse_itemlist_paragraphs = 0.10 s
[ 6845/26691] TestRDocRdBlockParser#test_parse_verbatim = 0.05 s
[ 6846/26691] TestRDocRdBlockParser#test_parse_include_subtree = 0.12 s
[ 6847/26691] TestRDocRdBlockParser#test_parse_verbatim_blankline = 0.06 s
[ 6848/26691] TestRDocRdBlockParser#test_parse_methodlist_paragraph2 = 0.10 s
[ 6849/26691] TestRDocRdBlockParser#test_parse_methodlist_paragraph = 0.08 s
[ 6850/26691] TestRDocRdBlockParser#test_parse_textblock = 0.06 s
[ 6851/26691] TestRDocRdBlockParser#test_parse_lists_nest_verbatim2 = 0.21 s
[ 6852/26691] TestRDocRdBlockParser#test_parse_include = 0.09 s
[ 6853/26691] TestRDocRdBlockParser#test_parse_methodlist_empty = 0.06 s
[ 6854/26691] TestRDocRdBlockParser#test_parse_itemlist_nest = 0.12 s
[ 6855/26691] TestRDocRdBlockParser#test_parse_lists = 0.20 s
[ 6856/26691] TestRDocRdBlockParser#test_parse_methodlist_paragraph_verbatim = 0.09 s
[ 6857/26691] TestRDocRdBlockParser#test_parse_heading = 0.23 s
[ 6858/26691] TestRDocRdBlockParser#test_parse_footnote = 0.08 s
[ 6859/26691] TestRDocRdBlockParser#test_parse_verbatim_multi = 0.06 s
[ 6860/26691] TestRDocRdBlockParser#test_add_footnote = 0.03 s
[ 6861/26691] TestRDocRdBlockParser#test_parse_methodlist = 0.14 s
[ 6862/26691] TestRDocRdBlockParser#test_parse_itemlist_verbatim = 0.09 s
[ 6863/26691] TestRDocRdBlockParser#test_parse_enumlist = 0.10 s
[ 6864/26691] TestRDocRdBlockParser#test_parse_enumlist_paragraphs = 0.10 s
[ 6865/26691] TestRDocRdBlockParser#test_parse_desclist = 0.15 s
[ 6866/26691] TestRDocRdBlockParser#test_parse_textblock_multi = 0.07 s
[ 6867/26691] TestRDocRdBlockParser#test_parse_lists_nest = 0.21 s
[ 6868/26691] Test_MyInteger#test_my_integer_to_f = 0.02 s
[ 6869/26691] Test_MyInteger#test_my_integer_cmp = 0.01 s
[ 6870/26691] OpenSSL::TestX509Extension#test_value_der = 0.03 s
[ 6871/26691] OpenSSL::TestX509Extension#test_create_by_factory = 0.04 s
[ 6872/26691] OpenSSL::TestX509Extension#test_new = 0.02 s
[ 6873/26691] OpenSSL::TestX509Extension#test_factory_create_extension_oid = 0.02 s
[ 6874/26691] OpenSSL::TestX509Extension#test_factory_create_extension_sn_ln = 0.02 s
[ 6875/26691] OpenSSL::TestX509Extension#test_marshal = 0.02 s
[ 6876/26691] OpenSSL::TestX509Extension#test_dup = 0.02 s
[ 6877/26691] OpenSSL::TestX509Extension#test_eq = 0.02 s
[ 6878/26691] Bug::Test_ExceptionER#test_enc_raise = 0.28 s
[ 6879/26691] TestGemRDoc#test_new_rdoc = 0.90 s
[ 6880/26691] TestGemRDoc#test_initialize = 0.91 s
[ 6881/26691] TestGemRDoc#test_ri_installed? = 0.90 s
[ 6882/26691] TestGemRDoc#test_generate_disabled = 0.90 s
[ 6883/26691] TestGemRDoc#test_setup = 0.90 s
[ 6884/26691] TestGemRDoc#test_remove_unwritable = 0.90 s
[ 6885/26691] TestGemRDoc#test_rdoc_installed? = 0.90 s
[ 6886/26691] TestGemRDoc#test_remove = 1.23 s
[ 6887/26691] TestGemRDoc#test_setup_unwritable = 0.90 s
[ 6888/26691] TestGemRDoc#test_delete_legacy_args = 0.90 s
[ 6889/26691] TestZlibGzipReader#test_double_close = 0.03 s
[ 6890/26691] TestZlibGzipReader#test_readline = 0.03 s
[ 6891/26691] TestZlibGzipReader#test_reader_wrap = 0.03 s
[ 6892/26691] TestZlibGzipReader#test_open = 0.06 s
[ 6893/26691] TestZlibGzipReader#test_unused = 0.03 s
[ 6894/26691] TestZlibGzipReader#test_readpartial = 0.03 s
[ 6895/26691] TestZlibGzipReader#test_rewind = 0.04 s
[ 6896/26691] TestZlibGzipReader#test_unused2 = 0.02 s
[ 6897/26691] TestZlibGzipReader#test_gets = 0.04 s
[ 6898/26691] TestZlibGzipReader#test_each = 0.03 s
[ 6899/26691] TestZlibGzipReader#test_read0 = 0.01 s
[ 6900/26691] TestZlibGzipReader#test_gzfile_read_size_boundary = 0.59 s
[ 6901/26691] TestZlibGzipReader#test_getc = 0.03 s
[ 6902/26691] TestZlibGzipReader#test_ungetc = 0.13 s
[ 6903/26691] TestZlibGzipReader#test_readlines = 0.02 s
[ 6904/26691] TestZlibGzipReader#test_ungetc_at_start_of_file = 0.01 s
[ 6905/26691] TestZlibGzipReader#test_gets2 = 0.04 s
[ 6906/26691] TestZlibGzipReader#test_corrupted_header = 0.06 s
[ 6907/26691] TestZlibGzipReader#test_ungetc_paragraph = 0.03 s
[ 6908/26691] TestZlibGzipReader#test_encoding = 0.04 s
[ 6909/26691] TestZlibGzipReader#test_each_byte = 0.03 s
[ 6910/26691] TestZlibGzipReader#test_getbyte = 0.03 s
[ 6911/26691] TestZlibGzipReader#test_readchar = 0.03 s
[ 6912/26691] TestZlibGzipReader#test_read = 0.04 s
[ 6913/26691] CGIHeaderTest#test_cgi_http_header_argerr = 0.03 s
[ 6914/26691] CGIHeaderTest#test_cgi_http_header_nph = 0.08 s
[ 6915/26691] CGIHeaderTest#test_cgi_http_header_simple = 0.02 s
[ 6916/26691] CGIHeaderTest#test_cgi_http_header_complex = 0.02 s
[ 6917/26691] CGIHeaderTest#test_cgi_http_header_crlf_injection = 0.03 s
[ 6918/26691] CGIHeaderTest#test_cgi_http_header_cookie = 0.04 s
[ 6919/26691] CGIHeaderTest#test_cgi_http_header_output_cookies = 0.03 s
[ 6920/26691] TestSprintfComb#"test_format_float(% 0.8e)" = 0.47 s
[ 6921/26691] TestSprintfComb#"test_format_integer(%#-0.8x)" = 0.41 s
[ 6922/26691] TestSprintfComb#"test_format_integer(% #+-0.b)" = 0.44 s
[ 6923/26691] TestSprintfComb#"test_format_float(%020.e)" = 0.46 s
[ 6924/26691] TestSprintfComb#"test_format_integer(%0.20X)" = 0.52 s
[ 6925/26691] TestSprintfComb#"test_format_float(%+0.200G)" = 0.56 s
[ 6926/26691] TestSprintfComb#"test_format_integer(%.20B)" = 0.64 s
[ 6927/26691] TestSprintfComb#"test_format_integer(%5.0B)" = 0.63 s
[ 6928/26691] TestSprintfComb#"test_format_float(%+-5.8G)" = 0.52 s
[ 6929/26691] TestSprintfComb#"test_format_float(%-00f)" = 0.47 s
[ 6930/26691] TestSprintfComb#"test_format_float(%+-05.20e)" = 0.48 s
[ 6931/26691] TestSprintfComb#"test_format_integer(%#-05.8b)" = 0.65 s
[ 6932/26691] TestSprintfComb#"test_format_integer(%5.20d)" = 0.38 s
[ 6933/26691] TestSprintfComb#"test_format_integer(% +00.20x)" = 0.45 s
[ 6934/26691] TestSprintfComb#"test_format_integer(% #+-20.8o)" = 0.35 s
[ 6935/26691] TestSprintfComb#"test_format_integer(% +020.20b)" = 0.48 s
[ 6936/26691] TestSprintfComb#"test_format_integer(%05.0d)" = 0.33 s
[ 6937/26691] TestSprintfComb#"test_format_integer(% +00x)" = 0.36 s
[ 6938/26691] TestSprintfComb#"test_format_float(%#-0E)" = 0.48 s
[ 6939/26691] TestSprintfComb#"test_format_float(% #5.f)" = 0.47 s
[ 6940/26691] TestSprintfComb#"test_format_float(% -05.9999G)" = 2.37 s
[ 6941/26691] TestSprintfComb#"test_format_integer(% +020.0x)" = 0.38 s
[ 6942/26691] TestSprintfComb#"test_format_float(%020.200f)" = 0.48 s
[ 6943/26691] TestSprintfComb#"test_format_integer(%B)" = 0.63 s
[ 6944/26691] TestSprintfComb#"test_format_float(%#-5.200E)" = 0.52 s
[ 6945/26691] TestSprintfComb#"test_format_integer(%0B)" = 0.63 s
[ 6946/26691] TestSprintfComb#"test_format_integer(% #+-0x)" = 0.37 s
[ 6947/26691] TestSprintfComb#"test_format_integer(% +00.0o)" = 0.33 s
[ 6948/26691] TestSprintfComb#"test_format_integer(% #+-20.8B)" = 0.47 s
[ 6949/26691] TestSprintfComb#"test_format_float(%+-.8g)" = 0.52 s
[ 6950/26691] TestSprintfComb#"test_format_integer(%.0d)" = 0.32 s
[ 6951/26691] TestSprintfComb#"test_format_float(%+0.200E)" = 0.51 s
[ 6952/26691] TestSprintfComb#"test_format_integer(%d)" = 0.31 s
[ 6953/26691] TestSprintfComb#"test_format_float(%#00.0G)" = 0.50 s
[ 6954/26691] TestSprintfComb#"test_format_integer(%.20X)" = 0.54 s
[ 6955/26691] TestSprintfComb#"test_format_integer(% +00b)" = 0.46 s
[ 6956/26691] TestSprintfComb#"test_format_integer(% #+-20d)" = 0.34 s
[ 6957/26691] TestSprintfComb#"test_format_integer(%#-0.b)" = 0.64 s
[ 6958/26691] TestSprintfComb#"test_format_float(% #05.0g)" = 0.50 s
[ 6959/26691] TestSprintfComb#"test_format_float(%#+20.9999g)" = 1.72 s
[ 6960/26691] TestSprintfComb#"test_format_float(% -5.200g)" = 0.58 s
[ 6961/26691] TestSprintfComb#"test_format_integer(%.0X)" = 0.48 s
[ 6962/26691] TestSprintfComb#"test_format_integer(% #+-020.8o)" = 0.36 s
[ 6963/26691] TestSprintfComb#"test_format_float(%#-0.9999E)" = 1.28 s
[ 6964/26691] TestSprintfComb#"test_format_integer(%5.0d)" = 0.33 s
[ 6965/26691] TestSprintfComb#"test_format_float(% +05E)" = 0.48 s
[ 6966/26691] TestSprintfComb#"test_format_float(% #+.9999f)" = 0.88 s
[ 6967/26691] TestSprintfComb#"test_format_integer(%#-0.8o)" = 0.40 s
[ 6968/26691] TestSprintfComb#"test_format_float(%#05.8E)" = 0.48 s
[ 6969/26691] TestSprintfComb#"test_format_integer(% #+-0.B)" = 0.46 s
[ 6970/26691] TestSprintfComb#"test_format_float(%.20e)" = 0.48 s
[ 6971/26691] TestSprintfComb#"test_format_float(% -0g)" = 0.51 s
[ 6972/26691] TestSprintfComb#"test_format_float(%5.0e)" = 0.47 s
[ 6973/26691] TestSprintfComb#"test_format_float(%#0.8E)" = 0.47 s
[ 6974/26691] TestSprintfComb#"test_format_float(% #+-00.200e)" = 0.51 s
[ 6975/26691] TestSprintfComb#"test_format_integer(% #+-00.b)" = 0.47 s
[ 6976/26691] TestSprintfComb#"test_format_integer(% #+-0B)" = 0.49 s
[ 6977/26691] TestSprintfComb#"test_format_integer(% +00.0b)" = 0.72 s
[ 6978/26691] TestSprintfComb#"test_format_integer(% +00.20o)" = 0.44 s
[ 6979/26691] TestSprintfComb#"test_format_integer(%5X)" = 0.54 s
[ 6980/26691] TestSprintfComb#"test_format_float(% #+5e)" = 0.56 s
[ 6981/26691] TestSprintfComb#"test_format_float(% 0.8f)" = 0.54 s
[ 6982/26691] TestSprintfComb#"test_format_float(%e)" = 0.52 s
[ 6983/26691] TestSprintfComb#"test_format_integer(% +020o)" = 0.37 s
[ 6984/26691] TestSprintfComb#"test_format_integer(%#-0.o)" = 0.43 s
[ 6985/26691] TestSprintfComb#"test_format_float(% -20.0E)" = 0.52 s
[ 6986/26691] TestSprintfComb#"test_format_integer(% #+-00x)" = 0.40 s
[ 6987/26691] TestSprintfComb#"test_format_float(% #.200e)" = 0.55 s
[ 6988/26691] TestSprintfComb#"test_format_integer(%#-0b)" = 0.68 s
[ 6989/26691] TestSprintfComb#"test_format_integer(% #+-20.X)" = 0.54 s
[ 6990/26691] TestSprintfComb#"test_format_integer(%#-05.x)" = 0.46 s
[ 6991/26691] TestSprintfComb#"test_format_float(%-00.9999e)" = 1.32 s
[ 6992/26691] TestSprintfComb#"test_format_float(% +0.0E)" = 0.52 s
[ 6993/26691] TestSprintfComb#"test_format_float(% #+-020.8e)" = 0.55 s
[ 6994/26691] TestSprintfComb#"test_format_float(% #+-00.e)" = 0.56 s
[ 6995/26691] TestSprintfComb#"test_format_float(%#+-.0e)" = 0.55 s
[ 6996/26691] TestSprintfComb#"test_format_float(%5.9999e)" = 1.39 s
[ 6997/26691] TestSprintfComb#"test_format_float(%+0.g)" = 0.53 s
[ 6998/26691] TestSprintfComb#"test_format_float(%#+20G)" = 0.54 s
[ 6999/26691] TestSprintfComb#"test_format_float(%+-0.0f)" = 0.50 s
[ 7000/26691] TestSprintfComb#"test_format_float(% -20.20E)" = 0.52 s
[ 7001/26691] TestSprintfComb#"test_format_float(%#-.E)" = 0.51 s
[ 7002/26691] TestSprintfComb#"test_format_integer(% #+-0X)" = 0.52 s
[ 7003/26691] TestSprintfComb#"test_format_float(% +0.9999E)" = 1.31 s
[ 7004/26691] TestSprintfComb#"test_format_float(% +0.20E)" = 0.52 s
[ 7005/26691] TestSprintfComb#"test_format_integer(%#-05o)" = 0.43 s
[ 7006/26691] TestSprintfComb#"test_format_integer(% #+-0.8d)" = 0.37 s
[ 7007/26691] TestSprintfComb#"test_format_float(%#+-5.20f)" = 0.51 s
[ 7008/26691] TestSprintfComb#"test_format_integer(% #+-0.d)" = 0.37 s
[ 7009/26691] TestSprintfComb#"test_format_float(%+05.E)" = 0.56 s
[ 7010/26691] TestSprintfComb#"test_format_float(%#00.20g)" = 0.55 s
[ 7011/26691] TestSprintfComb#"test_format_float(% -.G)" = 0.49 s
[ 7012/26691] TestSprintfComb#"test_format_float(% #0.20G)" = 0.49 s
[ 7013/26691] TestSprintfComb#"test_format_integer(%#-0x)" = 0.39 s
[ 7014/26691] TestSprintfComb#"test_format_integer(% #+-0.8X)" = 0.42 s
[ 7015/26691] OpenSSL::TestPairLowlevelSocket#test_write_zero = 1.25 s
[ 7016/26691] OpenSSL::TestPairLowlevelSocket#test_readline = 1.21 s
[ 7017/26691] OpenSSL::TestPairLowlevelSocket#test_write_multiple_arguments = 1.29 s
[ 7018/26691] OpenSSL::TestPairLowlevelSocket#test_read_with_outbuf = 1.21 s
[ 7019/26691] OpenSSL::TestPairLowlevelSocket#test_puts_empty = 1.20 s
[ 7020/26691] OpenSSL::TestPairLowlevelSocket#test_connect_accept_nonblock = 1.61 s
[ 7021/26691] OpenSSL::TestPairLowlevelSocket#test_readpartial = 1.39 s
[ 7022/26691] OpenSSL::TestPairLowlevelSocket#test_gets_eof_limit = 1.21 s
[ 7023/26691] OpenSSL::TestPairLowlevelSocket#test_gets = 1.22 s
[ 7024/26691] OpenSSL::TestPairLowlevelSocket#test_read_nonblock = 1.22 s
[ 7025/26691] OpenSSL::TestPairLowlevelSocket#test_partial_tls_record_read_nonblock = 1.20 s
[ 7026/26691] OpenSSL::TestPairLowlevelSocket#test_getc = 1.20 s
[ 7027/26691] OpenSSL::TestPairLowlevelSocket#test_read_nonblock_no_exception = 1.21 s
[ 7028/26691] OpenSSL::TestPairLowlevelSocket#test_write_nonblock = 1.29 s
[ 7029/26691] OpenSSL::TestPairLowlevelSocket#test_write_nonblock_retry = 1.61 s
[ 7030/26691] OpenSSL::TestPairLowlevelSocket#test_multibyte_read_write = 1.21 s
[ 7031/26691] OpenSSL::TestPairLowlevelSocket#test_write_nonblock_with_buffered_data = 1.33 s
[ 7032/26691] OpenSSL::TestPairLowlevelSocket#test_write_nonblock_with_buffered_data_no_exceptions =
 1.27 s
[ 7033/26691] OpenSSL::TestPairLowlevelSocket#test_readbyte_eof = 1.19 s
[ 7034/26691] OpenSSL::TestPairLowlevelSocket#test_connect_accept_nonblock_no_exception = 1.14 s
[ 7035/26691] OpenSSL::TestPairLowlevelSocket#test_readbyte = 1.20 s
[ 7036/26691] OpenSSL::TestPairLowlevelSocket#test_readall = 1.20 s
[ 7037/26691] OpenSSL::TestPairLowlevelSocket#test_gets_chomp = 1.20 s
[ 7038/26691] OpenSSL::TestPairLowlevelSocket#test_getbyte = 1.20 s
[ 7039/26691] OpenSSL::TestPairLowlevelSocket#test_write_nonblock_no_exceptions = 1.31 s
[ 7040/26691] TestRDocTomDoc#test_tokenize_arguments_array = 0.05 s
[ 7041/26691] TestRDocTomDoc#test_class_rdoc = 0.03 s
[ 7042/26691] TestRDocTomDoc#test_class_signature = 0.06 s
[ 7043/26691] TestRDocTomDoc#test_tokenize_examples = 0.04 s
[ 7044/26691] TestRDocTomDoc#test_parse_returns_multiline = 0.04 s
[ 7045/26691] TestRDocTomDoc#test_tokenize_returns = 0.03 s
[ 7046/26691] TestRDocTomDoc#test_tokenize_paragraph = 0.03 s
[ 7047/26691] TestRDocTomDoc#test_parse_arguments_array = 0.04 s
[ 7048/26691] TestRDocTomDoc#test_parse_signature = 0.05 s
[ 7049/26691] TestRDocTomDoc#test_class_signature_none = 0.03 s
[ 7050/26691] TestRDocTomDoc#test_parse_returns_multiline_and_raises = 0.05 s
[ 7051/26691] TestRDocTomDoc#test_parse_returns = 0.05 s
[ 7052/26691] TestRDocTomDoc#test_parse_paragraph = 0.03 s
[ 7053/26691] TestRDocTomDoc#test_parse_returns_with_raises = 0.05 s
[ 7054/26691] TestRDocTomDoc#test_parse_examples_signature = 0.06 s
[ 7055/26691] TestRDocTomDoc#test_tokenize_arguments_multiline = 0.04 s
[ 7056/26691] TestRDocTomDoc#test_class_add_post_processor = 0.04 s
[ 7057/26691] TestRDocTomDoc#test_parse_examples = 0.05 s
[ 7058/26691] TestRDocTomDoc#test_tokenize_multiline_paragraph = 0.03 s
[ 7059/26691] TestRDocTomDoc#test_class_signature_no_space = 0.06 s
[ 7060/26691] TestRDocTomDoc#test_parse_arguments = 0.05 s
[ 7061/26691] TestRDocTomDoc#test_parse_arguments_multiline = 0.05 s
[ 7062/26691] TestRDocTomDoc#test_tokenize_returns_multiline = 0.04 s
[ 7063/26691] TestRDocTomDoc#test_parse_arguments_nested = 0.05 s
[ 7064/26691] TestRDocTomDoc#test_tokenize_arguments = 0.04 s
[ 7065/26691] TestRDocTomDoc#test_class_signature_two_space = 0.07 s
[ 7066/26691] TestRDocTomDoc#test_parse_raises_without_returns = 0.04 s
[ 7067/26691] TestRDocTomDoc#test_parse_multiline_paragraph = 0.04 s
[ 7068/26691] TestRDocTomDoc#test_tokenize_arguments_nested = 0.04 s
[ 7069/26691] TestDigest::TestDigestParen#test_sha2 = 9.18 s
[ 7070/26691] TestDigest::TestDigestParen#test_race = 10.12 s
[ 7071/26691] TestDigest::TestDigestParen#test_no_lib_no_def = 9.20 s
[ 7072/26691] TestDigest::TestDigestParen#test_race_mixed = 10.13 s
[ 7073/26691] TestDigest::TestDigestParen#test_no_lib = 9.18 s
[ 7074/26691] Prism::PercentDelimiterRegexpTest#test_cr_crlf = 0.03 s
[ 7075/26691] Prism::PercentDelimiterRegexpTest#test_newline_terminator_with_crlf_crlf_with_extra_cr
 = 0.01 s
[ 7076/26691] Prism::PercentDelimiterRegexpTest#test_newline_terminator_with_cr_cr = 0.01 s
[ 7077/26691] Prism::PercentDelimiterRegexpTest#test_lf_crlf = 0.01 s
[ 7078/26691] Prism::PercentDelimiterRegexpTest#test_newline_terminator_with_crlf_pair = 0.01 s
[ 7079/26691] Prism::PercentDelimiterRegexpTest#test_lf_lf = 0.01 s
[ 7080/26691] Prism::PercentDelimiterRegexpTest#test_newline_terminator_with_lf_crlf_with_extra_cr =
 0.01 s
[ 7081/26691] Prism::PercentDelimiterRegexpTest#test_newline_terminator_with_lf_crlf = 0.01 s
[ 7082/26691] Prism::PercentDelimiterRegexpTest#test_newline_terminator_with_crlf_lf = 0.01 s
[ 7083/26691] TestIRB::RaiseExceptionTest#test_raise_exception_with_different_encoding_containing_in
valid_byte_sequence = 18.10 s
[ 7084/26691] TestIRB::RaiseExceptionTest#test_raise_exception_with_message_exception = 18.30 s
[ 7085/26691] TestIRB::RaiseExceptionTest#test_raise_exception_with_invalid_byte_sequence = 17.95 s
[ 7086/26691] TestIRB::RaiseExceptionTest#test_raise_exception_with_nil_backtrace = 18.19 s
[ 7087/26691] TestIRB::RaiseExceptionTest#test_raise_exception_with_message_inspect_exception = 18.4
0 s
[ 7088/26691] TestSocket_TCPSocket#test_accept_nonblock = 0.04 s
[ 7089/26691] TestSocket_TCPSocket#test_initialize_resolv_timeout_with_connection_failure = 2.33 s
[ 7090/26691] TestSocket_TCPSocket#test_initialize_fast_fallback_is_false = 0.50 s
[ 7091/26691] TestSocket_TCPSocket#test_initialize_failure = 0.03 s
[ 7092/26691] TestSocket_TCPSocket#test_initialize_v6_hostname_resolved_later_and_v6_server_is_not_l
istening = 0.11 s
[ 7093/26691] TestSocket_TCPSocket#test_initialize_with_connection_failure_after_hostname_resolution
_failure = 0.25 s
[ 7094/26691] TestSocket_TCPSocket#test_initialize_v4_connected_socket_with_v4_address = 0.03 s
[ 7095/26691] TestSocket_TCPSocket#test_initialize_v6_hostname_resolved_earlier = 0.05 s
[ 7096/26691] TestSocket_TCPSocket#test_initialize_v6_hostname_resolution_failed_and_v4_hostname_res
olution_is_success = 0.06 s
[ 7097/26691] TestSocket_TCPSocket#test_accept_multithread = 13.90 s
[ 7098/26691] TestSocket_TCPSocket#test_initialize_resolv_timeout = 0.03 s
[ 7099/26691] TestSocket_TCPSocket#test_initialize_v4_hostname_resolved_earlier = 0.10 s
[ 7100/26691] TestSocket_TCPSocket#test_initialize_with_hostname_resolution_failure_after_connection
_failure = 0.26 s
[ 7101/26691] TestSocket_TCPSocket#test_recvfrom = 0.03 s
[ 7102/26691] TestSocket_TCPSocket#test_initialize_connect_timeout = 0.02 s
[ 7103/26691] TestSocket_TCPSocket#test_initialize_v6_hostname_resolved_earlier_and_v6_server_is_not
_listening = 0.46 s
[ 7104/26691] TestSocket_TCPSocket#test_encoding = 0.04 s
[ 7105/26691] TestSocket_TCPSocket#test_initialize_v6_connected_socket_with_v6_address = 0.03 s
[ 7106/26691] TestSocket_TCPSocket#test_inspect = 0.04 s
[ 7107/26691] TestSocket_TCPSocket#test_initialize_v6_hostname_resolved_in_resolution_delay = 0.12 s
[ 7108/26691] TestEnumeratorKw#test_enumerator_kw = 0.02 s
[ 7109/26691] TestKeyError#test_message = 0.01 s
[ 7110/26691] TestKeyError#test_default = 0.01 s
[ 7111/26691] TestKeyError#test_receiver_and_key = 0.01 s
[ 7112/26691] TestKeyError#test_all = 0.01 s
[ 7113/26691] TestKeyError#test_receiver = 0.02 s
[ 7114/26691] TestKeyError#test_key = 0.01 s
[ 7115/26691] TestMkmfEgrepCpp#test_not_have_func = 0.71 s
[ 7116/26691] TestMkmfEgrepCpp#test_egrep_cpp = 0.68 s
[ 7117/26691] URI::TestMailTo#test_to_s = 0.06 s
[ 7118/26691] URI::TestMailTo#test_select = 0.03 s
[ 7119/26691] URI::TestMailTo#test_to_mailtext = 0.08 s
[ 7120/26691] URI::TestMailTo#test_check_to = 0.03 s
[ 7121/26691] URI::TestMailTo#test_initializer = 0.01 s
[ 7122/26691] URI::TestMailTo#test_build = 0.53 s
[ 7123/26691] TestIRB::EditTest#test_edit_without_arg = 0.56 s
[ 7124/26691] TestIRB::EditTest#test_edit_with_constant = 0.56 s
[ 7125/26691] TestIRB::EditTest#test_edit_with_instance_method = 0.55 s
[ 7126/26691] TestIRB::EditTest#test_edit_with_non_existing_path = 0.15 s
[ 7127/26691] TestIRB::EditTest#test_edit_with_class_method = 0.52 s
[ 7128/26691] TestIRB::EditTest#test_edit_without_arg_and_non_existing_irb_path = 0.13 s
[ 7129/26691] TestIRB::EditTest#test_edit_with_path = 0.54 s
[ 7130/26691] TestIRB::EditTest#test_edit_with_editor_env_var = 0.54 s
[ 7131/26691] TestEUC_JP#test_mbc_case_fold = 0.02 s
[ 7132/26691] TestEUC_JP#test_property = 0.03 s
[ 7133/26691] TestEUC_JP#test_charboundary = 0.01 s
[ 7134/26691] Prism::ConstantPathNodeTest#test_full_name_for_constant_path_target_with_non_constant_
parent = 0.03 s
[ 7135/26691] Prism::ConstantPathNodeTest#test_full_name_for_constant_path_with_self = 0.04 s
[ 7136/26691] Prism::ConstantPathNodeTest#test_full_name_for_constant_read_node = 0.01 s
[ 7137/26691] Prism::ConstantPathNodeTest#test_full_name_for_constant_path_with_variable = 0.02 s
[ 7138/26691] Prism::ConstantPathNodeTest#test_full_name_for_constant_path_target = 0.02 s
[ 7139/26691] Prism::ConstantPathNodeTest#test_full_name_for_constant_path_with_stovetop_start = 0.0
2 s
[ 7140/26691] Prism::ConstantPathNodeTest#test_full_name_for_constant_path = 0.01 s
[ 7141/26691] Bug::Test_ExceptionDE#test_cleanup_data_error = 7.66 s
[ 7142/26691] TestRDocGeneratorJsonIndex#test_generate = 0.74 s
[ 7143/26691] TestRDocGeneratorJsonIndex#test_generate_utf_8 = 0.56 s
[ 7144/26691] TestRDocGeneratorJsonIndex#test_index_classes_nodoc = 0.17 s
[ 7145/26691] TestRDocGeneratorJsonIndex#test_generate_search_index_with_reproducible_builds = 0.33
s
[ 7146/26691] TestRDocGeneratorJsonIndex#test_file_dir = 0.17 s
[ 7147/26691] TestRDocGeneratorJsonIndex#test_class_dir = 0.16 s
[ 7148/26691] TestRDocGeneratorJsonIndex#test_search_string = 0.17 s
[ 7149/26691] TestRDocGeneratorJsonIndex#test_index_pages = 0.20 s
[ 7150/26691] TestRDocGeneratorJsonIndex#test_index_classes = 0.23 s
[ 7151/26691] TestRDocGeneratorJsonIndex#test_generate_gzipped = 0.56 s
[ 7152/26691] TestRDocGeneratorJsonIndex#test_build_index = 0.33 s
[ 7153/26691] TestRDocGeneratorJsonIndex#test_index_methods = 0.23 s
[ 7154/26691] TestGemBundlerVersionFinder#test_deleted_directory = 0.63 s
[ 7155/26691] TestGemBundlerVersionFinder#test_bundler_version_with_lockfile = 0.59 s
[ 7156/26691] TestGemBundlerVersionFinder#test_prioritize = 0.77 s
[ 7157/26691] TestGemBundlerVersionFinder#test_bundler_version = 0.52 s
[ 7158/26691] TestGemBundlerVersionFinder#test_bundler_version_with_bundle_update_bundler = 0.59 s
[ 7159/26691] TestGemBundlerVersionFinder#test_bundler_version_with_env_var = 0.49 s
[ 7160/26691] TestGemBundlerVersionFinder#test_bundler_version_defaults_to_nil = 0.49 s
[ 7161/26691] OpenSSL::TestPKeyDH#test_DHparams = 0.58 s
[ 7162/26691] OpenSSL::TestPKeyDH#test_new_break_on_non_fips = 0.02 s
[ 7163/26691] OpenSSL::TestPKeyDH#test_public_key = 0.19 s
[ 7164/26691] OpenSSL::TestPKeyDH#test_params_ok? = 0.20 s
[ 7165/26691] OpenSSL::TestPKeyDH#test_marshal = 0.19 s
[ 7166/26691] OpenSSL::TestPKeyDH#test_new_break_on_fips = 0.03 s
[ 7167/26691] OpenSSL::TestPKeyDH#test_dup = 0.40 s
[ 7168/26691] OpenSSL::TestPKeyDH#test_derive_key = 1.21 s
[ 7169/26691] OpenSSL::TestPKeyDH#test_new_empty = 0.01 s
[ 7170/26691] TestRDocMarkupToLabel#test_accept_list_item_end_label = 0.11 s
[ 7171/26691] TestRDocMarkupToLabel#test_accept_list_start_bullet = 0.05 s
[ 7172/26691] TestRDocMarkupToLabel#test_accept_paragraph_plus = 0.05 s
[ 7173/26691] TestRDocMarkupToLabel#test_accept_list_item_start_note = 0.05 s
[ 7174/26691] TestRDocMarkupToLabel#test_accept_list_item_end_lalpha = 0.05 s
[ 7175/26691] TestRDocMarkupToLabel#test_accept_raw = 0.05 s
[ 7176/26691] TestRDocMarkupToLabel#test_accept_list_start_note = 0.05 s
[ 7177/26691] TestRDocMarkupToLabel#test_accept_list_end_lalpha = 0.05 s
[ 7178/26691] TestRDocMarkupToLabel#test_end_accepting = 0.05 s
[ 7179/26691] TestRDocMarkupToLabel#test_accept_list_item_start_lalpha = 0.05 s
[ 7180/26691] TestRDocMarkupToLabel#test_accept_list_item_end_ualpha = 0.05 s
[ 7181/26691] TestRDocMarkupToLabel#test_accept_list_end_ualpha = 0.05 s
[ 7182/26691] TestRDocMarkupToLabel#test_accept_list_item_start_ualpha = 0.05 s
[ 7183/26691] TestRDocMarkupToLabel#test_convert_crossref = 0.29 s
[ 7184/26691] TestRDocMarkupToLabel#test_accept_paragraph_b = 0.05 s
[ 7185/26691] TestRDocMarkupToLabel#test_accept_list_start_label = 0.05 s
[ 7186/26691] TestRDocMarkupToLabel#test_accept_heading_4 = 0.05 s
[ 7187/26691] TestRDocMarkupToLabel#test_accept_blank_line = 0.05 s
[ 7188/26691] TestRDocMarkupToLabel#test_accept_paragraph_star = 0.05 s
[ 7189/26691] TestRDocMarkupToLabel#test_accept_paragraph = 0.05 s
[ 7190/26691] TestRDocMarkupToLabel#test_convert_em_dash = 0.07 s
[ 7191/26691] TestRDocMarkupToLabel#test_accept_heading_2 = 0.05 s
[ 7192/26691] TestRDocMarkupToLabel#test_accept_paragraph_br = 0.05 s
[ 7193/26691] TestRDocMarkupToLabel#test_accept_list_item_start_note_2 = 0.05 s
[ 7194/26691] TestRDocMarkupToLabel#test_start_accepting = 0.05 s
[ 7195/26691] TestRDocMarkupToLabel#test_accept_list_item_end_note = 0.05 s
[ 7196/26691] TestRDocMarkupToLabel#test_accept_list_item_start_note_multi_description = 0.05 s
[ 7197/26691] TestRDocMarkupToLabel#test_accept_list_item_start_note_multi_label = 0.05 s
[ 7198/26691] TestRDocMarkupToLabel#test_accept_list_start_number = 0.05 s
[ 7199/26691] TestRDocMarkupToLabel#test_convert_bold = 0.11 s
[ 7200/26691] TestRDocMarkupToLabel#test_accept_list_end_note = 0.05 s
[ 7201/26691] TestRDocMarkupToLabel#test_convert_em = 0.10 s
[ 7202/26691] TestRDocMarkupToLabel#test_accept_list_item_end_bullet = 0.05 s
[ 7203/26691] TestRDocMarkupToLabel#test_accept_rule = 0.05 s
[ 7204/26691] TestRDocMarkupToLabel#test_accept_list_end_bullet = 0.05 s
[ 7205/26691] TestRDocMarkupToLabel#test_accept_list_item_start_label = 0.05 s
[ 7206/26691] TestRDocMarkupToLabel#test_accept_list_item_start_bullet = 0.05 s
[ 7207/26691] TestRDocMarkupToLabel#test_accept_paragraph_underscore = 0.05 s
[ 7208/26691] TestRDocMarkupToLabel#test_convert_tidylink = 0.10 s
[ 7209/26691] TestRDocMarkupToLabel#test_accept_list_start_lalpha = 0.05 s
[ 7210/26691] TestRDocMarkupToLabel#test_accept_heading = 0.05 s
[ 7211/26691] TestRDocMarkupToLabel#test_accept_list_end_label = 0.05 s
[ 7212/26691] TestRDocMarkupToLabel#test_accept_heading_3 = 0.05 s
[ 7213/26691] TestRDocMarkupToLabel#test_accept_heading_suppressed_crossref = 0.05 s
[ 7214/26691] TestRDocMarkupToLabel#test_accept_heading_1 = 0.05 s
[ 7215/26691] TestRDocMarkupToLabel#test_accept_list_start_ualpha = 0.05 s
[ 7216/26691] TestRDocMarkupToLabel#test_accept_block_quote = 0.05 s
[ 7217/26691] TestRDocMarkupToLabel#test_accept_paragraph_break = 0.05 s
[ 7218/26691] TestRDocMarkupToLabel#test_accept_verbatim = 0.05 s
[ 7219/26691] TestRDocMarkupToLabel#test_convert_escape = 0.07 s
[ 7220/26691] TestRDocMarkupToLabel#test_accept_paragraph_i = 0.05 s
[ 7221/26691] TestRDocMarkupToLabel#test_convert_tt = 0.08 s
[ 7222/26691] TestRDocMarkupToLabel#test_list_verbatim = 0.05 s
[ 7223/26691] TestRDocMarkupToLabel#test_list_nested = 0.05 s
[ 7224/26691] TestRDocMarkupToLabel#test_accept_list_item_start_number = 0.05 s
[ 7225/26691] TestRDocMarkupToLabel#test_accept_heading_b = 0.05 s
[ 7226/26691] TestRDocMarkupToLabel#test_accept_document = 0.05 s
[ 7227/26691] TestRDocMarkupToLabel#test_accept_list_end_number = 0.05 s
[ 7228/26691] TestRDocMarkupToLabel#test_accept_list_item_end_number = 0.05 s
[ 7229/26691] PPTestModule::PPInheritedTest#test_hash_override = 0.13 s
[ 7230/26691] TestThread#test_status_and_stop_p = 0.07 s
[ 7231/26691] TestThread#test_handle_interrupt_with_return = 0.01 s
[ 7232/26691] TestThread#test_main_thread_variable_in_enumerator = 0.01 s
[ 7233/26691] TestThread#test_thread_variable_strings_and_symbols_are_the_same_key = 0.02 s
[ 7234/26691] TestThread#test_join_limit_negative_INT64_MIN = 0.03 s
[ 7235/26691] TestThread#test_thread_local_security = 0.02 s
[ 7236/26691] TestThread#test_kill_main_thread = 2.48 s
[ 7237/26691] TestThread#test_mutex_deadlock = 0.02 s
[ 7238/26691] TestThread#test_thread_join_main_thread = 0.02 s
[ 7239/26691] TestThread#test_exit = 0.02 s
[ 7240/26691] TestThread#test_mutex_synchronize = 5.55 s
[ 7241/26691] TestThread#test_thread_native_thread_id = 0.03 s
[ 7242/26691] TestThread#test_handle_interrupt_with_break = 0.01 s
[ 7243/26691] TestThread#test_pending_interrupt? = 0.02 s
[ 7244/26691] TestThread#test_thread_invalid_name = 0.02 s
[ 7245/26691] TestThread#test_thread_variable_in_enumerator = 0.02 s
[ 7246/26691] TestThread#test_switch_while_busy_loop = 0.34 s
[ 7247/26691] TestThread#test_join = 0.08 s
[ 7248/26691] TestThread#test_new = 1.73 s
[ 7249/26691] TestThread#test_join_limit_negative_minus_INFINITY = 0.02 s
[ 7250/26691] TestThread#test_main_thread_status_at_exit = 2.50 s
[ 7251/26691] TestThread#test_inspect_with_fiber = 0.04 s
[ 7252/26691] TestThread#test_thread_status_raise_after_kill = 0.03 s
[ 7253/26691] TestThread#test_handle_interrupt_and_io = 2.64 s
[ 7254/26691] TestThread#test_handle_interrupt_blocking = 0.47 s
[ 7255/26691] TestThread#test_handle_interrupt_invalid_argument = 0.02 s
[ 7256/26691] TestThread#test_fork_while_parent_locked = 0.89 s
[ 7257/26691] TestThread#test_thread_interrupt_for_killed_thread = 50.65 s
[ 7258/26691] TestThread#test_thread_instance_variable = 2.46 s
[ 7259/26691] TestThread#test_join_limit_negative_minus_0_1 = 0.03 s
[ 7260/26691] TestThread#test_subclass_no_initialize = 0.04 s
[ 7261/26691] TestThread#test_join_limit_negative_FIXNUM_MIN = 0.02 s
[ 7262/26691] TestThread#test_no_valid_cfp = 0.04 s
[ 7263/26691] TestThread#test_mutex_fifo_like_lock = 0.02 s
[ 7264/26691] TestThread#test_thread_local = 0.03 s
[ 7265/26691] TestThread#test_yield_across_thread_through_enum = 0.05 s
[ 7266/26691] TestThread#test_handle_interrupt_and_p = 2.67 s
[ 7267/26691] TestThread#test_mutex_owned = 0.01 s
[ 7268/26691] TestThread#test_thread_variable_frozen = 0.03 s
[ 7269/26691] TestThread#test_thread_local_dynamic_symbol = 0.02 s
[ 7270/26691] TestThread#test_handle_interrupt = 0.37 s
[ 7271/26691] TestThread#test_list = 2.58 s
[ 7272/26691] TestThread#test_thread_variables = 0.04 s
[ 7273/26691] TestThread#test_priority = 0.92 s
[ 7274/26691] TestThread#test_thread_setname_in_initialize = 0.03 s
[ 7275/26691] TestThread#test_handle_interrupted? = 0.03 s
[ 7276/26691] TestThread#test_thread_native_thread_id_across_fork_on_linux = 0.18 s
[ 7277/26691] TestThread#test_kill_wrong_argument = 0.02 s
[ 7278/26691] TestThread#test_ignore_deadlock = 11.34 s
[ 7279/26691] TestThread#test_report_on_exception = 9.23 s
[ 7280/26691] TestThread#test_mutex_illegal_unlock = 0.04 s
[ 7281/26691] TestThread#test_new_symbol_proc = 7.64 s
[ 7282/26691] TestThread#test_thread_join_current = 0.01 s
[ 7283/26691] TestThread#test_select_wait = 0.03 s
[ 7284/26691] TestThread#test_mutex_interrupt = 0.02 s
[ 7285/26691] TestThread#test_backtrace = 0.05 s
[ 7286/26691] TestThread#test_blocking_mutex_unlocked_on_fork = 6.02 s
[ 7287/26691] TestThread#test_local_barrier = 24.76 s
[ 7288/26691] TestThread#test_uninitialized = 0.06 s
[ 7289/26691] TestThread#test_mutex_owned2 = 0.03 s
[ 7290/26691] TestThread#test_signal_at_join = 0.03 s
[ 7291/26691] TestThread#test_thread_local_fetch = 0.04 s
[ 7292/26691] TestThread#test_join_limit_negative_minus_1 = 0.03 s
[ 7293/26691] TestThread#test_thread_invalid_object = 0.02 s
[ 7294/26691] TestThread#test_join_limit_INFINITY = 0.02 s
[ 7295/26691] TestThread#test_thread_join_in_trap = 9.00 s
[ 7296/26691] TestThread#test_mutex_synchronize_yields_no_block_params = 0.01 s
[ 7297/26691] TestThread#test_fork_while_mutex_locked_by_forker = 0.93 s
[ 7298/26691] TestThread#test_thread_name = 0.04 s
[ 7299/26691] TestThread#test_thread_timer_and_interrupt = 0.03 s
[ 7300/26691] TestThread#test_main = 2.48 s
[ 7301/26691] TestThread#test_fork_while_locked = 17.58 s
[ 7302/26691] TestThread#test_kill_thread_subclass = 0.04 s
[ 7303/26691] TestThread#test_thread_value_in_trap = 8.81 s
[ 7304/26691] TestThread#test_mutex_unlock_on_trap = 2.62 s
[ 7305/26691] TestThread#test_recursive_outer = 0.02 s
[ 7306/26691] TestThread#test_thread_timer_and_ensure = 7.65 s
[ 7307/26691] TestThread#test_stop = 2.87 s
[ 7308/26691] TestThread#test_mutex_trylock = 0.03 s
[ 7309/26691] TestThread#test_thread_status_in_trap = 2.50 s
[ 7310/26691] TestThread#test_wakeup = 0.03 s
[ 7311/26691] TestThread#test_join_argument_conversion = 0.04 s
[ 7312/26691] TestThread#test_join2 = 0.05 s
[ 7313/26691] TestThread#test_inspect = 0.04 s
[ 7314/26691] TestThread#test_fork_value = 5.94 s
[ 7315/26691] TestThread#test_abort_on_exception = 10.26 s
[ 7316/26691] TestThread#test_fork_in_thread = 5.74 s
[ 7317/26691] TestThread#test_join_limit_UINT64_MAX = 0.02 s
[ 7318/26691] TestThread#test_join_limit_FIXNUM_MAX = 0.02 s
[ 7319/26691] TestThread#test_thread_variable? = 0.05 s
[ 7320/26691] TestIRB::CompletionTest::MethodCompletionTest#test_complete_hash_and_proc = 0.21 s
[ 7321/26691] TestIRB::CompletionTest::MethodCompletionTest#test_complete_reserved_words = 0.36 s
[ 7322/26691] TestIRB::CompletionTest::MethodCompletionTest#test_complete_array = 0.08 s
[ 7323/26691] TestIRB::CompletionTest::MethodCompletionTest#test_complete_absolute_constants_with_sp
ecial_characters = 0.89 s
[ 7324/26691] TestIRB::CompletionTest::MethodCompletionTest#test_complete_numeric = 0.26 s
[ 7325/26691] TestIRB::CompletionTest::MethodCompletionTest#test_complete_class = 0.19 s
[ 7326/26691] TestIRB::CompletionTest::MethodCompletionTest#test_complete_invalid_three_colons = 0.3
4 s
[ 7327/26691] TestIRB::CompletionTest::MethodCompletionTest#test_complete_string = 0.15 s
[ 7328/26691] TestIRB::CompletionTest::MethodCompletionTest#test_not_completing_empty_string = 0.06
s
[ 7329/26691] TestIRB::CompletionTest::MethodCompletionTest#test_complete_regexp = 0.10 s
[ 7330/26691] TestIRB::CompletionTest::MethodCompletionTest#test_complete_symbol = 0.06 s
[ 7331/26691] TestIRB::CompletionTest::MethodCompletionTest#test_complete_methods = 1.18 s
[ 7332/26691] TestIRB::DisableIRBTest#test_disable_irb_disable_further_irb_breakpoints = 0.05 s
[ 7333/26691] Reline::Test#test_filename_quote_characters = 0.26 s
[ 7334/26691] Reline::Test#test_completion_proc = 0.25 s
[ 7335/26691] Reline::Test#test_readline = 0.25 s
[ 7336/26691] Reline::Test#test_dumb_terminal = 14.63 s
[ 7337/26691] Reline::Test#test_require_reline_should_not_trigger_winsize = 14.95 s
[ 7338/26691] Reline::Test#test_completion_case_fold = 0.25 s
[ 7339/26691] Reline::Test#test_pre_input_hook = 0.24 s
[ 7340/26691] Reline::Test#test_read_eof_returns_input = 15.63 s
[ 7341/26691] Reline::Test#test_auto_indent_proc = 0.26 s
[ 7342/26691] Reline::Test#test_print_prompt_before_everything_else = 15.64 s
[ 7343/26691] Reline::Test#test_completer_word_break_characters = 0.25 s
[ 7344/26691] Reline::Test#test_vi_editing_mode = 0.24 s
[ 7345/26691] Reline::Test#test_output_modifier_proc = 0.25 s
[ 7346/26691] Reline::Test#test_completer_quote_characters = 0.24 s
[ 7347/26691] Reline::Test#test_set_input_and_output = 0.45 s
[ 7348/26691] Reline::Test#test_special_prefixes = 0.24 s
[ 7349/26691] Reline::Test#test_read_eof_returns_nil_if_empty = 15.41 s
[ 7350/26691] Reline::Test#test_dig_perfect_match_proc = 0.26 s
[ 7351/26691] Reline::Test#test_completion_append_character = 0.25 s
[ 7352/26691] Reline::Test#test_delete_text = 0.27 s
[ 7353/26691] Reline::Test#test_emacs_editing_mode = 0.23 s
[ 7354/26691] Reline::Test#test_add_dialog_proc_with_context = 0.24 s
[ 7355/26691] Reline::Test#test_prompt_proc = 0.24 s
[ 7356/26691] Reline::Test#test_read_io = 0.23 s
[ 7357/26691] Reline::Test#test_basic_quote_characters = 0.23 s
[ 7358/26691] Reline::Test#test_readmultiline = 0.25 s
[ 7359/26691] Reline::Test#test_add_dialog_proc = 0.25 s
[ 7360/26691] Reline::Test#test_tty_amibuous_width = 45.25 s
[ 7361/26691] Reline::Test#test_basic_word_break_characters = 0.24 s
[ 7362/26691] Reline::Test#test_insert_text = 0.24 s
[ 7363/26691] TestRipper::Generic#"test_parse_files:test/monitor" = 16.35 s
[ 7364/26691] TestRipper::Generic#"test_parse_files:lib/bundler" = 37.28 s
[ 7365/26691] TestRipper::Generic#"test_parse_files:test/stringio" = 33.67 s
[ 7366/26691] TestRipper::Generic#"test_parse_files:test/ripper" = 97.32 s
[ 7367/26691] TestRipper::Generic#"test_parse_files:lib/net" = 59.24 s
[ 7368/26691] TestRipper::Generic#"test_parse_files:test/fiddle" = 60.13 s
[ 7369/26691] TestRipper::Generic#"test_parse_files:test/yaml" = 16.10 s
[ 7370/26691] TestRipper::Generic#"test_parse_files:lib/cgi" = 41.73 s
[ 7371/26691] TestRipper::Generic#"test_parse_files:test/psych" = 14.59 s
[ 7372/26691] TestRipper::Generic#"test_parse_files:lib/random" = 14.86 s
[ 7373/26691] TestRipper::Generic#"test_parse_files:lib" = 19.29 s
[ 7374/26691] TestRipper::Generic#"test_parse_files:lib/error_highlight" = 23.14 s
[ 7375/26691] TestRipper::Generic#"test_parse_files:lib/uri" = 50.67 s
[ 7376/26691] TestRipper::Generic#"test_parse_files:test/irb" = 12.29 s
[ 7377/26691] TestRipper::Generic#"test_parse_files:test/etc" = 15.27 s
[ 7378/26691] TestRipper::Generic#"test_parse_files:test/erb" = 24.13 s
[ 7379/26691] TestRipper::Generic#"test_parse_files:sample" = 15.09 s
[ 7380/26691] TestRipper::Generic#"test_parse_files:lib/reline" = 110.31 s
[ 7381/26691] TestRipper::Generic#"test_parse_files:lib/prism" = 19.85 s
[ 7382/26691] TestRipper::Generic#"test_parse_files:test/pathname" = 48.69 s
[ 7383/26691] TestRipper::Generic#"test_parse_files:test/lib" = 12.61 s
[ 7384/26691] TestRipper::Generic#"test_parse_files:test/socket" = 74.92 s
[ 7385/26691] TestRipper::Generic#"test_parse_files:lib/optparse" = 15.77 s
[ 7386/26691] TestRipper::Generic#"test_parse_files:lib/did_you_mean" = 21.31 s
[ 7387/26691] TestRipper::Generic#"test_parse_files:test/openssl" = 15.95 s
[ 7388/26691] TestRipper::Generic#"test_parse_files:test/optparse" = 40.24 s
[ 7389/26691] TestRipper::Generic#"test_parse_files:test/win32" = 16.97 s
[ 7390/26691] TestRipper::Generic#"test_parse_files:test/objspace" = 11.69 s
[ 7391/26691] TestRipper::Generic#"test_parse_files:test/set" = 29.28 s
[ 7392/26691] TestRipper::Generic#"test_parse_files:lib/yaml" = 15.14 s
[ 7393/26691] TestRipper::Generic#"test_parse_files:test/dtrace" = 21.34 s
[ 7394/26691] TestRipper::Generic#"test_parse_files:test/reline" = 129.78 s
[ 7395/26691] TestRipper::Generic#"test_parse_files:test/digest" = 19.00 s
[ 7396/26691] TestRipper::Generic#"test_parse_files:test/zlib" = 38.72 s
[ 7397/26691] TestRipper::Generic#"test_parse_files:test/benchmark" = 14.80 s
[ 7398/26691] TestRipper::Generic#"test_parse_files:test/prism" = 17.36 s
[ 7399/26691] TestRipper::Generic#"test_parse_files:test/mkmf" = 27.95 s
[ 7400/26691] TestRipper::Generic#"test_parse_files:test/strscan" = 34.50 s
[ 7401/26691] TestRipper::Generic#"test_parse_files:test/coverage" = 24.55 s
[ 7402/26691] TestRipper::Generic#"test_parse_files:test/open-uri" = 41.73 s
[ 7403/26691] TestRipper::Generic#"test_parse_files:test" = 14.72 s
[ 7404/26691] TestRipper::Generic#"test_parse_files:test/fileutils" = 47.68 s
[ 7405/26691] TestRipper::Generic#"test_parse_files:lib/forwardable" = 11.83 s
[ 7406/26691] TestRipper::Generic#"test_parse_files:test/win32ole" = 11.86 s
[ 7407/26691] TestRipper::Generic#"test_parse_files:test/resolv" = 35.26 s
[ 7408/26691] TestRipper::Generic#"test_parse_files:lib/set" = 11.64 s
[ 7409/26691] TestRipper::Generic#"test_parse_files:test/error_highlight" = 20.14 s
[ 7410/26691] TestRipper::Generic#"test_parse_files:lib/open3" = 11.59 s
[ 7411/26691] TestRipper::Generic#"test_parse_files:test/fiber" = 37.39 s
[ 7412/26691] TestRipper::Generic#"test_parse_files:lib/rdoc" = 14.62 s
[ 7413/26691] TestRipper::Generic#"test_parse_files:test/ruby" = 252.81 s
[ 7414/26691] TestRipper::Generic#"test_parse_files:test/io" = 28.07 s
[ 7415/26691] TestRipper::Generic#"test_parse_files:test/json" = 40.61 s
[ 7416/26691] TestRipper::Generic#"test_parse_files:lib/logger" = 17.49 s
[ 7417/26691] TestRipper::Generic#"test_parse_files:lib/ruby_vm" = 163.37 s
[ 7418/26691] TestRipper::Generic#"test_parse_files:lib/erb" = 19.11 s
[ 7419/26691] TestRipper::Generic#"test_parse_files:lib/irb" = 17.92 s
[ 7420/26691] TestRipper::Generic#"test_parse_files:test/date" = 148.35 s
[ 7421/26691] TestRipper::Generic#"test_parse_files:lib/syntax_suggest" = 12.06 s
[ 7422/26691] TestRipper::Generic#"test_parse_files:test/uri" = 48.63 s
[ 7423/26691] TestRipper::Generic#"test_parse_files:test/rdoc" = 24.92 s
[ 7424/26691] TestRipper::Generic#"test_parse_files:test/cgi" = 52.46 s
[ 7425/26691] TestRipper::Generic#"test_parse_files:test/logger" = 34.49 s
[ 7426/26691] TestRipper::Generic#"test_parse_files:test/did_you_mean" = 28.71 s
[ 7427/26691] TestRipper::Generic#"test_parse_files:test/rubygems" = 38.97 s
[ 7428/26691] TestRipper::Generic#"test_parse_files:test/net"^[[A^[[B^[[B = 68.62 s
[ 7429/26691] TestRipper::Generic#"test_parse_files:lib/unicode_normalize" = 159.53 s
[ 7430/26691] TestRipper::Generic#"test_parse_files:ext" = 15.59 s
[ 7431/26691] TestRipper::Generic#"test_parse_files:lib/rubygems" = 29.53 s
[ 7432/26691] TestRipper::Generic#"test_parse_files:test/-ext-" = 16.00 s
[ 7433/26691] TestRipper::Generic#"test_parse_files:test/ostruct" = 19.92 s
[ 7434/26691] TestRDocMarkupToHtmlSnippet#test_convert_limit_over = 0.21 s
[ 7435/26691] TestRDocMarkupToHtmlSnippet#test_accept_list_item_end_label = 0.10 s
[ 7436/26691] TestRDocMarkupToHtmlSnippet#test_accept_list_start_bullet = 0.08 s
[ 7437/26691] TestRDocMarkupToHtmlSnippet#test_convert_limit_in_tag = 0.14 s
[ 7438/26691] TestRDocMarkupToHtmlSnippet#test_convert_RDOCLINK_label_label = 0.12 s
[ 7439/26691] TestRDocMarkupToHtmlSnippet#test_accept_paragraph_plus = 0.12 s
[ 7440/26691] TestRDocMarkupToHtmlSnippet#test_accept_list_item_start_note = 0.10 s
[ 7441/26691] TestRDocMarkupToHtmlSnippet#test_accept_list_item_end_lalpha = 0.08 s
[ 7442/26691] TestRDocMarkupToHtmlSnippet#test_accept_raw = 0.08 s
[ 7443/26691] TestRDocMarkupToHtmlSnippet#test_convert_limit_verbatim_2 = 0.24 s
[ 7444/26691] TestRDocMarkupToHtmlSnippet#test_accept_list_start_note = 0.08 s
[ 7445/26691] TestRDocMarkupToHtmlSnippet#test_accept_list_end_lalpha = 0.08 s
[ 7446/26691] TestRDocMarkupToHtmlSnippet#test_end_accepting = 0.07 s
[ 7447/26691] TestRDocMarkupToHtmlSnippet#test_accept_list_item_start_lalpha = 0.08 s
[ 7448/26691] TestRDocMarkupToHtmlSnippet#test_list_verbatim_2 = 0.18 s
[ 7449/26691] TestRDocMarkupToHtmlSnippet#test_accept_list_item_end_ualpha = 0.08 s
[ 7450/26691] TestRDocMarkupToHtmlSnippet#test_accept_list_end_ualpha = 0.08 s
[ 7451/26691] TestRDocMarkupToHtmlSnippet#test_convert_limit = 0.24 s
[ 7452/26691] TestRDocMarkupToHtmlSnippet#test_accept_list_item_start_ualpha = 0.08 s
[ 7453/26691] TestRDocMarkupToHtmlSnippet#test_convert_RDOCLINK_ref = 0.11 s
[ 7454/26691] TestRDocMarkupToHtmlSnippet#test_accept_paragraph_b = 0.12 s
[ 7455/26691] TestRDocMarkupToHtmlSnippet#test_accept_list_start_label = 0.08 s
[ 7456/26691] TestRDocMarkupToHtmlSnippet#test_accept_heading_4 = 0.10 s
[ 7457/26691] TestRDocMarkupToHtmlSnippet#test_to_html = 0.11 s
[ 7458/26691] TestRDocMarkupToHtmlSnippet#test_handle_regexp_HYPERLINK_link = 0.08 s
[ 7459/26691] TestRDocMarkupToHtmlSnippet#test_accept_blank_line = 0.07 s
[ 7460/26691] TestRDocMarkupToHtmlSnippet#test_accept_paragraph_star = 0.11 s
[ 7461/26691] TestRDocMarkupToHtmlSnippet#test_accept_paragraph = 0.10 s
[ 7462/26691] TestRDocMarkupToHtmlSnippet#test_accept_heading_2 = 0.11 s
[ 7463/26691] TestRDocMarkupToHtmlSnippet#test_accept_paragraph_br = 0.11 s
[ 7464/26691] TestRDocMarkupToHtmlSnippet#test_accept_list_item_start_note_2 = 0.14 s
[ 7465/26691] TestRDocMarkupToHtmlSnippet#test_convert_string = 0.07 s
[ 7466/26691] TestRDocMarkupToHtmlSnippet#test_accept_verbatim_ruby = 0.11 s
[ 7467/26691] TestRDocMarkupToHtmlSnippet#test_start_accepting = 0.08 s
[ 7468/26691] TestRDocMarkupToHtmlSnippet#test_accept_list_item_end_note = 0.10 s
[ 7469/26691] TestRDocMarkupToHtmlSnippet#test_accept_verbatim_ruby_error = 0.09 s
[ 7470/26691] TestRDocMarkupToHtmlSnippet#test_accept_list_item_start_note_multi_description = 0.16
s
[ 7471/26691] TestRDocMarkupToHtmlSnippet#test_accept_list_item_start_note_multi_label = 0.15 s
[ 7472/26691] TestRDocMarkupToHtmlSnippet#test_accept_list_start_number = 0.08 s
[ 7473/26691] TestRDocMarkupToHtmlSnippet#test_accept_heading_aref_method = 0.11 s
[ 7474/26691] TestRDocMarkupToHtmlSnippet#test_accept_list_end_note = 0.08 s
[ 7475/26691] TestRDocMarkupToHtmlSnippet#test_convert_RDOCLINK_label_foottext = 0.12 s
[ 7476/26691] TestRDocMarkupToHtmlSnippet#test_convert_RDOCLINK_label_footmark = 0.12 s
[ 7477/26691] TestRDocMarkupToHtmlSnippet#test_accept_list_item_end_bullet = 0.07 s
[ 7478/26691] TestRDocMarkupToHtmlSnippet#test_accept_rule = 0.07 s
[ 7479/26691] TestRDocMarkupToHtmlSnippet#test_accept_list_end_bullet = 0.08 s
[ 7480/26691] TestRDocMarkupToHtmlSnippet#test_accept_list_item_start_label = 0.10 s
[ 7481/26691] TestRDocMarkupToHtmlSnippet#test_accept_list_item_start_bullet = 0.08 s
[ 7482/26691] TestRDocMarkupToHtmlSnippet#test_accept_paragraph_underscore = 0.11 s
[ 7483/26691] TestRDocMarkupToHtmlSnippet#test_convert_TIDYLINK_rdoc_label = 0.12 s
[ 7484/26691] TestRDocMarkupToHtmlSnippet#test_accept_list_start_lalpha = 0.08 s
[ 7485/26691] TestRDocMarkupToHtmlSnippet#test_convert_limit_verbatim_multiline = 0.21 s
[ 7486/26691] TestRDocMarkupToHtmlSnippet#test_accept_heading = 0.10 s
[ 7487/26691] TestRDocMarkupToHtmlSnippet#test_accept_list_end_label = 0.08 s
[ 7488/26691] TestRDocMarkupToHtmlSnippet#test_convert_limit_2 = 0.25 s
[ 7489/26691] TestRDocMarkupToHtmlSnippet#test_convert_limit_verbatim = 0.20 s
[ 7490/26691] TestRDocMarkupToHtmlSnippet#test_accept_heading_3 = 0.10 s
[ 7491/26691] TestRDocMarkupToHtmlSnippet#test_accept_heading_suppressed_crossref = 0.10 s
[ 7492/26691] TestRDocMarkupToHtmlSnippet#test_accept_heading_1 = 0.10 s
[ 7493/26691] TestRDocMarkupToHtmlSnippet#test_accept_heading_7 = 0.10 s
[ 7494/26691] TestRDocMarkupToHtmlSnippet#test_accept_list_start_ualpha = 0.08 s
[ 7495/26691] TestRDocMarkupToHtmlSnippet#test_accept_block_quote = 0.10 s
[ 7496/26691] TestRDocMarkupToHtmlSnippet#test_accept_paragraph_break = 0.11 s
[ 7497/26691] TestRDocMarkupToHtmlSnippet#test_accept_heading_aref_class = 0.11 s
[ 7498/26691] TestRDocMarkupToHtmlSnippet#test_accept_verbatim = 0.10 s
[ 7499/26691] TestRDocMarkupToHtmlSnippet#test_accept_paragraph_i = 0.12 s
[ 7500/26691] TestRDocMarkupToHtmlSnippet#test_convert_limit_paragraphs = 0.30 s
[ 7501/26691] TestRDocMarkupToHtmlSnippet#test_on_tags = 0.07 s
[ 7502/26691] TestRDocMarkupToHtmlSnippet#test_list_verbatim = 0.11 s
[ 7503/26691] TestRDocMarkupToHtmlSnippet#test_off_tags = 0.08 s
[ 7504/26691] TestRDocMarkupToHtmlSnippet#test_list_nested = 0.15 s
[ 7505/26691] TestRDocMarkupToHtmlSnippet#test_accept_list_item_start_number = 0.08 s
[ 7506/26691] TestRDocMarkupToHtmlSnippet#test_accept_heading_b = 0.10 s
[ 7507/26691] TestRDocMarkupToHtmlSnippet#test_accept_document = 0.10 s
[ 7508/26691] TestRDocMarkupToHtmlSnippet#test_add_paragraph = 0.23 s
[ 7509/26691] TestRDocMarkupToHtmlSnippet#test_accept_list_end_number = 0.08 s
[ 7510/26691] TestRDocMarkupToHtmlSnippet#test_accept_list_item_end_number = 0.08 s
[ 7511/26691] TestGemStreamUI#test_verbose_download_reporter_progress_complete = 0.53 s
[ 7512/26691] TestGemStreamUI#test_ask_yes_no_no_tty_without_default = 0.51 s
[ 7513/26691] TestGemStreamUI#test_ask_for_password_no_tty = 0.50 s
[ 7514/26691] TestGemStreamUI#test_ask_for_password = 0.63 s
[ 7515/26691] TestGemStreamUI#test_verbose_download_reporter_progress_nil_length = 0.57 s
[ 7516/26691] TestGemStreamUI#test_progress_reporter_silent_nil = 0.49 s
[ 7517/26691] TestGemStreamUI#test_verbose_download_reporter_progress_zero_length = 0.49 s
[ 7518/26691] TestGemStreamUI#test_threaded_download_reporter = 0.49 s
[ 7519/26691] TestGemStreamUI#test_ask = 0.51 s
[ 7520/26691] TestGemStreamUI#test_download_reporter_silent_false = 0.49 s
[ 7521/26691] TestGemStreamUI#test_choose_from_list_negative = 0.49 s
[ 7522/26691] TestGemStreamUI#test_ask_no_tty = 0.50 s
[ 7523/26691] TestGemStreamUI#test_progress_reporter_simple = 0.49 s
[ 7524/26691] TestGemStreamUI#test_choose_from_list = 0.49 s
[ 7525/26691] TestGemStreamUI#test_ask_yes_no_no_tty_with_default = 0.50 s
[ 7526/26691] TestGemStreamUI#test_choose_from_list_EOF = 0.49 s
[ 7527/26691] TestGemStreamUI#test_progress_reporter_verbose = 0.49 s
[ 7528/26691] TestGemStreamUI#test_download_reporter_silent_nil = 0.49 s
[ 7529/26691] TestGemStreamUI#test_progress_reporter_silent_false = 0.48 s
[ 7530/26691] TestGemStreamUI#test_download_reporter_anything = 0.49 s
[ 7531/26691] TestGemStreamUI#test_choose_from_list_over = 0.49 s
[ 7532/26691] TestGemStreamUI#test_verbose_download_reporter_progress = 0.49 s
[ 7533/26691] TestGemStreamUI#test_choose_from_list_0 = 0.49 s
[ 7534/26691] TestGemStreamUI#test_verbose_download_reporter_no_tty = 0.49 s
[ 7535/26691] TestGemStreamUI#test_verbose_download_reporter_progress_once = 0.49 s
[ 7536/26691] TestFiberIO#test_read_write_blocking = 0.49 s
[ 7537/26691] TestFiberIO#test_puts_empty = 0.05 s
[ 7538/26691] TestFiberIO#test_backquote = 8.02 s
[ 7539/26691] TestFiberIO#test_heavy_read = 14.29 s
[ 7540/26691] TestFiberIO#test_tcp_connect = 0.06 s
[ 7541/26691] TestFiberIO#test_io_select = 0.04 s
[ 7542/26691] TestFiberIO#test_epipe_on_read = 0.04 s
[ 7543/26691] TestFiberIO#test_close_while_reading_on_thread = 0.06 s
[ 7544/26691] TestFiberIO#test_tcp_accept = 0.06 s
[ 7545/26691] TestFiberIO#test_read = 0.44 s
[ 7546/26691] TestGCCompact#test_moving_objects_between_heaps = 269.14 s
[ 7547/26691] TestGCCompact#test_moving_arrays_up_heaps = 93.63 s
[ 7548/26691] TestGCCompact#test_moving_hashes_down_heaps = 66.30 s
[ 7549/26691] TestGCCompact#test_complex_hash_keys = 104.91 s
[ 7550/26691] TestGCCompact#test_updating_references_for_heap_allocated_shared_arrays = 13.02 s
[ 7551/26691] TestGCCompact#test_compact_count = 28.16 s
[ 7552/26691] TestGCCompact#test_moving_strings_up_heaps = 91.11 s
[ 7553/26691] TestGCCompact#test_moving_strings_down_heaps = 98.10 s
[ 7554/26691] TestGCCompact#test_updating_references_for_embed_frozen_shared_arrays = 11.88 s
[ 7555/26691] TestGCCompact#test_moving_arrays_down_heaps = 101.48 s
[ 7556/26691] TestGCCompact#test_updating_references_for_heap_allocated_frozen_shared_arrays = 11.91
 s
[ 7557/26691] TestGCCompact#test_compacting_from_trace_point = 92.66 s
[ 7558/26691] TestGCCompact#test_ast_compacts = 10.89 s
[ 7559/26691] TestGCCompact#test_moving_objects_between_heaps_keeps_shape_frozen_status = 11.82 s
[ 7560/26691] TestGCCompact#test_updating_references_for_embed_shared_arrays = 11.69 s
[ 7561/26691] TestGCCompact#test_gc_compact_stats = 27.95 s
[ 7562/26691] TestBig5#test_left_adjust_char_head = 0.01 s
[ 7563/26691] TestBig5#test_mbc_case_fold = 0.01 s
[ 7564/26691] TestBig5#test_mbc_enc_len = 0.01 s
[ 7565/26691] TestBig5#test_code_to_mbc = 0.01 s
[ 7566/26691] TestBig5#test_mbc_to_code = 0.01 s
[ 7567/26691] OpenSSL::TestProvider#test_openssl_provider_name_inspect = 12.47 s
[ 7568/26691] OpenSSL::TestProvider#test_openssl_legacy_provider = 12.47 s
[ 7569/26691] OpenSSL::TestProvider#test_openssl_provider_names = 12.41 s
[ 7570/26691] OpenSSL::TestProvider#test_unloaded_openssl_provider = 12.45 s
[ 7571/26691] TestThreadGroup#test_frozen_thgroup = 0.08 s
[ 7572/26691] TestThreadGroup#test_enclosed_thgroup = 0.06 s
[ 7573/26691] TestThreadGroup#test_thread_init = 1.03 s
[ 7574/26691] TestStruct::TopStruct#test_struct_new_with_keyword_init_and_block = 0.02 s
[ 7575/26691] TestStruct::TopStruct#test_named_structs_are_not_rooted = 103.54 s
[ 7576/26691] TestStruct::TopStruct#test_members = 0.02 s
[ 7577/26691] TestStruct::TopStruct#test_struct_new_with_hash = 0.04 s
[ 7578/26691] TestStruct::TopStruct#test_setter_method_returns_value = 0.01 s
[ 7579/26691] TestStruct::TopStruct#test_struct_new = 0.03 s
[ 7580/26691] TestStruct::TopStruct#test_struct_keyword_init_p = 0.02 s
[ 7581/26691] TestStruct::TopStruct#test_aref = 0.06 s
[ 7582/26691] TestStruct::TopStruct#test_initialize = 0.02 s
[ 7583/26691] TestStruct::TopStruct#test_new_duplicate = 0.02 s
[ 7584/26691] TestStruct::TopStruct#test_bang_mark_in_member = 0.01 s
[ 7585/26691] TestStruct::TopStruct#test_set = 0.01 s
[ 7586/26691] TestStruct::TopStruct#test_select = 0.02 s
[ 7587/26691] TestStruct::TopStruct#test_size = 0.02 s
[ 7588/26691] TestStruct::TopStruct#test_error = 0.01 s
[ 7589/26691] TestStruct::TopStruct#test_each = 0.01 s
[ 7590/26691] TestStruct::TopStruct#test_morethan10members = 0.15 s
[ 7591/26691] TestStruct::TopStruct#test_question_mark_in_member = 0.01 s
[ 7592/26691] TestStruct::TopStruct#test_filter = 0.02 s
[ 7593/26691] TestStruct::TopStruct#test_junk = 0.01 s
[ 7594/26691] TestStruct::TopStruct#test_overridden_aset = 0.03 s
[ 7595/26691] TestStruct::TopStruct#test_arity = 0.01 s
[ 7596/26691] TestStruct::TopStruct#test_init_copy = 0.01 s
[ 7597/26691] TestStruct::TopStruct#test_dig = 0.01 s
[ 7598/26691] TestStruct::TopStruct#test_public_send = 0.01 s
[ 7599/26691] TestStruct::TopStruct#test_ref = 0.01 s
[ 7600/26691] TestStruct::TopStruct#test_redefinition_warning = 0.02 s
[ 7601/26691] TestStruct::TopStruct#test_to_h_block = 0.02 s
[ 7602/26691] TestStruct::TopStruct#test_hash = 0.01 s
[ 7603/26691] TestStruct::TopStruct#test_aset = 0.05 s
[ 7604/26691] TestStruct::TopStruct#test_deconstruct_keys = 0.02 s
[ 7605/26691] TestStruct::TopStruct#test_each_pair = 0.01 s
[ 7606/26691] TestStruct::TopStruct#test_initialize_with_kw = 0.02 s
[ 7607/26691] TestStruct::TopStruct#test_attrset_id = 0.01 s
[ 7608/26691] TestStruct::TopStruct#test_equal = 0.02 s
[ 7609/26691] TestStruct::TopStruct#test_to_h = 0.01 s
[ 7610/26691] TestStruct::TopStruct#test_parameters = 0.02 s
[ 7611/26691] TestStruct::TopStruct#test_overridden_aref = 0.02 s
[ 7612/26691] TestStruct::TopStruct#test_comparison_when_recursive = 0.04 s
[ 7613/26691] TestStruct::TopStruct#test_nonascii = 0.03 s
[ 7614/26691] TestStruct::TopStruct#test_values_at = 0.01 s
[ 7615/26691] TestStruct::TopStruct#test_keyword_args_warning = 0.07 s
[ 7616/26691] TestStruct::TopStruct#test_inspect = 0.04 s
[ 7617/26691] TestStruct::TopStruct#test_struct_new_with_keyword_init = 0.04 s
[ 7618/26691] TestStruct::TopStruct#test_larger_than_largest_pool = 0.12 s
[ 7619/26691] TestStruct::TopStruct#test_eql = 0.02 s
[ 7620/26691] TestStruct::TopStruct#test_small_structs = 0.05 s
[ 7621/26691] TestStruct::TopStruct#test_big_struct = 0.03 s
[ 7622/26691] TestStruct::TopStruct#test_inherit = 0.01 s
[ 7623/26691] TestStruct::TopStruct#test_struct = 0.02 s
[ 7624/26691] OpenSSL::TestSSL#test_ca_file_not_found = 2.26 s
[ 7625/26691] OpenSSL::TestSSL#test_fileno = 2.20 s
[ 7626/26691] OpenSSL::TestSSL#test_fallback_scsv = 3.49 s
[ 7627/26691] OpenSSL::TestSSL#test_verify_mode_default = 2.17 s
[ 7628/26691] OpenSSL::TestSSL#test_npn_selected_protocol_too_long = 2.57 s
[ 7629/26691] OpenSSL::TestSSL#test_sync_close = 3.38 s
[ 7630/26691] OpenSSL::TestSSL#test_verify_hostname = 2.17 s
[ 7631/26691] OpenSSL::TestSSL#test_close_after_socket_close = 2.69 s
[ 7632/26691] OpenSSL::TestSSL#test_tmp_dh = 5.75 s
[ 7633/26691] OpenSSL::TestSSL#test_exception_in_verify_callback_is_ignored = 2.59 s
[ 7634/26691] OpenSSL::TestSSL#test_keylog_cb = 3.62 s
[ 7635/26691] OpenSSL::TestSSL#test_get_ephemeral_key = 6.58 s
[ 7636/26691] OpenSSL::TestSSL#test_client_auth_success = 3.72 s
[ 7637/26691] OpenSSL::TestSSL#test_connect_certificate_verify_failed_exception_message = 3.57 s
[ 7638/26691] OpenSSL::TestSSL#test_ecdh_curves_tls13 = 3.17 s
[ 7639/26691] OpenSSL::TestSSL#test_ssl_with_server_cert = 2.79 s
[ 7640/26691] OpenSSL::TestSSL#test_npn_advertised_protocol_too_long = 2.23 s
[ 7641/26691] OpenSSL::TestSSL#test_client_cert_cb_ignore_error = 2.60 s
[ 7642/26691] OpenSSL::TestSSL#test_verify_mode_server_cert = 3.48 s
[ 7643/26691] OpenSSL::TestSSL#test_read_with_timeout = 4.01 s
[ 7644/26691] OpenSSL::TestSSL#test_alpn_protocol_selection_cancel = 2.22 s
[ 7645/26691] OpenSSL::TestSSL#test_sslctx_set_params = 2.21 s
[ 7646/26691] OpenSSL::TestSSL#test_verify_wildcard = 2.24 s
[ 7647/26691] OpenSSL::TestSSL#test_set_params_min_version = 3.62 s
[ 7648/26691] OpenSSL::TestSSL#test_verify_result = 3.51 s
[ 7649/26691] OpenSSL::TestSSL#test_unstarted_session = 2.67 s
[ 7650/26691] OpenSSL::TestSSL#test_ciphersuites_method_nil_argument = 2.17 s
[ 7651/26691] OpenSSL::TestSSL#test_post_connection_check_wildcard_san = 2.31 s
[ 7652/26691] OpenSSL::TestSSL#test_alpn_protocol_selection_ary = 2.98 s
[ 7653/26691] OpenSSL::TestSSL#test_ciphers_method_frozen_object = 2.17 s
[ 7654/26691] OpenSSL::TestSSL#test_ciphers_method_nil_argument = 2.17 s
[ 7655/26691] OpenSSL::TestSSL#test_post_connection_check = 4.86 s
[ 7656/26691] OpenSSL::TestSSL#test_ctx_options = 2.16 s
[ 7657/26691] OpenSSL::TestSSL#test_servername_cb_raises_an_exception_on_unknown_objects = 2.22 s
[ 7658/26691] OpenSSL::TestSSL#test_npn_protocol_selection_cancel = 2.55 s
[ 7659/26691] OpenSSL::TestSSL#test_socket_open_with_context = 2.70 s
[ 7660/26691] OpenSSL::TestSSL#test_verify_hostname_on_connect = 5.40 s
[ 7661/26691] OpenSSL::TestSSL#test_sync_close_without_connect = 2.16 s
[ 7662/26691] OpenSSL::TestSSL#test_socket_open = 2.87 s
[ 7663/26691] OpenSSL::TestSSL#test_ssl_methods_constant = 2.17 s
[ 7664/26691] OpenSSL::TestSSL#test_tlsext_hostname = 3.34 s
[ 7665/26691] OpenSSL::TestSSL#test_verify_certificate_identity = 2.45 s
[ 7666/26691] OpenSSL::TestSSL#test_socket_open_with_local_address_port_context = 2.79 s
[ 7667/26691] OpenSSL::TestSSL#test_accept_errors_include_peeraddr = 2.20 s
[ 7668/26691] OpenSSL::TestSSL#test_socket_close_write = 2.61 s
[ 7669/26691] OpenSSL::TestSSL#test_export_keying_material = 2.70 s
[ 7670/26691] OpenSSL::TestSSL#test_parallel = 7.79 s
[ 7671/26691] OpenSSL::TestSSL#test_add_certificate = 2.73 s
[ 7672/26691] OpenSSL::TestSSL#test_connect_works_when_setting_dh_callback_to_nil = 3.00 s
[ 7673/26691] OpenSSL::TestSSL#test_client_ca = 3.02 s
[ 7674/26691] OpenSSL::TestSSL#test_ciphersuites_method_frozen_object = 2.15 s
[ 7675/26691] OpenSSL::TestSSL#test_readbyte = 2.77 s
[ 7676/26691] OpenSSL::TestSSL#test_copy_stream = 2.70 s
[ 7677/26691] OpenSSL::TestSSL#test_options_disable_versions = 4.77 s
[ 7678/26691] OpenSSL::TestSSL#test_ciphersuites_method_bogus_csuite = 2.17 s
[ 7679/26691] OpenSSL::TestSSL#test_minmax_version = 8.76 s
[ 7680/26691] OpenSSL::TestSSL#test_npn_protocol_selection_ary = 3.02 s
[ 7681/26691] OpenSSL::TestSSL#test_ciphers_method_tls_connection = 3.61 s
[ 7682/26691] OpenSSL::TestSSL#test_ecdh_curves_tls12 = 3.56 s
[ 7683/26691] OpenSSL::TestSSL#test_sysread_and_syswrite = 2.84 s
[ 7684/26691] OpenSSL::TestSSL#test_freeze_calls_setup = 2.57 s
[ 7685/26691] OpenSSL::TestSSL#test_ca_file = 2.78 s
[ 7686/26691] OpenSSL::TestSSL#test_ctx_setup = 2.16 s
[ 7687/26691] OpenSSL::TestSSL#test_dup = 2.18 s
[ 7688/26691] OpenSSL::TestSSL#test_getbyte = 2.80 s
[ 7689/26691] OpenSSL::TestSSL#test_verify_hostname_failure_error_code = 2.92 s
[ 7690/26691] OpenSSL::TestSSL#test_add_certificate_multiple_certs = 3.91 s
[ 7691/26691] OpenSSL::TestSSL#test_unset_OP_ALL = 2.71 s
[ 7692/26691] OpenSSL::TestSSL#test_post_connection_check_wildcard_cn = 2.24 s
[ 7693/26691] OpenSSL::TestSSL#test_post_connect_check_with_anon_ciphers = 5.31 s
[ 7694/26691] OpenSSL::TestSSL#test_ctx_options_config = 14.62 s
[ 7695/26691] OpenSSL::TestSSL#test_npn_protocol_selection_enum = 3.05 s
[ 7696/26691] OpenSSL::TestSSL#test_verify_mode_client_cert_required = 3.48 s
[ 7697/26691] OpenSSL::TestSSL#test_tmp_dh_callback = 6.06 s
[ 7698/26691] OpenSSL::TestSSL#test_renegotiation_cb = 2.72 s
[ 7699/26691] OpenSSL::TestSSL#test_security_level = 3.09 s
[ 7700/26691] OpenSSL::TestSSL#test_ciphers_method_bogus_csuite = 2.17 s
[ 7701/26691] OpenSSL::TestSSL#test_ciphersuites_method_tls_connection = 3.66 s
[ 7702/26691] OpenSSL::TestSSL#test_finished_messages = 2.66 s
[ 7703/26691] OpenSSL::TestSSL#test_bad_socket = 2.31 s
[ 7704/26691] OpenSSL::TestBN#test_mod_sqrt = 0.04 s
[ 7705/26691] OpenSSL::TestBN#test_mod_sqr = 0.01 s
[ 7706/26691] OpenSSL::TestBN#test_argument_error = 0.01 s
[ 7707/26691] OpenSSL::TestBN#test_abs = 0.02 s
[ 7708/26691] OpenSSL::TestBN#test_comparison = 0.02 s
[ 7709/26691] OpenSSL::TestBN#test_mod_add = 0.01 s
[ 7710/26691] OpenSSL::TestBN#test_mod = 0.01 s
[ 7711/26691] OpenSSL::TestBN#test_get_flags_and_set_flags = 0.02 s
[ 7712/26691] OpenSSL::TestBN#test_sqr = 0.01 s
[ 7713/26691] OpenSSL::TestBN#test_new = 0.05 s
[ 7714/26691] OpenSSL::TestBN#test_four_ops = 0.02 s
[ 7715/26691] OpenSSL::TestBN#test_bit_operations = 0.03 s
[ 7716/26691] OpenSSL::TestBN#test_mod_mul = 0.01 s
[ 7717/26691] OpenSSL::TestBN#test_num_bits_bytes = 0.02 s
[ 7718/26691] OpenSSL::TestBN#test_odd_p = 0.01 s
[ 7719/26691] OpenSSL::TestBN#test_negative_p = 0.01 s
[ 7720/26691] OpenSSL::TestBN#test_to_int = 0.02 s
[ 7721/26691] OpenSSL::TestBN#test_unary_plus_minus = 0.02 s
[ 7722/26691] OpenSSL::TestBN#test_mod_exp = 0.01 s
[ 7723/26691] OpenSSL::TestBN#test_mod_sub = 0.01 s
[ 7724/26691] OpenSSL::TestBN#test_mod_inverse = 0.01 s
[ 7725/26691] OpenSSL::TestBN#test_exp = 0.01 s
[ 7726/26691] OpenSSL::TestBN#test_zero_p = 0.01 s
[ 7727/26691] OpenSSL::TestBN#test_random = 0.11 s
[ 7728/26691] OpenSSL::TestBN#test_one_p = 0.01 s
[ 7729/26691] OpenSSL::TestBN#test_to_str = 0.03 s
[ 7730/26691] OpenSSL::TestBN#test_coerce = 0.02 s
[ 7731/26691] OpenSSL::TestBN#test_gcd = 0.01 s
[ 7732/26691] SpellCheckerTest#test_spell_checker_sorts_results_by_simiarity = 0.16 s
[ 7733/26691] SpellCheckerTest#test_spell_checker_corrects_misspells = 0.20 s
[ 7734/26691] SpellCheckerTest#test_spell_checker_corrects_mistypes = 2.35 s
[ 7735/26691] SpellCheckerTest#test_spell_checker_excludes_input_from_dictionary = 0.03 s
[ 7736/26691] Prism::EncodingsTest#"test_encoding_ANSI_X3.4-1968" = 0.84 s
[ 7737/26691] Prism::EncodingsTest#"test_encoding_US-ASCII" = 0.79 s
[ 7738/26691] Prism::EncodingsTest#test_encoding_646 = 0.78 s
[ 7739/26691] Prism::EncodingsTest#test_encoding_ASCII = 0.78 s
[ 7740/26691] Prism::EncodingsTest#test_encoding_CP1253 = 1.21 s
[ 7741/26691] Prism::EncodingsTest#test_encoding_BINARY = 0.73 s
[ 7742/26691] Prism::EncodingsTest#"test_encoding_ASCII-8BIT" = 0.73 s
[ 7743/26691] Prism::EncodingsTest#"test_encoding_Windows-1253" = 1.19 s
[ 7744/26691] TestGemCommandsUnpackCommand#test_execute_gem_path = 0.95 s
[ 7745/26691] TestGemCommandsUnpackCommand#test_execute_remote = 0.96 s
[ 7746/26691] TestGemCommandsUnpackCommand#test_execute_exact_match = 0.84 s
[ 7747/26691] TestGemCommandsUnpackCommand#test_execute_sudo = 1.64 s
[ 7748/26691] TestGemCommandsUnpackCommand#test_execute_spec_target = 1.62 s
[ 7749/26691] TestGemCommandsUnpackCommand#test_execute_gem_path_missing = 0.79 s
[ 7750/26691] TestGemCommandsUnpackCommand#test_find_in_cache = 1.62 s
[ 7751/26691] TestGemCommandsUnpackCommand#test_execute_spec = 1.61 s
[ 7752/26691] TestGemCommandsUnpackCommand#test_get_path = 0.96 s
[ 7753/26691] TestGemCommandsUnpackCommand#test_handle_options_metadata = 0.99 s
[ 7754/26691] TestGemCommandsUnpackCommand#test_execute = 1.62 s
[ 7755/26691] TestGemCommandsUnpackCommand#test_execute_with_target_option = 1.62 s
[ 7756/26691] TestIRB::CDTest#test_cd_moves_top_level_with_no_args = 0.05 s
[ 7757/26691] TestIRB::CDTest#test_cd_basic_object_or_frozen = 0.04 s
[ 7758/26691] TestIRB::CDTest#test_cd_with_error = 0.04 s
[ 7759/26691] TestIRB::CDTest#test_cd = 0.04 s
[ 7760/26691] TestRDocTopLevel#test_search_record = 4.41 s
[ 7761/26691] TestRDocTopLevel#test_text_eh_no_parser = 4.36 s
[ 7762/26691] TestRDocTopLevel#test_name = 4.32 s
[ 7763/26691] TestRDocTopLevel#test_initialize = 4.33 s
[ 7764/26691] TestRDocTopLevel#test_full_name = 4.34 s
[ 7765/26691] TestRDocTopLevel#test_marshal_load_version_0 = 4.36 s
[ 7766/26691] TestRDocTopLevel#test_find_class_or_module = 4.34 s
[ 7767/26691] TestRDocTopLevel#test_page_name = 4.36 s
[ 7768/26691] TestRDocTopLevel#test_add_include = 4.35 s
[ 7769/26691] TestRDocTopLevel#test_marshal_dump = 4.38 s
[ 7770/26691] TestRDocTopLevel#test_base_name = 4.74 s
[ 7771/26691] TestRDocTopLevel#test_initialize_relative = 4.61 s
[ 7772/26691] TestRDocTopLevel#test_equals2 = 4.60 s
[ 7773/26691] TestRDocTopLevel#test_eql_eh = 4.52 s
[ 7774/26691] TestRDocTopLevel#test_add_constant = 4.60 s
[ 7775/26691] TestRDocTopLevel#test_text_eh = 4.54 s
[ 7776/26691] TestRDocTopLevel#test_add_constant_nodoc = 4.52 s
[ 7777/26691] TestRDocTopLevel#test_http_url = 4.45 s
[ 7778/26691] TestRDocTopLevel#test_hash = 4.44 s
[ 7779/26691] TestRDocTopLevel#test_add_include_nodoc = 4.44 s
[ 7780/26691] TestRDocTopLevel#test_last_modified = 4.42 s
[ 7781/26691] TestRDocTopLevel#test_display_eh = 4.41 s
[ 7782/26691] TestRDocTopLevel#test_page_name_trim_extension = 4.26 s
[ 7783/26691] TestRDocTopLevel#test_search_record_page = 4.33 s
[ 7784/26691] TestRDocTopLevel#test_add_method = 4.26 s
[ 7785/26691] TestRDocTopLevel#test_add_alias = 4.26 s
[ 7786/26691] TestRDocTopLevel#test_add_method_stopdoc = 4.28 s
[ 7787/26691] TestRDocTopLevel#test_add_alias_nodoc = 4.27 s
[ 7788/26691] Prism::ParseTest#test_parse_takes_file_path = 0.02 s
[ 7789/26691] Prism::ParseTest#test_parse_file = 0.19 s
[ 7790/26691] Prism::ParseTest#test_version = 0.03 s
[ 7791/26691] Prism::ParseTest#test_parse_tempfile = 0.02 s
[ 7792/26691] Prism::ParseTest#test_parse_takes_line = 0.02 s
[ 7793/26691] Prism::ParseTest#test_parse_nonascii = 0.03 s
[ 7794/26691] Prism::ParseTest#test_parse_result = 0.18 s
[ 7795/26691] Prism::ParseTest#test_partial_script = 0.01 s
[ 7796/26691] Prism::ParseTest#test_parse_takes_negative_lines = 0.02 s
[ 7797/26691] Prism::ParseTest#test_parse_empty_string = 0.01 s
[ 7798/26691] Prism::ParseTest#test_parse_directory = 0.01 s
[ 7799/26691] TestFileUtilsVerbose#test_visibility_cp_lr = 0.01 s
[ 7800/26691] TestFileUtilsVerbose#test_visibility_fu_copy_stream0 = 0.01 s
[ 7801/26691] TestFileUtilsVerbose#test_visibility_identical? = 0.01 s
[ 7802/26691] TestFileUtilsVerbose#test_visibility_mkdir_p = 0.01 s
[ 7803/26691] TestFileUtilsVerbose#test_visibility_ln_sf = 0.01 s
[ 7804/26691] TestFileUtilsVerbose#test_singleton_visibility_ln_s = 0.01 s
[ 7805/26691] TestFileUtilsVerbose#test_visibility_compare_stream = 0.01 s
[ 7806/26691] TestFileUtilsVerbose#test_singleton_visibility_fu_stream_blksize = 0.01 s
[ 7807/26691] TestFileUtilsVerbose#test_singleton_visibility_mkdir = 0.01 s
[ 7808/26691] TestFileUtilsVerbose#test_singleton_visibility_fu_copy_stream0 = 0.01 s
[ 7809/26691] TestFileUtilsVerbose#test_visibility_fu_blksize = 0.01 s
[ 7810/26691] TestFileUtilsVerbose#test_visibility_rmdir = 0.01 s
[ 7811/26691] TestFileUtilsVerbose#test_singleton_visibility_uptodate? = 0.01 s
[ 7812/26691] TestFileUtilsVerbose#test_singleton_visibility_rmtree = 0.01 s
[ 7813/26691] TestFileUtilsVerbose#test_visibility_remove_entry_secure = 0.01 s
[ 7814/26691] TestFileUtilsVerbose#test_visibility_ln_sr = 0.01 s
[ 7815/26691] TestFileUtilsVerbose#test_visibility_copy_file = 0.01 s
[ 7816/26691] TestFileUtilsVerbose#test_singleton_visibility_chmod_R = 0.01 s
[ 7817/26691] TestFileUtilsVerbose#test_singleton_visibility_link_entry = 0.01 s
[ 7818/26691] TestFileUtilsVerbose#test_visibility_remove_entry = 0.01 s
[ 7819/26691] TestFileUtilsVerbose#test_singleton_visibility_cp_r = 0.01 s
[ 7820/26691] TestFileUtilsVerbose#test_visibility_rmtree = 0.01 s
[ 7821/26691] TestFileUtilsVerbose#test_singleton_visibility_chmod = 0.01 s
[ 7822/26691] TestFileUtilsVerbose#test_singleton_visibility_copy_entry = 0.01 s
[ 7823/26691] TestFileUtilsVerbose#test_singleton_visibility_rm_rf = 0.01 s
[ 7824/26691] TestFileUtilsVerbose#test_visibility_cp_r = 0.01 s
[ 7825/26691] TestFileUtilsVerbose#test_singleton_visibility_install = 0.01 s
[ 7826/26691] TestFileUtilsVerbose#test_visibility_chown = 0.01 s
[ 7827/26691] TestFileUtilsVerbose#test_visibility_rm = 0.01 s
[ 7828/26691] TestFileUtilsVerbose#test_singleton_visibility_safe_unlink = 0.01 s
[ 7829/26691] TestFileUtilsVerbose#test_singleton_visibility_fu_windows? = 0.01 s
[ 7830/26691] TestFileUtilsVerbose#test_singleton_visibility_touch = 0.01 s
[ 7831/26691] TestFileUtilsVerbose#test_visibility_ln = 0.01 s
[ 7832/26691] TestFileUtilsVerbose#test_visibility_remove_file = 0.01 s
[ 7833/26691] TestFileUtilsVerbose#test_singleton_visibility_chdir = 0.01 s
[ 7834/26691] TestFileUtilsVerbose#test_singleton_visibility_remove_entry_secure = 0.01 s
[ 7835/26691] TestFileUtilsVerbose#test_visibility_cmp = 0.01 s
[ 7836/26691] TestFileUtilsVerbose#test_singleton_visibility_pwd = 0.01 s
[ 7837/26691] TestFileUtilsVerbose#test_visibility_ln_s = 0.01 s
[ 7838/26691] TestFileUtilsVerbose#test_singleton_visibility_remove_entry = 0.01 s
[ 7839/26691] TestFileUtilsVerbose#test_singleton_visibility_ln = 0.01 s
[ 7840/26691] TestFileUtilsVerbose#test_singleton_visibility_cmp = 0.01 s
[ 7841/26691] TestFileUtilsVerbose#test_visibility_copy_stream = 0.01 s
[ 7842/26691] TestFileUtilsVerbose#test_singleton_visibility_symlink = 0.01 s
[ 7843/26691] TestFileUtilsVerbose#test_visibility_chown_R = 0.01 s
[ 7844/26691] TestFileUtilsVerbose#test_singleton_visibility_rm = 0.01 s
[ 7845/26691] TestFileUtilsVerbose#test_singleton_visibility_compare_stream = 0.28 s
[ 7846/26691] TestFileUtilsVerbose#test_singleton_visibility_remove_dir = 0.01 s
[ 7847/26691] TestFileUtilsVerbose#test_visibility_pwd = 0.01 s
[ 7848/26691] TestFileUtilsVerbose#test_visibility_getwd = 0.01 s
[ 7849/26691] TestFileUtilsVerbose#test_singleton_visibility_remove = 0.01 s
[ 7850/26691] TestFileUtilsVerbose#test_singleton_visibility_move = 0.01 s
[ 7851/26691] TestFileUtilsVerbose#test_visibility_remove_dir = 0.01 s
[ 7852/26691] TestFileUtilsVerbose#test_singleton_visibility_rmdir = 0.01 s
[ 7853/26691] TestFileUtilsVerbose#test_visibility_mkdir = 0.01 s
[ 7854/26691] TestFileUtilsVerbose#test_visibility_chmod_R = 0.01 s
[ 7855/26691] TestFileUtilsVerbose#test_visibility_rm_f = 0.01 s
[ 7856/26691] TestFileUtilsVerbose#test_visibility_compare_file = 0.01 s
[ 7857/26691] TestFileUtilsVerbose#test_singleton_visibility_ln_sf = 0.01 s
[ 7858/26691] TestFileUtilsVerbose#test_visibility_remove = 0.01 s
[ 7859/26691] TestFileUtilsVerbose#test_singleton_visibility_cp_lr = 0.12 s
[ 7860/26691] TestFileUtilsVerbose#test_singleton_visibility_mv = 0.01 s
[ 7861/26691] TestFileUtilsVerbose#test_singleton_visibility_mkdir_p = 0.01 s
[ 7862/26691] TestFileUtilsVerbose#test_visibility_chmod = 0.01 s
[ 7863/26691] TestFileUtilsVerbose#test_visibility_fu_default_blksize = 0.01 s
[ 7864/26691] TestFileUtilsVerbose#test_visibility_makedirs = 0.01 s
[ 7865/26691] TestFileUtilsVerbose#test_singleton_visibility_copy = 0.01 s
[ 7866/26691] TestFileUtilsVerbose#test_visibility_mv = 0.01 s
[ 7867/26691] TestFileUtilsVerbose#test_visibility_uptodate? = 0.01 s
[ 7868/26691] TestFileUtilsVerbose#test_singleton_visibility_link = 0.01 s
[ 7869/26691] TestFileUtilsVerbose#test_singleton_visibility_ln_sr = 0.01 s
[ 7870/26691] TestFileUtilsVerbose#test_singleton_visibility_copy_file = 0.01 s
[ 7871/26691] TestFileUtilsVerbose#test_visibility_rm_r = 0.01 s
[ 7872/26691] TestFileUtilsVerbose#test_visibility_copy_entry = 0.01 s
[ 7873/26691] TestFileUtilsVerbose#test_visibility_link = 0.01 s
[ 7874/26691] TestFileUtilsVerbose#test_singleton_visibility_compare_file = 0.01 s
[ 7875/26691] TestFileUtilsVerbose#test_visibility_touch = 0.01 s
[ 7876/26691] TestFileUtilsVerbose#test_visibility_link_entry = 0.01 s
[ 7877/26691] TestFileUtilsVerbose#test_singleton_visibility_cp = 0.01 s
[ 7878/26691] TestFileUtilsVerbose#test_singleton_visibility_rm_r = 0.01 s
[ 7879/26691] TestFileUtilsVerbose#test_singleton_visibility_makedirs = 0.01 s
[ 7880/26691] TestFileUtilsVerbose#test_singleton_visibility_remove_file = 0.01 s
[ 7881/26691] TestFileUtilsVerbose#test_singleton_visibility_fu_default_blksize = 0.01 s
[ 7882/26691] TestFileUtilsVerbose#test_singleton_visibility_chown = 0.01 s
[ 7883/26691] TestFileUtilsVerbose#test_singleton_visibility_chown_R = 0.01 s
[ 7884/26691] TestFileUtilsVerbose#test_visibility_symlink = 0.01 s
[ 7885/26691] TestFileUtilsVerbose#test_visibility_copy = 0.01 s
[ 7886/26691] TestFileUtilsVerbose#test_visibility_rm_rf = 0.01 s
[ 7887/26691] TestFileUtilsVerbose#test_singleton_visibility_copy_stream = 0.01 s
[ 7888/26691] TestFileUtilsVerbose#test_visibility_cd = 0.01 s
[ 7889/26691] TestFileUtilsVerbose#test_singleton_visibility_fu_blksize = 0.01 s
[ 7890/26691] TestFileUtilsVerbose#test_singleton_visibility_getwd = 0.01 s
[ 7891/26691] TestFileUtilsVerbose#test_visibility_safe_unlink = 0.01 s
[ 7892/26691] TestFileUtilsVerbose#test_visibility_install = 0.01 s
[ 7893/26691] TestFileUtilsVerbose#test_visibility_fu_stream_blksize = 0.01 s
[ 7894/26691] TestFileUtilsVerbose#test_singleton_visibility_rm_f = 0.01 s
[ 7895/26691] TestFileUtilsVerbose#test_singleton_visibility_cd = 0.01 s
[ 7896/26691] TestFileUtilsVerbose#test_singleton_visibility_mkpath = 0.01 s
[ 7897/26691] TestFileUtilsVerbose#test_visibility_cp = 0.01 s
[ 7898/26691] TestFileUtilsVerbose#test_visibility_mkpath = 0.01 s
[ 7899/26691] TestFileUtilsVerbose#test_singleton_visibility_identical? = 0.01 s
[ 7900/26691] TestFileUtilsVerbose#test_visibility_fu_windows? = 0.01 s
[ 7901/26691] TestFileUtilsVerbose#test_visibility_chdir = 0.01 s
[ 7902/26691] TestFileUtilsVerbose#test_visibility_move = 0.01 s
[ 7903/26691] TestOpenURIFtp#test_ftp_over_http_proxy_auth = 0.26 s
[ 7904/26691] TestOpenURIFtp#test_ftp_over_http_proxy = 0.10 s
[ 7905/26691] TestProcKeywords#test_compose_keywords_method = 0.13 s
[ 7906/26691] TestProcKeywords#test_compose_keywords = 0.12 s
[ 7907/26691] TestProcKeywords#test_compose_keywords_non_proc = 0.24 s
[ 7908/26691] TestRDocMarkupDocument#test_concat = 0.03 s
[ 7909/26691] TestRDocMarkupDocument#test_empty_eh_document = 0.02 s
[ 7910/26691] TestRDocMarkupDocument#test_merge_empty = 0.03 s
[ 7911/26691] TestRDocMarkupDocument#test_file_equals_top_level = 0.03 s
[ 7912/26691] TestRDocMarkupDocument#test_empty_eh = 0.03 s
[ 7913/26691] TestRDocMarkupDocument#test_table_of_contents = 0.08 s
[ 7914/26691] TestRDocMarkupDocument#test_append_string = 0.03 s
[ 7915/26691] TestRDocMarkupDocument#test_each = 0.03 s
[ 7916/26691] TestRDocMarkupDocument#test_equals2 = 0.03 s
[ 7917/26691] TestRDocMarkupDocument#test_push = 0.03 s
[ 7918/26691] TestRDocMarkupDocument#test_append = 0.03 s
[ 7919/26691] TestRDocMarkupDocument#test_table_of_contents_omit_headings_below = 0.03 s
[ 7920/26691] TestRDocMarkupDocument#test_lt2 = 0.03 s
[ 7921/26691] TestRDocMarkupDocument#test_file_equals = 0.02 s
[ 7922/26691] TestRDocMarkupDocument#test_merge = 0.03 s
[ 7923/26691] TestRDocMarkupDocument#test_equals2_file = 0.02 s
[ 7924/26691] TestRDocMarkupDocument#test_merge_add = 0.03 s
[ 7925/26691] TestRDocMarkupDocument#test_append_document = 0.03 s
[ 7926/26691] TestNetHTTP_v1_2#test_s_start = 0.09 s
[ 7927/26691] TestNetHTTP_v1_2#test_get2 = 0.11 s
[ 7928/26691] TestNetHTTP_v1_2#test_get = 0.29 s
[ 7929/26691] TestNetHTTP_v1_2#test_get__break = 0.08 s
[ 7930/26691] TestNetHTTP_v1_2#test_s_post = 0.27 s
[ 7931/26691] TestNetHTTP_v1_2#test_send_large_POST_request = 4.72 s
[ 7932/26691] TestNetHTTP_v1_2#test_patch = 0.10 s
[ 7933/26691] TestNetHTTP_v1_2#test_head = 0.09 s
[ 7934/26691] TestNetHTTP_v1_2#test_s_get = 0.30 s
[ 7935/26691] TestNetHTTP_v1_2#test_get__implicit_start = 0.09 s
[ 7936/26691] TestNetHTTP_v1_2#test_set_form = 0.40 s
[ 7937/26691] TestNetHTTP_v1_2#test_get__crlf = 0.12 s
[ 7938/26691] TestNetHTTP_v1_2#test_send_request = 0.22 s
[ 7939/26691] TestNetHTTP_v1_2#test_timeout_during_HTTP_session = 0.38 s
[ 7940/26691] TestNetHTTP_v1_2#test_s_get_response = 0.23 s
[ 7941/26691] TestNetHTTP_v1_2#test_post = 0.23 s
[ 7942/26691] TestNetHTTP_v1_2#test_set_form_with_file = 0.20 s
[ 7943/26691] TestNetHTTP_v1_2#test_request = 0.62 s
[ 7944/26691] TestNetHTTP_v1_2#test_s_post_form = 0.49 s
[ 7945/26691] TestNetHTTP_v1_2#test_timeout_during_HTTP_session_write = 3.35 s
[ 7946/26691] TestNetHTTP_v1_2#test_timeout_during_non_chunked_streamed_HTTP_session_write = 2.86 s
[ 7947/26691] Prism::SourceLocationTest#test_MatchPredicateNode = 0.02 s
[ 7948/26691] Prism::SourceLocationTest#test_MultiWriteNode = 0.04 s
[ 7949/26691] Prism::SourceLocationTest#test_OptionalParameterNode = 0.01 s
[ 7950/26691] Prism::SourceLocationTest#test_NumberedParametersNode = 0.02 s
[ 7951/26691] Prism::SourceLocationTest#test_ClassVariableWriteNode = 0.02 s
[ 7952/26691] Prism::SourceLocationTest#test_XStringNode = 0.02 s
[ 7953/26691] Prism::SourceLocationTest#test_GlobalVariableTargetNode = 0.02 s
[ 7954/26691] Prism::SourceLocationTest#test_BeginNode = 0.06 s
[ 7955/26691] Prism::SourceLocationTest#test_OrNode = 0.02 s
[ 7956/26691] Prism::SourceLocationTest#test_OptionalKeywordParameterNode = 0.01 s
[ 7957/26691] Prism::SourceLocationTest#test_SplatNode = 0.02 s
[ 7958/26691] Prism::SourceLocationTest#test_LocalVariableOrWriteNode = 0.02 s
[ 7959/26691] Prism::SourceLocationTest#test_TrueNode = 0.02 s
[ 7960/26691] Prism::SourceLocationTest#test_ConstantOperatorWriteNode = 0.02 s
[ 7961/26691] Prism::SourceLocationTest#test_RequiredParameterNode = 0.01 s
[ 7962/26691] Prism::SourceLocationTest#test_ArrayPatternNode = 0.05 s
[ 7963/26691] Prism::SourceLocationTest#test_ParenthesesNode = 0.03 s
[ 7964/26691] Prism::SourceLocationTest#test_BlockArgumentNode = 0.01 s
[ 7965/26691] Prism::SourceLocationTest#test_EmbeddedStatementsNode = 0.01 s
[ 7966/26691] Prism::SourceLocationTest#test_InterpolatedRegularExpressionNode = 0.03 s
[ 7967/26691] Prism::SourceLocationTest#test_ClassVariableReadNode = 0.02 s
[ 7968/26691] Prism::SourceLocationTest#test_ParametersNode = 0.01 s
[ 7969/26691] Prism::SourceLocationTest#test_ForwardingSuperNode = 0.02 s
[ 7970/26691] Prism::SourceLocationTest#test_EnsureNode = 0.01 s
[ 7971/26691] Prism::SourceLocationTest#test_ConstantOrWriteNode = 0.02 s
[ 7972/26691] Prism::SourceLocationTest#test_InstanceVariableReadNode = 0.02 s
[ 7973/26691] Prism::SourceLocationTest#test_UnlessNode = 0.02 s
[ 7974/26691] Prism::SourceLocationTest#test_ImplicitRestNode = 0.03 s
[ 7975/26691] Prism::SourceLocationTest#test_MatchLastLineNode = 0.01 s
[ 7976/26691] Prism::SourceLocationTest#test_CaseMatchNode = 0.04 s
[ 7977/26691] Prism::SourceLocationTest#test_NextNode = 0.03 s
[ 7978/26691] Prism::SourceLocationTest#test_IndexOrWriteNode = 0.02 s
[ 7979/26691] Prism::SourceLocationTest#test_YieldNode = 0.03 s
[ 7980/26691] Prism::SourceLocationTest#test_RegularExpressionNode = 0.02 s
[ 7981/26691] Prism::SourceLocationTest#test_EmbeddedVariableNode = 0.01 s
[ 7982/26691] Prism::SourceLocationTest#test_KeywordHashNode = 0.01 s
[ 7983/26691] Prism::SourceLocationTest#test_RangeNode = 0.05 s
[ 7984/26691] Prism::SourceLocationTest#test_ConstantReadNode = 0.01 s
[ 7985/26691] Prism::SourceLocationTest#test_RationalNode = 0.02 s
[ 7986/26691] Prism::SourceLocationTest#test_UndefNode = 0.02 s
[ 7987/26691] Prism::SourceLocationTest#test_PostExecutionNode = 0.02 s
[ 7988/26691] Prism::SourceLocationTest#test_DefNode = 0.04 s
[ 7989/26691] Prism::SourceLocationTest#test_RequiredKeywordParameterNode = 0.01 s
[ 7990/26691] Prism::SourceLocationTest#test_CallTargetNode = 0.02 s
[ 7991/26691] Prism::SourceLocationTest#test_LambdaNode = 0.02 s
[ 7992/26691] Prism::SourceLocationTest#test_SymbolNode = 0.01 s
[ 7993/26691] Prism::SourceLocationTest#test_ConstantPathAndWriteNode = 0.02 s
[ 7994/26691] Prism::SourceLocationTest#test_ClassNode = 0.02 s
[ 7995/26691] Prism::SourceLocationTest#test_DefinedNode = 0.02 s
[ 7996/26691] Prism::SourceLocationTest#test_FlipFlopNode = 0.01 s
[ 7997/26691] Prism::SourceLocationTest#test_MatchRequiredNode = 0.02 s
[ 7998/26691] Prism::SourceLocationTest#test_ForwardingParameterNode = 0.01 s
[ 7999/26691] Prism::SourceLocationTest#test_ArgumentsNode = 0.01 s
[ 8000/26691] Prism::SourceLocationTest#test_UntilNode = 0.02 s
[ 8001/26691] Prism::SourceLocationTest#test_AliasMethodNode = 0.02 s
[ 8002/26691] Prism::SourceLocationTest#test_IndexTargetNode = 0.02 s
[ 8003/26691] Prism::SourceLocationTest#test_LocalVariableOperatorWriteNode = 0.02 s
[ 8004/26691] Prism::SourceLocationTest#test_ShareableConstantNode = 0.02 s
[ 8005/26691] Prism::SourceLocationTest#test_IfNode = 0.02 s
[ 8006/26691] Prism::SourceLocationTest#test_CallAndWriteNode = 0.02 s
[ 8007/26691] Prism::SourceLocationTest#test_MatchWriteNode = 0.02 s
[ 8008/26691] Prism::SourceLocationTest#test_ConstantPathWriteNode = 0.03 s
[ 8009/26691] Prism::SourceLocationTest#test_WhenNode = 0.01 s
[ 8010/26691] Prism::SourceLocationTest#test_ItParametersNode = 0.02 s
[ 8011/26691] Prism::SourceLocationTest#test_AliasGlobalVariableNode = 0.02 s
[ 8012/26691] Prism::SourceLocationTest#test_ItLocalVariableReadNode = 0.03 s
[ 8013/26691] Prism::SourceLocationTest#test_NilNode = 0.01 s
[ 8014/26691] Prism::SourceLocationTest#test_ModuleNode = 0.01 s
[ 8015/26691] Prism::SourceLocationTest#test_FalseNode = 0.01 s
[ 8016/26691] Prism::SourceLocationTest#test_SourceEncodingNode = 0.01 s
[ 8017/26691] Prism::SourceLocationTest#test_ClassVariableOperatorWriteNode = 0.02 s
[ 8018/26691] Prism::SourceLocationTest#test_SelfNode = 0.01 s
[ 8019/26691] Prism::SourceLocationTest#test_ElseNode = 0.02 s
[ 8020/26691] Prism::SourceLocationTest#test_RetryNode = 0.01 s
[ 8021/26691] Prism::SourceLocationTest#test_CapturePatternNode = 0.02 s
[ 8022/26691] Prism::SourceLocationTest#test_SourceFileNode = 0.02 s
[ 8023/26691] Prism::SourceLocationTest#test_ConstantPathNode = 0.03 s
[ 8024/26691] Prism::SourceLocationTest#test_ConstantPathOrWriteNode = 0.02 s
[ 8025/26691] Prism::SourceLocationTest#test_FloatNode = 0.04 s
[ 8026/26691] Prism::SourceLocationTest#test_CallOperatorWriteNode = 0.02 s
[ 8027/26691] Prism::SourceLocationTest#test_InstanceVariableOrWriteNode = 0.02 s
[ 8028/26691] Prism::SourceLocationTest#test_InstanceVariableAndWriteNode = 0.02 s
[ 8029/26691] Prism::SourceLocationTest#test_CallNode = 0.40 s
[ 8030/26691] Prism::SourceLocationTest#test_InterpolatedSymbolNode = 0.02 s
[ 8031/26691] Prism::SourceLocationTest#test_NumberedReferenceReadNode = 0.02 s
[ 8032/26691] Prism::SourceLocationTest#test_InstanceVariableTargetNode = 0.01 s
[ 8033/26691] Prism::SourceLocationTest#test_AndNode = 0.02 s
[ 8034/26691] Prism::SourceLocationTest#test_BlockParameterNode = 0.01 s
[ 8035/26691] Prism::SourceLocationTest#test_InNode = 0.01 s
[ 8036/26691] Prism::SourceLocationTest#test_BackReferenceReadNode = 0.02 s
[ 8037/26691] Prism::SourceLocationTest#test_RedoNode = 0.01 s
[ 8038/26691] Prism::SourceLocationTest#test_NoKeywordsParameterNode = 0.01 s
[ 8039/26691] Prism::SourceLocationTest#test_LocalVariableWriteNode = 0.02 s
[ 8040/26691] Prism::SourceLocationTest#test_GlobalVariableOperatorWriteNode = 0.02 s
[ 8041/26691] Prism::SourceLocationTest#test_StatementsNode = 0.17 s
[ 8042/26691] Prism::SourceLocationTest#test_InstanceVariableWriteNode = 0.01 s
[ 8043/26691] Prism::SourceLocationTest#test_ForwardingArgumentsNode = 0.01 s
[ 8044/26691] Prism::SourceLocationTest#test_PreExecutionNode = 0.02 s
[ 8045/26691] Prism::SourceLocationTest#test_LocalVariableReadNode = 0.01 s
[ 8046/26691] Prism::SourceLocationTest#test_WhileNode = 0.03 s
[ 8047/26691] Prism::SourceLocationTest#test_ClassVariableTargetNode = 0.01 s
[ 8048/26691] Prism::SourceLocationTest#test_GlobalVariableReadNode = 0.02 s
[ 8049/26691] Prism::SourceLocationTest#test_RestParameterNode = 0.01 s
[ 8050/26691] Prism::SourceLocationTest#test_GlobalVariableWriteNode = 0.01 s
[ 8051/26691] Prism::SourceLocationTest#test_ArrayNode = 0.05 s
[ 8052/26691] Prism::SourceLocationTest#test_BlockParametersNode = 0.05 s
[ 8053/26691] Prism::SourceLocationTest#test_GlobalVariableOrWriteNode = 0.02 s
[ 8054/26691] Prism::SourceLocationTest#test_IntegerNode = 0.07 s
[ 8055/26691] Prism::SourceLocationTest#test_ConstantTargetNode = 0.01 s
[ 8056/26691] Prism::SourceLocationTest#test_ForNode = 0.03 s
[ 8057/26691] Prism::SourceLocationTest#test_InterpolatedXStringNode = 0.02 s
[ 8058/26691] Prism::SourceLocationTest#test_RescueNode = 0.02 s
[ 8059/26691] Prism::SourceLocationTest#test_LocalVariableAndWriteNode = 0.02 s
[ 8060/26691] Prism::SourceLocationTest#test_MultiTargetNode = 0.03 s
[ 8061/26691] Prism::SourceLocationTest#test_StringNode = 0.02 s
[ 8062/26691] Prism::SourceLocationTest#test_InstanceVariableOperatorWriteNode = 0.01 s
[ 8063/26691] Prism::SourceLocationTest#test_IndexAndWriteNode = 0.02 s
[ 8064/26691] Prism::SourceLocationTest#test_ConstantPathTargetNode = 0.01 s
[ 8065/26691] Prism::SourceLocationTest#test_BlockLocalVariableNode = 0.01 s
[ 8066/26691] Prism::SourceLocationTest#test_SingletonClassNode = 0.01 s
[ 8067/26691] Prism::SourceLocationTest#test_ClassVariableAndWriteNode = 0.02 s
[ 8068/26691] Prism::SourceLocationTest#test_InterpolatedMatchLastLineNode = 0.02 s
[ 8069/26691] Prism::SourceLocationTest#test_CallOrWriteNode = 0.02 s
[ 8070/26691] Prism::SourceLocationTest#test_CaseNode = 0.04 s
[ 8071/26691] Prism::SourceLocationTest#test_HashNode = 0.02 s
[ 8072/26691] Prism::SourceLocationTest#test_ImplicitNode = 0.03 s
[ 8073/26691] Prism::SourceLocationTest#test_PinnedVariableNode = 0.02 s
[ 8074/26691] Prism::SourceLocationTest#test_KeywordRestParameterNode = 0.02 s
[ 8075/26691] Prism::SourceLocationTest#test_SuperNode = 0.05 s
[ 8076/26691] Prism::SourceLocationTest#test_ConstantPathOperatorWriteNode = 0.02 s
[ 8077/26691] Prism::SourceLocationTest#test_ConstantAndWriteNode = 0.02 s
[ 8078/26691] Prism::SourceLocationTest#test_IndexOperatorWriteNode = 0.02 s
[ 8079/26691] Prism::SourceLocationTest#test_FindPatternNode = 0.02 s
[ 8080/26691] Prism::SourceLocationTest#test_HashPatternNode = 0.02 s
[ 8081/26691] Prism::SourceLocationTest#test_ConstantWriteNode = 0.02 s
[ 8082/26691] Prism::SourceLocationTest#test_ImaginaryNode = 0.02 s
[ 8083/26691] Prism::SourceLocationTest#test_GlobalVariableAndWriteNode = 0.02 s
[ 8084/26691] Prism::SourceLocationTest#test_BlockNode = 0.02 s
[ 8085/26691] Prism::SourceLocationTest#test_RescueModifierNode = 0.01 s
[ 8086/26691] Prism::SourceLocationTest#test_PinnedExpressionNode = 0.01 s
[ 8087/26691] Prism::SourceLocationTest#test_BreakNode = 0.03 s
[ 8088/26691] Prism::SourceLocationTest#test_AssocNode = 0.03 s
[ 8089/26691] Prism::SourceLocationTest#test_all_tested = 0.21 s
[ 8090/26691] Prism::SourceLocationTest#test_ReturnNode = 0.04 s
[ 8091/26691] Prism::SourceLocationTest#test_AlternationPatternNode = 0.02 s
[ 8092/26691] Prism::SourceLocationTest#test_AssocSplatNode = 0.02 s
[ 8093/26691] Prism::SourceLocationTest#test_SourceLineNode = 0.02 s
[ 8094/26691] Prism::SourceLocationTest#test_LocalVariableTargetNode = 0.02 s
[ 8095/26691] Prism::SourceLocationTest#test_InterpolatedStringNode = 0.03 s
[ 8096/26691] Prism::SourceLocationTest#test_ClassVariableOrWriteNode = 0.02 s
 = 0.40 s
[ 8098/26691] TestIRB::InfoTest#test_irb_info_multiline = 0.16 s
[ 8099/26691] TestIRB::InfoTest#test_irb_info_singleline_without_rc_files = 0.13 s
[ 8100/26691] TestIRB::InfoTest#test_irb_info_lang = 0.14 s
[ 8101/26691] TestIRB::InfoTest#test_irb_info_singleline = 0.15 s
[ 8102/26691] TestRDocParserRubyWithPrismRubyTestCases#test_tomdoc_meta = 0.23 s
[ 8103/26691] TestRDocParserRubyWithPrismRubyTestCases#test_scan_duplicate_module = 0.16 s
[ 8104/26691] TestRDocParserRubyWithPrismRubyTestCases#test_include_extend = 0.36 s
[ 8105/26691] TestRDocParserRubyWithPrismRubyTestCases#test_constant_visibility = 0.34 s
[ 8106/26691] TestRDocParserRubyWithPrismRubyTestCases#test_constant = 0.84 s
[ 8107/26691] TestRDocParserRubyWithPrismRubyTestCases#test_undefined_singleton_class_defines_module
 = 0.16 s
[ 8108/26691] TestRDocParserRubyWithPrismRubyTestCases#test_class_repeatedly = 0.33 s
[ 8109/26691] TestRDocParserRubyWithPrismRubyTestCases#test_method_change_visibility = 0.85 s
[ 8110/26691] TestRDocParserRubyWithPrismRubyTestCases#test_singleton_class_attributes = 0.27 s
[ 8111/26691] TestRDocParserRubyWithPrismRubyTestCases#test_method_singleton_class_visibility = 0.46
 s
[ 8112/26691] TestRDocParserRubyWithPrismRubyTestCases#test_singleton_method_visibility_change_in_su
bclass = 0.37 s
[ 8113/26691] TestRDocParserRubyWithPrismRubyTestCases#test_category = 0.65 s
[ 8114/26691] TestRDocParserRubyWithPrismRubyTestCases#test_module = 0.10 s
[ 8115/26691] TestRDocParserRubyWithPrismRubyTestCases#test_class_definition_encountered_after_class
_reference = 0.20 s
[ 8116/26691] TestRDocParserRubyWithPrismRubyTestCases#test_unknown_meta_method = 0.27 s
[ 8117/26691] TestRDocParserRubyWithPrismRubyTestCases#test_alias_method_stopdoc_nodoc = 0.32 s
[ 8118/26691] TestRDocParserRubyWithPrismRubyTestCases#test_nodoc_constant_assigned_without_nodoc_co
mment = 0.40 s
[ 8119/26691] TestRDocParserRubyWithPrismRubyTestCases#test_method_nested_visibility = 0.64 s
[ 8120/26691] TestRDocParserRubyWithPrismRubyTestCases#test_ignore_constant_assign_rhs = 0.43 s
[ 8121/26691] TestRDocParserRubyWithPrismRubyTestCases#test_look_for_directives_in_commented = 0.07
s
[ 8122/26691] TestRDocParserRubyWithPrismRubyTestCases#test_class_method_visibility = 0.49 s
[ 8123/26691] TestRDocParserRubyWithPrismRubyTestCases#test_constant_assignment_to_undefined_module_
path = 0.12 s
[ 8124/26691] TestRDocParserRubyWithPrismRubyTestCases#test_private_def_public_def = 0.30 s
[ 8125/26691] TestRDocParserRubyWithPrismRubyTestCases#test_undocumentable_attributes = 0.15 s
[ 8126/26691] TestRDocParserRubyWithPrismRubyTestCases#test_undocumentable_change_visibility = 0.06
s
[ 8127/26691] TestRDocParserRubyWithPrismRubyTestCases#test_class_mistaken_for_module = 0.39 s
[ 8128/26691] TestRDocParserRubyWithPrismRubyTestCases#test_enddoc = 0.28 s
[ 8129/26691] TestRDocParserRubyWithPrismRubyTestCases#test_method_definition_nested_inside_block =
0.66 s
[ 8130/26691] TestRDocParserRubyWithPrismRubyTestCases#test_class_new_notnew = 0.91 s
[ 8131/26691] TestRDocParserRubyWithPrismRubyTestCases#test_calls_super = 0.56 s
[ 8132/26691] TestRDocParserRubyWithPrismRubyTestCases#test_attributes_nodoc_track = 0.43 s
[ 8133/26691] TestRDocParserRubyWithPrismRubyTestCases#test_open_class_with_superclass = 0.54 s
[ 8134/26691] TestRDocParserRubyWithPrismRubyTestCases#test_markup_override = 0.25 s
[ 8135/26691] TestRDocParserRubyWithPrismRubyTestCases#test_meta_method_unknown = 0.18 s
[ 8136/26691] TestRDocParserRubyWithPrismRubyTestCases#test_singleton_class_meta_method = 0.41 s
[ 8137/26691] TestRDocParserRubyWithPrismRubyTestCases#test_attributes = 0.58 s
[ 8138/26691] TestRDocParserRubyWithPrismRubyTestCases#test_look_for_directives_in_section = 0.06 s
[ 8139/26691] TestRDocParserRubyWithPrismRubyTestCases#test_attributes_nodoc = 0.42 s
[ 8140/26691] TestRDocParserRubyWithPrismRubyTestCases#test_class_module_stopdoc = 0.36 s
[ 8141/26691] TestRDocParserRubyWithPrismRubyTestCases#test_ghost_method = 0.43 s
[ 8142/26691] TestRDocParserRubyWithPrismRubyTestCases#test_block_comment = 0.18 s
[ 8143/26691] TestRDocParserRubyWithPrismRubyTestCases#test_invalid_alias_method = 0.06 s
[ 8144/26691] TestRDocParserRubyWithPrismRubyTestCases#test_top_level_enddoc = 0.15 s
[ 8145/26691] TestRDocParserRubyWithPrismRubyTestCases#test_define_method_visibility = 0.28 s
[ 8146/26691] TestRDocParserRubyWithPrismRubyTestCases#test_true_false_nil_method = 0.23 s
[ 8147/26691] TestRDocParserRubyWithPrismRubyTestCases#test_look_for_directives_in_unhandled = 0.07
s
[ 8148/26691] TestRDocParserRubyWithPrismRubyTestCases#test_alias_singleton = 0.31 s
[ 8149/26691] TestRDocParserRubyWithPrismRubyTestCases#test_alias_method = 0.39 s
[ 8150/26691] TestRDocParserRubyWithPrismRubyTestCases#test_singleton_class = 1.09 s
[ 8151/26691] TestRDocParserRubyWithPrismRubyTestCases#test_attributes_visibility = 0.58 s
[ 8152/26691] TestRDocParserRubyWithPrismRubyTestCases#test_meta_attributes = 0.75 s
[ 8153/26691] TestRDocParserRubyWithPrismRubyTestCases#test_class_superclass = 0.22 s
[ 8154/26691] TestRDocParserRubyWithPrismRubyTestCases#test_markup_first_comment = 0.19 s
[ 8155/26691] TestRDocParserRubyWithPrismRubyTestCases#test_statements_identifier_alias_method_befor
e_original_method = 0.39 s
[ 8156/26691] TestRDocParserRubyWithPrismRubyTestCases#test_read_directive_linear_performance = 8.04
 s
[ 8157/26691] TestRDocParserRubyWithPrismRubyTestCases#test_method = 0.32 s
[ 8158/26691] TestRDocParserRubyWithPrismRubyTestCases#test_constant_method = 0.37 s
[ 8159/26691] TestRDocParserRubyWithPrismRubyTestCases#test_meta_attributes_named = 0.61 s
[ 8160/26691] TestRDocParserRubyWithPrismRubyTestCases#test_section = 0.69 s
[ 8161/26691] TestRDocParserRubyWithPrismRubyTestCases#test_various_argument_include = 0.06 s
[ 8162/26691] TestRDocParserRubyWithPrismRubyTestCases#test_include_extend_to_singleton_class = 0.06
 s
[ 8163/26691] TestRDocParserRubyWithPrismRubyTestCases#test_method_nodoc_track = 0.46 s
[ 8164/26691] TestRDocParserRubyWithPrismRubyTestCases#test_parenthesized_cdecl = 0.26 s
[ 8165/26691] TestRDocParserRubyWithPrismRubyTestCases#test_first_comment_is_not_a_meta_method = 0.1
5 s
[ 8166/26691] TestRDocParserRubyWithPrismRubyTestCases#test_constant_alias = 0.25 s
[ 8167/26691] TestRDocParserRubyWithPrismRubyTestCases#test_require = 0.19 s
[ 8168/26691] TestRDocParserRubyWithPrismRubyTestCases#test_class_module_nodoc = 0.44 s
[ 8169/26691] TestRDocParserRubyWithPrismRubyTestCases#test_options_encoding = 0.15 s
[ 8170/26691] TestRDocParserRubyWithPrismRubyTestCases#test_method_visibility_change_in_subclass = 0
.07 s
[ 8171/26691] TestRDocParserRubyWithPrismRubyTestCases#test_invalid_meta_method = 0.74 s
[ 8172/26691] TestRDocParserRubyWithPrismRubyTestCases#test_include_with_module_nesting = 0.56 s
[ 8173/26691] TestRDocParserRubyWithPrismRubyTestCases#test_meta_define_method = 0.44 s
[ 8174/26691] TestRDocParserRubyWithPrismRubyTestCases#test_nested_module_with_colon = 0.51 s
[ 8175/26691] TestRDocParserRubyWithPrismRubyTestCases#test_multibyte_method_name = 0.18 s
[ 8176/26691] TestRDocParserRubyWithPrismRubyTestCases#test_class = 0.10 s
[ 8177/26691] TestRDocParserRubyWithPrismRubyTestCases#test_meta_method = 0.17 s
[ 8178/26691] TestRDocParserRubyWithPrismRubyTestCases#test_method_yields_directive = 0.87 s
[ 8179/26691] TestRDocParserRubyWithPrismRubyTestCases#test_method_nodoc_stopdoc = 0.51 s
[ 8180/26691] TestRDocParserRubyWithPrismRubyTestCases#test_confusing_superclass = 0.60 s
[ 8181/26691] TestRDocParserRubyWithPrismRubyTestCases#test_nested_class_with_colon = 0.53 s
[ 8182/26691] TestRDocParserRubyWithPrismRubyTestCases#test_alias = 0.40 s
[ 8183/26691] TestRDocParserRubyWithPrismRubyTestCases#test_method_toplevel = 0.12 s
[ 8184/26691] TestRDocParserRubyWithPrismRubyTestCases#test_method_args_directive = 0.31 s
[ 8185/26691] TestRDocParserRubyWithPrismRubyTestCases#test_module_function = 0.36 s
[ 8186/26691] TestNetHTTP#test_proxy_address_ENV = 0.04 s
[ 8187/26691] TestNetHTTP#test_proxy_eh_ENV_with_urlencoded_user = 0.04 s
[ 8188/26691] TestNetHTTP#test_proxy_from_env_ENV = 0.01 s
[ 8189/26691] TestNetHTTP#test_proxy_port = 0.02 s
[ 8190/26691] TestNetHTTP#test_class_Proxy = 0.03 s
[ 8191/26691] TestNetHTTP#test_default_configuration = 0.01 s
[ 8192/26691] TestNetHTTP#test_edit_path_proxy = 0.01 s
[ 8193/26691] TestNetHTTP#test_proxy_address_no_proxy = 0.03 s
[ 8194/26691] TestNetHTTP#test_proxy_eh_ENV = 0.03 s
[ 8195/26691] TestNetHTTP#test_proxy_port_ENV = 0.03 s
[ 8196/26691] TestNetHTTP#test_proxy_eh_ENV_no_proxy = 0.03 s
[ 8197/26691] TestNetHTTP#test_proxy_eh_ENV_none_set = 0.01 s
[ 8198/26691] TestNetHTTP#test_proxy_eh_no_proxy = 0.01 s
[ 8199/26691] TestNetHTTP#test_failure_message_includes_failed_domain_and_port = 0.10 s
[ 8200/26691] TestNetHTTP#test_newobj = 0.01 s
[ 8201/26691] TestNetHTTP#test_class_Proxy_from_ENV = 0.02 s
[ 8202/26691] TestNetHTTP#test_edit_path = 0.01 s
[ 8203/26691] TestNetHTTP#test_addr_port = 0.02 s
[ 8204/26691] TestNetHTTP#test_proxy_eh_ENV_with_user = 0.04 s
[ 8205/26691] TestNetHTTP#test_proxy_address = 0.02 s
[ 8206/26691] TestRDocRDoc#test_normalized_file_list_not_modified = 0.04 s
[ 8207/26691] TestRDocRDoc#test_parse_file_relative = 0.10 s
[ 8208/26691] TestRDocRDoc#test_handle_pipe = 0.14 s
[ 8209/26691] TestRDocRDoc#test_document = 0.62 s
[ 8210/26691] TestRDocRDoc#test_parse_file = 0.09 s
[ 8211/26691] TestRDocRDoc#test_document_with_dry_run = 4.12 s
[ 8212/26691] TestRDocRDoc#test_normalized_file_list_with_skipping_tests_enabled = 0.10 s
[ 8213/26691] TestRDocRDoc#test_setup_output_dir = 0.06 s
[ 8214/26691] TestRDocRDoc#test_update_output_dir = 0.04 s
[ 8215/26691] TestRDocRDoc#test_normalized_file_list_non_file_directory = 0.09 s
[ 8216/26691] TestRDocRDoc#test_normalized_file_list_with_dot_doc = 0.09 s
[ 8217/26691] TestRDocRDoc#test_setup_output_dir_exists_file = 0.04 s
[ 8218/26691] TestRDocRDoc#test_normalized_file_list_removes_created_rid_dir = 0.06 s
[ 8219/26691] TestRDocRDoc#test_update_output_dir_with_reproducible_time = 0.07 s
[ 8220/26691] TestRDocRDoc#test_parse_file_encoding = 0.09 s
[ 8221/26691] TestRDocRDoc#test_gather_files = 0.05 s
[ 8222/26691] TestRDocRDoc#test_remove_unparseable = 0.03 s
[ 8223/26691] TestRDocRDoc#test_update_output_dir_dont = 0.04 s
[ 8224/26691] TestRDocRDoc#test_remove_unparseable_CVE_2021_31799 = 0.05 s
[ 8225/26691] TestRDocRDoc#test_normalized_file_list_with_skipping_tests_disabled = 0.12 s
[ 8226/26691] TestRDocRDoc#test_normalized_file_list_with_dot_doc_overridden_by_exclude_option = 0.0
8 s
[ 8227/26691] TestRDocRDoc#test_handle_pipe_rd = 0.15 s
[ 8228/26691] TestRDocRDoc#test_remove_unparseable_tags_vim = 0.04 s
[ 8229/26691] TestRDocRDoc#test_remove_unparseable_tags_emacs = 0.04 s
[ 8230/26691] TestRDocRDoc#test_parse_file_forbidden = 0.05 s
[ 8231/26691] TestRDocRDoc#test_setup_output_dir_exists_empty_created_rid = 0.05 s
[ 8232/26691] TestRDocRDoc#test_setup_output_dir_dry_run = 0.04 s
[ 8233/26691] TestRDocRDoc#test_update_output_dir_dry_run = 0.04 s
[ 8234/26691] TestRDocRDoc#test_setup_output_dir_exists_not_rdoc = 0.04 s
[ 8235/26691] TestRDocRDoc#test_parse_file_include_root = 1.74 s
[ 8236/26691] TestRDocRDoc#test_normalized_file_list = 0.05 s
[ 8237/26691] TestRDocRDoc#test_parse_file_binary = 0.08 s
[ 8238/26691] TestRDocRDoc#test_setup_output_dir_exists = 0.07 s
[ 8239/26691] TestRDocRDoc#test_parse_file_page_dir = 0.10 s
[ 8240/26691] TestSecureRandom#test_with_openssl = 0.07 s
[ 8241/26691] TestSecureRandom#test_repeated_gen_random = 0.01 s
[ 8242/26691] TestSecureRandom#test_alphanumeric_with_chars = 0.01 s
[ 8243/26691] TestTimeout#test_nested_timeout = 0.15 s
[ 8244/26691] TestTimeout#test_included = 0.02 s
[ 8245/26691] TestTimeout#test_raise_with_message = 0.01 s
[ 8246/26691] TestTimeout#test_raise_for_neg_second = 0.01 s
[ 8247/26691] TestTimeout#test_timeout = 0.13 s
[ 8248/26691] TestTimeout#test_cannot_convert_into_time_interval = 0.01 s
[ 8249/26691] TestTimeout#test_work_is_done_in_same_thread_as_caller = 0.01 s
[ 8250/26691] TestTimeout#test_threadgroup = 9.18 s
[ 8251/26691] TestTimeout#test_allows_nil_seconds = 0.01 s
[ 8252/26691] TestTimeout#test_non_timing_out_code_is_successful = 0.02 s
[ 8253/26691] TestTimeout#test_custom_exception = 0.08 s
[ 8254/26691] TestTimeout#test_handling_enclosed_threadgroup = 9.01 s
[ 8255/26691] TestTimeout#test_exit_exception = 0.02 s
[ 8256/26691] TestTimeout#test_handle_interrupt = 0.23 s
[ 8257/26691] TestTimeout#test_nested_timeout_which_error_bubbles_up = 0.04 s
[ 8258/26691] TestTimeout#test_queue = 0.03 s
[ 8259/26691] TestTimeout#test_rescue_exit = 0.05 s
[ 8260/26691] TestTimeout#test_allows_zero_seconds = 0.01 s
[ 8261/26691] TestTimeout#test_fork = 6.38 s
[ 8262/26691] TestTimeout#test_yield_param = 0.03 s
[ 8263/26691] TestTimeout#test_enumerator_next = 0.04 s
[ 8264/26691] TestTimeout#test_raises_exception_internally = 0.06 s
[ 8265/26691] TestTimeout#test_nested_timeout_error_identity = 0.13 s
[ 8266/26691] TestTimeout#test_work_is_done_in_same_fiber_as_caller = 0.07 s
[ 8267/26691] TestTimeout#test_skip_rescue_standarderror = 0.04 s
[ 8268/26691] JSONParserTest#test_parse_string_mixed_unicode = 0.02 s
[ 8269/26691] JSONParserTest#test_nesting = 0.16 s
[ 8270/26691] JSONParserTest#test_parse_array_custom_array_derived_class = 0.01 s
[ 8271/26691] JSONParserTest#test_parse_arrays = 0.02 s
[ 8272/26691] JSONParserTest#test_parse_big_integers = 0.02 s
[ 8273/26691] JSONParserTest#test_parse_json_primitive_values = 0.03 s
[ 8274/26691] JSONParserTest#test_parse_values = 0.01 s
[ 8275/26691] JSONParserTest#test_parse_object_custom_non_hash_derived_class = 0.02 s
[ 8276/26691] JSONParserTest#test_parser_reset = 0.01 s
[ 8277/26691] JSONParserTest#test_construction = 0.01 s
[ 8278/26691] JSONParserTest#test_parse_generic_object = 0.02 s
[ 8279/26691] JSONParserTest#test_argument_encoding_unmodified = 0.01 s
[ 8280/26691] JSONParserTest#test_parse_some_strings = 0.01 s
[ 8281/26691] JSONParserTest#test_argument_encoding_for_binary_unmodified = 0.01 s
[ 8282/26691] JSONParserTest#test_generate_core_subclasses_with_new_to_json = 0.03 s
[ 8283/26691] JSONParserTest#test_parse_comments = 0.02 s
[ 8284/26691] JSONParserTest#test_parse_complex_objects = 4.25 s
[ 8285/26691] JSONParserTest#test_parse_error_message_length = 0.01 s
[ 8286/26691] JSONParserTest#test_parse_more_complex_arrays = 2.20 s
[ 8287/26691] JSONParserTest#test_parse_object_with_allow_trailing_comma = 0.05 s
[ 8288/26691] JSONParserTest#test_generate_core_subclasses_with_default_to_json = 0.01 s
[ 8289/26691] JSONParserTest#test_parse_error_incomplete_hash = 0.01 s
[ 8290/26691] JSONParserTest#test_parsing = 0.01 s
[ 8291/26691] JSONParserTest#test_parse_simple_objects = 0.03 s
[ 8292/26691] JSONParserTest#test_freeze = 0.02 s
[ 8293/26691] JSONParserTest#test_generate_of_core_subclasses = 0.01 s
[ 8294/26691] JSONParserTest#test_parse_numbers = 0.04 s
[ 8295/26691] JSONParserTest#test_symbolize_names = 0.01 s
[ 8296/26691] JSONParserTest#test_parse_array_custom_non_array_derived_class = 0.01 s
[ 8297/26691] JSONParserTest#test_parse_object_custom_hash_derived_class = 0.01 s
[ 8298/26691] JSONParserTest#test_parsing_frozen_ascii8bit_string = 0.01 s
[ 8299/26691] JSONParserTest#test_some_wrong_inputs = 0.04 s
[ 8300/26691] JSONParserTest#test_parse_object = 0.01 s
[ 8301/26691] JSONParserTest#test_parse_broken_string = 0.02 s
[ 8302/26691] JSONParserTest#test_backslash = 0.01 s
[ 8303/26691] JSONParserTest#test_error_message_encoding = 0.01 s
[ 8304/26691] JSONParserTest#test_parse_arrays_with_allow_trailing_comma = 0.04 s
[ 8305/26691] JSONParserTest#test_parse_simple_arrays = 0.02 s
[ 8306/26691] TestGemExtRakeBuilder#test_class_build_with_args = 16.79 s
[ 8307/26691] TestGemExtRakeBuilder#test_class_build_no_mkrf_passes_args = 8.34 s
[ 8308/26691] TestGemExtRakeBuilder#test_class_build = 15.93 s
[ 8309/26691] TestGemExtRakeBuilder#test_class_build_fail = 16.24 s
[ 8310/26691] TestGemExtRakeBuilder#test_class_no_openssl_override = 0.97 s
[ 8311/26691] TestGemResolverActivationRequest#test_installed_eh = 0.59 s
[ 8312/26691] TestGemResolverActivationRequest#test_development_eh = 0.49 s
[ 8313/26691] TestGemResolverActivationRequest#test_inspect = 0.49 s
[ 8314/26691] TestIRB::TestHelperMethod::ConfTest#test_conf_returns_the_context_object = 0.21 s
[ 8315/26691] RDocMarkupToHtmlTest#test_gen_url = 0.07 s
[ 8316/26691] RDocMarkupToHtmlTest#test_handle_regexp_HYPERLINK_escape = 0.15 s
[ 8317/26691] RDocMarkupToHtmlTest#test_accept_list_item_end_label = 0.07 s
[ 8318/26691] RDocMarkupToHtmlTest#test_accept_list_start_bullet = 0.05 s
[ 8319/26691] RDocMarkupToHtmlTest#test_gen_url_image_url = 0.05 s
[ 8320/26691] RDocMarkupToHtmlTest#test_convert_RDOCLINK_escape_ref = 0.11 s
[ 8321/26691] RDocMarkupToHtmlTest#test_convert_RDOCLINK_label_label = 0.09 s
[ 8322/26691] RDocMarkupToHtmlTest#test_accept_paragraph_plus = 0.09 s
[ 8323/26691] RDocMarkupToHtmlTest#test_convert_underscore_adjacent_to_code = 0.14 s
[ 8324/26691] RDocMarkupToHtmlTest#test_accept_paragraph_newline = 0.47 s
[ 8325/26691] RDocMarkupToHtmlTest#test_accept_list_item_start_note = 0.07 s
[ 8326/26691] RDocMarkupToHtmlTest#test_accept_list_item_end_lalpha = 0.05 s
[ 8327/26691] RDocMarkupToHtmlTest#test_accept_raw = 0.05 s
[ 8328/26691] RDocMarkupToHtmlTest#test_accept_verbatim_parseable = 0.08 s
[ 8329/26691] RDocMarkupToHtmlTest#test_accept_list_start_note = 0.05 s
[ 8330/26691] RDocMarkupToHtmlTest#test_accept_list_end_lalpha = 0.05 s
[ 8331/26691] RDocMarkupToHtmlTest#test_end_accepting = 0.05 s
[ 8332/26691] RDocMarkupToHtmlTest#test_accept_list_item_start_lalpha = 0.05 s
[ 8333/26691] RDocMarkupToHtmlTest#test_accept_table = 0.50 s
[ 8334/26691] RDocMarkupToHtmlTest#test_list_verbatim_2 = 0.14 s
[ 8335/26691] RDocMarkupToHtmlTest#test_accept_list_item_end_ualpha = 0.05 s
[ 8336/26691] RDocMarkupToHtmlTest#test_accept_list_end_ualpha = 0.05 s
[ 8337/26691] RDocMarkupToHtmlTest#test_block_quote_in_verbatim = 0.13 s
[ 8338/26691] RDocMarkupToHtmlTest#test_accept_list_item_start_ualpha = 0.05 s
[ 8339/26691] RDocMarkupToHtmlTest#test_convert_RDOCLINK_ref = 0.08 s
[ 8340/26691] RDocMarkupToHtmlTest#test_accept_paragraph_b = 0.09 s
[ 8341/26691] RDocMarkupToHtmlTest#test_parseable_eh = 0.13 s
[ 8342/26691] RDocMarkupToHtmlTest#test_accept_list_start_label = 0.05 s
[ 8343/26691] RDocMarkupToHtmlTest#test_accept_heading_4 = 0.11 s
[ 8344/26691] RDocMarkupToHtmlTest#test_to_html = 0.08 s
[ 8345/26691] RDocMarkupToHtmlTest#test_handle_regexp_HYPERLINK_link = 0.05 s
[ 8346/26691] RDocMarkupToHtmlTest#test_accept_blank_line = 0.05 s
[ 8347/26691] RDocMarkupToHtmlTest#test_accept_paragraph_star = 0.08 s
[ 8348/26691] RDocMarkupToHtmlTest#test_accept_paragraph = 0.07 s
[ 8349/26691] RDocMarkupToHtmlTest#test_accept_heading_2 = 0.10 s
[ 8350/26691] RDocMarkupToHtmlTest#test_accept_paragraph_br = 0.08 s
[ 8351/26691] RDocMarkupToHtmlTest#test_accept_list_item_start_note_2 = 0.11 s
[ 8352/26691] RDocMarkupToHtmlTest#test_accept_verbatim_redefinable_operators = 0.74 s
[ 8353/26691] RDocMarkupToHtmlTest#test_convert_string = 0.05 s
[ 8354/26691] RDocMarkupToHtmlTest#test_accept_verbatim_ruby = 0.07 s
[ 8355/26691] RDocMarkupToHtmlTest#test_convert_TIDYLINK_escape_onmouseover = 0.10 s
[ 8356/26691] RDocMarkupToHtmlTest#test_start_accepting = 0.05 s
[ 8357/26691] RDocMarkupToHtmlTest#test_accept_list_item_end_note = 0.07 s
[ 8358/26691] RDocMarkupToHtmlTest#test_accept_list_item_start_note_multi_description = 0.13 s
[ 8359/26691] RDocMarkupToHtmlTest#test_accept_list_item_start_note_multi_label = 0.12 s
[ 8360/26691] RDocMarkupToHtmlTest#test_accept_verbatim_escape_in_string = 0.47 s
[ 8361/26691] RDocMarkupToHtmlTest#test_accept_list_start_number = 0.05 s
[ 8362/26691] RDocMarkupToHtmlTest#test_accept_heading_aref_method = 0.10 s
[ 8363/26691] RDocMarkupToHtmlTest#test_accept_list_end_note = 0.05 s
[ 8364/26691] RDocMarkupToHtmlTest#test_convert_RDOCLINK_label_foottext = 0.09 s
[ 8365/26691] RDocMarkupToHtmlTest#test_convert_TIDYLINK_image = 0.17 s
[ 8366/26691] RDocMarkupToHtmlTest#test_convert_RDOCLINK_label_footmark = 0.09 s
[ 8367/26691] RDocMarkupToHtmlTest#test_convert_TIDYLINK_footnote = 0.10 s
[ 8368/26691] RDocMarkupToHtmlTest#test_accept_list_item_end_bullet = 0.05 s
[ 8369/26691] RDocMarkupToHtmlTest#test_accept_rule = 0.05 s
[ 8370/26691] RDocMarkupToHtmlTest#test_convert_TIDYLINK_escape_javascript = 0.05 s
[ 8371/26691] RDocMarkupToHtmlTest#test_accept_list_end_bullet = 0.05 s
[ 8372/26691] RDocMarkupToHtmlTest#test_accept_list_item_start_label = 0.07 s
[ 8373/26691] RDocMarkupToHtmlTest#test_accept_list_item_start_bullet = 0.05 s
[ 8374/26691] RDocMarkupToHtmlTest#test_accept_paragraph_underscore = 0.08 s
[ 8375/26691] RDocMarkupToHtmlTest#test_convert_TIDYLINK_rdoc_label = 0.09 s
[ 8376/26691] RDocMarkupToHtmlTest#test_accept_verbatim_escape_in_backtick = 0.25 s
[ 8377/26691] RDocMarkupToHtmlTest#test_gen_url_md_file = 0.07 s
[ 8378/26691] RDocMarkupToHtmlTest#test_accept_list_start_lalpha = 0.05 s
[ 8379/26691] RDocMarkupToHtmlTest#test_accept_heading = 0.10 s
[ 8380/26691] RDocMarkupToHtmlTest#test_accept_list_end_label = 0.05 s
[ 8381/26691] RDocMarkupToHtmlTest#test_gen_url_ssl_image_url = 0.05 s
[ 8382/26691] RDocMarkupToHtmlTest#test_accept_heading_3 = 0.10 s
[ 8383/26691] RDocMarkupToHtmlTest#test_accept_heading_suppressed_crossref = 0.10 s
[ 8384/26691] RDocMarkupToHtmlTest#test_convert_RDOCLINK_escape_label_id = 0.12 s
[ 8385/26691] RDocMarkupToHtmlTest#test_convert_RDOCLINK_escape_label_path = 0.12 s
[ 8386/26691] RDocMarkupToHtmlTest#test_accept_heading_1 = 0.10 s
[ 8387/26691] RDocMarkupToHtmlTest#test_accept_heading_output_decoration = 0.10 s
[ 8388/26691] RDocMarkupToHtmlTest#test_accept_heading_7 = 0.10 s
[ 8389/26691] RDocMarkupToHtmlTest#test_accept_list_start_ualpha = 0.05 s
[ 8390/26691] RDocMarkupToHtmlTest#test_convert_with_exclude_tag = 0.20 s
[ 8391/26691] RDocMarkupToHtmlTest#test_accept_block_quote = 0.07 s
[ 8392/26691] RDocMarkupToHtmlTest#test_accept_paragraph_break = 0.08 s
[ 8393/26691] RDocMarkupToHtmlTest#test_accept_heading_pipe = 0.10 s
[ 8394/26691] RDocMarkupToHtmlTest#test_convert_RDOCLINK_escape_xxx = 0.11 s
[ 8395/26691] RDocMarkupToHtmlTest#test_convert_TIDYLINK_escape_text = 0.15 s
[ 8396/26691] RDocMarkupToHtmlTest#test_accept_heading_aref_class = 0.11 s
[ 8397/26691] RDocMarkupToHtmlTest#test_accept_verbatim = 0.07 s
[ 8398/26691] RDocMarkupToHtmlTest#test_accept_heading_output_decoration_with_pipe = 0.10 s
[ 8399/26691] RDocMarkupToHtmlTest#test_accept_paragraph_i = 0.09 s
[ 8400/26691] RDocMarkupToHtmlTest#test_convert_RDOCLINK_escape_image = 0.10 s
[ 8401/26691] RDocMarkupToHtmlTest#test_list_verbatim = 0.08 s
[ 8402/26691] RDocMarkupToHtmlTest#test_convert_HYPERLINK_irc = 0.10 s
[ 8403/26691] RDocMarkupToHtmlTest#test_gen_url_rb_file = 0.06 s
[ 8404/26691] RDocMarkupToHtmlTest#test_convert_TIDYLINK_multiple = 0.11 s
[ 8405/26691] RDocMarkupToHtmlTest#test_accept_verbatim_nl_after_backslash = 0.11 s
[ 8406/26691] RDocMarkupToHtmlTest#test_gen_url_rdoc_file = 0.06 s
[ 8407/26691] RDocMarkupToHtmlTest#test_handle_regexp_HYPERLINK_irc = 0.05 s
[ 8408/26691] RDocMarkupToHtmlTest#test_list_nested = 0.12 s
[ 8409/26691] RDocMarkupToHtmlTest#test_gen_url_rdoc_label_id = 0.05 s
[ 8410/26691] RDocMarkupToHtmlTest#test_accept_list_item_start_number = 0.05 s
[ 8411/26691] RDocMarkupToHtmlTest#test_convert_TIDYLINK_escape_onerror = 0.10 s
[ 8412/26691] RDocMarkupToHtmlTest#test_accept_verbatim_parseable_error = 0.05 s
[ 8413/26691] RDocMarkupToHtmlTest#test_accept_heading_b = 0.10 s
[ 8414/26691] RDocMarkupToHtmlTest#test_accept_document = 0.07 s
[ 8415/26691] RDocMarkupToHtmlTest#test_accept_verbatim_pipe = 0.07 s
[ 8416/26691] RDocMarkupToHtmlTest#test_accept_list_end_number = 0.05 s
[ 8417/26691] RDocMarkupToHtmlTest#test_convert_TIDYLINK_irc = 0.10 s
[ 8418/26691] RDocMarkupToHtmlTest#test_gen_url_rdoc_label = 0.05 s
[ 8419/26691] RDocMarkupToHtmlTest#test_accept_list_item_end_number = 0.05 s
[ 8420/26691] TestRDocTokenStream#test_add_token = 0.03 s
[ 8421/26691] TestRDocTokenStream#test_tokens_to_s = 0.03 s
[ 8422/26691] TestRDocTokenStream#test_pop_token = 0.03 s
[ 8423/26691] TestRDocTokenStream#test_add_tokens = 0.03 s
[ 8424/26691] TestRDocTokenStream#test_collect_tokens = 0.02 s
[ 8425/26691] TestRDocTokenStream#test_token_stream = 0.03 s
[ 8426/26691] TestRDocTokenStream#test_class_to_html = 0.03 s
[ 8427/26691] TestRDocTokenStream#test_class_to_html_empty = 0.02 s
[ 8428/26691] TestUpdateSuggestion#test_eligible_for_update_is_not_annoying_when_not_upgraded = 0.92
 s
[ 8429/26691] TestUpdateSuggestion#test_eligible_for_update_for_prerelease = 0.80 s
[ 8430/26691] TestUpdateSuggestion#test_eligible_for_update_prevent_env = 0.81 s
[ 8431/26691] TestUpdateSuggestion#test_eligible_for_update_on_ci = 0.80 s
[ 8432/26691] TestUpdateSuggestion#test_eligible_for_update_disabled_update = 0.81 s
[ 8433/26691] TestUpdateSuggestion#test_eligible_for_update = 0.84 s
[ 8434/26691] TestUpdateSuggestion#test_eligible_for_update_prevent_config = 0.80 s
[ 8435/26691] TestUpdateSuggestion#test_eligible_for_update_notification_delay = 0.81 s
[ 8436/26691] TestUpdateSuggestion#test_update_suggestion = 0.64 s
[ 8437/26691] TestUpdateSuggestion#test_eligible_for_update_non_tty = 0.73 s
[ 8438/26691] TestUpdateSuggestion#test_eligible_for_update_unwrittable_config = 0.84 s
[ 8439/26691] TestUpdateSuggestion#test_eligible_for_update_is_not_annoying_when_new_version_is_rele
ased = 1.19 s
[ 8440/26691] VariableNameCheckTest#test_corrections_include_method_from_module = 2.86 s
[ 8441/26691] VariableNameCheckTest#test_exclude_duplicates_with_same_name = 1.42 s
[ 8442/26691] VariableNameCheckTest#test_corrections_include_instance_variable_name = 2.98 s
[ 8443/26691] VariableNameCheckTest#test_corrections_include_local_variable_name = 2.73 s
[ 8444/26691] VariableNameCheckTest#test_corrections_include_ruby_predefined_objects = 9.56 s
[ 8445/26691] VariableNameCheckTest#test_corrections_include_class_variable_name = 3.76 s
[ 8446/26691] VariableNameCheckTest#test_suggests_yield = 2.44 s
[ 8447/26691] VariableNameCheckTest#test_exclude_typical_incorrect_suggestions = 1.48 s
[ 8448/26691] VariableNameCheckTest#test_corrections_include_private_method = 2.99 s
[ 8449/26691] VariableNameCheckTest#test_struct_name_error = 3.42 s
[ 8450/26691] VariableNameCheckTest#test_corrections_include_instance_method = 2.51 s
[ 8451/26691] TestNetHTTP_v1_2_chunked#test_s_start = 0.11 s
[ 8452/26691] TestNetHTTP_v1_2_chunked#test_get2 = 0.12 s
[ 8453/26691] TestNetHTTP_v1_2_chunked#test_get = 0.28 s
[ 8454/26691] TestNetHTTP_v1_2_chunked#test_get__break = 0.09 s
[ 8455/26691] TestNetHTTP_v1_2_chunked#test_s_post = 0.28 s
[ 8456/26691] TestNetHTTP_v1_2_chunked#test_patch = 0.10 s
[ 8457/26691] TestNetHTTP_v1_2_chunked#test_head = 0.09 s
[ 8458/26691] TestNetHTTP_v1_2_chunked#test_s_get = 0.29 s
[ 8459/26691] TestNetHTTP_v1_2_chunked#test_get__implicit_start = 0.09 s
[ 8460/26691] TestNetHTTP_v1_2_chunked#test_set_form = 0.34 s
[ 8461/26691] TestNetHTTP_v1_2_chunked#test_get__crlf = 0.11 s
[ 8462/26691] TestNetHTTP_v1_2_chunked#test_send_request = 0.25 s
[ 8463/26691] TestNetHTTP_v1_2_chunked#test_timeout_during_HTTP_session = 0.87 s
[ 8464/26691] TestNetHTTP_v1_2_chunked#test_chunked_break = 0.09 s
[ 8465/26691] TestNetHTTP_v1_2_chunked#test_s_get_response = 0.23 s
[ 8466/26691] TestNetHTTP_v1_2_chunked#test_post = 0.19 s
[ 8467/26691] TestNetHTTP_v1_2_chunked#test_set_form_with_file = 0.29 s
[ 8468/26691] TestNetHTTP_v1_2_chunked#test_request = 0.60 s
[ 8469/26691] TestNetHTTP_v1_2_chunked#test_s_post_form = 0.48 s
[ 8470/26691] TestNetHTTP_v1_2_chunked#test_timeout_during_HTTP_session_write = 2.43 s
[ 8471/26691] TestNetHTTP_v1_2_chunked#test_timeout_during_non_chunked_streamed_HTTP_session_write =
 2.62 s
[ 8472/26691] TestPTY#test_close_in_block = 0.05 s
[ 8473/26691] TestPTY#test_open = 0.03 s
[ 8474/26691] TestPTY#test_open_with_block = 0.03 s
[ 8475/26691] TestPTY#test_close_slave = 0.03 s
[ 8476/26691] TestPTY#test_getpty_nonexistent = 0.51 s
[ 8477/26691] TestPTY#test_spawn_without_block = 7.59 s
[ 8478/26691] TestPTY#test_argv0 = 7.60 s
[ 8479/26691] TestPTY#test_spawn_with_block = 7.53 s
[ 8480/26691] TestPTY#test_pty_check_raise = 0.56 s
[ 8481/26691] TestPTY#test_pty_check_default = 0.92 s
[ 8482/26691] TestPTY#test_commandline = 7.72 s
[ 8483/26691] TestPTY#test_close_master = 0.03 s
[ 8484/26691] TestPTY#test_cloexec = 0.48 s
[ 8485/26691] TestPTY#test_open_without_block = 0.04 s
[ 8486/26691] TestPTY#test_stat_slave = 0.03 s
[ 8487/26691] TestDigest::TestInitCopy#test_initialize_copy_md5_rmd160 = 9.20 s
[ 8488/26691] TestIOBuffer#test_slice = 0.02 s
[ 8489/26691] TestIOBuffer#test_string_mapped_buffer_locked = 0.01 s
[ 8490/26691] TestIOBuffer#test_shared = 5.69 s
[ 8491/26691] TestIOBuffer#test_compare_same_size = 0.02 s
[ 8492/26691] TestIOBuffer#test_resize_zero_external = 0.02 s
[ 8493/26691] TestIOBuffer#test_string_mapped_mutable = 0.01 s
[ 8494/26691] TestIOBuffer#test_inplace_operators = 0.02 s
[ 8495/26691] TestIOBuffer#test_slice_arguments = 0.01 s
[ 8496/26691] TestIOBuffer#test_copy_overlapped_bwd = 0.01 s
[ 8497/26691] TestIOBuffer#test_copy_overlapped_fwd = 0.01 s
[ 8498/26691] TestIOBuffer#test_resize_zero_internal = 0.01 s
[ 8499/26691] TestIOBuffer#test_string_negative = 0.01 s
[ 8500/26691] TestIOBuffer#test_operators = 0.02 s
[ 8501/26691] TestIOBuffer#test_copy_null_source = 0.01 s
[ 8502/26691] TestIOBuffer#test_transfer_in_block = 0.01 s
[ 8503/26691] TestIOBuffer#test_file_mapped = 0.02 s
[ 8504/26691] TestIOBuffer#test_new_readonly = 0.01 s
[ 8505/26691] TestIOBuffer#test_copy_null_destination = 0.01 s
[ 8506/26691] TestIOBuffer#test_endian = 0.01 s
[ 8507/26691] TestIOBuffer#test_new_mapped = 0.01 s
[ 8508/26691] TestIOBuffer#test_transfer = 0.01 s
[ 8509/26691] TestIOBuffer#test_each = 0.07 s
[ 8510/26691] TestIOBuffer#test_zero_length_each_byte = 0.01 s
[ 8511/26691] TestIOBuffer#test_values = 0.05 s
[ 8512/26691] TestIOBuffer#test_default_size = 0.01 s
[ 8513/26691] TestIOBuffer#test_get_set_values = 0.05 s
[ 8514/26691] TestIOBuffer#test_non_string = 0.01 s
[ 8515/26691] TestIOBuffer#test_read_with_length_and_offset = 0.07 s
[ 8516/26691] TestIOBuffer#test_flags = 0.01 s
[ 8517/26691] TestIOBuffer#test_locked = 0.02 s
[ 8518/26691] TestIOBuffer#test_pread = 0.03 s
[ 8519/26691] TestIOBuffer#test_zero_length_get_string = 0.01 s
[ 8520/26691] TestIOBuffer#test_read_with_with_length = 0.02 s
[ 8521/26691] TestIOBuffer#test_set_string_overlapped_fwd = 0.01 s
[ 8522/26691] TestIOBuffer#test_set_string_overlapped_bwd = 0.01 s
[ 8523/26691] TestIOBuffer#test_invalidation = 0.04 s
[ 8524/26691] TestIOBuffer#test_zero_length_each = 0.01 s
[ 8525/26691] TestIOBuffer#test_compare_zero_length = 0.01 s
[ 8526/26691] TestIOBuffer#test_private = 0.02 s
[ 8527/26691] TestIOBuffer#test_string_mapped_frozen = 0.01 s
[ 8528/26691] TestIOBuffer#test_compare_different_size = 0.01 s
[ 8529/26691] TestIOBuffer#test_get_string = 0.06 s
[ 8530/26691] TestIOBuffer#test_resize_preserve = 0.01 s
[ 8531/26691] TestIOBuffer#test_resize_mapped = 0.01 s
[ 8532/26691] TestIOBuffer#test_slice_readonly = 0.01 s
[ 8533/26691] TestIOBuffer#test_slice_bounds_error = 0.01 s
[ 8534/26691] TestIOBuffer#test_file_mapped_invalid = 0.01 s
[ 8535/26691] TestIOBuffer#test_zero_length_get_set_values = 0.01 s
[ 8536/26691] TestIOBuffer#test_new_internal = 0.01 s
[ 8537/26691] TestIOBuffer#test_write = 0.02 s
[ 8538/26691] TestIOBuffer#test_pwrite = 0.02 s
[ 8539/26691] TestIOBuffer#test_pwrite_offset = 0.02 s
[ 8540/26691] TestIOBuffer#test_each_byte = 0.01 s
[ 8541/26691] TestIOBuffer#test_pread_offset = 0.02 s
[ 8542/26691] TestIOBuffer#test_read = 0.02 s
[ 8543/26691] TestIOBuffer#test_read_with_with_offset = 0.02 s
[ 8544/26691] TestIOBuffer#test_set_string_null_destination = 0.01 s
[ 8545/26691] TestIOBuffer#test_write_with_length_and_offset = 0.02 s
[ 8546/26691] TestIOBuffer#test_get_set_value = 0.06 s
[ 8547/26691] TestIOBuffer#test_string = 0.01 s
[ 8548/26691] TestIOBuffer#test_string_mapped = 0.01 s
[ 8549/26691] TestIOBuffer#test_clear = 0.01 s
[ 8550/26691] TestGemRemoteFetcherLocalSSLServer#test_do_not_allow_invalid_client_cert_auth_connecti
on = 2.17 s
[ 8551/26691] TestGemRemoteFetcherLocalSSLServer#test_ssl_client_cert_auth_connection = 2.82 s
[ 8552/26691] TestGemRemoteFetcherLocalSSLServer#test_do_not_allow_insecure_ssl_connection_by_defaul
t = 1.70 s
[ 8553/26691] TestGemRemoteFetcherLocalSSLServer#test_ssl_connection_allow_verify_none = 1.73 s
[ 8554/26691] TestGemRemoteFetcherLocalSSLServer#test_nil_ca_cert = 1.68 s
[ 8555/26691] TestGemRemoteFetcherLocalSSLServer#test_do_not_follow_insecure_redirect = 1.79 s
[ 8556/26691] TestGemRemoteFetcherLocalSSLServer#test_ssl_connection = 1.76 s
[ 8557/26691] TestDateParse#test__parse_odd_offset = 0.04 s
[ 8558/26691] TestDateParse#test_parse_utf8 = 0.07 s
[ 8559/26691] TestDateParse#test_jisx0301 = 0.06 s
[ 8560/26691] TestDateParse#test__parse__2 = 0.16 s
[ 8561/26691] TestDateParse#test__iso8601 = 0.15 s
[ 8562/26691] TestDateParse#test_iso8601 = 0.02 s
[ 8563/26691] TestDateParse#test__parse = 2.86 s
[ 8564/26691] TestDateParse#test_rfc3339 = 0.03 s
[ 8565/26691] TestDateParse#test__rfc3339 = 0.02 s
[ 8566/26691] TestDateParse#test_parse__comp = 0.06 s
[ 8567/26691] TestDateParse#test_given_string = 0.07 s
[ 8568/26691] TestDateParse#test_httpdate = 0.02 s
[ 8569/26691] TestDateParse#test_parse__ex = 0.05 s
[ 8570/26691] TestDateParse#test_parse__2 = 0.08 s
[ 8571/26691] TestDateParse#test__jisx0301 = 0.06 s
[ 8572/26691] TestDateParse#test_parse__time = 0.11 s
[ 8573/26691] TestDateParse#test__rfc2822 = 0.04 s
[ 8574/26691] TestDateParse#test_rfc2822 = 0.04 s
[ 8575/26691] TestDateParse#test__parse_too_long_year = 31.76 s
[ 8576/26691] TestDateParse#test__httpdate = 0.04 s
[ 8577/26691] TestDateParse#test__xmlschema = 0.07 s
[ 8578/26691] TestDateParse#test_xmlschema = 0.02 s
[ 8579/26691] TestDateParse#test__parse_slash_exp = 0.08 s
[ 8580/26691] TestDateParse#test_parse = 0.04 s
[ 8581/26691] TestDateParse#test_parse__d_to_s = 0.02 s
[ 8582/26691] TestDateParse#test_length_limit = 0.57 s
[ 8583/26691] Prism::DispatcherTest#test_dispatching_events = 1.97 s
[ 8584/26691] TestNum2int#test_num2uint = 0.11 s
[ 8585/26691] TestNum2int#test_num2long = 0.13 s
[ 8586/26691] TestNum2int#test_num2int = 0.08 s
[ 8587/26691] TestNum2int#test_num2ull = 0.16 s
[ 8588/26691] TestNum2int#test_num2ushort = 0.10 s
[ 8589/26691] TestNum2int#test_fix2int = 0.03 s
[ 8590/26691] TestNum2int#test_fix2short = 0.03 s
[ 8591/26691] TestNum2int#test_num2short = 0.08 s
[ 8592/26691] TestNum2int#test_num2ll = 0.13 s
[ 8593/26691] TestNum2int#test_fix2long = 0.01 s
[ 8594/26691] TestNum2int#test_fix2uint = 0.03 s
[ 8595/26691] TestNum2int#test_fix2ulong = 0.01 s
[ 8596/26691] TestNum2int#test_num2ulong = 0.15 s
[ 8597/26691] Random::Formatter::TestInstanceMethods#test_random_number_float = 0.19 s
[ 8598/26691] Random::Formatter::TestInstanceMethods#test_random_bytes = 0.07 s
[ 8599/26691] Random::Formatter::TestInstanceMethods#test_urlsafe_base64 = 0.13 s
[ 8600/26691] Random::Formatter::TestInstanceMethods#test_uuid = 0.01 s
[ 8601/26691] Random::Formatter::TestInstanceMethods#test_alphanumeric = 0.46 s
[ 8602/26691] Random::Formatter::TestInstanceMethods#test_random_number_int = 0.14 s
[ 8603/26691] Random::Formatter::TestInstanceMethods#test_hex = 0.08 s
[ 8604/26691] Random::Formatter::TestInstanceMethods#test_hex_encoding = 0.01 s
[ 8605/26691] Random::Formatter::TestInstanceMethods#test_base64 = 0.03 s
[ 8606/26691] Random::Formatter::TestInstanceMethods#test_uuid_v7 = 0.25 s
[ 8607/26691] Random::Formatter::TestInstanceMethods#test_random_number_not_default = 0.01 s
[ 8608/26691] Random::Formatter::TestInstanceMethods#test_random_number_float_by_zero = 0.19 s
[ 8609/26691] Random::Formatter::TestInstanceMethods#test_alphanumeric_chars = 0.11 s
[ 8610/26691] TestIRB::EvalHistoryTest#test_eval_history_is_disabled_by_default = 1.59 s
[ 8611/26691] TestIRB::EvalHistoryTest#test_eval_history_can_be_retrieved_with_double_underscore = 0
.29 s
[ 8612/26691] TestIRB::EvalHistoryTest#test_eval_history_respects_given_limit = 0.46 s
[ 8613/26691] TestIRB::HistoryCmdTest#test_history = 0.15 s
[ 8614/26691] TestIRB::HistoryCmdTest#test_history_grep = 0.15 s
[ 8615/26691] TestIRB::HistoryCmdTest#test_multiline_history_with_truncation = 0.15 s
[ 8616/26691] TestWindows1251#test_windows_1251 = 0.31 s
[ 8617/26691] TestCaseMappingPreliminary#test_ascii = 0.03 s
[ 8618/26691] TestCaseMappingPreliminary#test_shift_jis_upcase_ascii = 0.02 s
[ 8619/26691] TestCaseMappingPreliminary#test_various = 0.02 s
[ 8620/26691] TestCaseMappingPreliminary#test_shift_jis_downcase_ascii = 0.01 s
[ 8621/26691] TestCaseMappingPreliminary#test_turcic = 0.02 s
[ 8622/26691] TestCaseMappingPreliminary#test_invalid = 0.02 s
[ 8623/26691] TestCaseMappingPreliminary#test_georgian_capitalize = 0.01 s
[ 8624/26691] TestCaseMappingPreliminary#test_georgian_canary = 0.01 s
[ 8625/26691] TestCaseMappingPreliminary#test_one_way_upcase = 0.06 s
[ 8626/26691] TestCaseMappingPreliminary#test_georgian_unassigned = 0.01 s
[ 8627/26691] TestCaseMappingPreliminary#test_general = 0.18 s
[ 8628/26691] TestCaseMappingPreliminary#test_reorder_unfold = 0.02 s
[ 8629/26691] TestCaseMappingPreliminary#test_fold_option = 0.02 s
[ 8630/26691] TestCaseMappingPreliminary#test_ascii_option = 0.03 s
[ 8631/26691] TestCaseMappingPreliminary#test_greek = 0.02 s
[ 8632/26691] TestCaseMappingPreliminary#test_swapcase = 0.02 s
[ 8633/26691] TestCaseMappingPreliminary#test_titlecase = 0.05 s
[ 8634/26691] TestCaseMappingPreliminary#test_cherokee = 0.06 s
[ 8635/26691] TestIRB::ShowSourceTest#test_show_source_alias = 0.05 s
[ 8636/26691] TestIRB::ShowSourceTest#test_show_source_with_missing_constant = 0.04 s
[ 8637/26691] TestIRB::ShowSourceTest#test_show_source_keep_script_lines = 0.04 s
[ 8638/26691] TestIRB::ShowSourceTest#test_show_source_method_multiple_s = 0.04 s
[ 8639/26691] TestIRB::ShowSourceTest#test_show_source_unavailable_source = 0.04 s
[ 8640/26691] TestIRB::ShowSourceTest#test_show_source_with_eval_error = 0.04 s
[ 8641/26691] TestIRB::ShowSourceTest#test_show_source_method_exceeds_super_chain = 0.04 s
[ 8642/26691] TestIRB::ShowSourceTest#test_show_source_with_constant_lookup = 0.04 s
[ 8643/26691] TestIRB::ShowSourceTest#test_show_source_method_accidental_characters = 0.04 s
[ 8644/26691] TestIRB::ShowSourceTest#test_show_source_method_s_with_incorrect_signature = 0.04 s
[ 8645/26691] TestIRB::ShowSourceTest#test_show_source_method_s = 0.04 s
[ 8646/26691] TestIRB::ShowSourceTest#test_show_source_receiver_super = 0.04 s
[ 8647/26691] TestIRB::ShowSourceTest#test_show_source_private_singleton_method = 0.04 s
[ 8648/26691] TestIRB::ShowSourceTest#test_show_source_with_missing_signature = 0.04 s
[ 8649/26691] TestIRB::ShowSourceTest#test_show_source_string = 0.04 s
[ 8650/26691] TestIRB::ShowSourceTest#test_show_source_shows_binary_source = 0.04 s
[ 8651/26691] TestIRB::ShowSourceTest#test_show_source_with_double_colons = 0.04 s
[ 8652/26691] TestIRB::ShowSourceTest#test_show_source_method_no_instance_method = 0.04 s
[ 8653/26691] TestIRB::ShowSourceTest#test_show_source_private_method = 0.04 s
[ 8654/26691] TestIRB::ShowSourceTest#test_show_source = 0.04 s
[ 8655/26691] TestIRB::CompletionTest::VariableCompletionTest#test_complete_reserved_words = 0.34 s
[ 8656/26691] TestIRB::CompletionTest::VariableCompletionTest#test_complete_absolute_constants_with_
special_characters = 0.85 s
[ 8657/26691] TestIRB::CompletionTest::VariableCompletionTest#test_complete_invalid_three_colons = 0
.32 s
[ 8658/26691] TestIRB::CompletionTest::VariableCompletionTest#test_not_completing_empty_string = 0.0
6 s
[ 8659/26691] TestIRB::CompletionTest::VariableCompletionTest#test_complete_variable = 0.51 s
[ 8660/26691] TestIRB::CompletionTest::VariableCompletionTest#test_complete_symbol = 23.41 s
[ 8661/26691] TestIRB::CompletionTest::VariableCompletionTest#test_complete_methods = 1.54 s
[ 8662/26691] TestIRB::CompletionTest::VariableCompletionTest#test_complete_sort_variables = 0.16 s
[ 8663/26691] TestUnicodeNormalize#test_reiwa = 0.19 s
[ 8664/26691] TestUnicodeNormalize#test_no_trailing_jamo = 0.17 s
[ 8665/26691] TestUnicodeNormalize#test_hangul_plus_accents = 0.03 s
[ 8666/26691] TestUnicodeNormalize#test_us_ascii = 0.02 s
[ 8667/26691] TestUnicodeNormalize#test_partial_jamo_decompose = 0.01 s
[ 8668/26691] TestUnicodeNormalize#test_singleton_with_accents = 0.01 s
[ 8669/26691] TestUnicodeNormalize#test_partial_jamo_compose = 0.01 s
[ 8670/26691] TestUnicodeNormalize#test_non_UTF_8 = 0.02 s
[ 8671/26691] TestUnicodeNormalize#test_raise_exception_for_non_unicode_encoding = 0.02 s
[ 8672/26691] TestGemPlatform#test_equals3_cpu = 0.52 s
[ 8673/26691] TestGemPlatform#test_to_s = 0.48 s
[ 8674/26691] TestGemPlatform#test_gem_platform_match_with_string_argument = 0.53 s
[ 8675/26691] TestGemPlatform#test_self_match = 0.54 s
[ 8676/26691] TestGemPlatform#test_eabi_and_nil_version_combination_strictness = 0.50 s
[ 8677/26691] TestGemPlatform#test_eabi_version_is_stricter_for_linux_os = 0.50 s
[ 8678/26691] TestGemPlatform#test_equals3_universal_mingw = 0.49 s
[ 8679/26691] TestGemPlatform#test_initialize = 0.82 s
[ 8680/26691] TestGemPlatform#test_initialize_command_line = 0.48 s
[ 8681/26691] TestGemPlatform#test_nil_cpu_arch_is_treated_as_universal = 0.48 s
[ 8682/26691] TestGemPlatform#test_self_local = 0.47 s
[ 8683/26691] TestGemPlatform#test_self_new = 0.48 s
[ 8684/26691] TestGemPlatform#test_equals3_cpu_arm = 0.50 s
[ 8685/26691] TestGemPlatform#test_equals2 = 0.48 s
[ 8686/26691] TestGemPlatform#test_self_match_gem? = 0.48 s
[ 8687/26691] TestGemPlatform#test_equals3_version = 0.48 s
[ 8688/26691] TestGemPlatform#test_self_match_spec? = 0.50 s
[ 8689/26691] TestGemPlatform#test_equals3 = 0.48 s
[ 8690/26691] TestGemPlatform#test_nil_version_is_stricter_for_linux_os = 0.50 s
[ 8691/26691] TestGemPlatform#test_initialize_mswin32_vc6 = 0.48 s
[ 8692/26691] TestGemPlatform#test_self_match_spec_with_match_gem_override = 0.50 s
[ 8693/26691] TestGemPlatform#test_initialize_test = 0.48 s
[ 8694/26691] TestGemPlatform#test_nil_version_is_treated_as_any_version = 0.48 s
[ 8695/26691] TestGemPlatform#test_equals_tilde = 0.61 s
[ 8696/26691] TestGemPlatform#test_initialize_platform = 0.48 s
[ 8697/26691] TestGemPlatform#test_inspect = 0.48 s
[ 8698/26691] ClassNameCheckTest#test_names_in_corrections_have_namespaces = 14.15 s
[ 8699/26691] ClassNameCheckTest#test_corrections = 4.85 s
[ 8700/26691] ClassNameCheckTest#test_corrections_candidates_for_names_in_upper_level_scopes = 14.17
 s
[ 8701/26691] ClassNameCheckTest#test_corrections_include_case_specific_class_name = 7.68 s
[ 8702/26691] ClassNameCheckTest#test_does_not_suggest_user_input = 5.32 s
[ 8703/26691] ClassNameCheckTest#test_corrections_should_work_from_within_instance_method = 14.21 s
[ 8704/26691] ClassNameCheckTest#test_corrections_should_work_from_within_instance_method_on_nested_
class = 14.16 s
[ 8705/26691] ClassNameCheckTest#test_corrections_include_top_level_class_name = 4.82 s
[ 8706/26691] TestRDocRequire#test_initialize = 4.38 s
[ 8707/26691] TestRDocMarkupIndentedParagraph#test_text_break = 0.03 s
[ 8708/26691] TestRDocMarkupIndentedParagraph#test_initialize = 0.03 s
[ 8709/26691] TestRDocMarkupIndentedParagraph#test_accept = 0.03 s
[ 8710/26691] TestRDocMarkupIndentedParagraph#test_equals2 = 0.03 s
[ 8711/26691] TestRDocMarkupIndentedParagraph#test_text = 0.02 s
[ 8712/26691] OpenSSL::TestNSSPI#test_build_data = 0.92 s
[ 8713/26691] OpenSSL::TestNSSPI#test_decode_data = 0.04 s
[ 8714/26691] Test_StringEllipsize#test_negative_length = 0.01 s
[ 8715/26691] Test_StringEllipsize#test_shorter = 0.01 s
[ 8716/26691] Test_StringEllipsize#test_nonascii = 0.76 s
[ 8717/26691] Test_StringEllipsize#test_longer = 0.02 s
[ 8718/26691] HumanTypoTest#test_changes = 0.03 s
[ 8719/26691] HumanTypoTest#test_check_input = 0.01 s
[ 8720/26691] TestOptionParserSummaryTest#test_require_exact = 0.41 s
[ 8721/26691] TestOptionParserSummaryTest#test_permute = 0.07 s
[ 8722/26691] TestOptionParserSummaryTest#test_very_long_without_short = 0.08 s
[ 8723/26691] TestOptionParserSummaryTest#test_raise_unknown = 0.11 s
[ 8724/26691] TestOptionParserSummaryTest#test_banner = 0.02 s
[ 8725/26691] TestOptionParserSummaryTest#test_help_pager = 12.69 s
[ 8726/26691] TestOptionParserSummaryTest#test_regexp = 0.01 s
[ 8727/26691] TestOptionParserSummaryTest#test_short_clash = 0.09 s
[ 8728/26691] TestOptionParserSummaryTest#test_summary = 0.02 s
[ 8729/26691] TestOptionParserSummaryTest#test_banner_from_progname = 0.02 s
[ 8730/26691] TestOptionParserSummaryTest#test_ver = 0.03 s
[ 8731/26691] TestOptionParserSummaryTest#test_order = 0.06 s
[ 8732/26691] TestOptionParserSummaryTest#test_summary_containing_space = 0.02 s
[ 8733/26691] TestOptionParserSummaryTest#test_nonopt_pattern = 0.06 s
[ 8734/26691] TestOptionParserSummaryTest#test_into = 0.14 s
[ 8735/26691] TestOptionParserSummaryTest#test_exact_option = 0.42 s
[ 8736/26691] TestRDocExtend#test_module = 4.43 s
[ 8737/26691] TestRDocExtend#test_module_extended = 4.45 s
[ 8738/26691] TestMkmfConvertible#test_typeof_typedef = 0.29 s
[ 8739/26691] TestMkmfConvertible#test_typeof_builtin = 0.29 s
[ 8740/26691] TestM17N#test_begin_end_offset = 0.02 s
[ 8741/26691] TestM17N#test_encoding_to_s = 0.01 s
[ 8742/26691] TestM17N#test_encoding_names_of_default_internal = 26.92 s
[ 8743/26691] TestM17N#test_magic_comment = 0.03 s
[ 8744/26691] TestM17N#test_sub2 = 0.01 s
[ 8745/26691] TestM17N#test_regexp_usascii = 0.11 s
[ 8746/26691] TestM17N#test_reverse_bang = 0.01 s
[ 8747/26691] TestM17N#test_str_aref_substr = 0.03 s
[ 8748/26691] TestM17N#test_compatible = 0.02 s
[ 8749/26691] TestM17N#test_union_1_asciionly_string = 0.08 s
[ 8750/26691] TestM17N#test_scrub_dummy_encoding = 0.02 s
[ 8751/26691] TestM17N#test_union_1_regexp = 0.06 s
[ 8752/26691] TestM17N#test_encoding_find = 0.02 s
[ 8753/26691] TestM17N#test_nonascii_method_name = 0.04 s
[ 8754/26691] TestM17N#test_utf8str_aref = 0.02 s
[ 8755/26691] TestM17N#test_upto = 0.01 s
[ 8756/26691] TestM17N#test_greek_capital_gap = 0.01 s
[ 8757/26691] TestM17N#test_string_inspect_encoding = 0.04 s
[ 8758/26691] TestM17N#test_scrub_replace_block = 0.03 s
[ 8759/26691] TestM17N#test_next = 0.86 s
[ 8760/26691] TestM17N#test_string_ascii_literal = 0.01 s
[ 8761/26691] TestM17N#test_regexp_match = 0.01 s
[ 8762/26691] TestM17N#test_str_aref_force_encoding = 0.09 s
[ 8763/26691] TestM17N#test_regexp_euc = 0.11 s
[ 8764/26691] TestM17N#test_begin_end_offset_sjis = 0.01 s
[ 8765/26691] TestM17N#test_utf_without_bom_asciionly = 0.01 s
[ 8766/26691] TestM17N#test_object_utf16_32_inspect = 0.04 s
[ 8767/26691] TestM17N#test_union_2 = 0.55 s
[ 8768/26691] TestM17N#test_scrub_valid_string = 0.01 s
[ 8769/26691] TestM17N#test_union_0 = 0.02 s
[ 8770/26691] TestM17N#test_include? = 0.13 s
[ 8771/26691] TestM17N#test_regexp_named_class = 0.01 s
[ 8772/26691] TestM17N#test_dup_scan = 0.01 s
[ 8773/26691] TestM17N#test_casecmp = 0.01 s
[ 8774/26691] TestM17N#test_str_b = 0.01 s
[ 8775/26691] TestM17N#test_float_to_s = 0.01 s
[ 8776/26691] TestM17N#test_true_to_s = 0.01 s
[ 8777/26691] TestM17N#test_sprintf_c = 0.03 s
[ 8778/26691] TestM17N#test_string_mixed_unicode = 0.04 s
[ 8779/26691] TestM17N#test_each_line = 0.01 s
[ 8780/26691] TestM17N#test_regexp_sjis = 0.05 s
[ 8781/26691] TestM17N#test_end_with = 0.54 s
[ 8782/26691] TestM17N#test_force_encoding = 0.01 s
[ 8783/26691] TestM17N#test_str_aref_len = 0.02 s
[ 8784/26691] TestM17N#test_regexp_windows_31j = 0.01 s
[ 8785/26691] TestM17N#test_tr = 0.02 s
[ 8786/26691] TestM17N#test_false_to_s = 0.01 s
[ 8787/26691] TestM17N#test_utf_without_bom_valid = 0.01 s
[ 8788/26691] TestM17N#test_index = 0.17 s
[ 8789/26691] TestM17N#test_inspect_with_default_internal = 0.01 s
[ 8790/26691] TestM17N#test_sprintf_s = 0.06 s
[ 8791/26691] TestM17N#test_utf8_literal = 0.01 s
[ 8792/26691] TestM17N#test_validate_surrogate = 0.03 s
[ 8793/26691] TestM17N#test_scrub_replace_default = 0.01 s
[ 8794/26691] TestM17N#test_str_dump = 0.19 s
[ 8795/26691] TestM17N#test_bignum_to_s = 0.01 s
[ 8796/26691] TestM17N#test_regexp_mixed_unicode = 0.13 s
[ 8797/26691] TestM17N#test_str_aref = 0.02 s
[ 8798/26691] TestM17N#test_regexp_embed = 0.09 s
[ 8799/26691] TestM17N#test_escaped_metachar = 0.01 s
[ 8800/26691] TestM17N#test_object_inspect_external = 0.03 s
[ 8801/26691] TestM17N#test_str_String = 0.01 s
[ 8802/26691] TestM17N#test_tr_s = 0.01 s
[ 8803/26691] TestM17N#test_hash_to_s = 0.01 s
[ 8804/26691] TestM17N#test_magic_comment_at_various_positions = 0.02 s
[ 8805/26691] TestM17N#test_regexp_source = 0.01 s
[ 8806/26691] TestM17N#test_validate_redundant_utf8 = 0.21 s
[ 8807/26691] TestM17N#test_aset = 0.01 s
[ 8808/26691] TestM17N#test_scrub_replace_argument = 0.02 s
[ 8809/26691] TestM17N#test_symbol = 0.01 s
[ 8810/26691] TestM17N#test_sprintf_p = 1.56 s
[ 8811/26691] TestM17N#test_str_lt = 0.01 s
[ 8812/26691] TestM17N#test_split = 0.40 s
[ 8813/26691] TestM17N#test_symbol_op = 0.82 s
[ 8814/26691] TestM17N#test_squeeze = 0.01 s
[ 8815/26691] TestM17N#test_empty_string = 0.01 s
[ 8816/26691] TestM17N#test_count_sjis_trailing_byte = 0.01 s
[ 8817/26691] TestM17N#test_each_char = 0.01 s
[ 8818/26691] TestM17N#test_dup_aref = 0.01 s
[ 8819/26691] TestM17N#test_valid_encoding = 0.02 s
[ 8820/26691] TestM17N#test_regexp_ascii = 0.11 s
[ 8821/26691] TestM17N#test_dynamic_eucjp_regexp = 0.05 s
[ 8822/26691] TestM17N#test_gsub = 0.02 s
[ 8823/26691] TestM17N#test_nil_inspect = 0.01 s
[ 8824/26691] TestM17N#test_dynamic_ascii_regexp = 0.04 s
[ 8825/26691] TestM17N#test_sub = 0.01 s
[ 8826/26691] TestM17N#test_quote = 0.03 s
[ 8827/26691] TestM17N#test_reverse = 0.01 s
[ 8828/26691] TestM17N#test_marshal = 0.01 s
[ 8829/26691] TestM17N#test_regexp_property = 0.03 s
[ 8830/26691] TestM17N#test_scan = 0.01 s
[ 8831/26691] TestM17N#test_utf_dummy_are_like_regular_dummy_encodings = 0.17 s
[ 8832/26691] TestM17N#test_setbyte_range = 0.01 s
[ 8833/26691] TestM17N#test_plus = 0.01 s
[ 8834/26691] TestM17N#test_regexp_ascii_none = 0.04 s
[ 8835/26691] TestM17N#test_gbk = 0.01 s
[ 8836/26691] TestM17N#test_dynamic_sjis_regexp = 0.05 s
[ 8837/26691] TestM17N#test_regexp_too_short_multibyte_character = 0.07 s
[ 8838/26691] TestM17N#test_regexp_generic = 0.05 s
[ 8839/26691] TestM17N#test_count = 0.01 s
[ 8840/26691] TestM17N#test_dynamic_utf8_regexp = 0.05 s
[ 8841/26691] TestM17N#test_delete = 0.01 s
[ 8842/26691] TestM17N#test_insert = 0.01 s
[ 8843/26691] TestM17N#test_setbyte = 0.04 s
[ 8844/26691] TestM17N#test_array_to_s = 0.02 s
[ 8845/26691] TestM17N#test_string_inspect_invalid = 0.03 s
[ 8846/26691] TestM17N#test_chomp = 0.01 s
[ 8847/26691] TestM17N#test_str_multiply = 0.01 s
[ 8848/26691] TestM17N#test_regexp_embed_preprocess = 0.01 s
[ 8849/26691] TestM17N#test_str_allocate = 0.01 s
[ 8850/26691] TestM17N#test_scrub_bang = 0.01 s
[ 8851/26691] TestM17N#test_str_center = 0.01 s
[ 8852/26691] TestM17N#test_getbyte = 0.01 s
[ 8853/26691] TestM17N#test_magic_comment_vim = 0.01 s
[ 8854/26691] TestM17N#test_string_eucjp_literal = 0.03 s
[ 8855/26691] TestM17N#test_scrub_modification_inside_block = 0.01 s
[ 8856/26691] TestM17N#test_fixnum_to_s = 0.01 s
[ 8857/26691] TestM17N#test_combchar_codepoint = 0.01 s
[ 8858/26691] TestM17N#test_scrub_widechar = 0.02 s
[ 8859/26691] TestM17N#test_nil_to_s = 0.01 s
[ 8860/26691] TestM17N#test_str_concat = 0.01 s
[ 8861/26691] TestM17N#test_euc_tw = 0.01 s
[ 8862/26691] TestM17N#test_chr = 0.31 s
[ 8863/26691] TestM17N#test_env = 0.06 s
[ 8864/26691] TestM17N#test_sub3 = 0.01 s
[ 8865/26691] TestM17N#test_union_1_nonascii_string = 0.05 s
[ 8866/26691] TestM17N#test_regexp_unicode = 0.03 s
[ 8867/26691] TestRDocRd#test_class_parse = 0.08 s
[ 8868/26691] TestRDocRd#test_class_parse_newline = 0.06 s
[ 8869/26691] TestRDocRd#test_class_parse_begin_end = 0.06 s
[ 8870/26691] PPTestModule::PPAbstractSyntaxTree#test_lasgn_literal = 0.04 s
[ 8871/26691] TestRDocAlias#test_to_s = 4.33 s
[ 8872/26691] TestResolvResourceCAA#test_caa_stackoverflow = 0.14 s
[ 8873/26691] TestResolvResourceCAA#test_caa_tag = 0.02 s
[ 8874/26691] TestResolvResourceCAA#test_caa_flags = 0.01 s
[ 8875/26691] TestResolvResourceCAA#test_caa_roundtrip = 0.06 s
[ 8876/26691] TestIRB::WorkSpaceTest#test_toplevel_binding_local_variables = 17.71 s
[ 8877/26691] TestIRB::WorkSpaceTest#test_code_around_binding_with_existing_unreadable_file = 0.04 s
[ 8878/26691] TestIRB::WorkSpaceTest#test_code_around_binding = 0.07 s
[ 8879/26691] TestIRB::WorkSpaceTest#test_code_around_binding_on_irb = 0.02 s
[ 8880/26691] TestIRB::WorkSpaceTest#test_code_around_binding_with_script_lines__ = 0.04 s
[ 8881/26691] TestGemRequirement#test_marshal_load_attack = 0.57 s
[ 8882/26691] TestGemRequirement#test_concat = 0.50 s
[ 8883/26691] TestGemRequirement#test_initialize = 0.52 s
[ 8884/26691] TestGemRequirement#test_satisfied_by_eh_bang_equal = 0.51 s
[ 8885/26691] TestGemRequirement#test_hash_with_multiple_versions = 0.51 s
[ 8886/26691] TestGemRequirement#test_satisfied_by_eh_tilde_gt_v0 = 0.51 s
[ 8887/26691] TestGemRequirement#test_bad = 0.56 s
[ 8888/26691] TestGemRequirement#test_satisfied_by_eh_boxed = 0.61 s
[ 8889/26691] TestGemRequirement#test_satisfied_by_eh_equal = 0.50 s
[ 8890/26691] TestGemRequirement#test_satisfied_by_eh_good = 0.70 s
[ 8891/26691] TestGemRequirement#test_basic_non_none = 0.49 s
[ 8892/26691] TestGemRequirement#test_equals2 = 0.58 s
[ 8893/26691] TestGemRequirement#test_satisfied_by_eh_non_versions = 0.50 s
[ 8894/26691] TestGemRequirement#test_parse_bad = 0.51 s
[ 8895/26691] TestGemRequirement#test_hash_returns_equal_hashes_for_equivalent_requirements = 0.57 s
[ 8896/26691] TestGemRequirement#test_for_lockfile = 0.50 s
[ 8897/26691] TestGemRequirement#test_satisfied_by_eh_tilde_gt = 0.50 s
[ 8898/26691] TestGemRequirement#test_specific = 0.50 s
[ 8899/26691] TestGemRequirement#test_parse_deduplication = 0.48 s
[ 8900/26691] TestGemRequirement#test_satisfied_by_eh_blank = 0.50 s
[ 8901/26691] TestGemRequirement#test_satisfied_by_eh_gte = 0.49 s
[ 8902/26691] TestGemRequirement#test_satisfied_by_boxed = 0.53 s
[ 8903/26691] TestGemRequirement#test_satisfied_by_eh_gt = 0.49 s
[ 8904/26691] TestGemRequirement#test_satisfied_by_explicitly_bounded = 0.53 s
[ 8905/26691] TestGemRequirement#test_satisfied_by_eh_lte = 0.50 s
[ 8906/26691] TestGemRequirement#test_create = 0.51 s
[ 8907/26691] TestGemRequirement#test_illformed_requirements = 0.49 s
[ 8908/26691] TestGemRequirement#test_prerelease_eh = 0.49 s
[ 8909/26691] TestGemRequirement#test_satisfied_by_eh_list = 0.50 s
[ 8910/26691] TestGemRequirement#test_explicit_default_is_none = 0.49 s
[ 8911/26691] TestGemRequirement#test_parse = 0.50 s
[ 8912/26691] TestGemRequirement#test_satisfied_by_eh_lt = 0.49 s
[ 8913/26691] TestGemRequirement#test_satisfied_by_eh_multiple = 0.53 s
[ 8914/26691] TestGemRequirement#test_empty_requirements_is_none = 0.48 s
[ 8915/26691] TestGemRequirement#test_initialize_copy = 0.49 s
[ 8916/26691] TestGemPathSupport#test_gem_paths_do_not_contain_symlinks = 0.52 s
[ 8917/26691] TestGemPathSupport#test_initialize = 0.49 s
[ 8918/26691] TestGemPathSupport#test_initialize_home = 0.50 s
[ 8919/26691] TestGemPathSupport#test_initialize_home_path = 0.54 s
[ 8920/26691] TestGemPathSupport#test_initialize_path = 0.55 s
[ 8921/26691] TestGemPathSupport#test_initialize_regexp_path_separator = 0.56 s
[ 8922/26691] TestGemPathSupport#test_initialize_path_with_defaults = 0.51 s
[ 8923/26691] TestGemPathSupport#test_initialize_spec = 0.52 s
[ 8924/26691] TestMkmfConfiguration#test_verbose_with_rbconfig_verbose_enabled = 0.43 s
[ 8925/26691] TestMkmfConfiguration#test_verbose_with_rbconfig_verbose_disabled = 0.40 s
[ 8926/26691] TestMkmfConfiguration#test_verbose_with_arg = 13.65 s
[ 8927/26691] TestGemCommandsStaleCommand#test_execute_sorts = 1.13 s
[ 8928/26691] TestModule#test_define_module_under_private_constant = 0.04 s
[ 8929/26691] TestModule#test_prepend_works_with_duped_classes = 0.02 s
[ 8930/26691] TestModule#test_ancestors = 0.03 s
[ 8931/26691] TestModule#test_s_new = 0.01 s
[ 8932/26691] TestModule#test_undef = 9.64 s
[ 8933/26691] TestModule#test_export_method = 0.01 s
[ 8934/26691] TestModule#test_prepend_no_duplication = 0.02 s
[ 8935/26691] TestModule#test_prepend_call_super = 8.98 s
[ 8936/26691] TestModule#test_uninitialized_attr_class = 0.02 s
[ 8937/26691] TestModule#test_private_constant_reopen = 0.03 s
[ 8938/26691] TestModule#test_include_super_in_alias = 0.03 s
[ 8939/26691] TestModule#test_included = 0.02 s
[ 8940/26691] TestModule#test_dup_anonymous = 0.01 s
[ 8941/26691] TestModule#test_private_constant2 = 0.03 s
[ 8942/26691] TestModule#test_nested_defined_bad_class = 0.01 s
[ 8943/26691] TestModule#test_visibility_after_multiple_refine_and_visibility_change_without_origin_
class = 3.73 s
[ 8944/26691] TestModule#test_prepend_visibility_inherited = 9.01 s
[ 8945/26691] TestModule#test_gc_prepend_chain = 52.73 s
[ 8946/26691] TestModule#test_private_extended_module = 8.97 s
[ 8947/26691] TestModule#test_prepend_module_with_no_args = 0.01 s
[ 8948/26691] TestModule#test_prepend_optmethod = 8.98 s
[ 8949/26691] TestModule#test_prepend_super_in_alias = 0.03 s
[ 8950/26691] TestModule#test_frozen_class = 0.02 s
[ 8951/26691] TestModule#test_protected_instance_methods = 0.04 s
[ 8952/26691] TestModule#test_public_constant = 0.02 s
[ 8953/26691] TestModule#test_const_added = 0.04 s
[ 8954/26691] TestModule#test_name = 0.02 s
[ 8955/26691] TestModule#test_define_method_with_unbound_method = 0.02 s
[ 8956/26691] TestModule#test_frozen_module = 0.01 s
[ 8957/26691] TestModule#test_nested_defined_inheritance = 0.02 s
[ 8958/26691] TestModule#test_singleton_class_ancestors = 0.02 s
[ 8959/26691] TestModule#test_method_undefined = 0.02 s
[ 8960/26691] TestModule#test_prepend_visibility = 0.01 s
[ 8961/26691] TestModule#test_classpath = 0.04 s
[ 8962/26691] TestModule#test_constants_with_private_constant = 0.02 s
[ 8963/26691] TestModule#test_extend_module_with_protected_method = 0.02 s
[ 8964/26691] TestModule#test_visibility_after_refine_and_visibility_change_with_superclass = 0.86 s
[ 8965/26691] TestModule#test_const_get_invalid_name = 0.02 s
[ 8966/26691] TestModule#test_CMP_0 = 0.01 s
[ 8967/26691] TestModule#test_const_source_location = 0.04 s
[ 8968/26691] TestModule#test_const_get_evaled = 0.05 s
[ 8969/26691] TestModule#test_class_variables = 0.02 s
[ 8970/26691] TestModule#test_prepend_self = 0.01 s
[ 8971/26691] TestModule#test_method_defined = 0.25 s
[ 8972/26691] TestModule#test_override_optmethod_after_prepend = 8.98 s
[ 8973/26691] TestModule#test_visibility_method_return_value = 0.03 s
[ 8974/26691] TestModule#test_class_variable_set = 0.05 s
[ 8975/26691] TestModule#test_included_modules_with_prepend = 0.01 s
[ 8976/26691] TestModule#test_module_collected_extended_object = 10.38 s
[ 8977/26691] TestModule#test_top_public_private = 2.57 s
[ 8978/26691] TestModule#test_class_variable_get = 0.05 s
[ 8979/26691] TestModule#test_accidental_singleton_naming_with_module = 0.01 s
[ 8980/26691] TestModule#test_prepend_gc = 97.06 s
[ 8981/26691] TestModule#test_constants = 0.01 s
[ 8982/26691] TestModule#test_protected_singleton_method = 0.02 s
[ 8983/26691] TestModule#test_CMP = 0.02 s
[ 8984/26691] TestModule#test_frozen_singleton_class = 0.03 s
[ 8985/26691] TestModule#test_GE = 0.02 s
[ 8986/26691] TestModule#test_LT_0 = 0.02 s
[ 8987/26691] TestModule#test_extend_module_with_no_args = 0.01 s
[ 8988/26691] TestModule#test_attr_writer_with_no_arguments = 0.01 s
[ 8989/26691] TestModule#test_prepend_instance_methods_false = 0.02 s
[ 8990/26691] TestModule#test_return_value_of_define_method = 0.01 s
[ 8991/26691] TestModule#test_prepend_module_ancestors = 0.07 s
[ 8992/26691] TestModule#test_attr_obsoleted_flag = 0.04 s
[ 8993/26691] TestModule#test_initialize_copy_empty = 0.03 s
[ 8994/26691] TestModule#test_bad_constants_get = 0.10 s
[ 8995/26691] TestModule#test_const_in_module = 4.93 s
[ 8996/26691] TestModule#test_attr_public_at_toplevel = 0.04 s
[ 8997/26691] TestModule#test_invalid_attr = 0.03 s
[ 8998/26691] TestModule#test_include_p = 0.02 s
[ 8999/26691] TestModule#test_prepend_constant_lookup = 0.03 s
[ 9000/26691] TestModule#test_const_defined_invalid_name = 0.01 s
[ 9001/26691] TestModule#test_mod_constants = 0.01 s
[ 9002/26691] TestModule#test_method_defined_without_include_super = 0.02 s
[ 9003/26691] TestModule#test_private_constant_with_no_args = 2.47 s
[ 9004/26691] TestModule#test_visibility_after_refine_and_visibility_change_without_origin_class = 0
.86 s
[ 9005/26691] TestModule#test_nested_defined = 0.02 s
[ 9006/26691] TestModule#test_module_subclass_initialize = 0.03 s
[ 9007/26691] TestModule#test_method_removed = 0.02 s
[ 9008/26691] TestModule#test_class_variable_in_dup_class = 0.01 s
[ 9009/26691] TestModule#test_public_prepend = 0.01 s
[ 9010/26691] TestModule#test_uninitialized_instance_variable = 0.03 s
[ 9011/26691] TestModule#test_module_eval = 0.02 s
[ 9012/26691] TestModule#test_undefined_instance_methods = 0.02 s
[ 9013/26691] TestModule#test_LE = 0.02 s
[ 9014/26691] TestModule#test_module_name_in_singleton_method = 0.01 s
[ 9015/26691] TestModule#test_include_with_no_args = 0.01 s
[ 9016/26691] TestModule#test_s_private = 0.04 s
[ 9017/26691] TestModule#test_redefine_optmethod_after_prepend = 8.99 s
[ 9018/26691] TestModule#test_const_get_inherited = 2.49 s
[ 9019/26691] TestModule#test_visibility_after_refine_and_visibility_change_with_origin_class = 0.87
 s
[ 9020/26691] TestModule#test_private_instance_methods = 0.04 s
[ 9021/26691] TestModule#test_cyclic_prepend = 0.01 s
[ 9022/26691] TestModule#test_uninitialized_attr_non_object = 0.03 s
[ 9023/26691] TestModule#test_clone_freeze = 0.02 s
[ 9024/26691] TestModule#test_define_method_changes_visibility_with_existing_method_bug_19749 = 0.01
 s
[ 9025/26691] TestModule#test_class_eval = 0.03 s
[ 9026/26691] TestModule#test_private_class_method = 0.03 s
[ 9027/26691] TestModule#test_accidental_singleton_naming_with_class = 0.01 s
[ 9028/26691] TestModule#test_attr = 2.50 s
[ 9029/26691] TestModule#test_prepend_remove_method = 0.02 s
[ 9030/26691] TestModule#test_prepend_each_classes = 0.02 s
[ 9031/26691] TestModule#test_constant_lookup_in_toplevel_class_eval = 2.93 s
[ 9032/26691] TestModule#test_nested_get_bad_class = 0.02 s
[ 9033/26691] TestModule#test_redefinition_mismatch = 9.11 s
[ 9034/26691] TestModule#test_cyclic_include = 0.01 s
[ 9035/26691] TestModule#test_prepended_module_with_super_and_alias = 0.03 s
[ 9036/26691] TestModule#test_included_modules = 0.02 s
[ 9037/26691] TestModule#test_const_set_invalid_name = 0.08 s
[ 9038/26691] TestModule#test_singleton_constants = 0.01 s
[ 9039/26691] TestModule#test_prepend_instance_methods = 0.03 s
[ 9040/26691] TestModule#test_protected_include_into_included_module = 0.01 s
[ 9041/26691] TestModule#test_public_methods = 0.03 s
[ 9042/26691] TestModule#test_append_features_type_error = 0.01 s
[ 9043/26691] TestModule#test_return_value_of_define_singleton_method = 0.01 s
[ 9044/26691] TestModule#test_GT = 0.02 s
[ 9045/26691] TestModule#test_public_include = 0.01 s
[ 9046/26691] TestModule#test_public_instance_methods = 0.01 s
[ 9047/26691] TestModule#test_visibility_after_multiple_refine_and_visibility_change_with_origin_cla
ss = 2.32 s
[ 9048/26691] TestModule#test_private_constant_const_missing = 0.02 s
[ 9049/26691] TestModule#test_send = 0.02 s
[ 9050/26691] TestModule#test_prepend_class_ancestors = 0.02 s
[ 9051/26691] TestModule#test_leading_colons = 0.01 s
[ 9052/26691] TestModule#test_include_toplevel = 8.99 s
[ 9053/26691] TestModule#test_prepend = 0.02 s
[ 9054/26691] TestModule#test_bug17590 = 0.02 s
[ 9055/26691] TestModule#test_constant_access_from_method_in_cloned_module = 0.02 s
[ 9056/26691] TestModule#test_alias_method = 0.02 s
[ 9057/26691] TestModule#test_inspect_segfault = 9.00 s
[ 9058/26691] TestModule#test_module_function_inside_method = 0.02 s
[ 9059/26691] TestModule#test_visibility_after_multiple_refine_and_visibility_change_with_superclass
 = 1.70 s
[ 9060/26691] TestModule#test_constant_lookup_in_method_defined_by_class_eval = 2.49 s
[ 9061/26691] TestModule#test_freeze = 0.03 s
[ 9062/26691] TestModule#test_toplevel_private_constant = 2.29 s
[ 9063/26691] TestModule#test_prepend_singleton_methods = 0.01 s
[ 9064/26691] TestModule#test_include_into_module_after_prepend_bug_20871 = 0.02 s
[ 9065/26691] TestModule#test_method_added = 0.03 s
[ 9066/26691] TestModule#test_private_constant_in_module = 0.05 s
[ 9067/26691] TestModule#test_prepend_CMP = 0.01 s
[ 9068/26691] TestModule#test_GT_0 = 0.02 s
[ 9069/26691] TestModule#test_const_set = 0.02 s
[ 9070/26691] TestModule#test_prepend_private_super = 0.01 s
[ 9071/26691] TestModule#test_include_before_initialize = 0.01 s
[ 9072/26691] TestModule#test_nested_get_symbol = 0.02 s
[ 9073/26691] TestModule#test_instance_methods = 0.04 s
[ 9074/26691] TestModule#test_append_features = 0.01 s
[ 9075/26691] TestModule#test_prepend_included_modules = 0.03 s
[ 9076/26691] TestModule#test_extend_module_with_protected_bmethod = 0.02 s
[ 9077/26691] TestModule#test_const_get = 0.02 s
[ 9078/26691] TestModule#test_frozen_visibility = 0.05 s
[ 9079/26691] TestModule#test_uninitialized_attr = 0.02 s
[ 9080/26691] TestModule#test_VERY_EQUAL = 0.01 s
[ 9081/26691] TestModule#test_LT = 0.01 s
[ 9082/26691] TestModule#test_deprecate_constant = 0.05 s
[ 9083/26691] TestModule#test_const_defined? = 434.82 s
[ 9084/26691] TestModule#test_prepend_in_superclass = 0.02 s
[ 9085/26691] TestModule#test_append_features_raise = 0.02 s
[ 9086/26691] TestModule#test_remove_class_variable = 0.02 s
[ 9087/26691] TestModule#test_frozen_prepend_remove_method = 0.02 s
[ 9088/26691] TestModule#test_class_variable_defined = 0.03 s
[ 9089/26691] TestModule#test_nested_defined_symbol = 0.02 s
[ 9090/26691] TestModule#test_s_public = 0.03 s
[ 9091/26691] TestModule#test_remove_const = 0.01 s
[ 9092/26691] TestModule#test_private_constants_clear_inlinecache = 2.49 s
[ 9093/26691] TestModule#test_method_redefinition = 0.09 s
[ 9094/26691] TestModule#test_include_with_prepend = 0.02 s
[ 9095/26691] TestModule#test_visibility_by_public_class_method = 0.02 s
[ 9096/26691] TestModule#test_include_into_module_already_included = 0.09 s
[ 9097/26691] TestModule#test_const_get_no_inherited = 2.47 s
[ 9098/26691] TestModule#test_module_exec = 0.02 s
[ 9099/26691] TestModule#test_prepend_inheritance = 0.04 s
[ 9100/26691] TestModule#test_s_constants = 2.61 s
[ 9101/26691] TestModule#test_nested_get_const_missing = 0.01 s
[ 9102/26691] TestModule#test_private_top_methods = 36.17 s
[ 9103/26691] TestModule#test_nested_get = 0.02 s
[ 9104/26691] TestModule#test_dup = 0.01 s
[ 9105/26691] TestModule#test_nonascii_name = 0.04 s
[ 9106/26691] TestModule#test_bad_constants_defined = 0.10 s
[ 9107/26691] TestModule#test_uninitialized_toplevel_constant = 0.02 s
[ 9108/26691] TestModule#test_ancestry_of_duped_classes = 0.02 s
[ 9109/26691] TestModule#test_prepend_after_include = 0.05 s
[ 9110/26691] TestModule#test_public_class_method = 0.04 s
[ 9111/26691] TestModule#test_alias = 2.48 s
[ 9112/26691] TestModule#test_constant_lookup_in_module_in_class_eval = 2.46 s
[ 9113/26691] TestModule#test_method_defined? = 0.04 s
[ 9114/26691] TestModule#test_s_protected = 0.05 s
[ 9115/26691] TestModule#test_s_nesting = 0.01 s
[ 9116/26691] TestModule#test_private_constant_in_class = 0.05 s
[ 9117/26691] TestModule#test_initialize_copy = 39.20 s
[ 9118/26691] TestModule#test_refine_module_then_include = 9.05 s
[ 9119/26691] TestModule#test_attr_inherited_visibility = 0.02 s
[ 9120/26691] Test_PathToClass#test_path_to_class = 0.02 s
[ 9121/26691] TestCESU8#test_cesu8_valid_encoding = 0.04 s
[ 9122/26691] TestCESU8#test_cesu8_left_adjust_char_head = 0.01 s
[ 9123/26691] TestCESU8#test_cesu8_ord = 0.03 s
[ 9124/26691] Test_RbInternedStr#test_interned_str = 0.02 s
[ 9125/26691] TestRDocMarkupToJoinedParagraph#test_accept_paragraph = 0.06 s
[ 9126/26691] TestRDocMarkupToJoinedParagraph#test_accept_paragraph_break = 0.04 s
[ 9127/26691] TestRDocParserPrismRuby#test_tomdoc_meta = 0.31 s
[ 9128/26691] TestRDocParserPrismRuby#test_scan_duplicate_module = 0.17 s
[ 9129/26691] TestRDocParserPrismRuby#test_include_extend = 0.32 s
[ 9130/26691] TestRDocParserPrismRuby#test_constant_visibility = 0.30 s
[ 9131/26691] TestRDocParserPrismRuby#test_constant = 0.71 s
[ 9132/26691] TestRDocParserPrismRuby#test_undefined_singleton_class_defines_module = 0.13 s
[ 9133/26691] TestRDocParserPrismRuby#test_class_repeatedly = 0.26 s
[ 9134/26691] TestRDocParserPrismRuby#test_method_change_visibility = 0.72 s
[ 9135/26691] TestRDocParserPrismRuby#test_singleton_class_attributes = 0.23 s
[ 9136/26691] TestRDocParserPrismRuby#test_method_singleton_class_visibility = 0.39 s
[ 9137/26691] TestRDocParserPrismRuby#test_singleton_method_visibility_change_in_subclass = 0.31 s
[ 9138/26691] TestRDocParserPrismRuby#test_category = 0.64 s
[ 9139/26691] TestRDocParserPrismRuby#test_module = 0.10 s
[ 9140/26691] TestRDocParserPrismRuby#test_class_definition_encountered_after_class_reference = 0.18
 s
[ 9141/26691] TestRDocParserPrismRuby#test_unknown_meta_method = 0.28 s
[ 9142/26691] TestRDocParserPrismRuby#test_alias_method_stopdoc_nodoc = 0.29 s
[ 9143/26691] TestRDocParserPrismRuby#test_nodoc_constant_assigned_without_nodoc_comment = 0.31 s
[ 9144/26691] TestRDocParserPrismRuby#test_method_nested_visibility = 0.53 s
[ 9145/26691] TestRDocParserPrismRuby#test_ignore_constant_assign_rhs = 0.38 s
[ 9146/26691] TestRDocParserPrismRuby#test_look_for_directives_in_commented = 0.07 s
[ 9147/26691] TestRDocParserPrismRuby#test_class_method_visibility = 0.41 s
[ 9148/26691] TestRDocParserPrismRuby#test_constant_assignment_to_undefined_module_path = 0.11 s
[ 9149/26691] TestRDocParserPrismRuby#test_private_def_public_def = 0.25 s
[ 9150/26691] TestRDocParserPrismRuby#test_undocumentable_attributes = 0.13 s
[ 9151/26691] TestRDocParserPrismRuby#test_undocumentable_change_visibility = 0.42 s
[ 9152/26691] TestRDocParserPrismRuby#test_class_mistaken_for_module = 0.31 s
[ 9153/26691] TestRDocParserPrismRuby#test_enddoc = 0.25 s
[ 9154/26691] TestRDocParserPrismRuby#test_method_definition_nested_inside_block = 0.64 s
[ 9155/26691] TestRDocParserPrismRuby#test_class_new_notnew = 0.80 s
[ 9156/26691] TestRDocParserPrismRuby#test_calls_super = 0.41 s
[ 9157/26691] TestRDocParserPrismRuby#test_attributes_nodoc_track = 0.40 s
[ 9158/26691] TestRDocParserPrismRuby#test_open_class_with_superclass = 0.43 s
[ 9159/26691] TestRDocParserPrismRuby#test_markup_override = 0.24 s
[ 9160/26691] TestRDocParserPrismRuby#test_meta_method_unknown = 0.17 s
[ 9161/26691] TestRDocParserPrismRuby#test_singleton_class_meta_method = 0.46 s
[ 9162/26691] TestRDocParserPrismRuby#test_attributes = 0.51 s
[ 9163/26691] TestRDocParserPrismRuby#test_look_for_directives_in_section = 0.08 s
[ 9164/26691] TestRDocParserPrismRuby#test_attributes_nodoc = 0.38 s
[ 9165/26691] TestRDocParserPrismRuby#test_class_module_stopdoc = 0.31 s
[ 9166/26691] TestRDocParserPrismRuby#test_ghost_method = 0.51 s
[ 9167/26691] TestRDocParserPrismRuby#test_block_comment = 0.18 s
[ 9168/26691] TestRDocParserPrismRuby#test_invalid_alias_method = 0.24 s
[ 9169/26691] TestRDocParserPrismRuby#test_top_level_enddoc = 0.16 s
[ 9170/26691] TestRDocParserPrismRuby#test_define_method_visibility = 0.27 s
[ 9171/26691] TestRDocParserPrismRuby#test_true_false_nil_method = 0.20 s
[ 9172/26691] TestRDocParserPrismRuby#test_look_for_directives_in_unhandled = 0.07 s
[ 9173/26691] TestRDocParserPrismRuby#test_alias_singleton = 0.28 s
[ 9174/26691] TestRDocParserPrismRuby#test_alias_method = 0.33 s
[ 9175/26691] TestRDocParserPrismRuby#test_singleton_class = 0.80 s
[ 9176/26691] TestRDocParserPrismRuby#test_attributes_visibility = 0.31 s
[ 9177/26691] TestRDocParserPrismRuby#test_meta_attributes = 0.73 s
[ 9178/26691] TestRDocParserPrismRuby#test_class_superclass = 0.19 s
[ 9179/26691] TestRDocParserPrismRuby#test_markup_first_comment = 0.18 s
[ 9180/26691] TestRDocParserPrismRuby#test_statements_identifier_alias_method_before_original_method
 = 0.33 s
[ 9181/26691] TestRDocParserPrismRuby#test_read_directive_linear_performance = 8.53 s
[ 9182/26691] TestRDocParserPrismRuby#test_method = 0.30 s
[ 9183/26691] TestRDocParserPrismRuby#test_constant_method = 0.31 s
[ 9184/26691] TestRDocParserPrismRuby#test_meta_attributes_named = 0.62 s
[ 9185/26691] TestRDocParserPrismRuby#test_section = 0.62 s
[ 9186/26691] TestRDocParserPrismRuby#test_various_argument_include = 0.25 s
[ 9187/26691] TestRDocParserPrismRuby#test_include_extend_to_singleton_class = 0.20 s
[ 9188/26691] TestRDocParserPrismRuby#test_method_nodoc_track = 0.40 s
[ 9189/26691] TestRDocParserPrismRuby#test_parenthesized_cdecl = 0.22 s
[ 9190/26691] TestRDocParserPrismRuby#test_first_comment_is_not_a_meta_method = 0.16 s
[ 9191/26691] TestRDocParserPrismRuby#test_constant_alias = 0.22 s
[ 9192/26691] TestRDocParserPrismRuby#test_require = 0.17 s
[ 9193/26691] TestRDocParserPrismRuby#test_class_module_nodoc = 0.38 s
[ 9194/26691] TestRDocParserPrismRuby#test_options_encoding = 0.16 s
[ 9195/26691] TestRDocParserPrismRuby#test_method_visibility_change_in_subclass = 0.30 s
[ 9196/26691] TestRDocParserPrismRuby#test_invalid_meta_method = 0.80 s
[ 9197/26691] TestRDocParserPrismRuby#test_include_with_module_nesting = 0.47 s
[ 9198/26691] TestRDocParserPrismRuby#test_meta_define_method = 0.43 s
[ 9199/26691] TestRDocParserPrismRuby#test_nested_module_with_colon = 0.41 s
[ 9200/26691] TestRDocParserPrismRuby#test_multibyte_method_name = 0.16 s
[ 9201/26691] TestRDocParserPrismRuby#test_class = 0.10 s
[ 9202/26691] TestRDocParserPrismRuby#test_meta_method = 0.19 s
[ 9203/26691] TestRDocParserPrismRuby#test_method_yields_directive = 0.75 s
[ 9204/26691] TestRDocParserPrismRuby#test_method_nodoc_stopdoc = 0.45 s
[ 9205/26691] TestRDocParserPrismRuby#test_confusing_superclass = 0.48 s
[ 9206/26691] TestRDocParserPrismRuby#test_nested_class_with_colon = 0.41 s
[ 9207/26691] TestRDocParserPrismRuby#test_alias = 0.34 s
[ 9208/26691] TestRDocParserPrismRuby#test_method_toplevel = 0.12 s
[ 9209/26691] TestRDocParserPrismRuby#test_method_args_directive = 0.30 s
[ 9210/26691] TestRDocParserPrismRuby#test_module_function = 0.31 s
[ 9211/26691] Prism::PatternTest#test_invalid_nested_constant = 2.91 s
[ 9212/26691] Prism::PatternTest#test_object_const = 0.02 s
[ 9213/26691] Prism::PatternTest#test_invalid_node = 0.04 s
[ 9214/26691] Prism::PatternTest#test_array_pattern_no_constant = 0.02 s
[ 9215/26691] Prism::PatternTest#test_string_with_interpolation = 0.06 s
[ 9216/26691] Prism::PatternTest#test_string_empty = 0.02 s
[ 9217/26691] Prism::PatternTest#test_regexp_options = 0.03 s
[ 9218/26691] Prism::PatternTest#test_array_pattern = 0.03 s
[ 9219/26691] Prism::PatternTest#test_constant_path = 0.02 s
[ 9220/26691] Prism::PatternTest#test_nil = 0.02 s
[ 9221/26691] Prism::PatternTest#test_symbol_plain = 0.02 s
[ 9222/26691] Prism::PatternTest#test_invalid_syntax = 0.02 s
[ 9223/26691] Prism::PatternTest#test_constant_read_node = 0.02 s
[ 9224/26691] Prism::PatternTest#test_symbol = 0.02 s
[ 9225/26691] Prism::PatternTest#test_symbol_empty = 0.01 s
[ 9226/26691] Prism::PatternTest#test_hash_pattern_no_constant = 0.03 s
[ 9227/26691] Prism::PatternTest#test_hash_pattern_regexp = 0.03 s
[ 9228/26691] Prism::PatternTest#test_alternation_pattern = 0.02 s
[ 9229/26691] Prism::PatternTest#test_regexp_with_interpolation = 0.06 s
[ 9230/26691] Prism::PatternTest#test_symbol_with_interpolation = 0.06 s
[ 9231/26691] Prism::PatternTest#test_invalid_constant = 0.02 s
[ 9232/26691] Prism::PatternTest#test_self = 0.02 s
[ 9233/26691] Test_TypedData#test_wrong_argtype = 0.05 s
[ 9234/26691] Test_TypedData#test_deferred_free = 67.01 s
[ 9235/26691] TestGemText#test_format_text_indent = 0.54 s
[ 9236/26691] TestGemText#test_levenshtein_distance_all = 0.55 s
[ 9237/26691] TestGemText#test_truncate_text = 0.70 s
[ 9238/26691] TestGemText#test_format_text_none = 0.49 s
[ 9239/26691] TestGemText#test_format_text_trailing = 0.49 s
[ 9240/26691] TestGemText#test_levenshtein_distance_empty = 0.48 s
[ 9241/26691] TestGemText#test_levenshtein_distance_replace = 0.53 s
[ 9242/26691] TestGemText#test_format_text = 0.49 s
[ 9243/26691] TestGemText#test_levenshtein_distance_add = 0.51 s
[ 9244/26691] TestGemText#test_min3 = 0.49 s
[ 9245/26691] TestGemText#test_format_text_no_space = 0.49 s
[ 9246/26691] TestGemText#test_clean_text = 0.48 s
[ 9247/26691] TestGemText#test_format_text_none_indent = 0.48 s
[ 9248/26691] TestGemText#test_format_removes_nonprintable_characters = 0.48 s
[ 9249/26691] TestGemText#test_levenshtein_distance_remove = 0.55 s
[ 9250/26691] TestLogPeriod#test_previous_period_end_extreme_cases = 0.08 s
[ 9251/26691] TestLogPeriod#test_next_rotate_time_extreme_cases = 0.07 s
[ 9252/26691] TestLogPeriod#test_next_rotate_time = 0.06 s
[ 9253/26691] TestLogPeriod#test_previous_period_end = 0.07 s
[ 9254/26691] TestIRB::InitTest#test_sigint_restore_default = 18.78 s
[ 9255/26691] TestIRB::InitTest#test_duplicated_rc_files = 0.09 s
[ 9256/26691] TestIRB::InitTest#test_rc_files = 0.20 s
[ 9257/26691] TestIRB::InitTest#test_dash = 0.35 s
[ 9258/26691] TestIRB::InitTest#test_completor_setup_with_argv = 0.42 s
[ 9259/26691] TestIRB::InitTest#test_setup_with_minimum_argv_does_not_change_dollar0 = 0.12 s
[ 9260/26691] TestIRB::InitTest#test_no_color_environment_variable = 0.32 s
[ 9261/26691] TestIRB::InitTest#test_noscript = 0.65 s
[ 9262/26691] TestIRB::InitTest#test_sigint_restore_block = 18.00 s
[ 9263/26691] TestIRB::InitTest#test_completor_environment_variable = 0.54 s
[ 9264/26691] TestIRB::InitTest#test_option_tracer = 0.13 s
[ 9265/26691] TestIRB::InitTest#test_use_autocomplete_environment_variable = 0.54 s
[ 9266/26691] TestIRB::InitTest#test_setup_with_argv_preserves_global_argv = 0.12 s
[ 9267/26691] PrettyPrintTest::WadlerExample#test_tree_44 = 0.06 s
[ 9268/26691] PrettyPrintTest::WadlerExample#test_tree_20_22 = 0.07 s
[ 9269/26691] PrettyPrintTest::WadlerExample#test_hello_11_12 = 0.04 s
[ 9270/26691] PrettyPrintTest::WadlerExample#test_tree_alt_20_49 = 0.08 s
[ 9271/26691] PrettyPrintTest::WadlerExample#test_tree_alt_00_18 = 0.07 s
[ 9272/26691] PrettyPrintTest::WadlerExample#test_tree_00_19 = 0.06 s
[ 9273/26691] PrettyPrintTest::WadlerExample#test_hello_00_06 = 0.03 s
[ 9274/26691] PrettyPrintTest::WadlerExample#test_tree_23_43 = 0.07 s
[ 9275/26691] PrettyPrintTest::WadlerExample#test_tree_alt_50 = 0.04 s
[ 9276/26691] PrettyPrintTest::WadlerExample#test_hello_09_10 = 0.04 s
[ 9277/26691] PrettyPrintTest::WadlerExample#test_tree_alt_19_20 = 0.08 s
[ 9278/26691] PrettyPrintTest::WadlerExample#test_hello_07_08 = 0.03 s
[ 9279/26691] PrettyPrintTest::WadlerExample#test_hello_13 = 0.02 s
[ 9280/26691] TestSleep#test_sleep_5sec = 5.02 s
[ 9281/26691] TestMkmfFlags#test_try_cflag_invalid_opt = 13.90 s
[ 9282/26691] TestMkmfFlags#test_try_ldflag_invalid_opt = 13.73 s
[ 9283/26691] TestMkmfFlags#test_valid_warnflags = 0.45 s
[ 9284/26691] TestMkmfFlags#test_try_cppflag_invalid_opt = 13.86 s
[ 9285/26691] TestIRB::HistoryTest#test_history_does_not_raise_when_history_file_directory_does_not_
exist = 0.07 s
[ 9286/26691] TestIRB::HistoryTest#test_history_save_minus_as_infinity = 0.10 s
[ 9287/26691] TestIRB::HistoryTest#test_history_concurrent_use_readline = 0.12 s
[ 9288/26691] TestIRB::HistoryTest#test_history_save_100 = 0.07 s
[ 9289/26691] TestIRB::HistoryTest#test_history_save_1 = 0.07 s
[ 9290/26691] TestIRB::HistoryTest#test_history_dont_save = 0.05 s
[ 9291/26691] TestIRB::HistoryTest#test_history_concurrent_use_not_present = 0.06 s
[ 9292/26691] TestIRB::HistoryTest#test_history_different_encodings = 0.07 s
[ 9293/26691] TestIRB::HistoryTest#test_no_home_no_history_file_does_not_raise_history_save = 0.03 s
[ 9294/26691] TestIRB::HistoryTest#test_history_concurrent_use_reline = 0.11 s
[ 9295/26691] TestIRB::HistoryTest#test_history_save_bignum = 0.08 s
[ 9296/26691] TestLastThread#test_last_thread = 10.11 s
[ 9297/26691] TestTrace#test_trace_break = 10.56 s
[ 9298/26691] TestTrace#test_trace = 0.01 s
[ 9299/26691] TestTrace#test_trace_proc_that_raises_exception = 0.01 s
[ 9300/26691] TestTrace#test_trace_string = 0.01 s
[ 9301/26691] TestSystem#test_empty_evstr = 0.02 s
[ 9302/26691] TestSystem#test_system_exception_nonascii = 1.16 s
[ 9303/26691] TestSystem#test_system = 69.38 s
[ 9304/26691] TestSystem#test_system_redirect_win = 0.01 s
[ 9305/26691] TestSystem#test_system_closed = 9.27 s
[ 9306/26691] TestSystem#test_system_at = 0.01 s
[ 9307/26691] TestSystem#test_system_exception = 31.67 s
[ 9308/26691] TestSystem#test_fallback_to_sh = 0.53 s
[ 9309/26691] TestIRB::IrbSourceTest#test_irb_source_without_argument = 0.20 s
[ 9310/26691] TestIRB::IrbSourceTest#test_irb_source = 0.51 s
[ 9311/26691] TestConcatStress#test_concat = 496.18 s
[ 9312/26691] TestGemDependencyResolutionError#test_message = 0.57 s
[ 9313/26691] TestZlibGzipWriter#test_double_close = 0.03 s
[ 9314/26691] TestZlibGzipWriter#test_open = 0.05 s
[ 9315/26691] TestZlibGzipWriter#test_invalid_new = 0.03 s
[ 9316/26691] TestZlibGzipWriter#test_zlib_writer_buffered_write = 0.02 s
[ 9317/26691] TestZlibGzipWriter#test_writer_wrap = 0.02 s
[ 9318/26691] TestZlibGzipWriter#test_puts = 0.03 s
[ 9319/26691] TestZlibGzipWriter#test_putc = 0.03 s
[ 9320/26691] TestZlibGzipWriter#test_write = 0.04 s
[ 9321/26691] TestTempfile#test_binmode = 0.03 s
[ 9322/26691] TestTempfile#test_tempfile_finalizer_does_not_run_if_unlinked = 5.23 s
[ 9323/26691] TestTempfile#test_close_bang_works = 0.03 s
[ 9324/26691] TestTempfile#test_finalizer_does_not_unlink_if_already_unlinked = 10.35 s
[ 9325/26691] TestTempfile#test_unlink_before_close_works_on_posix_systems = 0.03 s
[ 9326/26691] TestTempfile#test_close_and_close_p = 0.03 s
[ 9327/26691] TestTempfile#test_open = 0.03 s
[ 9328/26691] TestTempfile#test_finalizer_removes_file_when_clone = 5.27 s
[ 9329/26691] TestTempfile#test_unlink = 0.03 s
[ 9330/26691] TestTempfile#test_create_traversal_dir = 0.04 s
[ 9331/26691] TestTempfile#test_close_flushes_buffer = 0.02 s
[ 9332/26691] TestTempfile#test_basename = 0.02 s
[ 9333/26691] TestTempfile#test_open_traversal_dir = 0.04 s
[ 9334/26691] TestTempfile#test_clone = 0.03 s
[ 9335/26691] TestTempfile#test_basename_with_suffix = 0.02 s
[ 9336/26691] TestTempfile#test_size_works_if_file_is_closed = 0.02 s
[ 9337/26691] TestTempfile#test_tempfile_encoding_nooption = 0.02 s
[ 9338/26691] TestTempfile#test_size_on_empty_file = 0.02 s
[ 9339/26691] TestTempfile#test_leakchecker = 0.01 s
[ 9340/26691] TestTempfile#test_create_anonymous_autoclose = 0.02 s
[ 9341/26691] TestTempfile#test_tempfile_is_unlinked_when_ruby_exits = 5.20 s
[ 9342/26691] TestTempfile#test_close_does_not_make_path_nil = 0.02 s
[ 9343/26691] TestTempfile#test_create_with_block = 0.04 s
[ 9344/26691] TestTempfile#test_create_anonymous_path = 0.03 s
[ 9345/26691] TestTempfile#test_close_with_unlink_now_true_works = 0.03 s
[ 9346/26691] TestTempfile#test_create_without_block = 0.02 s
[ 9347/26691] TestTempfile#test_close_with_unlink_now_true_does_not_unlink_if_already_unlinked = 0.0
2 s
[ 9348/26691] TestTempfile#test_close_bang_does_not_unlink_if_already_unlinked = 0.03 s
[ 9349/26691] TestTempfile#test_finalizer_removes_file = 5.17 s
[ 9350/26691] TestTempfile#test_default_basename = 0.03 s
[ 9351/26691] TestTempfile#test_create_anonymous_without_block = 0.03 s
[ 9352/26691] TestTempfile#test_basic = 0.02 s
[ 9353/26691] TestTempfile#test_create_default_basename = 0.02 s
[ 9354/26691] TestTempfile#test_tempfile_encoding_ascii8bit = 0.02 s
[ 9355/26691] TestTempfile#test_concurrency = 1.59 s
[ 9356/26691] TestTempfile#test_tempfile_encoding_ascii8bit2 = 0.02 s
[ 9357/26691] TestTempfile#test_unlink_silently_fails_on_windows = 0.02 s
[ 9358/26691] TestTempfile#test_new_traversal_dir = 0.03 s
[ 9359/26691] TestTempfile#test_size_flushes_buffer_before_determining_file_size = 0.03 s
[ 9360/26691] TestTempfile#test_saves_in_given_directory = 0.02 s
[ 9361/26691] TestTempfile#test_dup = 0.02 s
[ 9362/26691] TestTempfile#test_finalizer_removes_file_when_dup = 5.18 s
[ 9363/26691] TestTempfile#test_extend = 0.03 s
[ 9364/26691] TestTempfile#test_create_anonymous_removes_file = 0.03 s
[ 9365/26691] TestTempfile#test_create_anonymous_with_block = 0.03 s
[ 9366/26691] TestBignum_Pack#test_pack_fixed_buffer = 0.03 s
[ 9367/26691] TestBignum_Pack#test_pack_argument_check = 0.03 s
[ 9368/26691] TestBignum_Pack#test_pack_wordorder_and_endian = 0.02 s
[ 9369/26691] TestBignum_Pack#test_pack_zero = 0.01 s
[ 9370/26691] TestBignum_Pack#test_pack_nail = 0.01 s
[ 9371/26691] TestBignum_Pack#test_unpack_wordsize = 0.01 s
[ 9372/26691] TestBignum_Pack#test_unpack2comp_negative_single_byte = 0.02 s
[ 9373/26691] TestBignum_Pack#test_numbytes_2comp = 0.03 s
[ 9374/26691] TestBignum_Pack#test_unpack_wordorder_and_endian = 0.01 s
[ 9375/26691] TestBignum_Pack#test_pack2comp_zero = 0.01 s
[ 9376/26691] TestBignum_Pack#test_pack2comp_emptybuf = 0.02 s
[ 9377/26691] TestBignum_Pack#test_unpack_sign = 0.01 s
[ 9378/26691] TestBignum_Pack#test_pack_orders = 79.55 s
[ 9379/26691] TestBignum_Pack#test_pack_native_endian = 0.01 s
[ 9380/26691] TestBignum_Pack#test_unpack2comp_negative_zero = 0.45 s
[ 9381/26691] TestBignum_Pack#test_pack2comp_overflow = 6.70 s
[ 9382/26691] TestBignum_Pack#test_pack_sign = 0.01 s
[ 9383/26691] TestBignum_Pack#test_unpack_argument_check = 0.18 s
[ 9384/26691] TestBignum_Pack#test_pack2comp_nearly_zero = 0.08 s
[ 9385/26691] TestBignum_Pack#test_pack_overflow = 5.66 s
[ 9386/26691] TestBignum_Pack#test_unpack_orders = 26.56 s
[ 9387/26691] TestBignum_Pack#test_unpack2comp_sequence_of_ff = 0.02 s
[ 9388/26691] TestBignum_Pack#test_numbits_2comp = 0.02 s
[ 9389/26691] TestBignum_Pack#test_unpack_zero = 0.01 s
[ 9390/26691] TestBignum_Pack#test_unpack_native_endian = 0.01 s
[ 9391/26691] TestBignum_Pack#test_unpack_nail = 0.01 s
[ 9392/26691] TestBignum_Pack#test_unpack2comp_single_byte = 0.02 s
[ 9393/26691] TestBignum_Pack#test_pack_wordsize = 0.01 s
[ 9394/26691] Prism::StaticInspectTest#test_source_file = 0.02 s
[ 9395/26691] Prism::StaticInspectTest#test_integer = 0.02 s
[ 9396/26691] Prism::StaticInspectTest#test_regular_expression = 0.03 s
[ 9397/26691] Prism::StaticInspectTest#test_source_line = 0.02 s
[ 9398/26691] Prism::StaticInspectTest#test_nil = 0.01 s
[ 9399/26691] Prism::StaticInspectTest#test_false = 0.01 s
[ 9400/26691] Prism::StaticInspectTest#test_symbol = 0.02 s
[ 9401/26691] Prism::StaticInspectTest#test_float = 0.05 s
[ 9402/26691] Prism::StaticInspectTest#test_imaginary = 0.02 s
[ 9403/26691] Prism::StaticInspectTest#test_rational = 0.03 s
[ 9404/26691] Prism::StaticInspectTest#test_true = 0.01 s
[ 9405/26691] Prism::StaticInspectTest#test_source_encoding = 0.02 s
[ 9406/26691] Prism::StaticInspectTest#test_string = 0.02 s
[ 9407/26691] Reline::LineEditor::CursorPositionTest#test_cursor_position_with_escaped_input = 0.50
s
[ 9408/26691] TestFind::TestInclude#test_functional_call = 0.04 s
[ 9409/26691] Test_StrSetLen#test_shared = 0.10 s
[ 9410/26691] Test_StrSetLen#test_coderange_after_trunc = 0.02 s
[ 9411/26691] Test_StrSetLen#test_valid_encoding_after_resized = 0.02 s
[ 9412/26691] Test_StrSetLen#test_non_shared = 0.02 s
[ 9413/26691] Test_StrSetLen#test_capacity_equals_to_new_size = 0.02 s
[ 9414/26691] Test_StrSetLen#test_coderange_after_append = 0.02 s
[ 9415/26691] TestRDocConstant#test_documented_eh = 5.01 s
[ 9416/26691] TestRDocConstant#test_full_name = 4.71 s
[ 9417/26691] TestRDocConstant#test_marshal_load_version_0 = 4.81 s
[ 9418/26691] TestRDocConstant#test_path = 4.66 s
[ 9419/26691] TestRDocConstant#test_marshal_dump = 4.74 s
[ 9420/26691] TestRDocConstant#test_is_alias_for = 4.88 s
[ 9421/26691] TestRDocConstant#test_marshal_round_trip = 4.71 s
[ 9422/26691] TestRDocConstant#test_documented_eh_alias = 4.71 s
[ 9423/26691] TestRDocConstant#test_marshal_load = 4.71 s
[ 9424/26691] TestIRB::ContextWithTracerIntegrationTest#test_use_tracer_is_disabled_by_default = 0.0
5 s
[ 9425/26691] TestIRB::ContextWithTracerIntegrationTest#test_use_tracer_enabled_when_gem_is_availabl
e = 0.04 s
[ 9426/26691] TestIRB::ContextWithTracerIntegrationTest#test_use_tracer_enabled_when_gem_is_unavaila
ble = 0.04 s
[ 9427/26691] TestZlib#test_crc32_combine = 0.01 s
[ 9428/26691] TestZlib#test_gunzip = 0.03 s
[ 9429/26691] TestZlib#test_version = 0.01 s
[ 9430/26691] TestZlib#test_adler32_combine = 0.01 s
[ 9431/26691] TestZlib#test_inflate = 0.01 s
[ 9432/26691] TestZlib#test_gunzip_encoding = 0.01 s
[ 9433/26691] TestZlib#test_crc_table = 0.19 s
[ 9434/26691] TestZlib#test_gzip = 0.02 s
[ 9435/26691] TestZlib#test_deflate = 0.01 s
[ 9436/26691] TestZlib#test_deflate_stream = 0.03 s
[ 9437/26691] TestZlib#test_crc32 = 0.04 s
[ 9438/26691] TestZlib#test_adler32 = 0.04 s
[ 9439/26691] TestTRICK2013#test_yhara = 2.65 s
[ 9440/26691] TestTRICK2013#test_kinaba = 2.58 s
[ 9441/26691] TestTRICK2013#test_mame = 427.84 s
[ 9442/26691] TestTRICK2013#test_shinh = 2.47 s
[ 9443/26691] TestEmojiBreaks#test_data_files_available = 0.05 s
[ 9444/26691] JSONCommonInterfaceTest#test_parser = 0.02 s
[ 9445/26691] JSONCommonInterfaceTest#test_create_id = 0.01 s
[ 9446/26691] JSONCommonInterfaceTest#test_dump_in_io = 2.64 s
[ 9447/26691] JSONCommonInterfaceTest#test_generate = 0.01 s
[ 9448/26691] JSONCommonInterfaceTest#test_load_file_with_option = 0.04 s
[ 9449/26691] JSONCommonInterfaceTest#test_load_file = 0.02 s
[ 9450/26691] JSONCommonInterfaceTest#test_load = 0.05 s
[ 9451/26691] JSONCommonInterfaceTest#test_load_file_with_bad_default_external_encoding = 0.02 s
[ 9452/26691] JSONCommonInterfaceTest#test_load_file! = 0.03 s
[ 9453/26691] JSONCommonInterfaceTest#test_pretty_generate = 0.01 s
[ 9454/26691] JSONCommonInterfaceTest#test_load_with_proc = 0.02 s
[ 9455/26691] JSONCommonInterfaceTest#test_state = 0.01 s
[ 9456/26691] JSONCommonInterfaceTest#test_index = 0.02 s
[ 9457/26691] JSONCommonInterfaceTest#test_generator = 0.01 s
[ 9458/26691] JSONCommonInterfaceTest#test_fast_generate = 0.01 s
[ 9459/26691] JSONCommonInterfaceTest#test_load_with_options = 0.01 s
[ 9460/26691] JSONCommonInterfaceTest#test_parse_bang = 0.01 s
[ 9461/26691] JSONCommonInterfaceTest#test_dump_should_modify_defaults = 0.01 s
[ 9462/26691] JSONCommonInterfaceTest#test_JSON = 0.02 s
[ 9463/26691] JSONCommonInterfaceTest#test_dump = 0.22 s
[ 9464/26691] JSONCommonInterfaceTest#test_load_file_with_option! = 0.03 s
[ 9465/26691] JSONCommonInterfaceTest#test_parse = 0.01 s
[ 9466/26691] JSONCommonInterfaceTest#test_deep_const_get = 0.02 s
[ 9467/26691] JSONCommonInterfaceTest#test_load_null = 0.02 s
[ 9468/26691] TestRDocGeneratorPOTPO#test_have_entry = 0.06 s
[ 9469/26691] TestRDocGeneratorPOTPO#test_empty = 0.04 s
[ 9470/26691] TestLazyEnumerator#test_cycle_chain = 0.04 s
[ 9471/26691] TestLazyEnumerator#test_grep_v_with_block = 0.02 s
[ 9472/26691] TestLazyEnumerator#test_lazy_eager = 0.02 s
[ 9473/26691] TestLazyEnumerator#test_zip_nested = 0.05 s
[ 9474/26691] TestLazyEnumerator#test_map_zip = 77.85 s
[ 9475/26691] TestLazyEnumerator#test_zip_bad_arg = 0.02 s
[ 9476/26691] TestLazyEnumerator#test_take_0_bug_18971 = 0.09 s
[ 9477/26691] TestLazyEnumerator#test_force = 0.02 s
[ 9478/26691] TestLazyEnumerator#test_lazy_to_enum = 0.02 s
[ 9479/26691] TestLazyEnumerator#test_flat_map_non_array = 0.01 s
[ 9480/26691] TestLazyEnumerator#test_initialize = 0.03 s
[ 9481/26691] TestLazyEnumerator#test_each_args = 0.01 s
[ 9482/26691] TestLazyEnumerator#test_require_block = 0.03 s
[ 9483/26691] TestLazyEnumerator#test_reject_multiple_values = 0.02 s
[ 9484/26691] TestLazyEnumerator#test_flat_map = 0.02 s
[ 9485/26691] TestLazyEnumerator#test_cycle_with_block = 0.01 s
[ 9486/26691] TestLazyEnumerator#test_take_nested = 0.03 s
[ 9487/26691] TestLazyEnumerator#test_grep_v_multiple_values = 0.02 s
[ 9488/26691] TestLazyEnumerator#test_flat_map_to_ary = 0.02 s
[ 9489/26691] TestLazyEnumerator#test_select = 0.02 s
[ 9490/26691] TestLazyEnumerator#test_take = 0.02 s
[ 9491/26691] TestLazyEnumerator#test_take_rewound = 0.02 s
[ 9492/26691] TestLazyEnumerator#test_symbol_chain = 0.02 s
[ 9493/26691] TestLazyEnumerator#test_each_cons_limit = 0.02 s
[ 9494/26691] TestLazyEnumerator#test_flat_map_take = 0.01 s
[ 9495/26691] TestLazyEnumerator#test_zip_nonsingle = 0.02 s
[ 9496/26691] TestLazyEnumerator#test_size = 0.07 s
[ 9497/26691] TestLazyEnumerator#test_flat_map_nested = 0.02 s
[ 9498/26691] TestLazyEnumerator#test_each_line = 0.10 s
[ 9499/26691] TestLazyEnumerator#test_reject = 0.02 s
[ 9500/26691] TestLazyEnumerator#test_zip_with_block = 0.02 s
[ 9501/26691] TestLazyEnumerator#test_map = 0.01 s
[ 9502/26691] TestLazyEnumerator#test_zip_without_arg = 0.01 s
[ 9503/26691] TestLazyEnumerator#test_laziness_conservation = 0.03 s
[ 9504/26691] TestLazyEnumerator#test_drop_while_nested = 0.03 s
[ 9505/26691] TestLazyEnumerator#test_take_bad_arg = 0.01 s
[ 9506/26691] TestLazyEnumerator#test_take_recycle = 0.02 s
[ 9507/26691] TestLazyEnumerator#test_zip_efficient_on_array_args = 0.02 s
[ 9508/26691] TestLazyEnumerator#test_drop_nested = 0.03 s
[ 9509/26691] TestLazyEnumerator#test_with_index_size = 0.01 s
[ 9510/26691] TestLazyEnumerator#test_map_packed_nested = 0.01 s
[ 9511/26691] TestLazyEnumerator#test_grep_multiple_values = 0.02 s
[ 9512/26691] TestLazyEnumerator#test_take_while = 0.02 s
[ 9513/26691] TestLazyEnumerator#test_uniq = 0.02 s
[ 9514/26691] TestLazyEnumerator#test_grep_with_block = 0.02 s
[ 9515/26691] TestLazyEnumerator#test_flat_map_hash = 0.02 s
[ 9516/26691] TestLazyEnumerator#test_grep = 0.03 s
[ 9517/26691] TestLazyEnumerator#test_zip = 0.02 s
[ 9518/26691] TestLazyEnumerator#test_zip_short_arg = 0.03 s
[ 9519/26691] TestLazyEnumerator#test_drop_while = 0.02 s
[ 9520/26691] TestLazyEnumerator#test_select_multiple_values = 0.02 s
[ 9521/26691] TestLazyEnumerator#test_cycle = 0.02 s
[ 9522/26691] TestLazyEnumerator#test_grep_v = 0.02 s
[ 9523/26691] TestLazyEnumerator#test_lazy_to_enum_lazy_methods = 3.51 s
[ 9524/26691] TestLazyEnumerator#test_drop_and_take = 0.01 s
[ 9525/26691] TestLazyEnumerator#test_with_index = 0.56 s
[ 9526/26691] TestLazyEnumerator#test_no_warnings = 0.04 s
[ 9527/26691] TestLazyEnumerator#test_filter_map = 0.02 s
[ 9528/26691] TestLazyEnumerator#test_zip_lazy_on_args = 0.02 s
[ 9529/26691] TestLazyEnumerator#test_inspect = 0.05 s
[ 9530/26691] TestLazyEnumerator#test_zip_map_lambda_bug_19569 = 0.01 s
[ 9531/26691] TestLazyEnumerator#test_lazy_zip_map_yield_arity_bug_20623 = 0.02 s
[ 9532/26691] TestLazyEnumerator#test_drop = 0.02 s
[ 9533/26691] TestLazyEnumerator#test_each_slice_limit = 0.02 s
[ 9534/26691] Bug::StTable::Test_Update#test_pass_objects_in_st_table = 0.02 s
[ 9535/26691] Bug::StTable::Test_Update#test_update = 0.01 s
[ 9536/26691] Bug::StTable::Test_Update#test_notfound = 0.01 s
[ 9537/26691] Bug::StTable::Test_Update#test_continue = 0.01 s
[ 9538/26691] Bug::StTable::Test_Update#test_delete = 0.01 s
[ 9539/26691] TestCP949#test_left_adjust_char_head = 0.01 s
[ 9540/26691] TestCP949#test_mbc_case_fold = 0.01 s
[ 9541/26691] TestCP949#test_mbc_enc_len = 0.01 s
[ 9542/26691] TestCP949#test_code_to_mbc = 0.01 s
[ 9543/26691] TestCP949#test_mbc_to_code = 0.01 s
[ 9544/26691] TestCase#test_deoptimization = 5.51 s
[ 9545/26691] TestCase#test_method_missing = 0.02 s
[ 9546/26691] TestCase#test_case = 0.03 s
[ 9547/26691] TestCase#test_deoptimize_nil = 0.01 s
[ 9548/26691] TestCase#test_optimization = 0.01 s
[ 9549/26691] TestCase#test_nomethoderror = 0.01 s
[ 9550/26691] OpenSSL::TestCipher#test_random_key_iv = 0.04 s
[ 9551/26691] OpenSSL::TestCipher#test_aes_ocb_tag_len = 0.03 s
[ 9552/26691] OpenSSL::TestCipher#test_info = 0.01 s
[ 9553/26691] OpenSSL::TestCipher#test_aes_gcm_variable_iv_len = 0.02 s
[ 9554/26691] OpenSSL::TestCipher#test_initialize = 0.02 s
[ 9555/26691] OpenSSL::TestCipher#test_aes_keywrap_pad = 0.01 s
[ 9556/26691] OpenSSL::TestCipher#test_key_iv_set = 0.02 s
[ 9557/26691] OpenSSL::TestCipher#test_authenticated = 0.01 s
[ 9558/26691] OpenSSL::TestCipher#test_update_with_buffer = 0.02 s
[ 9559/26691] OpenSSL::TestCipher#test_ctr_if_exists = 0.02 s
[ 9560/26691] OpenSSL::TestCipher#test_crypt_after_key = 0.04 s
[ 9561/26691] OpenSSL::TestCipher#test_encrypt_decrypt = 0.02 s
[ 9562/26691] OpenSSL::TestCipher#test_pkcs5_keyivgen = 2.83 s
[ 9563/26691] OpenSSL::TestCipher#test_ciphers = 0.02 s
[ 9564/26691] OpenSSL::TestCipher#test_reset = 0.01 s
[ 9565/26691] OpenSSL::TestCipher#test_aes_ccm = 0.05 s
[ 9566/26691] OpenSSL::TestCipher#test_aes_gcm = 0.04 s
[ 9567/26691] OpenSSL::TestCipher#test_dup = 0.01 s
[ 9568/26691] OpenSSL::TestCipher#test_aes_gcm_key_iv_order_issue = 0.03 s
[ 9569/26691] OpenSSL::TestCipher#test_AES = 2.13 s
[ 9570/26691] OpenSSL::TestCipher#test_update_raise_if_key_not_set = 0.01 s
[ 9571/26691] OpenSSL::TestCipher#test_non_aead_cipher_set_auth_data = 0.01 s
[ 9572/26691] TestRDocSingleClass#test_aref_prefix = 0.04 s
[ 9573/26691] TestRDocSingleClass#test_definition = 0.03 s
[ 9574/26691] TestBignum_Big2str#test_big2str_poweroftwo = 0.02 s
[ 9575/26691] TestBignum_Big2str#test_big2str_gmp = 0.01 s
[ 9576/26691] TestBignum_Big2str#test_big2str_generic = 0.01 s
[ 9577/26691] Prism::ReflectionTest#test_fields_for = 0.62 s
[ 9578/26691] TestCaseFold#"test_mbc_case_fold_US-ASCII" = 0.04 s
[ 9579/26691] TestCaseFold#"test_mbc_case_fold_ISO-8859-9" = 0.01 s
[ 9580/26691] TestCaseFold#"test_mbc_case_fold_Windows-1252" = 0.01 s
[ 9581/26691] TestCaseFold#"test_mbc_case_fold_Windows-1250" = 0.01 s
[ 9582/26691] TestCaseFold#"test_mbc_case_fold_ISO-8859-3" = 0.01 s
[ 9583/26691] TestCaseFold#"test_mbc_case_fold_ISO-8859-1" = 0.01 s
[ 9584/26691] TestCaseFold#test_downcase_fold = 0.01 s
[ 9585/26691] TestCaseFold#"test_apply_all_case_fold_koi8-r" = 0.01 s
[ 9586/26691] TestCaseFold#"test_mbc_case_fold_ISO-8859-5" = 0.01 s
[ 9587/26691] TestCaseFold#"test_get_case_fold_codes_by_str_Windows-1250" = 0.01 s
[ 9588/26691] TestCaseFold#"test_get_case_fold_codes_by_str_Windows-1252" = 0.01 s
[ 9589/26691] TestCaseFold#"test_apply_all_case_fold_ISO-8859-3" = 0.01 s
[ 9590/26691] TestCaseFold#"test_mbc_case_fold_koi8-u" = 0.01 s
[ 9591/26691] TestCaseFold#"test_get_case_fold_codes_by_str_koi8-r" = 0.01 s
[ 9592/26691] TestCaseFold#"test_apply_all_case_fold_ISO-8859-1" = 0.01 s
[ 9593/26691] TestCaseFold#"test_apply_all_case_fold_ISO-8859-5" = 0.01 s
[ 9594/26691] TestCaseFold#"test_get_case_fold_codes_by_str_ISO-8859-11" = 0.01 s
[ 9595/26691] TestCaseFold#"test_apply_all_case_fold_ISO-8859-9" = 0.01 s
[ 9596/26691] TestCaseFold#"test_get_case_fold_codes_by_str_ISO-8859-13" = 0.01 s
[ 9597/26691] TestCaseFold#"test_get_case_fold_codes_by_str_ISO-8859-15" = 0.01 s
[ 9598/26691] TestCaseFold#"test_get_case_fold_codes_by_str_ISO-8859-1" = 0.01 s
[ 9599/26691] TestCaseFold#"test_get_case_fold_codes_by_str_ISO-8859-3" = 0.01 s
[ 9600/26691] TestCaseFold#"test_get_case_fold_codes_by_str_ISO-8859-5" = 0.01 s
[ 9601/26691] TestCaseFold#"test_get_case_fold_codes_by_str_ISO-8859-9" = 0.01 s
[ 9602/26691] TestCaseFold#"test_apply_all_case_fold_ISO-8859-11" = 0.01 s
[ 9603/26691] TestCaseFold#"test_apply_all_case_fold_ISO-8859-13" = 0.01 s
[ 9604/26691] TestCaseFold#"test_mbc_case_fold_ISO-8859-15" = 0.01 s
[ 9605/26691] TestCaseFold#"test_apply_all_case_fold_ISO-8859-15" = 0.01 s
[ 9606/26691] TestCaseFold#"test_mbc_case_fold_ISO-8859-13" = 0.01 s
[ 9607/26691] TestCaseFold#"test_mbc_case_fold_ISO-8859-11" = 0.01 s
[ 9608/26691] TestCaseFold#"test_get_case_fold_codes_by_str_ISO-8859-6" = 0.01 s
[ 9609/26691] TestCaseFold#"test_apply_all_case_fold_Windows-1252" = 0.01 s
[ 9610/26691] TestCaseFold#"test_get_case_fold_codes_by_str_ISO-8859-4" = 0.01 s
[ 9611/26691] TestCaseFold#"test_apply_all_case_fold_Windows-1250" = 0.01 s
[ 9612/26691] TestCaseFold#"test_get_case_fold_codes_by_str_ISO-8859-2" = 0.01 s
[ 9613/26691] TestCaseFold#"test_mbc_case_fold_ISO-8859-10" = 0.01 s
[ 9614/26691] TestCaseFold#"test_apply_all_case_fold_ISO-8859-16" = 0.01 s
[ 9615/26691] TestCaseFold#"test_apply_all_case_fold_ISO-8859-14" = 0.01 s
[ 9616/26691] TestCaseFold#"test_mbc_case_fold_ISO-8859-14" = 0.01 s
[ 9617/26691] TestCaseFold#"test_apply_all_case_fold_US-ASCII" = 0.01 s
[ 9618/26691] TestCaseFold#"test_mbc_case_fold_ISO-8859-16" = 0.01 s
[ 9619/26691] TestCaseFold#"test_apply_all_case_fold_ISO-8859-10" = 0.01 s
[ 9620/26691] TestCaseFold#"test_get_case_fold_codes_by_str_ISO-8859-8" = 0.01 s
[ 9621/26691] TestCaseFold#"test_apply_all_case_fold_ISO-8859-4" = 0.01 s
[ 9622/26691] TestCaseFold#"test_apply_all_case_fold_ISO-8859-6" = 0.01 s
[ 9623/26691] TestCaseFold#"test_get_case_fold_codes_by_str_koi8-u" = 0.01 s
[ 9624/26691] TestCaseFold#"test_mbc_case_fold_koi8-r" = 0.01 s
[ 9625/26691] TestCaseFold#"test_apply_all_case_fold_ISO-8859-2" = 0.01 s
[ 9626/26691] TestCaseFold#"test_get_case_fold_codes_by_str_ISO-8859-16" = 0.01 s
[ 9627/26691] TestCaseFold#"test_get_case_fold_codes_by_str_ISO-8859-14" = 0.01 s
[ 9628/26691] TestCaseFold#"test_apply_all_case_fold_ISO-8859-8" = 0.01 s
[ 9629/26691] TestCaseFold#"test_get_case_fold_codes_by_str_ISO-8859-10" = 0.01 s
[ 9630/26691] TestCaseFold#"test_mbc_case_fold_ISO-8859-8" = 0.01 s
[ 9631/26691] TestCaseFold#"test_get_case_fold_codes_by_str_US-ASCII" = 0.01 s
[ 9632/26691] TestCaseFold#"test_mbc_case_fold_ISO-8859-4" = 0.01 s
[ 9633/26691] TestCaseFold#"test_mbc_case_fold_ISO-8859-6" = 0.01 s
[ 9634/26691] TestCaseFold#"test_apply_all_case_fold_koi8-u" = 0.01 s
[ 9635/26691] TestCaseFold#"test_mbc_case_fold_ISO-8859-2" = 0.01 s
[ 9636/26691] TestGemInstaller#test_pre_install_checks_dependencies_ignore = 0.98 s
[ 9637/26691] TestGemInstaller#test_shebang_env_shebang = 0.99 s
[ 9638/26691] TestGemInstaller#test_generate_bin_symlink_update_older = 0.99 s
[ 9639/26691] TestGemInstaller#test_shebang_empty = 0.99 s
[ 9640/26691] TestGemInstaller#test_generate_bin_uses_default_shebang = 0.99 s
[ 9641/26691] TestGemInstaller#test_pre_install_checks_malicious_name_before_eval = 0.90 s
[ 9642/26691] TestGemInstaller#test_shebang_nested_arguments = 0.99 s
[ 9643/26691] TestGemInstaller#test_write_build_info_file_install_dir = 0.98 s
[ 9644/26691] TestGemInstaller#test_install_extension_and_script = 0.97 s
[ 9645/26691] TestGemInstaller#test_install_creates_binstub_that_prefers_user_installed_gem_to_defau
lt = 1.57 s
[ 9646/26691] TestGemInstaller#test_shebang_version_arguments = 0.98 s
[ 9647/26691] TestGemInstaller#test_shebang_version_arguments_with_load_relative = 0.99 s
[ 9648/26691] TestGemInstaller#test_install_pre_install_nil = 0.99 s
[ 9649/26691] TestGemInstaller#test_install_user_extension_dir = 0.97 s
[ 9650/26691] TestGemInstaller#test_generate_bin_symlink_update_remove_wrapper = 0.98 s
[ 9651/26691] TestGemInstaller#test_shebang_version_env = 0.98 s
[ 9652/26691] TestGemInstaller#test_extract_files = 0.98 s
[ 9653/26691] TestGemInstaller#test_shebang_custom = 0.98 s
[ 9654/26691] TestGemInstaller#test_find_lib_file_after_install = 0.96 s
[ 9655/26691] TestGemInstaller#test_generate_bin_script = 0.98 s
[ 9656/26691] TestGemInstaller#test_default_gem_with_exe_as_bindir = 0.98 s
[ 9657/26691] TestGemInstaller#test_install_creates_binstub_that_dont_trust_encoding = 0.98 s
[ 9658/26691] TestGemInstaller#test_install_with_message = 0.92 s
[ 9659/26691] TestGemInstaller#test_leaves_no_empty_cached_spec_when_no_more_disk_space = 0.80 s
[ 9660/26691] TestGemInstaller#test_generate_bin_symlink = 0.98 s
[ 9661/26691] TestGemInstaller#test_install_extension_clean_intermediate_files = 0.95 s
[ 9662/26691] TestGemInstaller#test_generate_bin_script_wrappers = 0.99 s
[ 9663/26691] TestGemInstaller#test_initialize = 0.92 s
[ 9664/26691] TestGemInstaller#test_pre_install_checks_malicious_require_paths_before_eval = 0.90 s
[ 9665/26691] TestGemInstaller#test_generate_plugins_with_build_root = 0.98 s
[ 9666/26691] TestGemInstaller#test_initialize_user_install = 0.99 s
[ 9667/26691] TestGemInstaller#test_shebang_version_env_arguments = 0.99 s
[ 9668/26691] TestGemInstaller#test_process_options_does_not_fallback_to_user_install_when_gem_home_
not_writable_and_no_user_install = 0.60 s
[ 9669/26691] TestGemInstaller#test_pre_install_checks_malicious_dependencies_before_eval = 0.83 s
[ 9670/26691] TestGemInstaller#test_install_extension_flat = 0.96 s
[ 9671/26691] TestGemInstaller#test_default_gem_without_wrappers = 0.99 s
[ 9672/26691] TestGemInstaller#test_pre_install_checks_dependencies_install_dir = 0.99 s
[ 9673/26691] TestGemInstaller#test_install_pre_install_false = 0.90 s
[ 9674/26691] TestGemInstaller#test_pre_install_checks_malicious_platform_before_eval = 1.00 s
[ 9675/26691] TestGemInstaller#test_dir = 0.99 s
[ 9676/26691] TestGemInstaller#test_check_executable_overwrite_format_executable = 0.99 s
[ 9677/26691] TestGemInstaller#test_check_that_user_bin_dir_is_in_path = 0.99 s
[ 9678/26691] TestGemInstaller#test_generate_bin_script_no_execs = 0.99 s
[ 9679/26691] TestGemInstaller#test_install_with_no_prior_files = 1.01 s
[ 9680/26691] TestGemInstaller#test_installation_satisfies_dependency_eh_development = 0.99 s
[ 9681/26691] TestGemInstaller#test_check_that_user_bin_dir_is_in_path_tilde = 0.99 s
[ 9682/26691] TestGemInstaller#test_install_creates_binstub_that_understand_version = 0.99 s
[ 9683/26691] TestGemInstaller#test_generate_bin_bindir = 0.99 s
[ 9684/26691] TestGemInstaller#test_check_executable_overwrite_other_gem_force = 0.99 s
[ 9685/26691] TestGemInstaller#test_keeps_plugins_up_to_date = 1.01 s
[ 9686/26691] TestGemInstaller#test_generate_bin_script_install_dir = 1.37 s
[ 9687/26691] TestGemInstaller#test_installation_satisfies_dependency_eh = 1.34 s
[ 9688/26691] TestGemInstaller#test_install_build_root = 1.35 s
[ 9689/26691] TestGemInstaller#test_shebang_arguments = 1.29 s
[ 9690/26691] TestGemInstaller#test_generate_bin_symlink_win32 = 1.29 s
[ 9691/26691] TestGemInstaller#test_generate_bin_symlink_update_newer = 1.31 s
[ 9692/26691] TestGemInstaller#test_generate_plugins = 1.34 s
[ 9693/26691] TestGemInstaller#test_install_with_skipped_message = 1.29 s
[ 9694/26691] TestGemInstaller#test_default_gem_with_wrappers = 1.34 s
[ 9695/26691] TestGemInstaller#test_install_does_not_leave_lockfile_for_binstub = 1.50 s
[ 9696/26691] TestGemInstaller#test_pre_install_checks_malicious_extensions_before_eval = 1.24 s
[ 9697/26691] TestGemInstaller#test_shebang_custom_with_expands = 1.25 s
[ 9698/26691] TestGemInstaller#test_generate_bin_script_no_shebang = 1.48 s
[ 9699/26691] TestGemInstaller#test_generate_bin_script_no_perms = 1.27 s
[ 9700/26691] TestGemInstaller#test_package_attribute = 1.20 s
[ 9701/26691] TestGemInstaller#test_install = 1.33 s
[ 9702/26691] TestGemInstaller#test_install_extension_dir_is_removed_on_reinstall = 1.42 s
[ 9703/26691] TestGemInstaller#test_write_spec = 1.12 s
[ 9704/26691] TestGemInstaller#test_generate_bin_symlink_no_execs = 1.28 s
[ 9705/26691] TestGemInstaller#test_pre_install_checks_dependencies = 1.30 s
[ 9706/26691] TestGemInstaller#test_install_extension_dir = 1.25 s
[ 9707/26691] TestGemInstaller#test_generates_plugins_dir_under_install_dir_if_not_there = 1.10 s
[ 9708/26691] TestGemInstaller#test_shebang = 1.22 s
[ 9709/26691] TestGemInstaller#test_check_executable_overwrite_other_gem = 1.33 s
[ 9710/26691] TestGemInstaller#test_use_plugin_immediately = 1.33 s
[ 9711/26691] TestGemInstaller#test_shebang_nested = 1.34 s
[ 9712/26691] TestGemInstaller#test_install_creates_working_binstub = 1.31 s
[ 9713/26691] TestGemInstaller#test_app_script_text = 1.26 s
[ 9714/26691] TestGemInstaller#test_pre_install_checks_malicious_specification_version_before_eval =
 1.15 s
[ 9715/26691] TestGemInstaller#test_shebang_env_arguments = 0.98 s
[ 9716/26691] TestGemInstaller#test_shebang_version_env_arguments_with_load_relative = 1.09 s
[ 9717/26691] TestGemInstaller#test_shebang_custom_with_expands_and_arguments = 0.98 s
[ 9718/26691] TestGemInstaller#test_generate_plugins_with_user_install = 1.09 s
[ 9719/26691] TestGemInstaller#test_initialize_user_install_bin_dir = 0.98 s
[ 9720/26691] TestGemInstaller#test_generate_bin_script_format_disabled = 1.09 s
[ 9721/26691] TestGemInstaller#test_generate_bin_symlink_no_perms = 0.99 s
[ 9722/26691] TestGemInstaller#test_shebang_env = 1.10 s
[ 9723/26691] TestGemInstaller#test_write_spec_writes_cached_spec = 0.79 s
[ 9724/26691] TestGemInstaller#test_write_build_info_file = 1.07 s
[ 9725/26691] TestGemInstaller#test_check_executable_overwrite_default_bin_dir = 0.98 s
[ 9726/26691] TestGemInstaller#test_process_options_build_root = 1.05 s
[ 9727/26691] TestGemInstaller#test_install_build_root_when_gem_home_not_writable_does_not_fallback_
to_user_install_inside_build_root = 0.99 s
[ 9728/26691] TestGemInstaller#test_check_executable_overwrite_other_non_gem = 1.04 s
[ 9729/26691] TestGemInstaller#test_shebang_arguments_with_load_relative = 0.98 s
[ 9730/26691] TestGemInstaller#test_shebang_env_arguments_with_load_relative = 1.05 s
[ 9731/26691] TestGemInstaller#test_process_options = 0.98 s
[ 9732/26691] TestGemInstaller#test_check_executable_overwrite = 1.04 s
[ 9733/26691] TestGemInstaller#test_install_missing_dirs = 0.98 s
[ 9734/26691] TestGemInstaller#test_write_build_info_file_empty = 0.98 s
[ 9735/26691] TestGemInstaller#test_unpack = 0.98 s
[ 9736/26691] TestGemInstaller#test_generate_plugins_with_install_dir = 0.97 s
[ 9737/26691] TestGemInstaller#test_write_cache_file = 1.04 s
[ 9738/26691] TestGemInstaller#test_generate_bin_with_dangling_symlink = 0.83 s
[ 9739/26691] TestGemInstaller#test_install_post_build_nil = 1.04 s
[ 9740/26691] TestGemInstaller#test_ensure_loadable_spec_security_policy = 0.94 s
[ 9741/26691] TestGemInstaller#test_default_gem_to_specific_install_dir = 1.04 s
[ 9742/26691] TestGemInstaller#test_generate_bin_script_format = 0.98 s
[ 9743/26691] TestGemInstaller#test_process_options_fallback_to_user_install_when_gem_home_not_writa
ble = 0.66 s
[ 9744/26691] TestGemInstaller#test_shebang_nested_arguments_with_load_relative = 0.90 s
[ 9745/26691] TestGemInstaller#test_ensure_dependency = 0.98 s
[ 9746/26691] TestGemInstaller#test_install_dir_takes_precedence_to_user_install = 0.98 s
[ 9747/26691] TestGemInstaller#test_ensure_loadable_spec = 0.94 s
[ 9748/26691] TestGemInstaller#test_conflicting_binstubs = 1.06 s
[ 9749/26691] TestGemInstaller#test_install_force = 0.94 s
[ 9750/26691] TestGemInstaller#test_install_post_build_false = 0.97 s
[ 9751/26691] TestGemInstaller#test_generate_bin_bindir_with_user_install_warning = 0.69 s
[ 9752/26691] TestGemInstaller#test_pre_install_checks_malicious_name = 0.89 s
[ 9753/26691] TestGemInstaller#test_shebang_version = 0.98 s
[ 9754/26691] TestGemInstaller#test_check_that_user_bin_dir_is_in_path_not_in_path = 1.08 s
[ 9755/26691] TestGemInstaller#test_gem_attribute = 0.78 s
[ 9756/26691] TestGemInstaller#test_default_gem_loaded_from = 0.89 s
[ 9757/26691] RDocMarkupToBsTest#test_accept_list_item_end_label = 0.09 s
[ 9758/26691] RDocMarkupToBsTest#test_accept_list_start_bullet = 0.05 s
[ 9759/26691] RDocMarkupToBsTest#test_accept_paragraph_indent = 0.14 s
[ 9760/26691] RDocMarkupToBsTest#test_accept_paragraph_plus = 0.09 s
[ 9761/26691] RDocMarkupToBsTest#test_accept_list_item_start_note = 0.07 s
[ 9762/26691] RDocMarkupToBsTest#test_accept_list_item_end_lalpha = 0.05 s
[ 9763/26691] RDocMarkupToBsTest#test_accept_raw = 0.05 s
[ 9764/26691] RDocMarkupToBsTest#test_accept_list_start_note = 0.05 s
[ 9765/26691] RDocMarkupToBsTest#test_accept_list_end_lalpha = 0.05 s
[ 9766/26691] RDocMarkupToBsTest#test_end_accepting = 0.05 s
[ 9767/26691] RDocMarkupToBsTest#test_accept_list_item_start_lalpha = 0.05 s
[ 9768/26691] RDocMarkupToBsTest#test_accept_list_item_end_ualpha = 0.05 s
[ 9769/26691] RDocMarkupToBsTest#test_accept_list_end_ualpha = 0.05 s
[ 9770/26691] RDocMarkupToBsTest#test_accept_list_item_start_ualpha = 0.05 s
[ 9771/26691] RDocMarkupToBsTest#test_accept_rule_indent = 0.05 s
[ 9772/26691] RDocMarkupToBsTest#test_accept_paragraph_b = 0.09 s
[ 9773/26691] RDocMarkupToBsTest#test_accept_list_start_label = 0.05 s
[ 9774/26691] RDocMarkupToBsTest#test_accept_heading_4 = 0.07 s
[ 9775/26691] RDocMarkupToBsTest#test_accept_blank_line = 0.05 s
[ 9776/26691] RDocMarkupToBsTest#test_accept_paragraph_star = 0.08 s
[ 9777/26691] RDocMarkupToBsTest#test_accept_paragraph = 0.07 s
[ 9778/26691] RDocMarkupToBsTest#test_accept_heading_2 = 0.07 s
[ 9779/26691] RDocMarkupToBsTest#test_accept_paragraph_br = 0.08 s
[ 9780/26691] RDocMarkupToBsTest#test_accept_list_item_start_note_2 = 0.12 s
[ 9781/26691] RDocMarkupToBsTest#test_start_accepting = 0.05 s
[ 9782/26691] RDocMarkupToBsTest#test_accept_list_item_end_note = 0.07 s
[ 9783/26691] RDocMarkupToBsTest#test_accept_paragraph_wrap = 0.14 s
[ 9784/26691] RDocMarkupToBsTest#test_accept_list_item_start_note_multi_description = 0.13 s
[ 9785/26691] RDocMarkupToBsTest#test_accept_list_item_start_note_multi_label = 0.12 s
[ 9786/26691] RDocMarkupToBsTest#test_accept_list_start_number = 0.05 s
[ 9787/26691] RDocMarkupToBsTest#test_accept_list_end_note = 0.05 s
[ 9788/26691] RDocMarkupToBsTest#test_accept_table_align = 0.06 s
[ 9789/26691] RDocMarkupToBsTest#test_accept_list_item_end_bullet = 0.05 s
[ 9790/26691] RDocMarkupToBsTest#test_accept_rule = 0.05 s
[ 9791/26691] RDocMarkupToBsTest#test_attributes = 0.07 s
[ 9792/26691] RDocMarkupToBsTest#test_accept_list_end_bullet = 0.05 s
[ 9793/26691] RDocMarkupToBsTest#test_accept_list_item_start_label = 0.07 s
[ 9794/26691] RDocMarkupToBsTest#test_accept_list_item_start_bullet = 0.05 s
[ 9795/26691] RDocMarkupToBsTest#test_accept_paragraph_underscore = 0.08 s
[ 9796/26691] RDocMarkupToBsTest#test_accept_list_start_lalpha = 0.05 s
[ 9797/26691] RDocMarkupToBsTest#test_accept_heading = 0.07 s
[ 9798/26691] RDocMarkupToBsTest#test_accept_list_end_label = 0.05 s
[ 9799/26691] RDocMarkupToBsTest#test_accept_heading_3 = 0.07 s
[ 9800/26691] RDocMarkupToBsTest#test_accept_heading_suppressed_crossref = 0.08 s
[ 9801/26691] RDocMarkupToBsTest#test_accept_heading_1 = 0.07 s
[ 9802/26691] RDocMarkupToBsTest#test_accept_list_start_ualpha = 0.05 s
[ 9803/26691] RDocMarkupToBsTest#test_accept_block_quote = 0.07 s
[ 9804/26691] RDocMarkupToBsTest#test_accept_paragraph_break = 0.08 s
[ 9805/26691] RDocMarkupToBsTest#test_accept_verbatim = 0.05 s
[ 9806/26691] RDocMarkupToBsTest#test_accept_paragraph_i = 0.09 s
[ 9807/26691] RDocMarkupToBsTest#test_list_verbatim = 0.08 s
[ 9808/26691] RDocMarkupToBsTest#test_accept_heading_indent = 0.07 s
[ 9809/26691] RDocMarkupToBsTest#test_list_nested = 0.12 s
[ 9810/26691] RDocMarkupToBsTest#test_accept_verbatim_indent = 0.05 s
[ 9811/26691] RDocMarkupToBsTest#test_accept_list_item_start_number = 0.05 s
[ 9812/26691] RDocMarkupToBsTest#test_accept_heading_b = 0.08 s
[ 9813/26691] RDocMarkupToBsTest#test_accept_document = 0.07 s
[ 9814/26691] RDocMarkupToBsTest#test_accept_verbatim_big_indent = 0.05 s
[ 9815/26691] RDocMarkupToBsTest#test_accept_list_end_number = 0.05 s
[ 9816/26691] RDocMarkupToBsTest#test_accept_list_item_end_number = 0.05 s
[ 9817/26691] TestGemSourceSpecificFile#test_spaceship = 0.95 s
[ 9818/26691] TestGemSourceSpecificFile#test_fetch_spec_fails_on_unknown_name = 0.96 s
[ 9819/26691] TestGemSourceSpecificFile#test_load_specs = 0.95 s
[ 9820/26691] TestGemSourceSpecificFile#test_path = 0.94 s
[ 9821/26691] TestGemSourceSpecificFile#test_fetch_spec = 0.94 s
[ 9822/26691] TestGemSourceSpecificFile#test_download = 0.94 s
[ 9823/26691] TestGemSourceSpecificFile#test_pretty_print = 0.94 s
[ 9824/26691] TestGemSourceSpecificFile#test_spec = 0.94 s
[ 9825/26691] TestEtc#test_passwd = 0.22 s
[ 9826/26691] TestEtc#test_confstr = 0.01 s
[ 9827/26691] TestEtc#test_sysconf = 0.01 s
[ 9828/26691] TestEtc#test_getlogin = 0.01 s
[ 9829/26691] TestEtc#test_group_with_low_level_api = 0.05 s
[ 9830/26691] TestEtc#test_passwd_with_low_level_api = 0.05 s
[ 9831/26691] TestEtc#test_getpwnam = 0.11 s
[ 9832/26691] TestEtc#test_ractor = 0.01 s
[ 9833/26691] TestEtc#test_group = 0.11 s
[ 9834/26691] TestEtc#test_getgrnam = 0.13 s
[ 9835/26691] TestEtc#test_pathconf = 0.01 s
[ 9836/26691] TestEtc#test_getpwuid = 0.12 s
[ 9837/26691] TestEtc#test_nprocessors = 0.01 s
[ 9838/26691] TestEtc#test_getgrgid = 0.13 s
[ 9839/26691] TestEtc#test_uname = 0.02 s
[ 9840/26691] TestRDocText#test_to_html_double_quote = 0.05 s
[ 9841/26691] TestRDocText#test_snippet_short = 0.10 s
[ 9842/26691] TestRDocText#test_markup_comment = 0.08 s
[ 9843/26691] TestRDocText#test_to_html_tt_tag = 0.03 s
[ 9844/26691] TestRDocText#test_to_html_apostrophe_entity = 0.04 s
[ 9845/26691] TestRDocText#test_normalize_comment_stars_single_double_space = 0.04 s
[ 9846/26691] TestRDocText#test_self_encode_fallback = 0.03 s
[ 9847/26691] TestRDocText#test_to_html_double_tick = 0.04 s
[ 9848/26691] TestRDocText#test_parse_newline = 0.03 s
[ 9849/26691] TestRDocText#test_snippet = 0.17 s
[ 9850/26691] TestRDocText#test_to_html_ellipsis = 0.04 s
[ 9851/26691] TestRDocText#test_strip_stars_no_stars = 0.03 s
[ 9852/26691] TestRDocText#test_flush_left_encoding = 0.03 s
[ 9853/26691] TestRDocText#test_parse_format_markdown = 0.89 s
[ 9854/26691] TestRDocText#test_strip_stars_document_method_special = 0.04 s
[ 9855/26691] TestRDocText#test_to_html_registered_trademark = 0.03 s
[ 9856/26691] TestRDocText#test_to_html_double_quote_quot = 0.04 s
[ 9857/26691] TestRDocText#test_strip_stars = 0.04 s
[ 9858/26691] TestRDocText#test_to_html_double_backtick = 0.04 s
[ 9859/26691] TestRDocText#test_parse_document = 0.03 s
[ 9860/26691] TestRDocText#test_to_html_encoding = 0.05 s
[ 9861/26691] TestRDocText#test_to_html_br = 0.03 s
[ 9862/26691] TestRDocText#test_to_html_copyright = 0.03 s
[ 9863/26691] TestRDocText#test_parse_empty = 0.03 s
[ 9864/26691] TestRDocText#test_expand_tabs = 0.07 s
[ 9865/26691] TestRDocText#test_to_html_dash = 0.04 s
[ 9866/26691] TestRDocText#test_normalize_comment_stars_single_space = 0.04 s
[ 9867/26691] TestRDocText#test_flush_left = 0.03 s
[ 9868/26691] TestRDocText#test_normalize_comment_hash = 0.04 s
[ 9869/26691] TestRDocText#test_strip_stars_encoding = 0.04 s
[ 9870/26691] TestRDocText#test_parse_format_rd = 0.10 s
[ 9871/26691] TestRDocText#test_markup_string = 0.07 s
[ 9872/26691] TestRDocText#test_strip_newlines_encoding = 0.03 s
[ 9873/26691] TestRDocText#test_to_html_backslash = 0.03 s
[ 9874/26691] TestRDocText#test_to_html_tt_tag_mismatch = 0.16 s
[ 9875/26691] TestRDocText#test_snippet_comment = 0.09 s
[ 9876/26691] TestRDocText#test_strip_newlines = 0.03 s
[ 9877/26691] TestRDocText#test_expand_tabs_encoding = 0.03 s
[ 9878/26691] TestRDocText#test_strip_hashes_encoding = 0.04 s
[ 9879/26691] TestRDocText#test_strip_stars_encoding2 = 0.04 s
[ 9880/26691] TestRDocText#test_strip_stars_document_method = 0.03 s
[ 9881/26691] TestRDocText#test_to_html_apostrophe = 0.04 s
[ 9882/26691] TestRDocText#test_parse = 0.04 s
[ 9883/26691] TestRDocText#test_to_html_html_tag = 0.03 s
[ 9884/26691] TestRDocText#test_strip_hashes = 0.03 s
[ 9885/26691] TestRDocText#test_parse_empty_newline = 0.04 s
[ 9886/26691] TestRDocText#test_parse_format_tomdoc = 0.06 s
[ 9887/26691] TestRDocText#test_parse_comment = 0.03 s
[ 9888/26691] TestGemExtCargoBuilderUnit#test_cargo_command_passes_respects_cargo_env_var = 0.54 s
[ 9889/26691] TestGemExtCargoBuilderUnit#test_cargo_command_passes_respects_cargo_build_target = 0.5
2 s
[ 9890/26691] TestGemExtCargoBuilderUnit#test_build_env_includes_rbconfig = 0.57 s
[ 9891/26691] TestGemExtCargoBuilderUnit#test_cargo_command_passes_args = 0.52 s
[ 9892/26691] TestGemExtCargoBuilderUnit#test_cargo_command_locks_in_release_profile = 0.52 s
[ 9893/26691] TestGemPackageTarReaderEntry#test_readpartial_zero = 0.55 s
[ 9894/26691] TestGemPackageTarReaderEntry#test_open_returns_entry = 0.55 s
[ 9895/26691] TestGemPackageTarReaderEntry#test_close = 0.54 s
[ 9896/26691] TestGemPackageTarReaderEntry#test_readpartial_past_eof = 0.52 s
[ 9897/26691] TestGemPackageTarReaderEntry#test_open = 0.54 s
[ 9898/26691] TestGemPackageTarReaderEntry#test_full_name_null = 0.52 s
[ 9899/26691] TestGemPackageTarReaderEntry#test_full_name = 0.52 s
[ 9900/26691] TestGemPackageTarReaderEntry#test_seek_in_gzip_io_corrupted = 0.56 s
[ 9901/26691] TestGemPackageTarReaderEntry#test_readpartial = 0.52 s
[ 9902/26691] TestGemPackageTarReaderEntry#test_rewind = 0.52 s
[ 9903/26691] TestGemPackageTarReaderEntry#test_read_partial_buffer = 0.95 s
[ 9904/26691] TestGemPackageTarReaderEntry#test_pos = 0.53 s
[ 9905/26691] TestGemPackageTarReaderEntry#test_file_eh = 0.55 s
[ 9906/26691] TestGemPackageTarReaderEntry#test_consecutive_read_bytes_past_eof = 0.52 s
[ 9907/26691] TestGemPackageTarReaderEntry#test_read_from_gzip_io = 0.53 s
[ 9908/26691] TestGemPackageTarReaderEntry#test_size = 0.52 s
[ 9909/26691] TestGemPackageTarReaderEntry#test_seek_in_gzip_io_with_non_zero_offset = 0.57 s
[ 9910/26691] TestGemPackageTarReaderEntry#test_read_small = 0.51 s
[ 9911/26691] TestGemPackageTarReaderEntry#test_bytes_read = 0.52 s
[ 9912/26691] TestGemPackageTarReaderEntry#test_readpartial_corrupted_tar = 0.55 s
[ 9913/26691] TestGemPackageTarReaderEntry#test_seek = 0.53 s
[ 9914/26691] TestGemPackageTarReaderEntry#test_symlink_eh = 0.55 s
[ 9915/26691] TestGemPackageTarReaderEntry#test_closed_eh = 0.51 s
[ 9916/26691] TestGemPackageTarReaderEntry#test_getc = 0.52 s
[ 9917/26691] TestGemPackageTarReaderEntry#test_read_remaining = 0.52 s
[ 9918/26691] TestGemPackageTarReaderEntry#test_read_zero = 0.52 s
[ 9919/26691] TestGemPackageTarReaderEntry#test_open_closes_entry = 0.54 s
[ 9920/26691] TestGemPackageTarReaderEntry#test_directory_eh = 0.55 s
[ 9921/26691] TestGemPackageTarReaderEntry#test_zero_byte_file_readpartial = 0.55 s
[ 9922/26691] TestGemPackageTarReaderEntry#test_read_from_gzip_io_with_non_zero_offset = 0.55 s
[ 9923/26691] TestGemPackageTarReaderEntry#test_read_corrupted_tar = 0.55 s
[ 9924/26691] TestGemPackageTarReaderEntry#test_consecutive_read = 0.52 s
[ 9925/26691] TestGemPackageTarReaderEntry#test_eof_eh = 0.51 s
[ 9926/26691] TestGemPackageTarReaderEntry#test_read_big = 0.52 s
[ 9927/26691] TestGemPackageTarReaderEntry#test_read = 0.52 s
[ 9928/26691] TestGemPackageTarReaderEntry#test_readpartial_to_eof = 0.52 s
[ 9929/26691] TestGemPackageTarReaderEntry#test_zero_byte_file_read = 0.55 s
[ 9930/26691] TestGemSource#test_update_cache_eh = 0.93 s
[ 9931/26691] TestGemSource#test_dependency_resolver_set_file_uri = 0.99 s
[ 9932/26691] TestGemSource#test_spaceship_order_is_preserved_when_uri_differs = 0.99 s
[ 9933/26691] TestGemSource#test_load_specs_from_unavailable_uri = 0.99 s
[ 9934/26691] TestGemSource#test_initialize_git = 1.00 s
[ 9935/26691] TestGemSource#test_update_cache_eh_home_nonexistent = 1.00 s
[ 9936/26691] TestGemSource#test_dependency_resolver_set_marshal_api = 1.00 s
[ 9937/26691] TestGemSource#test_initialize_invalid_uri = 0.99 s
[ 9938/26691] TestGemSource#test_spaceship = 0.99 s
[ 9939/26691] TestGemSource#test_load_specs = 0.99 s
[ 9940/26691] TestGemSource#test_dependency_resolver_set_bundler_api = 1.00 s
[ 9941/26691] TestGemSource#test_typo_squatting_custom_distance_threshold = 1.02 s
[ 9942/26691] TestGemSource#test_fetch_spec = 1.02 s
[ 9943/26691] TestGemSource#test_typo_squatting_false_positive = 1.00 s
[ 9944/26691] TestGemSource#test_cache_dir_escapes_windows_paths = 1.00 s
[ 9945/26691] TestGemSource#test_fetch_spec_cached = 0.99 s
[ 9946/26691] TestGemSource#test_typo_squatting = 0.99 s
[ 9947/26691] TestGemSource#test_load_specs_cached_empty = 1.01 s
[ 9948/26691] TestGemSource#test_fetch_spec_platform = 1.01 s
[ 9949/26691] TestGemSource#test_load_specs_cached = 0.99 s
[ 9950/26691] TestGemSource#test_fetch_spec_platform_ruby = 1.01 s
[ 9951/26691] WebauthnListenerResponseTest#test_no_to_s_response_to_s = 0.58 s
[ 9952/26691] WebauthnListenerResponseTest#test_bad_request_response_to_s = 0.49 s
[ 9953/26691] WebauthnListenerResponseTest#test_ok_response_to_s = 0.49 s
[ 9954/26691] WebauthnListenerResponseTest#test_method_not_found_response_to_s = 0.49 s
[ 9955/26691] WebauthnListenerResponseTest#test_method_not_allowed_response_to_s = 0.49 s
[ 9956/26691] TestGemUtil#test_traverse_parents_does_not_crash_on_permissions_error = 0.54 s
[ 9957/26691] TestGemUtil#test_traverse_parents = 0.53 s
[ 9958/26691] TestGemUtil#test_correct_for_windows_path = 0.48 s
[ 9959/26691] TestGemUtil#test_glob_files_in_dir = 0.52 s
[ 9960/26691] TestGemUtil#test_class_popen = 8.07 s
[ 9961/26691] TestGemUtil#test_silent_system = 8.38 s
[ 9962/26691] Prism::CommentsTest#test_comment_inline = 0.04 s
[ 9963/26691] Prism::CommentsTest#test_comment_embedded_document = 0.02 s
[ 9964/26691] Prism::CommentsTest#test_comment_embedded_document_with_content_on_same_line = 0.02 s
[ 9965/26691] Prism::CommentsTest#test_comment_inline_def = 0.02 s
[ 9966/26691] Prism::CommentsTest#test___END__ = 0.01 s
[ 9967/26691] Prism::CommentsTest#test_attaching_comments = 0.29 s
[ 9968/26691] Prism::CommentsTest#test___END__crlf = 0.01 s
[ 9969/26691] TestErbCommand#test_var = 3.05 s
[ 9970/26691] TestErbCommand#test_template_file_encoding = 3.19 s
[ 9971/26691] Prism::ImplicitArrayTest#test_constant_write_node = 0.02 s
[ 9972/26691] Prism::ImplicitArrayTest#test_global_variable_write_node = 0.01 s
[ 9973/26691] Prism::ImplicitArrayTest#test_call_node = 0.02 s
[ 9974/26691] Prism::ImplicitArrayTest#test_constant_path_write_node = 0.01 s
[ 9975/26691] Prism::ImplicitArrayTest#test_local_variable_write_node = 0.01 s
[ 9976/26691] Prism::ImplicitArrayTest#test_instance_variable_write_node = 0.01 s
[ 9977/26691] Prism::ImplicitArrayTest#test_multi_write_node = 0.01 s
[ 9978/26691] Prism::ImplicitArrayTest#test_class_variable_write_node = 0.01 s
[ 9979/26691] TestAllocation::ProcCall#test_anonymous_splat_and_anonymous_keyword_splat_parameters =
 12.19 s
[ 9980/26691] TestAllocation::ProcCall#test_required_parameter = 10.59 s
[ 9981/26691] TestAllocation::ProcCall#test_required_and_keyword_splat_parameter = 11.96 s
[ 9982/26691] TestAllocation::ProcCall#test_keyword_parameter = 10.94 s
[ 9983/26691] TestAllocation::ProcCall#test_no_parameters = 10.24 s
[ 9984/26691] TestAllocation::ProcCall#test_positional_splat_and_keyword_splat_parameter = 12.16 s
[ 9985/26691] TestAllocation::ProcCall#test_positional_splat_and_post_parameters = 11.69 s
[ 9986/26691] TestAllocation::ProcCall#test_keyword_splat_parameter = 10.95 s
[ 9987/26691] TestAllocation::ProcCall#test_optional_parameter = 10.66 s
[ 9988/26691] TestAllocation::ProcCall#test_required_and_positional_splat_parameters = 11.14 s
[ 9989/26691] TestAllocation::ProcCall#test_ruby2_keywords = 12.12 s
[ 9990/26691] TestAllocation::ProcCall#test_positional_splat_and_keyword_parameter = 12.23 s
[ 9991/26691] TestAllocation::ProcCall#test_required_positional_and_keyword_parameter = 11.97 s
[ 9992/26691] TestAllocation::ProcCall#test_keyword_and_keyword_splat_parameter = 10.75 s
[ 9993/26691] TestAllocation::ProcCall#test_no_array_allocation_with_splat_and_nonstatic_keywords =
11.43 s
[ 9994/26691] TestAllocation::ProcCall#test_positional_splat_parameter = 11.16 s
[ 9995/26691] Bug::Time::Test_New#test_timespec_now = 0.03 s
[ 9996/26691] Bug::Time::Test_New#test_nano_new = 0.02 s
[ 9997/26691] Bug::Time::Test_New#test_timespec_new = 0.05 s
[ 9998/26691] Reline::History::Test#test_ancestors = 0.03 s
[ 9999/26691] Reline::History::Test#test_delete_at = 0.37 s
[10000/26691] Reline::History::Test#test_to_s = 0.27 s
[10001/26691] Reline::History::Test#test_push__plural = 0.32 s
[10002/26691] Reline::History::Test#test_get = 0.30 s
[10003/26691] Reline::History::Test#test_delete_at__out_of_range = 0.31 s
[10004/26691] Reline::History::Test#test_set = 0.30 s
[10005/26691] Reline::History::Test#test_set__out_of_range = 0.31 s
[10006/26691] Reline::History::Test#test_each = 0.31 s
[10007/26691] Reline::History::Test#test_length = 0.28 s
[10008/26691] Reline::History::Test#test_push = 0.32 s
[10009/26691] Reline::History::Test#test_shift = 0.30 s
[10010/26691] Reline::History::Test#test_history_encoding_conversion = 0.28 s
[10011/26691] Reline::History::Test#test_pop = 0.30 s
[10012/26691] Reline::History::Test#test_empty_p = 0.27 s
[10013/26691] Reline::History::Test#test_push__operator = 0.29 s
[10014/26691] Reline::History::Test#test_get__negative = 0.28 s
[10015/26691] Reline::History::Test#test_get__out_of_range = 0.31 s
[10016/26691] Reline::History::Test#test_each__enumerator = 0.28 s
[10017/26691] Reline::History::Test#test_history_size_negative_unlimited = 0.28 s
[10018/26691] Reline::History::Test#test_history_size_zero = 0.27 s
[10019/26691] TestShiftJIS#test_code_to_mbclen = 0.02 s
[10020/26691] TestShiftJIS#test_mbc_case_fold = 0.01 s
[10021/26691] TestShiftJIS#test_property = 0.02 s
[10022/26691] TestGemCommandsMirrorCommand#test_execute = 0.55 s
[10023/26691] TestGCCompact::CompactMethodsNotImplemented#test_gc_latest_compact_info_not_implemente
d = 0.04 s
[10024/26691] TestGCCompact::CompactMethodsNotImplemented#test_gc_verify_compaction_references_not_i
mplemented = 0.03 s
[10025/26691] TestGCCompact::CompactMethodsNotImplemented#test_gc_auto_compact_get_not_implemented =
 0.03 s
[10026/26691] TestGCCompact::CompactMethodsNotImplemented#test_gc_auto_compact_set_not_implemented =
 0.03 s
[10027/26691] TestGCCompact::CompactMethodsNotImplemented#test_gc_compact_not_implemented = 0.03 s
[10028/26691] TestGemConsoleUI#test_output_can_be_captured_by_test_unit = 0.63 s
[10029/26691] Test_StrEncAssociate#test_dummy_encoding_index_CP50221 = 9.09 s
[10030/26691] Test_StrEncAssociate#test_dummy_encoding_index_ISO_2022_JP = 9.06 s
[10031/26691] Test_StrEncAssociate#test_frozen = 0.02 s
[10032/26691] Test_StrEncAssociate#test_dummy_encoding_index_UTF_16 = 9.06 s
[10033/26691] Test_StrEncAssociate#test_dummy_encoding_index_UTF_7 = 9.04 s
[10034/26691] Test_StrEncAssociate#test_dummy_encoding_index_UTF_32 = 9.05 s
[10035/26691] Test_StrEncAssociate#test_dummy_encoding_index_ISO_2022_JP_KDDI = 8.99 s
[10036/26691] Test_StrEncAssociate#test_dummy_encoding_index_ISO_2022_JP_2 = 9.05 s
[10037/26691] Test_StrEncAssociate#test_dummy_encoding_index_IBM037 = 9.06 s
[10038/26691] Test_StrEncAssociate#test_dummy_encoding_index_CP50220 = 9.04 s
[10039/26691] TestGemCommandsDependencyCommand#test_execute_regexp = 1.32 s
[10040/26691] TestGemCommandsDependencyCommand#test_execute_remote = 1.43 s
[10041/26691] TestGemCommandsDependencyCommand#test_execute_no_args = 1.44 s
[10042/26691] TestGemCommandsDependencyCommand#test_execute_remote_version = 1.26 s
[10043/26691] TestGemCommandsDependencyCommand#test_execute_reverse_remote = 0.72 s
[10044/26691] TestGemCommandsDependencyCommand#test_execute_prerelease = 1.16 s
[10045/26691] TestGemCommandsDependencyCommand#test_execute_reverse = 0.91 s
[10046/26691] TestGemCommandsDependencyCommand#test_execute_no_match = 0.73 s
[10047/26691] TestGemCommandsDependencyCommand#test_execute_pipe_format = 1.07 s
[10048/26691] TestGemCommandsDependencyCommand#test_execute = 0.84 s
[10049/26691] TestIRB::MultiIRBTest#test_jobs_command_with_print_deprecated_warning = 0.05 s
[10050/26691] TestIRB::MultiIRBTest#test_irb_fg_jobs_and_kill_commands = 0.04 s
[10051/26691] TestIRB::MultiIRBTest#test_irb_jobs_and_kill_commands = 0.04 s
[10052/26691] TestTRICK2015#test_monae = 4.34 s
[10053/26691] TestTRICK2015#test_ksk_2 = 2.54 s
[10054/26691] TestTRICK2015#test_eregon = 8.06 s
[10055/26691] TestTRICK2015#test_kinaba = 310.01 s
[10056/26691] TestTRICK2015#test_ksk_1 = 13.68 s
[10057/26691] TestDefined#test_respond_to = 0.04 s
[10058/26691] TestDefined#test_defined_local_variable = 0.01 s
[10059/26691] TestDefined#test_defined_refined_vcall_with_using = 0.01 s
[10060/26691] TestDefined#test_defined_refined_call_with_using = 0.01 s
[10061/26691] TestDefined#test_defined_undefined_argument = 0.01 s
[10062/26691] TestDefined#test_defined_global_variable = 0.01 s
[10063/26691] TestDefined#test_super_in_block = 0.02 s
[10064/26691] TestDefined#test_defined_refined_call_without_using = 0.01 s
[10065/26691] TestDefined#test_defined_method = 0.05 s
[10066/26691] TestDefined#test_defined_empty_paren_expr = 0.03 s
[10067/26691] TestDefined#test_defined_splat = 0.01 s
[10068/26691] TestDefined#test_defined_attrasgn = 0.01 s
[10069/26691] TestDefined#test_defined_refined_vcall_without_using = 0.01 s
[10070/26691] TestDefined#test_top_level_constant_not_defined = 0.01 s
[10071/26691] TestDefined#test_defined_undef = 0.01 s
[10072/26691] TestDefined#test_defined_impl_specific = 0.01 s
[10073/26691] TestDefined#test_defined_constant = 0.01 s
[10074/26691] TestDefined#test_defined_private_method = 0.01 s
[10075/26691] TestDefined#test_defined_hash = 0.03 s
[10076/26691] TestDefined#test_super_toplevel = 8.98 s
[10077/26691] TestDefined#test_exception = 0.01 s
[10078/26691] TestDefined#test_super_in_basic_object = 0.01 s
[10079/26691] TestDefined#test_defined_matchdata = 0.03 s
[10080/26691] TestDefined#test_autoloaded_noload = 0.16 s
[10081/26691] TestDefined#test_define_method = 0.02 s
[10082/26691] TestDefined#test_method_by_respond_to_missing = 0.02 s
[10083/26691] TestDefined#test_defined_protected_method = 0.01 s
[10084/26691] TestDefined#test_defined_operator = 0.01 s
[10085/26691] TestDefined#test_defined_undefined_method = 0.01 s
[10086/26691] TestDefined#test_defined_assignment = 0.03 s
[10087/26691] TestDefined#test_defined_method_single_call = 0.03 s
[10088/26691] TestDefined#test_defined_empty_paren_arg = 0.01 s
[10089/26691] TestDefined#test_defined_yield = 0.01 s
[10090/26691] TestDefined#test_super_in_included_method = 0.01 s
[10091/26691] TestDefined#test_defined_literal = 0.01 s
[10092/26691] TestDefined#test_autoloaded_subclass = 0.01 s
[10093/26691] TestDefined#test_defined_public_method = 0.01 s
[10094/26691] TestFlip#test_shared_thread = 0.04 s
[10095/26691] TestFlip#test_input_line_number_range = 0.07 s
[10096/26691] TestFlip#test_shared_eval = 0.02 s
[10097/26691] TestFlip#test_flip_flop = 0.02 s
[10098/26691] TestFlip#test_hidden_key = 6.20 s
[10099/26691] Prism::NodeIdTest#"test_global_variables.txt" = 0.08 s
[10100/26691] Prism::NodeIdTest#"test_whitequark/space_args_block.txt" = 0.02 s
[10101/26691] Prism::NodeIdTest#"test_seattlerb/parse_line_defn_complex.txt" = 0.03 s
[10102/26691] Prism::NodeIdTest#"test_seattlerb/iter_args_7_2.txt" = 0.02 s
[10103/26691] Prism::NodeIdTest#"test_seattlerb/call_assoc_new.txt" = 0.02 s
[10104/26691] Prism::NodeIdTest#"test_seattlerb/safe_calls.txt" = 0.02 s
[10105/26691] Prism::NodeIdTest#"test_whitequark/send_index_legacy.txt" = 0.02 s
[10106/26691] Prism::NodeIdTest#"test_whitequark/space_args_arg_block.txt" = 0.03 s
[10107/26691] Prism::NodeIdTest#"test_seattlerb/block_call_defn_call_block_call.txt" = 0.02 s
[10108/26691] Prism::NodeIdTest#"test_whitequark/bug_lambda_leakage.txt" = 0.02 s
[10109/26691] Prism::NodeIdTest#"test_seattlerb/mlhs_front_anonsplat.txt" = 0.02 s
[10110/26691] Prism::NodeIdTest#"test_seattlerb/const_op_asgn_and1.txt" = 0.02 s
[10111/26691] Prism::NodeIdTest#"test_seattlerb/parse_line_str_with_newline_escape.txt" = 0.02 s
[10112/26691] Prism::NodeIdTest#"test_whitequark/ruby_bug_11107.txt" = 0.02 s
[10113/26691] Prism::NodeIdTest#"test_whitequark/args_args_assocs.txt" = 0.03 s
[10114/26691] Prism::NodeIdTest#"test_seattlerb/defn_arg_asplat_arg.txt" = 0.02 s
[10115/26691] Prism::NodeIdTest#"test_seattlerb/defn_kwarg_env.txt" = 0.02 s
[10116/26691] Prism::NodeIdTest#"test_methods.txt" = 0.26 s
[10117/26691] Prism::NodeIdTest#"test_whitequark/hash_hashrocket.txt" = 0.02 s
[10118/26691] Prism::NodeIdTest#"test_seattlerb/defs_oneliner_rescue.txt" = 0.04 s
[10119/26691] Prism::NodeIdTest#"test_unparser/corpus/literal/kwbegin.txt" = 0.08 s
[10120/26691] Prism::NodeIdTest#"test_xstring_with_backslash.txt" = 0.02 s
[10121/26691] Prism::NodeIdTest#"test_until.txt" = 0.04 s
[10122/26691] Prism::NodeIdTest#"test_seattlerb/index_0_opasgn.txt" = 0.02 s
[10123/26691] Prism::NodeIdTest#"test_whitequark/forwarded_argument_with_restarg.txt" = 0.02 s
[10124/26691] Prism::NodeIdTest#"test_seattlerb/block_args_opt1.txt" = 0.02 s
[10125/26691] Prism::NodeIdTest#"test_lambda.txt" = 0.05 s
[10126/26691] Prism::NodeIdTest#"test_seattlerb/block_kwarg_lvar.txt" = 0.02 s
[10127/26691] Prism::NodeIdTest#"test_seattlerb/masgn_arg_colon_arg.txt" = 0.02 s
[10128/26691] Prism::NodeIdTest#"test_seattlerb/defn_oneliner_eq2.txt" = 0.02 s
[10129/26691] Prism::NodeIdTest#"test_seattlerb/parse_if_not_noncanonical.txt" = 0.02 s
[10130/26691] Prism::NodeIdTest#"test_seattlerb/f_kw__required.txt" = 0.02 s
[10131/26691] Prism::NodeIdTest#"test_seattlerb/bug_cond_pct.txt" = 0.02 s
[10132/26691] Prism::NodeIdTest#"test_whitequark/bang_cmd.txt" = 0.02 s
[10133/26691] Prism::NodeIdTest#"test_seattlerb/rescue_do_end_ensure_result.txt" = 0.02 s
[10134/26691] Prism::NodeIdTest#"test_seattlerb/case_in_86.txt" = 0.03 s
[10135/26691] Prism::NodeIdTest#"test_seattlerb/dstr_lex_state.txt" = 0.02 s
[10136/26691] Prism::NodeIdTest#"test_whitequark/super.txt" = 0.02 s
[10137/26691] Prism::NodeIdTest#"test_seattlerb/cond_unary_minus.txt" = 0.02 s
[10138/26691] Prism::NodeIdTest#"test_whitequark/not_masgn__24.txt" = 0.02 s
[10139/26691] Prism::NodeIdTest#"test_whitequark/hash_label.txt" = 0.02 s
[10140/26691] Prism::NodeIdTest#"test_seattlerb/heredoc_squiggly_empty.txt" = 0.02 s
[10141/26691] Prism::NodeIdTest#"test_seattlerb/iter_kwarg.txt" = 0.02 s
[10142/26691] Prism::NodeIdTest#"test_seattlerb/qw_escape_term.txt" = 0.02 s
[10143/26691] Prism::NodeIdTest#"test_seattlerb/block_splat_reg.txt" = 0.02 s
[10144/26691] Prism::NodeIdTest#"test_seattlerb/thingy.txt" = 0.02 s
[10145/26691] Prism::NodeIdTest#"test_seattlerb/masgn_arg_splat_arg.txt" = 0.02 s
[10146/26691] Prism::NodeIdTest#"test_seattlerb/parse_while_not_noncanonical.txt" = 0.02 s
[10147/26691] Prism::NodeIdTest#"test_seattlerb/pipe_space.txt" = 0.02 s
[10148/26691] Prism::NodeIdTest#"test_strings.txt" = 0.10 s
[10149/26691] Prism::NodeIdTest#"test_seattlerb/bug_249.txt" = 0.02 s
[10150/26691] Prism::NodeIdTest#"test_seattlerb/dot2_nil__26.txt" = 0.02 s
[10151/26691] Prism::NodeIdTest#"test_seattlerb/defn_kwarg_kwsplat_anon.txt" = 0.02 s
[10152/26691] Prism::NodeIdTest#"test_heredoc_with_trailing_newline.txt" = 0.02 s
[10153/26691] Prism::NodeIdTest#"test_whitequark/parser_bug_507.txt" = 0.02 s
[10154/26691] Prism::NodeIdTest#"test_seattlerb/begin_ensure_no_bodies.txt" = 0.02 s
[10155/26691] Prism::NodeIdTest#"test_seattlerb/defn_oneliner.txt" = 0.02 s
[10156/26691] Prism::NodeIdTest#"test_seattlerb/parse_line_dot2_open.txt" = 0.02 s
[10157/26691] Prism::NodeIdTest#"test_whitequark/var_or_asgn.txt" = 0.02 s
[10158/26691] Prism::NodeIdTest#"test_seattlerb/bug_args_masgn_outer_parens__19.txt" = 0.02 s
[10159/26691] Prism::NodeIdTest#"test_unparser/corpus/literal/send.txt" = 0.23 s
[10160/26691] Prism::NodeIdTest#"test_seattlerb/in_expr_no_case.txt" = 0.02 s
[10161/26691] Prism::NodeIdTest#"test_seattlerb/rhs_asgn.txt" = 0.02 s
[10162/26691] Prism::NodeIdTest#"test_seattlerb/difficult7_.txt" = 0.02 s
[10163/26691] Prism::NodeIdTest#"test_newline_terminated.txt" = 0.03 s
[10164/26691] Prism::NodeIdTest#"test_seattlerb/method_call_trailing_comma.txt" = 0.02 s
[10165/26691] Prism::NodeIdTest#"test_seattlerb/safe_call_newline.txt" = 0.02 s
[10166/26691] Prism::NodeIdTest#"test_seattlerb/difficult3__9.txt" = 0.02 s
[10167/26691] Prism::NodeIdTest#"test_whitequark/optarg.txt" = 0.02 s
[10168/26691] Prism::NodeIdTest#"test_whitequark/slash_newline_in_heredocs.txt" = 0.02 s
[10169/26691] Prism::NodeIdTest#"test_whitequark/sclass.txt" = 0.02 s
[10170/26691] Prism::NodeIdTest#"test_seattlerb/defn_kwarg_lvar.txt" = 0.02 s
[10171/26691] Prism::NodeIdTest#"test_seattlerb/parse_line_call_no_args.txt" = 0.02 s
[10172/26691] Prism::NodeIdTest#"test_whitequark/dedenting_heredoc.txt" = 0.07 s
[10173/26691] Prism::NodeIdTest#"test_seattlerb/case_in_find.txt" = 0.02 s
[10174/26691] Prism::NodeIdTest#"test_seattlerb/qwords_empty.txt" = 0.01 s
[10175/26691] Prism::NodeIdTest#"test_whitequark/cvar.txt" = 0.02 s
[10176/26691] Prism::NodeIdTest#"test_seattlerb/bug_215.txt" = 0.02 s
[10177/26691] Prism::NodeIdTest#"test_whitequark/send_index_asgn.txt" = 0.02 s
[10178/26691] Prism::NodeIdTest#"test_ternary_operator.txt" = 0.05 s
[10179/26691] Prism::NodeIdTest#"test_seattlerb/parse_if_not_canonical.txt" = 0.02 s
[10180/26691] Prism::NodeIdTest#"test_seattlerb/qWords_space.txt" = 0.02 s
[10181/26691] Prism::NodeIdTest#"test_boolean_operators.txt" = 0.02 s
[10182/26691] Prism::NodeIdTest#"test_seattlerb/block_arg_opt_arg_block.txt" = 0.02 s
[10183/26691] Prism::NodeIdTest#"test_whitequark/string_concat.txt" = 0.02 s
[10184/26691] Prism::NodeIdTest#"test_whitequark/masgn_nested.txt" = 0.03 s
[10185/26691] Prism::NodeIdTest#"test_nils.txt" = 0.02 s
[10186/26691] Prism::NodeIdTest#"test_seattlerb/dot3_nil__26.txt" = 0.02 s
[10187/26691] Prism::NodeIdTest#"test_seattlerb/dstr_evstr.txt" = 0.02 s
[10188/26691] Prism::NodeIdTest#"test_whitequark/forwarded_restarg.txt" = 0.02 s
[10189/26691] Prism::NodeIdTest#"test_whitequark/class_super_label.txt" = 0.02 s
[10190/26691] Prism::NodeIdTest#"test_whitequark/send_index.txt" = 0.02 s
[10191/26691] Prism::NodeIdTest#"test_seattlerb/block_command_operation_dot.txt" = 0.02 s
[10192/26691] Prism::NodeIdTest#"test_seattlerb/heredoc_with_extra_carriage_horrible_mix.txt" = 0.02
 s
[10193/26691] Prism::NodeIdTest#"test_unparser/corpus/semantic/block.txt" = 0.04 s
[10194/26691] Prism::NodeIdTest#"test_whitequark/ruby_bug_14690.txt" = 0.02 s
[10195/26691] Prism::NodeIdTest#"test_range_end_open_exclusive.txt" = 0.02 s
[10196/26691] Prism::NodeIdTest#"test_seattlerb/case_in_else.txt" = 0.02 s
[10197/26691] Prism::NodeIdTest#"test_heredocs_with_ignored_newlines.txt" = 0.02 s
[10198/26691] Prism::NodeIdTest#"test_dsym_str.txt" = 0.02 s
[10199/26691] Prism::NodeIdTest#"test_next.txt" = 0.06 s
[10200/26691] Prism::NodeIdTest#"test_whitequark/op_asgn_index_cmd.txt" = 0.02 s
[10201/26691] Prism::NodeIdTest#"test_whitequark/bug_cmd_string_lookahead.txt" = 0.02 s
[10202/26691] Prism::NodeIdTest#"test_seattlerb/call_not.txt" = 0.02 s
[10203/26691] Prism::NodeIdTest#"test_seattlerb/call_trailing_comma.txt" = 0.02 s
[10204/26691] Prism::NodeIdTest#"test_dstring.txt" = 0.03 s
[10205/26691] Prism::NodeIdTest#"test_whitequark/send_op_asgn_conditional.txt" = 0.02 s
[10206/26691] Prism::NodeIdTest#"test_seattlerb/integer_with_if_modifier.txt" = 0.02 s
[10207/26691] Prism::NodeIdTest#"test_unparser/corpus/literal/since/30.txt" = 0.03 s
[10208/26691] Prism::NodeIdTest#"test_seattlerb/block_decomp_anon_splat_arg.txt" = 0.02 s
[10209/26691] Prism::NodeIdTest#"test_seattlerb/regexp_esc_C_slash.txt" = 0.02 s
[10210/26691] Prism::NodeIdTest#"test_unless.txt" = 0.04 s
[10211/26691] Prism::NodeIdTest#"test_whitequark/hash_empty.txt" = 0.02 s
[10212/26691] Prism::NodeIdTest#"test_seattlerb/call_env.txt" = 0.02 s
[10213/26691] Prism::NodeIdTest#"test_seattlerb/defn_oneliner_noargs_parentheses.txt" = 0.02 s
[10214/26691] Prism::NodeIdTest#"test_seattlerb/masgn_splat_arg.txt" = 0.02 s
[10215/26691] Prism::NodeIdTest#"test_seattlerb/masgn_anon_splat_arg.txt" = 0.02 s
[10216/26691] Prism::NodeIdTest#"test_seattlerb/iter_args_9_2.txt" = 0.02 s
[10217/26691] Prism::NodeIdTest#"test_seattlerb/call_unary_bang.txt" = 0.02 s
[10218/26691] Prism::NodeIdTest#"test_whitequark/zsuper.txt" = 0.02 s
[10219/26691] Prism::NodeIdTest#"test_whitequark/trailing_forward_arg.txt" = 0.02 s
[10220/26691] Prism::NodeIdTest#"test_whitequark/bug_cmdarg.txt" = 0.03 s
[10221/26691] Prism::NodeIdTest#"test_seattlerb/parse_def_special_name.txt" = 0.02 s
[10222/26691] Prism::NodeIdTest#"test_seattlerb/multiline_hash_declaration.txt" = 0.03 s
[10223/26691] Prism::NodeIdTest#"test_seattlerb/block_arg_opt_splat.txt" = 0.02 s
[10224/26691] Prism::NodeIdTest#"test_spanning_heredoc.txt" = 0.07 s
[10225/26691] Prism::NodeIdTest#"test_whitequark/character.txt" = 0.02 s
[10226/26691] Prism::NodeIdTest#"test_whitequark/ambiuous_quoted_label_in_ternary_operator.txt" = 0.
02 s
[10227/26691] Prism::NodeIdTest#"test_whitequark/nil_expression.txt" = 0.02 s
[10228/26691] Prism::NodeIdTest#"test_unparser/corpus/literal/assignment.txt" = 0.16 s
[10229/26691] Prism::NodeIdTest#"test_seattlerb/call_colon_parens.txt" = 0.02 s
[10230/26691] Prism::NodeIdTest#"test_whitequark/send_block_chain_cmd.txt" = 0.05 s
[10231/26691] Prism::NodeIdTest#"test_whitequark/args_star.txt" = 0.02 s
[10232/26691] Prism::NodeIdTest#"test_unparser/corpus/literal/opasgn.txt" = 0.07 s
[10233/26691] Prism::NodeIdTest#"test_seattlerb/defn_endless_command_rescue.txt" = 0.02 s
[10234/26691] Prism::NodeIdTest#"test_seattlerb/alias_resword.txt" = 0.02 s
[10235/26691] Prism::NodeIdTest#"test_symbols.txt" = 0.08 s
[10236/26691] Prism::NodeIdTest#"test_whitequark/args_args_star.txt" = 0.02 s
[10237/26691] Prism::NodeIdTest#"test_whitequark/ivar.txt" = 0.02 s
[10238/26691] Prism::NodeIdTest#"test_seattlerb/block_decomp_arg_splat.txt" = 0.02 s
[10239/26691] Prism::NodeIdTest#"test_not.txt" = 0.04 s
[10240/26691] Prism::NodeIdTest#"test_seattlerb/bug_hash_interp_array.txt" = 0.02 s
[10241/26691] Prism::NodeIdTest#"test_whitequark/xstring_plain.txt" = 0.01 s
[10242/26691] Prism::NodeIdTest#"test_seattlerb/masgn_colon3.txt" = 0.02 s
[10243/26691] Prism::NodeIdTest#"test_whitequark/bug_481.txt" = 0.02 s
[10244/26691] Prism::NodeIdTest#"test_seattlerb/iter_args_11_1.txt" = 0.02 s
[10245/26691] Prism::NodeIdTest#"test_whitequark/non_lvar_injecting_match.txt" = 0.02 s
[10246/26691] Prism::NodeIdTest#"test_repeat_parameters.txt" = 0.07 s
[10247/26691] Prism::NodeIdTest#"test_seattlerb/difficult2_.txt" = 0.02 s
[10248/26691] Prism::NodeIdTest#"test_unparser/corpus/literal/class.txt" = 0.04 s
[10249/26691] Prism::NodeIdTest#"test_whitequark/rescue.txt" = 0.02 s
[10250/26691] Prism::NodeIdTest#"test_whitequark/array_words_interp.txt" = 0.02 s
[10251/26691] Prism::NodeIdTest#"test_whitequark/ruby_bug_15789.txt" = 0.03 s
[10252/26691] Prism::NodeIdTest#"test_whitequark/casgn_toplevel.txt" = 0.02 s
[10253/26691] Prism::NodeIdTest#"test_whitequark/dedenting_interpolating_heredoc_fake_line_continuat
ion.txt" = 0.02 s
[10254/26691] Prism::NodeIdTest#"test_seattlerb/difficult3__12.txt" = 0.02 s
[10255/26691] Prism::NodeIdTest#"test_seattlerb/bug_not_parens.txt" = 0.02 s
[10256/26691] Prism::NodeIdTest#"test_whitequark/args_args_assocs_comma.txt" = 0.02 s
[10257/26691] Prism::NodeIdTest#"test_seattlerb/block_decomp_arg_splat_arg.txt" = 0.02 s
[10258/26691] Prism::NodeIdTest#"test_seattlerb/parse_pattern_076.txt" = 0.03 s
[10259/26691] Prism::NodeIdTest#"test_heredoc_with_carriage_returns.txt" = 0.02 s
[10260/26691] Prism::NodeIdTest#"test_seattlerb/uminus_float.txt" = 0.02 s
[10261/26691] Prism::NodeIdTest#"test_whitequark/regex_interp.txt" = 0.02 s
[10262/26691] Prism::NodeIdTest#"test_whitequark/if_masgn__24.txt" = 0.02 s
[10263/26691] Prism::NodeIdTest#"test_seattlerb/pipe_semicolon.txt" = 0.02 s
[10264/26691] Prism::NodeIdTest#"test_seattlerb/difficult6__7.txt" = 0.02 s
[10265/26691] Prism::NodeIdTest#"test_seattlerb/eq_begin_line_numbers.txt" = 0.02 s
[10266/26691] Prism::NodeIdTest#"test_seattlerb/defn_kwarg_val.txt" = 0.02 s
[10267/26691] Prism::NodeIdTest#"test_unparser/corpus/literal/range.txt" = 0.02 s
[10268/26691] Prism::NodeIdTest#"test_seattlerb/call_div.txt" = 0.02 s
[10269/26691] Prism::NodeIdTest#"test_seattlerb/rescue_do_end_rescued.txt" = 0.03 s
[10270/26691] Prism::NodeIdTest#"test_unparser/corpus/literal/dstr.txt" = 0.06 s
[10271/26691] Prism::NodeIdTest#"test_dash_heredocs.txt" = 0.05 s
[10272/26691] Prism::NodeIdTest#"test_whitequark/arg_label.txt" = 0.03 s
[10273/26691] Prism::NodeIdTest#"test_seattlerb/case_in_array_pat_paren_assign.txt" = 0.02 s
[10274/26691] Prism::NodeIdTest#"test_seattlerb/bug169.txt" = 0.02 s
[10275/26691] Prism::NodeIdTest#"test_whitequark/send_attr_asgn.txt" = 0.02 s
[10276/26691] Prism::NodeIdTest#"test_whitequark/casgn_scoped.txt" = 0.02 s
[10277/26691] Prism::NodeIdTest#"test_unparser/corpus/literal/undef.txt" = 0.02 s
[10278/26691] Prism::NodeIdTest#"test_whitequark/defined.txt" = 0.02 s
[10279/26691] Prism::NodeIdTest#"test_unparser/corpus/literal/empty_begin.txt" = 0.02 s
[10280/26691] Prism::NodeIdTest#"test_whitequark/rescue_without_begin_end.txt" = 0.02 s
[10281/26691] Prism::NodeIdTest#"test_whitequark/send_lambda_args_shadow.txt" = 0.02 s
[10282/26691] Prism::NodeIdTest#"test_whitequark/if_nl_then.txt" = 0.02 s
[10283/26691] Prism::NodeIdTest#"test_seattlerb/unary_plus.txt" = 0.02 s
[10284/26691] Prism::NodeIdTest#"test_xstring.txt" = 0.02 s
[10285/26691] Prism::NodeIdTest#"test_whitequark/ruby_bug_11380.txt" = 0.02 s
[10286/26691] Prism::NodeIdTest#"test_seattlerb/difficult1_line_numbers.txt" = 0.04 s
[10287/26691] Prism::NodeIdTest#"test_whitequark/for.txt" = 0.03 s
[10288/26691] Prism::NodeIdTest#"test_seattlerb/str_backslashes.txt" = 0.02 s
[10289/26691] Prism::NodeIdTest#"test_seattlerb/parse_until_not_noncanonical.txt" = 0.02 s
[10290/26691] Prism::NodeIdTest#"test_seattlerb/parse_line_multiline_str_literal_n.txt" = 0.02 s
[10291/26691] Prism::NodeIdTest#"test_seattlerb/rescue_do_end_no_raise.txt" = 0.02 s
[10292/26691] Prism::NodeIdTest#"test_whitequark/send_index_cmd.txt" = 0.02 s
[10293/26691] Prism::NodeIdTest#"test_seattlerb/heredoc_backslash_nl.txt" = 0.02 s
[10294/26691] Prism::NodeIdTest#"test_seattlerb/attrasgn_array_lhs.txt" = 0.02 s
[10295/26691] Prism::NodeIdTest#"test_whitequark/lparenarg_after_lvar__since_25.txt" = 0.02 s
[10296/26691] Prism::NodeIdTest#"test_seattlerb/dsym_to_sym.txt" = 0.02 s
[10297/26691] Prism::NodeIdTest#"test_arrays.txt" = 0.19 s
[10298/26691] Prism::NodeIdTest#"test_seattlerb/op_asgn_primary_colon_identifier1.txt" = 0.02 s
[10299/26691] Prism::NodeIdTest#"test_seattlerb/str_double_escaped_newline.txt" = 0.02 s
[10300/26691] Prism::NodeIdTest#"test_whitequark/bug_do_block_in_call_args.txt" = 0.02 s
[10301/26691] Prism::NodeIdTest#"test_seattlerb/call_stabby_do_end_with_block.txt" = 0.02 s
[10302/26691] Prism::NodeIdTest#"test_seattlerb/begin_rescue_else_ensure_no_bodies.txt" = 0.02 s
[10303/26691] Prism::NodeIdTest#"test_whitequark/cond_begin.txt" = 0.02 s
[10304/26691] Prism::NodeIdTest#"test_unparser/corpus/literal/hookexe.txt" = 0.02 s
[10305/26691] Prism::NodeIdTest#"test_seattlerb/parse_line_rescue.txt" = 0.02 s
[10306/26691] Prism::NodeIdTest#"test_whitequark/array_words.txt" = 0.02 s
[10307/26691] Prism::NodeIdTest#"test_seattlerb/BEGIN.txt" = 0.02 s
[10308/26691] Prism::NodeIdTest#"test_seattlerb/mlhs_keyword.txt" = 0.02 s
[10309/26691] Prism::NodeIdTest#"test_seattlerb/heredoc_trailing_slash_continued_call.txt" = 0.02 s
[10310/26691] Prism::NodeIdTest#"test_whitequark/rescue_mod_asgn.txt" = 0.02 s
[10311/26691] Prism::NodeIdTest#"test_whitequark/arg_duplicate_ignored.txt" = 0.02 s
[10312/26691] Prism::NodeIdTest#"test_seattlerb/defs_kwarg.txt" = 0.02 s
[10313/26691] Prism::NodeIdTest#"test_seattlerb/iter_args_4.txt" = 0.02 s
[10314/26691] Prism::NodeIdTest#"test_whitequark/true.txt" = 0.02 s
[10315/26691] Prism::NodeIdTest#"test_seattlerb/qw_escape.txt" = 0.02 s
[10316/26691] Prism::NodeIdTest#"test_seattlerb/op_asgn_primary_colon_const_command_call.txt" = 0.02
 s
[10317/26691] Prism::NodeIdTest#"test_seattlerb/masgn_splat_arg_arg.txt" = 0.02 s
[10318/26691] Prism::NodeIdTest#"test_whitequark/send_plain_cmd.txt" = 0.02 s
[10319/26691] Prism::NodeIdTest#"test_whitequark/when_then.txt" = 0.02 s
[10320/26691] Prism::NodeIdTest#"test_whitequark/keyword_argument_omission.txt" = 0.02 s
[10321/26691] Prism::NodeIdTest#"test_whitequark/symbol_plain.txt" = 0.02 s
[10322/26691] Prism::NodeIdTest#"test_seattlerb/unary_plus_on_literal.txt" = 0.02 s
[10323/26691] Prism::NodeIdTest#"test_whitequark/rescue_mod_masgn.txt" = 0.02 s
[10324/26691] Prism::NodeIdTest#"test_seattlerb/call_array_lit_inline_hash.txt" = 0.02 s
[10325/26691] Prism::NodeIdTest#"test_seattlerb/str_newline_hash_line_number.txt" = 0.02 s
[10326/26691] Prism::NodeIdTest#"test_whitequark/bang.txt" = 0.02 s
[10327/26691] Prism::NodeIdTest#"test_seattlerb/difficult3_3.txt" = 0.02 s
[10328/26691] Prism::NodeIdTest#"test_heredocs_with_ignored_newlines_and_non_empty.txt" = 0.02 s
[10329/26691] Prism::NodeIdTest#"test_seattlerb/defn_forward_args__no_parens.txt" = 0.02 s
[10330/26691] Prism::NodeIdTest#"test_whitequark/if.txt" = 0.02 s
[10331/26691] Prism::NodeIdTest#"test_whitequark/pattern_matching_single_line_allowed_omission_of_pa
rentheses.txt" = 0.05 s
[10332/26691] Prism::NodeIdTest#"test_whitequark/__ENCODING__.txt" = 0.02 s
[10333/26691] Prism::NodeIdTest#"test_whitequark/unless_else.txt" = 0.02 s
[10334/26691] Prism::NodeIdTest#"test_seattlerb/defn_kwarg_kwarg.txt" = 0.02 s
[10335/26691] Prism::NodeIdTest#"test_seattlerb/block_call_dot_op2_cmd_args_do_block.txt" = 0.03 s
[10336/26691] Prism::NodeIdTest#"test_integer_operations.txt" = 0.10 s
[10337/26691] Prism::NodeIdTest#"test_seattlerb/block_arg_kwsplat.txt" = 0.02 s
[10338/26691] Prism::NodeIdTest#"test_whitequark/and_asgn.txt" = 0.02 s
[10339/26691] Prism::NodeIdTest#"test_seattlerb/case_in_array_pat_const2.txt" = 0.02 s
[10340/26691] Prism::NodeIdTest#"test_whitequark/when_multi.txt" = 0.02 s
[10341/26691] Prism::NodeIdTest#"test_seattlerb/symbols.txt" = 0.02 s
[10342/26691] Prism::NodeIdTest#"test_seattlerb/parse_line_iter_call_parens.txt" = 0.02 s
[10343/26691] Prism::NodeIdTest#"test_seattlerb/heredoc_nested.txt" = 0.02 s
[10344/26691] Prism::NodeIdTest#"test_whitequark/args_args_comma.txt" = 0.02 s
[10345/26691] Prism::NodeIdTest#"test_seattlerb/safe_op_asgn.txt" = 0.02 s
[10346/26691] Prism::NodeIdTest#"test_whitequark/array_words_empty.txt" = 0.02 s
[10347/26691] Prism::NodeIdTest#"test_keywords.txt" = 0.02 s
[10348/26691] Prism::NodeIdTest#"test_whitequark/hash_label_end.txt" = 0.03 s
[10349/26691] Prism::NodeIdTest#"test_whitequark/send_self_block.txt" = 0.02 s
[10350/26691] Prism::NodeIdTest#"test_range_end_open_inclusive.txt" = 0.02 s
[10351/26691] Prism::NodeIdTest#"test_seattlerb/stabby_block_kw__required.txt" = 0.02 s
[10352/26691] Prism::NodeIdTest#"test_seattlerb/bug_hash_args_trailing_comma.txt" = 0.02 s
[10353/26691] Prism::NodeIdTest#"test_seattlerb/quoted_symbol_hash_arg.txt" = 0.02 s
[10354/26691] Prism::NodeIdTest#"test_seattlerb/difficult3__6.txt" = 0.02 s
[10355/26691] Prism::NodeIdTest#"test_whitequark/ruby_bug_12669.txt" = 0.03 s
[10356/26691] Prism::NodeIdTest#"test_whitequark/__ENCODING___legacy_.txt" = 0.02 s
[10357/26691] Prism::NodeIdTest#"test_whitequark/masgn_cmd.txt" = 0.02 s
[10358/26691] Prism::NodeIdTest#"test_defined.txt" = 0.03 s
[10359/26691] Prism::NodeIdTest#"test_whitequark/parser_bug_604.txt" = 0.02 s
[10360/26691] Prism::NodeIdTest#"test_whitequark/kwrestarg_unnamed.txt" = 0.02 s
[10361/26691] Prism::NodeIdTest#"test_seattlerb/heredoc_squiggly_blank_lines.txt" = 0.02 s
[10362/26691] Prism::NodeIdTest#"test_seattlerb/safe_call.txt" = 0.02 s
[10363/26691] Prism::NodeIdTest#"test_seattlerb/case_in_or.txt" = 0.02 s
[10364/26691] Prism::NodeIdTest#"test_whitequark/unless_mod.txt" = 0.02 s
[10365/26691] Prism::NodeIdTest#"test_whitequark/forward_arg_with_open_args.txt" = 0.07 s
[10366/26691] Prism::NodeIdTest#"test_whitequark/send_index_asgn_legacy.txt" = 0.02 s
[10367/26691] Prism::NodeIdTest#"test_heredocs_leading_whitespace.txt" = 0.02 s
[10368/26691] Prism::NodeIdTest#"test_seattlerb/rescue_do_end_raised.txt" = 0.02 s
[10369/26691] Prism::NodeIdTest#"test_seattlerb/begin_rescue_ensure_no_bodies.txt" = 0.02 s
[10370/26691] Prism::NodeIdTest#"test_whitequark/back_ref.txt" = 0.02 s
[10371/26691] Prism::NodeIdTest#"test_seattlerb/case_in_37.txt" = 0.02 s
[10372/26691] Prism::NodeIdTest#"test_seattlerb/parse_line_defn_no_parens_args.txt" = 0.02 s
[10373/26691] Prism::NodeIdTest#"test_whitequark/ternary.txt" = 0.02 s
[10374/26691] Prism::NodeIdTest#"test_seattlerb/words_interp.txt" = 0.02 s
[10375/26691] Prism::NodeIdTest#"test_seattlerb/call_bang_command_call.txt" = 0.02 s
[10376/26691] Prism::NodeIdTest#"test_whitequark/gvasgn.txt" = 0.02 s
[10377/26691] Prism::NodeIdTest#"test_seattlerb/symbols_interp.txt" = 0.02 s
[10378/26691] Prism::NodeIdTest#"test_seattlerb/parse_pattern_058.txt" = 0.02 s
[10379/26691] Prism::NodeIdTest#"test_seattlerb/assoc_label.txt" = 0.02 s
[10380/26691] Prism::NodeIdTest#"test_seattlerb/bug191.txt" = 0.03 s
[10381/26691] Prism::NodeIdTest#"test_seattlerb/defn_reg_opt_reg.txt" = 0.02 s
[10382/26691] Prism::NodeIdTest#"test_unparser/corpus/literal/rescue.txt" = 0.03 s
[10383/26691] Prism::NodeIdTest#"test_seattlerb/const_2_op_asgn_or2.txt" = 0.02 s
[10384/26691] Prism::NodeIdTest#"test_seattlerb/call_arg_assoc.txt" = 0.02 s
[10385/26691] Prism::NodeIdTest#"test_whitequark/while.txt" = 0.02 s
[10386/26691] Prism::NodeIdTest#"test_whitequark/kwnilarg.txt" = 0.02 s
[10387/26691] Prism::NodeIdTest#"test_whitequark/case_expr_else.txt" = 0.02 s
[10388/26691] Prism::NodeIdTest#"test_seattlerb/call_and.txt" = 0.02 s
[10389/26691] Prism::NodeIdTest#"test_seattlerb/block_paren_splat.txt" = 0.02 s
[10390/26691] Prism::NodeIdTest#"test_whitequark/self.txt" = 0.02 s
[10391/26691] Prism::NodeIdTest#"test_whitequark/and_or_masgn.txt" = 0.03 s
[10392/26691] Prism::NodeIdTest#"test_whitequark/postexe.txt" = 0.02 s
[10393/26691] Prism::NodeIdTest#"test_seattlerb/defn_opt_reg.txt" = 0.02 s
[10394/26691] Prism::NodeIdTest#"test_seattlerb/heredoc_with_only_carriage_returns.txt" = 0.02 s
[10395/26691] Prism::NodeIdTest#"test_method_calls.txt" = 0.28 s
[10396/26691] Prism::NodeIdTest#"test_seattlerb/call_colon2.txt" = 0.02 s
[10397/26691] Prism::NodeIdTest#"test_seattlerb/heredoc_squiggly_visually_blank_lines.txt" = 0.02 s
[10398/26691] Prism::NodeIdTest#"test_seattlerb/const_op_asgn_or.txt" = 0.02 s
[10399/26691] Prism::NodeIdTest#"test_seattlerb/heredoc_bad_oct_escape.txt" = 0.02 s
[10400/26691] Prism::NodeIdTest#"test_whitequark/if_mod.txt" = 0.02 s
[10401/26691] Prism::NodeIdTest#"test_seattlerb/defn_comments.txt" = 0.02 s
[10402/26691] Prism::NodeIdTest#"test_seattlerb/parse_line_to_ary.txt" = 0.02 s
[10403/26691] Prism::NodeIdTest#"test_whitequark/bug_rescue_empty_else.txt" = 0.02 s
[10404/26691] Prism::NodeIdTest#"test_whitequark/parser_bug_645.txt" = 0.02 s
[10405/26691] Prism::NodeIdTest#"test_emoji_method_calls.txt" = 0.02 s
[10406/26691] Prism::NodeIdTest#"test_whitequark/bug_regex_verification.txt" = 0.02 s
[10407/26691] Prism::NodeIdTest#"test_classes.txt" = 0.06 s
[10408/26691] Prism::NodeIdTest#"test_whitequark/masgn_splat.txt" = 0.05 s
[10409/26691] Prism::NodeIdTest#"test_whitequark/super_block.txt" = 0.02 s
[10410/26691] Prism::NodeIdTest#"test_seattlerb/parse_line_iter_call_no_parens.txt" = 0.02 s
[10411/26691] Prism::NodeIdTest#"test_whitequark/beginless_erange_after_newline.txt" = 0.02 s
[10412/26691] Prism::NodeIdTest#"test_seattlerb/lasgn_call_bracket_rescue_arg.txt" = 0.02 s
[10413/26691] Prism::NodeIdTest#"test_whitequark/ruby_bug_10653.txt" = 0.04 s
[10414/26691] Prism::NodeIdTest#"test_seattlerb/parse_line_dstr_escaped_newline.txt" = 0.02 s
[10415/26691] Prism::NodeIdTest#"test_seattlerb/difficult3__11.txt" = 0.02 s
[10416/26691] Prism::NodeIdTest#"test_seattlerb/bdot2.txt" = 0.02 s
[10417/26691] Prism::NodeIdTest#"test_seattlerb/label_vs_string.txt" = 0.02 s
[10418/26691] Prism::NodeIdTest#"test_whitequark/space_args_arg_call.txt" = 0.02 s
[10419/26691] Prism::NodeIdTest#"test_variables.txt" = 0.08 s
[10420/26691] Prism::NodeIdTest#"test_whitequark/endless_comparison_method.txt" = 0.04 s
[10421/26691] Prism::NodeIdTest#"test_regex_char_width.txt" = 0.02 s
[10422/26691] Prism::NodeIdTest#"test_seattlerb/case_in_42.txt" = 0.02 s
[10423/26691] Prism::NodeIdTest#"test_seattlerb/call_trailing_dots.txt" = 0.02 s
[10424/26691] Prism::NodeIdTest#"test_whitequark/parser_bug_525.txt" = 0.02 s
[10425/26691] Prism::NodeIdTest#"test_whitequark/forward_args_legacy.txt" = 0.03 s
[10426/26691] Prism::NodeIdTest#"test_seattlerb/block_call_operation_dot.txt" = 0.02 s
[10427/26691] Prism::NodeIdTest#"test_seattlerb/parse_line_trailing_newlines.txt" = 0.02 s
[10428/26691] Prism::NodeIdTest#"test_seattlerb/difficult3_4.txt" = 0.02 s
[10429/26691] Prism::NodeIdTest#"test_heredoc_with_escaped_newline_at_start.txt" = 0.02 s
[10430/26691] Prism::NodeIdTest#"test_seattlerb/iter_args_11_2.txt" = 0.02 s
[10431/26691] Prism::NodeIdTest#"test_whitequark/when_splat.txt" = 0.02 s
[10432/26691] Prism::NodeIdTest#"test_whitequark/blockargs.txt" = 0.17 s
[10433/26691] Prism::NodeIdTest#"test_whitequark/restarg_named.txt" = 0.02 s
[10434/26691] Prism::NodeIdTest#"test_indented_file_end.txt" = 0.02 s
[10435/26691] Prism::NodeIdTest#"test_whitequark/if_else.txt" = 0.03 s
[10436/26691] Prism::NodeIdTest#"test_whitequark/string_plain.txt" = 0.02 s
[10437/26691] Prism::NodeIdTest#"test_seattlerb/parse_until_not_canonical.txt" = 0.02 s
[10438/26691] Prism::NodeIdTest#"test_whitequark/lbrace_arg_after_command_args.txt" = 0.02 s
[10439/26691] Prism::NodeIdTest#"test_seattlerb/masgn_star.txt" = 0.02 s
[10440/26691] Prism::NodeIdTest#"test_seattlerb/iter_args_9_1.txt" = 0.02 s
[10441/26691] Prism::NodeIdTest#"test_seattlerb/mlhs_back_splat.txt" = 0.02 s
[10442/26691] Prism::NodeIdTest#"test_whitequark/ruby_bug_11873.txt" = 0.09 s
[10443/26691] Prism::NodeIdTest#"test_whitequark/endless_method.txt" = 0.03 s
[10444/26691] Prism::NodeIdTest#"test_seattlerb/parse_pattern_019.txt" = 0.02 s
[10445/26691] Prism::NodeIdTest#"test_seattlerb/iter_args_3.txt" = 0.02 s
[10446/26691] Prism::NodeIdTest#"test_whitequark/multiple_pattern_matches.txt" = 0.04 s
[10447/26691] Prism::NodeIdTest#"test_seattlerb/str_pct_q.txt" = 0.02 s
[10448/26691] Prism::NodeIdTest#"test_seattlerb/call_gt.txt" = 0.02 s
[10449/26691] Prism::NodeIdTest#"test_seattlerb/block_scope.txt" = 0.02 s
[10450/26691] Prism::NodeIdTest#"test_whitequark/string___FILE__.txt" = 0.02 s
[10451/26691] Prism::NodeIdTest#"test_tilde_heredocs.txt" = 0.07 s
[10452/26691] Prism::NodeIdTest#"test_whitequark/procarg0.txt" = 0.02 s
[10453/26691] Prism::NodeIdTest#"test_whitequark/const_unscoped.txt" = 0.02 s
[10454/26691] Prism::NodeIdTest#"test_whitequark/xstring_interp.txt" = 0.02 s
[10455/26691] Prism::NodeIdTest#"test_seattlerb/bug236.txt" = 0.02 s
[10456/26691] Prism::NodeIdTest#"test_whitequark/or.txt" = 0.02 s
[10457/26691] Prism::NodeIdTest#"test_whitequark/cond_iflipflop.txt" = 0.02 s
[10458/26691] Prism::NodeIdTest#"test_unparser/corpus/literal/def.txt" = 0.14 s
[10459/26691] Prism::NodeIdTest#"test_seattlerb/symbol_empty.txt" = 0.02 s
[10460/26691] Prism::NodeIdTest#"test_seattlerb/defn_endless_command.txt" = 0.02 s
[10461/26691] Prism::NodeIdTest#"test_whitequark/ruby_bug_11990.txt" = 0.02 s
[10462/26691] Prism::NodeIdTest#"test_seattlerb/heredoc_bad_hex_escape.txt" = 0.02 s
[10463/26691] Prism::NodeIdTest#"test_begin_rescue.txt" = 0.10 s
[10464/26691] Prism::NodeIdTest#"test_seattlerb/defn_args_forward_args.txt" = 0.02 s
[10465/26691] Prism::NodeIdTest#"test_unparser/corpus/semantic/opasgn.txt" = 0.02 s
[10466/26691] Prism::NodeIdTest#"test_seattlerb/call_array_arg.txt" = 0.02 s
[10467/26691] Prism::NodeIdTest#"test_whitequark/array_plain.txt" = 0.02 s
[10468/26691] Prism::NodeIdTest#"test_whitequark/gvar.txt" = 0.02 s
[10469/26691] Prism::NodeIdTest#"test_seattlerb/class_comments.txt" = 0.02 s
[10470/26691] Prism::NodeIdTest#"test_seattlerb/block_arg_opt_splat_arg_block_omfg.txt" = 0.02 s
[10471/26691] Prism::NodeIdTest#"test_seattlerb/str_evstr_escape.txt" = 0.02 s
[10472/26691] Prism::NodeIdTest#"test_whitequark/forward_arg.txt" = 0.02 s
[10473/26691] Prism::NodeIdTest#"test_whitequark/var_op_asgn.txt" = 0.02 s
[10474/26691] Prism::NodeIdTest#"test_seattlerb/call_carat.txt" = 0.02 s
[10475/26691] Prism::NodeIdTest#"test_seattlerb/backticks_interpolation_line.txt" = 0.02 s
[10476/26691] Prism::NodeIdTest#"test_seattlerb/attrasgn_array_arg.txt" = 0.02 s
[10477/26691] Prism::NodeIdTest#"test_whitequark/return.txt" = 0.02 s
[10478/26691] Prism::NodeIdTest#"test_whitequark/anonymous_blockarg.txt" = 0.02 s
[10479/26691] Prism::NodeIdTest#"test_seattlerb/defn_kwarg_kwsplat.txt" = 0.02 s
[10480/26691] Prism::NodeIdTest#"test_seattlerb/bug202.txt" = 0.02 s
[10481/26691] Prism::NodeIdTest#"test_seattlerb/bug_masgn_right.txt" = 0.02 s
[10482/26691] Prism::NodeIdTest#"test_seattlerb/mlhs_back_anonsplat.txt" = 0.02 s
[10483/26691] Prism::NodeIdTest#"test_seattlerb/heredoc_squiggly_blank_line_plus_interpolation.txt"
= 0.02 s
[10484/26691] Prism::NodeIdTest#"test_seattlerb/block_args_no_kwargs.txt" = 0.02 s
[10485/26691] Prism::NodeIdTest#"test_whitequark/array_symbols_empty.txt" = 0.02 s
[10486/26691] Prism::NodeIdTest#"test_booleans.txt" = 0.02 s
[10487/26691] Prism::NodeIdTest#"test_whitequark/case_cond_else.txt" = 0.02 s
[10488/26691] Prism::NodeIdTest#"test_whitequark/while_post.txt" = 0.02 s
[10489/26691] Prism::NodeIdTest#"test_seattlerb/str_str_str.txt" = 0.02 s
[10490/26691] Prism::NodeIdTest#"test_seattlerb/heredoc_with_carriage_return_escapes.txt" = 0.02 s
[10491/26691] Prism::NodeIdTest#"test_whitequark/cond_iflipflop_with_beginless_range.txt" = 0.02 s
[10492/26691] Prism::NodeIdTest#"test_seattlerb/safe_call_dot_parens.txt" = 0.02 s
[10493/26691] Prism::NodeIdTest#"test_seattlerb/safe_attrasgn_constant.txt" = 0.02 s
[10494/26691] Prism::NodeIdTest#"test_unparser/corpus/semantic/while.txt" = 0.05 s
[10495/26691] Prism::NodeIdTest#"test_seattlerb/mlhs_mid_splat.txt" = 0.02 s
[10496/26691] Prism::NodeIdTest#"test_whitequark/parser_bug_830.txt" = 0.02 s
[10497/26691] Prism::NodeIdTest#"test_seattlerb/symbol_list.txt" = 0.02 s
[10498/26691] Prism::NodeIdTest#"test_seattlerb/parse_line_postexe.txt" = 0.02 s
[10499/26691] Prism::NodeIdTest#"test_seattlerb/difficult4__leading_dots.txt" = 0.02 s
[10500/26691] Prism::NodeIdTest#"test_keyword_method_names.txt" = 0.03 s
[10501/26691] Prism::NodeIdTest#"test_whitequark/symbol_interp.txt" = 0.02 s
[10502/26691] Prism::NodeIdTest#"test_seattlerb/iter_args_2__19.txt" = 0.02 s
[10503/26691] Prism::NodeIdTest#"test_whitequark/rational.txt" = 0.02 s
[10504/26691] Prism::NodeIdTest#"test_seattlerb/str_single_double_escaped_newline.txt" = 0.02 s
[10505/26691] Prism::NodeIdTest#"test_seattlerb/call_kwsplat.txt" = 0.02 s
[10506/26691] Prism::NodeIdTest#"test_seattlerb/masgn_arg_ident.txt" = 0.02 s
[10507/26691] Prism::NodeIdTest#"test_heredoc_with_comment.txt" = 0.02 s
[10508/26691] Prism::NodeIdTest#"test_whitequark/space_args_arg.txt" = 0.02 s
[10509/26691] Prism::NodeIdTest#"test_yield.txt" = 0.03 s
[10510/26691] Prism::NodeIdTest#"test_seattlerb/if_elsif.txt" = 0.02 s
[10511/26691] Prism::NodeIdTest#"test_hashes.txt" = 0.06 s
[10512/26691] Prism::NodeIdTest#"test_seattlerb/call_stabby_with_braces_block.txt" = 0.02 s
[10513/26691] Prism::NodeIdTest#"test_seattlerb/call_leading_dots.txt" = 0.02 s
[10514/26691] Prism::NodeIdTest#"test_seattlerb/defs_endless_command_rescue.txt" = 0.02 s
[10515/26691] Prism::NodeIdTest#"test_whitequark/ruby_bug_11989.txt" = 0.02 s
[10516/26691] Prism::NodeIdTest#"test_seattlerb/dsym_esc_to_sym.txt" = 0.02 s
[10517/26691] Prism::NodeIdTest#"test_whitequark/not_cmd.txt" = 0.02 s
[10518/26691] Prism::NodeIdTest#"test_whitequark/masgn_attr.txt" = 0.03 s
[10519/26691] Prism::NodeIdTest#"test_seattlerb/defn_kwarg_no_parens.txt" = 0.02 s
[10520/26691] Prism::NodeIdTest#"test_whitequark/send_lambda_args_noparen.txt" = 0.02 s
[10521/26691] Prism::NodeIdTest#"test_seattlerb/lasgn_env.txt" = 0.02 s
[10522/26691] Prism::NodeIdTest#"test_whitequark/forwarded_kwrestarg_with_additional_kwarg.txt" = 0.
02 s
[10523/26691] Prism::NodeIdTest#"test_seattlerb/parse_line_return.txt" = 0.02 s
[10524/26691] Prism::NodeIdTest#"test_unparser/corpus/literal/pragma.txt" = 0.02 s
[10525/26691] Prism::NodeIdTest#"test_seattlerb/regexp_escape_extended.txt" = 0.02 s
[10526/26691] Prism::NodeIdTest#"test_whitequark/bug_do_block_in_hash_brace.txt" = 0.05 s
[10527/26691] Prism::NodeIdTest#"test_seattlerb/masgn_lhs_splat.txt" = 0.02 s
[10528/26691] Prism::NodeIdTest#"test_whitequark/rescue_else_ensure.txt" = 0.02 s
[10529/26691] Prism::NodeIdTest#"test_undef.txt" = 0.03 s
[10530/26691] Prism::NodeIdTest#"test_whitequark/var_op_asgn_cmd.txt" = 0.02 s
[10531/26691] Prism::NodeIdTest#"test_unparser/corpus/semantic/literal.txt" = 0.04 s
[10532/26691] Prism::NodeIdTest#"test_seattlerb/parse_line_dot3.txt" = 0.02 s
[10533/26691] Prism::NodeIdTest#"test_whitequark/asgn_mrhs.txt" = 0.02 s
[10534/26691] Prism::NodeIdTest#"test_unescaping.txt" = 0.02 s
[10535/26691] Prism::NodeIdTest#"test_seattlerb/case_in_hash_pat.txt" = 0.02 s
[10536/26691] Prism::NodeIdTest#"test_whitequark/op_asgn_cmd.txt" = 0.03 s
[10537/26691] Prism::NodeIdTest#"test_seattlerb/difficult4__leading_dots2.txt" = 0.02 s
[10538/26691] Prism::NodeIdTest#"test_seattlerb/call_args_assoc_trailing_comma.txt" = 0.02 s
[10539/26691] Prism::NodeIdTest#"test_embdoc_no_newline_at_end.txt" = 0.02 s
[10540/26691] Prism::NodeIdTest#"test_seattlerb/block_call_dot_op2_brace_block.txt" = 0.03 s
[10541/26691] Prism::NodeIdTest#"test_whitequark/args_block_pass.txt" = 0.02 s
[10542/26691] Prism::NodeIdTest#"test_whitequark/bug_heredoc_do.txt" = 0.02 s
[10543/26691] Prism::NodeIdTest#"test_seattlerb/lambda_do_vs_brace.txt" = 0.02 s
[10544/26691] Prism::NodeIdTest#"test_single_quote_heredocs.txt" = 0.02 s
[10545/26691] Prism::NodeIdTest#"test_seattlerb/bug_call_arglist_parens.txt" = 0.03 s
[10546/26691] Prism::NodeIdTest#"test_seattlerb/block_args_opt2.txt" = 0.02 s
[10547/26691] Prism::NodeIdTest#"test_seattlerb/case_in_67.txt" = 0.02 s
[10548/26691] Prism::NodeIdTest#"test_whitequark/send_binary_op.txt" = 0.08 s
[10549/26691] Prism::NodeIdTest#"test_single_method_call_with_bang.txt" = 0.02 s
[10550/26691] Prism::NodeIdTest#"test_whitequark/ruby_bug_12073.txt" = 0.03 s
[10551/26691] Prism::NodeIdTest#"test_seattlerb/iter_args_7_1.txt" = 0.02 s
[10552/26691] Prism::NodeIdTest#"test_seattlerb/case_in_hash_pat_paren_true.txt" = 0.02 s
[10553/26691] Prism::NodeIdTest#"test_seattlerb/difficult6__8.txt" = 0.02 s
[10554/26691] Prism::NodeIdTest#"test_seattlerb/heredoc_with_extra_carriage_returns.txt" = 0.02 s
[10555/26691] Prism::NodeIdTest#"test_whitequark/ruby_bug_9669.txt" = 0.02 s
[10556/26691] Prism::NodeIdTest#"test_whitequark/array_symbols_interp.txt" = 0.02 s
[10557/26691] Prism::NodeIdTest#"test_whitequark/alias.txt" = 0.02 s
[10558/26691] Prism::NodeIdTest#"test_whitequark/case_cond.txt" = 0.02 s
[10559/26691] Prism::NodeIdTest#"test_whitequark/asgn_cmd.txt" = 0.02 s
[10560/26691] Prism::NodeIdTest#"test_whitequark/begin_cmdarg.txt" = 0.02 s
[10561/26691] Prism::NodeIdTest#"test_whitequark/array_splat.txt" = 0.02 s
[10562/26691] Prism::NodeIdTest#"test_whitequark/pattern_matching_else.txt" = 0.02 s
[10563/26691] Prism::NodeIdTest#"test_seattlerb/const_op_asgn_and2.txt" = 0.02 s
[10564/26691] Prism::NodeIdTest#"test_seattlerb/regexp_esc_u.txt" = 0.02 s
[10565/26691] Prism::NodeIdTest#"test_seattlerb/case_in_find_array.txt" = 0.02 s
[10566/26691] Prism::NodeIdTest#"test_whitequark/pattern_matching_single_line.txt" = 0.02 s
[10567/26691] Prism::NodeIdTest#"test_whitequark/cond_begin_masgn.txt" = 0.02 s
[10568/26691] Prism::NodeIdTest#"test_seattlerb/op_asgn_dot_ident_command_call.txt" = 0.02 s
[10569/26691] Prism::NodeIdTest#"test_whitequark/pattern_matching_blank_else.txt" = 0.02 s
[10570/26691] Prism::NodeIdTest#"test_seattlerb/call_lt.txt" = 0.02 s
[10571/26691] Prism::NodeIdTest#"test_whitequark/pattern_matching__FILE__LINE_literals.txt" = 0.02 s
[10572/26691] Prism::NodeIdTest#"test_seattlerb/defn_opt_last_arg.txt" = 0.02 s
[10573/26691] Prism::NodeIdTest#"test_whitequark/rescue_mod_op_assign.txt" = 0.02 s
[10574/26691] Prism::NodeIdTest#"test_whitequark/preexe.txt" = 0.02 s
[10575/26691] Prism::NodeIdTest#"test_unparser/corpus/literal/since/31.txt" = 0.02 s
[10576/26691] Prism::NodeIdTest#"test_unparser/corpus/semantic/kwbegin.txt" = 0.05 s
[10577/26691] Prism::NodeIdTest#"test_seattlerb/defn_oneliner_rescue.txt" = 0.03 s
[10578/26691] Prism::NodeIdTest#"test_seattlerb/block_kw.txt" = 0.02 s
[10579/26691] Prism::NodeIdTest#"test_seattlerb/slashy_newlines_within_string.txt" = 0.02 s
[10580/26691] Prism::NodeIdTest#"test_seattlerb/do_bug.txt" = 0.02 s
[10581/26691] Prism::NodeIdTest#"test_whitequark/cond_eflipflop.txt" = 0.02 s
[10582/26691] Prism::NodeIdTest#"test_whitequark/ruby_bug_11873_a.txt" = 0.14 s
[10583/26691] Prism::NodeIdTest#"test_seattlerb/block_arg_optional.txt" = 0.02 s
[10584/26691] Prism::NodeIdTest#"test_seattlerb/parse_opt_call_args_assocs_comma.txt" = 0.02 s
[10585/26691] Prism::NodeIdTest#"test_whitequark/false.txt" = 0.02 s
[10586/26691] Prism::NodeIdTest#"test_regex_escape_encoding.txt" = 0.02 s
[10587/26691] Prism::NodeIdTest#"test_seattlerb/block_arg__bare.txt" = 0.02 s
[10588/26691] Prism::NodeIdTest#"test_seattlerb/parse_pattern_058_2.txt" = 0.02 s
[10589/26691] Prism::NodeIdTest#"test_seattlerb/parse_line_block_inline_comment_leading_newlines.txt
" = 0.02 s
[10590/26691] Prism::NodeIdTest#"test_seattlerb/iter_args_10_1.txt" = 0.02 s
[10591/26691] Prism::NodeIdTest#"test_seattlerb/call_star2.txt" = 0.02 s
[10592/26691] Prism::NodeIdTest#"test_seattlerb/difficult3__8.txt" = 0.02 s
[10593/26691] Prism::NodeIdTest#"test_seattlerb/const_3_op_asgn_or.txt" = 0.02 s
[10594/26691] Prism::NodeIdTest#"test_seattlerb/stabby_block_iter_call.txt" = 0.02 s
[10595/26691] Prism::NodeIdTest#"test_whitequark/bug_def_no_paren_eql_begin.txt" = 0.02 s
[10596/26691] Prism::NodeIdTest#"test_seattlerb/block_return.txt" = 0.02 s
[10597/26691] Prism::NodeIdTest#"test_whitequark/cond_iflipflop_with_endless_range.txt" = 0.02 s
[10598/26691] Prism::NodeIdTest#"test_whitequark/ruby_bug_13547.txt" = 0.02 s
[10599/26691] Prism::NodeIdTest#"test_whitequark/range_exclusive.txt" = 0.02 s
[10600/26691] Prism::NodeIdTest#"test_whitequark/int___LINE__.txt" = 0.02 s
[10601/26691] Prism::NodeIdTest#"test_seattlerb/interpolated_word_array_line_breaks.txt" = 0.02 s
[10602/26691] Prism::NodeIdTest#"test_seattlerb/defs_oneliner.txt" = 0.02 s
[10603/26691] Prism::NodeIdTest#"test_seattlerb/parse_line_block_inline_comment.txt" = 0.02 s
[10604/26691] Prism::NodeIdTest#"test_procs.txt" = 0.07 s
[10605/26691] Prism::NodeIdTest#"test_whitequark/restarg_unnamed.txt" = 0.02 s
[10606/26691] Prism::NodeIdTest#"test_seattlerb/defn_opt_splat_arg.txt" = 0.02 s
[10607/26691] Prism::NodeIdTest#"test_seattlerb/parse_line_block.txt" = 0.02 s
[10608/26691] Prism::NodeIdTest#"test_unparser/corpus/literal/while.txt" = 0.11 s
[10609/26691] Prism::NodeIdTest#"test_seattlerb/qsymbols_empty_space.txt" = 0.02 s
[10610/26691] Prism::NodeIdTest#"test_seattlerb/index_0.txt" = 0.02 s
[10611/26691] Prism::NodeIdTest#"test_seattlerb/str_pct_Q_nested.txt" = 0.02 s
[10612/26691] Prism::NodeIdTest#"test_seattlerb/case_in_array_pat_const.txt" = 0.02 s
[10613/26691] Prism::NodeIdTest#"test_seattlerb/difficult0_.txt" = 0.02 s
[10614/26691] Prism::NodeIdTest#"test_whitequark/send_unary_op.txt" = 0.02 s
[10615/26691] Prism::NodeIdTest#"test_seattlerb/block_opt_splat_arg_block_omfg.txt" = 0.02 s
[10616/26691] Prism::NodeIdTest#"test_seattlerb/iter_args_8_2.txt" = 0.02 s
[10617/26691] Prism::NodeIdTest#"test_seattlerb/read_escape_unicode_curlies.txt" = 0.02 s
[10618/26691] Prism::NodeIdTest#"test_seattlerb/parse_line_call_ivar_line_break_paren.txt" = 0.02 s
[10619/26691] Prism::NodeIdTest#"test_whitequark/rescue_mod.txt" = 0.02 s
[10620/26691] Prism::NodeIdTest#"test_seattlerb/call_bang_squiggle.txt" = 0.02 s
[10621/26691] Prism::NodeIdTest#"test_endless_methods.txt" = 0.03 s
[10622/26691] Prism::NodeIdTest#"test_whitequark/parser_drops_truncated_parts_of_squiggly_heredoc.tx
t" = 0.02 s
[10623/26691] Prism::NodeIdTest#"test_seattlerb/defs_as_arg_with_do_block_inside.txt" = 0.02 s
[10624/26691] Prism::NodeIdTest#"test_seattlerb/parse_line_preexe.txt" = 0.02 s
[10625/26691] Prism::NodeIdTest#"test_seattlerb/defn_splat_arg.txt" = 0.02 s
[10626/26691] Prism::NodeIdTest#"test_whitequark/method_definition_in_while_cond.txt" = 0.04 s
[10627/26691] Prism::NodeIdTest#"test_whitequark/parser_slash_slash_n_escaping_in_literals.txt" = 0.
04 s
[10628/26691] Prism::NodeIdTest#"test_seattlerb/call_begin_call_block_call.txt" = 0.02 s
[10629/26691] Prism::NodeIdTest#"test_patterns.txt" = 0.99 s
[10630/26691] Prism::NodeIdTest#"test_seattlerb/bug_hash_args.txt" = 0.02 s
[10631/26691] Prism::NodeIdTest#"test_seattlerb/block_opt_arg.txt" = 0.02 s
[10632/26691] Prism::NodeIdTest#"test_whitequark/masgn.txt" = 0.03 s
[10633/26691] Prism::NodeIdTest#"test_whitequark/bug_473.txt" = 0.02 s
[10634/26691] Prism::NodeIdTest#"test_seattlerb/safe_attrasgn.txt" = 0.02 s
[10635/26691] Prism::NodeIdTest#"test_whitequark/kwarg.txt" = 0.02 s
[10636/26691] Prism::NodeIdTest#"test_whitequark/unary_num_pow_precedence.txt" = 0.02 s
[10637/26691] Prism::NodeIdTest#"test_seattlerb/bug179.txt" = 0.02 s
[10638/26691] Prism::NodeIdTest#"test_seattlerb/mlhs_rescue.txt" = 0.02 s
[10639/26691] Prism::NodeIdTest#"test_super.txt" = 0.03 s
[10640/26691] Prism::NodeIdTest#"test_seattlerb/case_in_hash_pat_paren_assign.txt" = 0.02 s
[10641/26691] Prism::NodeIdTest#"test_seattlerb/regexp_unicode_curlies.txt" = 0.02 s
[10642/26691] Prism::NodeIdTest#"test_whitequark/send_conditional.txt" = 0.02 s
[10643/26691] Prism::NodeIdTest#"test_ranges.txt" = 0.09 s
[10644/26691] Prism::NodeIdTest#"test_rescue.txt" = 0.07 s
[10645/26691] Prism::NodeIdTest#"test_whitequark/arg.txt" = 0.02 s
[10646/26691] Prism::NodeIdTest#"test_seattlerb/bug_and.txt" = 0.02 s
[10647/26691] Prism::NodeIdTest#"test_seattlerb/bug_op_asgn_rescue.txt" = 0.02 s
[10648/26691] Prism::NodeIdTest#"test_whitequark/space_args_cmd.txt" = 0.02 s
[10649/26691] Prism::NodeIdTest#"test_whitequark/nth_ref.txt" = 0.01 s
[10650/26691] Prism::NodeIdTest#"test_seattlerb/pct_w_heredoc_interp_nested.txt" = 0.02 s
[10651/26691] Prism::NodeIdTest#"test_seattlerb/defs_oneliner_eq2.txt" = 0.02 s
[10652/26691] Prism::NodeIdTest#"test_whitequark/bug_447.txt" = 0.02 s
[10653/26691] Prism::NodeIdTest#"test_seattlerb/symbols_empty_space.txt" = 0.01 s
[10654/26691] Prism::NodeIdTest#"test_seattlerb/defn_oneliner_noargs.txt" = 0.02 s
[10655/26691] Prism::NodeIdTest#"test_seattlerb/parse_line_heredoc.txt" = 0.02 s
[10656/26691] Prism::NodeIdTest#"test_seattlerb/f_kw.txt" = 0.02 s
[10657/26691] Prism::NodeIdTest#"test_whitequark/until.txt" = 0.02 s
[10658/26691] Prism::NodeIdTest#"test_range_begin_open_inclusive.txt" = 0.02 s
[10659/26691] Prism::NodeIdTest#"test_whitequark/const_op_asgn.txt" = 0.03 s
[10660/26691] Prism::NodeIdTest#"test_whitequark/const_toplevel.txt" = 0.01 s
[10661/26691] Prism::NodeIdTest#"test_seattlerb/defn_powarg.txt" = 0.02 s
[10662/26691] Prism::NodeIdTest#"test_seattlerb/parse_line_block_inline_multiline_comment.txt" = 0.0
2 s
[10663/26691] Prism::NodeIdTest#"test_heredocs_nested.txt" = 0.03 s
[10664/26691] Prism::NodeIdTest#"test_seattlerb/difficult3_.txt" = 0.02 s
[10665/26691] Prism::NodeIdTest#"test_seattlerb/call_assoc_trailing_comma.txt" = 0.02 s
[10666/26691] Prism::NodeIdTest#"test_dos_endings.txt" = 0.03 s
[10667/26691] Prism::NodeIdTest#"test_seattlerb/parse_line_hash_lit.txt" = 0.02 s
[10668/26691] Prism::NodeIdTest#"test_seattlerb/super_arg.txt" = 0.02 s
[10669/26691] Prism::NodeIdTest#"test_seattlerb/heredoc_squiggly_interp.txt" = 0.02 s
[10670/26691] Prism::NodeIdTest#"test_seattlerb/aref_args_assocs.txt" = 0.02 s
[10671/26691] Prism::NodeIdTest#"test_seattlerb/case_in_if_unless_post_mod.txt" = 0.02 s
[10672/26691] Prism::NodeIdTest#"test_seattlerb/case_in_multiple.txt" = 0.02 s
[10673/26691] Prism::NodeIdTest#"test_whitequark/cvasgn.txt" = 0.02 s
[10674/26691] Prism::NodeIdTest#"test_seattlerb/difficult1_line_numbers2.txt" = 0.02 s
[10675/26691] Prism::NodeIdTest#"test_seattlerb/lasgn_middle_splat.txt" = 0.02 s
[10676/26691] Prism::NodeIdTest#"test_whitequark/regex_plain.txt" = 0.01 s
[10677/26691] Prism::NodeIdTest#"test_seattlerb/difficult3_2.txt" = 0.02 s
[10678/26691] Prism::NodeIdTest#"test_seattlerb/case_in_const.txt" = 0.02 s
[10679/26691] Prism::NodeIdTest#"test_seattlerb/dstr_evstr_empty_end.txt" = 0.02 s
[10680/26691] Prism::NodeIdTest#"test_seattlerb/op_asgn_command_call.txt" = 0.02 s
[10681/26691] Prism::NodeIdTest#"test_whitequark/bug_while_not_parens_do.txt" = 0.02 s
[10682/26691] Prism::NodeIdTest#"test_seattlerb/defn_unary_not.txt" = 0.02 s
[10683/26691] Prism::NodeIdTest#"test_whitequark/send_lambda_args.txt" = 0.02 s
[10684/26691] Prism::NodeIdTest#"test_unparser/corpus/literal/flipflop.txt" = 0.04 s
[10685/26691] Prism::NodeIdTest#"test_seattlerb/case_in_hash_pat_rest.txt" = 0.02 s
[10686/26691] Prism::NodeIdTest#"test_seattlerb/str_evstr.txt" = 0.02 s
[10687/26691] Prism::NodeIdTest#"test_seattlerb/str_double_double_escaped_newline.txt" = 0.02 s
[10688/26691] Prism::NodeIdTest#"test_seattlerb/attrasgn_primary_dot_constant.txt" = 0.02 s
[10689/26691] Prism::NodeIdTest#"test_whitequark/numparam_outside_block.txt" = 0.03 s
[10690/26691] Prism::NodeIdTest#"test_seattlerb/iter_args_5.txt" = 0.09 s
[10691/26691] Prism::NodeIdTest#"test_seattlerb/block_arg_scope2.txt" = 0.02 s
[10692/26691] Prism::NodeIdTest#"test_whitequark/hash_kwsplat.txt" = 0.02 s
[10693/26691] Prism::NodeIdTest#"test_whitequark/bug_452.txt" = 0.02 s
[10694/26691] Prism::NodeIdTest#"test_seattlerb/str_single_newline.txt" = 0.02 s
[10695/26691] Prism::NodeIdTest#"test_seattlerb/messy_op_asgn_lineno.txt" = 0.02 s
[10696/26691] Prism::NodeIdTest#"test_whitequark/forwarded_argument_with_kwrestarg.txt" = 0.02 s
[10697/26691] Prism::NodeIdTest#"test_seattlerb/bang_eq.txt" = 0.02 s
[10698/26691] Prism::NodeIdTest#"test_regex.txt" = 0.08 s
[10699/26691] Prism::NodeIdTest#"test_seattlerb/heredoc_squiggly_no_indent.txt" = 0.01 s
[10700/26691] Prism::NodeIdTest#"test_whitequark/while_mod.txt" = 0.02 s
[10701/26691] Prism::NodeIdTest#"test_seattlerb/bug_187.txt" = 0.02 s
[10702/26691] Prism::NodeIdTest#"test_seattlerb/ruby21_numbers.txt" = 0.02 s
[10703/26691] Prism::NodeIdTest#"test_break.txt" = 0.07 s
[10704/26691] Prism::NodeIdTest#"test_seattlerb/block_kw__required.txt" = 0.02 s
[10705/26691] Prism::NodeIdTest#"test_whitequark/args.txt" = 0.13 s
[10706/26691] Prism::NodeIdTest#"test_seattlerb/lasgn_call_nobracket_rescue_arg.txt" = 0.02 s
[10707/26691] Prism::NodeIdTest#"test_whitequark/resbody_var.txt" = 0.02 s
[10708/26691] Prism::NodeIdTest#"test_seattlerb/qsymbols.txt" = 0.02 s
[10709/26691] Prism::NodeIdTest#"test_whitequark/float.txt" = 0.02 s
[10710/26691] Prism::NodeIdTest#"test_whitequark/const_scoped.txt" = 0.02 s
[10711/26691] Prism::NodeIdTest#"test_range_beginless.txt" = 0.02 s
[10712/26691] Prism::NodeIdTest#"test_command_method_call.txt" = 0.10 s
[10713/26691] Prism::NodeIdTest#"test_seattlerb/rescue_parens.txt" = 0.02 s
[10714/26691] Prism::NodeIdTest#"test_seattlerb/bug_args_masgn2.txt" = 0.02 s
[10715/26691] Prism::NodeIdTest#"test_whitequark/ensure.txt" = 0.02 s
[10716/26691] Prism::NodeIdTest#"test_seattlerb/difficult6_.txt" = 0.02 s
[10717/26691] Prism::NodeIdTest#"test_whitequark/parser_bug_490.txt" = 0.03 s
[10718/26691] Prism::NodeIdTest#"test_seattlerb/required_kwarg_no_value.txt" = 0.02 s
[10719/26691] Prism::NodeIdTest#"test_whitequark/bug_ascii_8bit_in_literal.txt" = 0.02 s
[10720/26691] Prism::NodeIdTest#"test_whitequark/ruby_bug_12402.txt" = 0.07 s
[10721/26691] Prism::NodeIdTest#"test_unparser/corpus/literal/empty.txt" = 0.01 s
[10722/26691] Prism::NodeIdTest#"test_seattlerb/lasgn_arg_rescue_arg.txt" = 0.11 s
[10723/26691] Prism::NodeIdTest#"test_seattlerb/alias_gvar_backref.txt" = 0.02 s
[10724/26691] Prism::NodeIdTest#"test_whitequark/bug_466.txt" = 0.02 s
[10725/26691] Prism::NodeIdTest#"test_for.txt" = 0.04 s
[10726/26691] Prism::NodeIdTest#"test_whitequark/def.txt" = 0.02 s
[10727/26691] Prism::NodeIdTest#"test_whitequark/unless.txt" = 0.02 s
[10728/26691] Prism::NodeIdTest#"test_seattlerb/case_in_42_2.txt" = 0.02 s
[10729/26691] Prism::NodeIdTest#"test_seattlerb/case_in_31.txt" = 0.02 s
[10730/26691] Prism::NodeIdTest#"test_seattlerb/heredoc_with_not_global_interpolation.txt" = 0.01 s
[10731/26691] Prism::NodeIdTest#"test_seattlerb/defn_no_kwargs.txt" = 0.02 s
[10732/26691] Prism::NodeIdTest#"test_whitequark/kwoptarg_with_kwrestarg_and_forwarded_args.txt" = 0
.02 s
[10733/26691] Prism::NodeIdTest#"test_seattlerb/expr_not_bang.txt" = 0.02 s
[10734/26691] Prism::NodeIdTest#"test_whitequark/cond_eflipflop_with_endless_range.txt" = 0.02 s
[10735/26691] Prism::NodeIdTest#"test_seattlerb/case_in_hash_pat_rest_solo.txt" = 0.02 s
[10736/26691] Prism::NodeIdTest#"test_whitequark/parser_bug_989.txt" = 0.01 s
[10737/26691] Prism::NodeIdTest#"test_seattlerb/heredoc_squiggly_tabs_extra.txt" = 0.02 s
[10738/26691] Prism::NodeIdTest#"test_whitequark/lvar_injecting_match.txt" = 0.02 s
[10739/26691] Prism::NodeIdTest#"test_seattlerb/parse_line_evstr_after_break.txt" = 0.02 s
[10740/26691] Prism::NodeIdTest#"test_seattlerb/mlhs_front_splat.txt" = 0.02 s
[10741/26691] Prism::NodeIdTest#"test_unparser/corpus/semantic/def.txt" = 0.02 s
[10742/26691] Prism::NodeIdTest#"test_whitequark/if_elsif.txt" = 0.02 s
[10743/26691] Prism::NodeIdTest#"test_seattlerb/defn_arg_forward_args.txt" = 0.02 s
[10744/26691] Prism::NodeIdTest#"test_seattlerb/op_asgn_index_command_call.txt" = 0.02 s
[10745/26691] Prism::NodeIdTest#"test_whitequark/newline_in_hash_argument.txt" = 0.03 s
[10746/26691] Prism::NodeIdTest#"test_seattlerb/pct_Q_backslash_nl.txt" = 0.01 s
[10747/26691] Prism::NodeIdTest#"test_seattlerb/if_symbol.txt" = 0.02 s
[10748/26691] Prism::NodeIdTest#"test_whitequark/heredoc.txt" = 0.02 s
[10749/26691] Prism::NodeIdTest#"test_seattlerb/magic_encoding_comment.txt" = 0.02 s
[10750/26691] Prism::NodeIdTest#"test_seattlerb/masgn_colon2.txt" = 0.02 s
[10751/26691] Prism::NodeIdTest#"test_whitequark/send_lambda.txt" = 0.02 s
[10752/26691] Prism::NodeIdTest#"test_seattlerb/call_array_block_call.txt" = 0.02 s
[10753/26691] Prism::NodeIdTest#"test_seattlerb/call_block_arg_named.txt" = 0.02 s
[10754/26691] Prism::NodeIdTest#"test_unparser/corpus/literal/unary.txt" = 0.04 s
[10755/26691] Prism::NodeIdTest#"test_unparser/corpus/literal/module.txt" = 0.03 s
[10756/26691] Prism::NodeIdTest#"test_seattlerb/args_kw_block.txt" = 0.02 s
[10757/26691] Prism::NodeIdTest#"test_seattlerb/masgn_paren.txt" = 0.02 s
[10758/26691] Prism::NodeIdTest#"test_seattlerb/aref_args_lit_assocs.txt" = 0.02 s
[10759/26691] Prism::NodeIdTest#"test_unparser/corpus/literal/singletons.txt" = 0.02 s
[10760/26691] Prism::NodeIdTest#"test_seattlerb/heredoc_with_extra_carriage_returns_windows.txt" = 0
.02 s
[10761/26691] Prism::NodeIdTest#"test_whitequark/bug_480.txt" = 0.02 s
[10762/26691] Prism::NodeIdTest#"test_whitequark/send_plain.txt" = 0.02 s
[10763/26691] Prism::NodeIdTest#"test_whitequark/not.txt" = 0.02 s
[10764/26691] Prism::NodeIdTest#"test_seattlerb/parse_line_heredoc_evstr.txt" = 0.02 s
[10765/26691] Prism::NodeIdTest#"test_seattlerb/str_double_newline.txt" = 0.02 s
[10766/26691] Prism::NodeIdTest#"test_whitequark/kwoptarg.txt" = 0.02 s
[10767/26691] Prism::NodeIdTest#"test_unparser/corpus/literal/variables.txt" = 0.03 s
[10768/26691] Prism::NodeIdTest#"test_seattlerb/eq_begin_why_wont_people_use_their_spacebar.txt" = 0
.02 s
[10769/26691] Prism::NodeIdTest#"test_seattlerb/call_star.txt" = 0.02 s
[10770/26691] Prism::NodeIdTest#"test_seattlerb/iter_args_1.txt" = 0.02 s
[10771/26691] Prism::NodeIdTest#"test_seattlerb/heredoc_with_interpolation_and_carriage_return_escap
es_windows.txt" = 0.02 s
[10772/26691] Prism::NodeIdTest#"test_unparser/corpus/literal/alias.txt" = 0.02 s
[10773/26691] Prism::NodeIdTest#"test_seattlerb/block_kwarg_lvar_multiple.txt" = 0.02 s
[10774/26691] Prism::NodeIdTest#"test_seattlerb/stabby_proc_scope.txt" = 0.02 s
[10775/26691] Prism::NodeIdTest#"test_seattlerb/call_array_lambda_block_call.txt" = 0.02 s
[10776/26691] Prism::NodeIdTest#"test_whitequark/or_asgn.txt" = 0.02 s
[10777/26691] Prism::NodeIdTest#"test_seattlerb/stabby_block_kw.txt" = 0.02 s
[10778/26691] Prism::NodeIdTest#"test_seattlerb/block_call_operation_colon.txt" = 0.02 s
[10779/26691] Prism::NodeIdTest#"test_seattlerb/call_arg_kwsplat.txt" = 0.02 s
[10780/26691] Prism::NodeIdTest#"test_whitequark/op_asgn_index.txt" = 0.02 s
[10781/26691] Prism::NodeIdTest#"test_seattlerb/lasgn_ivar_env.txt" = 0.01 s
[10782/26691] Prism::NodeIdTest#"test_seattlerb/case_in.txt" = 0.23 s
[10783/26691] Prism::NodeIdTest#"test_whitequark/ternary_ambiguous_symbol.txt" = 0.02 s
[10784/26691] Prism::NodeIdTest#"test_whitequark/string_interp.txt" = 0.02 s
[10785/26691] Prism::NodeIdTest#"test_seattlerb/masgn_var_star_var.txt" = 0.02 s
[10786/26691] Prism::NodeIdTest#"test_seattlerb/block_reg_optarg.txt" = 0.02 s
[10787/26691] Prism::NodeIdTest#"test_seattlerb/lasgn_command.txt" = 0.02 s
[10788/26691] Prism::NodeIdTest#"test_seattlerb/str_heredoc_interp.txt" = 0.02 s
[10789/26691] Prism::NodeIdTest#"test_whitequark/rescue_ensure.txt" = 0.02 s
[10790/26691] Prism::NodeIdTest#"test_seattlerb/safe_call_after_newline.txt" = 0.02 s
[10791/26691] Prism::NodeIdTest#"test_whitequark/blockarg.txt" = 0.02 s
[10792/26691] Prism::NodeIdTest#"test_seattlerb/bug_case_when_regexp.txt" = 0.02 s
[10793/26691] Prism::NodeIdTest#"test_seattlerb/when_splat.txt" = 0.02 s
[10794/26691] Prism::NodeIdTest#"test_whitequark/hash_pair_value_omission.txt" = 0.02 s
[10795/26691] Prism::NodeIdTest#"test_seattlerb/defns_reserved.txt" = 0.01 s
[10796/26691] Prism::NodeIdTest#"test_unparser/corpus/literal/since/27.txt" = 0.02 s
[10797/26691] Prism::NodeIdTest#"test_seattlerb/block_args_kwargs.txt" = 0.02 s
[10798/26691] Prism::NodeIdTest#"test_seattlerb/block_opt_splat.txt" = 0.02 s
[10799/26691] Prism::NodeIdTest#"test_seattlerb/flip2_env_lvar.txt" = 0.02 s
[10800/26691] Prism::NodeIdTest#"test_whitequark/ensure_empty.txt" = 0.02 s
[10801/26691] Prism::NodeIdTest#"test_comments.txt" = 0.03 s
[10802/26691] Prism::NodeIdTest#"test_seattlerb/heredoc_squiggly_tabs.txt" = 0.02 s
[10803/26691] Prism::NodeIdTest#"test_modules.txt" = 0.04 s
[10804/26691] Prism::NodeIdTest#"test_whitequark/endless_method_forwarded_args_legacy.txt" = 0.02 s
[10805/26691] Prism::NodeIdTest#"test_seattlerb/difficult3_5.txt" = 0.02 s
[10806/26691] Prism::NodeIdTest#"test_range_begin_open_exclusive.txt" = 0.02 s
[10807/26691] Prism::NodeIdTest#"test_whitequark/for_mlhs.txt" = 0.02 s
[10808/26691] Prism::NodeIdTest#"test_seattlerb/regexp.txt" = 0.02 s
[10809/26691] Prism::NodeIdTest#"test_whitequark/resbody_list_mrhs.txt" = 0.02 s
[10810/26691] Prism::NodeIdTest#"test_seattlerb/parse_line_dot3_open.txt" = 0.02 s
[10811/26691] Prism::NodeIdTest#"test_whitequark/args_cmd.txt" = 0.02 s
[10812/26691] Prism::NodeIdTest#"test_whitequark/masgn_const.txt" = 0.02 s
[10813/26691] Prism::NodeIdTest#"test_seattlerb/call_arg_assoc_kwsplat.txt" = 0.02 s
[10814/26691] Prism::NodeIdTest#"test_seattlerb/parse_pattern_069.txt" = 0.02 s
[10815/26691] Prism::NodeIdTest#"test_seattlerb/rescue_in_block.txt" = 0.02 s
[10816/26691] Prism::NodeIdTest#"test_whitequark/endless_method_command_syntax.txt" = 0.05 s
[10817/26691] Prism::NodeIdTest#"test_seattlerb/bdot3.txt" = 0.02 s
[10818/26691] Prism::NodeIdTest#"test_seattlerb/qsymbols_empty.txt" = 0.01 s
[10819/26691] Prism::NodeIdTest#"test_whitequark/args_assocs_comma.txt" = 0.02 s
[10820/26691] Prism::NodeIdTest#"test_unparser/corpus/literal/defined.txt" = 0.02 s
[10821/26691] Prism::NodeIdTest#"test_seattlerb/TestRubyParserShared.txt" = 0.06 s
[10822/26691] Prism::NodeIdTest#"test_blocks.txt" = 0.09 s
[10823/26691] Prism::NodeIdTest#"test_seattlerb/heredoc_squiggly.txt" = 0.02 s
[10824/26691] Prism::NodeIdTest#"test_seattlerb/block_arg_scope.txt" = 0.02 s
[10825/26691] Prism::NodeIdTest#"test_seattlerb/difficult3__10.txt" = 0.02 s
[10826/26691] Prism::NodeIdTest#"test_seattlerb/lasgn_lasgn_command_call.txt" = 0.02 s
[10827/26691] Prism::NodeIdTest#"test_seattlerb/str_single_escaped_newline.txt" = 0.11 s
[10828/26691] Prism::NodeIdTest#"test_seattlerb/defs_comments.txt" = 0.02 s
[10829/26691] Prism::NodeIdTest#"test_whitequark/op_asgn.txt" = 0.02 s
[10830/26691] Prism::NodeIdTest#"test_whitequark/kwrestarg_named.txt" = 0.02 s
[10831/26691] Prism::NodeIdTest#"test_seattlerb/call_eq3.txt" = 0.02 s
[10832/26691] Prism::NodeIdTest#"test_seattlerb/safe_op_asgn2.txt" = 0.02 s
[10833/26691] Prism::NodeIdTest#"test_whitequark/return_block.txt" = 0.02 s
[10834/26691] Prism::NodeIdTest#"test_seattlerb/interpolated_symbol_array_line_breaks.txt" = 0.02 s
[10835/26691] Prism::NodeIdTest#"test_whitequark/nil.txt" = 0.01 s
[10836/26691] Prism::NodeIdTest#"test_unparser/corpus/semantic/undef.txt" = 0.02 s
[10837/26691] Prism::NodeIdTest#"test_unparser/corpus/literal/super.txt" = 0.04 s
[10838/26691] Prism::NodeIdTest#"test_whitequark/forwarded_kwrestarg.txt" = 0.02 s
[10839/26691] Prism::NodeIdTest#"test_seattlerb/masgn_command_call.txt" = 0.11 s
[10840/26691] Prism::NodeIdTest#"test_seattlerb/block_command_operation_colon.txt" = 0.02 s
[10841/26691] Prism::NodeIdTest#"test_seattlerb/unary_minus.txt" = 0.02 s
[10842/26691] Prism::NodeIdTest#"test_numbers.txt" = 0.05 s
[10843/26691] Prism::NodeIdTest#"test_seattlerb/call_dot_parens.txt" = 0.01 s
[10844/26691] Prism::NodeIdTest#"test_seattlerb/and_multi.txt" = 0.02 s
[10845/26691] Prism::NodeIdTest#"test_seattlerb/heredoc_with_interpolation_and_carriage_return_escap
es.txt" = 0.02 s
[10846/26691] Prism::NodeIdTest#"test_seattlerb/return_call_assocs.txt" = 0.04 s
[10847/26691] Prism::NodeIdTest#"test_heredoc.txt" = 0.01 s
[10848/26691] Prism::NodeIdTest#"test_whitequark/send_attr_asgn_conditional.txt" = 0.02 s
[10849/26691] Prism::NodeIdTest#"test_seattlerb/op_asgn_primary_colon_identifier_command_call.txt" =
 0.02 s
[10850/26691] Prism::NodeIdTest#"test_seattlerb/array_lits_trailing_calls.txt" = 0.02 s
[10851/26691] Prism::NodeIdTest#"test_whitequark/lvar.txt" = 0.10 s
[10852/26691] Prism::NodeIdTest#"test_seattlerb/array_line_breaks.txt" = 0.02 s
[10853/26691] Prism::NodeIdTest#"test_unparser/corpus/semantic/dstr.txt" = 0.09 s
[10854/26691] Prism::NodeIdTest#"test_whitequark/range_inclusive.txt" = 0.02 s
[10855/26691] Prism::NodeIdTest#"test_whitequark/array_assocs.txt" = 0.02 s
[10856/26691] Prism::NodeIdTest#"test_seattlerb/parse_line_heredoc_hardnewline.txt" = 0.02 s
[10857/26691] Prism::NodeIdTest#"test_seattlerb/bug_args_masgn.txt" = 0.02 s
[10858/26691] Prism::NodeIdTest#"test_seattlerb/case_in_47.txt" = 0.02 s
[10859/26691] Prism::NodeIdTest#"test_seattlerb/str_str.txt" = 0.02 s
[10860/26691] Prism::NodeIdTest#"test_seattlerb/call_assoc_new_if_multiline.txt" = 0.02 s
[10861/26691] Prism::NodeIdTest#"test_seattlerb/iter_kwarg_kwsplat.txt" = 0.02 s
[10862/26691] Prism::NodeIdTest#"test_seattlerb/pct_nl.txt" = 0.02 s
[10863/26691] Prism::NodeIdTest#"test_seattlerb/parse_line_dstr_soft_newline.txt" = 0.02 s
[10864/26691] Prism::NodeIdTest#"test_whitequark/module.txt" = 0.01 s
[10865/26691] Prism::NodeIdTest#"test_seattlerb/heredoc_comma_arg.txt" = 0.02 s
[10866/26691] Prism::NodeIdTest#"test_seattlerb/stabby_arg_no_paren.txt" = 0.02 s
[10867/26691] Prism::NodeIdTest#"test_return.txt" = 0.04 s
[10868/26691] Prism::NodeIdTest#"test_seattlerb/bug190.txt" = 0.01 s
[10869/26691] Prism::NodeIdTest#"test_whitequark/parser_bug_640.txt" = 0.02 s
[10870/26691] Prism::NodeIdTest#"test_while.txt" = 0.07 s
[10871/26691] Prism::NodeIdTest#"test_endless_range_in_conditional.txt" = 0.02 s
[10872/26691] Prism::NodeIdTest#"test_seattlerb/heredoc_with_only_carriage_returns_windows.txt" = 0.
02 s
[10873/26691] Prism::NodeIdTest#"test_whitequark/cpath.txt" = 0.02 s
[10874/26691] Prism::NodeIdTest#"test_seattlerb/mlhs_mid_anonsplat.txt" = 0.02 s
[10875/26691] Prism::NodeIdTest#"test_seattlerb/str_pct_nested_nested.txt" = 0.02 s
[10876/26691] Prism::NodeIdTest#"test_seattlerb/block_args_opt2_2.txt" = 0.02 s
[10877/26691] Prism::NodeIdTest#"test_seattlerb/begin_rescue_else_ensure_bodies.txt" = 0.02 s
[10878/26691] Prism::NodeIdTest#"test_seattlerb/parse_pattern_044.txt" = 0.02 s
[10879/26691] Prism::NodeIdTest#"test_seattlerb/assoc__bare.txt" = 0.02 s
[10880/26691] Prism::NodeIdTest#"test_seattlerb/safe_call_rhs_newline.txt" = 0.02 s
[10881/26691] Prism::NodeIdTest#"test_constants.txt" = 0.15 s
[10882/26691] Prism::NodeIdTest#"test_seattlerb/iter_args_6.txt" = 0.02 s
[10883/26691] Prism::NodeIdTest#"test_seattlerb/attr_asgn_colon_id.txt" = 0.02 s
[10884/26691] Prism::NodeIdTest#"test_whitequark/casgn_unscoped.txt" = 0.01 s
[10885/26691] Prism::NodeIdTest#"test_seattlerb/__ENCODING__.txt" = 0.01 s
[10886/26691] Prism::NodeIdTest#"test_if.txt" = 0.08 s
[10887/26691] Prism::NodeIdTest#"test_arithmetic.txt" = 0.04 s
[10888/26691] Prism::NodeIdTest#"test_unparser/corpus/literal/lambda.txt" = 0.03 s
[10889/26691] Prism::NodeIdTest#"test_seattlerb/parse_line_multiline_str.txt" = 0.02 s
[10890/26691] Prism::NodeIdTest#"test_seattlerb/symbols_empty.txt" = 0.01 s
[10891/26691] Prism::NodeIdTest#"test_whitequark/ivasgn.txt" = 0.01 s
[10892/26691] Prism::NodeIdTest#"test_whitequark/endless_method_without_args.txt" = 0.02 s
[10893/26691] Prism::NodeIdTest#"test_whitequark/comments_before_leading_dot__27.txt" = 0.02 s
[10894/26691] Prism::NodeIdTest#"test_seattlerb/call_args_assoc_quoted.txt" = 0.02 s
[10895/26691] Prism::NodeIdTest#"test_seattlerb/parse_opt_call_args_lit_comma.txt" = 0.02 s
[10896/26691] Prism::NodeIdTest#"test_seattlerb/parse_line_defn_no_parens.txt" = 0.02 s
[10897/26691] Prism::NodeIdTest#"test_whitequark/resbody_list.txt" = 0.02 s
[10898/26691] Prism::NodeIdTest#"test_seattlerb/difficult3__7.txt" = 0.02 s
[10899/26691] Prism::NodeIdTest#"test_whitequark/var_and_asgn.txt" = 0.01 s
[10900/26691] Prism::NodeIdTest#"test_seattlerb/heredoc__backslash_dos_format.txt" = 0.02 s
[10901/26691] Prism::NodeIdTest#"test_seattlerb/bug_comma.txt" = 0.02 s
[10902/26691] Prism::NodeIdTest#"test_seattlerb/call_leading_dots_comment.txt" = 0.02 s
[10903/26691] Prism::NodeIdTest#"test_seattlerb/bug_args__19.txt" = 0.02 s
[10904/26691] Prism::NodeIdTest#"test_seattlerb/call_assoc.txt" = 0.02 s
[10905/26691] Prism::NodeIdTest#"test_whitequark/bug_interp_single.txt" = 0.02 s
[10906/26691] Prism::NodeIdTest#"test_whitequark/until_mod.txt" = 0.02 s
[10907/26691] Prism::NodeIdTest#"test_whitequark/bug_435.txt" = 0.02 s
[10908/26691] Prism::NodeIdTest#"test_seattlerb/case_in_hash_pat_assign.txt" = 0.02 s
[10909/26691] Prism::NodeIdTest#"test_whitequark/string_dvar.txt" = 0.07 s
[10910/26691] Prism::NodeIdTest#"test_whitequark/until_post.txt" = 0.02 s
[10911/26691] Prism::NodeIdTest#"test_seattlerb/block_decomp_splat.txt" = 0.02 s
[10912/26691] Prism::NodeIdTest#"test_whitequark/lvasgn.txt" = 0.02 s
[10913/26691] Prism::NodeIdTest#"test_whitequark/numbered_args_after_27.txt" = 0.03 s
[10914/26691] Prism::NodeIdTest#"test_whitequark/endless_method_with_rescue_mod.txt" = 0.02 s
[10915/26691] Prism::NodeIdTest#"test_non_alphanumeric_methods.txt" = 0.05 s
[10916/26691] Prism::NodeIdTest#"test_seattlerb/quoted_symbol_keys.txt" = 0.02 s
[10917/26691] Prism::NodeIdTest#"test_whitequark/beginless_irange_after_newline.txt" = 0.02 s
[10918/26691] Prism::NodeIdTest#"test_seattlerb/parse_pattern_051.txt" = 0.02 s
[10919/26691] Prism::NodeIdTest#"test_whitequark/class_super.txt" = 0.02 s
[10920/26691] Prism::NodeIdTest#"test_seattlerb/method_call_assoc_trailing_comma.txt" = 0.08 s
[10921/26691] Prism::NodeIdTest#"test_whitequark/space_args_arg_newline.txt" = 0.02 s
[10922/26691] Prism::NodeIdTest#"test_seattlerb/defs_endless_command.txt" = 0.02 s
[10923/26691] Prism::NodeIdTest#"test_seattlerb/block_args_opt3.txt" = 0.02 s
[10924/26691] Prism::NodeIdTest#"test_alias.txt" = 0.03 s
[10925/26691] Prism::NodeIdTest#"test_seattlerb/utf8_bom.txt" = 0.02 s
[10926/26691] Prism::NodeIdTest#"test_whitequark/dedenting_non_interpolating_heredoc_line_continuati
on.txt" = 0.02 s
[10927/26691] Prism::NodeIdTest#"test_whitequark/class.txt" = 0.02 s
[10928/26691] Prism::NodeIdTest#"test_unparser/corpus/literal/defs.txt" = 0.05 s
[10929/26691] Prism::NodeIdTest#"test_seattlerb/defn_forward_args.txt" = 0.02 s
[10930/26691] Prism::NodeIdTest#"test_seattlerb/parse_line_op_asgn.txt" = 0.02 s
[10931/26691] Prism::NodeIdTest#"test_whitequark/interp_digit_var.txt" = 0.05 s
[10932/26691] Prism::NodeIdTest#"test_whitequark/resbody_list_var.txt" = 0.02 s
[10933/26691] Prism::NodeIdTest#"test_seattlerb/qsymbols_interp.txt" = 0.02 s
[10934/26691] Prism::NodeIdTest#"test_whitequark/and.txt" = 0.08 s
[10935/26691] Prism::NodeIdTest#"test_unparser/corpus/literal/if.txt" = 0.05 s
[10936/26691] Prism::NodeIdTest#"test_seattlerb/pctW_lineno.txt" = 0.02 s
[10937/26691] Prism::NodeIdTest#"test_seattlerb/parse_line_dot2.txt" = 0.02 s
[10938/26691] Prism::NodeIdTest#"test_seattlerb/op_asgn_val_dot_ident_command_call.txt" = 0.02 s
[10939/26691] Prism::NodeIdTest#"test_seattlerb/block_call_paren_call_block_call.txt" = 0.02 s
[10940/26691] Prism::NodeIdTest#"test_seattlerb/stabby_block_iter_call_no_target_with_arg.txt" = 0.0
2 s
[10941/26691] Prism::NodeIdTest#"test_whitequark/undef.txt" = 0.02 s
[10942/26691] Prism::NodeIdTest#"test_seattlerb/call_args_command.txt" = 0.02 s
[10943/26691] Prism::NodeIdTest#"test_whitequark/send_self.txt" = 0.02 s
[10944/26691] Prism::NodeIdTest#"test_begin_ensure.txt" = 0.04 s
[10945/26691] Prism::NodeIdTest#"test_unparser/corpus/semantic/send.txt" = 0.03 s
[10946/26691] Prism::NodeIdTest#"test_seattlerb/heredoc_with_carriage_return_escapes_windows.txt" =
0.02 s
[10947/26691] Prism::NodeIdTest#"test_seattlerb/safe_call_operator.txt" = 0.02 s
[10948/26691] Prism::NodeIdTest#"test_seattlerb/call_rshift.txt" = 0.02 s
[10949/26691] Prism::NodeIdTest#"test_seattlerb/str_interp_ternary_or_label.txt" = 0.02 s
[10950/26691] Prism::NodeIdTest#"test_whitequark/rescue_in_lambda_block.txt" = 0.02 s
[10951/26691] Prism::NodeIdTest#"test_seattlerb/call_self_brackets.txt" = 0.02 s
[10952/26691] Prism::NodeIdTest#"test_unparser/corpus/semantic/and.txt" = 0.03 s
[10953/26691] Prism::NodeIdTest#"test_whitequark/arg_scope.txt" = 0.02 s
[10954/26691] Prism::NodeIdTest#"test_seattlerb/str_lit_concat_bad_encodings.txt" = 0.02 s
[10955/26691] Prism::NodeIdTest#"test_seattlerb/module_comments.txt" = 0.02 s
[10956/26691] Prism::NodeIdTest#"test_seattlerb/call_spaceship.txt" = 0.02 s
[10957/26691] Prism::NodeIdTest#"test_seattlerb/case_in_86_2.txt" = 0.02 s
[10958/26691] Prism::NodeIdTest#"test_whitequark/complex.txt" = 0.02 s
[10959/26691] Prism::NodeIdTest#"test_seattlerb/iter_args_8_1.txt" = 0.02 s
[10960/26691] Prism::NodeIdTest#"test_unparser/corpus/literal/literal.txt" = 0.27 s
[10961/26691] Prism::NodeIdTest#"test_seattlerb/stabby_arg_opt_splat_arg_block_omfg.txt" = 0.02 s
[10962/26691] Prism::NodeIdTest#"test_whitequark/bug_do_block_in_cmdarg.txt" = 0.02 s
[10963/26691] Prism::NodeIdTest#"test_whitequark/parser_bug_272.txt" = 0.02 s
[10964/26691] Prism::NodeIdTest#"test_whitequark/rescue_else.txt" = 0.02 s
[10965/26691] Prism::NodeIdTest#"test_whitequark/beginless_range.txt" = 0.02 s
[10966/26691] Prism::NodeIdTest#"test_seattlerb/iter_args_10_2.txt" = 0.02 s
[10967/26691] Prism::NodeIdTest#"test_seattlerb/heredoc_lineno.txt" = 0.02 s
[10968/26691] Prism::NodeIdTest#"test_seattlerb/read_escape_unicode_h4.txt" = 0.02 s
[10969/26691] Prism::NodeIdTest#"test_unparser/corpus/literal/case.txt" = 0.06 s
[10970/26691] Prism::NodeIdTest#"test_whitequark/empty_stmt.txt" = 0.01 s
[10971/26691] Prism::NodeIdTest#"test_spanning_heredoc_newlines.txt" = 0.03 s
[10972/26691] Prism::NodeIdTest#"test_seattlerb/evstr_str.txt" = 0.10 s
[10973/26691] Prism::NodeIdTest#"test_whitequark/case_expr.txt" = 0.02 s
[10974/26691] Prism::NodeIdTest#"test_whitequark/kwbegin_compstmt.txt" = 0.02 s
[10975/26691] Prism::NodeIdTest#"test_seattlerb/defined_eh_parens.txt" = 0.02 s
[10976/26691] Prism::NodeIdTest#"test_seattlerb/parse_line_heredoc_regexp_chars.txt" = 0.02 s
[10977/26691] Prism::NodeIdTest#"test_unparser/corpus/literal/pattern.txt" = 0.08 s
[10978/26691] Prism::NodeIdTest#"test_case.txt" = 0.07 s
[10979/26691] Prism::NodeIdTest#"test_unparser/corpus/literal/block.txt" = 0.16 s
[10980/26691] Prism::NodeIdTest#"test_seattlerb/parse_while_not_canonical.txt" = 0.02 s
[10981/26691] Prism::NodeIdTest#"test_whitequark/ruby_bug_11873_b.txt" = 0.02 s
[10982/26691] Prism::NodeIdTest#"test_seattlerb/heredoc_unicode.txt" = 0.01 s
[10983/26691] Prism::NodeIdTest#"test_seattlerb/non_interpolated_symbol_array_line_breaks.txt" = 0.0
2 s
[10984/26691] Prism::NodeIdTest#"test_seattlerb/call_lte.txt" = 0.02 s
[10985/26691] Prism::NodeIdTest#"test_whitequark/numparam_ruby_bug_19025.txt" = 0.02 s
[10986/26691] Prism::NodeIdTest#"test_whitequark/send_block_conditional.txt" = 0.02 s
[10987/26691] Prism::NodeIdTest#"test_whitequark/send_lambda_legacy.txt" = 0.01 s
[10988/26691] Prism::NodeIdTest#"test_seattlerb/block_optarg.txt" = 0.02 s
[10989/26691] Prism::NodeIdTest#"test_whitequark/alias_gvar.txt" = 0.02 s
[10990/26691] Prism::NodeIdTest#"test_seattlerb/unary_tilde.txt" = 0.02 s
[10991/26691] Prism::NodeIdTest#"test_seattlerb/masgn_double_paren.txt" = 0.07 s
[10992/26691] Prism::NodeIdTest#"test_whitequark/send_call.txt" = 0.02 s
[10993/26691] Prism::NodeIdTest#"test_seattlerb/parse_line_newlines.txt" = 0.01 s
[10994/26691] Prism::NodeIdTest#"test_unparser/corpus/literal/for.txt" = 0.03 s
[10995/26691] Prism::NodeIdTest#"test_seattlerb/non_interpolated_word_array_line_breaks.txt" = 0.02
s
[10996/26691] Prism::NodeIdTest#"test_multi_write.txt" = 0.03 s
[10997/26691] Prism::NodeIdTest#"test_whitequark/ruby_bug_10279.txt" = 0.02 s
[10998/26691] Prism::NodeIdTest#"test_seattlerb/parse_line_call_ivar_arg_no_parens_line_break.txt" =
 0.02 s
[10999/26691] Prism::NodeIdTest#"test_whitequark/cond_match_current_line.txt" = 0.02 s
[11000/26691] Prism::NodeIdTest#"test_whitequark/cond_eflipflop_with_beginless_range.txt" = 0.02 s
[11001/26691] Prism::NodeIdTest#"test_seattlerb/evstr_evstr.txt" = 0.02 s
[11002/26691] Prism::NodeIdTest#"test_seattlerb/block_arg_splat_arg.txt" = 0.02 s
[11003/26691] Prism::NodeIdTest#"test_seattlerb/call_pipe.txt" = 0.02 s
[11004/26691] Prism::NodeIdTest#"test_whitequark/array_symbols.txt" = 0.02 s
[11005/26691] Prism::NodeIdTest#"test_seattlerb/float_with_if_modifier.txt" = 0.09 s
[11006/26691] Prism::NodeIdTest#"test_seattlerb/dstr_str.txt" = 0.02 s
[11007/26691] Prism::NodeIdTest#"test_whitequark/defs.txt" = 0.02 s
[11008/26691] Prism::NodeIdTest#"test_unparser/corpus/literal/since/32.txt" = 0.03 s
[11009/26691] Prism::NodeIdTest#"test_seattlerb/do_lambda.txt" = 0.01 s
[11010/26691] Prism::NodeIdTest#"test_seattlerb/bug290.txt" = 0.02 s
[11011/26691] Prism::NodeIdTest#"test_whitequark/parser_bug_518.txt" = 0.02 s
[11012/26691] Prism::NodeIdTest#"test_whitequark/ruby_bug_12686.txt" = 0.02 s
[11013/26691] Prism::NodeIdTest#"test_whitequark/int.txt" = 0.02 s
[11014/26691] URI::TestFTP#test_select = 0.04 s
[11015/26691] URI::TestFTP#test_assemble = 0.03 s
[11016/26691] URI::TestFTP#test_parse_invalid = 0.01 s
[11017/26691] URI::TestFTP#test_paths = 0.02 s
[11018/26691] URI::TestFTP#test_parse = 0.02 s
[11019/26691] TestRDocRIPaths#test_class_gemdirs_legacy = 2.08 s
[11020/26691] TestRDocRIPaths#test_class_system_dir = 0.37 s
[11021/26691] TestRDocRIPaths#test_class_site_dir = 0.37 s
[11022/26691] TestRDocRIPaths#test_class_gemdirs_latest = 0.37 s
[11023/26691] TestRDocRIPaths#test_class_gemdirs_all = 0.38 s
[11024/26691] TestRDocRIPaths#test_class_home_dir = 0.37 s
[11025/26691] TestRDocRIPaths#test_class_raw_path = 0.39 s
[11026/26691] TestRDocRIPaths#test_class_raw_path_extra_dirs = 0.38 s
[11027/26691] TestRDocRIPaths#test_class_each = 0.38 s
[11028/26691] TestRDocRIPaths#test_class_path_nonexistent = 0.39 s
[11029/26691] TestRDocRIPaths#test_class_gem_dir = 0.38 s
[11030/26691] TestSingleton#test_extending_singleton_raises_exception = 0.02 s
[11031/26691] TestSingleton#test_inheritance_creates_separate_singleton = 0.02 s
[11032/26691] TestSingleton#test_inheritance_works_with_overridden_inherited_method = 0.02 s
[11033/26691] TestSingleton#test_class_level_cloning_preserves_singleton_behavior = 0.01 s
[11034/26691] TestSingleton#test_inheritance_instantiation = 0.01 s
[11035/26691] TestSingleton#test_class_level_cloning_creates_separate_singleton = 0.01 s
[11036/26691] TestSingleton#test_initialize_raises_exception = 0.01 s
[11037/26691] TestSingleton#test_dup_raises_exception = 0.01 s
[11038/26691] TestSingleton#test_clone_raises_exception = 0.01 s
[11039/26691] TestSingleton#test_instance_never_changes = 0.01 s
[11040/26691] TestSingleton#test_marshal = 0.01 s
[11041/26691] TestSingleton#test_allocate_raises_exception = 0.01 s
[11042/26691] TestSingleton#test_include_in_module_raises_exception = 0.01 s
[11043/26691] TestFiberProcess#test_process_wait = 0.70 s
[11044/26691] TestFiberProcess#test_system = 0.37 s
[11045/26691] TestFiberProcess#test_system_faulty_process_wait = 0.66 s
[11046/26691] TestFiberProcess#test_fork = 6.84 s
[11047/26691] TestOptionParser::WithPattern#test_require_exact = 0.47 s
[11048/26691] TestOptionParser::WithPattern#test_permute = 0.07 s
[11049/26691] TestOptionParser::WithPattern#test_raise_unknown = 0.12 s
[11050/26691] TestOptionParser::WithPattern#test_help_pager = 12.68 s
[11051/26691] TestOptionParser::WithPattern#test_pattern = 0.05 s
[11052/26691] TestOptionParser::WithPattern#test_regexp = 0.01 s
[11053/26691] TestOptionParser::WithPattern#test_order = 0.06 s
[11054/26691] TestOptionParser::WithPattern#test_nonopt_pattern = 0.06 s
[11055/26691] TestOptionParser::WithPattern#test_into = 0.15 s
[11056/26691] TestOptionParser::WithPattern#test_exact_option = 0.43 s
[11057/26691] TestRDocParserMarkdown#test_class_can_parse = 0.12 s
[11058/26691] TestRDocParserMarkdown#test_file = 0.05 s
[11059/26691] TestRDocParserMarkdown#test_scan = 0.98 s
[11060/26691] TestGemResolverIndexSpecification#test_initialize = 0.73 s
[11061/26691] TestGemResolverIndexSpecification#test_spec_local = 0.86 s
[11062/26691] TestGemResolverIndexSpecification#test_install = 0.99 s
[11063/26691] TestGemResolverIndexSpecification#test_initialize_platform = 0.75 s
[11064/26691] TestGemResolverIndexSpecification#test_spec = 1.25 s
[11065/26691] URI::TestWS#test_select = 0.04 s
[11066/26691] URI::TestWS#test_build = 0.02 s
[11067/26691] URI::TestWS#test_equal = 0.04 s
[11068/26691] URI::TestWS#test_normalize = 0.03 s
[11069/26691] URI::TestWS#test_parse = 0.01 s
[11070/26691] URI::TestWS#test_request_uri = 0.03 s
[11071/26691] TestFrozen#test_setting_ivar_on_frozen_string = 0.02 s
[11072/26691] TestFrozen#test_setting_ivar_on_frozen_string_with_ivars = 0.01 s
[11073/26691] TestFrozen#test_setting_ivar_on_frozen_obj = 0.01 s
[11074/26691] TestFrozen#test_setting_ivar_on_frozen_obj_with_ivars = 0.01 s
[11075/26691] TestDir#test_for_fd = 0.27 s
[11076/26691] TestDir#test_fileno = 0.24 s
[11077/26691] TestDir#test_glob_cases = 0.25 s
[11078/26691] TestDir#test_glob_starts_with_brace = 0.24 s
[11079/26691] TestDir#test_glob_super_root = 0.26 s
[11080/26691] TestDir#test_glob_base = 0.74 s
[11081/26691] TestDir#test_glob_gc_for_fd = 9.98 s
[11082/26691] TestDir#test_glob_recursive_with_brace = 0.32 s
[11083/26691] TestDir#test_close = 0.25 s
[11084/26691] TestDir#test_chdir_conflict = 0.28 s
[11085/26691] TestDir#test_each_child = 0.31 s
[11086/26691] TestDir#test_glob_base_dir = 0.41 s
[11087/26691] TestDir#test_unknown_keywords = 0.27 s
[11088/26691] TestDir#test_glob_too_may_open_files = 10.46 s
[11089/26691] TestDir#test_rewind = 0.25 s
[11090/26691] TestDir#test_entries = 0.29 s
[11091/26691] TestDir#test_path = 0.40 s
[11092/26691] TestDir#test_instance_chdir = 9.31 s
[11093/26691] TestDir#test_home_utf8 = 0.25 s
[11094/26691] TestDir#test_home = 0.29 s
[11095/26691] TestDir#test_seek = 0.42 s
[11096/26691] TestDir#test_dir_enc = 0.30 s
[11097/26691] TestDir#test_empty? = 0.42 s
[11098/26691] TestDir#test_glob = 0.43 s
[11099/26691] TestDir#test_glob_array_with_destructive_element = 13.58 s
[11100/26691] TestDir#test_children = 0.28 s
[11101/26691] TestDir#test_glob_metachar = 0.24 s
[11102/26691] TestDir#test_glob_order = 0.26 s
[11103/26691] TestDir#test_set_pos = 0.27 s
[11104/26691] TestDir#test_glob_recursive_directory = 0.37 s
[11105/26691] TestDir#test_symlink = 0.45 s
[11106/26691] TestDir#test_glob_recursive = 0.41 s
[11107/26691] TestDir#test_glob_ignore_casefold_invalid_encoding = 0.25 s
[11108/26691] TestDir#test_foreach = 0.29 s
[11109/26691] TestDir#test_nodir = 0.24 s
[11110/26691] TestDir#test_chroot_nodir = 0.24 s
[11111/26691] TestDir#test_class_chdir = 0.31 s
[11112/26691] TestDir#test_inspect = 0.25 s
[11113/26691] TestDir#test_symlinks_not_resolved = 0.27 s
[11114/26691] TestTime#test_strftime = 0.06 s
[11115/26691] TestTime#test_getlocal_dont_share_eigenclass = 0.01 s
[11116/26691] TestTime#test_getlocal_nil = 0.01 s
[11117/26691] TestTime#test_strftime_yearday_on_last_day_of_year = 0.02 s
[11118/26691] TestTime#test_marshal_zone_gc = 30.82 s
[11119/26691] TestTime#test_round = 0.62 s
[11120/26691] TestTime#test_marshal_distant_future = 0.03 s
[11121/26691] TestTime#test_future = 0.03 s
[11122/26691] TestTime#test_to_s = 0.02 s
[11123/26691] TestTime#test_asctime = 0.02 s
[11124/26691] TestTime#test_strftime_weeknum = 0.01 s
[11125/26691] TestTime#test_strtime = 0.01 s
[11126/26691] TestTime#test_utc_p = 0.01 s
[11127/26691] TestTime#test_at_rational = 0.01 s
[11128/26691] TestTime#test_zone = 0.02 s
[11129/26691] TestTime#test_at2 = 0.02 s
[11130/26691] TestTime#test_reinitialize = 0.02 s
[11131/26691] TestTime#test_marshal_distant_past = 0.02 s
[11132/26691] TestTime#test_ceil = 0.06 s
[11133/26691] TestTime#test_1901 = 0.03 s
[11134/26691] TestTime#test_strftime_invalid_modifier = 0.02 s
[11135/26691] TestTime#test_num_exact_error = 0.05 s
[11136/26691] TestTime#test_eq_nsec = 0.02 s
[11137/26691] TestTime#test_strftime_padding = 0.05 s
[11138/26691] TestTime#test_timegm = 0.03 s
[11139/26691] TestTime#test_new = 0.07 s
[11140/26691] TestTime#test_marshal_broken_offset = 0.03 s
[11141/26691] TestTime#test_marshal_nsec_191 = 0.01 s
[11142/26691] TestTime#test_marshal_rational = 0.03 s
[11143/26691] TestTime#test_to_f_accuracy = 0.01 s
[11144/26691] TestTime#test_big_minus = 0.01 s
[11145/26691] TestTime#test_past = 0.03 s
[11146/26691] TestTime#test_time_add = 0.03 s
[11147/26691] TestTime#test_marshal_ivar = 0.07 s
[11148/26691] TestTime#test_delegate = 0.02 s
[11149/26691] TestTime#test_2038 = 0.35 s
[11150/26691] TestTime#test_huge_difference = 0.01 s
[11151/26691] TestTime#test_localtime_gmtime = 0.03 s
[11152/26691] TestTime#test_init_copy = 0.01 s
[11153/26691] TestTime#test_strftime_ctrlchar = 0.02 s
[11154/26691] TestTime#test_strftime_seconds_from_epoch = 0.04 s
[11155/26691] TestTime#test_cmp = 0.01 s
[11156/26691] TestTime#test_strftime_sec = 0.01 s
[11157/26691] TestTime#test_time_interval = 0.06 s
[11158/26691] TestTime#test_new_from_string = 0.30 s
[11159/26691] TestTime#test_plus_minus = 0.01 s
[11160/26691] TestTime#test_hash = 0.01 s
[11161/26691] TestTime#test_at_with_unit = 0.02 s
[11162/26691] TestTime#test_xmlschema_encode = 0.10 s
[11163/26691] TestTime#test_strftime_zone = 0.01 s
[11164/26691] TestTime#test_deconstruct_keys = 0.01 s
[11165/26691] TestTime#test_strftime_year = 0.03 s
[11166/26691] TestTime#test_strftime_rational = 0.07 s
[11167/26691] TestTime#test_marshal_to_s = 0.01 s
[11168/26691] TestTime#test_strftime_wide_precision = 0.01 s
[11169/26691] TestTime#test_utc_or_local = 0.06 s
[11170/26691] TestTime#test_marshal_zone = 0.02 s
[11171/26691] TestTime#test_utc_subsecond = 0.01 s
[11172/26691] TestTime#test_minus = 0.01 s
[11173/26691] TestTime#test_plus_type = 0.05 s
[11174/26691] TestTime#test_marshal_broken_month = 0.01 s
[11175/26691] TestTime#test_sec_str = 0.01 s
[11176/26691] TestTime#test_at = 0.17 s
[11177/26691] TestTime#test_floor = 0.05 s
[11178/26691] TestTime#test_strftime_too_wide = 0.01 s
[11179/26691] TestTime#test_strftime_far_future = 0.01 s
[11180/26691] TestTime#test_strftime_invalid_flags = 0.01 s
[11181/26691] TestTime#test_at3 = 0.01 s
[11182/26691] TestTime#test_at_splat = 0.01 s
[11183/26691] TestTime#test_strftime_weekflags = 0.02 s
[11184/26691] TestTime#test_strftime_flags = 0.06 s
[11185/26691] TestTime#test_getlocal_utc_offset = 0.03 s
[11186/26691] TestTime#test_time_time = 0.01 s
[11187/26691] TestTime#test_to_f = 0.01 s
[11188/26691] TestTime#test_marshal_timezone = 0.02 s
[11189/26691] TestTime#test_getlocal_utc = 0.01 s
[11190/26691] TestTime#test_inspect = 0.05 s
[11191/26691] TestTime#test_memsize = 0.04 s
[11192/26691] TestTime#test_strftime_subsec = 0.04 s
[11193/26691] TestTime#test_readers = 0.05 s
[11194/26691] TestTime#test_eql = 0.01 s
[11195/26691] TestTime#test_1970 = 0.02 s
[11196/26691] TestTime#test_parse_zero_bigint = 0.01 s
[11197/26691] TestTime#test_marshal_broken_zone = 0.02 s
[11198/26691] TestTime#test_marshal_nsec = 0.05 s
[11199/26691] TestTime#test_to_r = 0.01 s
[11200/26691] TestTime#test_time_subt = 0.02 s
[11201/26691] TestTime#test_strfimte_zoneoffset = 0.03 s
[11202/26691] TestGemCommandsCheckCommand#test_initialize = 0.63 s
[11203/26691] TestGemCommandsCheckCommand#test_handle_options = 0.82 s
[11204/26691] TestGemCommandsCheckCommand#test_handle_options_defaults = 0.79 s
[11205/26691] TestGemCommandsCheckCommand#test_doctor = 0.96 s
[11206/26691] TestMkmfGlobal#test_global_cpp_include = 0.02 s
[11207/26691] TestMkmfGlobal#test_global_try_cflags = 0.01 s
[11208/26691] TestMkmfGlobal#test_global_have_var = 0.01 s
[11209/26691] TestMkmfGlobal#test_global_convertible_int = 0.01 s
[11210/26691] TestMkmfGlobal#test_global_try_const = 0.01 s
[11211/26691] TestMkmfGlobal#test_global_mkmf_failed = 0.01 s
[11212/26691] TestMkmfGlobal#test_global_have_typeof? = 0.01 s
[11213/26691] TestMkmfGlobal#test_global_with_cflags = 0.01 s
[11214/26691] TestMkmfGlobal#test_global_append_library = 0.01 s
[11215/26691] TestMkmfGlobal#test_global_create_tmpsrc = 0.01 s
[11216/26691] TestMkmfGlobal#test_global_map_dir = 0.01 s
[11217/26691] TestMkmfGlobal#test_global_depend_rules = 0.01 s
[11218/26691] TestMkmfGlobal#test_global_try_do = 0.01 s
[11219/26691] TestMkmfGlobal#test_global_have_struct_member = 0.01 s
[11220/26691] TestMkmfGlobal#test_global_scalar_type? = 0.01 s
[11221/26691] TestMkmfGlobal#test_global_timestamp_file = 0.01 s
[11222/26691] TestMkmfGlobal#test_global_checking_message = 0.01 s
[11223/26691] TestMkmfGlobal#test_global_cc_command = 0.01 s
[11224/26691] TestMkmfGlobal#test_global_have_framework = 0.01 s
[11225/26691] TestMkmfGlobal#test_global_xsystem = 0.01 s
[11226/26691] TestMkmfGlobal#test_global_install_files = 0.01 s
[11227/26691] TestMkmfGlobal#test_global_try_static_assert = 0.01 s
[11228/26691] TestMkmfGlobal#test_global_find_library = 0.01 s
[11229/26691] TestMkmfGlobal#test_global_init_mkmf = 0.01 s
[11230/26691] TestMkmfGlobal#test_global_check_signedness = 0.01 s
[11231/26691] TestMkmfGlobal#test_global_have_devel? = 0.01 s
[11232/26691] TestMkmfGlobal#test_global_cpp_command = 0.01 s
[11233/26691] TestMkmfGlobal#test_global_have_header = 0.01 s
[11234/26691] TestMkmfGlobal#test_global_relative_from = 0.01 s
[11235/26691] TestMkmfGlobal#test_global_link_command = 0.01 s
[11236/26691] TestMkmfGlobal#test_global_modified? = 0.01 s
[11237/26691] TestMkmfGlobal#test_global_log_src = 0.01 s
[11238/26691] TestMkmfGlobal#test_global_merge_libs = 0.01 s
[11239/26691] TestMkmfGlobal#test_global_link_config = 0.01 s
[11240/26691] TestMkmfGlobal#test_global_with_destdir = 0.01 s
[11241/26691] TestMkmfGlobal#test_global_try_link0 = 0.01 s
[11242/26691] TestMkmfGlobal#test_global_macro_defined? = 0.01 s
[11243/26691] TestMkmfGlobal#test_global_create_header = 0.01 s
[11244/26691] TestMkmfGlobal#test_global_append_ldflags = 0.01 s
[11245/26691] TestMkmfGlobal#test_global_have_macro = 0.01 s
[11246/26691] TestMkmfGlobal#test_global_scalar_ptr_type? = 0.01 s
[11247/26691] TestMkmfGlobal#test_global_find_type = 0.01 s
[11248/26691] TestMkmfGlobal#test_global_try_signedness = 0.01 s
[11249/26691] TestMkmfGlobal#test_global_try_cpp = 0.01 s
[11250/26691] TestMkmfGlobal#test_global_try_var = 0.01 s
[11251/26691] TestMkmfGlobal#test_global_with_ldflags = 0.01 s
[11252/26691] TestMkmfGlobal#test_global_typedef_expr = 0.01 s
[11253/26691] TestMkmfGlobal#test_global_have_func = 0.01 s
[11254/26691] TestMkmfGlobal#test_global_create_makefile = 0.01 s
[11255/26691] TestMkmfGlobal#test_global_try_compile = 0.01 s
[11256/26691] TestMkmfGlobal#test_global_split_libs = 0.01 s
[11257/26691] TestMkmfGlobal#test_global_try_run = 0.01 s
[11258/26691] TestMkmfGlobal#test_global_enable_config = 0.01 s
[11259/26691] TestMkmfGlobal#test_global_each_compile_rules = 0.01 s
[11260/26691] TestMkmfGlobal#test_global_try_cppflags = 0.01 s
[11261/26691] TestMkmfGlobal#test_global_try_ldflags = 0.01 s
[11262/26691] TestMkmfGlobal#test_global_find_executable = 0.01 s
[11263/26691] TestMkmfGlobal#test_global_pkg_config = 0.01 s
[11264/26691] TestMkmfGlobal#test_global_have_type = 0.01 s
[11265/26691] TestMkmfGlobal#test_global_dir_config = 0.01 s
[11266/26691] TestMkmfGlobal#test_global_libpathflag = 0.01 s
[11267/26691] TestMkmfGlobal#test_global_werror_flag = 0.01 s
[11268/26691] TestMkmfGlobal#test_global_conftest_source = 0.01 s
[11269/26691] TestMkmfGlobal#test_global_env_quote = 0.01 s
[11270/26691] TestMkmfGlobal#test_global_install_dirs = 0.01 s
[11271/26691] TestMkmfGlobal#test_global_arg_config = 0.01 s
[11272/26691] TestMkmfGlobal#test_global_mkintpath = 0.01 s
[11273/26691] TestMkmfGlobal#test_global_find_executable0 = 0.01 s
[11274/26691] TestMkmfGlobal#test_global_egrep_cpp = 0.01 s
[11275/26691] TestMkmfGlobal#test_global_with_werror = 0.01 s
[11276/26691] TestMkmfGlobal#test_global_have_const = 0.01 s
[11277/26691] TestMkmfGlobal#test_global_try_func = 0.01 s
[11278/26691] TestMkmfGlobal#test_global_try_header = 0.01 s
[11279/26691] TestMkmfGlobal#test_global_message = 0.01 s
[11280/26691] TestMkmfGlobal#test_global_what_type? = 0.01 s
[11281/26691] TestMkmfGlobal#test_global_with_cppflags = 0.01 s
[11282/26691] TestMkmfGlobal#test_global_with_config = 0.01 s
[11283/26691] TestMkmfGlobal#test_global_xpopen = 0.01 s
[11284/26691] TestMkmfGlobal#test_global_configuration = 0.01 s
[11285/26691] TestMkmfGlobal#test_global_winsep = 0.01 s
[11286/26691] TestMkmfGlobal#test_global_checking_for = 0.01 s
[11287/26691] TestMkmfGlobal#test_global_cc_config = 0.01 s
[11288/26691] TestMkmfGlobal#test_global_try_link = 0.01 s
[11289/26691] TestMkmfGlobal#test_global_try_type = 0.01 s
[11290/26691] TestMkmfGlobal#test_global_append_cppflags = 0.01 s
[11291/26691] TestMkmfGlobal#test_global_append_cflags = 0.01 s
[11292/26691] TestMkmfGlobal#test_global_have_library = 0.01 s
[11293/26691] TestMkmfGlobal#test_global_find_header = 0.01 s
[11294/26691] TestMkmfGlobal#test_global_dummy_makefile = 0.01 s
[11295/26691] TestMkmfGlobal#test_global_libpath_env = 0.01 s
[11296/26691] TestMkmfGlobal#test_global_try_constant = 0.01 s
[11297/26691] TestMkmfGlobal#test_global_install_rb = 0.01 s
[11298/26691] TestMkmfGlobal#test_global_check_sizeof = 0.01 s
[11299/26691] TestMkmfGlobal#test_global_expand_command = 0.01 s
[11300/26691] WebauthnPollerTest#test_poll_for_otp_success = 0.70 s
[11301/26691] WebauthnPollerTest#test_poll_for_otp_missing_credentials = 0.60 s
[11302/26691] WebauthnPollerTest#test_poll_for_otp_invalid_status = 0.61 s
[11303/26691] WebauthnPollerTest#test_poll_for_otp_invalid_format = 0.69 s
[11304/26691] WebauthnPollerTest#test_poll_thread_success = 0.70 s
[11305/26691] WebauthnPollerTest#test_poll_for_otp_not_http_success = 0.61 s
[11306/26691] WebauthnPollerTest#test_poll_thread_timeout_error = 0.54 s
[11307/26691] WebauthnPollerTest#test_poll_thread_webauthn_verification_error = 0.54 s
[11308/26691] WebauthnPollerTest#test_poll_for_otp_pending_sleeps = 0.64 s
[11309/26691] TestIRB::IrbIOConfigurationTest::DynamicPromptTest#test_endless_range_at_end_of_line =
 0.12 s
[11310/26691] TestIRB::IrbIOConfigurationTest::DynamicPromptTest#test_dynamic_prompt_with_blank_line
 = 0.08 s
[11311/26691] TestIRB::IrbIOConfigurationTest::DynamicPromptTest#test_dynamic_prompt_with_multiline_
literal = 0.19 s
[11312/26691] TestIRB::IrbIOConfigurationTest::DynamicPromptTest#test_dynamic_prompt = 0.10 s
[11313/26691] TestIRB::IrbIOConfigurationTest::DynamicPromptTest#test_heredoc_prompt_with_quotes = 0
.14 s
[11314/26691] TestIRB::IrbIOConfigurationTest::DynamicPromptTest#test_backtick_method = 0.13 s
[11315/26691] TestIRB::IrbIOConfigurationTest::DynamicPromptTest#test_heredoc_with_embexpr = 0.21 s
[11316/26691] TestIRB::IrbIOConfigurationTest::DynamicPromptTest#test_dynamic_prompt_with_double_new
line_breaking_code = 0.11 s
[11317/26691] TestGemCommandsInstallCommand#test_execute_uses_from_a_gemdeps = 0.94 s
[11318/26691] TestGemCommandsInstallCommand#test_execute_nonexistent_hint_disabled = 1.30 s
[11319/26691] TestGemCommandsInstallCommand#test_execute_explicit_version_includes_prerelease = 0.99
 s
[11320/26691] TestGemCommandsInstallCommand#test_execute_with_gemdeps_path_ignores_system = 0.99 s
[11321/26691] TestGemCommandsInstallCommand#test_install_gem_ignore_dependencies_remote_platform_loc
al = 0.99 s
[11322/26691] TestGemCommandsInstallCommand#test_execute_remote = 0.99 s
[11323/26691] TestGemCommandsInstallCommand#test_suggest_update_if_enabled = 1.18 s
[11324/26691] TestGemCommandsInstallCommand#test_show_errors_on_failure = 0.95 s
[11325/26691] TestGemCommandsInstallCommand#test_execute_required_ruby_version = 1.00 s
[11326/26691] TestGemCommandsInstallCommand#test_execute_local_transitive_prerelease = 1.00 s
[11327/26691] TestGemCommandsInstallCommand#test_install_gem_ignore_dependencies_specific_file = 0.9
3 s
[11328/26691] TestGemCommandsInstallCommand#test_execute_required_ruby_version_specific_prerelease_n
ot_met = 1.01 s
[11329/26691] TestGemCommandsInstallCommand#test_parses_requirement_from_gemname = 0.99 s
[11330/26691] TestGemCommandsInstallCommand#test_execute_two = 0.99 s
[11331/26691] TestGemCommandsInstallCommand#test_explain_platform_local = 1.77 s
[11332/26691] TestGemCommandsInstallCommand#test_redact_credentials_from_uri_on_warning = 0.99 s
[11333/26691] TestGemCommandsInstallCommand#test_execute_bad_source = 1.03 s
[11334/26691] TestGemCommandsInstallCommand#test_execute_exclude_prerelease = 0.98 s
[11335/26691] TestGemCommandsInstallCommand#test_show_source_problems_even_on_success = 0.99 s
[11336/26691] TestGemCommandsInstallCommand#test_execute_conservative = 0.98 s
[11337/26691] TestGemCommandsInstallCommand#test_execute_installs_deps_a_gemdeps = 0.99 s
[11338/26691] TestGemCommandsInstallCommand#test_handle_options_suggest = 3.43 s
[11339/26691] TestGemCommandsInstallCommand#test_execute_remote_ignores_files = 0.91 s
[11340/26691] TestGemCommandsInstallCommand#test_install_gem_ignore_dependencies_remote = 0.99 s
[11341/26691] TestGemCommandsInstallCommand#test_execute_no_user_install = 0.62 s
[11342/26691] TestGemCommandsInstallCommand#test_execute_prerelease_skipped_when_non_pre_available =
 0.91 s
[11343/26691] TestGemCommandsInstallCommand#test_execute_with_version_specified_by_colon = 0.98 s
[11344/26691] TestGemCommandsInstallCommand#test_execute_nonexistent = 1.11 s
[11345/26691] TestGemCommandsInstallCommand#test_execute_required_ruby_version_specific_not_met = 0.
99 s
[11346/26691] TestGemCommandsInstallCommand#test_execute_dependency_nonexistent = 1.62 s
[11347/26691] TestGemCommandsInstallCommand#test_execute_remote_truncates_existing_gemspecs = 0.99 s
[11348/26691] TestGemCommandsInstallCommand#test_execute_two_version_specified_by_colon = 0.99 s
[11349/26691] TestGemCommandsInstallCommand#test_execute_with_invalid_gem_file = 0.99 s
[11350/26691] TestGemCommandsInstallCommand#test_execute_local = 0.99 s
[11351/26691] TestGemCommandsInstallCommand#test_install_gem_ignore_dependencies_both = 1.40 s
[11352/26691] TestGemCommandsInstallCommand#test_execute_required_ruby_version_upper_bound = 0.99 s
[11353/26691] TestGemCommandsInstallCommand#test_execute_two_version = 0.60 s
[11354/26691] TestGemCommandsInstallCommand#test_execute_installs_deps_a_gemdeps_into_a_path = 1.00
s
[11355/26691] TestGemCommandsInstallCommand#test_execute_prerelease_wins_over_previous_ver = 0.97 s
[11356/26691] TestGemCommandsInstallCommand#test_explain_platform_ruby_ignore_dependencies = 1.82 s
[11357/26691] TestGemCommandsInstallCommand#test_execute_local_dependency_nonexistent = 1.07 s
[11358/26691] TestGemCommandsInstallCommand#test_execute_http_proxy = 3.51 s
[11359/26691] TestGemCommandsInstallCommand#test_handle_options_file = 3.55 s
[11360/26691] TestGemCommandsInstallCommand#test_execute_local_missing_ignore_dependencies = 0.70 s
[11361/26691] TestGemCommandsInstallCommand#test_execute_nonexistent_with_dashes = 1.07 s
[11362/26691] TestGemCommandsInstallCommand#test_execute_prerelease_skipped_when_no_flag_set = 0.97
s
[11363/26691] TestGemCommandsInstallCommand#test_execute_required_ruby_version_specific_prerelease_m
et = 1.07 s
[11364/26691] TestGemCommandsInstallCommand#test_execute_local_missing = 0.77 s
[11365/26691] TestGemCommandsInstallCommand#test_execute_local_dependency_nonexistent_ignore_depende
ncies = 1.06 s
[11366/26691] TestGemCommandsInstallCommand#test_execute_nonexistent_with_hint = 1.20 s
[11367/26691] TestGemCommandsInstallCommand#test_explain_platform_local_ignore_dependencies = 1.81 s
[11368/26691] TestGemCommandsInstallCommand#test_execute_no_gem = 0.67 s
[11369/26691] TestGemCommandsInstallCommand#test_handle_options_without = 3.33 s
[11370/26691] TestGemCommandsInstallCommand#test_execute_nonexistent_force = 1.10 s
[11371/26691] TestGemCommandsInstallCommand#test_execute_uses_deps_a_gemdeps_with_a_path = 0.96 s
[11372/26691] TestGemCommandsInstallCommand#test_execute_uses_deps_a_gemdeps = 1.06 s
[11373/26691] TestGemCommandsInstallCommand#test_execute_required_rubygems_version_wrong = 0.97 s
[11374/26691] TestGemCommandsInstallCommand#test_execute_saves_build_args = 1.08 s
[11375/26691] TestGemCommandsInstallCommand#test_execute_installs_from_a_gemdeps = 0.97 s
[11376/26691] TestGemCommandsInstallCommand#test_execute_uses_from_a_gemdeps_with_no_lock = 1.06 s
[11377/26691] TestGemCommandsInstallCommand#test_explain_platform_ruby = 1.79 s
[11378/26691] TestGemCommandsInstallCommand#test_execute_installs_from_a_gemdeps_with_conservative =
 0.97 s
[11379/26691] Prism::WarningsTest#test_shebang_ending_with_carriage_return = 0.05 s
[11380/26691] Prism::WarningsTest#test_binary_operator = 0.30 s
[11381/26691] Prism::WarningsTest#test_ambiguous_ampersand = 0.05 s
[11382/26691] Prism::WarningsTest#test_unreachable_statement = 0.08 s
[11383/26691] Prism::WarningsTest#test_indentation_mismatch = 0.57 s
[11384/26691] Prism::WarningsTest#test_equal_in_conditional = 0.02 s
[11385/26691] Prism::WarningsTest#test_duplicated_hash_key = 0.03 s
[11386/26691] Prism::WarningsTest#test_ambiguous_ustar = 0.02 s
[11387/26691] Prism::WarningsTest#test_keyword_eol = 0.03 s
[11388/26691] Prism::WarningsTest#test_void_statements = 0.44 s
[11389/26691] Prism::WarningsTest#test_ambiguous_regexp = 0.02 s
[11390/26691] Prism::WarningsTest#test_ambiguous_uminus = 0.02 s
[11391/26691] Prism::WarningsTest#test_unused_local_variables = 0.21 s
[11392/26691] Prism::WarningsTest#test_numbered_reference = 0.02 s
[11393/26691] Prism::WarningsTest#test_duplicated_when_clause = 0.02 s
[11394/26691] Prism::WarningsTest#test_ambiguous_uplus = 0.02 s
[11395/26691] Prism::WarningsTest#test_regexp_in_predicate = 0.03 s
[11396/26691] Prism::WarningsTest#test_END_in_method = 0.02 s
[11397/26691] Prism::WarningsTest#test_float_out_of_range = 0.02 s
[11398/26691] Prism::WarningsTest#test_warnings_verbosity = 0.02 s
[11399/26691] Prism::WarningsTest#test_literal_in_conditionals = 0.24 s
[11400/26691] Prism::WarningsTest#test_integer_in_flip_flop = 0.02 s
[11401/26691] Prism::WarningsTest#test_shareable_constant_value = 0.04 s
[11402/26691] Prism::WarningsTest#test_dot_dot_dot_eol = 0.06 s
[11403/26691] Prism::WarningsTest#test_literal_in_predicate = 0.06 s
[11404/26691] Prism::WarningsTest#test_string_in_predicate = 0.04 s
[11405/26691] Prism::WarningsTest#test_symbol_in_predicate = 0.03 s
[11406/26691] TestUndef#test_undef = 0.02 s
[11407/26691] TestUndef#test_singleton_undef = 0.01 s
[11408/26691] TestUndef#test_special_const_undef = 0.01 s
[11409/26691] TestRDocCodeObject#test_start_doc_suppressed = 4.49 s
[11410/26691] TestRDocCodeObject#test_comment_equals_encoding = 4.46 s
[11411/26691] TestRDocCodeObject#test_display_eh_ignore = 4.44 s
[11412/26691] TestRDocCodeObject#test_documented_eh = 4.46 s
[11413/26691] TestRDocCodeObject#test_comment_equals = 4.45 s
[11414/26691] TestRDocCodeObject#test_initialize = 4.44 s
[11415/26691] TestRDocCodeObject#test_record_location_ignored = 4.47 s
[11416/26691] TestRDocCodeObject#test_store_equals = 4.46 s
[11417/26691] TestRDocCodeObject#test_metadata = 4.91 s
[11418/26691] TestRDocCodeObject#test_suppress_eh = 4.77 s
[11419/26691] TestRDocCodeObject#test_display_eh_suppress = 4.79 s
[11420/26691] TestRDocCodeObject#test_each_parent = 4.70 s
[11421/26691] TestRDocCodeObject#test_start_doc = 4.80 s
[11422/26691] TestRDocCodeObject#test_record_location = 4.71 s
[11423/26691] TestRDocCodeObject#test_done_documenting = 4.75 s
[11424/26691] TestRDocCodeObject#test_received_ndoc = 4.57 s
[11425/26691] TestRDocCodeObject#test_options = 4.57 s
[11426/26691] TestRDocCodeObject#test_record_location_suppressed = 4.60 s
[11427/26691] TestRDocCodeObject#test_comment_equals_encoding_blank = 4.61 s
[11428/26691] TestRDocCodeObject#test_display_eh_document_self = 4.42 s
[11429/26691] TestRDocCodeObject#test_parent_name = 4.43 s
[11430/26691] TestRDocCodeObject#test_ignore_eh = 4.43 s
[11431/26691] TestRDocCodeObject#test_start_doc_ignored = 4.43 s
[11432/26691] TestRDocCodeObject#test_ignore = 4.42 s
[11433/26691] TestRDocCodeObject#test_stop_doc = 4.82 s
[11434/26691] TestRDocCodeObject#test_section = 4.72 s
[11435/26691] TestRDocCodeObject#test_parent_file_name = 4.69 s
[11436/26691] TestRDocCodeObject#test_comment_equals_document = 4.66 s
[11437/26691] TestRDocCodeObject#test_document_children_equals = 4.74 s
[11438/26691] TestRDocCodeObject#test_line = 4.66 s
[11439/26691] TestRDocCodeObject#test_file_name = 4.66 s
[11440/26691] TestRDocCodeObject#test_suppress = 4.63 s
[11441/26691] TestRDocCodeObject#test_comment_equals_comment = 4.56 s
[11442/26691] TestRDocCodeObject#test_document_self_equals = 4.57 s
[11443/26691] TestRDocCodeObject#test_full_name_equals = 4.58 s
[11444/26691] TestResolvResource#test_srv_no_compress = 0.05 s
[11445/26691] TestResolvResource#test_equality = 0.02 s
[11446/26691] TestResolvResource#test_hash = 0.01 s
[11447/26691] TestResolvResource#test_coord = 0.02 s
[11448/26691] TestMkmfFindExecutable#test_find_executable_dir = 0.24 s
[11449/26691] TestMkmfFindExecutable#test_find_executable = 0.22 s
[11450/26691] RDocMarkupToAnsiTest#test_accept_list_item_end_label = 0.14 s
[11451/26691] RDocMarkupToAnsiTest#test_accept_list_start_bullet = 0.05 s
[11452/26691] RDocMarkupToAnsiTest#test_accept_paragraph_indent = 0.14 s
[11453/26691] RDocMarkupToAnsiTest#test_accept_paragraph_plus = 0.09 s
[11454/26691] RDocMarkupToAnsiTest#test_accept_list_item_start_note = 0.07 s
[11455/26691] RDocMarkupToAnsiTest#test_accept_list_item_end_lalpha = 0.05 s
[11456/26691] RDocMarkupToAnsiTest#test_accept_raw = 0.05 s
[11457/26691] RDocMarkupToAnsiTest#test_accept_list_start_note = 0.05 s
[11458/26691] RDocMarkupToAnsiTest#test_accept_list_end_lalpha = 0.05 s
[11459/26691] RDocMarkupToAnsiTest#test_end_accepting = 0.05 s
[11460/26691] RDocMarkupToAnsiTest#test_accept_list_item_start_lalpha = 0.05 s
[11461/26691] RDocMarkupToAnsiTest#test_accept_list_item_end_ualpha = 0.05 s
[11462/26691] RDocMarkupToAnsiTest#test_convert_list_note = 0.13 s
[11463/26691] RDocMarkupToAnsiTest#test_accept_list_end_ualpha = 0.05 s
[11464/26691] RDocMarkupToAnsiTest#test_accept_list_item_start_ualpha = 0.05 s
[11465/26691] RDocMarkupToAnsiTest#test_accept_rule_indent = 0.05 s
[11466/26691] RDocMarkupToAnsiTest#test_accept_paragraph_b = 0.09 s
[11467/26691] RDocMarkupToAnsiTest#test_accept_list_start_label = 0.05 s
[11468/26691] RDocMarkupToAnsiTest#test_accept_heading_4 = 0.07 s
[11469/26691] RDocMarkupToAnsiTest#test_accept_blank_line = 0.05 s
[11470/26691] RDocMarkupToAnsiTest#test_accept_paragraph_star = 0.08 s
[11471/26691] RDocMarkupToAnsiTest#test_accept_paragraph = 0.07 s
[11472/26691] RDocMarkupToAnsiTest#test_accept_heading_2 = 0.07 s
[11473/26691] RDocMarkupToAnsiTest#test_accept_paragraph_br = 0.09 s
[11474/26691] RDocMarkupToAnsiTest#test_accept_list_item_start_note_2 = 0.11 s
[11475/26691] RDocMarkupToAnsiTest#test_start_accepting = 0.05 s
[11476/26691] RDocMarkupToAnsiTest#test_accept_list_item_end_note = 0.07 s
[11477/26691] RDocMarkupToAnsiTest#test_accept_paragraph_wrap = 0.14 s
[11478/26691] RDocMarkupToAnsiTest#test_accept_list_item_start_note_multi_description = 0.13 s
[11479/26691] RDocMarkupToAnsiTest#test_accept_list_item_start_note_multi_label = 0.12 s
[11480/26691] RDocMarkupToAnsiTest#test_accept_list_start_number = 0.05 s
[11481/26691] RDocMarkupToAnsiTest#test_accept_list_end_note = 0.05 s
[11482/26691] RDocMarkupToAnsiTest#test_accept_table_align = 0.06 s
[11483/26691] RDocMarkupToAnsiTest#test_accept_list_item_end_bullet = 0.05 s
[11484/26691] RDocMarkupToAnsiTest#test_accept_rule = 0.05 s
[11485/26691] RDocMarkupToAnsiTest#test_attributes = 0.08 s
[11486/26691] RDocMarkupToAnsiTest#test_accept_list_end_bullet = 0.05 s
[11487/26691] RDocMarkupToAnsiTest#test_accept_list_item_start_label = 0.07 s
[11488/26691] RDocMarkupToAnsiTest#test_accept_list_item_start_bullet = 0.05 s
[11489/26691] RDocMarkupToAnsiTest#test_accept_paragraph_underscore = 0.08 s
[11490/26691] RDocMarkupToAnsiTest#test_accept_list_start_lalpha = 0.05 s
[11491/26691] RDocMarkupToAnsiTest#test_accept_heading = 0.07 s
[11492/26691] RDocMarkupToAnsiTest#test_accept_list_end_label = 0.05 s
[11493/26691] RDocMarkupToAnsiTest#test_accept_heading_3 = 0.07 s
[11494/26691] RDocMarkupToAnsiTest#test_accept_heading_suppressed_crossref = 0.08 s
[11495/26691] RDocMarkupToAnsiTest#test_accept_heading_1 = 0.07 s
[11496/26691] RDocMarkupToAnsiTest#test_accept_list_start_ualpha = 0.05 s
[11497/26691] RDocMarkupToAnsiTest#test_accept_block_quote = 0.08 s
[11498/26691] RDocMarkupToAnsiTest#test_accept_paragraph_break = 0.08 s
[11499/26691] RDocMarkupToAnsiTest#test_accept_verbatim = 0.05 s
[11500/26691] RDocMarkupToAnsiTest#test_accept_paragraph_i = 0.09 s
[11501/26691] RDocMarkupToAnsiTest#test_list_verbatim = 0.08 s
[11502/26691] RDocMarkupToAnsiTest#test_accept_heading_indent = 0.07 s
[11503/26691] RDocMarkupToAnsiTest#test_list_nested = 0.12 s
[11504/26691] RDocMarkupToAnsiTest#test_accept_verbatim_indent = 0.05 s
[11505/26691] RDocMarkupToAnsiTest#test_accept_list_item_start_number = 0.05 s
[11506/26691] RDocMarkupToAnsiTest#test_accept_heading_b = 0.08 s
[11507/26691] RDocMarkupToAnsiTest#test_accept_document = 0.08 s
[11508/26691] RDocMarkupToAnsiTest#test_accept_verbatim_big_indent = 0.05 s
[11509/26691] RDocMarkupToAnsiTest#test_accept_list_end_number = 0.05 s
[11510/26691] RDocMarkupToAnsiTest#test_accept_list_item_end_number = 0.05 s
[11511/26691] TestEncoding#test_dummy_p = 0.01 s
[11512/26691] TestEncoding#test_aliases = 1.93 s
[11513/26691] TestEncoding#test_find = 7.86 s
[11514/26691] TestEncoding#test_errinfo_after_autoload = 8.86 s
[11515/26691] TestEncoding#test_singleton = 0.76 s
[11516/26691] TestEncoding#test_ractor_load_encoding = 9.40 s
[11517/26691] TestEncoding#test_ascii_compatible_p = 0.02 s
[11518/26691] TestEncoding#test_enc_names = 0.21 s
[11519/26691] TestEncoding#test_marshal = 0.01 s
[11520/26691] TestEncoding#test_compatible_p = 0.02 s
[11521/26691] TestEncoding#test_name_list = 0.16 s
[11522/26691] TestEncoding#test_encoding = 0.47 s
[11523/26691] TestEncoding#test_nonascii_library_path = 9.29 s
[11524/26691] Test_Symbol::TestType#test_id2str_fstring_bug9171 = 0.03 s
[11525/26691] Test_Symbol::TestType#test_const_name_type = 0.02 s
[11526/26691] Test_Symbol::TestType#test_instance = 0.03 s
[11527/26691] Test_Symbol::TestType#test_global = 0.62 s
[11528/26691] Test_Symbol::TestType#test_check_id_invalid_type = 0.03 s
[11529/26691] Test_Symbol::TestType#test_check_symbol_invalid_type = 0.02 s
[11530/26691] Test_Symbol::TestType#test_attrset = 0.04 s
[11531/26691] Test_Symbol::TestType#test_local = 0.02 s
[11532/26691] Test_Symbol::TestType#test_const = 0.02 s
[11533/26691] Test_Symbol::TestType#test_class = 0.02 s
[11534/26691] CGIUtilPureRubyTest#test_cgi_unescapeHTML_following_known_first_letter = 0.03 s
[11535/26691] CGIUtilPureRubyTest#test_cgi_escapeHTML_with_invalid_byte_sequence = 0.01 s
[11536/26691] CGIUtilPureRubyTest#test_cgi_unescapeHTML_with_invalid_byte_sequence = 0.02 s
[11537/26691] CGIUtilPureRubyTest#test_cgi_unescapeHTML_following_invalid_numeric = 0.01 s
[11538/26691] CGIUtilPureRubyTest#test_cgi_unescapeHTML_following_number_sign = 0.01 s
[11539/26691] TestFiberBacktrace#test_local_backtrace = 0.04 s
[11540/26691] TestFiberBacktrace#test_backtrace_locations = 0.01 s
[11541/26691] TestFiberBacktrace#test_backtrace = 0.02 s
[11542/26691] TestPostponed_job#test_legacy_register_one_same = 9.52 s
[11543/26691] TestPostponed_job#test_legacy_register_in_c_thread = 9.06 s
[11544/26691] TestPostponed_job#test_preregister_and_trigger = 9.09 s
[11545/26691] TestPostponed_job#test_legacy_register = 10.95 s
[11546/26691] TestPostponed_job#test_multiple_preregistration_with_new_data = 9.07 s
[11547/26691] TestPostponed_job#test_multiple_preregistration = 9.05 s
[11548/26691] TestGemGemRunner#test_list_succeeds = 1.71 s
[11549/26691] TestGemGemRunner#test_query_is_deprecated = 1.61 s
[11550/26691] TestGemGemRunner#test_do_configuration = 0.89 s
[11551/26691] TestGemGemRunner#test_info_succeeds = 1.59 s
[11552/26691] TestGemGemRunner#test_extract_build_args = 0.67 s
[11553/26691] TestGemGemRunner#test_validate_encoding = 0.68 s
[11554/26691] TestGemGemRunner#test_search_succeeds = 1.71 s
[11555/26691] TestFiberSleep#test_broken_sleep = 0.05 s
[11556/26691] TestFiberSleep#test_sleep = 0.10 s
[11557/26691] TestFiberSleep#test_sleep_returns_seconds_slept = 2.04 s
[11558/26691] TestWeakMap#test_aset_const = 0.02 s
[11559/26691] TestWeakMap#test_each_key = 0.02 s
[11560/26691] TestWeakMap#test_use_after_free_bug_20688 = 11.79 s
[11561/26691] TestWeakMap#test_replaced_values_bug_19531 = 10.76 s
[11562/26691] TestWeakMap#test_inspect_garbage = 35.93 s
[11563/26691] TestWeakMap#test_include? = 10.70 s
[11564/26691] TestWeakMap#test_size = 0.01 s
[11565/26691] TestWeakMap#test_map = 0.01 s
[11566/26691] TestWeakMap#test_each = 0.02 s
[11567/26691] TestWeakMap#test_length = 0.01 s
[11568/26691] TestWeakMap#test_key? = 9.92 s
[11569/26691] TestWeakMap#test_frozen_object = 0.01 s
[11570/26691] TestWeakMap#test_member? = 9.91 s
[11571/26691] TestWeakMap#test_gc_compact_stress = 96.53 s
[11572/26691] TestWeakMap#test_delete = 0.01 s
[11573/26691] TestWeakMap#test_inspect = 0.01 s
[11574/26691] TestWeakMap#test_each_value = 0.01 s
[11575/26691] TestWeakMap#test_compaction = 2264.72 s
[11576/26691] TestRipper::Sexp#test_pattern_matching_298 = 0.04 s
[11577/26691] TestRipper::Sexp#test_pattern_matching_438 = 0.02 s
[11578/26691] TestRipper::Sexp#test_pattern_matching_368 = 0.02 s
[11579/26691] TestRipper::Sexp#test_command = 0.02 s
[11580/26691] TestRipper::Sexp#test_def_fname = 0.02 s
[11581/26691] TestRipper::Sexp#test_pattern_matching_506 = 0.02 s
[11582/26691] TestRipper::Sexp#test_pattern_matching_430 = 0.02 s
[11583/26691] TestRipper::Sexp#test_pattern_matching_360 = 0.02 s
[11584/26691] TestRipper::Sexp#test_pattern_matching_451 = 0.02 s
[11585/26691] TestRipper::Sexp#test_raise_errors_keyword = 0.03 s
[11586/26691] TestRipper::Sexp#test_pattern_matching_178 = 0.02 s
[11587/26691] TestRipper::Sexp#test_pattern_matching_488 = 0.02 s
[11588/26691] TestRipper::Sexp#test_params_mlhs = 0.04 s
[11589/26691] TestRipper::Sexp#test_pattern_matching_285 = 0.02 s
[11590/26691] TestRipper::Sexp#test_pattern_matching_314 = 0.02 s
[11591/26691] TestRipper::Sexp#test_pattern_matching_515 = 0.02 s
[11592/26691] TestRipper::Sexp#test_pattern_matching_446 = 0.02 s
[11593/26691] TestRipper::Sexp#test_pattern_matching_224 = 0.02 s
[11594/26691] TestRipper::Sexp#test_pattern_matching_211 = 0.02 s
[11595/26691] TestRipper::Sexp#test_named_with_default = 0.04 s
[11596/26691] TestRipper::Sexp#test_pattern_matching_526 = 0.02 s
[11597/26691] TestRipper::Sexp#test_pattern_matching_380 = 0.02 s
[11598/26691] TestRipper::Sexp#test_pattern_matching_274 = 0.02 s
[11599/26691] TestRipper::Sexp#test_pattern_matching_475 = 0.02 s
[11600/26691] TestRipper::Sexp#test_pattern_matching_391 = 0.02 s
[11601/26691] TestRipper::Sexp#test_pattern_matching_194 = 0.02 s
[11602/26691] TestRipper::Sexp#test_pattern_matching_399 = 0.02 s
[11603/26691] TestRipper::Sexp#test_compile_error = 0.09 s
[11604/26691] TestRipper::Sexp#test_pattern_matching_463 = 0.02 s
[11605/26691] TestRipper::Sexp#test_pattern_matching_262 = 0.02 s
[11606/26691] TestRipper::Sexp#test_pattern_matching_534 = 0.02 s
[11607/26691] TestRipper::Sexp#test_pattern_matching_337 = 0.02 s
[11608/26691] TestRipper::Sexp#test_pattern_matching_199 = 0.02 s
[11609/26691] TestRipper::Sexp#test_regexp_content = 0.04 s
[11610/26691] TestRipper::Sexp#test_pattern_matching_326 = 0.02 s
[11611/26691] TestRipper::Sexp#test_hshptn = 0.03 s
[11612/26691] TestRipper::Sexp#test_pattern_matching_411 = 0.02 s
[11613/26691] TestRipper::Sexp#test_pattern_matching_186 = 0.02 s
[11614/26691] TestRipper::Sexp#test_defs_fname = 0.02 s
[11615/26691] TestRipper::Sexp#test_pattern_matching_349 = 0.02 s
[11616/26691] TestRipper::Sexp#test_squiggly_heredoc = 0.02 s
[11617/26691] TestRipper::Sexp#test_hash_value_omission = 0.02 s
[11618/26691] TestRipper::Sexp#test_pattern_matching_518 = 0.02 s
[11619/26691] TestRipper::Sexp#test_pattern_matching_244 = 0.02 s
[11620/26691] TestRipper::Sexp#test_squiggly_heredoc_with_interpolated_expression = 0.03 s
[11621/26691] TestRipper::Sexp#test_pattern_matching_173 = 0.02 s
[11622/26691] TestRipper::Sexp#test_pattern_matching_422 = 0.02 s
[11623/26691] TestRipper::Sexp#test_pattern_matching_512 = 0.02 s
[11624/26691] TestRipper::Sexp#test_pattern_matching_509 = 0.02 s
[11625/26691] TestRipper::Sexp#test_regexp_named_capture = 0.04 s
[11626/26691] TestRipper::Sexp#test_dsym = 0.01 s
[11627/26691] TestRipper::Sexp#test_pattern_matching_232 = 0.02 s
[11628/26691] TestRipper::Sexp#test_pattern_matching_501 = 0.02 s
[11629/26691] TestRipper::Sexp#test_pattern_matching_496 = 0.02 s
[11630/26691] TestRipper::Sexp#test_pattern_matching_306 = 0.02 s
[11631/26691] TestRipper::Sexp#test_heredoc_content = 0.01 s
[11632/26691] TestRipper::Sexp#test_pattern_matching_257 = 0.02 s
[11633/26691] TestRipper::Sexp#test_pattern_matching_293 = 0.02 s
[11634/26691] Bug::Struct::Test_Member#test_member_get = 0.04 s
[11635/26691] TestEnumerable#test_reverse_each_memory_corruption = 93.11 s
[11636/26691] TestEnumerable#test_group_by = 0.03 s
[11637/26691] TestEnumerable#test_to_a_size_infinity = 0.02 s
[11638/26691] TestEnumerable#test_to_a_keywords = 0.02 s
[11639/26691] TestEnumerable#test_any = 0.03 s
[11640/26691] TestEnumerable#test_one_with_unused_block = 10.10 s
[11641/26691] TestEnumerable#test_compact = 0.03 s
[11642/26691] TestEnumerable#test_find = 0.03 s
[11643/26691] TestEnumerable#test_inject_array_plus = 0.05 s
[11644/26691] TestEnumerable#test_tally = 0.05 s
[11645/26691] TestEnumerable#test_ruby_svar = 0.02 s
[11646/26691] TestEnumerable#test_all_fast = 0.02 s
[11647/26691] TestEnumerable#test_slice_when_contiguously_increasing_integers = 0.02 s
[11648/26691] TestEnumerable#test_slice_after1 = 0.04 s
[11649/26691] TestEnumerable#test_slice_when_2 = 0.04 s
[11650/26691] TestEnumerable#test_slice_when_0 = 0.02 s
[11651/26691] TestEnumerable#test_flat_map = 0.03 s
[11652/26691] TestEnumerable#test_to_a = 0.02 s
[11653/26691] TestEnumerable#test_select = 0.05 s
[11654/26691] TestEnumerable#test_take = 0.02 s
[11655/26691] TestEnumerable#test_callcc = 0.04 s
[11656/26691] TestEnumerable#test_sum = 0.14 s
[11657/26691] TestEnumerable#test_minmax_by = 0.02 s
[11658/26691] TestEnumerable#test_max_by = 0.02 s
[11659/26691] TestEnumerable#test_reverse_each = 0.02 s
[11660/26691] TestEnumerable#test_each_with_index = 0.02 s
[11661/26691] TestEnumerable#test_inject_array_op_redefined = 9.04 s
[11662/26691] TestEnumerable#test_refine_Enumerable_then_include = 9.04 s
[11663/26691] TestEnumerable#test_none = 0.03 s
[11664/26691] TestEnumerable#test_inject_array_mul = 0.02 s
[11665/26691] TestEnumerable#test_slice_after_both_pattern_and_block = 0.02 s
[11666/26691] TestEnumerable#test_reject = 0.02 s
[11667/26691] TestEnumerable#test_slice_when_noblock = 0.02 s
[11668/26691] TestEnumerable#test_partition = 0.02 s
[11669/26691] TestEnumerable#test_map = 0.03 s
[11670/26691] TestEnumerable#test_min_by = 0.03 s
[11671/26691] TestEnumerable#test_max = 0.03 s
[11672/26691] TestEnumerable#test_detect = 0.03 s
[11673/26691] TestEnumerable#test_range_sum = 0.04 s
[11674/26691] TestEnumerable#test_all_with_unused_block = 10.50 s
[11675/26691] TestEnumerable#test_inject_op_redefined = 9.03 s
[11676/26691] TestEnumerable#test_chunk = 0.06 s
[11677/26691] TestEnumerable#test_slice_after_continuation_lines = 0.02 s
[11678/26691] TestEnumerable#test_find_index = 0.03 s
[11679/26691] TestEnumerable#test_find_all = 0.02 s
[11680/26691] TestEnumerable#test_to_h_block = 0.04 s
[11681/26691] TestEnumerable#test_inject = 0.03 s
[11682/26691] TestEnumerable#test_all = 0.03 s
[11683/26691] TestEnumerable#test_take_while = 0.04 s
[11684/26691] TestEnumerable#test_none_with_unused_block = 9.97 s
[11685/26691] TestEnumerable#test_uniq = 0.04 s
[11686/26691] TestEnumerable#test_grep = 0.04 s
[11687/26691] TestEnumerable#test_zip = 0.09 s
[11688/26691] TestEnumerable#test_member = 0.07 s
[11689/26691] TestEnumerable#test_drop_while = 0.02 s
[11690/26691] TestEnumerable#test_any_with_unused_block = 9.78 s
[11691/26691] TestEnumerable#test_inject_op_private = 9.13 s
[11692/26691] TestEnumerable#test_cycle = 0.11 s
[11693/26691] TestEnumerable#test_each_cons = 0.03 s
[11694/26691] TestEnumerable#test_grep_v = 0.02 s
[11695/26691] TestEnumerable#test_each_with_object = 0.03 s
[11696/26691] TestEnumerable#test_slice_before = 0.24 s
[11697/26691] TestEnumerable#test_to_h = 0.03 s
[11698/26691] TestEnumerable#test_sort = 0.08 s
[11699/26691] TestEnumerable#test_each_entry = 0.02 s
[11700/26691] TestEnumerable#test_slice_after0 = 0.08 s
[11701/26691] TestEnumerable#test_grep_optimization = 0.03 s
[11702/26691] TestEnumerable#test_sort_by = 0.12 s
[11703/26691] TestEnumerable#test_count = 0.04 s
[11704/26691] TestEnumerable#test_slice_before_empty_line = 0.02 s
[11705/26691] TestEnumerable#test_to_a_size_symbol = 0.02 s
[11706/26691] TestEnumerable#test_filter_map = 0.09 s
[11707/26691] TestEnumerable#test_transient_heap_sort_by = 49.23 s
[11708/26691] TestEnumerable#test_slice_when_1 = 0.02 s
[11709/26691] TestEnumerable#test_slice_when_3 = 0.02 s
[11710/26691] TestEnumerable#test_one = 0.03 s
[11711/26691] TestEnumerable#test_min = 0.03 s
[11712/26691] TestEnumerable#test_minmax = 0.03 s
[11713/26691] TestEnumerable#test_first = 5.08 s
[11714/26691] TestEnumerable#test_inject_array_op_private = 8.87 s
[11715/26691] TestEnumerable#test_each_slice = 0.03 s
[11716/26691] TestEnumerable#test_hash_sum = 0.02 s
[11717/26691] TestEnumerable#test_drop = 0.02 s
[11718/26691] TestEnumerable#test_chunk_while_contiguously_increasing_integers = 0.02 s
[11719/26691] TestLambdaParameters#test_call_rest_and_opt = 0.04 s
[11720/26691] TestLambdaParameters#test_proc_inside_lambda_inside_method_return_inside_lambda_inside
_method = 0.02 s
[11721/26691] TestLambdaParameters#test_arity_error = 0.03 s
[11722/26691] TestLambdaParameters#test_instance_exec = 0.01 s
[11723/26691] TestLambdaParameters#test_return = 0.01 s
[11724/26691] TestLambdaParameters#test_call_block_from_lambda = 0.03 s
[11725/26691] TestLambdaParameters#test_call_with_block = 0.02 s
[11726/26691] TestLambdaParameters#test_exact_parameter = 0.03 s
[11727/26691] TestLambdaParameters#test_do_lambda_source_location = 0.01 s
[11728/26691] TestLambdaParameters#test_not_orphan_break = 0.02 s
[11729/26691] TestLambdaParameters#test_location_on_error = 0.05 s
[11730/26691] TestLambdaParameters#test_proc_inside_lambda_toplevel = 8.91 s
[11731/26691] TestLambdaParameters#test_in_basic_object = 0.01 s
[11732/26691] TestLambdaParameters#test_proc_inside_lambda_inside_method_return_outside_lambda_insid
e_method = 0.03 s
[11733/26691] TestLambdaParameters#test_brace_lambda_source_location = 0.02 s
[11734/26691] TestLambdaParameters#test_call_rest_args = 0.03 s
[11735/26691] TestLambdaParameters#test_proc_inside_lambda_inside_method_return_outside_lambda_outsi
de_method = 0.02 s
[11736/26691] TestLambdaParameters#test_not_orphan_return = 0.02 s
[11737/26691] TestLambdaParameters#test_proc_inside_lambda_inside_method_return_inside_lambda_outsid
e_method = 0.01 s
[11738/26691] TestLambdaParameters#test_instance_exec_return = 0.01 s
[11739/26691] TestLambdaParameters#test_lambda_as_iterator = 0.03 s
[11740/26691] TestLambdaParameters#test_not_orphan_next = 0.02 s
[11741/26691] TestLambdaParameters#test_instance_eval_return = 0.01 s
[11742/26691] TestLambdaParameters#test_call_simple = 0.15 s
[11743/26691] TestLambdaParameters#test_break = 0.01 s
[11744/26691] TestLambdaParameters#test_call_opt_args = 0.04 s
[11745/26691] TestLambdaParameters#test_proc_inside_lambda2_inside_method_return_outside_lambda1_ins
ide_method = 0.02 s
[11746/26691] TestOptionParserKwArg#test_kwarg = 0.10 s
[11747/26691] CGISessionTest#test_cgi_session_specify_session_id = 0.39 s
[11748/26691] CGISessionTest#test_cgi_session_pstore = 0.23 s
[11749/26691] CGISessionTest#test_cgi_session_specify_session_key = 0.19 s
[11750/26691] CGISessionTest#test_cgi_session_filestore = 0.19 s
[11751/26691] TestRDocMarkupRaw#test_push = 0.04 s
[11752/26691] TestRDocMarkupRaw#test_pretty_print = 0.10 s
[11753/26691] Emoji::TestUTF8_BLACK_SUN_WITH_RAYS#test_convert = 0.03 s
[11754/26691] Prism::HeredocDedentTest#test_content_dedented_interpolation_content = 0.03 s
[11755/26691] Prism::HeredocDedentTest#test_content_then_interpolation = 0.02 s
[11756/26691] Prism::HeredocDedentTest#test_mixed_indentation = 0.02 s
[11757/26691] Prism::HeredocDedentTest#test_content_dedented_content = 0.02 s
[11758/26691] Prism::HeredocDedentTest#test_interpolation_then_content = 0.02 s
[11759/26691] Prism::HeredocDedentTest#test_content_dedented_interpolation = 0.02 s
[11760/26691] Prism::HeredocDedentTest#test_single_quote = 0.01 s
[11761/26691] Prism::HeredocDedentTest#test_indented_content_content = 0.02 s
[11762/26691] Prism::HeredocDedentTest#test_content_content = 0.02 s
[11763/26691] Prism::HeredocDedentTest#test_content = 0.01 s
[11764/26691] Prism::HeredocDedentTest#test_content_interpolation = 0.02 s
[11765/26691] Prism::HeredocDedentTest#test_indent_size = 0.01 s
[11766/26691] Prism::HeredocDedentTest#test_blank_lines = 0.02 s
[11767/26691] Prism::HeredocDedentTest#test_tabs_dedent_spaces = 0.02 s
[11768/26691] Prism::HeredocDedentTest#test_many_blank_lines = 0.02 s
[11769/26691] Prism::HeredocDedentTest#test_content_indented_content = 0.01 s
[11770/26691] TestThreadConditionVariable#test_condvar_empty_broadcast = 0.01 s
[11771/26691] TestThreadConditionVariable#test_condvar_empty_signal = 0.01 s
[11772/26691] TestThreadConditionVariable#test_condvar_wait_deadlock_2 = 0.16 s
[11773/26691] TestThreadConditionVariable#test_condvar_fork = 1.33 s
[11774/26691] TestThreadConditionVariable#test_condvar_nolock = 0.02 s
[11775/26691] TestThreadConditionVariable#test_condvar_wait_exception_handling = 0.15 s
[11776/26691] TestThreadConditionVariable#test_condvar_nolock_3 = 0.02 s
[11777/26691] TestThreadConditionVariable#test_condvar_wait_and_broadcast = 0.15 s
[11778/26691] TestThreadConditionVariable#test_condvar_nolock_2 = 0.02 s
[11779/26691] TestThreadConditionVariable#test_dump = 0.04 s
[11780/26691] TestThreadConditionVariable#test_condvar_timed_wait = 0.32 s
[11781/26691] TestThreadConditionVariable#test_condvar_wait_deadlock = 2.48 s
[11782/26691] TestThreadConditionVariable#test_dup = 0.02 s
[11783/26691] TestThreadConditionVariable#test_condvar_signal_and_wait = 0.02 s
[11784/26691] PPTestModule::PPInspectTest#test_pretty_print_inspect = 0.04 s
[11785/26691] PPTestModule::PPInspectTest#test_basic_object = 0.08 s
[11786/26691] PPTestModule::PPInspectTest#test_proc = 0.07 s
[11787/26691] PPTestModule::PPInspectTest#test_to_s_with_iv = 0.10 s
[11788/26691] PPTestModule::PPInspectTest#test_hasboth = 0.07 s
[11789/26691] PPTestModule::PPInspectTest#test_hasprettyprint = 0.07 s
[11790/26691] PPTestModule::PPInspectTest#test_hasinspect = 0.07 s
[11791/26691] PPTestModule::PPInspectTest#test_to_s_without_iv = 0.07 s
[11792/26691] TestIRB::DeprecatedInputCompletorTest#test_completion_proc = 0.61 s
[11793/26691] TestIRB::DeprecatedInputCompletorTest#test_retrieve_completion_data = 0.37 s
[11794/26691] TestAllocation::MethodCall#test_anonymous_splat_and_anonymous_keyword_splat_parameters
 = 12.20 s
[11795/26691] TestAllocation::MethodCall#test_required_parameter = 10.71 s
[11796/26691] TestAllocation::MethodCall#test_required_and_keyword_splat_parameter = 11.94 s
[11797/26691] TestAllocation::MethodCall#test_keyword_parameter = 10.89 s
[11798/26691] TestAllocation::MethodCall#test_no_parameters = 10.22 s
[11799/26691] TestAllocation::MethodCall#test_positional_splat_and_keyword_splat_parameter = 12.09 s
[11800/26691] TestAllocation::MethodCall#test_positional_splat_and_post_parameters = 11.07 s
[11801/26691] TestAllocation::MethodCall#test_argument_forwarding = 12.19 s
[11802/26691] TestAllocation::MethodCall#test_keyword_splat_parameter = 10.97 s
[11803/26691] TestAllocation::MethodCall#test_optional_parameter = 10.64 s
[11804/26691] TestAllocation::MethodCall#test_nested_anonymous_splat_and_anonymous_keyword_splat_par
ameters = 12.18 s
[11805/26691] TestAllocation::MethodCall#test_required_and_positional_splat_parameters = 11.29 s
[11806/26691] TestAllocation::MethodCall#test_nested_argument_forwarding = 12.20 s
[11807/26691] TestAllocation::MethodCall#test_ruby2_keywords = 12.20 s
[11808/26691] TestAllocation::MethodCall#test_positional_splat_and_keyword_parameter = 12.33 s
[11809/26691] TestAllocation::MethodCall#test_required_positional_and_keyword_parameter = 12.06 s
[11810/26691] TestAllocation::MethodCall#test_keyword_and_keyword_splat_parameter = 11.07 s
[11811/26691] TestAllocation::MethodCall#test_no_array_allocation_with_splat_and_nonstatic_keywords
= 11.76 s
[11812/26691] TestAllocation::MethodCall#test_positional_splat_parameter = 11.29 s
[11813/26691] OpenSSL::TestX509Certificate#test_read_from_file = 0.96 s
[11814/26691] OpenSSL::TestX509Certificate#test_load_file_certificate_der = 0.80 s
[11815/26691] OpenSSL::TestX509Certificate#test_aia = 0.89 s
[11816/26691] OpenSSL::TestX509Certificate#test_sign_and_verify_dsa_md5 = 0.81 s
[11817/26691] OpenSSL::TestX509Certificate#test_sign_and_verify_ed25519 = 0.81 s
[11818/26691] OpenSSL::TestX509Certificate#test_load_file_empty_pem = 0.77 s
[11819/26691] OpenSSL::TestX509Certificate#test_tbs_precert_bytes = 0.88 s
[11820/26691] OpenSSL::TestX509Certificate#test_crl_uris_no_crl_distribution_points = 0.88 s
[11821/26691] OpenSSL::TestX509Certificate#test_sign_and_verify_dsa = 0.83 s
[11822/26691] OpenSSL::TestX509Certificate#test_extension_factory = 0.96 s
[11823/26691] OpenSSL::TestX509Certificate#test_serial = 1.03 s
[11824/26691] OpenSSL::TestX509Certificate#test_invalid_extension = 0.82 s
[11825/26691] OpenSSL::TestX509Certificate#test_read_der_then_pem = 0.96 s
[11826/26691] OpenSSL::TestX509Certificate#test_load_file_fullchain_pem = 0.82 s
[11827/26691] OpenSSL::TestX509Certificate#test_dsa_with_sha2 = 0.87 s
[11828/26691] OpenSSL::TestX509Certificate#test_akiski_missing = 0.87 s
[11829/26691] OpenSSL::TestX509Certificate#test_public_key = 1.30 s
[11830/26691] OpenSSL::TestX509Certificate#test_sign_and_verify_rsa_md5 = 0.87 s
[11831/26691] OpenSSL::TestX509Certificate#test_sign_and_verify_rsa_sha1 = 0.86 s
[11832/26691] OpenSSL::TestX509Certificate#test_marshal = 0.85 s
[11833/26691] OpenSSL::TestX509Certificate#test_aia_missing = 0.86 s
[11834/26691] OpenSSL::TestX509Certificate#test_validity = 1.07 s
[11835/26691] OpenSSL::TestX509Certificate#test_crl_uris = 0.86 s
[11836/26691] OpenSSL::TestX509Certificate#test_load_file_fullchain_garbage = 0.77 s
[11837/26691] OpenSSL::TestX509Certificate#test_crl_uris_multiple_general_names = 0.87 s
[11838/26691] OpenSSL::TestX509Certificate#test_eq = 0.93 s
[11839/26691] OpenSSL::TestX509Certificate#test_crl_uris_no_uris = 0.86 s
[11840/26691] OpenSSL::TestX509Certificate#test_check_private_key = 0.85 s
[11841/26691] OpenSSL::TestX509Certificate#test_akiski = 1.13 s
[11842/26691] TestNetHTTPS#test_get = 0.99 s
[11843/26691] TestNetHTTPS#test_skip_hostname_verification = 0.78 s
[11844/26691] TestNetHTTPS#test_certificate_verify_failure = 0.75 s
[11845/26691] TestNetHTTPS#test_verify_none = 0.81 s
[11846/26691] TestNetHTTPS#test_session_reuse = 1.07 s
[11847/26691] TestNetHTTPS#test_max_version = 0.64 s
[11848/26691] TestNetHTTPS#test_session_reuse_but_expire = 2.39 s
[11849/26691] TestNetHTTPS#test_fail_if_verify_hostname_is_true = 0.75 s
[11850/26691] TestNetHTTPS#test_get_SNI_failure = 0.78 s
[11851/26691] TestNetHTTPS#test_min_version = 0.85 s
[11852/26691] TestNetHTTPS#test_post = 0.88 s
[11853/26691] TestNetHTTPS#test_get_SNI_proxy = 0.63 s
[11854/26691] TestNetHTTPS#test_timeout_during_SSL_handshake = 0.84 s
[11855/26691] TestNetHTTPS#test_get_SNI = 0.87 s
[11856/26691] Test_String_Fstring#test_rb_enc_str_new_autoloaded_encoding = 9.14 s
[11857/26691] Test_String_Fstring#test_rb_enc_interned_str_null_encoding = 0.01 s
[11858/26691] Test_String_Fstring#test_subclass = 0.01 s
[11859/26691] Test_String_Fstring#test_rb_enc_interned_str_autoloaded_encoding = 9.08 s
[11860/26691] Test_String_Fstring#test_rb_enc_str_new_null_encoding = 0.01 s
[11861/26691] Test_String_Fstring#test_fake_str = 0.01 s
[11862/26691] Test_String_Fstring#test_singleton_class = 0.02 s
[11863/26691] Test_String_Fstring#test_instance_variable = 0.01 s
[11864/26691] Test_String_Fstring#test_singleton_method = 0.01 s
[11865/26691] Test_BUG_14834#test = 7.67 s
[11866/26691] OpenSSL::TestHMAC#test_reset_keep_key = 0.03 s
[11867/26691] OpenSSL::TestHMAC#test_hmac = 0.03 s
[11868/26691] OpenSSL::TestHMAC#test_zero_length_key = 0.02 s
[11869/26691] OpenSSL::TestHMAC#test_singleton_methods = 0.02 s
[11870/26691] OpenSSL::TestHMAC#test_dup = 0.02 s
[11871/26691] OpenSSL::TestHMAC#test_eq = 0.03 s
[11872/26691] OpenSSL::TestHMAC#test_binary_update = 0.01 s
[11873/26691] TestFiberScheduler#test_fiber_without_scheduler = 0.02 s
[11874/26691] TestFiberScheduler#test_autoload = 8.13 s
[11875/26691] TestFiberScheduler#test_close_at_exit = 3.89 s
[11876/26691] TestFiberScheduler#test_minimal_interface = 0.03 s
[11877/26691] TestFiberScheduler#test_condition_variable = 0.04 s
[11878/26691] TestFiberScheduler#test_fiber_blocking = 0.02 s
[11879/26691] TestFiberScheduler#test_deadlock = 1.09 s
[11880/26691] TestFiberScheduler#test_fiber_new_with_options = 0.01 s
[11881/26691] TestFiberScheduler#test_closed_at_thread_exit = 0.09 s
[11882/26691] TestFiberScheduler#test_fiber_new = 0.01 s
[11883/26691] TestFiberScheduler#test_current_scheduler = 0.09 s
[11884/26691] TestFiberScheduler#test_closed_when_set_to_nil = 10.17 s
[11885/26691] Reline::WithinPipeTest#test_macro_commands_for_moving = 7.07 s
[11886/26691] Reline::WithinPipeTest#test_macro_commands_for_editing = 2.73 s
[11887/26691] Reline::WithinPipeTest#test_delete_text_in_multiline = 1.04 s
[11888/26691] Reline::WithinPipeTest#test_simple_input = 0.53 s
[11889/26691] Reline::WithinPipeTest#test_unknown_macro = 0.45 s
[11890/26691] RDocMarkupToMarkdownTest#test_accept_list_item_end_label = 0.95 s
[11891/26691] RDocMarkupToMarkdownTest#test_accept_list_start_bullet = 0.05 s
[11892/26691] RDocMarkupToMarkdownTest#test_accept_paragraph_indent = 0.15 s
[11893/26691] RDocMarkupToMarkdownTest#test_accept_paragraph_plus = 0.09 s
[11894/26691] RDocMarkupToMarkdownTest#test_accept_list_item_start_note = 0.07 s
[11895/26691] RDocMarkupToMarkdownTest#test_accept_list_item_end_lalpha = 0.05 s
[11896/26691] RDocMarkupToMarkdownTest#test_accept_raw = 0.05 s
[11897/26691] RDocMarkupToMarkdownTest#test_accept_list_start_note = 0.05 s
[11898/26691] RDocMarkupToMarkdownTest#test_accept_list_end_lalpha = 0.05 s
[11899/26691] RDocMarkupToMarkdownTest#test_end_accepting = 0.05 s
[11900/26691] RDocMarkupToMarkdownTest#test_accept_list_item_start_lalpha = 0.05 s
[11901/26691] RDocMarkupToMarkdownTest#test_accept_list_item_end_ualpha = 0.05 s
[11902/26691] RDocMarkupToMarkdownTest#test_handle_rdoc_link_label_label = 0.06 s
[11903/26691] RDocMarkupToMarkdownTest#test_accept_list_end_ualpha = 0.05 s
[11904/26691] RDocMarkupToMarkdownTest#test_accept_list_item_start_ualpha = 0.05 s
[11905/26691] RDocMarkupToMarkdownTest#test_accept_rule_indent = 0.05 s
[11906/26691] RDocMarkupToMarkdownTest#test_accept_paragraph_b = 0.10 s
[11907/26691] RDocMarkupToMarkdownTest#test_accept_list_start_label = 0.05 s
[11908/26691] RDocMarkupToMarkdownTest#test_accept_heading_4 = 0.08 s
[11909/26691] RDocMarkupToMarkdownTest#test_accept_blank_line = 0.05 s
[11910/26691] RDocMarkupToMarkdownTest#test_accept_paragraph_star = 0.09 s
[11911/26691] RDocMarkupToMarkdownTest#test_convert_RDOCLINK = 0.10 s
[11912/26691] RDocMarkupToMarkdownTest#test_accept_paragraph = 0.08 s
[11913/26691] RDocMarkupToMarkdownTest#test_accept_heading_2 = 0.07 s
[11914/26691] RDocMarkupToMarkdownTest#test_accept_paragraph_br = 0.09 s
[11915/26691] RDocMarkupToMarkdownTest#test_accept_list_item_start_note_2 = 0.12 s
[11916/26691] RDocMarkupToMarkdownTest#test_start_accepting = 0.05 s
[11917/26691] RDocMarkupToMarkdownTest#test_accept_list_item_end_note = 0.08 s
[11918/26691] RDocMarkupToMarkdownTest#test_accept_paragraph_wrap = 0.15 s
[11919/26691] RDocMarkupToMarkdownTest#test_accept_list_item_start_note_multi_description = 0.14 s
[11920/26691] RDocMarkupToMarkdownTest#test_accept_list_item_start_note_multi_label = 0.12 s
[11921/26691] RDocMarkupToMarkdownTest#test_accept_list_start_number = 0.05 s
[11922/26691] RDocMarkupToMarkdownTest#test_accept_list_end_note = 0.05 s
[11923/26691] RDocMarkupToMarkdownTest#test_accept_table_align = 0.06 s
[11924/26691] RDocMarkupToMarkdownTest#test_handle_rdoc_link_label_foottext = 0.05 s
[11925/26691] RDocMarkupToMarkdownTest#test_accept_list_item_end_bullet = 0.05 s
[11926/26691] RDocMarkupToMarkdownTest#test_accept_rule = 0.05 s
[11927/26691] RDocMarkupToMarkdownTest#test_attributes = 0.08 s
[11928/26691] RDocMarkupToMarkdownTest#test_handle_rdoc_link_label_footmark = 0.05 s
[11929/26691] RDocMarkupToMarkdownTest#test_accept_list_end_bullet = 0.05 s
[11930/26691] RDocMarkupToMarkdownTest#test_accept_list_item_start_label = 0.08 s
[11931/26691] RDocMarkupToMarkdownTest#test_accept_list_item_start_bullet = 0.05 s
[11932/26691] RDocMarkupToMarkdownTest#test_accept_paragraph_underscore = 0.09 s
[11933/26691] RDocMarkupToMarkdownTest#test_convert_RDOCLINK_image = 0.10 s
[11934/26691] RDocMarkupToMarkdownTest#test_convert_TIDYLINK = 0.12 s
[11935/26691] RDocMarkupToMarkdownTest#test_accept_list_start_lalpha = 0.05 s
[11936/26691] RDocMarkupToMarkdownTest#test_accept_heading = 0.07 s
[11937/26691] RDocMarkupToMarkdownTest#test_accept_list_end_label = 0.05 s
[11938/26691] RDocMarkupToMarkdownTest#test_accept_heading_3 = 0.08 s
[11939/26691] RDocMarkupToMarkdownTest#test_accept_heading_suppressed_crossref = 0.08 s
[11940/26691] RDocMarkupToMarkdownTest#test_accept_heading_1 = 0.07 s
[11941/26691] RDocMarkupToMarkdownTest#test_accept_list_start_ualpha = 0.05 s
[11942/26691] RDocMarkupToMarkdownTest#test_accept_block_quote = 0.08 s
[11943/26691] RDocMarkupToMarkdownTest#test_accept_paragraph_break = 0.08 s
[11944/26691] RDocMarkupToMarkdownTest#test_accept_verbatim = 0.05 s
[11945/26691] RDocMarkupToMarkdownTest#test_accept_paragraph_i = 0.10 s
[11946/26691] RDocMarkupToMarkdownTest#test_handle_rdoc_link_ref = 0.05 s
[11947/26691] RDocMarkupToMarkdownTest#test_list_verbatim = 0.09 s
[11948/26691] RDocMarkupToMarkdownTest#test_accept_heading_indent = 0.07 s
[11949/26691] RDocMarkupToMarkdownTest#test_list_nested = 0.13 s
[11950/26691] RDocMarkupToMarkdownTest#test_accept_verbatim_indent = 0.05 s
[11951/26691] RDocMarkupToMarkdownTest#test_accept_list_item_start_number = 0.05 s
[11952/26691] RDocMarkupToMarkdownTest#test_accept_heading_b = 0.08 s
[11953/26691] RDocMarkupToMarkdownTest#test_accept_document = 0.08 s
[11954/26691] RDocMarkupToMarkdownTest#test_accept_verbatim_big_indent = 0.05 s
[11955/26691] RDocMarkupToMarkdownTest#test_accept_list_end_number = 0.05 s
[11956/26691] RDocMarkupToMarkdownTest#test_accept_list_item_end_number = 0.05 s
[11957/26691] TestGemKernel#test_gem_bundler_inferred_bundler_version = 1.63 s
[11958/26691] TestGemKernel#test_gem_default_re_gem = 1.65 s
[11959/26691] TestGemKernel#test_gem_failing_inside_require_doesnt_cause_double_exceptions = 1.64 s
[11960/26691] TestGemKernel#test_gem_prerelease_is_the_only_available = 1.64 s
[11961/26691] TestGemKernel#test_gem_bundler = 1.64 s
[11962/26691] TestGemKernel#test_gem_re_gem_mismatch = 1.64 s
[11963/26691] TestGemKernel#test_gem_overlapping = 1.64 s
[11964/26691] TestGemKernel#test_gem_env_req = 1.64 s
[11965/26691] TestGemKernel#test_gem_default = 1.64 s
[11966/26691] TestGemKernel#test_gem_redundant = 1.64 s
[11967/26691] TestGemKernel#test_release_favored_over_prerelease = 1.64 s
[11968/26691] TestGemKernel#test_gem_not_adding_bin = 1.64 s
[11969/26691] TestGemKernel#test_gem_conflicting = 1.64 s
[11970/26691] TestGemKernel#test_gem = 1.65 s
[11971/26691] TestIRB::ShowDocTest#test_show_doc_without_rdoc = 0.29 s
[11972/26691] TestGemSpecFetcher#test_spec_for_dependency_platform = 1.23 s
[11973/26691] TestGemSpecFetcher#test_spec_for_dependency_mismatched_platform = 1.05 s
[11974/26691] TestGemSpecFetcher#test_available_specs_complete_handles_no_prerelease = 1.37 s
[11975/26691] TestGemSpecFetcher#test_initialize = 0.58 s
[11976/26691] TestGemSpecFetcher#test_initialize_unwritable_home_dir = 0.51 s
[11977/26691] TestGemSpecFetcher#test_initialize_nonexistent_home_dir = 0.50 s
[11978/26691] TestGemSpecFetcher#test_suggest_gems_from_name_prerelease = 1.53 s
[11979/26691] TestGemSpecFetcher#test_initialize_source = 0.58 s
[11980/26691] TestGemSpecFetcher#test_spec_for_dependency_all = 1.55 s
[11981/26691] TestGemSpecFetcher#test_available_specs_prerelease = 1.19 s
[11982/26691] TestGemSpecFetcher#test_suggest_gems_from_name_latest = 1.58 s
[11983/26691] TestGemSpecFetcher#test_available_specs_with_bad_source = 0.71 s
[11984/26691] TestGemSpecFetcher#test_available_specs_cache_released = 1.40 s
[11985/26691] TestGemSpecFetcher#test_suggest_gems_from_name_prefix_or_suffix = 1.40 s
[11986/26691] TestGemSpecFetcher#test_spec_for_dependency_bad_fetch_spec = 1.37 s
[11987/26691] TestGemSpecFetcher#test_available_specs_cache = 1.01 s
[11988/26691] TestGemSpecFetcher#test_spec_for_dependency_latest = 1.47 s
[11989/26691] TestGemSpecFetcher#test_available_specs_complete = 1.56 s
[11990/26691] TestGemSpecFetcher#test_spec_for_dependency_prerelease = 1.47 s
[11991/26691] TestGemSpecFetcher#test_available_specs_latest = 1.29 s
[11992/26691] TestGemSpecFetcher#test_available_specs_released = 1.20 s
[11993/26691] TestNot#test_not_with_grouped_expression = 0.01 s
[11994/26691] TestNot#test_not_with_empty_grouped_expression = 0.01 s
[11995/26691] TestRDocI18nLocale#test_name = 0.04 s
[11996/26691] TestRDocI18nLocale#test_load_nonexistent_po = 0.04 s
[11997/26691] TestRDocI18nLocale#test_load_existent_po = 0.27 s
[11998/26691] TestRDocI18nLocale#test_translate_nonexistent_message = 0.04 s
[11999/26691] TestRDocI18nLocale#test_translate_existent_message = 0.04 s
[12000/26691] RequirePathCheckTest#test_load_error_from_require_for_nested_files_has_suggestions = 1
2.60 s
[12001/26691] RequirePathCheckTest#test_load_error_from_require_has_suggestions = 31.98 s
[12002/26691] TestScanArgs#test_n_lead_opt_hash = 0.03 s
[12003/26691] TestScanArgs#test_lead_opt_var_hash = 0.02 s
[12004/26691] TestScanArgs#test_var = 0.01 s
[12005/26691] TestScanArgs#test_lead_opt_var_trail_hash = 0.03 s
[12006/26691] TestScanArgs#test_lead_opt_trail_hash = 0.03 s
[12007/26691] TestScanArgs#test_lead_opt = 0.02 s
[12008/26691] TestScanArgs#test_opt_trail_hash = 0.02 s
[12009/26691] TestScanArgs#test_lead_hash = 0.02 s
[12010/26691] TestScanArgs#test_opt_var_hash = 0.02 s
[12011/26691] TestScanArgs#test_var_hash = 0.02 s
[12012/26691] TestScanArgs#test_opt_hash = 0.02 s
[12013/26691] TestScanArgs#test_opt_var_trail = 0.01 s
[12014/26691] TestScanArgs#test_lead_opt_trail = 0.02 s
[12015/26691] TestScanArgs#test_lead_var_trail = 0.01 s
[12016/26691] TestScanArgs#test_opt_var_trail_hash = 0.02 s
[12017/26691] TestScanArgs#test_opt_trail = 0.01 s
[12018/26691] TestScanArgs#test_hash = 0.01 s
[12019/26691] TestScanArgs#test_var_trail_hash = 0.02 s
[12020/26691] TestScanArgs#test_lead_opt_var_trail = 0.02 s
[12021/26691] TestScanArgs#test_var_trail = 0.01 s
[12022/26691] TestScanArgs#test_lead = 0.01 s
[12023/26691] TestScanArgs#test_lead_var_hash = 0.02 s
[12024/26691] TestScanArgs#test_lead_opt_hash = 0.02 s
[12025/26691] TestScanArgs#test_lead_var = 0.01 s
[12026/26691] TestScanArgs#test_opt_var = 0.01 s
[12027/26691] TestScanArgs#test_lead_var_trail_hash = 0.03 s
[12028/26691] TestScanArgs#test_lead_opt_var = 0.01 s
[12029/26691] TestScanArgs#test_opt = 0.01 s
[12030/26691] TestScanArgs#test_k_lead_opt_hash = 0.02 s
[12031/26691] TestDateArith#test_upto__noblock = 0.02 s
[12032/26691] TestDateArith#test_downto__noblock = 0.01 s
[12033/26691] TestDateArith#test_upto = 0.01 s
[12034/26691] TestDateArith#test_next = 0.02 s
[12035/26691] TestDateArith#test_prev_month__2 = 0.01 s
[12036/26691] TestDateArith#test_downto = 0.01 s
[12037/26691] TestDateArith#test_step = 0.01 s
[12038/26691] TestDateArith#test__plus = 0.02 s
[12039/26691] TestDateArith#test_prev_day = 0.02 s
[12040/26691] TestDateArith#test_next_day = 0.02 s
[12041/26691] TestDateArith#test_next_month__2 = 0.01 s
[12042/26691] TestDateArith#test__minus__ex = 0.02 s
[12043/26691] TestDateArith#test_step__compare = 0.01 s
[12044/26691] TestDateArith#test_prev = 0.01 s
[12045/26691] TestDateArith#test_prev_month = 0.01 s
[12046/26691] TestDateArith#test__minus = 0.02 s
[12047/26691] TestDateArith#test_next_year = 0.01 s
[12048/26691] TestDateArith#test_next_month = 0.01 s
[12049/26691] TestDateArith#test__compare = 0.02 s
[12050/26691] TestDateArith#test_step__noblock = 0.01 s
[12051/26691] TestDateArith#test__plus__ex = 0.03 s
[12052/26691] TestDateArith#test_prev_year = 0.01 s
[12053/26691] TestDateArith#test_new_offset = 0.02 s
[12054/26691] TestRDocAttr#test_aref = 0.04 s
[12055/26691] TestRDocAttr#test_full_name = 0.03 s
[12056/26691] TestRDocAttr#test_singleton = 0.02 s
[12057/26691] TestRDocAttr#test_marshal_load_version_2 = 0.07 s
[12058/26691] TestRDocAttr#test_marshal_dump = 0.08 s
[12059/26691] TestRDocAttr#test_definition = 0.03 s
[12060/26691] TestRDocAttr#test_marshal_dump_singleton = 0.07 s
[12061/26691] TestRDocAttr#test_block_params = 0.03 s
[12062/26691] TestRDocAttr#test_params = 0.02 s
[12063/26691] TestRDocAttr#test_type = 0.03 s
[12064/26691] TestRDocAttr#test_marshal_load_version_1 = 0.05 s
[12065/26691] TestRDocAttr#test_call_seq = 0.03 s
[12066/26691] TestRDocAttr#test_arglists = 0.02 s
[12067/26691] OpenSSL::TestASN1#test_octet_string_constructed_tagging = 0.03 s
[12068/26691] OpenSSL::TestASN1#test_boolean = 0.04 s
[12069/26691] OpenSSL::TestASN1#test_sequence = 0.07 s
[12070/26691] OpenSSL::TestASN1#test_object_id_register = 0.03 s
[12071/26691] OpenSSL::TestASN1#test_cons_implicit_tagging = 0.02 s
[12072/26691] OpenSSL::TestASN1#test_bitstring = 0.05 s
[12073/26691] OpenSSL::TestASN1#test_object_identifier = 0.09 s
[12074/26691] OpenSSL::TestASN1#test_generalizedtime = 0.03 s
[12075/26691] OpenSSL::TestASN1#test_null = 0.02 s
[12076/26691] OpenSSL::TestASN1#test_decode_constructed_overread = 0.02 s
[12077/26691] OpenSSL::TestASN1#test_basic_primitive = 0.03 s
[12078/26691] OpenSSL::TestASN1#test_prim_implicit_tagging = 0.02 s
[12079/26691] OpenSSL::TestASN1#test_integer = 0.08 s
[12080/26691] OpenSSL::TestASN1#test_enumerated = 0.04 s
[12081/26691] OpenSSL::TestASN1#test_basic_asn1data = 0.12 s
[12082/26691] OpenSSL::TestASN1#test_set = 0.06 s
[12083/26691] OpenSSL::TestASN1#test_cons_explicit_tagging = 0.02 s
[12084/26691] OpenSSL::TestASN1#test_prim_explicit_tagging = 0.02 s
[12085/26691] OpenSSL::TestASN1#test_constructive_each = 0.01 s
[12086/26691] OpenSSL::TestASN1#test_string_basic = 0.22 s
[12087/26691] OpenSSL::TestASN1#test_decode_all = 0.02 s
[12088/26691] OpenSSL::TestASN1#test_basic_constructed = 0.04 s
[12089/26691] OpenSSL::TestASN1#test_utctime = 0.03 s
[12090/26691] OpenSSL::TestASN1#test_decode_x509_certificate = 0.44 s
[12091/26691] OpenSSL::TestASN1#test_end_of_content = 0.02 s
[12092/26691] OpenSSL::TestASN1#test_recursive_octet_string_indefinite_length = 0.03 s
[12093/26691] OpenSSL::TestASN1#test_recursive_octet_string_parse = 0.04 s
[12094/26691] OpenSSL::TestASN1#test_object_identifier_equality = 0.04 s
[12095/26691] Test_ArithSeq#test_extract_with_arith_seq = 9.09 s
[12096/26691] Test_ArithSeq#test_extract_with_others = 9.06 s
[12097/26691] Test_ArithSeq#test_extract_with_range = 9.04 s
[12098/26691] Test_ArithSeq#test_beg_len_step = 9.06 s
[12099/26691] TestGemResolverLockSpecification#test_spec_loaded = 0.85 s
[12100/26691] TestGemResolverLockSpecification#test_initialize = 0.59 s
[12101/26691] TestGemResolverLockSpecification#test_install = 0.90 s
[12102/26691] TestGemResolverLockSpecification#test_install_installed = 0.61 s
[12103/26691] TestGemResolverLockSpecification#test_add_dependency = 0.50 s
[12104/26691] TestGemResolverLockSpecification#test_spec = 0.52 s
[12105/26691] TestSH#test_strftime = 0.07 s
[12106/26691] TestSH#test_to_s = 0.02 s
[12107/26691] TestSH#test_zone = 0.01 s
[12108/26691] TestSH#test_marshal18 = 0.03 s
[12109/26691] TestSH#test_marshal14 = 0.01 s
[12110/26691] TestSH#test_period = 0.07 s
[12111/26691] TestSH#test_marshal16 = 0.01 s
[12112/26691] TestSH#test_enc = 0.08 s
[12113/26691] TestSH#test_new = 0.05 s
[12114/26691] TestSH#test_different_alignments = 0.04 s
[12115/26691] TestSH#test_canon24oc = 0.02 s
[12116/26691] TestSH#test_cmp = 0.02 s
[12117/26691] TestSH#test_ordinal = 0.03 s
[12118/26691] TestSH#test_fractional = 0.07 s
[12119/26691] TestSH#test_jd = 0.02 s
[12120/26691] TestSH#test_eqeqeq = 0.02 s
[12121/26691] TestSH#test_dup = 0.02 s
[12122/26691] TestSH#test_inspect = 0.01 s
[12123/26691] TestSH#test_period2 = 1.38 s
[12124/26691] TestSH#test_commercial = 0.03 s
[12125/26691] TestSH#test_marshal192 = 0.02 s
[12126/26691] TestGemVersion#test_semver = 0.54 s
[12127/26691] TestGemVersion#test_class_new_subclass = 0.50 s
[12128/26691] TestGemVersion#test_to_s = 0.50 s
[12129/26691] TestGemVersion#test_prerelease = 0.51 s
[12130/26691] TestGemVersion#test_class_create = 0.64 s
[12131/26691] TestGemVersion#test_spaceship = 0.64 s
[12132/26691] TestGemVersion#test_initialize = 0.52 s
[12133/26691] TestGemVersion#test_approximate_recommendation = 0.59 s
[12134/26691] TestGemVersion#test_bump_one_level = 0.50 s
[12135/26691] TestGemVersion#test_initialize_invalid = 0.51 s
[12136/26691] TestGemVersion#test_equals2 = 0.51 s
[12137/26691] TestGemVersion#test_bump = 0.50 s
[12138/26691] TestGemVersion#test_eql_eh = 0.50 s
[12139/26691] TestGemVersion#test_release = 0.53 s
[12140/26691] TestGemVersion#test_bump_alpha = 0.50 s
[12141/26691] TestGemVersion#test_bump_trailing_zeros = 0.50 s
[12142/26691] TestGemVersion#test_hash = 0.51 s
[12143/26691] TestGemVersion#test_segments = 0.51 s
[12144/26691] TestGemVersion#test_class_correct = 0.63 s
[12145/26691] TestGemVersion#test_frozen_version = 0.59 s
[12146/26691] TestGemVersion#test_bump_alphanumeric = 0.50 s
[12147/26691] TestGemVersion#test_empty_version = 0.50 s
[12148/26691] TestGemVersion#test_canonical_segments = 0.50 s
[12149/26691] TestOptionParser#test_require_exact = 0.44 s
[12150/26691] TestOptionParser#test_permute = 0.07 s
[12151/26691] TestOptionParser#test_raise_unknown = 0.12 s
[12152/26691] TestOptionParser#test_help_pager = 12.68 s
[12153/26691] TestOptionParser#test_regexp = 0.01 s
[12154/26691] TestOptionParser#test_order = 0.06 s
[12155/26691] TestOptionParser#test_nonopt_pattern = 0.06 s
[12156/26691] TestOptionParser#test_into = 0.15 s
[12157/26691] TestOptionParser#test_exact_option = 0.42 s
[12158/26691] TestRubyLiteral#test_frozen_string_in_array_literal = 0.02 s
[12159/26691] TestRubyLiteral#test_xstring = 1.05 s
[12160/26691] TestRubyLiteral#test_debug_frozen_string_in_array_literal = 0.04 s
[12161/26691] TestRubyLiteral#test_hash_key_tampering = 0.01 s
[12162/26691] TestRubyLiteral#test_range = 0.03 s
[12163/26691] TestRubyLiteral#test_big_hash_literal = 15.20 s
[12164/26691] TestRubyLiteral#test_integer = 7.23 s
[12165/26691] TestRubyLiteral#test_debug_frozen_string = 0.03 s
[12166/26691] TestRubyLiteral#test_dsymbol = 0.01 s
[12167/26691] TestRubyLiteral#test_dregexp = 0.01 s
[12168/26691] TestRubyLiteral#test_string_in_hash_literal = 0.01 s
[12169/26691] TestRubyLiteral#test_big_array_and_hash_literal = 9.84 s
[12170/26691] TestRubyLiteral#test_dstring = 0.01 s
[12171/26691] TestRubyLiteral#test__FILE__ = 0.01 s
[12172/26691] TestRubyLiteral#test__LINE__ = 0.01 s
[12173/26691] TestRubyLiteral#test_hash_literal_frozen = 9.25 s
[12174/26691] TestRubyLiteral#test_hash_frozen_key_id = 0.01 s
[12175/26691] TestRubyLiteral#test_hash = 0.02 s
[12176/26691] TestRubyLiteral#test_dsymbol_redefined_intern = 8.97 s
[12177/26691] TestRubyLiteral#test_special_const = 0.05 s
[12178/26691] TestRubyLiteral#test_regexp = 0.03 s
[12179/26691] TestRubyLiteral#test_float = 121.00 s
[12180/26691] TestRubyLiteral#test_symbol_list = 1.92 s
[12181/26691] TestRubyLiteral#test_dstring_encoding = 0.03 s
[12182/26691] TestRubyLiteral#test_hash_value_omission = 0.05 s
[12183/26691] TestRubyLiteral#test_array = 0.03 s
[12184/26691] TestRubyLiteral#test_frozen_string = 0.04 s
[12185/26691] TestRubyLiteral#test_hash_duplicated_key = 0.20 s
[12186/26691] TestRubyLiteral#test_string = 0.33 s
[12187/26691] TestRubyLiteral#test_self = 0.01 s
[12188/26691] TestRDocClassModule::TestRDocClassModuleMixins#test_embed_mixin_when_false_does_not_em
bed_anything = 4.71 s
[12189/26691] TestRDocClassModule::TestRDocClassModuleMixins#test_embed_mixin_when_true_embeds_metho
ds_and_constants = 4.68 s
[12190/26691] TestGemResolverLockSet#test_load_spec = 1.10 s
[12191/26691] TestGemResolverLockSet#test_add = 0.59 s
[12192/26691] TestGemResolverLockSet#test_find_all = 0.52 s
[12193/26691] TestGemResolverLockSet#test_prefetch = 0.49 s
[12194/26691] TestRipper::Ripper#test_yydebug_string = 0.09 s
[12195/26691] TestRipper::Ripper#test_lineno = 0.01 s
[12196/26691] TestRipper::Ripper#test_regexp_enc_error = 10.78 s
[12197/26691] TestRipper::Ripper#test_new = 17.35 s
[12198/26691] TestRipper::Ripper#test_dedent_string = 0.05 s
[12199/26691] TestRipper::Ripper#test_filename = 0.01 s
[12200/26691] TestRipper::Ripper#test_regexp_with_option = 0.02 s
[12201/26691] TestRipper::Ripper#test_state = 0.01 s
[12202/26691] TestRipper::Ripper#test_yydebug = 0.01 s
[12203/26691] TestRipper::Ripper#test_yydebug_ident = 0.07 s
[12204/26691] TestRipper::Ripper#test_column = 0.01 s
[12205/26691] TestRipper::Ripper#test_assignable_in_regexp = 10.12 s
[12206/26691] TestRipper::Ripper#test_encoding = 0.02 s
[12207/26691] TestRipper::Ripper#test_parse = 0.01 s
[12208/26691] TestRipper::Ripper#test_yydebug_equals = 0.01 s
[12209/26691] TestRipper::Ripper#test_end_seen_eh = 0.01 s
[12210/26691] Test_StringCStr#test_shared = 10.92 s
[12211/26691] Test_StringCStr#test_wchar_lstrip! = 0.01 s
[12212/26691] Test_StringCStr#test_rb_str_new_frozen_embed = 0.01 s
[12213/26691] Test_StringCStr#test_frozen = 200.30 s
[12214/26691] Test_StringCStr#test_long = 10.07 s
[12215/26691] Test_StringCStr#test_embed = 10.02 s
[12216/26691] Test_StringCStr#test_wchar_replace = 0.01 s
[12217/26691] Test_StringCStr#test_wchar_long = 80.20 s
[12218/26691] Test_StringCStr#test_wchar_tr_s! = 0.02 s
[12219/26691] Test_StringCStr#test_wchar_chop! = 0.01 s
[12220/26691] Test_StringCStr#test_embedded_from_heap = 0.02 s
[12221/26691] Test_StringCStr#test_wchar_squeeze! = 0.01 s
[12222/26691] Test_StringCStr#test_wchar_sub! = 0.02 s
[12223/26691] Test_StringCStr#test_wchar_embed = 80.32 s
[12224/26691] Test_StringCStr#test_wchar_rstrip! = 0.01 s
[12225/26691] Test_StringCStr#test_wchar_delete! = 0.01 s
[12226/26691] Test_StringCStr#test_wchar_chomp! = 0.01 s
[12227/26691] Test_StringCStr#test_wchar_tr! = 0.02 s
[12228/26691] Test_StringCStr#test_wchar_aset = 0.01 s
[12229/26691] TestRubyOptimization#test_objtostring = 45.02 s
[12230/26691] TestRubyOptimization#test_blockparam_in_rescue = 0.01 s
[12231/26691] TestRubyOptimization#test_peephole_dstr = 0.03 s
[12232/26691] TestRubyOptimization#test_trace_optimized_methods = 3.35 s
[12233/26691] TestRubyOptimization#test_array_plus = 11.52 s
[12234/26691] TestRubyOptimization#test_array_length = 11.51 s
[12235/26691] TestRubyOptimization#test_tailcall = 1.60 s
[12236/26691] TestRubyOptimization#test_branch_condition_defs = 0.01 s
[12237/26691] TestRubyOptimization#test_jump_elimination_with_optimized_out_block = 0.01 s
[12238/26691] TestRubyOptimization#test_opt_duparray_send_include_p = 5.04 s
[12239/26691] TestRubyOptimization#test_tailcall_and_post_arg = 0.04 s
[12240/26691] TestRubyOptimization#test_string_length = 11.75 s
[12241/26691] TestRubyOptimization#test_block_given_aset_aref = 0.02 s
[12242/26691] TestRubyOptimization#test_eqq = 91.06 s
[12243/26691] TestRubyOptimization#test_string_ltlt = 11.54 s
[12244/26691] TestRubyOptimization#test_nil_safe_conditional_assign = 7.63 s
[12245/26691] TestRubyOptimization#test_float_div = 11.27 s
[12246/26691] TestRubyOptimization#test_optimized_rescue = 2.47 s
[12247/26691] TestRubyOptimization#test_peephole_jump_after_newarray = 0.02 s
[12248/26691] TestRubyOptimization#test_string_plus = 11.45 s
[12249/26691] TestRubyOptimization#test_float_mul = 11.46 s
[12250/26691] TestRubyOptimization#test_block_parameter = 0.03 s
[12251/26691] TestRubyOptimization#test_fixnum_plus = 11.89 s
[12252/26691] TestRubyOptimization#test_fixnum_gt = 11.30 s
[12253/26691] TestRubyOptimization#test_array_hash = 2.47 s
[12254/26691] TestRubyOptimization#test_peephole_hash_freeze = 2.38 s
[12255/26691] TestRubyOptimization#test_opt_case_dispatch_inf = 0.01 s
[12256/26691] TestRubyOptimization#test_opt_case_dispatch = 71.92 s
[12257/26691] TestRubyOptimization#test_jump_elimination_with_optimized_out_block_2 = 0.01 s
[12258/26691] TestRubyOptimization#test_peephole_array_freeze_empty = 2.49 s
[12259/26691] TestRubyOptimization#test_float_minus = 11.57 s
[12260/26691] TestRubyOptimization#test_float_lt = 11.55 s
[12261/26691] TestRubyOptimization#test_fixnum_lt = 11.56 s
[12262/26691] TestRubyOptimization#test_retry_label_in_unreachable_chunk = 0.02 s
[12263/26691] TestRubyOptimization#test_fixnum_and = 11.66 s
[12264/26691] TestRubyOptimization#test_peephole_array_freeze = 2.56 s
[12265/26691] TestRubyOptimization#test_tailcall_with_block = 0.05 s
[12266/26691] TestRubyOptimization#test_string_succ = 2.47 s
[12267/26691] TestRubyOptimization#test_array_min = 20.77 s
[12268/26691] TestRubyOptimization#test_hash_length = 21.47 s
[12269/26691] TestRubyOptimization#test_callinfo_unreachable_path = 9.07 s
[12270/26691] TestRubyOptimization#test_optimized_empty_ensure = 9.02 s
[12271/26691] TestRubyOptimization#test_overwritten_blockparam = 0.01 s
[12272/26691] TestRubyOptimization#test_float_gt = 11.39 s
[12273/26691] TestRubyOptimization#test_float_plus = 11.44 s
[12274/26691] TestRubyOptimization#test_peephole_hash_freeze_empty = 2.49 s
[12275/26691] TestRubyOptimization#test_fixnum_ge = 11.47 s
[12276/26691] TestRubyOptimization#test_hash_aref_with = 12.02 s
[12277/26691] TestRubyOptimization#test_string_format = 11.30 s
[12278/26691] TestRubyOptimization#test_clear_unreachable_keyword_args = 199.18 s
[12279/26691] TestRubyOptimization#test_c_func_with_sp_offset_under_tailcall = 0.04 s
[12280/26691] TestRubyOptimization#test_float_le = 11.41 s
[12281/26691] TestRubyOptimization#test_opt_newarray_send_include_p = 5.05 s
[12282/26691] TestRubyOptimization#test_hash_empty? = 11.60 s
[12283/26691] TestRubyOptimization#test_tailcall_inhibited_by_block = 0.05 s
[12284/26691] TestRubyOptimization#test_string_size = 11.43 s
[12285/26691] TestRubyOptimization#test_fixnum_mod = 11.72 s
[12286/26691] TestRubyOptimization#test_fixnum_le = 11.55 s
[12287/26691] TestRubyOptimization#test_branch_condition_def = 0.02 s
[12288/26691] TestRubyOptimization#test_tailcall_inhibited_by_rescue = 0.05 s
[12289/26691] TestRubyOptimization#test_float_ge = 11.55 s
[12290/26691] TestRubyOptimization#test_tailcall_condition_block = 4.29 s
[12291/26691] TestRubyOptimization#test_fixnum_minus = 11.39 s
[12292/26691] TestRubyOptimization#test_unconditional_branch_to_leave_block = 0.03 s
[12293/26691] TestRubyOptimization#test_string_freeze_saves_memory = 0.10 s
[12294/26691] TestRubyOptimization#test_peephole_optimization_without_trace = 9.13 s
[12295/26691] TestRubyOptimization#test_string_freeze = 11.67 s
[12296/26691] TestRubyOptimization#test_block_parameter_should_not_create_objects = 9.46 s
[12297/26691] TestRubyOptimization#test_hash_aset_with = 20.83 s
[12298/26691] TestRubyOptimization#test_string_eq_neq = 20.54 s
[12299/26691] TestRubyOptimization#test_string_freeze_block = 9.11 s
[12300/26691] TestRubyOptimization#test_array_minus = 11.26 s
[12301/26691] TestRubyOptimization#test_array_empty? = 11.44 s
[12302/26691] TestRubyOptimization#test_array_max = 20.50 s
[12303/26691] TestRubyOptimization#test_string_uminus = 12.38 s
[12304/26691] TestRubyOptimization#test_side_effect_in_popped_splat = 0.03 s
[12305/26691] TestRubyOptimization#test_eq = 0.02 s
[12306/26691] TestRubyOptimization#test_tailcall_interrupted_by_sigint = 7.65 s
[12307/26691] TestRubyOptimization#test_peephole_string_literal_range = 0.08 s
[12308/26691] TestRubyOptimization#test_tailcall_symbol_block_arg = 0.04 s
[12309/26691] TestRubyOptimization#test_branch_condition_backquote = 0.03 s
[12310/26691] TestRubyOptimization#test_fixnum_or = 11.28 s
[12311/26691] TestRubyOptimization#test_fixnum_mul = 11.44 s
[12312/26691] TestRubyOptimization#test_tailcall_not_to_grow_stack = 62.40 s
[12313/26691] TestRubyOptimization#test_string_empty? = 11.44 s
[12314/26691] TestRubyOptimization#test_fixnum_div = 11.42 s
[12315/26691] Prism::StringEncodingTest#"test_ASCII-8BIT" = 0.59 s
[12316/26691] Prism::StringEncodingTest#test_strpbrk_multibyte = 0.01 s
[12317/26691] Prism::StringEncodingTest#"test_US-ASCII" = 0.54 s
[12318/26691] Prism::StringEncodingTest#test_first_lexed_token = 0.01 s
[12319/26691] Prism::StringEncodingTest#test_utf_8_star = 0.01 s
[12320/26691] Prism::StringEncodingTest#test_utf_8_mac = 0.01 s
[12321/26691] Prism::StringEncodingTest#"test_Windows-1253" = 0.54 s
[12322/26691] Prism::StringEncodingTest#test_coding = 0.01 s
[12323/26691] Prism::StringEncodingTest#test_utf_8_unix = 0.01 s
[12324/26691] Prism::StringEncodingTest#test_utf_8_dos = 0.01 s
[12325/26691] Prism::StringEncodingTest#test_emacs_style = 0.01 s
[12326/26691] Prism::StringEncodingTest#test_slice_encoding = 0.02 s
[12327/26691] Prism::StringEncodingTest#test_multibyte_escapes = 0.01 s
[12328/26691] Prism::StringEncodingTest#test_coding_with_whitespace = 0.01 s
[12329/26691] Prism::RegularExpressionOptionsTest#test_options = 0.06 s
[12330/26691] GemTest#test_operating_system_customizing_default_dir = 8.25 s
[12331/26691] GemTest#test_rubygems_normal_behaviour = 8.24 s
[12332/26691] GemTest#test_operating_system_other_exceptions = 6.93 s
[12333/26691] Reline::KeyActor::EmacsTest#test_incremental_search_history_cancel_by_symbol_key = 0.6
7 s
[12334/26691] Reline::KeyActor::EmacsTest#test_redo_with_multiline = 0.77 s
[12335/26691] Reline::KeyActor::EmacsTest#test_completion_duplicated_list = 0.68 s
[12336/26691] Reline::KeyActor::EmacsTest#test_ed_transpose_words_with_one_word_for_mbchar = 0.79 s
[12337/26691] Reline::KeyActor::EmacsTest#test_larger_histories_than_history_size = 0.62 s
[12338/26691] Reline::KeyActor::EmacsTest#test_ed_search_prev_history_without_match = 0.59 s
[12339/26691] Reline::KeyActor::EmacsTest#test_vi_search_prev = 0.60 s
[12340/26691] Reline::KeyActor::EmacsTest#test_em_kill_line = 0.68 s
[12341/26691] Reline::KeyActor::EmacsTest#test_input_unknown_char = 0.56 s
[12342/26691] Reline::KeyActor::EmacsTest#test_ed_next_and_prev_char = 0.72 s
[12343/26691] Reline::KeyActor::EmacsTest#test_ignore_NUL_by_ed_quoted_insert = 0.57 s
[12344/26691] Reline::KeyActor::EmacsTest#test_em_delete_for_mbchar = 0.61 s
[12345/26691] Reline::KeyActor::EmacsTest#test_search_history_with_isearch_terminator = 0.67 s
[12346/26691] Reline::KeyActor::EmacsTest#test_ed_transpose_words_for_mbchar = 1.36 s
[12347/26691] Reline::KeyActor::EmacsTest#test_ed_clear_screen_with_inputted = 0.61 s
[12348/26691] Reline::KeyActor::EmacsTest#test_ed_insert_for_mbchar_by_plural_code_points = 0.58 s
[12349/26691] Reline::KeyActor::EmacsTest#test_key_delete_does_not_end_editing = 0.55 s
[12350/26691] Reline::KeyActor::EmacsTest#test_completion_with_indent = 0.67 s
[12351/26691] Reline::KeyActor::EmacsTest#test_redo_with_many_times = 3.50 s
[12352/26691] Reline::KeyActor::EmacsTest#test_ed_transpose_chars_for_mbchar = 1.13 s
[12353/26691] Reline::KeyActor::EmacsTest#test_move_next_and_prev_for_mbchar = 1.15 s
[12354/26691] Reline::KeyActor::EmacsTest#test_completion_with_quote_append = 2.17 s
[12355/26691] Reline::KeyActor::EmacsTest#test_em_delete_next_word_for_mbchar_by_plural_code_points
= 1.59 s
[12356/26691] Reline::KeyActor::EmacsTest#test_incremental_search_history_saves_and_restores_last_in
put = 1.30 s
[12357/26691] Reline::KeyActor::EmacsTest#test_ed_search_next_history = 0.89 s
[12358/26691] Reline::KeyActor::EmacsTest#test_em_next_word = 1.42 s
[12359/26691] Reline::KeyActor::EmacsTest#test_ed_insert_mbchar_two = 0.84 s
[12360/26691] Reline::KeyActor::EmacsTest#test_completion_with_nil_value = 1.25 s
[12361/26691] Reline::KeyActor::EmacsTest#test_ed_transpose_chars_for_mbchar_by_plural_code_points =
 1.19 s
[12362/26691] Reline::KeyActor::EmacsTest#test_key_delete = 0.95 s
[12363/26691] Reline::KeyActor::EmacsTest#test_ed_search_prev_next_history_in_multibyte = 1.21 s
[12364/26691] Reline::KeyActor::EmacsTest#test_undo_redo_restores_indentation = 0.95 s
[12365/26691] Reline::KeyActor::EmacsTest#test_vi_editing_mode = 0.93 s
[12366/26691] Reline::KeyActor::EmacsTest#test_ed_next_and_prev_char_for_mbchar = 1.23 s
[12367/26691] Reline::KeyActor::EmacsTest#test_em_capitol_case = 1.41 s
[12368/26691] Reline::KeyActor::EmacsTest#test_em_yank_pop = 1.19 s
[12369/26691] Reline::KeyActor::EmacsTest#test_ed_move_to_beg = 1.37 s
[12370/26691] Reline::KeyActor::EmacsTest#test_ed_clear_screen = 2.29 s
[12371/26691] Reline::KeyActor::EmacsTest#test_ed_search_next_history_with_empty = 0.82 s
[12372/26691] Reline::KeyActor::EmacsTest#test_ed_quoted_insert = 0.65 s
[12373/26691] Reline::KeyActor::EmacsTest#test_search_history_front_and_back = 0.66 s
[12374/26691] Reline::KeyActor::EmacsTest#test_search_history_to_back = 0.77 s
[12375/26691] Reline::KeyActor::EmacsTest#test_redo = 0.69 s
[12376/26691] Reline::KeyActor::EmacsTest#test_undo = 0.73 s
[12377/26691] Reline::KeyActor::EmacsTest#test_move_next_and_prev_for_mbchar_by_plural_code_points =
 0.79 s
[12378/26691] Reline::KeyActor::EmacsTest#test_ed_delete_prev_word = 0.93 s
[12379/26691] Reline::KeyActor::EmacsTest#test_ed_search_prev_history_with_empty = 0.68 s
[12380/26691] Reline::KeyActor::EmacsTest#test_search_history_back_and_front = 0.69 s
[12381/26691] Reline::KeyActor::EmacsTest#test_ed_newline_with_lf = 0.57 s
[12382/26691] Reline::KeyActor::EmacsTest#test_em_prev_word_for_mbchar_by_plural_code_points = 1.18
s
[12383/26691] Reline::KeyActor::EmacsTest#test_undo_with_cursor_position = 0.73 s
[12384/26691] Reline::KeyActor::EmacsTest#test_em_kill_region = 1.03 s
[12385/26691] Reline::KeyActor::EmacsTest#test_ed_insert_one = 0.65 s
[12386/26691] Reline::KeyActor::EmacsTest#test_undo_with_multiline = 0.76 s
[12387/26691] Reline::KeyActor::EmacsTest#test_ed_argument_digit_by_meta_num = 0.74 s
[12388/26691] Reline::KeyActor::EmacsTest#test_move_next_and_prev = 0.75 s
[12389/26691] Reline::KeyActor::EmacsTest#test_em_prev_word = 1.05 s
[12390/26691] Reline::KeyActor::EmacsTest#test_continuous_completion_disabled_with_perfect_match = 0
.65 s
[12391/26691] Reline::KeyActor::EmacsTest#test_em_delete_next_word = 0.90 s
[12392/26691] Reline::KeyActor::EmacsTest#test_em_delete_for_mbchar_by_plural_code_points = 0.68 s
[12393/26691] Reline::KeyActor::EmacsTest#test_completion_in_middle_of_line = 0.94 s
[12394/26691] Reline::KeyActor::EmacsTest#test_completion_append_character = 0.82 s
[12395/26691] Reline::KeyActor::EmacsTest#test_completion_with_completion_ignore_case = 0.92 s
[12396/26691] Reline::KeyActor::EmacsTest#test_em_lower_case_with_complex_example = 1.00 s
[12397/26691] Reline::KeyActor::EmacsTest#test_ed_search_prev_history = 0.64 s
[12398/26691] Reline::KeyActor::EmacsTest#test_ed_transpose_chars = 0.67 s
[12399/26691] Reline::KeyActor::EmacsTest#test_em_delete_or_list = 0.64 s
[12400/26691] Reline::KeyActor::EmacsTest#test_ed_insert_for_include_valiation_selector = 0.57 s
[12401/26691] Reline::KeyActor::EmacsTest#test_em_delete_ends_editing = 0.54 s
[12402/26691] Reline::KeyActor::EmacsTest#test_completion_with_perfect_match = 0.72 s
[12403/26691] Reline::KeyActor::EmacsTest#test_ed_digit = 0.58 s
[12404/26691] Reline::KeyActor::EmacsTest#test_ed_transpose_words = 1.22 s
[12405/26691] Reline::KeyActor::EmacsTest#test_em_delete_prev_char_for_mbchar_by_plural_code_points
= 0.62 s
[12406/26691] Reline::KeyActor::EmacsTest#test_em_kill_region_mbchar = 0.83 s
[12407/26691] Reline::KeyActor::EmacsTest#test_ed_insert_for_include_zwj_emoji = 0.86 s
[12408/26691] Reline::KeyActor::EmacsTest#test_ed_next_and_prev_char_for_mbchar_by_plural_code_point
s = 0.82 s
[12409/26691] Reline::KeyActor::EmacsTest#test_em_set_mark_and_em_exchange_mark = 0.91 s
[12410/26691] Reline::KeyActor::EmacsTest#test_em_capitol_case_with_complex_example = 0.93 s
[12411/26691] Reline::KeyActor::EmacsTest#test_redo_with_cursor_position = 0.62 s
[12412/26691] Reline::KeyActor::EmacsTest#test_em_delete_prev_char_for_mbchar = 0.58 s
[12413/26691] Reline::KeyActor::EmacsTest#test_ed_delete_prev_word_for_mbchar_by_plural_code_points
= 0.99 s
[12414/26691] Reline::KeyActor::EmacsTest#test_em_upper_case_with_complex_example = 1.17 s
[12415/26691] Reline::KeyActor::EmacsTest#test_halfwidth_kana_width_dakuten = 0.79 s
[12416/26691] Reline::KeyActor::EmacsTest#test_em_next_word_for_mbchar = 1.11 s
[12417/26691] Reline::KeyActor::EmacsTest#test_ed_insert_for_plural_mbchar_by_plural_code_points = 0
.68 s
[12418/26691] Reline::KeyActor::EmacsTest#test_em_next_word_for_mbchar_by_plural_code_points = 1.11
s
[12419/26691] Reline::KeyActor::EmacsTest#test_ed_delete_prev_word_for_mbchar = 0.97 s
[12420/26691] Reline::KeyActor::EmacsTest#test_em_upper_case = 0.94 s
[12421/26691] Reline::KeyActor::EmacsTest#test_ed_insert_two = 0.60 s
[12422/26691] Reline::KeyActor::EmacsTest#test_ed_newline_with_cr = 0.62 s
[12423/26691] Reline::KeyActor::EmacsTest#test_bracketed_paste_insert = 0.64 s
[12424/26691] Reline::KeyActor::EmacsTest#test_autocompletion = 0.76 s
[12425/26691] Reline::KeyActor::EmacsTest#test_key_delete_preserves_cursor = 0.64 s
[12426/26691] Reline::KeyActor::EmacsTest#test_continuous_completion_with_perfect_match = 0.65 s
[12427/26691] Reline::KeyActor::EmacsTest#test_em_delete_next_word_for_mbchar = 0.98 s
[12428/26691] Reline::KeyActor::EmacsTest#test_em_delete_prev_char = 0.62 s
[12429/26691] Reline::KeyActor::EmacsTest#test_em_kill_region_with_kill_ring = 0.74 s
[12430/26691] Reline::KeyActor::EmacsTest#test_move_to_beg_end = 0.69 s
[12431/26691] Reline::KeyActor::EmacsTest#test_undo_with_many_times = 2.17 s
[12432/26691] Reline::KeyActor::EmacsTest#test_unix_line_discard = 0.66 s
[12433/26691] Reline::KeyActor::EmacsTest#test_em_prev_word_for_mbchar = 1.04 s
[12434/26691] Reline::KeyActor::EmacsTest#test_ed_move_to_end = 0.98 s
[12435/26691] Reline::KeyActor::EmacsTest#test_search_history_by_last_determined = 0.70 s
[12436/26691] Reline::KeyActor::EmacsTest#test_em_delete = 0.62 s
[12437/26691] Reline::KeyActor::EmacsTest#test_ed_move_to_beg_with_blank = 0.65 s
[12438/26691] Reline::KeyActor::EmacsTest#test_search_history_to_back_in_the_middle_of_histories = 0
.67 s
[12439/26691] Reline::KeyActor::EmacsTest#test_modify_lines_with_wrong_rs = 0.63 s
[12440/26691] Reline::KeyActor::EmacsTest#test_search_history_twice = 0.62 s
[12441/26691] Reline::KeyActor::EmacsTest#test_ed_kill_line = 0.61 s
[12442/26691] Reline::KeyActor::EmacsTest#test_ed_quoted_insert_with_vi_arg = 0.61 s
[12443/26691] Reline::KeyActor::EmacsTest#test_em_lower_case = 0.88 s
[12444/26691] Reline::KeyActor::EmacsTest#test_ed_insert_mbchar_one = 0.54 s
[12445/26691] Reline::KeyActor::EmacsTest#test_completion = 0.89 s
[12446/26691] Reline::KeyActor::EmacsTest#test_search_history_to_front = 0.66 s
[12447/26691] Reline::KeyActor::EmacsTest#test_ed_transpose_words_with_one_word = 0.74 s
[12448/26691] Reline::KeyActor::EmacsTest#test_em_exchange_mark_without_mark = 0.80 s
[12449/26691] TestGemRequestConnectionPool#test_to_proxy_eh = 0.52 s
[12450/26691] TestGemRequestConnectionPool#test_to_proxy_eh_wildcard = 0.49 s
[12451/26691] TestGemRequestConnectionPool#test_net_http_args_ipv6 = 0.50 s
[12452/26691] TestGemRequestConnectionPool#test_net_http_args_proxy = 0.58 s
[12453/26691] TestGemRequestConnectionPool#test_to_proxy_empty_string = 0.56 s
[12454/26691] TestGemRequestConnectionPool#test_to_proxy_substring = 0.49 s
[12455/26691] TestGemRequestConnectionPool#test_net_http_args = 0.49 s
[12456/26691] TestGemRequestConnectionPool#test_net_http_args_no_proxy = 0.50 s
[12457/26691] TestGemRequestConnectionPool#test_checkout_same_connection = 0.50 s
[12458/26691] TestGemRequestConnectionPool#test_thread_waits_for_connection = 1.54 s
[12459/26691] TestDateStrftime#test_strftime = 0.39 s
[12460/26691] TestDateStrftime#test_strftime_milli = 0.02 s
[12461/26691] TestDateStrftime#test_strftime__gnuext_complex = 0.03 s
[12462/26691] TestDateStrftime#test_strftime__gnuext_z = 0.02 s
[12463/26691] TestDateStrftime#test_strftime__3_1 = 70.62 s
[12464/26691] TestDateStrftime#test_strftime__minus = 0.01 s
[12465/26691] TestDateStrftime#test_overflow = 0.02 s
[12466/26691] TestDateStrftime#test_strftime__2 = 0.03 s
[12467/26691] TestDateStrftime#test_strftime__4 = 0.14 s
[12468/26691] TestDateStrftime#test__different_format = 0.16 s
[12469/26691] TestDateStrftime#test_strftime__3_2 = 129.89 s
[12470/26691] TestDateStrftime#test_strftime__gnuext = 0.07 s
[12471/26691] TestDateStrftime#test_strftime__offset = 0.61 s
[12472/26691] TestDateStrftime#test_strftime__gnuext_LN = 0.03 s
[12473/26691] TestDateParseRactor#test_date_ractor = 38.37 s
[12474/26691] TestBignum_Str2big#test_str2big_gmp = 0.02 s
[12475/26691] TestBignum_Str2big#test_str2big_karatsuba = 0.01 s
[12476/26691] TestBignum_Str2big#test_str2big_poweroftwo = 0.01 s
[12477/26691] TestBignum_Str2big#test_str2big_normal = 0.02 s
[12478/26691] TestGemResolverComposedSet#test_errors = 0.74 s
[12479/26691] TestGemResolverComposedSet#test_remote_equals = 0.58 s
[12480/26691] TestGemResolverComposedSet#test_prerelease_equals = 0.50 s
[12481/26691] TestDigestExtend::DifferentOFS#test_digest_hexdigest_bang = 0.03 s
[12482/26691] TestDigestExtend::DifferentOFS#test_to_s = 0.01 s
[12483/26691] TestDigestExtend::DifferentOFS#test_digest_hexdigest = 0.02 s
[12484/26691] TestDigestExtend::DifferentOFS#test_class_reset = 0.02 s
[12485/26691] TestDigestExtend::DifferentOFS#test_context = 0.01 s
[12486/26691] TestDigestExtend::DifferentOFS#test_hexdigest = 0.01 s
[12487/26691] TestDigestExtend::DifferentOFS#test_new = 0.01 s
[12488/26691] TestDigestExtend::DifferentOFS#test_length = 0.01 s
[12489/26691] TestDigestExtend::DifferentOFS#test_block_length = 0.01 s
[12490/26691] TestDigestExtend::DifferentOFS#test_digest_length = 0.01 s
[12491/26691] TestDigestExtend::DifferentOFS#test_digest_s_hexencode = 0.14 s
[12492/26691] TestDigestExtend::DifferentOFS#test_digest = 0.01 s
[12493/26691] Prism::StaticLiteralsTest#test_static_literals = 0.41 s
[12494/26691] TestFile#test_gets_para_extended_file = 0.06 s
[12495/26691] TestFile#test_chmod_m17n = 0.03 s
[12496/26691] TestFile#test_unlink_before_close = 0.03 s
[12497/26691] TestFile#test_file_open_double_mode = 0.02 s
[12498/26691] TestFile#test_file_open_permissions = 0.04 s
[12499/26691] TestFile#test_bom_16le = 0.03 s
[12500/26691] TestFile#test_conflicting_encodings = 0.03 s
[12501/26691] TestFile#test_read_all_extended_file = 0.05 s
[12502/26691] TestFile#test_bom_32be = 0.04 s
[12503/26691] TestFile#test_eof_2 = 0.02 s
[12504/26691] TestFile#test_initialize = 0.05 s
[12505/26691] TestFile#test_bom_8 = 0.03 s
[12506/26691] TestFile#test_eof_0 = 0.06 s
[12507/26691] TestFile#test_stat_inode = 0.01 s
[12508/26691] TestFile#test_each_byte_extended_file = 0.05 s
[12509/26691] TestFile#test_file_share_delete = 0.03 s
[12510/26691] TestFile#test_eof_1_seek = 0.03 s
[12511/26691] TestFile#test_truncate_wbuf = 0.02 s
[12512/26691] TestFile#test_empty_file_bom = 0.02 s
[12513/26691] TestFile#test_file_open_newline_option = 0.09 s
[12514/26691] TestFile#test_bom_16be = 0.03 s
[12515/26691] TestFile#test_utime = 0.03 s
[12516/26691] TestFile#test_realdirpath = 0.05 s
[12517/26691] TestFile#test_each_char_extended_file = 0.05 s
[12518/26691] TestFile#test_eof_0_rw = 0.02 s
[12519/26691] TestFile#test_truncate_rbuf = 0.02 s
[12520/26691] TestFile#test_open_nul = 0.03 s
[12521/26691] TestFile#test_bom_32le = 0.03 s
[12522/26691] TestFile#test_realpath_encoding = 0.04 s
[12523/26691] TestFile#test_stat = 6.06 s
[12524/26691] TestFile#test_eof_0_seek = 0.02 s
[12525/26691] TestFile#test_absolute_path? = 0.03 s
[12526/26691] TestFile#test_truncate_beyond_eof = 0.02 s
[12527/26691] TestFile#test_truncate_size = 0.39 s
[12528/26691] TestFile#test_getc_extended_file = 0.05 s
[12529/26691] TestFile#test_utime_with_minus_time_segv = 5.20 s
[12530/26691] TestFile#test_realpath = 0.04 s
[12531/26691] TestFile#test_chown = 0.02 s
[12532/26691] TestFile#test_realpath_special_symlink = 0.01 s
[12533/26691] TestFile#test_uninitialized = 0.01 s
[12534/26691] TestFile#test_eof_1 = 0.11 s
[12535/26691] TestFile#test_eof_3 = 0.02 s
[12536/26691] TestFile#test_s_chown = 0.01 s
[12537/26691] TestFile#test_getbyte_extended_file = 0.05 s
[12538/26691] TestFile#test_gets_extended_file = 0.04 s
[12539/26691] TestMath#test_sin = 0.03 s
[12540/26691] TestMath#test_acosh = 0.04 s
[12541/26691] TestMath#test_log2 = 0.05 s
[12542/26691] TestMath#test_log10 = 0.04 s
[12543/26691] TestMath#test_ldexp = 0.01 s
[12544/26691] TestMath#test_asinh = 0.01 s
[12545/26691] TestMath#test_fixnum_to_f = 0.01 s
[12546/26691] TestMath#test_sqrt = 0.04 s
[12547/26691] TestMath#test_cos = 0.02 s
[12548/26691] TestMath#test_atanh = 0.04 s
[12549/26691] TestMath#test_rational_to_f = 0.01 s
[12550/26691] TestMath#test_lgamma = 0.05 s
[12551/26691] TestMath#test_gamma = 0.18 s
[12552/26691] TestMath#test_atan = 0.01 s
[12553/26691] TestMath#test_log = 0.07 s
[12554/26691] TestMath#test_erf = 0.01 s
[12555/26691] TestMath#test_cosh = 0.01 s
[12556/26691] TestMath#test_erfc = 0.01 s
[12557/26691] TestMath#test_acos = 0.04 s
[12558/26691] TestMath#test_asin = 0.04 s
[12559/26691] TestMath#test_exp = 0.01 s
[12560/26691] TestMath#test_bignum_to_f = 0.01 s
[12561/26691] TestMath#test_sinh = 0.01 s
[12562/26691] TestMath#test_tanh = 0.01 s
[12563/26691] TestMath#test_tan = 0.01 s
[12564/26691] TestMath#test_override_bignum_to_f = 0.02 s
[12565/26691] TestMath#test_override_rational_to_f = 0.02 s
[12566/26691] TestMath#test_hypot = 0.01 s
[12567/26691] TestMath#test_override_integer_to_f = 0.02 s
[12568/26691] TestMath#test_cbrt = 0.02 s
[12569/26691] TestMath#test_frexp = 0.02 s
[12570/26691] TestMath#test_atan2 = 0.03 s
[12571/26691] TestRipper::ScannerEvents#test_rbracket = 0.05 s
[12572/26691] TestRipper::ScannerEvents#test_symbols_beg = 0.07 s
[12573/26691] TestRipper::ScannerEvents#test_backtick = 0.02 s
[12574/26691] TestRipper::ScannerEvents#test_semicolon = 0.08 s
[12575/26691] TestRipper::ScannerEvents#test_label = 0.02 s
[12576/26691] TestRipper::ScannerEvents#test_gvar = 0.15 s
[12577/26691] TestRipper::ScannerEvents#test_rbrace = 0.08 s
[12578/26691] TestRipper::ScannerEvents#test_nl = 0.10 s
[12579/26691] TestRipper::ScannerEvents#test_regexp_end = 0.03 s
[12580/26691] TestRipper::ScannerEvents#test_tstring_content_HEREDOC = 0.13 s
[12581/26691] TestRipper::ScannerEvents#test_period = 0.06 s
[12582/26691] TestRipper::ScannerEvents#test_comment = 0.06 s
[12583/26691] TestRipper::ScannerEvents#test_words_beg = 0.07 s
[12584/26691] TestRipper::ScannerEvents#test_error_token = 0.02 s
[12585/26691] TestRipper::ScannerEvents#test_heredoc_end = 0.07 s
[12586/26691] TestRipper::ScannerEvents#test_embdoc_beg = 0.04 s
[12587/26691] TestRipper::ScannerEvents#test_sp = 0.10 s
[12588/26691] TestRipper::ScannerEvents#test_tlambda = 0.02 s
[12589/26691] TestRipper::ScannerEvents#test_invalid_escape = 0.02 s
[12590/26691] TestRipper::ScannerEvents#test_CHAR = 0.07 s
[12591/26691] TestRipper::ScannerEvents#test_location = 0.52 s
[12592/26691] TestRipper::ScannerEvents#test_lbracket = 0.04 s
[12593/26691] TestRipper::ScannerEvents#test_lparen = 0.06 s
[12594/26691] TestRipper::ScannerEvents#test_lex = 0.23 s
[12595/26691] TestRipper::ScannerEvents#test_backref = 0.05 s
[12596/26691] TestRipper::ScannerEvents#test_words_sep = 0.10 s
[12597/26691] TestRipper::ScannerEvents#test_tstring_end = 0.04 s
[12598/26691] TestRipper::ScannerEvents#test_label_end = 0.03 s
[12599/26691] TestRipper::ScannerEvents#test_embexpr_end = 0.07 s
[12600/26691] TestRipper::ScannerEvents#test_symbeg = 0.44 s
[12601/26691] TestRipper::ScannerEvents#test_comma = 0.06 s
[12602/26691] TestRipper::ScannerEvents#test_event_coverage = 0.07 s
[12603/26691] TestRipper::ScannerEvents#test_qsymbols_beg = 0.06 s
[12604/26691] TestRipper::ScannerEvents#test_ignored_nl = 0.09 s
[12605/26691] TestRipper::ScannerEvents#test_tlambeg = 0.02 s
[12606/26691] TestRipper::ScannerEvents#test_regexp_beg = 0.04 s
[12607/26691] TestRipper::ScannerEvents#test_qwords_beg = 0.06 s
[12608/26691] TestRipper::ScannerEvents#test_float = 0.16 s
[12609/26691] TestRipper::ScannerEvents#test_invalid_hex_escape_regexp = 0.02 s
[12610/26691] TestRipper::ScannerEvents#test_imaginary = 0.03 s
[12611/26691] TestRipper::ScannerEvents#test_tlambda_arg = 0.02 s
[12612/26691] TestRipper::ScannerEvents#test_lbrace = 0.07 s
[12613/26691] TestRipper::ScannerEvents#test_kw = 0.69 s
[12614/26691] TestRipper::ScannerEvents#test_embdoc = 0.03 s
[12615/26691] TestRipper::ScannerEvents#test_rational = 0.03 s
[12616/26691] TestRipper::ScannerEvents#test_embvar = 0.10 s
[12617/26691] TestRipper::ScannerEvents#test_embexpr_beg = 0.07 s
[12618/26691] TestRipper::ScannerEvents#test_const = 0.20 s
[12619/26691] TestRipper::ScannerEvents#test_tstring_beg = 0.04 s
[12620/26691] TestRipper::ScannerEvents#test_cvar = 0.08 s
[12621/26691] TestRipper::ScannerEvents#test_ignored_sp = 0.03 s
[12622/26691] TestRipper::ScannerEvents#test_invalid_char = 0.02 s
[12623/26691] TestRipper::ScannerEvents#test_colon2_call = 0.02 s
[12624/26691] TestRipper::ScannerEvents#test_tokenize = 0.13 s
[12625/26691] TestRipper::ScannerEvents#test___end__ = 0.21 s
[12626/26691] TestRipper::ScannerEvents#test_op = 0.27 s
[12627/26691] TestRipper::ScannerEvents#test_ident = 0.04 s
[12628/26691] TestRipper::ScannerEvents#test_tstring_content = 0.08 s
[12629/26691] TestRipper::ScannerEvents#test_ivar = 0.06 s
[12630/26691] TestRipper::ScannerEvents#test_invalid_hex_escape_string = 0.11 s
[12631/26691] TestRipper::ScannerEvents#test_int = 0.03 s
[12632/26691] TestRipper::ScannerEvents#test_heredoc_beg = 0.09 s
[12633/26691] TestRipper::ScannerEvents#test_embdoc_end = 0.03 s
[12634/26691] TestRipper::ScannerEvents#test_rparen = 0.05 s
[12635/26691] TestAddressResolve#test_addrinfo_getaddrinfo_numeric_non_blocking = 0.06 s
[12636/26691] TestAddressResolve#test_ip_socket_getaddress_domain_blocking = 0.03 s
[12637/26691] TestAddressResolve#test_addrinfo_getaddrinfo_localhost = 0.03 s
[12638/26691] TestAddressResolve#test_addrinfo_udp_domain_blocking = 0.03 s
[12639/26691] TestAddressResolve#test_addrinfo_getaddrinfo_non_existing_domain_blocking = 0.03 s
[12640/26691] TestAddressResolve#test_addrinfo_ip_domain_blocking = 0.03 s
[12641/26691] TestAddressResolve#test_addrinfo_getaddrinfo_any_non_blocking = 0.03 s
[12642/26691] TestAddressResolve#test_addrinfo_getaddrinfo_full_domain_blocking = 0.06 s
[12643/26691] TestAddressResolve#test_addrinfo_getaddrinfo_ipv4_domain_blocking = 0.03 s
[12644/26691] TestAddressResolve#test_addrinfo_getaddrinfo_ipv6_domain_blocking = 0.03 s
[12645/26691] TestAddressResolve#test_socket_getnameinfo_domain_blocking = 0.03 s
[12646/26691] TestAddressResolve#test_addrinfo_getaddrinfo_no_host_non_blocking = 0.03 s
[12647/26691] TestAddressResolve#test_addrinfo_getaddrinfo_pf_unspec_domain_blocking = 0.26 s
[12648/26691] TestAddressResolve#test_addrinfo_tcp_domain_blocking = 0.03 s
[12649/26691] TestGemResolverIndexSet#test_initialize = 0.68 s
[12650/26691] TestGemResolverIndexSet#test_initialize_source = 0.74 s
[12651/26691] TestGemResolverIndexSet#test_find_all = 1.07 s
[12652/26691] TestGemResolverIndexSet#test_find_all_prerelease = 0.84 s
[12653/26691] TestGemResolverIndexSet#test_find_all_local = 1.03 s
[12654/26691] TestMkmfPkgConfig#test_pkgconfig_with_option_returns_nil_on_error = 0.24 s
[12655/26691] TestMkmfPkgConfig#test_pkgconfig_with_multiple_options = 0.22 s
[12656/26691] TestMkmfPkgConfig#test_pkgconfig_with_libs_option_returns_output = 0.21 s
[12657/26691] TestMkmfPkgConfig#test_pkgconfig_with_cflags_option_returns_output = 0.21 s
[12658/26691] TestSocketNonblock#test_udp_recv_nonblock = 0.05 s
[12659/26691] TestSocketNonblock#test_accept_nonblock = 0.03 s
[12660/26691] TestSocketNonblock#test_connect_nonblock = 0.02 s
[12661/26691] TestSocketNonblock#test_tcp_recv_nonblock = 0.03 s
[12662/26691] TestSocketNonblock#test_recv_nonblock_no_exception = 0.02 s
[12663/26691] TestSocketNonblock#test_connect_nonblock_no_exception = 0.02 s
[12664/26691] TestSocketNonblock#test_recvfrom_nonblock_no_exception = 0.02 s
[12665/26691] TestSocketNonblock#test_connect_nonblock_error = 0.02 s
[12666/26691] TestSocketNonblock#test_sendmsg_nonblock_seqpacket = 0.02 s
[12667/26691] TestSocketNonblock#test_recvmsg_nonblock_error = 0.02 s
[12668/26691] TestSocketNonblock#test_read_nonblock = 0.03 s
[12669/26691] TestSocketNonblock#test_read_nonblock_no_exception = 0.03 s
[12670/26691] TestSocketNonblock#test_sendmsg_nonblock_no_exception = 0.02 s
[12671/26691] TestSocketNonblock#test_recv_nonblock_error = 0.02 s
[12672/26691] TestSocketNonblock#test_udp_recvfrom_nonblock = 0.04 s
[12673/26691] TestSocketNonblock#test_sendmsg_nonblock_error = 0.02 s
[12674/26691] TestSocketNonblock#test_accept_nonblock_error = 0.01 s
[12675/26691] TestSocketNonblock#test_socket_recvfrom_nonblock = 0.03 s
[12676/26691] TestUbfAsyncSafe#test_ubf_async_safe = 1.34 s
[12677/26691] Reline::Unicode::Test#test_encoding_conversion = 0.39 s
[12678/26691] Reline::Unicode::Test#test_split_by_width = 0.29 s
[12679/26691] Reline::Unicode::Test#test_get_mbchar_width = 0.28 s
[12680/26691] Reline::Unicode::Test#test_ambiguous_width = 0.30 s
[12681/26691] Reline::Unicode::Test#test_calculate_width = 0.35 s
[12682/26691] Reline::Unicode::Test#test_vi_big_forward_word = 0.30 s
[12683/26691] Reline::Unicode::Test#test_strip_non_printing_start_end = 0.28 s
[12684/26691] Reline::Unicode::Test#test_csi_regexp = 0.28 s
[12685/26691] Reline::Unicode::Test#test_vi_forward_end_word = 0.30 s
[12686/26691] Reline::Unicode::Test#test_em_backward_word = 0.29 s
[12687/26691] Reline::Unicode::Test#test_vi_backward_word = 0.30 s
[12688/26691] Reline::Unicode::Test#test_em_big_backward_word = 0.29 s
[12689/26691] Reline::Unicode::Test#test_split_line_by_width = 0.32 s
[12690/26691] Reline::Unicode::Test#test_em_forward_word_with_capitalization = 0.30 s
[12691/26691] Reline::Unicode::Test#test_common_prefix = 0.31 s
[12692/26691] Reline::Unicode::Test#test_take_mbchar_range = 0.44 s
[12693/26691] Reline::Unicode::Test#test_character_type = 0.29 s
[12694/26691] Reline::Unicode::Test#test_vi_big_backward_word = 0.29 s
[12695/26691] Reline::Unicode::Test#test_vi_first_print = 0.28 s
[12696/26691] Reline::Unicode::Test#test_vi_big_forward_end_word = 0.32 s
[12697/26691] Reline::Unicode::Test#test_split_line_by_width_csi_reset_sgr_optimization = 0.29 s
[12698/26691] Reline::Unicode::Test#test_ed_transpose_words = 0.43 s
[12699/26691] Reline::Unicode::Test#test_take_range = 0.33 s
[12700/26691] Reline::Unicode::Test#test_nonprinting_start_end = 0.30 s
[12701/26691] Reline::Unicode::Test#test_vi_forward_word = 0.31 s
[12702/26691] Reline::Unicode::Test#test_osc_regexp = 0.28 s
[12703/26691] Reline::Unicode::Test#test_em_forward_word = 0.29 s
[12704/26691] TestMkmfLibs#test_merge_seq = 0.24 s
[12705/26691] TestMkmfLibs#test_merge_cyclic = 0.21 s
[12706/26691] TestMkmfLibs#test_merge_cyclic_2 = 0.22 s
[12707/26691] TestMkmfLibs#test_merge_seq_pre = 0.22 s
[12708/26691] TestMkmfLibs#test_split_libs = 0.20 s
[12709/26691] TestMkmfLibs#test_merge_reversal = 0.21 s
[12710/26691] TestMkmfLibs#test_merge_simple = 0.21 s
[12711/26691] TestMkmfLibs#test_merge_reversal_followed = 0.22 s
[12712/26691] TestPatternMatching#test_single_pattern_error_alternative_pattern = 0.03 s
[12713/26691] TestPatternMatching#test_single_pattern_error_array_pattern = 0.05 s
[12714/26691] TestPatternMatching#test_as_pattern = 0.01 s
[12715/26691] TestPatternMatching#test_find_pattern = 0.06 s
[12716/26691] TestPatternMatching#test_one_line = 0.02 s
[12717/26691] TestPatternMatching#test_single_pattern_error_guard_clause = 0.02 s
[12718/26691] TestPatternMatching#test_hash_pattern = 0.23 s
[12719/26691] TestPatternMatching#test_paren = 0.01 s
[12720/26691] TestPatternMatching#test_var_pattern = 0.17 s
[12721/26691] TestPatternMatching#test_array_pattern = 0.08 s
[12722/26691] TestPatternMatching#test_modifier = 0.01 s
[12723/26691] TestPatternMatching#test_nomatchingpatternerror = 0.01 s
[12724/26691] TestPatternMatching#test_alternative_pattern = 0.02 s
[12725/26691] TestPatternMatching#test_deconstruct = 0.01 s
[12726/26691] TestPatternMatching#test_single_pattern_error_find_pattern = 0.04 s
[12727/26691] TestPatternMatching#test_bug18990 = 0.01 s
[12728/26691] TestPatternMatching#test_deconstruct_keys = 0.02 s
[12729/26691] TestPatternMatching#test_invalid_syntax = 0.12 s
[12730/26691] TestPatternMatching#test_deconstruct_cache = 0.02 s
[12731/26691] TestPatternMatching#test_constant_value_pattern = 0.01 s
[12732/26691] TestPatternMatching#test_basic = 0.03 s
[12733/26691] TestPatternMatching#test_pin_operator_expr_pattern = 0.02 s
[12734/26691] TestPatternMatching#test_single_pattern_error_as_pattern = 0.01 s
[12735/26691] TestPatternMatching#test_single_pattern_error_value_pattern = 0.01 s
[12736/26691] TestPatternMatching#test_single_pattern_error_hash_pattern = 0.09 s
[12737/26691] TestPatternMatching#test_struct = 0.03 s
[12738/26691] TestPatternMatching#test_literal_value_pattern = 1.10 s
[12739/26691] TestPatternMatching#test_pin_operator_value_pattern = 0.02 s
[12740/26691] Reline::LineEditor::RenderLineDifferentialTest#test_complicated = 0.11 s
[12741/26691] Reline::LineEditor::RenderLineDifferentialTest#test_dialog_change = 0.04 s
[12742/26691] Reline::LineEditor::RenderLineDifferentialTest#test_multibyte = 0.10 s
[12743/26691] Reline::LineEditor::RenderLineDifferentialTest#test_line_increase_decrease = 0.03 s
[12744/26691] Reline::LineEditor::RenderLineDifferentialTest#test_dialog_move = 0.07 s
[12745/26691] Reline::LineEditor::RenderLineDifferentialTest#test_dialog_appear_disappear = 0.06 s
[12746/26691] Reline::LineEditor::RenderLineDifferentialTest#test_update_under_dialog = 0.06 s
[12747/26691] TestRDocMarkupHardBreak#test_accept = 0.04 s
[12748/26691] TestRDocMarkupHardBreak#test_equals2 = 0.03 s
[12749/26691] TestFileUtilsDryRun#test_visibility_cp_lr = 0.02 s
[12750/26691] TestFileUtilsDryRun#test_visibility_fu_copy_stream0 = 0.01 s
[12751/26691] TestFileUtilsDryRun#test_visibility_identical? = 0.01 s
[12752/26691] TestFileUtilsDryRun#test_visibility_mkdir_p = 0.01 s
[12753/26691] TestFileUtilsDryRun#test_visibility_ln_sf = 0.01 s
[12754/26691] TestFileUtilsDryRun#test_singleton_visibility_ln_s = 0.01 s
[12755/26691] TestFileUtilsDryRun#test_visibility_compare_stream = 0.01 s
[12756/26691] TestFileUtilsDryRun#test_singleton_visibility_fu_stream_blksize = 0.01 s
[12757/26691] TestFileUtilsDryRun#test_singleton_visibility_mkdir = 0.01 s
[12758/26691] TestFileUtilsDryRun#test_singleton_visibility_fu_copy_stream0 = 0.01 s
[12759/26691] TestFileUtilsDryRun#test_visibility_fu_blksize = 0.01 s
[12760/26691] TestFileUtilsDryRun#test_visibility_rmdir = 0.01 s
[12761/26691] TestFileUtilsDryRun#test_singleton_visibility_uptodate? = 0.01 s
[12762/26691] TestFileUtilsDryRun#test_singleton_visibility_rmtree = 0.01 s
[12763/26691] TestFileUtilsDryRun#test_visibility_remove_entry_secure = 0.01 s
[12764/26691] TestFileUtilsDryRun#test_visibility_ln_sr = 0.01 s
[12765/26691] TestFileUtilsDryRun#test_visibility_copy_file = 0.01 s
[12766/26691] TestFileUtilsDryRun#test_singleton_visibility_chmod_R = 0.01 s
[12767/26691] TestFileUtilsDryRun#test_singleton_visibility_link_entry = 0.01 s
[12768/26691] TestFileUtilsDryRun#test_visibility_remove_entry = 0.01 s
[12769/26691] TestFileUtilsDryRun#test_singleton_visibility_cp_r = 0.01 s
[12770/26691] TestFileUtilsDryRun#test_visibility_rmtree = 0.01 s
[12771/26691] TestFileUtilsDryRun#test_singleton_visibility_chmod = 0.01 s
[12772/26691] TestFileUtilsDryRun#test_singleton_visibility_copy_entry = 0.01 s
[12773/26691] TestFileUtilsDryRun#test_singleton_visibility_rm_rf = 0.01 s
[12774/26691] TestFileUtilsDryRun#test_visibility_cp_r = 0.01 s
[12775/26691] TestFileUtilsDryRun#test_singleton_visibility_install = 0.01 s
[12776/26691] TestFileUtilsDryRun#test_visibility_chown = 0.01 s
[12777/26691] TestFileUtilsDryRun#test_visibility_rm = 0.01 s
[12778/26691] TestFileUtilsDryRun#test_singleton_visibility_safe_unlink = 0.01 s
[12779/26691] TestFileUtilsDryRun#test_singleton_visibility_fu_windows? = 0.01 s
[12780/26691] TestFileUtilsDryRun#test_singleton_visibility_touch = 0.01 s
[12781/26691] TestFileUtilsDryRun#test_visibility_ln = 0.01 s
[12782/26691] TestFileUtilsDryRun#test_visibility_remove_file = 0.01 s
[12783/26691] TestFileUtilsDryRun#test_singleton_visibility_chdir = 0.01 s
[12784/26691] TestFileUtilsDryRun#test_singleton_visibility_remove_entry_secure = 0.01 s
[12785/26691] TestFileUtilsDryRun#test_visibility_cmp = 0.01 s
[12786/26691] TestFileUtilsDryRun#test_singleton_visibility_pwd = 0.01 s
[12787/26691] TestFileUtilsDryRun#test_visibility_ln_s = 0.01 s
[12788/26691] TestFileUtilsDryRun#test_singleton_visibility_remove_entry = 0.01 s
[12789/26691] TestFileUtilsDryRun#test_singleton_visibility_ln = 0.01 s
[12790/26691] TestFileUtilsDryRun#test_singleton_visibility_cmp = 0.01 s
[12791/26691] TestFileUtilsDryRun#test_visibility_copy_stream = 0.01 s
[12792/26691] TestFileUtilsDryRun#test_singleton_visibility_symlink = 0.01 s
[12793/26691] TestFileUtilsDryRun#test_visibility_chown_R = 0.01 s
[12794/26691] TestFileUtilsDryRun#test_singleton_visibility_rm = 0.01 s
[12795/26691] TestFileUtilsDryRun#test_singleton_visibility_compare_stream = 0.01 s
[12796/26691] TestFileUtilsDryRun#test_singleton_visibility_remove_dir = 0.01 s
[12797/26691] TestFileUtilsDryRun#test_visibility_pwd = 0.01 s
[12798/26691] TestFileUtilsDryRun#test_visibility_getwd = 0.01 s
[12799/26691] TestFileUtilsDryRun#test_singleton_visibility_remove = 0.01 s
[12800/26691] TestFileUtilsDryRun#test_singleton_visibility_move = 0.01 s
[12801/26691] TestFileUtilsDryRun#test_visibility_remove_dir = 0.01 s
[12802/26691] TestFileUtilsDryRun#test_singleton_visibility_rmdir = 0.01 s
[12803/26691] TestFileUtilsDryRun#test_visibility_mkdir = 0.01 s
[12804/26691] TestFileUtilsDryRun#test_visibility_chmod_R = 0.01 s
[12805/26691] TestFileUtilsDryRun#test_visibility_rm_f = 0.01 s
[12806/26691] TestFileUtilsDryRun#test_visibility_compare_file = 0.01 s
[12807/26691] TestFileUtilsDryRun#test_singleton_visibility_ln_sf = 0.01 s
[12808/26691] TestFileUtilsDryRun#test_visibility_remove = 0.01 s
[12809/26691] TestFileUtilsDryRun#test_singleton_visibility_cp_lr = 0.01 s
[12810/26691] TestFileUtilsDryRun#test_singleton_visibility_mv = 0.01 s
[12811/26691] TestFileUtilsDryRun#test_singleton_visibility_mkdir_p = 0.01 s
[12812/26691] TestFileUtilsDryRun#test_visibility_chmod = 0.01 s
[12813/26691] TestFileUtilsDryRun#test_visibility_fu_default_blksize = 0.01 s
[12814/26691] TestFileUtilsDryRun#test_visibility_makedirs = 0.01 s
[12815/26691] TestFileUtilsDryRun#test_singleton_visibility_copy = 0.01 s
[12816/26691] TestFileUtilsDryRun#test_visibility_mv = 0.01 s
[12817/26691] TestFileUtilsDryRun#test_visibility_uptodate? = 0.01 s
[12818/26691] TestFileUtilsDryRun#test_singleton_visibility_link = 0.01 s
[12819/26691] TestFileUtilsDryRun#test_singleton_visibility_ln_sr = 0.01 s
[12820/26691] TestFileUtilsDryRun#test_singleton_visibility_copy_file = 0.01 s
[12821/26691] TestFileUtilsDryRun#test_visibility_rm_r = 0.01 s
[12822/26691] TestFileUtilsDryRun#test_visibility_copy_entry = 0.01 s
[12823/26691] TestFileUtilsDryRun#test_visibility_link = 0.01 s
[12824/26691] TestFileUtilsDryRun#test_singleton_visibility_compare_file = 0.01 s
[12825/26691] TestFileUtilsDryRun#test_visibility_touch = 0.01 s
[12826/26691] TestFileUtilsDryRun#test_visibility_link_entry = 0.01 s
[12827/26691] TestFileUtilsDryRun#test_singleton_visibility_cp = 0.01 s
[12828/26691] TestFileUtilsDryRun#test_singleton_visibility_rm_r = 0.01 s
[12829/26691] TestFileUtilsDryRun#test_singleton_visibility_makedirs = 0.01 s
[12830/26691] TestFileUtilsDryRun#test_singleton_visibility_remove_file = 0.01 s
[12831/26691] TestFileUtilsDryRun#test_singleton_visibility_fu_default_blksize = 0.01 s
[12832/26691] TestFileUtilsDryRun#test_singleton_visibility_chown = 0.01 s
[12833/26691] TestFileUtilsDryRun#test_singleton_visibility_chown_R = 0.01 s
[12834/26691] TestFileUtilsDryRun#test_visibility_symlink = 0.01 s
[12835/26691] TestFileUtilsDryRun#test_visibility_copy = 0.01 s
[12836/26691] TestFileUtilsDryRun#test_visibility_rm_rf = 0.01 s
[12837/26691] TestFileUtilsDryRun#test_singleton_visibility_copy_stream = 0.01 s
[12838/26691] TestFileUtilsDryRun#test_visibility_cd = 0.01 s
[12839/26691] TestFileUtilsDryRun#test_singleton_visibility_fu_blksize = 0.01 s
[12840/26691] TestFileUtilsDryRun#test_singleton_visibility_getwd = 0.01 s
[12841/26691] TestFileUtilsDryRun#test_visibility_safe_unlink = 0.01 s
[12842/26691] TestFileUtilsDryRun#test_visibility_install = 0.01 s
[12843/26691] TestFileUtilsDryRun#test_visibility_fu_stream_blksize = 0.01 s
[12844/26691] TestFileUtilsDryRun#test_singleton_visibility_rm_f = 0.01 s
[12845/26691] TestFileUtilsDryRun#test_singleton_visibility_cd = 0.01 s
[12846/26691] TestFileUtilsDryRun#test_singleton_visibility_mkpath = 0.01 s
[12847/26691] TestFileUtilsDryRun#test_visibility_cp = 0.01 s
[12848/26691] TestFileUtilsDryRun#test_visibility_mkpath = 0.01 s
[12849/26691] TestFileUtilsDryRun#test_singleton_visibility_identical? = 0.01 s
[12850/26691] TestFileUtilsDryRun#test_visibility_fu_windows? = 0.01 s
[12851/26691] TestFileUtilsDryRun#test_visibility_chdir = 0.01 s
[12852/26691] TestFileUtilsDryRun#test_visibility_move = 0.01 s
[12853/26691] TestRDocRdInline#test_to_s = 0.03 s
[12854/26691] TestRDocRdInline#test_initialize = 0.03 s
[12855/26691] TestRDocRdInline#test_initialize_inline = 0.03 s
[12856/26691] TestRDocRdInline#test_append_string = 0.03 s
[12857/26691] TestRDocRdInline#test_equals2 = 0.03 s
[12858/26691] TestRDocRdInline#test_class_new = 0.03 s
[12859/26691] TestRDocRdInline#test_append_inline = 0.03 s
[12860/26691] TestRDocRdInline#test_inspect = 0.03 s
[12861/26691] TestRange#test_reverse_each_with_no_block = 0.01 s
[12862/26691] TestRange#test_to_s = 0.01 s
[12863/26691] TestRange#test_reverse_each_for_empty_range = 0.12 s
[12864/26691] TestRange#test_last_with_redefine_each = 2.48 s
[12865/26691] TestRange#test_evaluation_order = 0.01 s
[12866/26691] TestRange#test_exclude_end = 0.01 s
[12867/26691] TestRange#test_bad_value = 0.01 s
[12868/26691] TestRange#test_step_string_legacy = 0.05 s
[12869/26691] TestRange#test_eqq = 0.02 s
[12870/26691] TestRange#test_percent_step = 0.02 s
[12871/26691] TestRange#test_eqq_unbounded_ruby_bug_19864 = 0.02 s
[12872/26691] TestRange#test_initialize_twice = 0.02 s
[12873/26691] TestRange#test_step_bug15537 = 0.01 s
[12874/26691] TestRange#test_step_numeric_range = 0.33 s
[12875/26691] TestRange#test_eqq_string = 0.01 s
[12876/26691] TestRange#test_to_a = 0.01 s
[12877/26691] TestRange#test_step_ruby_core_35753 = 0.02 s
[12878/26691] TestRange#test_bsearch_for_bignum = 0.41 s
[12879/26691] TestRange#test_frozen_initialize = 0.01 s
[12880/26691] TestRange#test_new = 0.02 s
[12881/26691] TestRange#test_step_non_numeric_range = 0.07 s
[12882/26691] TestRange#test_include = 0.03 s
[12883/26691] TestRange#test_reverse_each_for_endless_range = 0.01 s
[12884/26691] TestRange#test_reverse_each = 0.03 s
[12885/26691] TestRange#test_size = 0.50 s
[12886/26691] TestRange#test_bsearch_for_fixnum = 0.03 s
[12887/26691] TestRange#test_beginless_range_iteration = 0.01 s
[12888/26691] TestRange#test_each = 0.03 s
[12889/26691] TestRange#test_reverse_each_size = 0.03 s
[12890/26691] TestRange#test_reverse_each_for_beginless_range = 0.02 s
[12891/26691] TestRange#test_max = 0.05 s
[12892/26691] TestRange#test_reverse_each_for_single_point_range = 0.03 s
[12893/26691] TestRange#test_overlap? = 0.06 s
[12894/26691] TestRange#test_cover = 3.80 s
[12895/26691] TestRange#test_hash = 0.01 s
[12896/26691] TestRange#test_each_no_blockarg = 0.01 s
[12897/26691] TestRange#test_range_string = 0.02 s
[12898/26691] TestRange#test_bsearch_for_float = 0.22 s
[12899/26691] TestRange#test_uninitialized_range = 0.01 s
[12900/26691] TestRange#test_range_bsearch_for_floats = 374.84 s
[12901/26691] TestRange#test_first_last = 0.04 s
[12902/26691] TestRange#test_marshal = 0.02 s
[12903/26691] TestRange#test_begin_end = 0.01 s
[12904/26691] TestRange#test_beg_len = 0.03 s
[12905/26691] TestRange#test_bsearch_with_no_block = 0.01 s
[12906/26691] TestRange#test_each_with_succ = 0.02 s
[12907/26691] TestRange#test_eqq_non_iteratable = 0.01 s
[12908/26691] TestRange#test_count = 0.02 s
[12909/26691] TestRange#test_step_numeric_fixnum_boundary = 0.02 s
[12910/26691] TestRange#test_bsearch_typechecks_return_values = 0.03 s
[12911/26691] TestRange#test_eqq_non_linear = 0.01 s
[12912/26691] TestRange#test_range_numeric_string = 0.03 s
[12913/26691] TestRange#test_comparison_when_recursive = 0.04 s
[12914/26691] TestRange#test_cyclic_range_inspect = 0.01 s
[12915/26691] TestRange#test_eqq_time = 0.01 s
[12916/26691] TestRange#test_step_symbol_legacy = 0.04 s
[12917/26691] TestRange#test_min = 0.03 s
[12918/26691] TestRange#test_minmax = 0.04 s
[12919/26691] TestRange#test_eq = 0.10 s
[12920/26691] TestRange#test_inspect = 0.02 s
[12921/26691] TestRange#test_step_big_float = 0.01 s
[12922/26691] TestRange#test_duckrange = 0.01 s
[12923/26691] TestRange#test_eql = 0.02 s
[12924/26691] TestRange#test_bsearch_for_other_numerics = 0.01 s
[12925/26691] TestRange#test_range_symbol = 0.01 s
[12926/26691] TestMethodInlineCache#test_module_methods_redefiniton = 0.03 s
[12927/26691] TestMethodInlineCache#test_zsuper = 9.02 s
[12928/26691] TestMethodInlineCache#test_alias = 0.02 s
[12929/26691] TestGemCommandsBuildCommand#test_build_is_reproducible = 1.05 s
[12930/26691] TestGemCommandsBuildCommand#test_build_auto_resign_cert = 0.96 s
[12931/26691] TestGemCommandsBuildCommand#test_execute_outside_dir = 0.94 s
[12932/26691] TestGemCommandsBuildCommand#test_execute_rubyforge_project_warning = 0.89 s
[12933/26691] TestGemCommandsBuildCommand#test_execute_outside_dir_with_glob_argument = 0.95 s
[12934/26691] TestGemCommandsBuildCommand#test_build_signed_gem_with_cert_expiration_length_days = 0
.95 s
[12935/26691] TestGemCommandsBuildCommand#test_handle_options = 0.99 s
[12936/26691] TestGemCommandsBuildCommand#test_execute_bad_name = 1.01 s
[12937/26691] TestGemCommandsBuildCommand#test_options_filename = 0.92 s
[12938/26691] TestGemCommandsBuildCommand#test_execute_without_gem_name = 0.93 s
[12939/26691] TestGemCommandsBuildCommand#test_execute_force = 0.93 s
[12940/26691] TestGemCommandsBuildCommand#test_execute_outside_dir_with_external_relative_gemspec =
0.95 s
[12941/26691] TestGemCommandsBuildCommand#test_execute_outside_dir_without_gem_name = 0.94 s
[12942/26691] TestGemCommandsBuildCommand#test_execute_missing_file = 0.61 s
[12943/26691] TestGemCommandsBuildCommand#test_build_signed_gem = 0.84 s
[12944/26691] TestGemCommandsBuildCommand#test_handle_deprecated_options = 0.96 s
[12945/26691] TestGemCommandsBuildCommand#test_execute_outside_dir_with_external_gemspec = 0.87 s
[12946/26691] TestGemCommandsBuildCommand#test_handle_options_defaults = 0.94 s
[12947/26691] TestGemCommandsBuildCommand#test_execute_strict_without_warnings = 0.85 s
[12948/26691] TestGemCommandsBuildCommand#test_execute_multiple_gemspec_without_gem_name = 0.68 s
[12949/26691] TestGemCommandsBuildCommand#test_can_find_gemspecs_without_dot_gemspec = 0.84 s
[12950/26691] TestGemCommandsBuildCommand#test_execute_platform = 0.92 s
[12951/26691] TestGemCommandsBuildCommand#test_execute_strict_with_warnings = 1.07 s
[12952/26691] TestGemCommandsBuildCommand#test_execute_bad_spec = 0.80 s
[12953/26691] TestGemCommandsBuildCommand#test_execute_outside_dir_no_gemspec_present = 0.65 s
[12954/26691] TestGemCommandsBuildCommand#test_execute = 0.84 s
[12955/26691] TestZlibGzipFile#test_lineno = 0.04 s
[12956/26691] TestZlibGzipFile#test_mtime = 0.03 s
[12957/26691] TestZlibGzipFile#test_gzip_reader_zcat = 0.04 s
[12958/26691] TestZlibGzipFile#test_comment = 0.03 s
[12959/26691] TestZlibGzipFile#test_sync = 0.03 s
[12960/26691] TestZlibGzipFile#test_pos = 0.02 s
[12961/26691] TestZlibGzipFile#test_path = 0.04 s
[12962/26691] TestZlibGzipFile#test_orig_name = 0.03 s
[12963/26691] TestZlibGzipFile#test_crc = 0.02 s
[12964/26691] TestZlibGzipFile#test_closed_p = 0.03 s
[12965/26691] TestZlibGzipFile#test_zero_mtime = 0.01 s
[12966/26691] TestZlibGzipFile#test_to_io = 0.03 s
[12967/26691] TestZlibGzipFile#test_level = 0.03 s
[12968/26691] TestZlibGzipFile#test_os_code = 0.03 s
[12969/26691] TestGemCommandsSearchCommand#test_initialize = 0.59 s
[12970/26691] TestGemBundledCA#test_accessing_rubygems = 1.49 s
[12971/26691] TestGemBundledCA#test_accessing_www_rubygems = 1.47 s
[12972/26691] TestGemBundledCA#test_accessing_new_index = 1.33 s
[12973/26691] TestGemBundledCA#test_accessing_staging = 1.28 s
[12974/26691] Reline::Face::Test::WithoutSetupTest#test_my_config_default = 0.04 s
[12975/26691] Reline::Face::Test::WithoutSetupTest#test_invalid_keyword = 0.03 s
[12976/26691] Reline::Face::Test::WithoutSetupTest#test_invalid_background_name = 0.02 s
[12977/26691] Reline::Face::Test::WithoutSetupTest#test_private_constants = 0.02 s
[12978/26691] Reline::Face::Test::WithoutSetupTest#test_invalid_style_name = 0.02 s
[12979/26691] Reline::Face::Test::WithoutSetupTest#test_invalid_foreground_name = 0.03 s
[12980/26691] Reline::Face::Test::WithoutSetupTest#test_style_does_not_exist = 0.02 s
[12981/26691] TestOptionParserPlaceArg#test_lambda = 0.12 s
[12982/26691] TestOptionParserPlaceArg#test_require_exact = 0.51 s
[12983/26691] TestOptionParserPlaceArg#test_permute = 0.15 s
[12984/26691] TestOptionParserPlaceArg#test_long = 0.16 s
[12985/26691] TestOptionParserPlaceArg#test_default_argument = 0.11 s
[12986/26691] TestOptionParserPlaceArg#test_raise_unknown = 0.19 s
[12987/26691] TestOptionParserPlaceArg#test_help_pager = 12.73 s
[12988/26691] TestOptionParserPlaceArg#test_short = 0.14 s
[12989/26691] TestOptionParserPlaceArg#test_hyphenize = 0.12 s
[12990/26691] TestOptionParserPlaceArg#test_regexp = 0.14 s
[12991/26691] TestOptionParserPlaceArg#test_abbrev = 0.37 s
[12992/26691] TestOptionParserPlaceArg#test_order = 0.14 s
[12993/26691] TestOptionParserPlaceArg#test_conv = 0.10 s
[12994/26691] TestOptionParserPlaceArg#test_nonopt_pattern = 0.13 s
[12995/26691] TestOptionParserPlaceArg#test_into = 0.23 s
[12996/26691] TestOptionParserPlaceArg#test_exact_option = 0.52 s
[12997/26691] TC_Enumerable#test_to_set = 0.04 s
[12998/26691] Prism::IntegerBaseFlagsTest#test_flags = 0.03 s
[12999/26691] TestOpenURISSL#test_bad_ssl_version = 1.83 s
[13000/26691] TestOpenURISSL#test_ssl_min_version = 1.55 s
[13001/26691] TestOpenURISSL#test_proxy_cacert_file = 2.72 s
[13002/26691] TestOpenURISSL#test_validation_success = 1.51 s
[13003/26691] TestOpenURISSL#test_proxy_cacert_dir = 5.71 s
[13004/26691] TestOpenURISSL#test_validation_noverify = 1.51 s
[13005/26691] TestOpenURISSL#test_validation_failure = 1.93 s
[13006/26691] OpenSSL::TestPKCS7#test_split_content = 0.76 s
[13007/26691] OpenSSL::TestPKCS7#test_to_text = 0.71 s
[13008/26691] OpenSSL::TestPKCS7#test_graceful_parsing_failure = 0.72 s
[13009/26691] OpenSSL::TestPKCS7#test_detached_sign = 0.88 s
[13010/26691] OpenSSL::TestPKCS7#test_signed = 1.28 s
[13011/26691] OpenSSL::TestPKCS7#test_set_type_data = 0.71 s
[13012/26691] OpenSSL::TestPKCS7#test_signed_add_signer = 0.77 s
[13013/26691] OpenSSL::TestPKCS7#test_set_type_signed_and_enveloped = 0.71 s
[13014/26691] OpenSSL::TestPKCS7#test_set_type_signed = 0.71 s
[13015/26691] OpenSSL::TestPKCS7#test_smime = 0.82 s
[13016/26691] OpenSSL::TestPKCS7#test_set_type_encrypted = 0.71 s
[13017/26691] OpenSSL::TestPKCS7#test_set_type_enveloped = 0.71 s
[13018/26691] OpenSSL::TestPKCS7#test_degenerate_pkcs7 = 0.73 s
[13019/26691] OpenSSL::TestPKCS7#test_enveloped = 0.82 s
[13020/26691] OpenSSL::TestPKCS7#test_empty_signed_data_ruby_bug_19974 = 0.72 s
[13021/26691] OpenSSL::TestX509Request#test_subject = 0.82 s
[13022/26691] OpenSSL::TestX509Request#test_sign_and_verify_dsa_md5 = 0.82 s
[13023/26691] OpenSSL::TestX509Request#test_sign_and_verify_ed25519 = 0.91 s
[13024/26691] OpenSSL::TestX509Request#test_version = 0.81 s
[13025/26691] OpenSSL::TestX509Request#test_sign_and_verify_dsa = 0.92 s
[13026/26691] OpenSSL::TestX509Request#test_attr = 0.91 s
[13027/26691] OpenSSL::TestX509Request#test_public_key = 1.08 s
[13028/26691] OpenSSL::TestX509Request#test_sign_and_verify_rsa_md5 = 0.86 s
[13029/26691] OpenSSL::TestX509Request#test_sign_and_verify_rsa_sha1 = 0.81 s
[13030/26691] OpenSSL::TestX509Request#test_marshal = 0.81 s
[13031/26691] OpenSSL::TestX509Request#test_dup = 0.83 s
[13032/26691] OpenSSL::TestX509Request#test_eq = 0.86 s
[13033/26691] TestOptionParserLoad#test_load_home_config_settings = 0.11 s
[13034/26691] TestOptionParserLoad#test_load_home_options = 0.28 s
[13035/26691] TestOptionParserLoad#test_load_nothing = 0.05 s
[13036/26691] TestOptionParserLoad#test_load_xdg_config_dirs = 0.17 s
[13037/26691] TestOptionParserLoad#test_load_xdg_config_home = 0.26 s
[13038/26691] TestOptionParserLoad#test_load_home_config = 0.20 s
[13039/26691] TestIRB::PopwsTest#test_popws_prints_help_message_if_the_workspace_is_empty = 0.17 s
[13040/26691] TestIRB::PopwsTest#test_popws_replaces_the_current_workspace_with_the_previous_one = 0
.55 s
[13041/26691] TestGemUriFormatter#test_normalize_uri = 0.60 s
[13042/26691] TestGemUriFormatter#test_unescape = 0.64 s
[13043/26691] TestGemUriFormatter#test_escape = 0.64 s
[13044/26691] TestIRB::CompletionTest::CommandCompletionTest#test_complete_reserved_words = 0.35 s
[13045/26691] TestIRB::CompletionTest::CommandCompletionTest#test_complete_absolute_constants_with_s
pecial_characters = 0.86 s
[13046/26691] TestIRB::CompletionTest::CommandCompletionTest#test_complete_invalid_three_colons = 0.
33 s
[13047/26691] TestIRB::CompletionTest::CommandCompletionTest#test_not_completing_empty_string = 0.06
 s
[13048/26691] TestIRB::CompletionTest::CommandCompletionTest#test_command_completion = 0.38 s
[13049/26691] TestIRB::CompletionTest::CommandCompletionTest#test_complete_symbol = 35.84 s
[13050/26691] TestIRB::CompletionTest::CommandCompletionTest#test_complete_methods = 1.32 s
[13051/26691] TestOptionParserAcceptable#test_decimal_integer = 0.20 s
[13052/26691] TestOptionParserAcceptable#test_require_exact = 0.46 s
[13053/26691] TestOptionParserAcceptable#test_permute = 0.13 s
[13054/26691] TestOptionParserAcceptable#test_integer = 0.22 s
[13055/26691] TestOptionParserAcceptable#test_raise_unknown = 0.17 s
[13056/26691] TestOptionParserAcceptable#test_help_pager = 12.84 s
[13057/26691] TestOptionParserAcceptable#test_octal_integer = 0.26 s
[13058/26691] TestOptionParserAcceptable#test_regexp = 0.07 s
[13059/26691] TestOptionParserAcceptable#test_float = 0.18 s
[13060/26691] TestOptionParserAcceptable#test_order = 0.13 s
[13061/26691] TestOptionParserAcceptable#test_numeric = 0.21 s
[13062/26691] TestOptionParserAcceptable#test_array = 0.09 s
[13063/26691] TestOptionParserAcceptable#test_nonopt_pattern = 0.12 s
[13064/26691] TestOptionParserAcceptable#test_into = 0.23 s
[13065/26691] TestOptionParserAcceptable#test_exact_option = 0.52 s
[13066/26691] TestOptionParserAcceptable#test_decimal_numeric = 0.23 s
[13067/26691] Test_Load_ResolveSymbol#test_load_resolve_symbol_resolver = 9.53 s
[13068/26691] TestFiberMutex#test_mutex_deadlock = 3.65 s
[13069/26691] TestFiberMutex#test_condition_variable = 0.39 s
[13070/26691] TestFiberMutex#test_mutex_synchronize = 0.03 s
[13071/26691] TestFiberMutex#test_queue_pop_waits = 0.15 s
[13072/26691] TestFiberMutex#test_queue = 0.38 s
[13073/26691] TestFiberMutex#test_mutex_fiber_deadlock_no_scheduler = 0.03 s
[13074/26691] TestFiberMutex#test_mutex_fiber_raise = 0.04 s
[13075/26691] TestFiberMutex#test_mutex_interleaved_locking = 0.26 s
[13076/26691] TestFiberMutex#test_mutex_thread = 0.67 s
[13077/26691] Reline::ANSITest#test_extended = 0.46 s
[13078/26691] Reline::ANSITest#test_left_arrow = 0.69 s
[13079/26691] Reline::ANSITest#test_more_emacs = 0.71 s
[13080/26691] Reline::ANSITest#test_home = 0.73 s
[13081/26691] Reline::ANSITest#test_right_arrow = 0.73 s
[13082/26691] Reline::ANSITest#test_down_arrow = 0.71 s
[13083/26691] Reline::ANSITest#test_up_arrow = 0.70 s
[13084/26691] Reline::ANSITest#test_delete = 0.68 s
[13085/26691] Reline::ANSITest#test_shift_tab = 0.68 s
[13086/26691] Reline::ANSITest#test_end = 0.69 s
[13087/26691] TestKOI8#test_koi8_u = 0.77 s
[13088/26691] TestKOI8#test_koi8_r = 0.35 s
[13089/26691] TestOpen3#test_block = 7.68 s
[13090/26691] TestOpen3#test_capture3 = 7.65 s
[13091/26691] TestOpen3#test_capture2_stdin_data_io = 7.63 s
[13092/26691] TestOpen3#test_exit_status = 15.25 s
[13093/26691] TestOpen3#test_pipeline = 54.03 s
[13094/26691] TestOpen3#test_capture3_stdin_data = 7.69 s
[13095/26691] TestOpen3#test_numeric_file_descriptor2 = 7.61 s
[13096/26691] TestOpen3#test_noblock = 7.68 s
[13097/26691] TestOpen3#test_stdout = 7.61 s
[13098/26691] TestOpen3#test_capture2e_stdin_data = 7.54 s
[13099/26691] TestOpen3#test_pid = 7.60 s
[13100/26691] TestOpen3#test_stdin = 15.20 s
[13101/26691] TestOpen3#test_integer_and_symbol_key = 8.33 s
[13102/26691] TestOpen3#test_pipeline_r = 15.37 s
[13103/26691] TestOpen3#test_capture3_flip = 11.35 s
[13104/26691] TestOpen3#test_stderr = 7.62 s
[13105/26691] TestOpen3#test_pipeline_w = 46.59 s
[13106/26691] TestOpen3#test_pipeline_rw = 15.26 s
[13107/26691] TestOpen3#test_capture3_stdin_data_io = 7.66 s
[13108/26691] TestOpen3#test_popen2e_noblock = 7.62 s
[13109/26691] TestOpen3#test_capture2_stdin_data = 7.67 s
[13110/26691] TestOpen3#test_popen2e = 7.63 s
[13111/26691] TestOpen3#test_capture2e = 7.63 s
[13112/26691] TestOpen3#test_commandline = 0.83 s
[13113/26691] TestOpen3#test_capture2e_stdin_data_io = 7.65 s
[13114/26691] TestOpen3#test_pipeline_start = 53.85 s
[13115/26691] TestOpen3#test_numeric_file_descriptor3 = 7.63 s
[13116/26691] TestOpen3#test_pipeline_start_noblock = 7.59 s
[13117/26691] TestOpen3#test_capture2 = 7.80 s
[13118/26691] TestOpen3#test_popen2 = 7.62 s
[13119/26691] TestOpen3#test_env = 7.83 s
[13120/26691] Reline::Face::Test::WithInsufficientSetupTest#test_my_insufficient_configs = 0.04 s
[13121/26691] Reline::Face::Test::WithInsufficientSetupTest#test_my_insufficient_config_line = 0.03
s
[13122/26691] Prism::ErrorsTest#test_alnum_delimiters = 0.20 s
[13123/26691] Prism::ErrorsTest#test_circular_parameters = 0.05 s
[13124/26691] Prism::ErrorsTest#test_writing_numbered_parameter = 0.03 s
[13125/26691] Prism::ErrorsTest#test_argument_forwarding_when_parent_is_not_forwarding = 0.03 s
[13126/26691] Prism::ErrorsTest#test_regexp_unicode_too_short = 0.03 s
[13127/26691] Prism::ErrorsTest#test_invalid_number_underscores_9 = 0.03 s
[13128/26691] Prism::ErrorsTest#test_match_required_after_and_with_dot_method_call = 0.03 s
[13129/26691] Prism::ErrorsTest#test_symbol_in_hash = 0.03 s
[13130/26691] Prism::ErrorsTest#test_command_calls_30 = 0.03 s
[13131/26691] Prism::ErrorsTest#test_range_doubled = 0.03 s
[13132/26691] Prism::ErrorsTest#test_arguments_invalid_comma = 0.03 s
[13133/26691] Prism::ErrorsTest#test_splat_argument_after_keyword_argument = 0.03 s
[13134/26691] Prism::ErrorsTest#test_def_with_multiple_statements_receiver = 0.07 s
[13135/26691] Prism::ErrorsTest#test_assign_to_numbered_parameter = 0.08 s
[13136/26691] Prism::ErrorsTest#test_invalid_multi_target_20 = 0.03 s
[13137/26691] Prism::ErrorsTest#test_invalid_number_underscores_5 = 0.03 s
[13138/26691] Prism::ErrorsTest#test_unterminated_global_variable_2 = 0.03 s
[13139/26691] Prism::ErrorsTest#test_interpolated_regular_expression_with_unknown_regexp_options = 0
.03 s
[13140/26691] Prism::ErrorsTest#test_call_with_block_operator_write = 0.03 s
[13141/26691] Prism::ErrorsTest#test_dynamic_label_pattern = 0.03 s
[13142/26691] Prism::ErrorsTest#test_it_with_ordinary_parameter = 0.03 s
[13143/26691] Prism::ErrorsTest#test_call_with_block_and_write = 0.03 s
[13144/26691] Prism::ErrorsTest#test_invalid_number_underscores_7 = 0.02 s
[13145/26691] Prism::ErrorsTest#test_block_beginning_with_brace_and_ending_with_end = 0.05 s
[13146/26691] Prism::ErrorsTest#test_trailing_comma_after_block = 0.03 s
[13147/26691] Prism::ErrorsTest#test_semicolon_after_inheritance_operator = 0.03 s
[13148/26691] Prism::ErrorsTest#test_aliasing_global_variable_with_non_global_variable = 0.03 s
[13149/26691] Prism::ErrorsTest#test_defining_numbered_parameter = 0.02 s
[13150/26691] Prism::ErrorsTest#test_unterminated_regular_expression = 0.03 s
[13151/26691] Prism::ErrorsTest#test_statement_at_non_statement = 0.07 s
[13152/26691] Prism::ErrorsTest#test_do_not_allow_characters_other_than_0_9_a_f_and_A_F_in_u_Unicode
_character_notation = 0.03 s
[13153/26691] Prism::ErrorsTest#test_do_not_allow_forward_arguments_in_lambda_literals = 0.03 s
[13154/26691] Prism::ErrorsTest#test_invalid_number_underscores_3 = 0.02 s
[13155/26691] Prism::ErrorsTest#test_return_1_2_3 = 0.05 s
[13156/26691] Prism::ErrorsTest#test_command_calls_21 = 0.04 s
[13157/26691] Prism::ErrorsTest#test_setter_method_cannot_be_defined_in_an_endless_method_definition
 = 0.03 s
[13158/26691] Prism::ErrorsTest#test_invalid_multi_target_3 = 0.03 s
[13159/26691] Prism::ErrorsTest#test_non_assoc_equality = 0.23 s
[13160/26691] Prism::ErrorsTest#test_unterminated_parenthesized_expression = 0.03 s
[13161/26691] Prism::ErrorsTest#test_do_not_allow_trailing_commas_in_method_parameters = 0.03 s
[13162/26691] Prism::ErrorsTest#test_command_calls_23 = 0.03 s
[13163/26691] Prism::ErrorsTest#test_incomplete_instance_var_string = 0.04 s
[13164/26691] Prism::ErrorsTest#test_cr_without_lf_in_percent_expression = 0.02 s
[13165/26691] Prism::ErrorsTest#test_method_with_arguments_after_anonymous_block = 0.03 s
[13166/26691] Prism::ErrorsTest#test_defining_numbered_parameter_2 = 0.03 s
[13167/26691] Prism::ErrorsTest#test_unexpected_block = 0.03 s
[13168/26691] Prism::ErrorsTest#test_invalid_number_underscores_10 = 0.02 s
[13169/26691] Prism::ErrorsTest#test_invalid_multi_target_7 = 0.02 s
[13170/26691] Prism::ErrorsTest#test_command_calls_25 = 0.06 s
[13171/26691] Prism::ErrorsTest#test_invalid_operator_write_dot = 0.03 s
[13172/26691] Prism::ErrorsTest#test_rest_keywords_parameters_before_required_parameters = 0.03 s
[13173/26691] Prism::ErrorsTest#test_match_predicate_after_or_with_dot_method_call = 0.03 s
[13174/26691] Prism::ErrorsTest#test_invalid_number_underscores_12 = 0.03 s
[13175/26691] Prism::ErrorsTest#test_command_calls_27 = 0.03 s
[13176/26691] Prism::ErrorsTest#test_invalid_multi_target_5 = 0.02 s
[13177/26691] Prism::ErrorsTest#test_embdoc_ending = 0.04 s
[13178/26691] Prism::ErrorsTest#test_arguments_splat_after_star_star = 0.03 s
[13179/26691] Prism::ErrorsTest#test_unterminated_method_parameters = 0.02 s
[13180/26691] Prism::ErrorsTest#test_double_splat_with_double_commas = 0.03 s
[13181/26691] Prism::ErrorsTest#test_command_calls_29 = 0.02 s
[13182/26691] Prism::ErrorsTest#test_statement_operators = 0.22 s
[13183/26691] Prism::ErrorsTest#test_void_value_expression_in_hash = 0.06 s
[13184/26691] Prism::ErrorsTest#test_invalid_multi_target_9 = 0.03 s
[13185/26691] Prism::ErrorsTest#test_duplicate_pattern_hash_key_2 = 0.03 s
[13186/26691] Prism::ErrorsTest#test_module_name_recoverable = 0.03 s
[13187/26691] Prism::ErrorsTest#test_void_value_expression_in_unary_call = 0.04 s
[13188/26691] Prism::ErrorsTest#test_index_call_with_block_or_write = 0.04 s
[13189/26691] Prism::ErrorsTest#test_match_predicate_after_and_with_opreator = 0.03 s
[13190/26691] Prism::ErrorsTest#test_void_value_expression_in_arguments = 0.13 s
[13191/26691] Prism::ErrorsTest#test_class_definition_in_method_body = 0.03 s
[13192/26691] Prism::ErrorsTest#test_next_1 = 0.03 s
[13193/26691] Prism::ErrorsTest#test_argument_forwarding_only_effects_its_own_internals = 0.03 s
[13194/26691] Prism::ErrorsTest#test_multiple_error_in_parameters_order = 0.04 s
[13195/26691] Prism::ErrorsTest#test_returning_to_optional_parameters_multiple_times = 0.03 s
[13196/26691] Prism::ErrorsTest#test_class_definition_in_method_defs = 0.05 s
[13197/26691] Prism::ErrorsTest#test_command_calls_3 = 0.03 s
[13198/26691] Prism::ErrorsTest#test_command_calls_18 = 0.03 s
[13199/26691] Prism::ErrorsTest#test_cannot_assign_to_a_reserved_numbered_parameter = 0.12 s
[13200/26691] Prism::ErrorsTest#test_range_and_bin_op_3 = 0.03 s
[13201/26691] Prism::ErrorsTest#test_alnum_delimiters_3 = 0.02 s
[13202/26691] Prism::ErrorsTest#test_command_calls_5 = 0.03 s
[13203/26691] Prism::ErrorsTest#test_void_value_expression_in_binary_call = 0.07 s
[13204/26691] Prism::ErrorsTest#test_forwarding_arg_and_block = 0.03 s
[13205/26691] Prism::ErrorsTest#test_module_definition_in_method_body_within_block = 0.03 s
[13206/26691] Prism::ErrorsTest#test_range_and_bin_op_5 = 0.05 s
[13207/26691] Prism::ErrorsTest#test_alnum_delimiters_5 = 0.02 s
[13208/26691] Prism::ErrorsTest#test_module_definition_in_method_body = 0.03 s
[13209/26691] Prism::ErrorsTest#test_unterminated_argument_expression = 0.04 s
[13210/26691] Prism::ErrorsTest#test_command_calls_7 = 0.05 s
[13211/26691] Prism::ErrorsTest#test_unterminated_embdoc_2 = 0.02 s
[13212/26691] Prism::ErrorsTest#test_invalid_multi_target = 0.03 s
[13213/26691] Prism::ErrorsTest#test_module_definition_in_method_defs = 0.05 s
[13214/26691] Prism::ErrorsTest#test_alnum_delimiters_7 = 0.02 s
[13215/26691] Prism::ErrorsTest#test_range_and_bin_op_7 = 0.02 s
[13216/26691] Prism::ErrorsTest#test_alnum_delimiters_9 = 0.02 s
[13217/26691] Prism::ErrorsTest#test_command_calls_9 = 0.05 s
[13218/26691] Prism::ErrorsTest#test_command_calls_12 = 0.03 s
[13219/26691] Prism::ErrorsTest#test_def_with_expression_receiver_and_no_identifier = 0.03 s
[13220/26691] Prism::ErrorsTest#test_match_predicate_after_rescue_with_opreator = 0.03 s
[13221/26691] Prism::ErrorsTest#test_command_calls = 0.02 s
[13222/26691] Prism::ErrorsTest#test_for_loops_only_end = 0.04 s
[13223/26691] Prism::ErrorsTest#test_invalid_message_name = 0.02 s
[13224/26691] Prism::ErrorsTest#test_command_calls_10 = 0.03 s
[13225/26691] Prism::ErrorsTest#test_void_value_expression_in_expression = 0.15 s
[13226/26691] Prism::ErrorsTest#test_dont_allow_return_inside_class_body = 0.03 s
[13227/26691] Prism::ErrorsTest#test_keywords_parameters_before_required_parameters = 0.03 s
[13228/26691] Prism::ErrorsTest#test_command_calls_16 = 0.03 s
[13229/26691] Prism::ErrorsTest#test_def_with_empty_expression_receiver = 0.03 s
[13230/26691] Prism::ErrorsTest#test_optional_block_parameters_with_unary_operator_3 = 0.03 s
[13231/26691] Prism::ErrorsTest#test_command_calls_14 = 0.03 s
[13232/26691] Prism::ErrorsTest#test_optional_block_parameters_with_unary_operator = 0.03 s
[13233/26691] Prism::ErrorsTest#test_invalid_multi_target_13 = 0.03 s
[13234/26691] Prism::ErrorsTest#test_forwarding_arg_after_keyword_rest = 0.03 s
[13235/26691] Prism::ErrorsTest#test_pre_execution_missing_brace = 0.02 s
[13236/26691] Prism::ErrorsTest#test_duplicated_parameter_names_4 = 0.03 s
[13237/26691] Prism::ErrorsTest#test_invalid_multi_target_11 = 0.02 s
[13238/26691] Prism::ErrorsTest#test_invalid_hex_escape = 0.02 s
[13239/26691] Prism::ErrorsTest#test_duplicated_parameter_names_2 = 0.03 s
[13240/26691] Prism::ErrorsTest#test_invalid_multi_target_17 = 0.03 s
[13241/26691] Prism::ErrorsTest#test_match_required_after_rescue_with_dot_method_call = 0.03 s
[13242/26691] Prism::ErrorsTest#test_array_invalid_comma = 0.03 s
[13243/26691] Prism::ErrorsTest#test_duplicate_pattern_hash_key = 0.04 s
[13244/26691] Prism::ErrorsTest#test_invalid_multi_target_15 = 0.02 s
[13245/26691] Prism::ErrorsTest#test_repeated_parameter_name_in_destructured_params = 0.03 s
[13246/26691] Prism::ErrorsTest#test_void_value_expression_in_assignment = 0.07 s
[13247/26691] Prism::ErrorsTest#test_next_1_2_3 = 0.06 s
[13248/26691] Prism::ErrorsTest#test_unterminated_global_variable = 0.02 s
[13249/26691] Prism::ErrorsTest#test_symbol_in_keyword_parameter = 0.03 s
[13250/26691] Prism::ErrorsTest#test_invalid_multi_target_19 = 0.03 s
[13251/26691] Prism::ErrorsTest#test_match_predicate_after_or_with_opreator = 0.03 s
[13252/26691] Prism::ErrorsTest#test_double_splat_followed_by_splat_argument = 0.03 s
[13253/26691] Prism::ErrorsTest#test_index_call_with_block_operator_write = 0.04 s
[13254/26691] Prism::ErrorsTest#test_method_parameters_after_block = 0.03 s
[13255/26691] Prism::ErrorsTest#test_match_required_after_or_with_dot_method_call = 0.03 s
[13256/26691] Prism::ErrorsTest#test_void_value_expression_in_begin_statement = 0.17 s
[13257/26691] Prism::ErrorsTest#test_top_level_constant_starting_with_downcased_identifier = 0.03 s
[13258/26691] Prism::ErrorsTest#test_case_without_clauses = 0.03 s
[13259/26691] Prism::ErrorsTest#test_invalid_multi_target_14 = 0.03 s
[13260/26691] Prism::ErrorsTest#test_invalid_multi_target_16 = 0.03 s
[13261/26691] Prism::ErrorsTest#test_aliasing_non_global_variable_with_global_variable = 0.02 s
[13262/26691] Prism::ErrorsTest#test_duplicated_parameter_names_3 = 0.03 s
[13263/26691] Prism::ErrorsTest#test_newline_preceding_eof = 0.02 s
[13264/26691] Prism::ErrorsTest#test_block_args_in_array_assignment = 0.03 s
[13265/26691] Prism::ErrorsTest#test_heredoc_unterminated = 0.06 s
[13266/26691] Prism::ErrorsTest#test_unterminated_empty_string = 0.02 s
[13267/26691] Prism::ErrorsTest#test_call_with_block_or_write = 0.03 s
[13268/26691] Prism::ErrorsTest#test_arguments_after_block = 0.12 s
[13269/26691] Prism::ErrorsTest#test_invalid_multi_target_10 = 0.02 s
[13270/26691] Prism::ErrorsTest#test_duplicated_parameter_names_5 = 0.03 s
[13271/26691] Prism::ErrorsTest#test_singleton_method_for_literals = 0.32 s
[13272/26691] Prism::ErrorsTest#test_unterminated_W_list = 0.02 s
[13273/26691] Prism::ErrorsTest#test_break_1_2_3 = 0.06 s
[13274/26691] Prism::ErrorsTest#test_invalid_multi_target_12 = 0.02 s
[13275/26691] Prism::ErrorsTest#test_unterminated_regular_expression_with_heredoc = 0.03 s
[13276/26691] Prism::ErrorsTest#test_infix_after_label = 0.05 s
[13277/26691] Prism::ErrorsTest#test_shadow_args_in_block = 0.03 s
[13278/26691] Prism::ErrorsTest#test_for_loops_index_missing = 0.03 s
[13279/26691] Prism::ErrorsTest#test_label_in_parentheses = 0.02 s
[13280/26691] Prism::ErrorsTest#test_parameters_invalid_comma = 0.03 s
[13281/26691] Prism::ErrorsTest#test_unterminated_empty_string_closing = 0.02 s
[13282/26691] Prism::ErrorsTest#test_constant_path_with_invalid_token_after = 0.03 s
[13283/26691] Prism::ErrorsTest#test_binary_range_with_left_unary_range = 0.06 s
[13284/26691] Prism::ErrorsTest#test_shadow_args_in_lambda = 0.04 s
[13285/26691] Prism::ErrorsTest#test_argument_after_ellipsis = 0.03 s
[13286/26691] Prism::ErrorsTest#test_invalid_multi_target_18 = 0.03 s
[13287/26691] Prism::ErrorsTest#test_invalid_splat = 0.03 s
[13288/26691] Prism::ErrorsTest#test_unterminated_unicode_brackets_should_be_a_syntax_error = 0.03 s
[13289/26691] Prism::ErrorsTest#test_targeting_numbered_parameter = 0.03 s
[13290/26691] Prism::ErrorsTest#test_dont_allow_return_inside_sclass_body = 0.03 s
[13291/26691] Prism::ErrorsTest#test_bad_arguments = 0.05 s
[13292/26691] Prism::ErrorsTest#test_unterminated_interpolated_string = 0.02 s
[13293/26691] Prism::ErrorsTest#test_range_and_bin_op_6 = 0.03 s
[13294/26691] Prism::ErrorsTest#test_alnum_delimiters_6 = 0.02 s
[13295/26691] Prism::ErrorsTest#test_command_calls_6 = 0.05 s
[13296/26691] Prism::ErrorsTest#test_double_scope_numbered_parameters = 0.03 s
[13297/26691] Prism::ErrorsTest#test_alnum_delimiters_4 = 0.02 s
[13298/26691] Prism::ErrorsTest#test_range_and_bin_op_4 = 0.04 s
[13299/26691] Prism::ErrorsTest#test_do_not_allow_more_than_6_hexadecimal_digits_in_u_Unicode_charac
ter_notation = 0.03 s
[13300/26691] Prism::ErrorsTest#test_unterminated_embdoc = 0.02 s
[13301/26691] Prism::ErrorsTest#test_command_calls_4 = 0.03 s
[13302/26691] Prism::ErrorsTest#test_alnum_delimiters_2 = 0.02 s
[13303/26691] Prism::ErrorsTest#test_range_and_bin_op_2 = 0.04 s
[13304/26691] Prism::ErrorsTest#test_command_calls_19 = 0.03 s
[13305/26691] Prism::ErrorsTest#test_unterminated_string_closing = 0.01 s
[13306/26691] Prism::ErrorsTest#test_command_calls_2 = 0.04 s
[13307/26691] Prism::ErrorsTest#test_check_value_expression = 0.16 s
[13308/26691] Prism::ErrorsTest#test_double_scope_repeated_numbered_parameters = 0.03 s
[13309/26691] Prism::ErrorsTest#test_conditional_predicate_closed = 0.05 s
[13310/26691] Prism::ErrorsTest#test_unterminated_i_list = 0.02 s
[13311/26691] Prism::ErrorsTest#test_command_calls_15 = 0.03 s
[13312/26691] Prism::ErrorsTest#test_optional_block_parameters_with_unary_operator_2 = 0.03 s
[13313/26691] Prism::ErrorsTest#test_command_calls_17 = 0.04 s
[13314/26691] Prism::ErrorsTest#test_duplicate_pattern_capture = 0.14 s
[13315/26691] Prism::ErrorsTest#test_multi_target_star = 0.13 s
[13316/26691] Prism::ErrorsTest#test_while_endless_method = 0.04 s
[13317/26691] Prism::ErrorsTest#test_unterminated_xstring = 0.02 s
[13318/26691] Prism::ErrorsTest#test_command_calls_11 = 0.03 s
[13319/26691] Prism::ErrorsTest#test_optional_block_parameters_with_unary_operator_4 = 0.03 s
[13320/26691] Prism::ErrorsTest#test_array_with_double_commas = 0.03 s
[13321/26691] Prism::ErrorsTest#test_command_calls_13 = 0.03 s
[13322/26691] Prism::ErrorsTest#test_command_calls_8 = 0.05 s
[13323/26691] Prism::ErrorsTest#test_alnum_delimiters_8 = 0.02 s
[13324/26691] Prism::ErrorsTest#test_match_required_after_or_with_opreator = 0.03 s
[13325/26691] Prism::ErrorsTest#test_range_and_bin_op_8 = 0.03 s
[13326/26691] Prism::ErrorsTest#test_invalid_number_underscores = 0.02 s
[13327/26691] Prism::ErrorsTest#test_invalid_operator_write_fcall = 0.02 s
[13328/26691] Prism::ErrorsTest#test_1_2_3 = 0.08 s
[13329/26691] Prism::ErrorsTest#test_begin_at_toplevel = 0.03 s
[13330/26691] Prism::ErrorsTest#test_duplicated_parameter_names = 0.03 s
[13331/26691] Prism::ErrorsTest#test_invalid_multi_target_4 = 0.02 s
[13332/26691] Prism::ErrorsTest#test_command_calls_26 = 0.03 s
[13333/26691] Prism::ErrorsTest#test_command_calls_24 = 0.04 s
[13334/26691] Prism::ErrorsTest#test_invalid_multi_target_6 = 0.02 s
[13335/26691] Prism::ErrorsTest#test_invalid_number_underscores_11 = 0.02 s
[13336/26691] Prism::ErrorsTest#test_unterminated_interpolated_string_closing = 0.01 s
[13337/26691] Prism::ErrorsTest#test_command_calls_22 = 0.03 s
[13338/26691] Prism::ErrorsTest#test_unterminated_interpolated_symbol = 0.02 s
[13339/26691] Prism::ErrorsTest#test_regular_expression_with_unknown_regexp_options = 0.02 s
[13340/26691] Prism::ErrorsTest#test_rational_number_with_exponential_portion = 0.03 s
[13341/26691] Prism::ErrorsTest#test_invalid_multi_target_2 = 0.03 s
[13342/26691] Prism::ErrorsTest#test_command_calls_20 = 0.03 s
[13343/26691] Prism::ErrorsTest#test_non_assoc_range = 0.04 s
[13344/26691] Prism::ErrorsTest#test_unterminated_s_symbol = 0.02 s
[13345/26691] Prism::ErrorsTest#test_switching_to_optional_arguments_twice = 0.04 s
[13346/26691] Prism::ErrorsTest#test_command_call_in = 0.04 s
[13347/26691] Prism::ErrorsTest#test_case_without_when_clauses_errors_on_else_clause = 0.03 s
[13348/26691] Prism::ErrorsTest#test_numbered_parameters_in_block_arguments = 0.03 s
[13349/26691] Prism::ErrorsTest#test_range_and_bin_op = 0.04 s
[13350/26691] Prism::ErrorsTest#test_match_predicate_after_rescue_with_dot_method_call = 0.03 s
[13351/26691] Prism::ErrorsTest#test_invalid_multi_target_8 = 0.03 s
[13352/26691] Prism::ErrorsTest#test_trailing_comma_in_calls = 0.02 s
[13353/26691] Prism::ErrorsTest#test_pre_execution_context = 0.03 s
[13354/26691] Prism::ErrorsTest#test_void_value_expression_in_constant_path = 0.04 s
[13355/26691] Prism::ErrorsTest#test_command_calls_28 = 0.03 s
[13356/26691] Prism::ErrorsTest#test_arguments_binding_power_for_and = 0.04 s
[13357/26691] Prism::ErrorsTest#test_for_loop_delimiter = 0.03 s
[13358/26691] Prism::ErrorsTest#test_missing_terminator_in_parentheses = 0.03 s
[13359/26691] Prism::ErrorsTest#test_void_value_expression_in_array = 0.10 s
[13360/26691] Prism::ErrorsTest#test_return_1 = 0.03 s
[13361/26691] Prism::ErrorsTest#test_double_arguments_forwarding = 0.03 s
[13362/26691] Prism::ErrorsTest#test_match_required_after_rescue_with_opreator = 0.03 s
[13363/26691] Prism::ErrorsTest#test_switching_to_named_arguments_twice = 0.04 s
[13364/26691] Prism::ErrorsTest#test_match_predicate_after_and_with_dot_method_call = 0.03 s
[13365/26691] Prism::ErrorsTest#test_void_value_expression_in_call = 0.08 s
[13366/26691] Prism::ErrorsTest#test_invalid_number_underscores_8 = 0.02 s
[13367/26691] Prism::ErrorsTest#test_do_not_allow_multiple_codepoints_in_a_single_character_literal
= 0.03 s
[13368/26691] Prism::ErrorsTest#test_dont_allow_setting_to_back_and_nth_reference = 0.04 s
[13369/26691] Prism::ErrorsTest#test_class_name = 0.02 s
[13370/26691] Prism::ErrorsTest#test_unterminated_string = 0.02 s
[13371/26691] Prism::ErrorsTest#test_unterminated_block = 0.03 s
[13372/26691] Prism::ErrorsTest#test_aliasing_global_variable_with_global_number_variable = 0.02 s
[13373/26691] Prism::ErrorsTest#test_multi_target_parens = 0.15 s
[13374/26691] Prism::ErrorsTest#test_void_value_expression_in_statement = 0.15 s
[13375/26691] Prism::ErrorsTest#test_invalid_number_underscores_2 = 0.02 s
[13376/26691] Prism::ErrorsTest#test_constant_assignment_in_method = 0.03 s
[13377/26691] Prism::ErrorsTest#test_block_arg_and_block = 0.03 s
[13378/26691] Prism::ErrorsTest#test_ellipsis_in_no_paren_call = 0.03 s
[13379/26691] Prism::ErrorsTest#test_void_value_expression_in_modifier = 0.10 s
[13380/26691] Prism::ErrorsTest#test_break_1 = 0.03 s
[13381/26691] Prism::ErrorsTest#test_parameter_name_ending_with_bang_or_question_mark = 0.03 s
[13382/26691] Prism::ErrorsTest#test_match_required_after_and_with_opreator = 0.03 s
[13383/26691] Prism::ErrorsTest#test_do_not_allow_trailing_commas_in_lambda_parameters = 0.03 s
[13384/26691] Prism::ErrorsTest#test_def_ivar = 0.02 s
[13385/26691] Prism::ErrorsTest#test_top_level_constant_with_downcased_identifier = 0.03 s
[13386/26691] Prism::ErrorsTest#test_do_not_allow_forward_arguments_in_blocks = 0.03 s
[13387/26691] Prism::ErrorsTest#test_invalid_number_underscores_6 = 0.02 s
[13388/26691] Prism::ErrorsTest#test_keyword_args_in_array_assignment = 0.03 s
[13389/26691] Prism::ErrorsTest#test_loop_conditional_is_closed = 0.03 s
[13390/26691] Prism::ErrorsTest#test_invalid_global_variable_write = 0.03 s
[13391/26691] Prism::ErrorsTest#test_singleton_class_delimiter = 0.03 s
[13392/26691] Prism::ErrorsTest#test_dont_allow_return_inside_module_body = 0.03 s
[13393/26691] Prism::ErrorsTest#test_void_value_expression_in_def = 0.06 s
[13394/26691] Prism::ErrorsTest#test_match_plus = 0.06 s
[13395/26691] Prism::ErrorsTest#test_method_parameters_after_arguments_forwarding = 0.03 s
[13396/26691] Prism::ErrorsTest#test_invalid_number_underscores_4 = 0.02 s
[13397/26691] Prism::ErrorsTest#test_index_call_with_block_and_write = 0.04 s
[13398/26691] Prism::ErrorsTest#test_amperand_dot_after_endless_range = 0.03 s
[13399/26691] Prism::ErrorsTest#test_content_after_unterminated_heredoc = 0.03 s
[13400/26691] TestGemSecuritySigner#test_initialize_cert_chain_invalid = 0.55 s
[13401/26691] TestGemSecuritySigner#test_initialize_default = 0.88 s
[13402/26691] TestGemSecuritySigner#test_initialize = 0.50 s
[13403/26691] TestGemSecuritySigner#test_sign_no_key = 0.50 s
[13404/26691] TestGemSecuritySigner#test_load_cert_chain_broken = 0.62 s
[13405/26691] TestGemSecuritySigner#test_load_cert_chain = 0.69 s
[13406/26691] TestGemSecuritySigner#test_sign_expired_auto_update_exists = 0.68 s
[13407/26691] TestGemSecuritySigner#test_initialize_encrypted_key_path = 0.81 s
[13408/26691] TestGemSecuritySigner#test_initialize_key_path = 0.80 s
[13409/26691] TestGemSecuritySigner#test_extract_name = 0.51 s
[13410/26691] TestGemSecuritySigner#test_initialize_cert_chain_empty = 0.50 s
[13411/26691] TestGemSecuritySigner#test_sign_expired = 0.52 s
[13412/26691] TestGemSecuritySigner#test_sign_expired_auto_update = 1.19 s
[13413/26691] TestGemSecuritySigner#test_sign_wrong_key = 0.51 s
[13414/26691] TestGemSecuritySigner#test_sign = 0.55 s
[13415/26691] TestGemSecuritySigner#test_initialize_cert_chain_mixed = 0.50 s
[13416/26691] TestGemSecuritySigner#test_initialize_cert_chain_path = 0.50 s
[13417/26691] TestGemSecuritySigner#test_sign_no_certs = 0.50 s
[13418/26691] TestIO_Console#test_raw_minchar = 0.18 s
[13419/26691] TestIO_Console#test_ioflush = 0.03 s
[13420/26691] TestIO_Console#test_ttyname = 0.01 s
[13421/26691] TestIO_Console#test_close = 0.02 s
[13422/26691] TestIO_Console#test_bad_keyword = 0.02 s
[13423/26691] TestIO_Console#test_failed_path = 0.02 s
[13424/26691] TestIO_Console#test_noecho2 = 0.47 s
[13425/26691] TestIO_Console#test_intr = 0.03 s
[13426/26691] TestIO_Console#test_getch_timeout = 0.14 s
[13427/26691] TestIO_Console#test_setecho2 = 0.48 s
[13428/26691] TestIO_Console#test_echo = 0.03 s
[13429/26691] TestIO_Console#test_sync = 0.01 s
[13430/26691] TestIO_Console#test_set_winsize_invalid_dev = 0.03 s
[13431/26691] TestIO_Console#test_cooked = 0.04 s
[13432/26691] TestIO_Console#test_cursor_position = 7.72 s
[13433/26691] TestIO_Console#test_raw_timeout = 0.17 s
[13434/26691] TestIO_Console#test_iflush = 0.03 s
[13435/26691] TestIO_Console#test_ioflush2 = 0.15 s
[13436/26691] TestIO_Console#test_oflush = 0.14 s
[13437/26691] TestIO_Console#test_set_winsize_console = 0.02 s
[13438/26691] TestIO_Console#test_get_winsize_console = 0.01 s
[13439/26691] TestIO_Console#test_noecho = 0.15 s
[13440/26691] TestIO_Console#test_stringio_getch = 7.39 s
[13441/26691] TestIO_Console#test_console_kw = 0.02 s
[13442/26691] TestIO_Console#test_winsize = 0.03 s
[13443/26691] TestIO_Console#test_raw! = 0.03 s
[13444/26691] TestIO_Console#test_noctty = 15.79 s
[13445/26691] TestIO_Console#test_raw = 0.04 s
[13446/26691] TestIO_Console#test_setecho = 0.14 s
[13447/26691] TestOptionParserNoArg::Def2#test_require_exact = 0.49 s
[13448/26691] TestOptionParserNoArg::Def2#test_permute = 0.10 s
[13449/26691] TestOptionParserNoArg::Def2#test_ambiguous = 0.17 s
[13450/26691] TestOptionParserNoArg::Def2#test_long = 0.09 s
[13451/26691] TestOptionParserNoArg::Def2#test_raise_unknown = 0.14 s
[13452/26691] TestOptionParserNoArg::Def2#test_help_pager = 12.67 s
[13453/26691] TestOptionParserNoArg::Def2#test_short = 0.15 s
[13454/26691] TestOptionParserNoArg::Def2#test_hyphenize = 0.07 s
[13455/26691] TestOptionParserNoArg::Def2#test_regexp = 0.03 s
[13456/26691] TestOptionParserNoArg::Def2#test_abbrev = 0.36 s
[13457/26691] TestOptionParserNoArg::Def2#test_order = 0.08 s
[13458/26691] TestOptionParserNoArg::Def2#test_nonopt_pattern = 0.08 s
[13459/26691] TestOptionParserNoArg::Def2#test_into = 0.18 s
[13460/26691] TestOptionParserNoArg::Def2#test_exact_option = 0.45 s
[13461/26691] TestIRB::ConfigValidationTest#test_back_trace_limit_only_accepts_integers = 0.19 s
[13462/26691] TestIRB::ConfigValidationTest#test_eval_history_only_accepts_integers = 0.15 s
[13463/26691] TestIRB::ConfigValidationTest#test_prompt_only_accepts_hash = 0.14 s
[13464/26691] TestIRB::ConfigValidationTest#test_irb_rc_name_only_takes_callable_objects = 0.14 s
[13465/26691] TestIRB::ConfigValidationTest#test_irb_name_converts_non_string_values_to_string = 0.1
4 s
[13466/26691] OpenSSL::TestPKeyDSA#test_PUBKEY = 0.77 s
[13467/26691] OpenSSL::TestPKeyDSA#test_generate = 23.38 s
[13468/26691] OpenSSL::TestPKeyDSA#test_read_DSAPublicKey_pem = 0.02 s
[13469/26691] OpenSSL::TestPKeyDSA#test_DSAPrivateKey_encrypted = 0.85 s
[13470/26691] OpenSSL::TestPKeyDSA#test_new = 23.20 s
[13471/26691] OpenSSL::TestPKeyDSA#test_sign_verify_raw = 0.47 s
[13472/26691] OpenSSL::TestPKeyDSA#test_new_break = 0.02 s
[13473/26691] OpenSSL::TestPKeyDSA#test_private = 0.49 s
[13474/26691] OpenSSL::TestPKeyDSA#test_marshal = 0.34 s
[13475/26691] OpenSSL::TestPKeyDSA#test_dup = 0.19 s
[13476/26691] OpenSSL::TestPKeyDSA#test_sign_verify = 0.32 s
[13477/26691] OpenSSL::TestPKeyDSA#test_DSAPrivateKey = 0.39 s
[13478/26691] TestComparable#test_no_cmp = 0.02 s
[13479/26691] TestComparable#test_err = 0.03 s
[13480/26691] TestComparable#test_gt = 0.02 s
[13481/26691] TestComparable#test_inversed_compare = 0.01 s
[13482/26691] TestComparable#test_lt = 0.02 s
[13483/26691] TestComparable#test_clamp_with_range = 0.05 s
[13484/26691] TestComparable#test_ge = 0.01 s
[13485/26691] TestComparable#test_between = 0.01 s
[13486/26691] TestComparable#test_le = 0.01 s
[13487/26691] TestComparable#test_equal = 0.03 s
[13488/26691] TestComparable#test_clamp = 0.02 s
[13489/26691] TestGCCompact::AutoCompact#test_disable_autocompact = 0.02 s
[13490/26691] TestGCCompact::AutoCompact#test_enable_autocompact = 0.01 s
[13491/26691] TestGCCompact::AutoCompact#test_major_compacts = 33.83 s
[13492/26691] TestGCCompact::AutoCompact#test_implicit_compaction_does_something = 118.54 s
[13493/26691] TestEval#test_instance_exec_block_basic = 0.09 s
[13494/26691] TestEval#test_eval_with_toplevel_binding = 7.70 s
[13495/26691] TestEval#test_instance_eval_method = 0.03 s
[13496/26691] TestEval#test_eval_and_define_method = 0.02 s
[13497/26691] TestEval#test_return_in_eval_lambda = 0.01 s
[13498/26691] TestEval#test_eval_using_integer_as_binding = 0.01 s
[13499/26691] TestEval#test_return_in_eval_proc = 0.02 s
[13500/26691] TestEval#test_instance_eval_cvar = 0.04 s
[13501/26691] TestEval#test_eval_raise = 0.01 s
[13502/26691] TestEval#test_cvar_scope_with_instance_eval = 0.02 s
[13503/26691] TestEval#test_eval_ascii_incompatible = 0.02 s
[13504/26691] TestEval#test_gced_eval_location = 0.06 s
[13505/26691] TestEval#test_outer_local_variable_under_gc_compact_stress = 99.13 s
[13506/26691] TestEval#test_instance_eval_const = 0.02 s
[13507/26691] TestEval#test_eval_invalid_block_exit_bug_20597 = 0.02 s
[13508/26691] TestEval#test_define_method_block = 0.01 s
[13509/26691] TestEval#test_eval_basic = 0.07 s
[13510/26691] TestEval#test_eval_orig = 0.16 s
[13511/26691] TestEval#test_instance_exec_eval_method_definition = 0.02 s
[13512/26691] TestEval#test_instance_eval_on_argf_singleton_class = 0.02 s
[13513/26691] TestEval#test_instance_eval_block_self = 0.01 s
[13514/26691] TestEval#test_fstring_instance_eval = 0.01 s
[13515/26691] TestEval#test_eval_binding_basic = 0.06 s
[13516/26691] TestEval#test_module_eval_block_symbol = 0.01 s
[13517/26691] TestEval#test_gced_binding_block = 27.06 s
[13518/26691] TestEval#test_instance_eval_method_proc = 0.02 s
[13519/26691] TestEval#test_eval_location_fstring = 0.03 s
[13520/26691] TestEval#test_instance_eval_block_basic = 0.10 s
[13521/26691] TestEval#test_module_eval_block_basic = 0.03 s
[13522/26691] TestEval#test_module_eval_string_basic = 0.07 s
[13523/26691] TestEval#test_instance_exec_method_definition = 0.02 s
[13524/26691] TestEval#test_instance_eval_string_basic = 0.25 s
[13525/26691] TestEval#test_nil_instance_eval_cvar = 0.02 s
[13526/26691] TestEval#test_define_method_toplevel = 0.02 s
[13527/26691] TestEval#test_instance_eval_block_symbol = 0.02 s
[13528/26691] TestEval#test_fixnum_instance_eval_cvar = 0.01 s
[13529/26691] TestEval#test_eval_location_binding = 0.02 s
[13530/26691] TestEval#test_instance_exec_cvar = 0.02 s
[13531/26691] TestEval#test_file_encoding = 0.01 s
[13532/26691] Test_Array::TestResize#test_expand = 0.03 s
[13533/26691] TestClass#test_s_new = 0.02 s
[13534/26691] TestClass#test_module_specific_methods = 0.02 s
[13535/26691] TestClass#test_subclass_gc_stress = 433.36 s
[13536/26691] TestClass#test_01_new_inherited = 0.01 s
[13537/26691] TestClass#test_invalid_reset_superclass = 0.04 s
[13538/26691] TestClass#test_check_inheritable = 0.04 s
[13539/26691] TestClass#test_class_initialize = 0.01 s
[13540/26691] TestClass#test_extend_object = 0.01 s
[13541/26691] TestClass#test_prepend_features = 0.01 s
[13542/26691] TestClass#test_namescope_error_message = 0.02 s
[13543/26691] TestClass#test_clone_when_singleton_class_of_singleton_class_exists = 0.02 s
[13544/26691] TestClass#test_invalid_superclass = 0.08 s
[13545/26691] TestClass#test_cloned_singleton_method_added = 0.01 s
[13546/26691] TestClass#test_clone = 0.01 s
[13547/26691] TestClass#test_redefine_private_class = 0.03 s
[13548/26691] TestClass#test_clone_when_method_exists_on_singleton_class_of_singleton_class = 0.02 s
[13549/26691] TestClass#test_instantiate_singleton_class = 0.01 s
[13550/26691] TestClass#test_invalid_return_from_class_definition = 0.06 s
[13551/26691] TestClass#test_should_not_expose_singleton_class_without_metaclass = 16.29 s
[13552/26691] TestClass#test_subclasses = 18.96 s
[13553/26691] TestClass#test_instance_freeze_dont_freeze_the_class_bug_19164 = 0.01 s
[13554/26691] TestClass#test_cannot_reinitialize_class_with_initialize_copy = 2.90 s
[13555/26691] TestClass#test_freeze_to_s = 0.01 s
[13556/26691] TestClass#test_attached_object = 0.15 s
[13557/26691] TestClass#test_superclass = 0.02 s
[13558/26691] TestClass#test_singleton_class_message = 0.02 s
[13559/26691] TestClass#test_invalid_next_from_class_definition = 0.13 s
[13560/26691] TestClass#test_superclass_of_basicobject = 9.13 s
[13561/26691] TestClass#test_redefinition_mismatch = 9.45 s
[13562/26691] TestClass#test_s_inherited = 0.02 s
[13563/26691] TestClass#test_singleton_class = 2.74 s
[13564/26691] TestClass#test_clone_singleton_class_exists = 0.02 s
[13565/26691] TestClass#test_singleton_class_of_frozen_object = 0.04 s
[13566/26691] TestClass#test_assign_frozen_class_to_const = 0.02 s
[13567/26691] TestClass#test_class_cmp = 0.02 s
[13568/26691] TestClass#test_uninitialized = 0.09 s
[13569/26691] TestClass#test_append_features = 0.01 s
[13570/26691] TestClass#test_subclass_gc = 415.59 s
[13571/26691] TestClass#test_cloned_class = 0.02 s
[13572/26691] TestClass#test_invalid_yield_from_class_definition = 0.02 s
[13573/26691] TestClass#test_private_const_access = 0.03 s
[13574/26691] TestClass#test_visibility_inside_method = 0.03 s
[13575/26691] TestClass#test_singleton_class_p = 0.02 s
[13576/26691] TestClass#test_method_redefinition = 0.05 s
[13577/26691] TestClass#test_00_new_basic = 0.01 s
[13578/26691] TestClass#test_invalid_redo_from_class_definition = 0.03 s
[13579/26691] TestClass#test_invalid_break_from_class_definition = 0.03 s
[13580/26691] TestClass#test_nonascii_name = 0.02 s
[13581/26691] TestClass#test_constant_access_from_method_in_cloned_class = 0.01 s
[13582/26691] TestClass#test_nested_class_removal = 8.26 s
[13583/26691] TestClass#test_invalid_retry_from_class_definition = 0.04 s
[13584/26691] TestClass#test_module_function = 0.02 s
[13585/26691] TestClass#test_initialize_copy = 0.02 s
[13586/26691] TestClass#test_singleton_class_should_has_own_namespace = 0.06 s
[13587/26691] PPTestModule::PPTest#test_range = 0.56 s
[13588/26691] PPTestModule::PPTest#test_list0123_12 = 0.04 s
[13589/26691] PPTestModule::PPTest#test_redefined_method = 0.07 s
[13590/26691] PPTestModule::PPTest#test_struct_override_members = 0.09 s
[13591/26691] PPTestModule::PPTest#test_list0123_11 = 0.04 s
[13592/26691] Prism::UnescapeTest#test_h0_4 = 12.26 s
[13593/26691] Prism::UnescapeTest#test_h0_2 = 15.07 s
[13594/26691] Prism::UnescapeTest#test_sqte = 29.88 s
[13595/26691] Prism::UnescapeTest#test_char = 13.56 s
[13596/26691] Prism::UnescapeTest#test_hd_2 = 13.73 s
[13597/26691] Prism::UnescapeTest#test_ht_4 = 13.78 s
[13598/26691] Prism::UnescapeTest#test_ht_2 = 13.52 s
[13599/26691] Prism::UnescapeTest#test_hd_4 = 12.80 s
[13600/26691] Prism::UnescapeTest#test_pw_1 = 13.81 s
[13601/26691] Prism::UnescapeTest#test_lwrx = 12.67 s
[13602/26691] Prism::UnescapeTest#test_reg5 = 10.48 s
[13603/26691] Prism::UnescapeTest#test_reg1 = 9.64 s
[13604/26691] Prism::UnescapeTest#test_reg3 = 10.40 s
[13605/26691] Prism::UnescapeTest#test_sym1 = 13.78 s
[13606/26691] Prism::UnescapeTest#test_lwri = 14.03 s
[13607/26691] Prism::UnescapeTest#test_sym2 = 13.36 s
[13608/26691] Prism::UnescapeTest#test_pw_2 = 13.39 s
[13609/26691] Prism::UnescapeTest#test_lwrs = 14.33 s
[13610/26691] Prism::UnescapeTest#test_reg2 = 9.33 s
[13611/26691] Prism::UnescapeTest#test_lwrq = 14.19 s
[13612/26691] Prism::UnescapeTest#test_reg6 = 9.70 s
[13613/26691] Prism::UnescapeTest#test_reg4 = 10.80 s
[13614/26691] Prism::UnescapeTest#test_xstr = 12.01 s
[13615/26691] Prism::UnescapeTest#test_upri = 13.15 s
[13616/26691] Prism::UnescapeTest#test_dqte = 14.24 s
[13617/26691] Prism::UnescapeTest#test_ht_1 = 12.93 s
[13618/26691] Prism::UnescapeTest#test_ht_3 = 13.72 s
[13619/26691] Prism::UnescapeTest#test_hd_3 = 13.66 s
[13620/26691] Prism::UnescapeTest#test_hd_1 = 13.38 s
[13621/26691] Prism::UnescapeTest#test_h0_1 = 14.03 s
[13622/26691] Prism::UnescapeTest#test_h0_3 = 13.32 s
[13623/26691] Prism::UnescapeTest#test_dstr = 13.15 s
[13624/26691] Prism::UnescapeTest#test_uprq = 14.15 s
[13625/26691] Prism::UnescapeTest#test_uprw = 12.75 s
[13626/26691] TestWeakRef#test_recycled = 22.58 s
[13627/26691] TestWeakRef#test_not_reference_different_object = 32.63 s
[13628/26691] TestWeakRef#test_ref = 0.01 s
[13629/26691] TestWeakRef#test_weakref_finalize = 9.24 s
[13630/26691] Reline::Face::Test::ConfigTest#test_truecolor = 0.07 s
[13631/26691] Reline::Face::Test::ConfigTest#test_invalid_rgb? = 0.03 s
[13632/26691] Reline::Face::Test::ConfigTest#test_format_to_sgr_with_reset = 0.03 s
[13633/26691] Reline::Face::Test::ConfigTest#test_sgr_rgb_256color = 0.06 s
[13634/26691] Reline::Face::Test::ConfigTest#test_format_to_sgr_with_single_style = 0.03 s
[13635/26691] Reline::Face::Test::ConfigTest#test_format_to_sgr_preserves_order = 0.03 s
[13636/26691] Reline::Face::Test::ConfigTest#test_force_truecolor_reconfigure = 0.06 s
[13637/26691] Reline::Face::Test::ConfigTest#test_sgr_rgb_truecolor = 0.03 s
[13638/26691] Reline::Face::Test::ConfigTest#test_rgb? = 0.02 s
[13639/26691] URI::TestFile#test_build = 0.08 s
[13640/26691] URI::TestFile#test_parse = 0.06 s
[13641/26691] OpenSSL::TestX509Store#test_verify_callback = 2.53 s
[13642/26691] OpenSSL::TestX509Store#test_verify_validity_period = 3.05 s
[13643/26691] OpenSSL::TestX509Store#test_add_file_path = 1.71 s
[13644/26691] OpenSSL::TestX509Store#test_verify_with_crl = 4.39 s
[13645/26691] OpenSSL::TestX509Store#test_ctx_cleanup = 0.04 s
[13646/26691] OpenSSL::TestX509Store#test_store_new = 0.02 s
[13647/26691] OpenSSL::TestX509Store#test_add_cert_duplicate = 0.01 s
[13648/26691] OpenSSL::TestX509Store#test_verify_purpose = 1.56 s
[13649/26691] OpenSSL::TestX509Store#test_verify_simple = 2.30 s
[13650/26691] OpenSSL::TestX509Store#test_dup = 0.02 s
[13651/26691] TestTracepointObj#test_after_gc_start_hook_with_GC_stress = 5.89 s
[13652/26691] TestTracepointObj#test_tracks_objspace_count = 160.28 s
[13653/26691] TestTracepointObj#test_teardown_with_active_GC_end_hook = 9.26 s
[13654/26691] TestTracepointObj#test_tracepoint_specify_normal_and_internal_events = 0.01 s
[13655/26691] TestTracepointObj#test_not_available_from_ruby = 0.01 s
[13656/26691] TestTracepointObj#test_tracks_objspace_events = 0.03 s
[13657/26691] TestRDocAnyMethod#test_markup_code_with_line_numbers = 4.73 s
[13658/26691] TestRDocAnyMethod#test_name_call_seq = 4.57 s
[13659/26691] TestRDocAnyMethod#test_marshal_load_class_method = 4.61 s
[13660/26691] TestRDocAnyMethod#test_c_function = 4.56 s
[13661/26691] TestRDocAnyMethod#test_marshal_load_instance_method = 4.59 s
[13662/26691] TestRDocAnyMethod#test_marshal_load_aliased_method = 4.58 s
[13663/26691] TestRDocAnyMethod#test_markup_code_with_variable_expansion = 5.12 s
[13664/26691] TestRDocAnyMethod#test_name = 4.68 s
[13665/26691] TestRDocAnyMethod#test_aref = 4.69 s
[13666/26691] TestRDocAnyMethod#test_full_name = 4.70 s
[13667/26691] TestRDocAnyMethod#test_store_equals = 4.79 s
[13668/26691] TestRDocAnyMethod#test_skip_description? = 4.74 s
[13669/26691] TestRDocAnyMethod#test_marshal_load_version_0 = 4.76 s
[13670/26691] TestRDocAnyMethod#test_param_list_empty_params_with_block = 4.70 s
[13671/26691] TestRDocAnyMethod#test_param_list_default = 4.70 s
[13672/26691] TestRDocAnyMethod#test_marshal_dump = 4.80 s
[13673/26691] TestRDocAnyMethod#test_param_list_ampersand_param = 4.71 s
[13674/26691] TestRDocAnyMethod#test_superclass_method = 4.85 s
[13675/26691] TestRDocAnyMethod#test_markup_code = 4.70 s
[13676/26691] TestRDocAnyMethod#test_param_list_params = 4.71 s
[13677/26691] TestRDocAnyMethod#test_name_call_seq_dot = 4.71 s
[13678/26691] TestRDocAnyMethod#test_markup_code_empty = 4.76 s
[13679/26691] TestRDocAnyMethod#test_is_alias_for = 4.75 s
[13680/26691] TestRDocAnyMethod#test_param_list_call_seq = 4.98 s
[13681/26691] TestRDocAnyMethod#test_parent_name = 4.91 s
[13682/26691] TestRDocAnyMethod#test_call_seq_equals = 4.44 s
[13683/26691] TestRDocAnyMethod#test_marshal_dump_version_2 = 4.52 s
[13684/26691] TestRDocAnyMethod#test_superclass_method_multilevel = 4.48 s
[13685/26691] TestRDocAnyMethod#test_param_seq = 4.47 s
[13686/26691] TestRDocAnyMethod#test_param_seq_call_seq = 4.48 s
[13687/26691] TestRDocAnyMethod#test_param_list_params_block_params = 4.50 s
[13688/26691] TestRDocAnyMethod#test_call_seq_alias_for = 4.51 s
[13689/26691] TestRDocAnyMethod#test_arglists = 4.52 s
[13690/26691] TestRDocAnyMethod#test_param_list_block_params = 4.50 s
[13691/26691] TestRDocAnyMethod#test_marshal_load_aliased_method_with_nil_singleton = 4.52 s
[13692/26691] TestRDocAnyMethod#test_call_seq_returns_nil_if_alias_is_missing_from_call_seq = 4.54 s
[13693/26691] TestRDocAnyMethod#test_param_list_ampersand_param_block_params = 4.87 s
[13694/26691] TestRDocAnyMethod#test_call_seq_handles_aliases = 4.78 s
[13695/26691] TestRDocAnyMethod#test_has_call_seq? = 4.69 s
[13696/26691] Prism::ParseSuccessTest#test_parse_success? = 0.01 s
[13697/26691] Prism::ParseSuccessTest#test_parse_file_success? = 0.01 s
[13698/26691] URI::TestParser#test_rfc2822_unescape = 0.22 s
[13699/26691] URI::TestParser#test_rfc3986_port_checkIn-address space security exception (core dumpe
d)
root@cheribsd-riscv64-purecap:~/ruby-3.4.1/build #
