../method.h:83:28: warning: binary expression on capability types 'VALUE' (aka 'unsigned __intcap') and 'unsigned __intcap'; it is not clear which should be used as the source of provenance; currently provenance is inherited from the left-hand side [-Wcheri-provenance]
../method.h:97:18: warning: binary expression on capability types 'VALUE' (aka 'unsigned __intcap') and 'unsigned __intcap'; it is not clear which should be used as the source of provenance; currently provenance is inherited from the left-hand side [-Wcheri-provenance]
../method.h:104:19: warning: binary expression on capability types 'VALUE' (aka 'unsigned __intcap') and 'unsigned __intcap'; it is not clear which should be used as the source of provenance; currently provenance is inherited from the left-hand side [-Wcheri-provenance]
../method.h:106:21: warning: binary expression on capability types 'VALUE' (aka 'unsigned __intcap') and 'unsigned __intcap'; it is not clear which should be used as the source of provenance; currently provenance is inherited from the left-hand side [-Wcheri-provenance]
../method.h:105:25: warning: binary expression on capability types 'unsigned __intcap' and 'unsigned __intcap'; it is not clear which should be used as the source of provenance; currently provenance is inherited from the left-hand side [-Wcheri-provenance]
../vm_core.h:1414:70: warning: binary expression on capability types 'VALUE' (aka 'unsigned __intcap') and 'VALUE'; it is not clear which should be used as the source of provenance; currently provenance is inherited from the left-hand side [-Wcheri-provenance]
../vm_core.h:1422:70: warning: binary expression on capability types 'VALUE' (aka 'unsigned __intcap') and 'VALUE'; it is not clear which should be used as the source of provenance; currently provenance is inherited from the left-hand side [-Wcheri-provenance]
../internal/bits.h:622:27: warning: binary expression on capability types 'VALUE' (aka 'unsigned __intcap') and 'VALUE'; it is not clear which should be used as the source of provenance; currently provenance is inherited from the left-hand side [-Wcheri-provenance]
../internal/bits.h:646:28: warning: binary expression on capability types 'VALUE' (aka 'unsigned __intcap') and 'VALUE'; it is not clear which should be used as the source of provenance; currently provenance is inherited from the left-hand side [-Wcheri-provenance]
../internal/numeric.h:214:39: warning: binary expression on capability types 'unsigned __intcap' and 'unsigned __intcap'; it is not clear which should be used as the source of provenance; currently provenance is inherited from the left-hand side [-Wcheri-provenance]
../internal/bits.h:622:27: warning: binary expression on capability types 'VALUE' (aka 'unsigned __intcap') and 'VALUE'; it is not clear which should be used as the source of provenance; currently provenance is inherited from the left-hand side [-Wcheri-provenance]
../internal/bits.h:646:28: warning: binary expression on capability types 'VALUE' (aka 'unsigned __intcap') and 'VALUE'; it is not clear which should be used as the source of provenance; currently provenance is inherited from the left-hand side [-Wcheri-provenance]
../internal/numeric.h:214:39: warning: binary expression on capability types 'unsigned __intcap' and 'unsigned __intcap'; it is not clear which should be used as the source of provenance; currently provenance is inherited from the left-hand side [-Wcheri-provenance]
../method.h:83:28: warning: binary expression on capability types 'VALUE' (aka 'unsigned __intcap') and 'unsigned __intcap'; it is not clear which should be used as the source of provenance; currently provenance is inherited from the left-hand side [-Wcheri-provenance]
../method.h:97:18: warning: binary expression on capability types 'VALUE' (aka 'unsigned __intcap') and 'unsigned __intcap'; it is not clear which should be used as the source of provenance; currently provenance is inherited from the left-hand side [-Wcheri-provenance]
../method.h:104:19: warning: binary expression on capability types 'VALUE' (aka 'unsigned __intcap') and 'unsigned __intcap'; it is not clear which should be used as the source of provenance; currently provenance is inherited from the left-hand side [-Wcheri-provenance]
../method.h:106:21: warning: binary expression on capability types 'VALUE' (aka 'unsigned __intcap') and 'unsigned __intcap'; it is not clear which should be used as the source of provenance; currently provenance is inherited from the left-hand side [-Wcheri-provenance]
../method.h:105:25: warning: binary expression on capability types 'unsigned __intcap' and 'unsigned __intcap'; it is not clear which should be used as the source of provenance; currently provenance is inherited from the left-hand side [-Wcheri-provenance]
../vm_core.h:1414:70: warning: binary expression on capability types 'VALUE' (aka 'unsigned __intcap') and 'VALUE'; it is not clear which should be used as the source of provenance; currently provenance is inherited from the left-hand side [-Wcheri-provenance]
../vm_core.h:1422:70: warning: binary expression on capability types 'VALUE' (aka 'unsigned __intcap') and 'VALUE'; it is not clear which should be used as the source of provenance; currently provenance is inherited from the left-hand side [-Wcheri-provenance]
../method.h:83:28: warning: binary expression on capability types 'VALUE' (aka 'unsigned __intcap') and 'unsigned __intcap'; it is not clear which should be used as the source of provenance; currently provenance is inherited from the left-hand side [-Wcheri-provenance]
../method.h:97:18: warning: binary expression on capability types 'VALUE' (aka 'unsigned __intcap') and 'unsigned __intcap'; it is not clear which should be used as the source of provenance; currently provenance is inherited from the left-hand side [-Wcheri-provenance]
../method.h:104:19: warning: binary expression on capability types 'VALUE' (aka 'unsigned __intcap') and 'unsigned __intcap'; it is not clear which should be used as the source of provenance; currently provenance is inherited from the left-hand side [-Wcheri-provenance]
../method.h:106:21: warning: binary expression on capability types 'VALUE' (aka 'unsigned __intcap') and 'unsigned __intcap'; it is not clear which should be used as the source of provenance; currently provenance is inherited from the left-hand side [-Wcheri-provenance]
../method.h:105:25: warning: binary expression on capability types 'unsigned __intcap' and 'unsigned __intcap'; it is not clear which should be used as the source of provenance; currently provenance is inherited from the left-hand side [-Wcheri-provenance]
../vm_core.h:1414:70: warning: binary expression on capability types 'VALUE' (aka 'unsigned __intcap') and 'VALUE'; it is not clear which should be used as the source of provenance; currently provenance is inherited from the left-hand side [-Wcheri-provenance]
../vm_core.h:1422:70: warning: binary expression on capability types 'VALUE' (aka 'unsigned __intcap') and 'VALUE'; it is not clear which should be used as the source of provenance; currently provenance is inherited from the left-hand side [-Wcheri-provenance]
../internal/bits.h:622:27: warning: binary expression on capability types 'VALUE' (aka 'unsigned __intcap') and 'VALUE'; it is not clear which should be used as the source of provenance; currently provenance is inherited from the left-hand side [-Wcheri-provenance]
../internal/bits.h:646:28: warning: binary expression on capability types 'VALUE' (aka 'unsigned __intcap') and 'VALUE'; it is not clear which should be used as the source of provenance; currently provenance is inherited from the left-hand side [-Wcheri-provenance]
../internal/numeric.h:214:39: warning: binary expression on capability types 'unsigned __intcap' and 'unsigned __intcap'; it is not clear which should be used as the source of provenance; currently provenance is inherited from the left-hand side [-Wcheri-provenance]
../method.h:83:28: warning: binary expression on capability types 'VALUE' (aka 'unsigned __intcap') and 'unsigned __intcap'; it is not clear which should be used as the source of provenance; currently provenance is inherited from the left-hand side [-Wcheri-provenance]
../method.h:97:18: warning: binary expression on capability types 'VALUE' (aka 'unsigned __intcap') and 'unsigned __intcap'; it is not clear which should be used as the source of provenance; currently provenance is inherited from the left-hand side [-Wcheri-provenance]
../method.h:104:19: warning: binary expression on capability types 'VALUE' (aka 'unsigned __intcap') and 'unsigned __intcap'; it is not clear which should be used as the source of provenance; currently provenance is inherited from the left-hand side [-Wcheri-provenance]
../method.h:106:21: warning: binary expression on capability types 'VALUE' (aka 'unsigned __intcap') and 'unsigned __intcap'; it is not clear which should be used as the source of provenance; currently provenance is inherited from the left-hand side [-Wcheri-provenance]
../method.h:105:25: warning: binary expression on capability types 'unsigned __intcap' and 'unsigned __intcap'; it is not clear which should be used as the source of provenance; currently provenance is inherited from the left-hand side [-Wcheri-provenance]
../vm_core.h:1414:70: warning: binary expression on capability types 'VALUE' (aka 'unsigned __intcap') and 'VALUE'; it is not clear which should be used as the source of provenance; currently provenance is inherited from the left-hand side [-Wcheri-provenance]
../vm_core.h:1422:70: warning: binary expression on capability types 'VALUE' (aka 'unsigned __intcap') and 'VALUE'; it is not clear which should be used as the source of provenance; currently provenance is inherited from the left-hand side [-Wcheri-provenance]
../class.c:384:82: warning: binary expression on capability types 'VALUE' (aka 'unsigned __intcap') and 'unsigned __intcap'; it is not clear which should be used as the source of provenance; currently provenance is inherited from the left-hand side [-Wcheri-provenance]
../class.c:387:49: warning: binary expression on capability types 'VALUE' (aka 'unsigned __intcap') and 'unsigned __intcap'; it is not clear which should be used as the source of provenance; currently provenance is inherited from the left-hand side [-Wcheri-provenance]
../class.c:1802:20: warning: binary expression on capability types 'VALUE' (aka 'unsigned __intcap') and 'unsigned __intcap'; it is not clear which should be used as the source of provenance; currently provenance is inherited from the left-hand side [-Wcheri-provenance]
../method.h:83:28: warning: binary expression on capability types 'VALUE' (aka 'unsigned __intcap') and 'unsigned __intcap'; it is not clear which should be used as the source of provenance; currently provenance is inherited from the left-hand side [-Wcheri-provenance]
../method.h:97:18: warning: binary expression on capability types 'VALUE' (aka 'unsigned __intcap') and 'unsigned __intcap'; it is not clear which should be used as the source of provenance; currently provenance is inherited from the left-hand side [-Wcheri-provenance]
../method.h:104:19: warning: binary expression on capability types 'VALUE' (aka 'unsigned __intcap') and 'unsigned __intcap'; it is not clear which should be used as the source of provenance; currently provenance is inherited from the left-hand side [-Wcheri-provenance]
../method.h:106:21: warning: binary expression on capability types 'VALUE' (aka 'unsigned __intcap') and 'unsigned __intcap'; it is not clear which should be used as the source of provenance; currently provenance is inherited from the left-hand side [-Wcheri-provenance]
../method.h:105:25: warning: binary expression on capability types 'unsigned __intcap' and 'unsigned __intcap'; it is not clear which should be used as the source of provenance; currently provenance is inherited from the left-hand side [-Wcheri-provenance]
../vm_core.h:1414:70: warning: binary expression on capability types 'VALUE' (aka 'unsigned __intcap') and 'VALUE'; it is not clear which should be used as the source of provenance; currently provenance is inherited from the left-hand side [-Wcheri-provenance]
../vm_core.h:1422:70: warning: binary expression on capability types 'VALUE' (aka 'unsigned __intcap') and 'VALUE'; it is not clear which should be used as the source of provenance; currently provenance is inherited from the left-hand side [-Wcheri-provenance]
../internal/bits.h:622:27: warning: binary expression on capability types 'VALUE' (aka 'unsigned __intcap') and 'VALUE'; it is not clear which should be used as the source of provenance; currently provenance is inherited from the left-hand side [-Wcheri-provenance]
../internal/bits.h:646:28: warning: binary expression on capability types 'VALUE' (aka 'unsigned __intcap') and 'VALUE'; it is not clear which should be used as the source of provenance; currently provenance is inherited from the left-hand side [-Wcheri-provenance]
../internal/numeric.h:214:39: warning: binary expression on capability types 'unsigned __intcap' and 'unsigned __intcap'; it is not clear which should be used as the source of provenance; currently provenance is inherited from the left-hand side [-Wcheri-provenance]
../vm_callinfo.h:140:50: warning: binary expression on capability types 'VALUE' (aka 'unsigned __intcap') and 'unsigned __intcap'; it is not clear which should be used as the source of provenance; currently provenance is inherited from the left-hand side [-Wcheri-provenance]
../vm_callinfo.h:151:67: warning: binary expression on capability types 'VALUE' (aka 'unsigned __intcap') and 'unsigned __intcap'; it is not clear which should be used as the source of provenance; currently provenance is inherited from the left-hand side [-Wcheri-provenance]
../vm_callinfo.h:162:67: warning: binary expression on capability types 'VALUE' (aka 'unsigned __intcap') and 'unsigned __intcap'; it is not clear which should be used as the source of provenance; currently provenance is inherited from the left-hand side [-Wcheri-provenance]
../vm_callinfo.h:216:25: warning: binary expression on capability types 'ID' (aka 'unsigned __intcap') and 'unsigned __intcap'; it is not clear which should be used as the source of provenance; currently provenance is inherited from the left-hand side [-Wcheri-provenance]
../compile.c:3818:40: warning: binary expression on capability types 'VALUE' (aka 'unsigned __intcap') and 'unsigned __intcap'; it is not clear which should be used as the source of provenance; currently provenance is inherited from the left-hand side [-Wcheri-provenance]
../compile.c:4141:37: warning: binary expression on capability types 'VALUE' (aka 'unsigned __intcap') and 'unsigned __intcap'; it is not clear which should be used as the source of provenance; currently provenance is inherited from the left-hand side [-Wcheri-provenance]
../compile.c:4164:37: warning: binary expression on capability types 'VALUE' (aka 'unsigned __intcap') and 'unsigned __intcap'; it is not clear which should be used as the source of provenance; currently provenance is inherited from the left-hand side [-Wcheri-provenance]
../compile.c:4203:40: warning: binary expression on capability types 'VALUE' (aka 'unsigned __intcap') and 'unsigned __intcap'; it is not clear which should be used as the source of provenance; currently provenance is inherited from the left-hand side [-Wcheri-provenance]
../compile.c:9486:43: warning: binary expression on capability types 'VALUE' (aka 'unsigned __intcap') and 'unsigned __intcap'; it is not clear which should be used as the source of provenance; currently provenance is inherited from the left-hand side [-Wcheri-provenance]
../compile.c:9527:43: warning: binary expression on capability types 'VALUE' (aka 'unsigned __intcap') and 'unsigned __intcap'; it is not clear which should be used as the source of provenance; currently provenance is inherited from the left-hand side [-Wcheri-provenance]
../compile.c:10226:40: warning: binary expression on capability types 'VALUE' (aka 'unsigned __intcap') and 'unsigned __intcap'; it is not clear which should be used as the source of provenance; currently provenance is inherited from the left-hand side [-Wcheri-provenance]
../compile.c:10230:40: warning: binary expression on capability types 'VALUE' (aka 'unsigned __intcap') and 'unsigned __intcap'; it is not clear which should be used as the source of provenance; currently provenance is inherited from the left-hand side [-Wcheri-provenance]
../method.h:83:28: warning: binary expression on capability types 'VALUE' (aka 'unsigned __intcap') and 'unsigned __intcap'; it is not clear which should be used as the source of provenance; currently provenance is inherited from the left-hand side [-Wcheri-provenance]
../method.h:97:18: warning: binary expression on capability types 'VALUE' (aka 'unsigned __intcap') and 'unsigned __intcap'; it is not clear which should be used as the source of provenance; currently provenance is inherited from the left-hand side [-Wcheri-provenance]
../method.h:104:19: warning: binary expression on capability types 'VALUE' (aka 'unsigned __intcap') and 'unsigned __intcap'; it is not clear which should be used as the source of provenance; currently provenance is inherited from the left-hand side [-Wcheri-provenance]
../method.h:106:21: warning: binary expression on capability types 'VALUE' (aka 'unsigned __intcap') and 'unsigned __intcap'; it is not clear which should be used as the source of provenance; currently provenance is inherited from the left-hand side [-Wcheri-provenance]
../method.h:105:25: warning: binary expression on capability types 'unsigned __intcap' and 'unsigned __intcap'; it is not clear which should be used as the source of provenance; currently provenance is inherited from the left-hand side [-Wcheri-provenance]
../vm_core.h:1414:70: warning: binary expression on capability types 'VALUE' (aka 'unsigned __intcap') and 'VALUE'; it is not clear which should be used as the source of provenance; currently provenance is inherited from the left-hand side [-Wcheri-provenance]
../vm_core.h:1422:70: warning: binary expression on capability types 'VALUE' (aka 'unsigned __intcap') and 'VALUE'; it is not clear which should be used as the source of provenance; currently provenance is inherited from the left-hand side [-Wcheri-provenance]
../internal/bits.h:622:27: warning: binary expression on capability types 'VALUE' (aka 'unsigned __intcap') and 'VALUE'; it is not clear which should be used as the source of provenance; currently provenance is inherited from the left-hand side [-Wcheri-provenance]
../internal/bits.h:646:28: warning: binary expression on capability types 'VALUE' (aka 'unsigned __intcap') and 'VALUE'; it is not clear which should be used as the source of provenance; currently provenance is inherited from the left-hand side [-Wcheri-provenance]
../internal/numeric.h:214:39: warning: binary expression on capability types 'unsigned __intcap' and 'unsigned __intcap'; it is not clear which should be used as the source of provenance; currently provenance is inherited from the left-hand side [-Wcheri-provenance]
../method.h:83:28: warning: binary expression on capability types 'VALUE' (aka 'unsigned __intcap') and 'unsigned __intcap'; it is not clear which should be used as the source of provenance; currently provenance is inherited from the left-hand side [-Wcheri-provenance]
../method.h:97:18: warning: binary expression on capability types 'VALUE' (aka 'unsigned __intcap') and 'unsigned __intcap'; it is not clear which should be used as the source of provenance; currently provenance is inherited from the left-hand side [-Wcheri-provenance]
../method.h:104:19: warning: binary expression on capability types 'VALUE' (aka 'unsigned __intcap') and 'unsigned __intcap'; it is not clear which should be used as the source of provenance; currently provenance is inherited from the left-hand side [-Wcheri-provenance]
../method.h:106:21: warning: binary expression on capability types 'VALUE' (aka 'unsigned __intcap') and 'unsigned __intcap'; it is not clear which should be used as the source of provenance; currently provenance is inherited from the left-hand side [-Wcheri-provenance]
../method.h:105:25: warning: binary expression on capability types 'unsigned __intcap' and 'unsigned __intcap'; it is not clear which should be used as the source of provenance; currently provenance is inherited from the left-hand side [-Wcheri-provenance]
../vm_core.h:1414:70: warning: binary expression on capability types 'VALUE' (aka 'unsigned __intcap') and 'VALUE'; it is not clear which should be used as the source of provenance; currently provenance is inherited from the left-hand side [-Wcheri-provenance]
../vm_core.h:1422:70: warning: binary expression on capability types 'VALUE' (aka 'unsigned __intcap') and 'VALUE'; it is not clear which should be used as the source of provenance; currently provenance is inherited from the left-hand side [-Wcheri-provenance]
../method.h:83:28: warning: binary expression on capability types 'VALUE' (aka 'unsigned __intcap') and 'unsigned __intcap'; it is not clear which should be used as the source of provenance; currently provenance is inherited from the left-hand side [-Wcheri-provenance]
../method.h:97:18: warning: binary expression on capability types 'VALUE' (aka 'unsigned __intcap') and 'unsigned __intcap'; it is not clear which should be used as the source of provenance; currently provenance is inherited from the left-hand side [-Wcheri-provenance]
../method.h:104:19: warning: binary expression on capability types 'VALUE' (aka 'unsigned __intcap') and 'unsigned __intcap'; it is not clear which should be used as the source of provenance; currently provenance is inherited from the left-hand side [-Wcheri-provenance]
../method.h:106:21: warning: binary expression on capability types 'VALUE' (aka 'unsigned __intcap') and 'unsigned __intcap'; it is not clear which should be used as the source of provenance; currently provenance is inherited from the left-hand side [-Wcheri-provenance]
../method.h:105:25: warning: binary expression on capability types 'unsigned __intcap' and 'unsigned __intcap'; it is not clear which should be used as the source of provenance; currently provenance is inherited from the left-hand side [-Wcheri-provenance]
../vm_core.h:1414:70: warning: binary expression on capability types 'VALUE' (aka 'unsigned __intcap') and 'VALUE'; it is not clear which should be used as the source of provenance; currently provenance is inherited from the left-hand side [-Wcheri-provenance]
../vm_core.h:1422:70: warning: binary expression on capability types 'VALUE' (aka 'unsigned __intcap') and 'VALUE'; it is not clear which should be used as the source of provenance; currently provenance is inherited from the left-hand side [-Wcheri-provenance]
../vm_callinfo.h:140:50: warning: binary expression on capability types 'VALUE' (aka 'unsigned __intcap') and 'unsigned __intcap'; it is not clear which should be used as the source of provenance; currently provenance is inherited from the left-hand side [-Wcheri-provenance]
../vm_callinfo.h:151:67: warning: binary expression on capability types 'VALUE' (aka 'unsigned __intcap') and 'unsigned __intcap'; it is not clear which should be used as the source of provenance; currently provenance is inherited from the left-hand side [-Wcheri-provenance]
../vm_callinfo.h:162:67: warning: binary expression on capability types 'VALUE' (aka 'unsigned __intcap') and 'unsigned __intcap'; it is not clear which should be used as the source of provenance; currently provenance is inherited from the left-hand side [-Wcheri-provenance]
../vm_callinfo.h:216:25: warning: binary expression on capability types 'ID' (aka 'unsigned __intcap') and 'unsigned __intcap'; it is not clear which should be used as the source of provenance; currently provenance is inherited from the left-hand side [-Wcheri-provenance]
../method.h:83:28: warning: binary expression on capability types 'VALUE' (aka 'unsigned __intcap') and 'unsigned __intcap'; it is not clear which should be used as the source of provenance; currently provenance is inherited from the left-hand side [-Wcheri-provenance]
../method.h:97:18: warning: binary expression on capability types 'VALUE' (aka 'unsigned __intcap') and 'unsigned __intcap'; it is not clear which should be used as the source of provenance; currently provenance is inherited from the left-hand side [-Wcheri-provenance]
../method.h:104:19: warning: binary expression on capability types 'VALUE' (aka 'unsigned __intcap') and 'unsigned __intcap'; it is not clear which should be used as the source of provenance; currently provenance is inherited from the left-hand side [-Wcheri-provenance]
../method.h:106:21: warning: binary expression on capability types 'VALUE' (aka 'unsigned __intcap') and 'unsigned __intcap'; it is not clear which should be used as the source of provenance; currently provenance is inherited from the left-hand side [-Wcheri-provenance]
../method.h:105:25: warning: binary expression on capability types 'unsigned __intcap' and 'unsigned __intcap'; it is not clear which should be used as the source of provenance; currently provenance is inherited from the left-hand side [-Wcheri-provenance]
../vm_core.h:1414:70: warning: binary expression on capability types 'VALUE' (aka 'unsigned __intcap') and 'VALUE'; it is not clear which should be used as the source of provenance; currently provenance is inherited from the left-hand side [-Wcheri-provenance]
../vm_core.h:1422:70: warning: binary expression on capability types 'VALUE' (aka 'unsigned __intcap') and 'VALUE'; it is not clear which should be used as the source of provenance; currently provenance is inherited from the left-hand side [-Wcheri-provenance]
../internal/bits.h:622:27: warning: binary expression on capability types 'VALUE' (aka 'unsigned __intcap') and 'VALUE'; it is not clear which should be used as the source of provenance; currently provenance is inherited from the left-hand side [-Wcheri-provenance]
../internal/bits.h:646:28: warning: binary expression on capability types 'VALUE' (aka 'unsigned __intcap') and 'VALUE'; it is not clear which should be used as the source of provenance; currently provenance is inherited from the left-hand side [-Wcheri-provenance]
../internal/numeric.h:214:39: warning: binary expression on capability types 'unsigned __intcap' and 'unsigned __intcap'; it is not clear which should be used as the source of provenance; currently provenance is inherited from the left-hand side [-Wcheri-provenance]
../method.h:83:28: warning: binary expression on capability types 'VALUE' (aka 'unsigned __intcap') and 'unsigned __intcap'; it is not clear which should be used as the source of provenance; currently provenance is inherited from the left-hand side [-Wcheri-provenance]
../method.h:97:18: warning: binary expression on capability types 'VALUE' (aka 'unsigned __intcap') and 'unsigned __intcap'; it is not clear which should be used as the source of provenance; currently provenance is inherited from the left-hand side [-Wcheri-provenance]
../method.h:104:19: warning: binary expression on capability types 'VALUE' (aka 'unsigned __intcap') and 'unsigned __intcap'; it is not clear which should be used as the source of provenance; currently provenance is inherited from the left-hand side [-Wcheri-provenance]
../method.h:106:21: warning: binary expression on capability types 'VALUE' (aka 'unsigned __intcap') and 'unsigned __intcap'; it is not clear which should be used as the source of provenance; currently provenance is inherited from the left-hand side [-Wcheri-provenance]
../method.h:105:25: warning: binary expression on capability types 'unsigned __intcap' and 'unsigned __intcap'; it is not clear which should be used as the source of provenance; currently provenance is inherited from the left-hand side [-Wcheri-provenance]
../vm_core.h:1414:70: warning: binary expression on capability types 'VALUE' (aka 'unsigned __intcap') and 'VALUE'; it is not clear which should be used as the source of provenance; currently provenance is inherited from the left-hand side [-Wcheri-provenance]
../vm_core.h:1422:70: warning: binary expression on capability types 'VALUE' (aka 'unsigned __intcap') and 'VALUE'; it is not clear which should be used as the source of provenance; currently provenance is inherited from the left-hand side [-Wcheri-provenance]
../internal/bits.h:622:27: warning: binary expression on capability types 'VALUE' (aka 'unsigned __intcap') and 'VALUE'; it is not clear which should be used as the source of provenance; currently provenance is inherited from the left-hand side [-Wcheri-provenance]
../internal/bits.h:646:28: warning: binary expression on capability types 'VALUE' (aka 'unsigned __intcap') and 'VALUE'; it is not clear which should be used as the source of provenance; currently provenance is inherited from the left-hand side [-Wcheri-provenance]
../internal/numeric.h:214:39: warning: binary expression on capability types 'unsigned __intcap' and 'unsigned __intcap'; it is not clear which should be used as the source of provenance; currently provenance is inherited from the left-hand side [-Wcheri-provenance]
../method.h:83:28: warning: binary expression on capability types 'VALUE' (aka 'unsigned __intcap') and 'unsigned __intcap'; it is not clear which should be used as the source of provenance; currently provenance is inherited from the left-hand side [-Wcheri-provenance]
../method.h:97:18: warning: binary expression on capability types 'VALUE' (aka 'unsigned __intcap') and 'unsigned __intcap'; it is not clear which should be used as the source of provenance; currently provenance is inherited from the left-hand side [-Wcheri-provenance]
../method.h:104:19: warning: binary expression on capability types 'VALUE' (aka 'unsigned __intcap') and 'unsigned __intcap'; it is not clear which should be used as the source of provenance; currently provenance is inherited from the left-hand side [-Wcheri-provenance]
../method.h:106:21: warning: binary expression on capability types 'VALUE' (aka 'unsigned __intcap') and 'unsigned __intcap'; it is not clear which should be used as the source of provenance; currently provenance is inherited from the left-hand side [-Wcheri-provenance]
../method.h:105:25: warning: binary expression on capability types 'unsigned __intcap' and 'unsigned __intcap'; it is not clear which should be used as the source of provenance; currently provenance is inherited from the left-hand side [-Wcheri-provenance]
../vm_core.h:1414:70: warning: binary expression on capability types 'VALUE' (aka 'unsigned __intcap') and 'VALUE'; it is not clear which should be used as the source of provenance; currently provenance is inherited from the left-hand side [-Wcheri-provenance]
../vm_core.h:1422:70: warning: binary expression on capability types 'VALUE' (aka 'unsigned __intcap') and 'VALUE'; it is not clear which should be used as the source of provenance; currently provenance is inherited from the left-hand side [-Wcheri-provenance]
../method.h:83:28: warning: binary expression on capability types 'VALUE' (aka 'unsigned __intcap') and 'unsigned __intcap'; it is not clear which should be used as the source of provenance; currently provenance is inherited from the left-hand side [-Wcheri-provenance]
../method.h:97:18: warning: binary expression on capability types 'VALUE' (aka 'unsigned __intcap') and 'unsigned __intcap'; it is not clear which should be used as the source of provenance; currently provenance is inherited from the left-hand side [-Wcheri-provenance]
../method.h:104:19: warning: binary expression on capability types 'VALUE' (aka 'unsigned __intcap') and 'unsigned __intcap'; it is not clear which should be used as the source of provenance; currently provenance is inherited from the left-hand side [-Wcheri-provenance]
../method.h:106:21: warning: binary expression on capability types 'VALUE' (aka 'unsigned __intcap') and 'unsigned __intcap'; it is not clear which should be used as the source of provenance; currently provenance is inherited from the left-hand side [-Wcheri-provenance]
../method.h:105:25: warning: binary expression on capability types 'unsigned __intcap' and 'unsigned __intcap'; it is not clear which should be used as the source of provenance; currently provenance is inherited from the left-hand side [-Wcheri-provenance]
../vm_core.h:1414:70: warning: binary expression on capability types 'VALUE' (aka 'unsigned __intcap') and 'VALUE'; it is not clear which should be used as the source of provenance; currently provenance is inherited from the left-hand side [-Wcheri-provenance]
../vm_core.h:1422:70: warning: binary expression on capability types 'VALUE' (aka 'unsigned __intcap') and 'VALUE'; it is not clear which should be used as the source of provenance; currently provenance is inherited from the left-hand side [-Wcheri-provenance]
../eval.c:1710:84: warning: binary expression on capability types 'VALUE' (aka 'unsigned __intcap') and 'unsigned __intcap'; it is not clear which should be used as the source of provenance; currently provenance is inherited from the left-hand side [-Wcheri-provenance]
../method.h:83:28: warning: binary expression on capability types 'VALUE' (aka 'unsigned __intcap') and 'unsigned __intcap'; it is not clear which should be used as the source of provenance; currently provenance is inherited from the left-hand side [-Wcheri-provenance]
../method.h:97:18: warning: binary expression on capability types 'VALUE' (aka 'unsigned __intcap') and 'unsigned __intcap'; it is not clear which should be used as the source of provenance; currently provenance is inherited from the left-hand side [-Wcheri-provenance]
../method.h:104:19: warning: binary expression on capability types 'VALUE' (aka 'unsigned __intcap') and 'unsigned __intcap'; it is not clear which should be used as the source of provenance; currently provenance is inherited from the left-hand side [-Wcheri-provenance]
../method.h:106:21: warning: binary expression on capability types 'VALUE' (aka 'unsigned __intcap') and 'unsigned __intcap'; it is not clear which should be used as the source of provenance; currently provenance is inherited from the left-hand side [-Wcheri-provenance]
../method.h:105:25: warning: binary expression on capability types 'unsigned __intcap' and 'unsigned __intcap'; it is not clear which should be used as the source of provenance; currently provenance is inherited from the left-hand side [-Wcheri-provenance]
../vm_core.h:1414:70: warning: binary expression on capability types 'VALUE' (aka 'unsigned __intcap') and 'VALUE'; it is not clear which should be used as the source of provenance; currently provenance is inherited from the left-hand side [-Wcheri-provenance]
../vm_core.h:1422:70: warning: binary expression on capability types 'VALUE' (aka 'unsigned __intcap') and 'VALUE'; it is not clear which should be used as the source of provenance; currently provenance is inherited from the left-hand side [-Wcheri-provenance]
../internal/bits.h:622:27: warning: binary expression on capability types 'VALUE' (aka 'unsigned __intcap') and 'VALUE'; it is not clear which should be used as the source of provenance; currently provenance is inherited from the left-hand side [-Wcheri-provenance]
../internal/bits.h:646:28: warning: binary expression on capability types 'VALUE' (aka 'unsigned __intcap') and 'VALUE'; it is not clear which should be used as the source of provenance; currently provenance is inherited from the left-hand side [-Wcheri-provenance]
../internal/numeric.h:214:39: warning: binary expression on capability types 'unsigned __intcap' and 'unsigned __intcap'; it is not clear which should be used as the source of provenance; currently provenance is inherited from the left-hand side [-Wcheri-provenance]
../vm_callinfo.h:140:50: warning: binary expression on capability types 'VALUE' (aka 'unsigned __intcap') and 'unsigned __intcap'; it is not clear which should be used as the source of provenance; currently provenance is inherited from the left-hand side [-Wcheri-provenance]
../vm_callinfo.h:151:67: warning: binary expression on capability types 'VALUE' (aka 'unsigned __intcap') and 'unsigned __intcap'; it is not clear which should be used as the source of provenance; currently provenance is inherited from the left-hand side [-Wcheri-provenance]
../vm_callinfo.h:162:67: warning: binary expression on capability types 'VALUE' (aka 'unsigned __intcap') and 'unsigned __intcap'; it is not clear which should be used as the source of provenance; currently provenance is inherited from the left-hand side [-Wcheri-provenance]
../vm_callinfo.h:216:25: warning: binary expression on capability types 'ID' (aka 'unsigned __intcap') and 'unsigned __intcap'; it is not clear which should be used as the source of provenance; currently provenance is inherited from the left-hand side [-Wcheri-provenance]
../gc/default/default.c:4085:26: warning: binary expression on capability types 'bits_t' (aka 'unsigned __intcap') and 'bits_t'; it is not clear which should be used as the source of provenance; currently provenance is inherited from the left-hand side [-Wcheri-provenance]
../gc/default/default.c:4093:30: warning: binary expression on capability types 'bits_t' (aka 'unsigned __intcap') and 'bits_t'; it is not clear which should be used as the source of provenance; currently provenance is inherited from the left-hand side [-Wcheri-provenance]
../gc/default/default.c:5345:36: warning: binary expression on capability types 'bits_t' (aka 'unsigned __intcap') and 'bits_t'; it is not clear which should be used as the source of provenance; currently provenance is inherited from the left-hand side [-Wcheri-provenance]
../gc/default/default.c:5351:40: warning: binary expression on capability types 'bits_t' (aka 'unsigned __intcap') and 'bits_t'; it is not clear which should be used as the source of provenance; currently provenance is inherited from the left-hand side [-Wcheri-provenance]
../gc/default/default.c:5630:28: warning: binary expression on capability types 'bits_t' (aka 'unsigned __intcap') and 'bits_t'; it is not clear which should be used as the source of provenance; currently provenance is inherited from the left-hand side [-Wcheri-provenance]
../gc/default/default.c:5639:32: warning: binary expression on capability types 'bits_t' (aka 'unsigned __intcap') and 'bits_t'; it is not clear which should be used as the source of provenance; currently provenance is inherited from the left-hand side [-Wcheri-provenance]
../gc/default/default.c:5972:71: warning: binary expression on capability types 'bits_t' (aka 'unsigned __intcap') and 'bits_t'; it is not clear which should be used as the source of provenance; currently provenance is inherited from the left-hand side [-Wcheri-provenance]
../gc/default/default.c:5972:46: warning: binary expression on capability types 'bits_t' (aka 'unsigned __intcap') and 'unsigned __intcap'; it is not clear which should be used as the source of provenance; currently provenance is inherited from the left-hand side [-Wcheri-provenance]
../gc.c:4281:30: warning: binary expression on capability types 'VALUE' (aka 'unsigned __intcap') and 'unsigned __intcap'; it is not clear which should be used as the source of provenance; currently provenance is inherited from the left-hand side [-Wcheri-provenance]
../gc.c:4282:30: warning: binary expression on capability types 'VALUE' (aka 'unsigned __intcap') and 'unsigned __intcap'; it is not clear which should be used as the source of provenance; currently provenance is inherited from the left-hand side [-Wcheri-provenance]
../method.h:83:28: warning: binary expression on capability types 'VALUE' (aka 'unsigned __intcap') and 'unsigned __intcap'; it is not clear which should be used as the source of provenance; currently provenance is inherited from the left-hand side [-Wcheri-provenance]
../method.h:97:18: warning: binary expression on capability types 'VALUE' (aka 'unsigned __intcap') and 'unsigned __intcap'; it is not clear which should be used as the source of provenance; currently provenance is inherited from the left-hand side [-Wcheri-provenance]
../method.h:104:19: warning: binary expression on capability types 'VALUE' (aka 'unsigned __intcap') and 'unsigned __intcap'; it is not clear which should be used as the source of provenance; currently provenance is inherited from the left-hand side [-Wcheri-provenance]
../method.h:106:21: warning: binary expression on capability types 'VALUE' (aka 'unsigned __intcap') and 'unsigned __intcap'; it is not clear which should be used as the source of provenance; currently provenance is inherited from the left-hand side [-Wcheri-provenance]
../method.h:105:25: warning: binary expression on capability types 'unsigned __intcap' and 'unsigned __intcap'; it is not clear which should be used as the source of provenance; currently provenance is inherited from the left-hand side [-Wcheri-provenance]
../vm_core.h:1414:70: warning: binary expression on capability types 'VALUE' (aka 'unsigned __intcap') and 'VALUE'; it is not clear which should be used as the source of provenance; currently provenance is inherited from the left-hand side [-Wcheri-provenance]
../vm_core.h:1422:70: warning: binary expression on capability types 'VALUE' (aka 'unsigned __intcap') and 'VALUE'; it is not clear which should be used as the source of provenance; currently provenance is inherited from the left-hand side [-Wcheri-provenance]
../internal/bits.h:622:27: warning: binary expression on capability types 'VALUE' (aka 'unsigned __intcap') and 'VALUE'; it is not clear which should be used as the source of provenance; currently provenance is inherited from the left-hand side [-Wcheri-provenance]
../internal/bits.h:646:28: warning: binary expression on capability types 'VALUE' (aka 'unsigned __intcap') and 'VALUE'; it is not clear which should be used as the source of provenance; currently provenance is inherited from the left-hand side [-Wcheri-provenance]
../hash.c:1484:54: warning: binary expression on capability types 'unsigned __intcap' and 'VALUE' (aka 'unsigned __intcap'); it is not clear which should be used as the source of provenance; currently provenance is inherited from the left-hand side [-Wcheri-provenance]
../hash.c:1484:54: warning: binary expression on capability types 'unsigned __intcap' and 'VALUE' (aka 'unsigned __intcap'); it is not clear which should be used as the source of provenance; currently provenance is inherited from the left-hand side [-Wcheri-provenance]
../hash.c:1484:54: warning: binary expression on capability types 'unsigned __intcap' and 'VALUE' (aka 'unsigned __intcap'); it is not clear which should be used as the source of provenance; currently provenance is inherited from the left-hand side [-Wcheri-provenance]
../hash.c:1599:32: warning: binary expression on capability types 'VALUE' (aka 'unsigned __intcap') and 'unsigned __intcap'; it is not clear which should be used as the source of provenance; currently provenance is inherited from the left-hand side [-Wcheri-provenance]
../method.h:83:28: warning: binary expression on capability types 'VALUE' (aka 'unsigned __intcap') and 'unsigned __intcap'; it is not clear which should be used as the source of provenance; currently provenance is inherited from the left-hand side [-Wcheri-provenance]
../method.h:97:18: warning: binary expression on capability types 'VALUE' (aka 'unsigned __intcap') and 'unsigned __intcap'; it is not clear which should be used as the source of provenance; currently provenance is inherited from the left-hand side [-Wcheri-provenance]
../method.h:104:19: warning: binary expression on capability types 'VALUE' (aka 'unsigned __intcap') and 'unsigned __intcap'; it is not clear which should be used as the source of provenance; currently provenance is inherited from the left-hand side [-Wcheri-provenance]
../method.h:106:21: warning: binary expression on capability types 'VALUE' (aka 'unsigned __intcap') and 'unsigned __intcap'; it is not clear which should be used as the source of provenance; currently provenance is inherited from the left-hand side [-Wcheri-provenance]
../method.h:105:25: warning: binary expression on capability types 'unsigned __intcap' and 'unsigned __intcap'; it is not clear which should be used as the source of provenance; currently provenance is inherited from the left-hand side [-Wcheri-provenance]
../vm_core.h:1414:70: warning: binary expression on capability types 'VALUE' (aka 'unsigned __intcap') and 'VALUE'; it is not clear which should be used as the source of provenance; currently provenance is inherited from the left-hand side [-Wcheri-provenance]
../vm_core.h:1422:70: warning: binary expression on capability types 'VALUE' (aka 'unsigned __intcap') and 'VALUE'; it is not clear which should be used as the source of provenance; currently provenance is inherited from the left-hand side [-Wcheri-provenance]
../vm_callinfo.h:140:50: warning: binary expression on capability types 'VALUE' (aka 'unsigned __intcap') and 'unsigned __intcap'; it is not clear which should be used as the source of provenance; currently provenance is inherited from the left-hand side [-Wcheri-provenance]
../vm_callinfo.h:151:67: warning: binary expression on capability types 'VALUE' (aka 'unsigned __intcap') and 'unsigned __intcap'; it is not clear which should be used as the source of provenance; currently provenance is inherited from the left-hand side [-Wcheri-provenance]
../vm_callinfo.h:162:67: warning: binary expression on capability types 'VALUE' (aka 'unsigned __intcap') and 'unsigned __intcap'; it is not clear which should be used as the source of provenance; currently provenance is inherited from the left-hand side [-Wcheri-provenance]
../vm_callinfo.h:216:25: warning: binary expression on capability types 'ID' (aka 'unsigned __intcap') and 'unsigned __intcap'; it is not clear which should be used as the source of provenance; currently provenance is inherited from the left-hand side [-Wcheri-provenance]
../method.h:83:28: warning: binary expression on capability types 'VALUE' (aka 'unsigned __intcap') and 'unsigned __intcap'; it is not clear which should be used as the source of provenance; currently provenance is inherited from the left-hand side [-Wcheri-provenance]
../method.h:97:18: warning: binary expression on capability types 'VALUE' (aka 'unsigned __intcap') and 'unsigned __intcap'; it is not clear which should be used as the source of provenance; currently provenance is inherited from the left-hand side [-Wcheri-provenance]
../method.h:104:19: warning: binary expression on capability types 'VALUE' (aka 'unsigned __intcap') and 'unsigned __intcap'; it is not clear which should be used as the source of provenance; currently provenance is inherited from the left-hand side [-Wcheri-provenance]
../method.h:106:21: warning: binary expression on capability types 'VALUE' (aka 'unsigned __intcap') and 'unsigned __intcap'; it is not clear which should be used as the source of provenance; currently provenance is inherited from the left-hand side [-Wcheri-provenance]
../method.h:105:25: warning: binary expression on capability types 'unsigned __intcap' and 'unsigned __intcap'; it is not clear which should be used as the source of provenance; currently provenance is inherited from the left-hand side [-Wcheri-provenance]
../vm_core.h:1414:70: warning: binary expression on capability types 'VALUE' (aka 'unsigned __intcap') and 'VALUE'; it is not clear which should be used as the source of provenance; currently provenance is inherited from the left-hand side [-Wcheri-provenance]
../vm_core.h:1422:70: warning: binary expression on capability types 'VALUE' (aka 'unsigned __intcap') and 'VALUE'; it is not clear which should be used as the source of provenance; currently provenance is inherited from the left-hand side [-Wcheri-provenance]
../internal/bits.h:622:27: warning: binary expression on capability types 'VALUE' (aka 'unsigned __intcap') and 'VALUE'; it is not clear which should be used as the source of provenance; currently provenance is inherited from the left-hand side [-Wcheri-provenance]
../internal/bits.h:646:28: warning: binary expression on capability types 'VALUE' (aka 'unsigned __intcap') and 'VALUE'; it is not clear which should be used as the source of provenance; currently provenance is inherited from the left-hand side [-Wcheri-provenance]
../internal/numeric.h:214:39: warning: binary expression on capability types 'unsigned __intcap' and 'unsigned __intcap'; it is not clear which should be used as the source of provenance; currently provenance is inherited from the left-hand side [-Wcheri-provenance]
../io.c:569:43: warning: binary expression on capability types 'unsigned __intcap' and 'unsigned __intcap'; it is not clear which should be used as the source of provenance; currently provenance is inherited from the left-hand side [-Wcheri-provenance]
../internal/bits.h:622:27: warning: binary expression on capability types 'VALUE' (aka 'unsigned __intcap') and 'VALUE'; it is not clear which should be used as the source of provenance; currently provenance is inherited from the left-hand side [-Wcheri-provenance]
../internal/bits.h:646:28: warning: binary expression on capability types 'VALUE' (aka 'unsigned __intcap') and 'VALUE'; it is not clear which should be used as the source of provenance; currently provenance is inherited from the left-hand side [-Wcheri-provenance]
../method.h:83:28: warning: binary expression on capability types 'VALUE' (aka 'unsigned __intcap') and 'unsigned __intcap'; it is not clear which should be used as the source of provenance; currently provenance is inherited from the left-hand side [-Wcheri-provenance]
../method.h:97:18: warning: binary expression on capability types 'VALUE' (aka 'unsigned __intcap') and 'unsigned __intcap'; it is not clear which should be used as the source of provenance; currently provenance is inherited from the left-hand side [-Wcheri-provenance]
../method.h:104:19: warning: binary expression on capability types 'VALUE' (aka 'unsigned __intcap') and 'unsigned __intcap'; it is not clear which should be used as the source of provenance; currently provenance is inherited from the left-hand side [-Wcheri-provenance]
../method.h:106:21: warning: binary expression on capability types 'VALUE' (aka 'unsigned __intcap') and 'unsigned __intcap'; it is not clear which should be used as the source of provenance; currently provenance is inherited from the left-hand side [-Wcheri-provenance]
../method.h:105:25: warning: binary expression on capability types 'unsigned __intcap' and 'unsigned __intcap'; it is not clear which should be used as the source of provenance; currently provenance is inherited from the left-hand side [-Wcheri-provenance]
../vm_core.h:1414:70: warning: binary expression on capability types 'VALUE' (aka 'unsigned __intcap') and 'VALUE'; it is not clear which should be used as the source of provenance; currently provenance is inherited from the left-hand side [-Wcheri-provenance]
../vm_core.h:1422:70: warning: binary expression on capability types 'VALUE' (aka 'unsigned __intcap') and 'VALUE'; it is not clear which should be used as the source of provenance; currently provenance is inherited from the left-hand side [-Wcheri-provenance]
../internal/numeric.h:214:39: warning: binary expression on capability types 'unsigned __intcap' and 'unsigned __intcap'; it is not clear which should be used as the source of provenance; currently provenance is inherited from the left-hand side [-Wcheri-provenance]
../method.h:83:28: warning: binary expression on capability types 'VALUE' (aka 'unsigned __intcap') and 'unsigned __intcap'; it is not clear which should be used as the source of provenance; currently provenance is inherited from the left-hand side [-Wcheri-provenance]
../method.h:97:18: warning: binary expression on capability types 'VALUE' (aka 'unsigned __intcap') and 'unsigned __intcap'; it is not clear which should be used as the source of provenance; currently provenance is inherited from the left-hand side [-Wcheri-provenance]
../method.h:104:19: warning: binary expression on capability types 'VALUE' (aka 'unsigned __intcap') and 'unsigned __intcap'; it is not clear which should be used as the source of provenance; currently provenance is inherited from the left-hand side [-Wcheri-provenance]
../method.h:106:21: warning: binary expression on capability types 'VALUE' (aka 'unsigned __intcap') and 'unsigned __intcap'; it is not clear which should be used as the source of provenance; currently provenance is inherited from the left-hand side [-Wcheri-provenance]
../method.h:105:25: warning: binary expression on capability types 'unsigned __intcap' and 'unsigned __intcap'; it is not clear which should be used as the source of provenance; currently provenance is inherited from the left-hand side [-Wcheri-provenance]
../vm_core.h:1414:70: warning: binary expression on capability types 'VALUE' (aka 'unsigned __intcap') and 'VALUE'; it is not clear which should be used as the source of provenance; currently provenance is inherited from the left-hand side [-Wcheri-provenance]
../vm_core.h:1422:70: warning: binary expression on capability types 'VALUE' (aka 'unsigned __intcap') and 'VALUE'; it is not clear which should be used as the source of provenance; currently provenance is inherited from the left-hand side [-Wcheri-provenance]
../internal/bits.h:622:27: warning: binary expression on capability types 'VALUE' (aka 'unsigned __intcap') and 'VALUE'; it is not clear which should be used as the source of provenance; currently provenance is inherited from the left-hand side [-Wcheri-provenance]
../internal/bits.h:646:28: warning: binary expression on capability types 'VALUE' (aka 'unsigned __intcap') and 'VALUE'; it is not clear which should be used as the source of provenance; currently provenance is inherited from the left-hand side [-Wcheri-provenance]
../internal/numeric.h:214:39: warning: binary expression on capability types 'unsigned __intcap' and 'unsigned __intcap'; it is not clear which should be used as the source of provenance; currently provenance is inherited from the left-hand side [-Wcheri-provenance]
../vm_callinfo.h:140:50: warning: binary expression on capability types 'VALUE' (aka 'unsigned __intcap') and 'unsigned __intcap'; it is not clear which should be used as the source of provenance; currently provenance is inherited from the left-hand side [-Wcheri-provenance]
../vm_callinfo.h:151:67: warning: binary expression on capability types 'VALUE' (aka 'unsigned __intcap') and 'unsigned __intcap'; it is not clear which should be used as the source of provenance; currently provenance is inherited from the left-hand side [-Wcheri-provenance]
../vm_callinfo.h:162:67: warning: binary expression on capability types 'VALUE' (aka 'unsigned __intcap') and 'unsigned __intcap'; it is not clear which should be used as the source of provenance; currently provenance is inherited from the left-hand side [-Wcheri-provenance]
../vm_callinfo.h:216:25: warning: binary expression on capability types 'ID' (aka 'unsigned __intcap') and 'unsigned __intcap'; it is not clear which should be used as the source of provenance; currently provenance is inherited from the left-hand side [-Wcheri-provenance]
../method.h:83:28: warning: binary expression on capability types 'VALUE' (aka 'unsigned __intcap') and 'unsigned __intcap'; it is not clear which should be used as the source of provenance; currently provenance is inherited from the left-hand side [-Wcheri-provenance]
../method.h:97:18: warning: binary expression on capability types 'VALUE' (aka 'unsigned __intcap') and 'unsigned __intcap'; it is not clear which should be used as the source of provenance; currently provenance is inherited from the left-hand side [-Wcheri-provenance]
../method.h:104:19: warning: binary expression on capability types 'VALUE' (aka 'unsigned __intcap') and 'unsigned __intcap'; it is not clear which should be used as the source of provenance; currently provenance is inherited from the left-hand side [-Wcheri-provenance]
../method.h:106:21: warning: binary expression on capability types 'VALUE' (aka 'unsigned __intcap') and 'unsigned __intcap'; it is not clear which should be used as the source of provenance; currently provenance is inherited from the left-hand side [-Wcheri-provenance]
../method.h:105:25: warning: binary expression on capability types 'unsigned __intcap' and 'unsigned __intcap'; it is not clear which should be used as the source of provenance; currently provenance is inherited from the left-hand side [-Wcheri-provenance]
../vm_core.h:1414:70: warning: binary expression on capability types 'VALUE' (aka 'unsigned __intcap') and 'VALUE'; it is not clear which should be used as the source of provenance; currently provenance is inherited from the left-hand side [-Wcheri-provenance]
../vm_core.h:1422:70: warning: binary expression on capability types 'VALUE' (aka 'unsigned __intcap') and 'VALUE'; it is not clear which should be used as the source of provenance; currently provenance is inherited from the left-hand side [-Wcheri-provenance]
../internal/bits.h:622:27: warning: binary expression on capability types 'VALUE' (aka 'unsigned __intcap') and 'VALUE'; it is not clear which should be used as the source of provenance; currently provenance is inherited from the left-hand side [-Wcheri-provenance]
../internal/bits.h:646:28: warning: binary expression on capability types 'VALUE' (aka 'unsigned __intcap') and 'VALUE'; it is not clear which should be used as the source of provenance; currently provenance is inherited from the left-hand side [-Wcheri-provenance]
../internal/numeric.h:214:39: warning: binary expression on capability types 'unsigned __intcap' and 'unsigned __intcap'; it is not clear which should be used as the source of provenance; currently provenance is inherited from the left-hand side [-Wcheri-provenance]
../method.h:83:28: warning: binary expression on capability types 'VALUE' (aka 'unsigned __intcap') and 'unsigned __intcap'; it is not clear which should be used as the source of provenance; currently provenance is inherited from the left-hand side [-Wcheri-provenance]
../method.h:97:18: warning: binary expression on capability types 'VALUE' (aka 'unsigned __intcap') and 'unsigned __intcap'; it is not clear which should be used as the source of provenance; currently provenance is inherited from the left-hand side [-Wcheri-provenance]
../method.h:104:19: warning: binary expression on capability types 'VALUE' (aka 'unsigned __intcap') and 'unsigned __intcap'; it is not clear which should be used as the source of provenance; currently provenance is inherited from the left-hand side [-Wcheri-provenance]
../method.h:106:21: warning: binary expression on capability types 'VALUE' (aka 'unsigned __intcap') and 'unsigned __intcap'; it is not clear which should be used as the source of provenance; currently provenance is inherited from the left-hand side [-Wcheri-provenance]
../method.h:105:25: warning: binary expression on capability types 'unsigned __intcap' and 'unsigned __intcap'; it is not clear which should be used as the source of provenance; currently provenance is inherited from the left-hand side [-Wcheri-provenance]
../vm_core.h:1414:70: warning: binary expression on capability types 'VALUE' (aka 'unsigned __intcap') and 'VALUE'; it is not clear which should be used as the source of provenance; currently provenance is inherited from the left-hand side [-Wcheri-provenance]
../vm_core.h:1422:70: warning: binary expression on capability types 'VALUE' (aka 'unsigned __intcap') and 'VALUE'; it is not clear which should be used as the source of provenance; currently provenance is inherited from the left-hand side [-Wcheri-provenance]
../internal/bits.h:622:27: warning: binary expression on capability types 'VALUE' (aka 'unsigned __intcap') and 'VALUE'; it is not clear which should be used as the source of provenance; currently provenance is inherited from the left-hand side [-Wcheri-provenance]
../internal/bits.h:646:28: warning: binary expression on capability types 'VALUE' (aka 'unsigned __intcap') and 'VALUE'; it is not clear which should be used as the source of provenance; currently provenance is inherited from the left-hand side [-Wcheri-provenance]
../internal/numeric.h:214:39: warning: binary expression on capability types 'unsigned __intcap' and 'unsigned __intcap'; it is not clear which should be used as the source of provenance; currently provenance is inherited from the left-hand side [-Wcheri-provenance]
../method.h:83:28: warning: binary expression on capability types 'VALUE' (aka 'unsigned __intcap') and 'unsigned __intcap'; it is not clear which should be used as the source of provenance; currently provenance is inherited from the left-hand side [-Wcheri-provenance]
../method.h:97:18: warning: binary expression on capability types 'VALUE' (aka 'unsigned __intcap') and 'unsigned __intcap'; it is not clear which should be used as the source of provenance; currently provenance is inherited from the left-hand side [-Wcheri-provenance]
../method.h:104:19: warning: binary expression on capability types 'VALUE' (aka 'unsigned __intcap') and 'unsigned __intcap'; it is not clear which should be used as the source of provenance; currently provenance is inherited from the left-hand side [-Wcheri-provenance]
../method.h:106:21: warning: binary expression on capability types 'VALUE' (aka 'unsigned __intcap') and 'unsigned __intcap'; it is not clear which should be used as the source of provenance; currently provenance is inherited from the left-hand side [-Wcheri-provenance]
../method.h:105:25: warning: binary expression on capability types 'unsigned __intcap' and 'unsigned __intcap'; it is not clear which should be used as the source of provenance; currently provenance is inherited from the left-hand side [-Wcheri-provenance]
../vm_core.h:1414:70: warning: binary expression on capability types 'VALUE' (aka 'unsigned __intcap') and 'VALUE'; it is not clear which should be used as the source of provenance; currently provenance is inherited from the left-hand side [-Wcheri-provenance]
../vm_core.h:1422:70: warning: binary expression on capability types 'VALUE' (aka 'unsigned __intcap') and 'VALUE'; it is not clear which should be used as the source of provenance; currently provenance is inherited from the left-hand side [-Wcheri-provenance]
../method.h:83:28: warning: binary expression on capability types 'VALUE' (aka 'unsigned __intcap') and 'unsigned __intcap'; it is not clear which should be used as the source of provenance; currently provenance is inherited from the left-hand side [-Wcheri-provenance]
../method.h:97:18: warning: binary expression on capability types 'VALUE' (aka 'unsigned __intcap') and 'unsigned __intcap'; it is not clear which should be used as the source of provenance; currently provenance is inherited from the left-hand side [-Wcheri-provenance]
../method.h:104:19: warning: binary expression on capability types 'VALUE' (aka 'unsigned __intcap') and 'unsigned __intcap'; it is not clear which should be used as the source of provenance; currently provenance is inherited from the left-hand side [-Wcheri-provenance]
../method.h:106:21: warning: binary expression on capability types 'VALUE' (aka 'unsigned __intcap') and 'unsigned __intcap'; it is not clear which should be used as the source of provenance; currently provenance is inherited from the left-hand side [-Wcheri-provenance]
../method.h:105:25: warning: binary expression on capability types 'unsigned __intcap' and 'unsigned __intcap'; it is not clear which should be used as the source of provenance; currently provenance is inherited from the left-hand side [-Wcheri-provenance]
../vm_core.h:1414:70: warning: binary expression on capability types 'VALUE' (aka 'unsigned __intcap') and 'VALUE'; it is not clear which should be used as the source of provenance; currently provenance is inherited from the left-hand side [-Wcheri-provenance]
../vm_core.h:1422:70: warning: binary expression on capability types 'VALUE' (aka 'unsigned __intcap') and 'VALUE'; it is not clear which should be used as the source of provenance; currently provenance is inherited from the left-hand side [-Wcheri-provenance]
../method.h:83:28: warning: binary expression on capability types 'VALUE' (aka 'unsigned __intcap') and 'unsigned __intcap'; it is not clear which should be used as the source of provenance; currently provenance is inherited from the left-hand side [-Wcheri-provenance]
../method.h:97:18: warning: binary expression on capability types 'VALUE' (aka 'unsigned __intcap') and 'unsigned __intcap'; it is not clear which should be used as the source of provenance; currently provenance is inherited from the left-hand side [-Wcheri-provenance]
../method.h:104:19: warning: binary expression on capability types 'VALUE' (aka 'unsigned __intcap') and 'unsigned __intcap'; it is not clear which should be used as the source of provenance; currently provenance is inherited from the left-hand side [-Wcheri-provenance]
../method.h:106:21: warning: binary expression on capability types 'VALUE' (aka 'unsigned __intcap') and 'unsigned __intcap'; it is not clear which should be used as the source of provenance; currently provenance is inherited from the left-hand side [-Wcheri-provenance]
../method.h:105:25: warning: binary expression on capability types 'unsigned __intcap' and 'unsigned __intcap'; it is not clear which should be used as the source of provenance; currently provenance is inherited from the left-hand side [-Wcheri-provenance]
../vm_core.h:1414:70: warning: binary expression on capability types 'VALUE' (aka 'unsigned __intcap') and 'VALUE'; it is not clear which should be used as the source of provenance; currently provenance is inherited from the left-hand side [-Wcheri-provenance]
../vm_core.h:1422:70: warning: binary expression on capability types 'VALUE' (aka 'unsigned __intcap') and 'VALUE'; it is not clear which should be used as the source of provenance; currently provenance is inherited from the left-hand side [-Wcheri-provenance]
../method.h:83:28: warning: binary expression on capability types 'VALUE' (aka 'unsigned __intcap') and 'unsigned __intcap'; it is not clear which should be used as the source of provenance; currently provenance is inherited from the left-hand side [-Wcheri-provenance]
../method.h:97:18: warning: binary expression on capability types 'VALUE' (aka 'unsigned __intcap') and 'unsigned __intcap'; it is not clear which should be used as the source of provenance; currently provenance is inherited from the left-hand side [-Wcheri-provenance]
../method.h:104:19: warning: binary expression on capability types 'VALUE' (aka 'unsigned __intcap') and 'unsigned __intcap'; it is not clear which should be used as the source of provenance; currently provenance is inherited from the left-hand side [-Wcheri-provenance]
../method.h:106:21: warning: binary expression on capability types 'VALUE' (aka 'unsigned __intcap') and 'unsigned __intcap'; it is not clear which should be used as the source of provenance; currently provenance is inherited from the left-hand side [-Wcheri-provenance]
../method.h:105:25: warning: binary expression on capability types 'unsigned __intcap' and 'unsigned __intcap'; it is not clear which should be used as the source of provenance; currently provenance is inherited from the left-hand side [-Wcheri-provenance]
../vm_core.h:1414:70: warning: binary expression on capability types 'VALUE' (aka 'unsigned __intcap') and 'VALUE'; it is not clear which should be used as the source of provenance; currently provenance is inherited from the left-hand side [-Wcheri-provenance]
../vm_core.h:1422:70: warning: binary expression on capability types 'VALUE' (aka 'unsigned __intcap') and 'VALUE'; it is not clear which should be used as the source of provenance; currently provenance is inherited from the left-hand side [-Wcheri-provenance]
../node.c:80:5: warning: binary expression on capability types 'unsigned __intcap' and 'unsigned __intcap'; it is not clear which should be used as the source of provenance; currently provenance is inherited from the left-hand side [-Wcheri-provenance]
../node.c:439:12: warning: binary expression on capability types 'unsigned __intcap' and 'unsigned __intcap'; it is not clear which should be used as the source of provenance; currently provenance is inherited from the left-hand side [-Wcheri-provenance]
../method.h:83:28: warning: binary expression on capability types 'VALUE' (aka 'unsigned __intcap') and 'unsigned __intcap'; it is not clear which should be used as the source of provenance; currently provenance is inherited from the left-hand side [-Wcheri-provenance]
../method.h:97:18: warning: binary expression on capability types 'VALUE' (aka 'unsigned __intcap') and 'unsigned __intcap'; it is not clear which should be used as the source of provenance; currently provenance is inherited from the left-hand side [-Wcheri-provenance]
../method.h:104:19: warning: binary expression on capability types 'VALUE' (aka 'unsigned __intcap') and 'unsigned __intcap'; it is not clear which should be used as the source of provenance; currently provenance is inherited from the left-hand side [-Wcheri-provenance]
../method.h:106:21: warning: binary expression on capability types 'VALUE' (aka 'unsigned __intcap') and 'unsigned __intcap'; it is not clear which should be used as the source of provenance; currently provenance is inherited from the left-hand side [-Wcheri-provenance]
../method.h:105:25: warning: binary expression on capability types 'unsigned __intcap' and 'unsigned __intcap'; it is not clear which should be used as the source of provenance; currently provenance is inherited from the left-hand side [-Wcheri-provenance]
../vm_core.h:1414:70: warning: binary expression on capability types 'VALUE' (aka 'unsigned __intcap') and 'VALUE'; it is not clear which should be used as the source of provenance; currently provenance is inherited from the left-hand side [-Wcheri-provenance]
../vm_core.h:1422:70: warning: binary expression on capability types 'VALUE' (aka 'unsigned __intcap') and 'VALUE'; it is not clear which should be used as the source of provenance; currently provenance is inherited from the left-hand side [-Wcheri-provenance]
../internal/bits.h:622:27: warning: binary expression on capability types 'VALUE' (aka 'unsigned __intcap') and 'VALUE'; it is not clear which should be used as the source of provenance; currently provenance is inherited from the left-hand side [-Wcheri-provenance]
../internal/bits.h:646:28: warning: binary expression on capability types 'VALUE' (aka 'unsigned __intcap') and 'VALUE'; it is not clear which should be used as the source of provenance; currently provenance is inherited from the left-hand side [-Wcheri-provenance]
../internal/numeric.h:214:39: warning: binary expression on capability types 'unsigned __intcap' and 'unsigned __intcap'; it is not clear which should be used as the source of provenance; currently provenance is inherited from the left-hand side [-Wcheri-provenance]
../method.h:83:28: warning: binary expression on capability types 'VALUE' (aka 'unsigned __intcap') and 'unsigned __intcap'; it is not clear which should be used as the source of provenance; currently provenance is inherited from the left-hand side [-Wcheri-provenance]
../method.h:97:18: warning: binary expression on capability types 'VALUE' (aka 'unsigned __intcap') and 'unsigned __intcap'; it is not clear which should be used as the source of provenance; currently provenance is inherited from the left-hand side [-Wcheri-provenance]
../method.h:104:19: warning: binary expression on capability types 'VALUE' (aka 'unsigned __intcap') and 'unsigned __intcap'; it is not clear which should be used as the source of provenance; currently provenance is inherited from the left-hand side [-Wcheri-provenance]
../method.h:106:21: warning: binary expression on capability types 'VALUE' (aka 'unsigned __intcap') and 'unsigned __intcap'; it is not clear which should be used as the source of provenance; currently provenance is inherited from the left-hand side [-Wcheri-provenance]
../method.h:105:25: warning: binary expression on capability types 'unsigned __intcap' and 'unsigned __intcap'; it is not clear which should be used as the source of provenance; currently provenance is inherited from the left-hand side [-Wcheri-provenance]
../vm_core.h:1414:70: warning: binary expression on capability types 'VALUE' (aka 'unsigned __intcap') and 'VALUE'; it is not clear which should be used as the source of provenance; currently provenance is inherited from the left-hand side [-Wcheri-provenance]
../vm_core.h:1422:70: warning: binary expression on capability types 'VALUE' (aka 'unsigned __intcap') and 'VALUE'; it is not clear which should be used as the source of provenance; currently provenance is inherited from the left-hand side [-Wcheri-provenance]
../internal/bits.h:622:27: warning: binary expression on capability types 'VALUE' (aka 'unsigned __intcap') and 'VALUE'; it is not clear which should be used as the source of provenance; currently provenance is inherited from the left-hand side [-Wcheri-provenance]
../internal/bits.h:646:28: warning: binary expression on capability types 'VALUE' (aka 'unsigned __intcap') and 'VALUE'; it is not clear which should be used as the source of provenance; currently provenance is inherited from the left-hand side [-Wcheri-provenance]
../internal/numeric.h:214:39: warning: binary expression on capability types 'unsigned __intcap' and 'unsigned __intcap'; it is not clear which should be used as the source of provenance; currently provenance is inherited from the left-hand side [-Wcheri-provenance]
../numeric.c:4420:53: warning: binary expression on capability types 'VALUE' (aka 'unsigned __intcap') and 'VALUE'; it is not clear which should be used as the source of provenance; currently provenance is inherited from the left-hand side [-Wcheri-provenance]
../method.h:83:28: warning: binary expression on capability types 'VALUE' (aka 'unsigned __intcap') and 'unsigned __intcap'; it is not clear which should be used as the source of provenance; currently provenance is inherited from the left-hand side [-Wcheri-provenance]
../method.h:97:18: warning: binary expression on capability types 'VALUE' (aka 'unsigned __intcap') and 'unsigned __intcap'; it is not clear which should be used as the source of provenance; currently provenance is inherited from the left-hand side [-Wcheri-provenance]
../method.h:104:19: warning: binary expression on capability types 'VALUE' (aka 'unsigned __intcap') and 'unsigned __intcap'; it is not clear which should be used as the source of provenance; currently provenance is inherited from the left-hand side [-Wcheri-provenance]
../method.h:106:21: warning: binary expression on capability types 'VALUE' (aka 'unsigned __intcap') and 'unsigned __intcap'; it is not clear which should be used as the source of provenance; currently provenance is inherited from the left-hand side [-Wcheri-provenance]
../method.h:105:25: warning: binary expression on capability types 'unsigned __intcap' and 'unsigned __intcap'; it is not clear which should be used as the source of provenance; currently provenance is inherited from the left-hand side [-Wcheri-provenance]
../vm_core.h:1414:70: warning: binary expression on capability types 'VALUE' (aka 'unsigned __intcap') and 'VALUE'; it is not clear which should be used as the source of provenance; currently provenance is inherited from the left-hand side [-Wcheri-provenance]
../vm_core.h:1422:70: warning: binary expression on capability types 'VALUE' (aka 'unsigned __intcap') and 'VALUE'; it is not clear which should be used as the source of provenance; currently provenance is inherited from the left-hand side [-Wcheri-provenance]
../internal/bits.h:622:27: warning: binary expression on capability types 'VALUE' (aka 'unsigned __intcap') and 'VALUE'; it is not clear which should be used as the source of provenance; currently provenance is inherited from the left-hand side [-Wcheri-provenance]
../internal/bits.h:646:28: warning: binary expression on capability types 'VALUE' (aka 'unsigned __intcap') and 'VALUE'; it is not clear which should be used as the source of provenance; currently provenance is inherited from the left-hand side [-Wcheri-provenance]
../internal/numeric.h:214:39: warning: binary expression on capability types 'unsigned __intcap' and 'unsigned __intcap'; it is not clear which should be used as the source of provenance; currently provenance is inherited from the left-hand side [-Wcheri-provenance]
../object.c:155:32: warning: binary expression on capability types 'VALUE' (aka 'unsigned __intcap') and 'VALUE'; it is not clear which should be used as the source of provenance; currently provenance is inherited from the left-hand side [-Wcheri-provenance]
../object.c:155:50: warning: binary expression on capability types 'unsigned __intcap' and 'unsigned __intcap'; it is not clear which should be used as the source of provenance; currently provenance is inherited from the left-hand side [-Wcheri-provenance]
../internal/bits.h:622:27: warning: binary expression on capability types 'VALUE' (aka 'unsigned __intcap') and 'VALUE'; it is not clear which should be used as the source of provenance; currently provenance is inherited from the left-hand side [-Wcheri-provenance]
../internal/bits.h:646:28: warning: binary expression on capability types 'VALUE' (aka 'unsigned __intcap') and 'VALUE'; it is not clear which should be used as the source of provenance; currently provenance is inherited from the left-hand side [-Wcheri-provenance]
../method.h:83:28: warning: binary expression on capability types 'VALUE' (aka 'unsigned __intcap') and 'unsigned __intcap'; it is not clear which should be used as the source of provenance; currently provenance is inherited from the left-hand side [-Wcheri-provenance]
../method.h:97:18: warning: binary expression on capability types 'VALUE' (aka 'unsigned __intcap') and 'unsigned __intcap'; it is not clear which should be used as the source of provenance; currently provenance is inherited from the left-hand side [-Wcheri-provenance]
../method.h:104:19: warning: binary expression on capability types 'VALUE' (aka 'unsigned __intcap') and 'unsigned __intcap'; it is not clear which should be used as the source of provenance; currently provenance is inherited from the left-hand side [-Wcheri-provenance]
../method.h:106:21: warning: binary expression on capability types 'VALUE' (aka 'unsigned __intcap') and 'unsigned __intcap'; it is not clear which should be used as the source of provenance; currently provenance is inherited from the left-hand side [-Wcheri-provenance]
../method.h:105:25: warning: binary expression on capability types 'unsigned __intcap' and 'unsigned __intcap'; it is not clear which should be used as the source of provenance; currently provenance is inherited from the left-hand side [-Wcheri-provenance]
../vm_core.h:1414:70: warning: binary expression on capability types 'VALUE' (aka 'unsigned __intcap') and 'VALUE'; it is not clear which should be used as the source of provenance; currently provenance is inherited from the left-hand side [-Wcheri-provenance]
../vm_core.h:1422:70: warning: binary expression on capability types 'VALUE' (aka 'unsigned __intcap') and 'VALUE'; it is not clear which should be used as the source of provenance; currently provenance is inherited from the left-hand side [-Wcheri-provenance]
../internal/bits.h:622:27: warning: binary expression on capability types 'VALUE' (aka 'unsigned __intcap') and 'VALUE'; it is not clear which should be used as the source of provenance; currently provenance is inherited from the left-hand side [-Wcheri-provenance]
../internal/bits.h:646:28: warning: binary expression on capability types 'VALUE' (aka 'unsigned __intcap') and 'VALUE'; it is not clear which should be used as the source of provenance; currently provenance is inherited from the left-hand side [-Wcheri-provenance]
../internal/numeric.h:214:39: warning: binary expression on capability types 'unsigned __intcap' and 'unsigned __intcap'; it is not clear which should be used as the source of provenance; currently provenance is inherited from the left-hand side [-Wcheri-provenance]
../method.h:83:28: warning: binary expression on capability types 'VALUE' (aka 'unsigned __intcap') and 'unsigned __intcap'; it is not clear which should be used as the source of provenance; currently provenance is inherited from the left-hand side [-Wcheri-provenance]
../method.h:97:18: warning: binary expression on capability types 'VALUE' (aka 'unsigned __intcap') and 'unsigned __intcap'; it is not clear which should be used as the source of provenance; currently provenance is inherited from the left-hand side [-Wcheri-provenance]
../method.h:104:19: warning: binary expression on capability types 'VALUE' (aka 'unsigned __intcap') and 'unsigned __intcap'; it is not clear which should be used as the source of provenance; currently provenance is inherited from the left-hand side [-Wcheri-provenance]
../method.h:106:21: warning: binary expression on capability types 'VALUE' (aka 'unsigned __intcap') and 'unsigned __intcap'; it is not clear which should be used as the source of provenance; currently provenance is inherited from the left-hand side [-Wcheri-provenance]
../method.h:105:25: warning: binary expression on capability types 'unsigned __intcap' and 'unsigned __intcap'; it is not clear which should be used as the source of provenance; currently provenance is inherited from the left-hand side [-Wcheri-provenance]
../vm_core.h:1414:70: warning: binary expression on capability types 'VALUE' (aka 'unsigned __intcap') and 'VALUE'; it is not clear which should be used as the source of provenance; currently provenance is inherited from the left-hand side [-Wcheri-provenance]
../vm_core.h:1422:70: warning: binary expression on capability types 'VALUE' (aka 'unsigned __intcap') and 'VALUE'; it is not clear which should be used as the source of provenance; currently provenance is inherited from the left-hand side [-Wcheri-provenance]
parse.y:1973:29: warning: binary expression on capability types 'st_index_t' (aka 'unsigned __intcap') and 'st_index_t'; it is not clear which should be used as the source of provenance; currently provenance is inherited from the left-hand side [-Wcheri-provenance]
parse.y:13387:32: warning: binary expression on capability types 'stack_type' (aka 'unsigned __intcap') and 'stack_type'; it is not clear which should be used as the source of provenance; currently provenance is inherited from the left-hand side [-Wcheri-provenance]
parse.y:13388:57: warning: binary expression on capability types 'stack_type' (aka 'unsigned __intcap') and 'stack_type'; it is not clear which should be used as the source of provenance; currently provenance is inherited from the left-hand side [-Wcheri-provenance]
../parser_bits.h:536:27: warning: binary expression on capability types 'VALUE' (aka 'unsigned __intcap') and 'VALUE'; it is not clear which should be used as the source of provenance; currently provenance is inherited from the left-hand side [-Wcheri-provenance]
../parser_bits.h:560:28: warning: binary expression on capability types 'VALUE' (aka 'unsigned __intcap') and 'VALUE'; it is not clear which should be used as the source of provenance; currently provenance is inherited from the left-hand side [-Wcheri-provenance]
../method.h:83:28: warning: binary expression on capability types 'VALUE' (aka 'unsigned __intcap') and 'unsigned __intcap'; it is not clear which should be used as the source of provenance; currently provenance is inherited from the left-hand side [-Wcheri-provenance]
../method.h:97:18: warning: binary expression on capability types 'VALUE' (aka 'unsigned __intcap') and 'unsigned __intcap'; it is not clear which should be used as the source of provenance; currently provenance is inherited from the left-hand side [-Wcheri-provenance]
../method.h:104:19: warning: binary expression on capability types 'VALUE' (aka 'unsigned __intcap') and 'unsigned __intcap'; it is not clear which should be used as the source of provenance; currently provenance is inherited from the left-hand side [-Wcheri-provenance]
../method.h:106:21: warning: binary expression on capability types 'VALUE' (aka 'unsigned __intcap') and 'unsigned __intcap'; it is not clear which should be used as the source of provenance; currently provenance is inherited from the left-hand side [-Wcheri-provenance]
../method.h:105:25: warning: binary expression on capability types 'unsigned __intcap' and 'unsigned __intcap'; it is not clear which should be used as the source of provenance; currently provenance is inherited from the left-hand side [-Wcheri-provenance]
../vm_core.h:1414:70: warning: binary expression on capability types 'VALUE' (aka 'unsigned __intcap') and 'VALUE'; it is not clear which should be used as the source of provenance; currently provenance is inherited from the left-hand side [-Wcheri-provenance]
../vm_core.h:1422:70: warning: binary expression on capability types 'VALUE' (aka 'unsigned __intcap') and 'VALUE'; it is not clear which should be used as the source of provenance; currently provenance is inherited from the left-hand side [-Wcheri-provenance]
../proc.c:1713:16: warning: binary expression on capability types 'VALUE' (aka 'unsigned __intcap') and 'unsigned __intcap'; it is not clear which should be used as the source of provenance; currently provenance is inherited from the left-hand side [-Wcheri-provenance]
../internal/bits.h:622:27: warning: binary expression on capability types 'VALUE' (aka 'unsigned __intcap') and 'VALUE'; it is not clear which should be used as the source of provenance; currently provenance is inherited from the left-hand side [-Wcheri-provenance]
../internal/bits.h:646:28: warning: binary expression on capability types 'VALUE' (aka 'unsigned __intcap') and 'VALUE'; it is not clear which should be used as the source of provenance; currently provenance is inherited from the left-hand side [-Wcheri-provenance]
../internal/numeric.h:214:39: warning: binary expression on capability types 'unsigned __intcap' and 'unsigned __intcap'; it is not clear which should be used as the source of provenance; currently provenance is inherited from the left-hand side [-Wcheri-provenance]
../method.h:83:28: warning: binary expression on capability types 'VALUE' (aka 'unsigned __intcap') and 'unsigned __intcap'; it is not clear which should be used as the source of provenance; currently provenance is inherited from the left-hand side [-Wcheri-provenance]
../method.h:97:18: warning: binary expression on capability types 'VALUE' (aka 'unsigned __intcap') and 'unsigned __intcap'; it is not clear which should be used as the source of provenance; currently provenance is inherited from the left-hand side [-Wcheri-provenance]
../method.h:104:19: warning: binary expression on capability types 'VALUE' (aka 'unsigned __intcap') and 'unsigned __intcap'; it is not clear which should be used as the source of provenance; currently provenance is inherited from the left-hand side [-Wcheri-provenance]
../method.h:106:21: warning: binary expression on capability types 'VALUE' (aka 'unsigned __intcap') and 'unsigned __intcap'; it is not clear which should be used as the source of provenance; currently provenance is inherited from the left-hand side [-Wcheri-provenance]
../method.h:105:25: warning: binary expression on capability types 'unsigned __intcap' and 'unsigned __intcap'; it is not clear which should be used as the source of provenance; currently provenance is inherited from the left-hand side [-Wcheri-provenance]
../vm_core.h:1414:70: warning: binary expression on capability types 'VALUE' (aka 'unsigned __intcap') and 'VALUE'; it is not clear which should be used as the source of provenance; currently provenance is inherited from the left-hand side [-Wcheri-provenance]
../vm_core.h:1422:70: warning: binary expression on capability types 'VALUE' (aka 'unsigned __intcap') and 'VALUE'; it is not clear which should be used as the source of provenance; currently provenance is inherited from the left-hand side [-Wcheri-provenance]
../method.h:83:28: warning: binary expression on capability types 'VALUE' (aka 'unsigned __intcap') and 'unsigned __intcap'; it is not clear which should be used as the source of provenance; currently provenance is inherited from the left-hand side [-Wcheri-provenance]
../method.h:97:18: warning: binary expression on capability types 'VALUE' (aka 'unsigned __intcap') and 'unsigned __intcap'; it is not clear which should be used as the source of provenance; currently provenance is inherited from the left-hand side [-Wcheri-provenance]
../method.h:104:19: warning: binary expression on capability types 'VALUE' (aka 'unsigned __intcap') and 'unsigned __intcap'; it is not clear which should be used as the source of provenance; currently provenance is inherited from the left-hand side [-Wcheri-provenance]
../method.h:106:21: warning: binary expression on capability types 'VALUE' (aka 'unsigned __intcap') and 'unsigned __intcap'; it is not clear which should be used as the source of provenance; currently provenance is inherited from the left-hand side [-Wcheri-provenance]
../method.h:105:25: warning: binary expression on capability types 'unsigned __intcap' and 'unsigned __intcap'; it is not clear which should be used as the source of provenance; currently provenance is inherited from the left-hand side [-Wcheri-provenance]
../vm_core.h:1414:70: warning: binary expression on capability types 'VALUE' (aka 'unsigned __intcap') and 'VALUE'; it is not clear which should be used as the source of provenance; currently provenance is inherited from the left-hand side [-Wcheri-provenance]
../vm_core.h:1422:70: warning: binary expression on capability types 'VALUE' (aka 'unsigned __intcap') and 'VALUE'; it is not clear which should be used as the source of provenance; currently provenance is inherited from the left-hand side [-Wcheri-provenance]
../internal/bits.h:622:27: warning: binary expression on capability types 'VALUE' (aka 'unsigned __intcap') and 'VALUE'; it is not clear which should be used as the source of provenance; currently provenance is inherited from the left-hand side [-Wcheri-provenance]
../internal/bits.h:646:28: warning: binary expression on capability types 'VALUE' (aka 'unsigned __intcap') and 'VALUE'; it is not clear which should be used as the source of provenance; currently provenance is inherited from the left-hand side [-Wcheri-provenance]
../internal/numeric.h:214:39: warning: binary expression on capability types 'unsigned __intcap' and 'unsigned __intcap'; it is not clear which should be used as the source of provenance; currently provenance is inherited from the left-hand side [-Wcheri-provenance]
../ractor.c:3580:27: warning: binary expression on capability types 'VALUE' (aka 'unsigned __intcap') and 'VALUE'; it is not clear which should be used as the source of provenance; currently provenance is inherited from the left-hand side [-Wcheri-provenance]
../ractor.c:3611:30: warning: binary expression on capability types 'VALUE' (aka 'unsigned __intcap') and 'VALUE'; it is not clear which should be used as the source of provenance; currently provenance is inherited from the left-hand side [-Wcheri-provenance]
../ractor.c:3611:57: warning: binary expression on capability types 'VALUE' (aka 'unsigned __intcap') and 'VALUE'; it is not clear which should be used as the source of provenance; currently provenance is inherited from the left-hand side [-Wcheri-provenance]
../ractor.c:3611:43: warning: binary expression on capability types 'unsigned __intcap' and 'unsigned __intcap'; it is not clear which should be used as the source of provenance; currently provenance is inherited from the left-hand side [-Wcheri-provenance]
../internal/bits.h:622:27: warning: binary expression on capability types 'VALUE' (aka 'unsigned __intcap') and 'VALUE'; it is not clear which should be used as the source of provenance; currently provenance is inherited from the left-hand side [-Wcheri-provenance]
../internal/bits.h:646:28: warning: binary expression on capability types 'VALUE' (aka 'unsigned __intcap') and 'VALUE'; it is not clear which should be used as the source of provenance; currently provenance is inherited from the left-hand side [-Wcheri-provenance]
../internal/numeric.h:214:39: warning: binary expression on capability types 'unsigned __intcap' and 'unsigned __intcap'; it is not clear which should be used as the source of provenance; currently provenance is inherited from the left-hand side [-Wcheri-provenance]
../method.h:83:28: warning: binary expression on capability types 'VALUE' (aka 'unsigned __intcap') and 'unsigned __intcap'; it is not clear which should be used as the source of provenance; currently provenance is inherited from the left-hand side [-Wcheri-provenance]
../method.h:97:18: warning: binary expression on capability types 'VALUE' (aka 'unsigned __intcap') and 'unsigned __intcap'; it is not clear which should be used as the source of provenance; currently provenance is inherited from the left-hand side [-Wcheri-provenance]
../method.h:104:19: warning: binary expression on capability types 'VALUE' (aka 'unsigned __intcap') and 'unsigned __intcap'; it is not clear which should be used as the source of provenance; currently provenance is inherited from the left-hand side [-Wcheri-provenance]
../method.h:106:21: warning: binary expression on capability types 'VALUE' (aka 'unsigned __intcap') and 'unsigned __intcap'; it is not clear which should be used as the source of provenance; currently provenance is inherited from the left-hand side [-Wcheri-provenance]
../method.h:105:25: warning: binary expression on capability types 'unsigned __intcap' and 'unsigned __intcap'; it is not clear which should be used as the source of provenance; currently provenance is inherited from the left-hand side [-Wcheri-provenance]
../vm_core.h:1414:70: warning: binary expression on capability types 'VALUE' (aka 'unsigned __intcap') and 'VALUE'; it is not clear which should be used as the source of provenance; currently provenance is inherited from the left-hand side [-Wcheri-provenance]
../vm_core.h:1422:70: warning: binary expression on capability types 'VALUE' (aka 'unsigned __intcap') and 'VALUE'; it is not clear which should be used as the source of provenance; currently provenance is inherited from the left-hand side [-Wcheri-provenance]
../random.c:1748:45: warning: binary expression on capability types 'st_index_t' (aka 'unsigned __intcap') and 'st_index_t'; it is not clear which should be used as the source of provenance; currently provenance is inherited from the left-hand side [-Wcheri-provenance]
../internal/bits.h:622:27: warning: binary expression on capability types 'VALUE' (aka 'unsigned __intcap') and 'VALUE'; it is not clear which should be used as the source of provenance; currently provenance is inherited from the left-hand side [-Wcheri-provenance]
../internal/bits.h:646:28: warning: binary expression on capability types 'VALUE' (aka 'unsigned __intcap') and 'VALUE'; it is not clear which should be used as the source of provenance; currently provenance is inherited from the left-hand side [-Wcheri-provenance]
../internal/numeric.h:214:39: warning: binary expression on capability types 'unsigned __intcap' and 'unsigned __intcap'; it is not clear which should be used as the source of provenance; currently provenance is inherited from the left-hand side [-Wcheri-provenance]
../method.h:83:28: warning: binary expression on capability types 'VALUE' (aka 'unsigned __intcap') and 'unsigned __intcap'; it is not clear which should be used as the source of provenance; currently provenance is inherited from the left-hand side [-Wcheri-provenance]
../method.h:97:18: warning: binary expression on capability types 'VALUE' (aka 'unsigned __intcap') and 'unsigned __intcap'; it is not clear which should be used as the source of provenance; currently provenance is inherited from the left-hand side [-Wcheri-provenance]
../method.h:104:19: warning: binary expression on capability types 'VALUE' (aka 'unsigned __intcap') and 'unsigned __intcap'; it is not clear which should be used as the source of provenance; currently provenance is inherited from the left-hand side [-Wcheri-provenance]
../method.h:106:21: warning: binary expression on capability types 'VALUE' (aka 'unsigned __intcap') and 'unsigned __intcap'; it is not clear which should be used as the source of provenance; currently provenance is inherited from the left-hand side [-Wcheri-provenance]
../method.h:105:25: warning: binary expression on capability types 'unsigned __intcap' and 'unsigned __intcap'; it is not clear which should be used as the source of provenance; currently provenance is inherited from the left-hand side [-Wcheri-provenance]
../vm_core.h:1414:70: warning: binary expression on capability types 'VALUE' (aka 'unsigned __intcap') and 'VALUE'; it is not clear which should be used as the source of provenance; currently provenance is inherited from the left-hand side [-Wcheri-provenance]
../vm_core.h:1422:70: warning: binary expression on capability types 'VALUE' (aka 'unsigned __intcap') and 'VALUE'; it is not clear which should be used as the source of provenance; currently provenance is inherited from the left-hand side [-Wcheri-provenance]
../internal/bits.h:622:27: warning: binary expression on capability types 'VALUE' (aka 'unsigned __intcap') and 'VALUE'; it is not clear which should be used as the source of provenance; currently provenance is inherited from the left-hand side [-Wcheri-provenance]
../internal/bits.h:646:28: warning: binary expression on capability types 'VALUE' (aka 'unsigned __intcap') and 'VALUE'; it is not clear which should be used as the source of provenance; currently provenance is inherited from the left-hand side [-Wcheri-provenance]
../internal/numeric.h:214:39: warning: binary expression on capability types 'unsigned __intcap' and 'unsigned __intcap'; it is not clear which should be used as the source of provenance; currently provenance is inherited from the left-hand side [-Wcheri-provenance]
../internal/bits.h:622:27: warning: binary expression on capability types 'VALUE' (aka 'unsigned __intcap') and 'VALUE'; it is not clear which should be used as the source of provenance; currently provenance is inherited from the left-hand side [-Wcheri-provenance]
../internal/bits.h:646:28: warning: binary expression on capability types 'VALUE' (aka 'unsigned __intcap') and 'VALUE'; it is not clear which should be used as the source of provenance; currently provenance is inherited from the left-hand side [-Wcheri-provenance]
../method.h:83:28: warning: binary expression on capability types 'VALUE' (aka 'unsigned __intcap') and 'unsigned __intcap'; it is not clear which should be used as the source of provenance; currently provenance is inherited from the left-hand side [-Wcheri-provenance]
../method.h:97:18: warning: binary expression on capability types 'VALUE' (aka 'unsigned __intcap') and 'unsigned __intcap'; it is not clear which should be used as the source of provenance; currently provenance is inherited from the left-hand side [-Wcheri-provenance]
../method.h:104:19: warning: binary expression on capability types 'VALUE' (aka 'unsigned __intcap') and 'unsigned __intcap'; it is not clear which should be used as the source of provenance; currently provenance is inherited from the left-hand side [-Wcheri-provenance]
../method.h:106:21: warning: binary expression on capability types 'VALUE' (aka 'unsigned __intcap') and 'unsigned __intcap'; it is not clear which should be used as the source of provenance; currently provenance is inherited from the left-hand side [-Wcheri-provenance]
../method.h:105:25: warning: binary expression on capability types 'unsigned __intcap' and 'unsigned __intcap'; it is not clear which should be used as the source of provenance; currently provenance is inherited from the left-hand side [-Wcheri-provenance]
../vm_core.h:1414:70: warning: binary expression on capability types 'VALUE' (aka 'unsigned __intcap') and 'VALUE'; it is not clear which should be used as the source of provenance; currently provenance is inherited from the left-hand side [-Wcheri-provenance]
../vm_core.h:1422:70: warning: binary expression on capability types 'VALUE' (aka 'unsigned __intcap') and 'VALUE'; it is not clear which should be used as the source of provenance; currently provenance is inherited from the left-hand side [-Wcheri-provenance]
../regparse.c:412:14: warning: binary expression on capability types 'st_index_t' (aka 'unsigned __intcap') and 'st_index_t'; it is not clear which should be used as the source of provenance; currently provenance is inherited from the left-hand side [-Wcheri-provenance]
../method.h:83:28: warning: binary expression on capability types 'VALUE' (aka 'unsigned __intcap') and 'unsigned __intcap'; it is not clear which should be used as the source of provenance; currently provenance is inherited from the left-hand side [-Wcheri-provenance]
../method.h:97:18: warning: binary expression on capability types 'VALUE' (aka 'unsigned __intcap') and 'unsigned __intcap'; it is not clear which should be used as the source of provenance; currently provenance is inherited from the left-hand side [-Wcheri-provenance]
../method.h:104:19: warning: binary expression on capability types 'VALUE' (aka 'unsigned __intcap') and 'unsigned __intcap'; it is not clear which should be used as the source of provenance; currently provenance is inherited from the left-hand side [-Wcheri-provenance]
../method.h:106:21: warning: binary expression on capability types 'VALUE' (aka 'unsigned __intcap') and 'unsigned __intcap'; it is not clear which should be used as the source of provenance; currently provenance is inherited from the left-hand side [-Wcheri-provenance]
../method.h:105:25: warning: binary expression on capability types 'unsigned __intcap' and 'unsigned __intcap'; it is not clear which should be used as the source of provenance; currently provenance is inherited from the left-hand side [-Wcheri-provenance]
../vm_core.h:1414:70: warning: binary expression on capability types 'VALUE' (aka 'unsigned __intcap') and 'VALUE'; it is not clear which should be used as the source of provenance; currently provenance is inherited from the left-hand side [-Wcheri-provenance]
../vm_core.h:1422:70: warning: binary expression on capability types 'VALUE' (aka 'unsigned __intcap') and 'VALUE'; it is not clear which should be used as the source of provenance; currently provenance is inherited from the left-hand side [-Wcheri-provenance]
../internal/bits.h:622:27: warning: binary expression on capability types 'VALUE' (aka 'unsigned __intcap') and 'VALUE'; it is not clear which should be used as the source of provenance; currently provenance is inherited from the left-hand side [-Wcheri-provenance]
../internal/bits.h:646:28: warning: binary expression on capability types 'VALUE' (aka 'unsigned __intcap') and 'VALUE'; it is not clear which should be used as the source of provenance; currently provenance is inherited from the left-hand side [-Wcheri-provenance]
../internal/numeric.h:214:39: warning: binary expression on capability types 'unsigned __intcap' and 'unsigned __intcap'; it is not clear which should be used as the source of provenance; currently provenance is inherited from the left-hand side [-Wcheri-provenance]
../internal/bits.h:622:27: warning: binary expression on capability types 'VALUE' (aka 'unsigned __intcap') and 'VALUE'; it is not clear which should be used as the source of provenance; currently provenance is inherited from the left-hand side [-Wcheri-provenance]
../internal/bits.h:646:28: warning: binary expression on capability types 'VALUE' (aka 'unsigned __intcap') and 'VALUE'; it is not clear which should be used as the source of provenance; currently provenance is inherited from the left-hand side [-Wcheri-provenance]
../internal/numeric.h:214:39: warning: binary expression on capability types 'unsigned __intcap' and 'unsigned __intcap'; it is not clear which should be used as the source of provenance; currently provenance is inherited from the left-hand side [-Wcheri-provenance]
../method.h:83:28: warning: binary expression on capability types 'VALUE' (aka 'unsigned __intcap') and 'unsigned __intcap'; it is not clear which should be used as the source of provenance; currently provenance is inherited from the left-hand side [-Wcheri-provenance]
../method.h:97:18: warning: binary expression on capability types 'VALUE' (aka 'unsigned __intcap') and 'unsigned __intcap'; it is not clear which should be used as the source of provenance; currently provenance is inherited from the left-hand side [-Wcheri-provenance]
../method.h:104:19: warning: binary expression on capability types 'VALUE' (aka 'unsigned __intcap') and 'unsigned __intcap'; it is not clear which should be used as the source of provenance; currently provenance is inherited from the left-hand side [-Wcheri-provenance]
../method.h:106:21: warning: binary expression on capability types 'VALUE' (aka 'unsigned __intcap') and 'unsigned __intcap'; it is not clear which should be used as the source of provenance; currently provenance is inherited from the left-hand side [-Wcheri-provenance]
../method.h:105:25: warning: binary expression on capability types 'unsigned __intcap' and 'unsigned __intcap'; it is not clear which should be used as the source of provenance; currently provenance is inherited from the left-hand side [-Wcheri-provenance]
../vm_core.h:1414:70: warning: binary expression on capability types 'VALUE' (aka 'unsigned __intcap') and 'VALUE'; it is not clear which should be used as the source of provenance; currently provenance is inherited from the left-hand side [-Wcheri-provenance]
../vm_core.h:1422:70: warning: binary expression on capability types 'VALUE' (aka 'unsigned __intcap') and 'VALUE'; it is not clear which should be used as the source of provenance; currently provenance is inherited from the left-hand side [-Wcheri-provenance]
../method.h:83:28: warning: binary expression on capability types 'VALUE' (aka 'unsigned __intcap') and 'unsigned __intcap'; it is not clear which should be used as the source of provenance; currently provenance is inherited from the left-hand side [-Wcheri-provenance]
../method.h:97:18: warning: binary expression on capability types 'VALUE' (aka 'unsigned __intcap') and 'unsigned __intcap'; it is not clear which should be used as the source of provenance; currently provenance is inherited from the left-hand side [-Wcheri-provenance]
../method.h:104:19: warning: binary expression on capability types 'VALUE' (aka 'unsigned __intcap') and 'unsigned __intcap'; it is not clear which should be used as the source of provenance; currently provenance is inherited from the left-hand side [-Wcheri-provenance]
../method.h:106:21: warning: binary expression on capability types 'VALUE' (aka 'unsigned __intcap') and 'unsigned __intcap'; it is not clear which should be used as the source of provenance; currently provenance is inherited from the left-hand side [-Wcheri-provenance]
../method.h:105:25: warning: binary expression on capability types 'unsigned __intcap' and 'unsigned __intcap'; it is not clear which should be used as the source of provenance; currently provenance is inherited from the left-hand side [-Wcheri-provenance]
../vm_core.h:1414:70: warning: binary expression on capability types 'VALUE' (aka 'unsigned __intcap') and 'VALUE'; it is not clear which should be used as the source of provenance; currently provenance is inherited from the left-hand side [-Wcheri-provenance]
../vm_core.h:1422:70: warning: binary expression on capability types 'VALUE' (aka 'unsigned __intcap') and 'VALUE'; it is not clear which should be used as the source of provenance; currently provenance is inherited from the left-hand side [-Wcheri-provenance]
../method.h:83:28: warning: binary expression on capability types 'VALUE' (aka 'unsigned __intcap') and 'unsigned __intcap'; it is not clear which should be used as the source of provenance; currently provenance is inherited from the left-hand side [-Wcheri-provenance]
../method.h:97:18: warning: binary expression on capability types 'VALUE' (aka 'unsigned __intcap') and 'unsigned __intcap'; it is not clear which should be used as the source of provenance; currently provenance is inherited from the left-hand side [-Wcheri-provenance]
../method.h:104:19: warning: binary expression on capability types 'VALUE' (aka 'unsigned __intcap') and 'unsigned __intcap'; it is not clear which should be used as the source of provenance; currently provenance is inherited from the left-hand side [-Wcheri-provenance]
../method.h:106:21: warning: binary expression on capability types 'VALUE' (aka 'unsigned __intcap') and 'unsigned __intcap'; it is not clear which should be used as the source of provenance; currently provenance is inherited from the left-hand side [-Wcheri-provenance]
../method.h:105:25: warning: binary expression on capability types 'unsigned __intcap' and 'unsigned __intcap'; it is not clear which should be used as the source of provenance; currently provenance is inherited from the left-hand side [-Wcheri-provenance]
../vm_core.h:1414:70: warning: binary expression on capability types 'VALUE' (aka 'unsigned __intcap') and 'VALUE'; it is not clear which should be used as the source of provenance; currently provenance is inherited from the left-hand side [-Wcheri-provenance]
../vm_core.h:1422:70: warning: binary expression on capability types 'VALUE' (aka 'unsigned __intcap') and 'VALUE'; it is not clear which should be used as the source of provenance; currently provenance is inherited from the left-hand side [-Wcheri-provenance]
../internal/bits.h:622:27: warning: binary expression on capability types 'VALUE' (aka 'unsigned __intcap') and 'VALUE'; it is not clear which should be used as the source of provenance; currently provenance is inherited from the left-hand side [-Wcheri-provenance]
../internal/bits.h:646:28: warning: binary expression on capability types 'VALUE' (aka 'unsigned __intcap') and 'VALUE'; it is not clear which should be used as the source of provenance; currently provenance is inherited from the left-hand side [-Wcheri-provenance]
../internal/numeric.h:214:39: warning: binary expression on capability types 'unsigned __intcap' and 'unsigned __intcap'; it is not clear which should be used as the source of provenance; currently provenance is inherited from the left-hand side [-Wcheri-provenance]
../internal/bits.h:622:27: warning: binary expression on capability types 'VALUE' (aka 'unsigned __intcap') and 'VALUE'; it is not clear which should be used as the source of provenance; currently provenance is inherited from the left-hand side [-Wcheri-provenance]
../internal/bits.h:646:28: warning: binary expression on capability types 'VALUE' (aka 'unsigned __intcap') and 'VALUE'; it is not clear which should be used as the source of provenance; currently provenance is inherited from the left-hand side [-Wcheri-provenance]
../st.c:449:23: warning: binary expression on capability types 'st_hash_t' (aka 'unsigned __intcap') and 'st_index_t' (aka 'unsigned __intcap'); it is not clear which should be used as the source of provenance; currently provenance is inherited from the left-hand side [-Wcheri-provenance]
../st.c:672:12: warning: binary expression on capability types 'unsigned __intcap' and 'unsigned __intcap'; it is not clear which should be used as the source of provenance; currently provenance is inherited from the left-hand side [-Wcheri-provenance]
../st.c:826:22: warning: binary expression on capability types 'st_index_t' (aka 'unsigned __intcap') and 'st_index_t'; it is not clear which should be used as the source of provenance; currently provenance is inherited from the left-hand side [-Wcheri-provenance]
../st.c:826:28: warning: binary expression on capability types 'unsigned __intcap' and 'st_index_t' (aka 'unsigned __intcap'); it is not clear which should be used as the source of provenance; currently provenance is inherited from the left-hand side [-Wcheri-provenance]
../st.c:1774:10: warning: binary expression on capability types 'st_index_t' (aka 'unsigned __intcap') and 'st_index_t'; it is not clear which should be used as the source of provenance; currently provenance is inherited from the left-hand side [-Wcheri-provenance]
../st.c:1776:9: warning: binary expression on capability types 'st_index_t' (aka 'unsigned __intcap') and 'st_index_t'; it is not clear which should be used as the source of provenance; currently provenance is inherited from the left-hand side [-Wcheri-provenance]
../st.c:1872:31: warning: binary expression on capability types 'st_index_t' (aka 'unsigned __intcap') and 'st_index_t'; it is not clear which should be used as the source of provenance; currently provenance is inherited from the left-hand side [-Wcheri-provenance]
../st.c:1896:27: warning: binary expression on capability types 'st_index_t' (aka 'unsigned __intcap') and 'st_index_t'; it is not clear which should be used as the source of provenance; currently provenance is inherited from the left-hand side [-Wcheri-provenance]
../st.c:1951:22: warning: binary expression on capability types 'st_index_t' (aka 'unsigned __intcap') and 'st_index_t'; it is not clear which should be used as the source of provenance; currently provenance is inherited from the left-hand side [-Wcheri-provenance]
../st.c:2098:31: warning: binary expression on capability types 'st_data_t' (aka 'unsigned __intcap') and 'st_data_t'; it is not clear which should be used as the source of provenance; currently provenance is inherited from the left-hand side [-Wcheri-provenance]
../st.c:2098:41: warning: binary expression on capability types 'unsigned __intcap' and 'st_data_t' (aka 'unsigned __intcap'); it is not clear which should be used as the source of provenance; currently provenance is inherited from the left-hand side [-Wcheri-provenance]
../st.c:2300:28: warning: binary expression on capability types 'st_index_t' (aka 'unsigned __intcap') and 'st_index_t'; it is not clear which should be used as the source of provenance; currently provenance is inherited from the left-hand side [-Wcheri-provenance]
../method.h:83:28: warning: binary expression on capability types 'VALUE' (aka 'unsigned __intcap') and 'unsigned __intcap'; it is not clear which should be used as the source of provenance; currently provenance is inherited from the left-hand side [-Wcheri-provenance]
../method.h:97:18: warning: binary expression on capability types 'VALUE' (aka 'unsigned __intcap') and 'unsigned __intcap'; it is not clear which should be used as the source of provenance; currently provenance is inherited from the left-hand side [-Wcheri-provenance]
../method.h:104:19: warning: binary expression on capability types 'VALUE' (aka 'unsigned __intcap') and 'unsigned __intcap'; it is not clear which should be used as the source of provenance; currently provenance is inherited from the left-hand side [-Wcheri-provenance]
../method.h:106:21: warning: binary expression on capability types 'VALUE' (aka 'unsigned __intcap') and 'unsigned __intcap'; it is not clear which should be used as the source of provenance; currently provenance is inherited from the left-hand side [-Wcheri-provenance]
../method.h:105:25: warning: binary expression on capability types 'unsigned __intcap' and 'unsigned __intcap'; it is not clear which should be used as the source of provenance; currently provenance is inherited from the left-hand side [-Wcheri-provenance]
../vm_core.h:1414:70: warning: binary expression on capability types 'VALUE' (aka 'unsigned __intcap') and 'VALUE'; it is not clear which should be used as the source of provenance; currently provenance is inherited from the left-hand side [-Wcheri-provenance]
../vm_core.h:1422:70: warning: binary expression on capability types 'VALUE' (aka 'unsigned __intcap') and 'VALUE'; it is not clear which should be used as the source of provenance; currently provenance is inherited from the left-hand side [-Wcheri-provenance]
../internal/bits.h:622:27: warning: binary expression on capability types 'VALUE' (aka 'unsigned __intcap') and 'VALUE'; it is not clear which should be used as the source of provenance; currently provenance is inherited from the left-hand side [-Wcheri-provenance]
../internal/bits.h:646:28: warning: binary expression on capability types 'VALUE' (aka 'unsigned __intcap') and 'VALUE'; it is not clear which should be used as the source of provenance; currently provenance is inherited from the left-hand side [-Wcheri-provenance]
../internal/numeric.h:214:39: warning: binary expression on capability types 'unsigned __intcap' and 'unsigned __intcap'; it is not clear which should be used as the source of provenance; currently provenance is inherited from the left-hand side [-Wcheri-provenance]
../string.c:524:50: warning: binary expression on capability types 'unsigned __intcap' and 'unsigned __intcap'; it is not clear which should be used as the source of provenance; currently provenance is inherited from the left-hand side [-Wcheri-provenance]
../string.c:984:36: warning: binary expression on capability types 'unsigned __intcap' and 'unsigned __intcap'; it is not clear which should be used as the source of provenance; currently provenance is inherited from the left-hand side [-Wcheri-provenance]
../string.c:984:36: warning: binary expression on capability types 'unsigned __intcap' and 'unsigned __intcap'; it is not clear which should be used as the source of provenance; currently provenance is inherited from the left-hand side [-Wcheri-provenance]
../string.c:1833:36: warning: binary expression on capability types 'unsigned __intcap' and 'unsigned __intcap'; it is not clear which should be used as the source of provenance; currently provenance is inherited from the left-hand side [-Wcheri-provenance]
../string.c:1833:36: warning: binary expression on capability types 'unsigned __intcap' and 'unsigned __intcap'; it is not clear which should be used as the source of provenance; currently provenance is inherited from the left-hand side [-Wcheri-provenance]
../string.c:2158:16: warning: binary expression on capability types 'uintptr_t' (aka 'unsigned __intcap') and 'uintptr_t'; it is not clear which should be used as the source of provenance; currently provenance is inherited from the left-hand side [-Wcheri-provenance]
../string.c:2192:61: warning: binary expression on capability types 'uintptr_t' (aka 'unsigned __intcap') and 'uintptr_t'; it is not clear which should be used as the source of provenance; currently provenance is inherited from the left-hand side [-Wcheri-provenance]
../string.c:2192:45: warning: binary expression on capability types 'uintptr_t' (aka 'unsigned __intcap') and 'unsigned __intcap'; it is not clear which should be used as the source of provenance; currently provenance is inherited from the left-hand side [-Wcheri-provenance]
../string.c:2193:45: warning: binary expression on capability types 'uintptr_t' (aka 'unsigned __intcap') and 'uintptr_t'; it is not clear which should be used as the source of provenance; currently provenance is inherited from the left-hand side [-Wcheri-provenance]
../string.c:2572:37: warning: binary expression on capability types 'unsigned __intcap' and 'unsigned __intcap'; it is not clear which should be used as the source of provenance; currently provenance is inherited from the left-hand side [-Wcheri-provenance]
../string.c:2598:37: warning: binary expression on capability types 'unsigned __intcap' and 'unsigned __intcap'; it is not clear which should be used as the source of provenance; currently provenance is inherited from the left-hand side [-Wcheri-provenance]
../string.c:2968:57: warning: binary expression on capability types 'uintptr_t' (aka 'unsigned __intcap') and 'uintptr_t'; it is not clear which should be used as the source of provenance; currently provenance is inherited from the left-hand side [-Wcheri-provenance]
../string.c:2968:41: warning: binary expression on capability types 'uintptr_t' (aka 'unsigned __intcap') and 'unsigned __intcap'; it is not clear which should be used as the source of provenance; currently provenance is inherited from the left-hand side [-Wcheri-provenance]
../string.c:2969:41: warning: binary expression on capability types 'uintptr_t' (aka 'unsigned __intcap') and 'uintptr_t'; it is not clear which should be used as the source of provenance; currently provenance is inherited from the left-hand side [-Wcheri-provenance]
../method.h:83:28: warning: binary expression on capability types 'VALUE' (aka 'unsigned __intcap') and 'unsigned __intcap'; it is not clear which should be used as the source of provenance; currently provenance is inherited from the left-hand side [-Wcheri-provenance]
../method.h:97:18: warning: binary expression on capability types 'VALUE' (aka 'unsigned __intcap') and 'unsigned __intcap'; it is not clear which should be used as the source of provenance; currently provenance is inherited from the left-hand side [-Wcheri-provenance]
../method.h:104:19: warning: binary expression on capability types 'VALUE' (aka 'unsigned __intcap') and 'unsigned __intcap'; it is not clear which should be used as the source of provenance; currently provenance is inherited from the left-hand side [-Wcheri-provenance]
../method.h:106:21: warning: binary expression on capability types 'VALUE' (aka 'unsigned __intcap') and 'unsigned __intcap'; it is not clear which should be used as the source of provenance; currently provenance is inherited from the left-hand side [-Wcheri-provenance]
../method.h:105:25: warning: binary expression on capability types 'unsigned __intcap' and 'unsigned __intcap'; it is not clear which should be used as the source of provenance; currently provenance is inherited from the left-hand side [-Wcheri-provenance]
../vm_core.h:1414:70: warning: binary expression on capability types 'VALUE' (aka 'unsigned __intcap') and 'VALUE'; it is not clear which should be used as the source of provenance; currently provenance is inherited from the left-hand side [-Wcheri-provenance]
../vm_core.h:1422:70: warning: binary expression on capability types 'VALUE' (aka 'unsigned __intcap') and 'VALUE'; it is not clear which should be used as the source of provenance; currently provenance is inherited from the left-hand side [-Wcheri-provenance]
../method.h:83:28: warning: binary expression on capability types 'VALUE' (aka 'unsigned __intcap') and 'unsigned __intcap'; it is not clear which should be used as the source of provenance; currently provenance is inherited from the left-hand side [-Wcheri-provenance]
../method.h:97:18: warning: binary expression on capability types 'VALUE' (aka 'unsigned __intcap') and 'unsigned __intcap'; it is not clear which should be used as the source of provenance; currently provenance is inherited from the left-hand side [-Wcheri-provenance]
../method.h:104:19: warning: binary expression on capability types 'VALUE' (aka 'unsigned __intcap') and 'unsigned __intcap'; it is not clear which should be used as the source of provenance; currently provenance is inherited from the left-hand side [-Wcheri-provenance]
../method.h:106:21: warning: binary expression on capability types 'VALUE' (aka 'unsigned __intcap') and 'unsigned __intcap'; it is not clear which should be used as the source of provenance; currently provenance is inherited from the left-hand side [-Wcheri-provenance]
../method.h:105:25: warning: binary expression on capability types 'unsigned __intcap' and 'unsigned __intcap'; it is not clear which should be used as the source of provenance; currently provenance is inherited from the left-hand side [-Wcheri-provenance]
../vm_core.h:1414:70: warning: binary expression on capability types 'VALUE' (aka 'unsigned __intcap') and 'VALUE'; it is not clear which should be used as the source of provenance; currently provenance is inherited from the left-hand side [-Wcheri-provenance]
../vm_core.h:1422:70: warning: binary expression on capability types 'VALUE' (aka 'unsigned __intcap') and 'VALUE'; it is not clear which should be used as the source of provenance; currently provenance is inherited from the left-hand side [-Wcheri-provenance]
../method.h:83:28: warning: binary expression on capability types 'VALUE' (aka 'unsigned __intcap') and 'unsigned __intcap'; it is not clear which should be used as the source of provenance; currently provenance is inherited from the left-hand side [-Wcheri-provenance]
../method.h:97:18: warning: binary expression on capability types 'VALUE' (aka 'unsigned __intcap') and 'unsigned __intcap'; it is not clear which should be used as the source of provenance; currently provenance is inherited from the left-hand side [-Wcheri-provenance]
../method.h:104:19: warning: binary expression on capability types 'VALUE' (aka 'unsigned __intcap') and 'unsigned __intcap'; it is not clear which should be used as the source of provenance; currently provenance is inherited from the left-hand side [-Wcheri-provenance]
../method.h:106:21: warning: binary expression on capability types 'VALUE' (aka 'unsigned __intcap') and 'unsigned __intcap'; it is not clear which should be used as the source of provenance; currently provenance is inherited from the left-hand side [-Wcheri-provenance]
../method.h:105:25: warning: binary expression on capability types 'unsigned __intcap' and 'unsigned __intcap'; it is not clear which should be used as the source of provenance; currently provenance is inherited from the left-hand side [-Wcheri-provenance]
../vm_core.h:1414:70: warning: binary expression on capability types 'VALUE' (aka 'unsigned __intcap') and 'VALUE'; it is not clear which should be used as the source of provenance; currently provenance is inherited from the left-hand side [-Wcheri-provenance]
../vm_core.h:1422:70: warning: binary expression on capability types 'VALUE' (aka 'unsigned __intcap') and 'VALUE'; it is not clear which should be used as the source of provenance; currently provenance is inherited from the left-hand side [-Wcheri-provenance]
../internal/bits.h:622:27: warning: binary expression on capability types 'VALUE' (aka 'unsigned __intcap') and 'VALUE'; it is not clear which should be used as the source of provenance; currently provenance is inherited from the left-hand side [-Wcheri-provenance]
../internal/bits.h:646:28: warning: binary expression on capability types 'VALUE' (aka 'unsigned __intcap') and 'VALUE'; it is not clear which should be used as the source of provenance; currently provenance is inherited from the left-hand side [-Wcheri-provenance]
../thread.c:5010:31: warning: binary expression on capability types 'unsigned __intcap' and 'unsigned __intcap'; it is not clear which should be used as the source of provenance; currently provenance is inherited from the left-hand side [-Wcheri-provenance]
../thread.c:5018:13: warning: binary expression on capability types 'unsigned __intcap' and 'unsigned __intcap'; it is not clear which should be used as the source of provenance; currently provenance is inherited from the left-hand side [-Wcheri-provenance]
../thread.c:5020:26: warning: binary expression on capability types 'unsigned __intcap' and 'unsigned __intcap'; it is not clear which should be used as the source of provenance; currently provenance is inherited from the left-hand side [-Wcheri-provenance]
../thread.c:5030:26: warning: binary expression on capability types 'unsigned __intcap' and 'unsigned __intcap'; it is not clear which should be used as the source of provenance; currently provenance is inherited from the left-hand side [-Wcheri-provenance]
../internal/bits.h:622:27: warning: binary expression on capability types 'VALUE' (aka 'unsigned __intcap') and 'VALUE'; it is not clear which should be used as the source of provenance; currently provenance is inherited from the left-hand side [-Wcheri-provenance]
../internal/bits.h:646:28: warning: binary expression on capability types 'VALUE' (aka 'unsigned __intcap') and 'VALUE'; it is not clear which should be used as the source of provenance; currently provenance is inherited from the left-hand side [-Wcheri-provenance]
../internal/numeric.h:214:39: warning: binary expression on capability types 'unsigned __intcap' and 'unsigned __intcap'; it is not clear which should be used as the source of provenance; currently provenance is inherited from the left-hand side [-Wcheri-provenance]
../method.h:83:28: warning: binary expression on capability types 'VALUE' (aka 'unsigned __intcap') and 'unsigned __intcap'; it is not clear which should be used as the source of provenance; currently provenance is inherited from the left-hand side [-Wcheri-provenance]
../method.h:97:18: warning: binary expression on capability types 'VALUE' (aka 'unsigned __intcap') and 'unsigned __intcap'; it is not clear which should be used as the source of provenance; currently provenance is inherited from the left-hand side [-Wcheri-provenance]
../method.h:104:19: warning: binary expression on capability types 'VALUE' (aka 'unsigned __intcap') and 'unsigned __intcap'; it is not clear which should be used as the source of provenance; currently provenance is inherited from the left-hand side [-Wcheri-provenance]
../method.h:106:21: warning: binary expression on capability types 'VALUE' (aka 'unsigned __intcap') and 'unsigned __intcap'; it is not clear which should be used as the source of provenance; currently provenance is inherited from the left-hand side [-Wcheri-provenance]
../method.h:105:25: warning: binary expression on capability types 'unsigned __intcap' and 'unsigned __intcap'; it is not clear which should be used as the source of provenance; currently provenance is inherited from the left-hand side [-Wcheri-provenance]
../vm_core.h:1414:70: warning: binary expression on capability types 'VALUE' (aka 'unsigned __intcap') and 'VALUE'; it is not clear which should be used as the source of provenance; currently provenance is inherited from the left-hand side [-Wcheri-provenance]
../vm_core.h:1422:70: warning: binary expression on capability types 'VALUE' (aka 'unsigned __intcap') and 'VALUE'; it is not clear which should be used as the source of provenance; currently provenance is inherited from the left-hand side [-Wcheri-provenance]
../method.h:83:28: warning: binary expression on capability types 'VALUE' (aka 'unsigned __intcap') and 'unsigned __intcap'; it is not clear which should be used as the source of provenance; currently provenance is inherited from the left-hand side [-Wcheri-provenance]
../method.h:97:18: warning: binary expression on capability types 'VALUE' (aka 'unsigned __intcap') and 'unsigned __intcap'; it is not clear which should be used as the source of provenance; currently provenance is inherited from the left-hand side [-Wcheri-provenance]
../method.h:104:19: warning: binary expression on capability types 'VALUE' (aka 'unsigned __intcap') and 'unsigned __intcap'; it is not clear which should be used as the source of provenance; currently provenance is inherited from the left-hand side [-Wcheri-provenance]
../method.h:106:21: warning: binary expression on capability types 'VALUE' (aka 'unsigned __intcap') and 'unsigned __intcap'; it is not clear which should be used as the source of provenance; currently provenance is inherited from the left-hand side [-Wcheri-provenance]
../method.h:105:25: warning: binary expression on capability types 'unsigned __intcap' and 'unsigned __intcap'; it is not clear which should be used as the source of provenance; currently provenance is inherited from the left-hand side [-Wcheri-provenance]
../vm_core.h:1414:70: warning: binary expression on capability types 'VALUE' (aka 'unsigned __intcap') and 'VALUE'; it is not clear which should be used as the source of provenance; currently provenance is inherited from the left-hand side [-Wcheri-provenance]
../vm_core.h:1422:70: warning: binary expression on capability types 'VALUE' (aka 'unsigned __intcap') and 'VALUE'; it is not clear which should be used as the source of provenance; currently provenance is inherited from the left-hand side [-Wcheri-provenance]
../method.h:83:28: warning: binary expression on capability types 'VALUE' (aka 'unsigned __intcap') and 'unsigned __intcap'; it is not clear which should be used as the source of provenance; currently provenance is inherited from the left-hand side [-Wcheri-provenance]
../method.h:97:18: warning: binary expression on capability types 'VALUE' (aka 'unsigned __intcap') and 'unsigned __intcap'; it is not clear which should be used as the source of provenance; currently provenance is inherited from the left-hand side [-Wcheri-provenance]
../method.h:104:19: warning: binary expression on capability types 'VALUE' (aka 'unsigned __intcap') and 'unsigned __intcap'; it is not clear which should be used as the source of provenance; currently provenance is inherited from the left-hand side [-Wcheri-provenance]
../method.h:106:21: warning: binary expression on capability types 'VALUE' (aka 'unsigned __intcap') and 'unsigned __intcap'; it is not clear which should be used as the source of provenance; currently provenance is inherited from the left-hand side [-Wcheri-provenance]
../method.h:105:25: warning: binary expression on capability types 'unsigned __intcap' and 'unsigned __intcap'; it is not clear which should be used as the source of provenance; currently provenance is inherited from the left-hand side [-Wcheri-provenance]
../vm_core.h:1414:70: warning: binary expression on capability types 'VALUE' (aka 'unsigned __intcap') and 'VALUE'; it is not clear which should be used as the source of provenance; currently provenance is inherited from the left-hand side [-Wcheri-provenance]
../vm_core.h:1422:70: warning: binary expression on capability types 'VALUE' (aka 'unsigned __intcap') and 'VALUE'; it is not clear which should be used as the source of provenance; currently provenance is inherited from the left-hand side [-Wcheri-provenance]
../method.h:83:28: warning: binary expression on capability types 'VALUE' (aka 'unsigned __intcap') and 'unsigned __intcap'; it is not clear which should be used as the source of provenance; currently provenance is inherited from the left-hand side [-Wcheri-provenance]
../method.h:97:18: warning: binary expression on capability types 'VALUE' (aka 'unsigned __intcap') and 'unsigned __intcap'; it is not clear which should be used as the source of provenance; currently provenance is inherited from the left-hand side [-Wcheri-provenance]
../method.h:104:19: warning: binary expression on capability types 'VALUE' (aka 'unsigned __intcap') and 'unsigned __intcap'; it is not clear which should be used as the source of provenance; currently provenance is inherited from the left-hand side [-Wcheri-provenance]
../method.h:106:21: warning: binary expression on capability types 'VALUE' (aka 'unsigned __intcap') and 'unsigned __intcap'; it is not clear which should be used as the source of provenance; currently provenance is inherited from the left-hand side [-Wcheri-provenance]
../method.h:105:25: warning: binary expression on capability types 'unsigned __intcap' and 'unsigned __intcap'; it is not clear which should be used as the source of provenance; currently provenance is inherited from the left-hand side [-Wcheri-provenance]
../vm_core.h:1414:70: warning: binary expression on capability types 'VALUE' (aka 'unsigned __intcap') and 'VALUE'; it is not clear which should be used as the source of provenance; currently provenance is inherited from the left-hand side [-Wcheri-provenance]
../vm_core.h:1422:70: warning: binary expression on capability types 'VALUE' (aka 'unsigned __intcap') and 'VALUE'; it is not clear which should be used as the source of provenance; currently provenance is inherited from the left-hand side [-Wcheri-provenance]
../internal/bits.h:622:27: warning: binary expression on capability types 'VALUE' (aka 'unsigned __intcap') and 'VALUE'; it is not clear which should be used as the source of provenance; currently provenance is inherited from the left-hand side [-Wcheri-provenance]
../internal/bits.h:646:28: warning: binary expression on capability types 'VALUE' (aka 'unsigned __intcap') and 'VALUE'; it is not clear which should be used as the source of provenance; currently provenance is inherited from the left-hand side [-Wcheri-provenance]
../internal/numeric.h:214:39: warning: binary expression on capability types 'unsigned __intcap' and 'unsigned __intcap'; it is not clear which should be used as the source of provenance; currently provenance is inherited from the left-hand side [-Wcheri-provenance]
../vm_callinfo.h:140:50: warning: binary expression on capability types 'VALUE' (aka 'unsigned __intcap') and 'unsigned __intcap'; it is not clear which should be used as the source of provenance; currently provenance is inherited from the left-hand side [-Wcheri-provenance]
../vm_callinfo.h:151:67: warning: binary expression on capability types 'VALUE' (aka 'unsigned __intcap') and 'unsigned __intcap'; it is not clear which should be used as the source of provenance; currently provenance is inherited from the left-hand side [-Wcheri-provenance]
../vm_callinfo.h:162:67: warning: binary expression on capability types 'VALUE' (aka 'unsigned __intcap') and 'unsigned __intcap'; it is not clear which should be used as the source of provenance; currently provenance is inherited from the left-hand side [-Wcheri-provenance]
../vm_callinfo.h:216:25: warning: binary expression on capability types 'ID' (aka 'unsigned __intcap') and 'unsigned __intcap'; it is not clear which should be used as the source of provenance; currently provenance is inherited from the left-hand side [-Wcheri-provenance]
../vm_insnhelper.h:267:9: warning: binary expression on capability types 'VALUE' (aka 'unsigned __intcap') and 'unsigned __intcap'; it is not clear which should be used as the source of provenance; currently provenance is inherited from the left-hand side [-Wcheri-provenance]
../vm_insnhelper.c:4301:17: warning: binary expression on capability types 'VALUE' (aka 'unsigned __intcap') and 'unsigned __intcap'; it is not clear which should be used as the source of provenance; currently provenance is inherited from the left-hand side [-Wcheri-provenance]
../vm_insnhelper.c:4903:17: warning: binary expression on capability types 'VALUE' (aka 'unsigned __intcap') and 'unsigned __intcap'; it is not clear which should be used as the source of provenance; currently provenance is inherited from the left-hand side [-Wcheri-provenance]
../vm_insnhelper.c:5481:21: warning: binary expression on capability types 'VALUE' (aka 'unsigned __intcap') and 'unsigned __intcap'; it is not clear which should be used as the source of provenance; currently provenance is inherited from the left-hand side [-Wcheri-provenance]
../vm_insnhelper.c:5492:69: warning: binary expression on capability types 'VALUE' (aka 'unsigned __intcap') and 'unsigned __intcap'; it is not clear which should be used as the source of provenance; currently provenance is inherited from the left-hand side [-Wcheri-provenance]
../vm_insnhelper.c:6826:21: warning: binary expression on capability types 'VALUE' (aka 'unsigned __intcap') and 'VALUE'; it is not clear which should be used as the source of provenance; currently provenance is inherited from the left-hand side [-Wcheri-provenance]
../vm_method.c:1191:35: warning: binary expression on capability types 'VALUE' (aka 'unsigned __intcap') and 'unsigned __intcap'; it is not clear which should be used as the source of provenance; currently provenance is inherited from the left-hand side [-Wcheri-provenance]
../vm_method.c:1768:9: warning: binary expression on capability types 'VALUE' (aka 'unsigned __intcap') and 'unsigned __intcap'; it is not clear which should be used as the source of provenance; currently provenance is inherited from the left-hand side [-Wcheri-provenance]
../vm_method.c:1809:21: warning: binary expression on capability types 'VALUE' (aka 'unsigned __intcap') and 'unsigned __intcap'; it is not clear which should be used as the source of provenance; currently provenance is inherited from the left-hand side [-Wcheri-provenance]
../vm_method.c:2019:16: warning: binary expression on capability types 'VALUE' (aka 'unsigned __intcap') and 'unsigned __intcap'; it is not clear which should be used as the source of provenance; currently provenance is inherited from the left-hand side [-Wcheri-provenance]
../vm_method.c:2322:16: warning: binary expression on capability types 'VALUE' (aka 'unsigned __intcap') and 'unsigned __intcap'; it is not clear which should be used as the source of provenance; currently provenance is inherited from the left-hand side [-Wcheri-provenance]
../vm_method.c:2325:16: warning: binary expression on capability types 'VALUE' (aka 'unsigned __intcap') and 'unsigned __intcap'; it is not clear which should be used as the source of provenance; currently provenance is inherited from the left-hand side [-Wcheri-provenance]
../vm_method.c:2332:43: warning: binary expression on capability types 'VALUE' (aka 'unsigned __intcap') and 'unsigned __intcap'; it is not clear which should be used as the source of provenance; currently provenance is inherited from the left-hand side [-Wcheri-provenance]
../vm_method.c:3059:9: warning: binary expression on capability types 'VALUE' (aka 'unsigned __intcap') and 'unsigned __intcap'; it is not clear which should be used as the source of provenance; currently provenance is inherited from the left-hand side [-Wcheri-provenance]
../vm_method.c:3060:9: warning: binary expression on capability types 'VALUE' (aka 'unsigned __intcap') and 'unsigned __intcap'; it is not clear which should be used as the source of provenance; currently provenance is inherited from the left-hand side [-Wcheri-provenance]
../vm_method.c:3061:9: warning: binary expression on capability types 'VALUE' (aka 'unsigned __intcap') and 'unsigned __intcap'; it is not clear which should be used as the source of provenance; currently provenance is inherited from the left-hand side [-Wcheri-provenance]
../vm_eval.c:405:25: warning: binary expression on capability types 'VALUE' (aka 'unsigned __intcap') and 'VALUE'; it is not clear which should be used as the source of provenance; currently provenance is inherited from the left-hand side [-Wcheri-provenance]
../vm_eval.c:825:35: warning: binary expression on capability types 'VALUE' (aka 'unsigned __intcap') and 'unsigned __intcap'; it is not clear which should be used as the source of provenance; currently provenance is inherited from the left-hand side [-Wcheri-provenance]
../method.h:83:28: warning: binary expression on capability types 'VALUE' (aka 'unsigned __intcap') and 'unsigned __intcap'; it is not clear which should be used as the source of provenance; currently provenance is inherited from the left-hand side [-Wcheri-provenance]
../method.h:97:18: warning: binary expression on capability types 'VALUE' (aka 'unsigned __intcap') and 'unsigned __intcap'; it is not clear which should be used as the source of provenance; currently provenance is inherited from the left-hand side [-Wcheri-provenance]
../method.h:104:19: warning: binary expression on capability types 'VALUE' (aka 'unsigned __intcap') and 'unsigned __intcap'; it is not clear which should be used as the source of provenance; currently provenance is inherited from the left-hand side [-Wcheri-provenance]
../method.h:106:21: warning: binary expression on capability types 'VALUE' (aka 'unsigned __intcap') and 'unsigned __intcap'; it is not clear which should be used as the source of provenance; currently provenance is inherited from the left-hand side [-Wcheri-provenance]
../method.h:105:25: warning: binary expression on capability types 'unsigned __intcap' and 'unsigned __intcap'; it is not clear which should be used as the source of provenance; currently provenance is inherited from the left-hand side [-Wcheri-provenance]
../vm_core.h:1414:70: warning: binary expression on capability types 'VALUE' (aka 'unsigned __intcap') and 'VALUE'; it is not clear which should be used as the source of provenance; currently provenance is inherited from the left-hand side [-Wcheri-provenance]
../vm_core.h:1422:70: warning: binary expression on capability types 'VALUE' (aka 'unsigned __intcap') and 'VALUE'; it is not clear which should be used as the source of provenance; currently provenance is inherited from the left-hand side [-Wcheri-provenance]
../method.h:83:28: warning: binary expression on capability types 'VALUE' (aka 'unsigned __intcap') and 'unsigned __intcap'; it is not clear which should be used as the source of provenance; currently provenance is inherited from the left-hand side [-Wcheri-provenance]
../method.h:97:18: warning: binary expression on capability types 'VALUE' (aka 'unsigned __intcap') and 'unsigned __intcap'; it is not clear which should be used as the source of provenance; currently provenance is inherited from the left-hand side [-Wcheri-provenance]
../method.h:104:19: warning: binary expression on capability types 'VALUE' (aka 'unsigned __intcap') and 'unsigned __intcap'; it is not clear which should be used as the source of provenance; currently provenance is inherited from the left-hand side [-Wcheri-provenance]
../method.h:106:21: warning: binary expression on capability types 'VALUE' (aka 'unsigned __intcap') and 'unsigned __intcap'; it is not clear which should be used as the source of provenance; currently provenance is inherited from the left-hand side [-Wcheri-provenance]
../method.h:105:25: warning: binary expression on capability types 'unsigned __intcap' and 'unsigned __intcap'; it is not clear which should be used as the source of provenance; currently provenance is inherited from the left-hand side [-Wcheri-provenance]
../vm_core.h:1414:70: warning: binary expression on capability types 'VALUE' (aka 'unsigned __intcap') and 'VALUE'; it is not clear which should be used as the source of provenance; currently provenance is inherited from the left-hand side [-Wcheri-provenance]
../vm_core.h:1422:70: warning: binary expression on capability types 'VALUE' (aka 'unsigned __intcap') and 'VALUE'; it is not clear which should be used as the source of provenance; currently provenance is inherited from the left-hand side [-Wcheri-provenance]
../method.h:83:28: warning: binary expression on capability types 'VALUE' (aka 'unsigned __intcap') and 'unsigned __intcap'; it is not clear which should be used as the source of provenance; currently provenance is inherited from the left-hand side [-Wcheri-provenance]
../method.h:97:18: warning: binary expression on capability types 'VALUE' (aka 'unsigned __intcap') and 'unsigned __intcap'; it is not clear which should be used as the source of provenance; currently provenance is inherited from the left-hand side [-Wcheri-provenance]
../method.h:104:19: warning: binary expression on capability types 'VALUE' (aka 'unsigned __intcap') and 'unsigned __intcap'; it is not clear which should be used as the source of provenance; currently provenance is inherited from the left-hand side [-Wcheri-provenance]
../method.h:106:21: warning: binary expression on capability types 'VALUE' (aka 'unsigned __intcap') and 'unsigned __intcap'; it is not clear which should be used as the source of provenance; currently provenance is inherited from the left-hand side [-Wcheri-provenance]
../method.h:105:25: warning: binary expression on capability types 'unsigned __intcap' and 'unsigned __intcap'; it is not clear which should be used as the source of provenance; currently provenance is inherited from the left-hand side [-Wcheri-provenance]
../vm_core.h:1414:70: warning: binary expression on capability types 'VALUE' (aka 'unsigned __intcap') and 'VALUE'; it is not clear which should be used as the source of provenance; currently provenance is inherited from the left-hand side [-Wcheri-provenance]
../vm_core.h:1422:70: warning: binary expression on capability types 'VALUE' (aka 'unsigned __intcap') and 'VALUE'; it is not clear which should be used as the source of provenance; currently provenance is inherited from the left-hand side [-Wcheri-provenance]
../method.h:83:28: warning: binary expression on capability types 'VALUE' (aka 'unsigned __intcap') and 'unsigned __intcap'; it is not clear which should be used as the source of provenance; currently provenance is inherited from the left-hand side [-Wcheri-provenance]
../method.h:97:18: warning: binary expression on capability types 'VALUE' (aka 'unsigned __intcap') and 'unsigned __intcap'; it is not clear which should be used as the source of provenance; currently provenance is inherited from the left-hand side [-Wcheri-provenance]
../method.h:104:19: warning: binary expression on capability types 'VALUE' (aka 'unsigned __intcap') and 'unsigned __intcap'; it is not clear which should be used as the source of provenance; currently provenance is inherited from the left-hand side [-Wcheri-provenance]
../method.h:106:21: warning: binary expression on capability types 'VALUE' (aka 'unsigned __intcap') and 'unsigned __intcap'; it is not clear which should be used as the source of provenance; currently provenance is inherited from the left-hand side [-Wcheri-provenance]
../method.h:105:25: warning: binary expression on capability types 'unsigned __intcap' and 'unsigned __intcap'; it is not clear which should be used as the source of provenance; currently provenance is inherited from the left-hand side [-Wcheri-provenance]
../vm_core.h:1414:70: warning: binary expression on capability types 'VALUE' (aka 'unsigned __intcap') and 'VALUE'; it is not clear which should be used as the source of provenance; currently provenance is inherited from the left-hand side [-Wcheri-provenance]
../vm_core.h:1422:70: warning: binary expression on capability types 'VALUE' (aka 'unsigned __intcap') and 'VALUE'; it is not clear which should be used as the source of provenance; currently provenance is inherited from the left-hand side [-Wcheri-provenance]
../internal/bits.h:622:27: warning: binary expression on capability types 'VALUE' (aka 'unsigned __intcap') and 'VALUE'; it is not clear which should be used as the source of provenance; currently provenance is inherited from the left-hand side [-Wcheri-provenance]
../internal/bits.h:646:28: warning: binary expression on capability types 'VALUE' (aka 'unsigned __intcap') and 'VALUE'; it is not clear which should be used as the source of provenance; currently provenance is inherited from the left-hand side [-Wcheri-provenance]
../method.h:83:28: warning: binary expression on capability types 'VALUE' (aka 'unsigned __intcap') and 'unsigned __intcap'; it is not clear which should be used as the source of provenance; currently provenance is inherited from the left-hand side [-Wcheri-provenance]
../method.h:97:18: warning: binary expression on capability types 'VALUE' (aka 'unsigned __intcap') and 'unsigned __intcap'; it is not clear which should be used as the source of provenance; currently provenance is inherited from the left-hand side [-Wcheri-provenance]
../method.h:104:19: warning: binary expression on capability types 'VALUE' (aka 'unsigned __intcap') and 'unsigned __intcap'; it is not clear which should be used as the source of provenance; currently provenance is inherited from the left-hand side [-Wcheri-provenance]
../method.h:106:21: warning: binary expression on capability types 'VALUE' (aka 'unsigned __intcap') and 'unsigned __intcap'; it is not clear which should be used as the source of provenance; currently provenance is inherited from the left-hand side [-Wcheri-provenance]
../method.h:105:25: warning: binary expression on capability types 'unsigned __intcap' and 'unsigned __intcap'; it is not clear which should be used as the source of provenance; currently provenance is inherited from the left-hand side [-Wcheri-provenance]
../vm_core.h:1414:70: warning: binary expression on capability types 'VALUE' (aka 'unsigned __intcap') and 'VALUE'; it is not clear which should be used as the source of provenance; currently provenance is inherited from the left-hand side [-Wcheri-provenance]
../vm_core.h:1422:70: warning: binary expression on capability types 'VALUE' (aka 'unsigned __intcap') and 'VALUE'; it is not clear which should be used as the source of provenance; currently provenance is inherited from the left-hand side [-Wcheri-provenance]
../addr2line.c:1946:62: warning: binary expression on capability types 'unsigned __intcap' and 'uintptr_t' (aka 'unsigned __intcap'); it is not clear which should be used as the source of provenance; currently provenance is inherited from the left-hand side [-Wcheri-provenance]
../addr2line.c:1963:40: warning: binary expression on capability types 'uintptr_t' (aka 'unsigned __intcap') and 'uintptr_t'; it is not clear which should be used as the source of provenance; currently provenance is inherited from the left-hand side [-Wcheri-provenance]
../method.h:83:28: warning: binary expression on capability types 'VALUE' (aka 'unsigned __intcap') and 'unsigned __intcap'; it is not clear which should be used as the source of provenance; currently provenance is inherited from the left-hand side [-Wcheri-provenance]
../method.h:97:18: warning: binary expression on capability types 'VALUE' (aka 'unsigned __intcap') and 'unsigned __intcap'; it is not clear which should be used as the source of provenance; currently provenance is inherited from the left-hand side [-Wcheri-provenance]
../method.h:104:19: warning: binary expression on capability types 'VALUE' (aka 'unsigned __intcap') and 'unsigned __intcap'; it is not clear which should be used as the source of provenance; currently provenance is inherited from the left-hand side [-Wcheri-provenance]
../method.h:106:21: warning: binary expression on capability types 'VALUE' (aka 'unsigned __intcap') and 'unsigned __intcap'; it is not clear which should be used as the source of provenance; currently provenance is inherited from the left-hand side [-Wcheri-provenance]
../method.h:105:25: warning: binary expression on capability types 'unsigned __intcap' and 'unsigned __intcap'; it is not clear which should be used as the source of provenance; currently provenance is inherited from the left-hand side [-Wcheri-provenance]
../vm_core.h:1414:70: warning: binary expression on capability types 'VALUE' (aka 'unsigned __intcap') and 'VALUE'; it is not clear which should be used as the source of provenance; currently provenance is inherited from the left-hand side [-Wcheri-provenance]
../vm_core.h:1422:70: warning: binary expression on capability types 'VALUE' (aka 'unsigned __intcap') and 'VALUE'; it is not clear which should be used as the source of provenance; currently provenance is inherited from the left-hand side [-Wcheri-provenance]
../internal/bits.h:622:27: warning: binary expression on capability types 'VALUE' (aka 'unsigned __intcap') and 'VALUE'; it is not clear which should be used as the source of provenance; currently provenance is inherited from the left-hand side [-Wcheri-provenance]
../internal/bits.h:646:28: warning: binary expression on capability types 'VALUE' (aka 'unsigned __intcap') and 'VALUE'; it is not clear which should be used as the source of provenance; currently provenance is inherited from the left-hand side [-Wcheri-provenance]
../internal/numeric.h:214:39: warning: binary expression on capability types 'unsigned __intcap' and 'unsigned __intcap'; it is not clear which should be used as the source of provenance; currently provenance is inherited from the left-hand side [-Wcheri-provenance]
../../../../internal/bits.h:622:27: warning: binary expression on capability types 'VALUE' (aka 'unsigned __intcap') and 'VALUE'; it is not clear which should be used as the source of provenance; currently provenance is inherited from the left-hand side [-Wcheri-provenance]
../../../../internal/bits.h:646:28: warning: binary expression on capability types 'VALUE' (aka 'unsigned __intcap') and 'VALUE'; it is not clear which should be used as the source of provenance; currently provenance is inherited from the left-hand side [-Wcheri-provenance]
../../../../internal/numeric.h:214:39: warning: binary expression on capability types 'unsigned __intcap' and 'unsigned __intcap'; it is not clear which should be used as the source of provenance; currently provenance is inherited from the left-hand side [-Wcheri-provenance]
../../../../internal/bits.h:622:27: warning: binary expression on capability types 'VALUE' (aka 'unsigned __intcap') and 'VALUE'; it is not clear which should be used as the source of provenance; currently provenance is inherited from the left-hand side [-Wcheri-provenance]
../../../../internal/bits.h:646:28: warning: binary expression on capability types 'VALUE' (aka 'unsigned __intcap') and 'VALUE'; it is not clear which should be used as the source of provenance; currently provenance is inherited from the left-hand side [-Wcheri-provenance]
../../../../internal/numeric.h:214:39: warning: binary expression on capability types 'unsigned __intcap' and 'unsigned __intcap'; it is not clear which should be used as the source of provenance; currently provenance is inherited from the left-hand side [-Wcheri-provenance]
../../../../internal/bits.h:622:27: warning: binary expression on capability types 'VALUE' (aka 'unsigned __intcap') and 'VALUE'; it is not clear which should be used as the source of provenance; currently provenance is inherited from the left-hand side [-Wcheri-provenance]
../../../../internal/bits.h:646:28: warning: binary expression on capability types 'VALUE' (aka 'unsigned __intcap') and 'VALUE'; it is not clear which should be used as the source of provenance; currently provenance is inherited from the left-hand side [-Wcheri-provenance]
../../../method.h:83:28: warning: binary expression on capability types 'VALUE' (aka 'unsigned __intcap') and 'unsigned __intcap'; it is not clear which should be used as the source of provenance; currently provenance is inherited from the left-hand side [-Wcheri-provenance]
../../../method.h:97:18: warning: binary expression on capability types 'VALUE' (aka 'unsigned __intcap') and 'unsigned __intcap'; it is not clear which should be used as the source of provenance; currently provenance is inherited from the left-hand side [-Wcheri-provenance]
../../../method.h:104:19: warning: binary expression on capability types 'VALUE' (aka 'unsigned __intcap') and 'unsigned __intcap'; it is not clear which should be used as the source of provenance; currently provenance is inherited from the left-hand side [-Wcheri-provenance]
../../../method.h:106:21: warning: binary expression on capability types 'VALUE' (aka 'unsigned __intcap') and 'unsigned __intcap'; it is not clear which should be used as the source of provenance; currently provenance is inherited from the left-hand side [-Wcheri-provenance]
../../../method.h:105:25: warning: binary expression on capability types 'unsigned __intcap' and 'unsigned __intcap'; it is not clear which should be used as the source of provenance; currently provenance is inherited from the left-hand side [-Wcheri-provenance]
../../../vm_core.h:1414:70: warning: binary expression on capability types 'VALUE' (aka 'unsigned __intcap') and 'VALUE'; it is not clear which should be used as the source of provenance; currently provenance is inherited from the left-hand side [-Wcheri-provenance]
../../../vm_core.h:1422:70: warning: binary expression on capability types 'VALUE' (aka 'unsigned __intcap') and 'VALUE'; it is not clear which should be used as the source of provenance; currently provenance is inherited from the left-hand side [-Wcheri-provenance]
../../../method.h:83:28: warning: binary expression on capability types 'VALUE' (aka 'unsigned __intcap') and 'unsigned __intcap'; it is not clear which should be used as the source of provenance; currently provenance is inherited from the left-hand side [-Wcheri-provenance]
../../../method.h:97:18: warning: binary expression on capability types 'VALUE' (aka 'unsigned __intcap') and 'unsigned __intcap'; it is not clear which should be used as the source of provenance; currently provenance is inherited from the left-hand side [-Wcheri-provenance]
../../../method.h:104:19: warning: binary expression on capability types 'VALUE' (aka 'unsigned __intcap') and 'unsigned __intcap'; it is not clear which should be used as the source of provenance; currently provenance is inherited from the left-hand side [-Wcheri-provenance]
../../../method.h:106:21: warning: binary expression on capability types 'VALUE' (aka 'unsigned __intcap') and 'unsigned __intcap'; it is not clear which should be used as the source of provenance; currently provenance is inherited from the left-hand side [-Wcheri-provenance]
../../../method.h:105:25: warning: binary expression on capability types 'unsigned __intcap' and 'unsigned __intcap'; it is not clear which should be used as the source of provenance; currently provenance is inherited from the left-hand side [-Wcheri-provenance]
../../../vm_core.h:1414:70: warning: binary expression on capability types 'VALUE' (aka 'unsigned __intcap') and 'VALUE'; it is not clear which should be used as the source of provenance; currently provenance is inherited from the left-hand side [-Wcheri-provenance]
../../../vm_core.h:1422:70: warning: binary expression on capability types 'VALUE' (aka 'unsigned __intcap') and 'VALUE'; it is not clear which should be used as the source of provenance; currently provenance is inherited from the left-hand side [-Wcheri-provenance]
../../../method.h:83:28: warning: binary expression on capability types 'VALUE' (aka 'unsigned __intcap') and 'unsigned __intcap'; it is not clear which should be used as the source of provenance; currently provenance is inherited from the left-hand side [-Wcheri-provenance]
../../../method.h:97:18: warning: binary expression on capability types 'VALUE' (aka 'unsigned __intcap') and 'unsigned __intcap'; it is not clear which should be used as the source of provenance; currently provenance is inherited from the left-hand side [-Wcheri-provenance]
../../../method.h:104:19: warning: binary expression on capability types 'VALUE' (aka 'unsigned __intcap') and 'unsigned __intcap'; it is not clear which should be used as the source of provenance; currently provenance is inherited from the left-hand side [-Wcheri-provenance]
../../../method.h:106:21: warning: binary expression on capability types 'VALUE' (aka 'unsigned __intcap') and 'unsigned __intcap'; it is not clear which should be used as the source of provenance; currently provenance is inherited from the left-hand side [-Wcheri-provenance]
../../../method.h:105:25: warning: binary expression on capability types 'unsigned __intcap' and 'unsigned __intcap'; it is not clear which should be used as the source of provenance; currently provenance is inherited from the left-hand side [-Wcheri-provenance]
../../../vm_core.h:1414:70: warning: binary expression on capability types 'VALUE' (aka 'unsigned __intcap') and 'VALUE'; it is not clear which should be used as the source of provenance; currently provenance is inherited from the left-hand side [-Wcheri-provenance]
../../../vm_core.h:1422:70: warning: binary expression on capability types 'VALUE' (aka 'unsigned __intcap') and 'VALUE'; it is not clear which should be used as the source of provenance; currently provenance is inherited from the left-hand side [-Wcheri-provenance]
../../../method.h:83:28: warning: binary expression on capability types 'VALUE' (aka 'unsigned __intcap') and 'unsigned __intcap'; it is not clear which should be used as the source of provenance; currently provenance is inherited from the left-hand side [-Wcheri-provenance]
../../../method.h:97:18: warning: binary expression on capability types 'VALUE' (aka 'unsigned __intcap') and 'unsigned __intcap'; it is not clear which should be used as the source of provenance; currently provenance is inherited from the left-hand side [-Wcheri-provenance]
../../../method.h:104:19: warning: binary expression on capability types 'VALUE' (aka 'unsigned __intcap') and 'unsigned __intcap'; it is not clear which should be used as the source of provenance; currently provenance is inherited from the left-hand side [-Wcheri-provenance]
../../../method.h:106:21: warning: binary expression on capability types 'VALUE' (aka 'unsigned __intcap') and 'unsigned __intcap'; it is not clear which should be used as the source of provenance; currently provenance is inherited from the left-hand side [-Wcheri-provenance]
../../../method.h:105:25: warning: binary expression on capability types 'unsigned __intcap' and 'unsigned __intcap'; it is not clear which should be used as the source of provenance; currently provenance is inherited from the left-hand side [-Wcheri-provenance]
../../../vm_core.h:1414:70: warning: binary expression on capability types 'VALUE' (aka 'unsigned __intcap') and 'VALUE'; it is not clear which should be used as the source of provenance; currently provenance is inherited from the left-hand side [-Wcheri-provenance]
../../../vm_core.h:1422:70: warning: binary expression on capability types 'VALUE' (aka 'unsigned __intcap') and 'VALUE'; it is not clear which should be used as the source of provenance; currently provenance is inherited from the left-hand side [-Wcheri-provenance]
../../../vm_callinfo.h:140:50: warning: binary expression on capability types 'VALUE' (aka 'unsigned __intcap') and 'unsigned __intcap'; it is not clear which should be used as the source of provenance; currently provenance is inherited from the left-hand side [-Wcheri-provenance]
../../../vm_callinfo.h:151:67: warning: binary expression on capability types 'VALUE' (aka 'unsigned __intcap') and 'unsigned __intcap'; it is not clear which should be used as the source of provenance; currently provenance is inherited from the left-hand side [-Wcheri-provenance]
../../../vm_callinfo.h:162:67: warning: binary expression on capability types 'VALUE' (aka 'unsigned __intcap') and 'unsigned __intcap'; it is not clear which should be used as the source of provenance; currently provenance is inherited from the left-hand side [-Wcheri-provenance]
../../../vm_callinfo.h:216:25: warning: binary expression on capability types 'ID' (aka 'unsigned __intcap') and 'unsigned __intcap'; it is not clear which should be used as the source of provenance; currently provenance is inherited from the left-hand side [-Wcheri-provenance]
../../../internal/bits.h:622:27: warning: binary expression on capability types 'VALUE' (aka 'unsigned __intcap') and 'VALUE'; it is not clear which should be used as the source of provenance; currently provenance is inherited from the left-hand side [-Wcheri-provenance]
../../../internal/bits.h:646:28: warning: binary expression on capability types 'VALUE' (aka 'unsigned __intcap') and 'VALUE'; it is not clear which should be used as the source of provenance; currently provenance is inherited from the left-hand side [-Wcheri-provenance]
../../../internal/numeric.h:214:39: warning: binary expression on capability types 'unsigned __intcap' and 'unsigned __intcap'; it is not clear which should be used as the source of provenance; currently provenance is inherited from the left-hand side [-Wcheri-provenance]
../../../method.h:83:28: warning: binary expression on capability types 'VALUE' (aka 'unsigned __intcap') and 'unsigned __intcap'; it is not clear which should be used as the source of provenance; currently provenance is inherited from the left-hand side [-Wcheri-provenance]
../../../method.h:97:18: warning: binary expression on capability types 'VALUE' (aka 'unsigned __intcap') and 'unsigned __intcap'; it is not clear which should be used as the source of provenance; currently provenance is inherited from the left-hand side [-Wcheri-provenance]
../../../method.h:104:19: warning: binary expression on capability types 'VALUE' (aka 'unsigned __intcap') and 'unsigned __intcap'; it is not clear which should be used as the source of provenance; currently provenance is inherited from the left-hand side [-Wcheri-provenance]
../../../method.h:106:21: warning: binary expression on capability types 'VALUE' (aka 'unsigned __intcap') and 'unsigned __intcap'; it is not clear which should be used as the source of provenance; currently provenance is inherited from the left-hand side [-Wcheri-provenance]
../../../method.h:105:25: warning: binary expression on capability types 'unsigned __intcap' and 'unsigned __intcap'; it is not clear which should be used as the source of provenance; currently provenance is inherited from the left-hand side [-Wcheri-provenance]
../../../vm_core.h:1414:70: warning: binary expression on capability types 'VALUE' (aka 'unsigned __intcap') and 'VALUE'; it is not clear which should be used as the source of provenance; currently provenance is inherited from the left-hand side [-Wcheri-provenance]
../../../vm_core.h:1422:70: warning: binary expression on capability types 'VALUE' (aka 'unsigned __intcap') and 'VALUE'; it is not clear which should be used as the source of provenance; currently provenance is inherited from the left-hand side [-Wcheri-provenance]
ripper.y:1973:29: warning: binary expression on capability types 'st_index_t' (aka 'unsigned __intcap') and 'st_index_t'; it is not clear which should be used as the source of provenance; currently provenance is inherited from the left-hand side [-Wcheri-provenance]
../../../internal/bits.h:622:27: warning: binary expression on capability types 'VALUE' (aka 'unsigned __intcap') and 'VALUE'; it is not clear which should be used as the source of provenance; currently provenance is inherited from the left-hand side [-Wcheri-provenance]
../../../internal/bits.h:646:28: warning: binary expression on capability types 'VALUE' (aka 'unsigned __intcap') and 'VALUE'; it is not clear which should be used as the source of provenance; currently provenance is inherited from the left-hand side [-Wcheri-provenance]
../../../internal/numeric.h:214:39: warning: binary expression on capability types 'unsigned __intcap' and 'unsigned __intcap'; it is not clear which should be used as the source of provenance; currently provenance is inherited from the left-hand side [-Wcheri-provenance]
../../../method.h:83:28: warning: binary expression on capability types 'VALUE' (aka 'unsigned __intcap') and 'unsigned __intcap'; it is not clear which should be used as the source of provenance; currently provenance is inherited from the left-hand side [-Wcheri-provenance]
../../../method.h:97:18: warning: binary expression on capability types 'VALUE' (aka 'unsigned __intcap') and 'unsigned __intcap'; it is not clear which should be used as the source of provenance; currently provenance is inherited from the left-hand side [-Wcheri-provenance]
../../../method.h:104:19: warning: binary expression on capability types 'VALUE' (aka 'unsigned __intcap') and 'unsigned __intcap'; it is not clear which should be used as the source of provenance; currently provenance is inherited from the left-hand side [-Wcheri-provenance]
../../../method.h:106:21: warning: binary expression on capability types 'VALUE' (aka 'unsigned __intcap') and 'unsigned __intcap'; it is not clear which should be used as the source of provenance; currently provenance is inherited from the left-hand side [-Wcheri-provenance]
../../../method.h:105:25: warning: binary expression on capability types 'unsigned __intcap' and 'unsigned __intcap'; it is not clear which should be used as the source of provenance; currently provenance is inherited from the left-hand side [-Wcheri-provenance]
../../../vm_core.h:1414:70: warning: binary expression on capability types 'VALUE' (aka 'unsigned __intcap') and 'VALUE'; it is not clear which should be used as the source of provenance; currently provenance is inherited from the left-hand side [-Wcheri-provenance]
../../../vm_core.h:1422:70: warning: binary expression on capability types 'VALUE' (aka 'unsigned __intcap') and 'VALUE'; it is not clear which should be used as the source of provenance; currently provenance is inherited from the left-hand side [-Wcheri-provenance]
../../../method.h:83:28: warning: binary expression on capability types 'VALUE' (aka 'unsigned __intcap') and 'unsigned __intcap'; it is not clear which should be used as the source of provenance; currently provenance is inherited from the left-hand side [-Wcheri-provenance]
../../../method.h:97:18: warning: binary expression on capability types 'VALUE' (aka 'unsigned __intcap') and 'unsigned __intcap'; it is not clear which should be used as the source of provenance; currently provenance is inherited from the left-hand side [-Wcheri-provenance]
../../../method.h:104:19: warning: binary expression on capability types 'VALUE' (aka 'unsigned __intcap') and 'unsigned __intcap'; it is not clear which should be used as the source of provenance; currently provenance is inherited from the left-hand side [-Wcheri-provenance]
../../../method.h:106:21: warning: binary expression on capability types 'VALUE' (aka 'unsigned __intcap') and 'unsigned __intcap'; it is not clear which should be used as the source of provenance; currently provenance is inherited from the left-hand side [-Wcheri-provenance]
../../../method.h:105:25: warning: binary expression on capability types 'unsigned __intcap' and 'unsigned __intcap'; it is not clear which should be used as the source of provenance; currently provenance is inherited from the left-hand side [-Wcheri-provenance]
../../../vm_core.h:1414:70: warning: binary expression on capability types 'VALUE' (aka 'unsigned __intcap') and 'VALUE'; it is not clear which should be used as the source of provenance; currently provenance is inherited from the left-hand side [-Wcheri-provenance]
../../../vm_core.h:1422:70: warning: binary expression on capability types 'VALUE' (aka 'unsigned __intcap') and 'VALUE'; it is not clear which should be used as the source of provenance; currently provenance is inherited from the left-hand side [-Wcheri-provenance]
../../../method.h:83:28: warning: binary expression on capability types 'VALUE' (aka 'unsigned __intcap') and 'unsigned __intcap'; it is not clear which should be used as the source of provenance; currently provenance is inherited from the left-hand side [-Wcheri-provenance]
../../../method.h:97:18: warning: binary expression on capability types 'VALUE' (aka 'unsigned __intcap') and 'unsigned __intcap'; it is not clear which should be used as the source of provenance; currently provenance is inherited from the left-hand side [-Wcheri-provenance]
../../../method.h:104:19: warning: binary expression on capability types 'VALUE' (aka 'unsigned __intcap') and 'unsigned __intcap'; it is not clear which should be used as the source of provenance; currently provenance is inherited from the left-hand side [-Wcheri-provenance]
../../../method.h:106:21: warning: binary expression on capability types 'VALUE' (aka 'unsigned __intcap') and 'unsigned __intcap'; it is not clear which should be used as the source of provenance; currently provenance is inherited from the left-hand side [-Wcheri-provenance]
../../../method.h:105:25: warning: binary expression on capability types 'unsigned __intcap' and 'unsigned __intcap'; it is not clear which should be used as the source of provenance; currently provenance is inherited from the left-hand side [-Wcheri-provenance]
../../../vm_core.h:1414:70: warning: binary expression on capability types 'VALUE' (aka 'unsigned __intcap') and 'VALUE'; it is not clear which should be used as the source of provenance; currently provenance is inherited from the left-hand side [-Wcheri-provenance]
../../../vm_core.h:1422:70: warning: binary expression on capability types 'VALUE' (aka 'unsigned __intcap') and 'VALUE'; it is not clear which should be used as the source of provenance; currently provenance is inherited from the left-hand side [-Wcheri-provenance]
../../../method.h:83:28: warning: binary expression on capability types 'VALUE' (aka 'unsigned __intcap') and 'unsigned __intcap'; it is not clear which should be used as the source of provenance; currently provenance is inherited from the left-hand side [-Wcheri-provenance]
../../../method.h:97:18: warning: binary expression on capability types 'VALUE' (aka 'unsigned __intcap') and 'unsigned __intcap'; it is not clear which should be used as the source of provenance; currently provenance is inherited from the left-hand side [-Wcheri-provenance]
../../../method.h:104:19: warning: binary expression on capability types 'VALUE' (aka 'unsigned __intcap') and 'unsigned __intcap'; it is not clear which should be used as the source of provenance; currently provenance is inherited from the left-hand side [-Wcheri-provenance]
../../../method.h:106:21: warning: binary expression on capability types 'VALUE' (aka 'unsigned __intcap') and 'unsigned __intcap'; it is not clear which should be used as the source of provenance; currently provenance is inherited from the left-hand side [-Wcheri-provenance]
../../../method.h:105:25: warning: binary expression on capability types 'unsigned __intcap' and 'unsigned __intcap'; it is not clear which should be used as the source of provenance; currently provenance is inherited from the left-hand side [-Wcheri-provenance]
../../../vm_core.h:1414:70: warning: binary expression on capability types 'VALUE' (aka 'unsigned __intcap') and 'VALUE'; it is not clear which should be used as the source of provenance; currently provenance is inherited from the left-hand side [-Wcheri-provenance]
../../../vm_core.h:1422:70: warning: binary expression on capability types 'VALUE' (aka 'unsigned __intcap') and 'VALUE'; it is not clear which should be used as the source of provenance; currently provenance is inherited from the left-hand side [-Wcheri-provenance]
../../../method.h:83:28: warning: binary expression on capability types 'VALUE' (aka 'unsigned __intcap') and 'unsigned __intcap'; it is not clear which should be used as the source of provenance; currently provenance is inherited from the left-hand side [-Wcheri-provenance]
../../../method.h:97:18: warning: binary expression on capability types 'VALUE' (aka 'unsigned __intcap') and 'unsigned __intcap'; it is not clear which should be used as the source of provenance; currently provenance is inherited from the left-hand side [-Wcheri-provenance]
../../../method.h:104:19: warning: binary expression on capability types 'VALUE' (aka 'unsigned __intcap') and 'unsigned __intcap'; it is not clear which should be used as the source of provenance; currently provenance is inherited from the left-hand side [-Wcheri-provenance]
../../../method.h:106:21: warning: binary expression on capability types 'VALUE' (aka 'unsigned __intcap') and 'unsigned __intcap'; it is not clear which should be used as the source of provenance; currently provenance is inherited from the left-hand side [-Wcheri-provenance]
../../../method.h:105:25: warning: binary expression on capability types 'unsigned __intcap' and 'unsigned __intcap'; it is not clear which should be used as the source of provenance; currently provenance is inherited from the left-hand side [-Wcheri-provenance]
../../../vm_core.h:1414:70: warning: binary expression on capability types 'VALUE' (aka 'unsigned __intcap') and 'VALUE'; it is not clear which should be used as the source of provenance; currently provenance is inherited from the left-hand side [-Wcheri-provenance]
../../../vm_core.h:1422:70: warning: binary expression on capability types 'VALUE' (aka 'unsigned __intcap') and 'VALUE'; it is not clear which should be used as the source of provenance; currently provenance is inherited from the left-hand side [-Wcheri-provenance]
../../../method.h:83:28: warning: binary expression on capability types 'VALUE' (aka 'unsigned __intcap') and 'unsigned __intcap'; it is not clear which should be used as the source of provenance; currently provenance is inherited from the left-hand side [-Wcheri-provenance]
../../../method.h:97:18: warning: binary expression on capability types 'VALUE' (aka 'unsigned __intcap') and 'unsigned __intcap'; it is not clear which should be used as the source of provenance; currently provenance is inherited from the left-hand side [-Wcheri-provenance]
../../../method.h:104:19: warning: binary expression on capability types 'VALUE' (aka 'unsigned __intcap') and 'unsigned __intcap'; it is not clear which should be used as the source of provenance; currently provenance is inherited from the left-hand side [-Wcheri-provenance]
../../../method.h:106:21: warning: binary expression on capability types 'VALUE' (aka 'unsigned __intcap') and 'unsigned __intcap'; it is not clear which should be used as the source of provenance; currently provenance is inherited from the left-hand side [-Wcheri-provenance]
../../../method.h:105:25: warning: binary expression on capability types 'unsigned __intcap' and 'unsigned __intcap'; it is not clear which should be used as the source of provenance; currently provenance is inherited from the left-hand side [-Wcheri-provenance]
../../../vm_core.h:1414:70: warning: binary expression on capability types 'VALUE' (aka 'unsigned __intcap') and 'VALUE'; it is not clear which should be used as the source of provenance; currently provenance is inherited from the left-hand side [-Wcheri-provenance]
../../../vm_core.h:1422:70: warning: binary expression on capability types 'VALUE' (aka 'unsigned __intcap') and 'VALUE'; it is not clear which should be used as the source of provenance; currently provenance is inherited from the left-hand side [-Wcheri-provenance]
../../../method.h:83:28: warning: binary expression on capability types 'VALUE' (aka 'unsigned __intcap') and 'unsigned __intcap'; it is not clear which should be used as the source of provenance; currently provenance is inherited from the left-hand side [-Wcheri-provenance]
../../../method.h:97:18: warning: binary expression on capability types 'VALUE' (aka 'unsigned __intcap') and 'unsigned __intcap'; it is not clear which should be used as the source of provenance; currently provenance is inherited from the left-hand side [-Wcheri-provenance]
../../../method.h:104:19: warning: binary expression on capability types 'VALUE' (aka 'unsigned __intcap') and 'unsigned __intcap'; it is not clear which should be used as the source of provenance; currently provenance is inherited from the left-hand side [-Wcheri-provenance]
../../../method.h:106:21: warning: binary expression on capability types 'VALUE' (aka 'unsigned __intcap') and 'unsigned __intcap'; it is not clear which should be used as the source of provenance; currently provenance is inherited from the left-hand side [-Wcheri-provenance]
../../../method.h:105:25: warning: binary expression on capability types 'unsigned __intcap' and 'unsigned __intcap'; it is not clear which should be used as the source of provenance; currently provenance is inherited from the left-hand side [-Wcheri-provenance]
../../../vm_core.h:1414:70: warning: binary expression on capability types 'VALUE' (aka 'unsigned __intcap') and 'VALUE'; it is not clear which should be used as the source of provenance; currently provenance is inherited from the left-hand side [-Wcheri-provenance]
../../../vm_core.h:1422:70: warning: binary expression on capability types 'VALUE' (aka 'unsigned __intcap') and 'VALUE'; it is not clear which should be used as the source of provenance; currently provenance is inherited from the left-hand side [-Wcheri-provenance]
../../../method.h:83:28: warning: binary expression on capability types 'VALUE' (aka 'unsigned __intcap') and 'unsigned __intcap'; it is not clear which should be used as the source of provenance; currently provenance is inherited from the left-hand side [-Wcheri-provenance]
../../../method.h:97:18: warning: binary expression on capability types 'VALUE' (aka 'unsigned __intcap') and 'unsigned __intcap'; it is not clear which should be used as the source of provenance; currently provenance is inherited from the left-hand side [-Wcheri-provenance]
../../../method.h:104:19: warning: binary expression on capability types 'VALUE' (aka 'unsigned __intcap') and 'unsigned __intcap'; it is not clear which should be used as the source of provenance; currently provenance is inherited from the left-hand side [-Wcheri-provenance]
../../../method.h:106:21: warning: binary expression on capability types 'VALUE' (aka 'unsigned __intcap') and 'unsigned __intcap'; it is not clear which should be used as the source of provenance; currently provenance is inherited from the left-hand side [-Wcheri-provenance]
../../../method.h:105:25: warning: binary expression on capability types 'unsigned __intcap' and 'unsigned __intcap'; it is not clear which should be used as the source of provenance; currently provenance is inherited from the left-hand side [-Wcheri-provenance]
../../../vm_core.h:1414:70: warning: binary expression on capability types 'VALUE' (aka 'unsigned __intcap') and 'VALUE'; it is not clear which should be used as the source of provenance; currently provenance is inherited from the left-hand side [-Wcheri-provenance]
../../../vm_core.h:1422:70: warning: binary expression on capability types 'VALUE' (aka 'unsigned __intcap') and 'VALUE'; it is not clear which should be used as the source of provenance; currently provenance is inherited from the left-hand side [-Wcheri-provenance]
../../../method.h:83:28: warning: binary expression on capability types 'VALUE' (aka 'unsigned __intcap') and 'unsigned __intcap'; it is not clear which should be used as the source of provenance; currently provenance is inherited from the left-hand side [-Wcheri-provenance]
../../../method.h:97:18: warning: binary expression on capability types 'VALUE' (aka 'unsigned __intcap') and 'unsigned __intcap'; it is not clear which should be used as the source of provenance; currently provenance is inherited from the left-hand side [-Wcheri-provenance]
../../../method.h:104:19: warning: binary expression on capability types 'VALUE' (aka 'unsigned __intcap') and 'unsigned __intcap'; it is not clear which should be used as the source of provenance; currently provenance is inherited from the left-hand side [-Wcheri-provenance]
../../../method.h:106:21: warning: binary expression on capability types 'VALUE' (aka 'unsigned __intcap') and 'unsigned __intcap'; it is not clear which should be used as the source of provenance; currently provenance is inherited from the left-hand side [-Wcheri-provenance]
../../../method.h:105:25: warning: binary expression on capability types 'unsigned __intcap' and 'unsigned __intcap'; it is not clear which should be used as the source of provenance; currently provenance is inherited from the left-hand side [-Wcheri-provenance]
../../../vm_core.h:1414:70: warning: binary expression on capability types 'VALUE' (aka 'unsigned __intcap') and 'VALUE'; it is not clear which should be used as the source of provenance; currently provenance is inherited from the left-hand side [-Wcheri-provenance]
../../../vm_core.h:1422:70: warning: binary expression on capability types 'VALUE' (aka 'unsigned __intcap') and 'VALUE'; it is not clear which should be used as the source of provenance; currently provenance is inherited from the left-hand side [-Wcheri-provenance]
../../../method.h:83:28: warning: binary expression on capability types 'VALUE' (aka 'unsigned __intcap') and 'unsigned __intcap'; it is not clear which should be used as the source of provenance; currently provenance is inherited from the left-hand side [-Wcheri-provenance]
../../../method.h:97:18: warning: binary expression on capability types 'VALUE' (aka 'unsigned __intcap') and 'unsigned __intcap'; it is not clear which should be used as the source of provenance; currently provenance is inherited from the left-hand side [-Wcheri-provenance]
../../../method.h:104:19: warning: binary expression on capability types 'VALUE' (aka 'unsigned __intcap') and 'unsigned __intcap'; it is not clear which should be used as the source of provenance; currently provenance is inherited from the left-hand side [-Wcheri-provenance]
../../../method.h:106:21: warning: binary expression on capability types 'VALUE' (aka 'unsigned __intcap') and 'unsigned __intcap'; it is not clear which should be used as the source of provenance; currently provenance is inherited from the left-hand side [-Wcheri-provenance]
../../../method.h:105:25: warning: binary expression on capability types 'unsigned __intcap' and 'unsigned __intcap'; it is not clear which should be used as the source of provenance; currently provenance is inherited from the left-hand side [-Wcheri-provenance]
../../../vm_core.h:1414:70: warning: binary expression on capability types 'VALUE' (aka 'unsigned __intcap') and 'VALUE'; it is not clear which should be used as the source of provenance; currently provenance is inherited from the left-hand side [-Wcheri-provenance]
../../../vm_core.h:1422:70: warning: binary expression on capability types 'VALUE' (aka 'unsigned __intcap') and 'VALUE'; it is not clear which should be used as the source of provenance; currently provenance is inherited from the left-hand side [-Wcheri-provenance]
../../../method.h:83:28: warning: binary expression on capability types 'VALUE' (aka 'unsigned __intcap') and 'unsigned __intcap'; it is not clear which should be used as the source of provenance; currently provenance is inherited from the left-hand side [-Wcheri-provenance]
../../../method.h:97:18: warning: binary expression on capability types 'VALUE' (aka 'unsigned __intcap') and 'unsigned __intcap'; it is not clear which should be used as the source of provenance; currently provenance is inherited from the left-hand side [-Wcheri-provenance]
../../../method.h:104:19: warning: binary expression on capability types 'VALUE' (aka 'unsigned __intcap') and 'unsigned __intcap'; it is not clear which should be used as the source of provenance; currently provenance is inherited from the left-hand side [-Wcheri-provenance]
../../../method.h:106:21: warning: binary expression on capability types 'VALUE' (aka 'unsigned __intcap') and 'unsigned __intcap'; it is not clear which should be used as the source of provenance; currently provenance is inherited from the left-hand side [-Wcheri-provenance]
../../../method.h:105:25: warning: binary expression on capability types 'unsigned __intcap' and 'unsigned __intcap'; it is not clear which should be used as the source of provenance; currently provenance is inherited from the left-hand side [-Wcheri-provenance]
../../../vm_core.h:1414:70: warning: binary expression on capability types 'VALUE' (aka 'unsigned __intcap') and 'VALUE'; it is not clear which should be used as the source of provenance; currently provenance is inherited from the left-hand side [-Wcheri-provenance]
../../../vm_core.h:1422:70: warning: binary expression on capability types 'VALUE' (aka 'unsigned __intcap') and 'VALUE'; it is not clear which should be used as the source of provenance; currently provenance is inherited from the left-hand side [-Wcheri-provenance]
../../../method.h:83:28: warning: binary expression on capability types 'VALUE' (aka 'unsigned __intcap') and 'unsigned __intcap'; it is not clear which should be used as the source of provenance; currently provenance is inherited from the left-hand side [-Wcheri-provenance]
../../../method.h:97:18: warning: binary expression on capability types 'VALUE' (aka 'unsigned __intcap') and 'unsigned __intcap'; it is not clear which should be used as the source of provenance; currently provenance is inherited from the left-hand side [-Wcheri-provenance]
../../../method.h:104:19: warning: binary expression on capability types 'VALUE' (aka 'unsigned __intcap') and 'unsigned __intcap'; it is not clear which should be used as the source of provenance; currently provenance is inherited from the left-hand side [-Wcheri-provenance]
../../../method.h:106:21: warning: binary expression on capability types 'VALUE' (aka 'unsigned __intcap') and 'unsigned __intcap'; it is not clear which should be used as the source of provenance; currently provenance is inherited from the left-hand side [-Wcheri-provenance]
../../../method.h:105:25: warning: binary expression on capability types 'unsigned __intcap' and 'unsigned __intcap'; it is not clear which should be used as the source of provenance; currently provenance is inherited from the left-hand side [-Wcheri-provenance]
../../../vm_core.h:1414:70: warning: binary expression on capability types 'VALUE' (aka 'unsigned __intcap') and 'VALUE'; it is not clear which should be used as the source of provenance; currently provenance is inherited from the left-hand side [-Wcheri-provenance]
../../../vm_core.h:1422:70: warning: binary expression on capability types 'VALUE' (aka 'unsigned __intcap') and 'VALUE'; it is not clear which should be used as the source of provenance; currently provenance is inherited from the left-hand side [-Wcheri-provenance]
../../../method.h:83:28: warning: binary expression on capability types 'VALUE' (aka 'unsigned __intcap') and 'unsigned __intcap'; it is not clear which should be used as the source of provenance; currently provenance is inherited from the left-hand side [-Wcheri-provenance]
../../../method.h:97:18: warning: binary expression on capability types 'VALUE' (aka 'unsigned __intcap') and 'unsigned __intcap'; it is not clear which should be used as the source of provenance; currently provenance is inherited from the left-hand side [-Wcheri-provenance]
../../../method.h:104:19: warning: binary expression on capability types 'VALUE' (aka 'unsigned __intcap') and 'unsigned __intcap'; it is not clear which should be used as the source of provenance; currently provenance is inherited from the left-hand side [-Wcheri-provenance]
../../../method.h:106:21: warning: binary expression on capability types 'VALUE' (aka 'unsigned __intcap') and 'unsigned __intcap'; it is not clear which should be used as the source of provenance; currently provenance is inherited from the left-hand side [-Wcheri-provenance]
../../../method.h:105:25: warning: binary expression on capability types 'unsigned __intcap' and 'unsigned __intcap'; it is not clear which should be used as the source of provenance; currently provenance is inherited from the left-hand side [-Wcheri-provenance]
../../../vm_core.h:1414:70: warning: binary expression on capability types 'VALUE' (aka 'unsigned __intcap') and 'VALUE'; it is not clear which should be used as the source of provenance; currently provenance is inherited from the left-hand side [-Wcheri-provenance]
../../../vm_core.h:1422:70: warning: binary expression on capability types 'VALUE' (aka 'unsigned __intcap') and 'VALUE'; it is not clear which should be used as the source of provenance; currently provenance is inherited from the left-hand side [-Wcheri-provenance]
../../../method.h:83:28: warning: binary expression on capability types 'VALUE' (aka 'unsigned __intcap') and 'unsigned __intcap'; it is not clear which should be used as the source of provenance; currently provenance is inherited from the left-hand side [-Wcheri-provenance]
../../../method.h:97:18: warning: binary expression on capability types 'VALUE' (aka 'unsigned __intcap') and 'unsigned __intcap'; it is not clear which should be used as the source of provenance; currently provenance is inherited from the left-hand side [-Wcheri-provenance]
../../../method.h:104:19: warning: binary expression on capability types 'VALUE' (aka 'unsigned __intcap') and 'unsigned __intcap'; it is not clear which should be used as the source of provenance; currently provenance is inherited from the left-hand side [-Wcheri-provenance]
../../../method.h:106:21: warning: binary expression on capability types 'VALUE' (aka 'unsigned __intcap') and 'unsigned __intcap'; it is not clear which should be used as the source of provenance; currently provenance is inherited from the left-hand side [-Wcheri-provenance]
../../../method.h:105:25: warning: binary expression on capability types 'unsigned __intcap' and 'unsigned __intcap'; it is not clear which should be used as the source of provenance; currently provenance is inherited from the left-hand side [-Wcheri-provenance]
../../../vm_core.h:1414:70: warning: binary expression on capability types 'VALUE' (aka 'unsigned __intcap') and 'VALUE'; it is not clear which should be used as the source of provenance; currently provenance is inherited from the left-hand side [-Wcheri-provenance]
../../../vm_core.h:1422:70: warning: binary expression on capability types 'VALUE' (aka 'unsigned __intcap') and 'VALUE'; it is not clear which should be used as the source of provenance; currently provenance is inherited from the left-hand side [-Wcheri-provenance]
../../../method.h:83:28: warning: binary expression on capability types 'VALUE' (aka 'unsigned __intcap') and 'unsigned __intcap'; it is not clear which should be used as the source of provenance; currently provenance is inherited from the left-hand side [-Wcheri-provenance]
../../../method.h:97:18: warning: binary expression on capability types 'VALUE' (aka 'unsigned __intcap') and 'unsigned __intcap'; it is not clear which should be used as the source of provenance; currently provenance is inherited from the left-hand side [-Wcheri-provenance]
../../../method.h:104:19: warning: binary expression on capability types 'VALUE' (aka 'unsigned __intcap') and 'unsigned __intcap'; it is not clear which should be used as the source of provenance; currently provenance is inherited from the left-hand side [-Wcheri-provenance]
../../../method.h:106:21: warning: binary expression on capability types 'VALUE' (aka 'unsigned __intcap') and 'unsigned __intcap'; it is not clear which should be used as the source of provenance; currently provenance is inherited from the left-hand side [-Wcheri-provenance]
../../../method.h:105:25: warning: binary expression on capability types 'unsigned __intcap' and 'unsigned __intcap'; it is not clear which should be used as the source of provenance; currently provenance is inherited from the left-hand side [-Wcheri-provenance]
../../../vm_core.h:1414:70: warning: binary expression on capability types 'VALUE' (aka 'unsigned __intcap') and 'VALUE'; it is not clear which should be used as the source of provenance; currently provenance is inherited from the left-hand side [-Wcheri-provenance]
../../../vm_core.h:1422:70: warning: binary expression on capability types 'VALUE' (aka 'unsigned __intcap') and 'VALUE'; it is not clear which should be used as the source of provenance; currently provenance is inherited from the left-hand side [-Wcheri-provenance]
