file2lastrev.rb: does not seem to be under a vcs: .
	BASERUBY = /usr/bin/ruby --disable=gems
	CC = /cheruby-purecap/src/output/sdk/bin/clang
	LD = /cheruby-purecap/src/output/sdk/bin/ld.lld
	LDSHARED = /cheruby-purecap/src/output/sdk/bin/clang -shared
	CFLAGS = -target riscv64-unknown-freebsd --sysroot=/cheruby-purecap/src/output/rootfs-riscv64-purecap -mno-relax -march=rv64gcxcheri -mabi=l64pc128d -Wcheri -I/cheruby-purecap/src/output/rootfs-riscv64-purecap/usr/include -U_FORTIFY_SOURCE -D_FORTIFY_SOURCE=2 -fdeclspec  -O0 -fno-omit-frame-pointer -fno-fast-math -ggdb3 -Wall -Wextra -Wextra-tokens -Wdeprecated-declarations -Wdivision-by-zero -Wdiv-by-zero -Wimplicit-function-declaration -Wimplicit-int -Wpointer-arith -Wshorten-64-to-32 -Wwrite-strings -Wold-style-definition -Wmissing-noreturn -Wno-cast-function-type -Wno-constant-logical-operand -Wno-long-long -Wno-missing-field-initializers -Wno-overlength-strings -Wno-parentheses-equality -Wno-self-assign -Wno-tautological-compare -Wno-unused-parameter -Wno-unused-value -Wunused-variable -Wmisleading-indentation -Wundef  
	XCFLAGS = -fno-strict-overflow -fvisibility=hidden -DRUBY_EXPORT -fPIE -I. -I.ext/include/riscv64-freebsd -I../include -I.. -I../prism -I../enc/unicode/15.0.0 -I/cheruby-purecap/src/output/rootfs-riscv64-purecap/usr/include  -Dmodular_gc_dir=
	CPPFLAGS =   
	DLDFLAGS = -target riscv64-unknown-freebsd --sysroot=/cheruby-purecap/src/output/rootfs-riscv64-purecap -fuse-ld=lld -mno-relax -march=rv64gcxcheri -mabi=l64pc128d -lpthread -Wl,--gdb-index -Wl,--compress-debug-sections=zlib -L/cheruby-purecap/src/output/rootfs-riscv64-purecap/usr/lib -Wl,-rpath,/cheruby-purecap/src/output/rootfs-riscv64-purecap/usr/lib -Wl,-soname,showflags -pie  
	SOLIBS = -lexecinfo -lprocstat -lz -lrt -lrt -ldl -lcrypt -lm -lthr 
	LANG = C.UTF-8
	LC_ALL = 
	LC_CTYPE = C.UTF-8
	MFLAGS = 
	RUSTC = no
	YJIT_RUSTC_ARGS = --crate-name=yjit --crate-type=staticlib --edition=2021 -g -C lto=thin -C opt-level=3 -C overflow-checks=on '--out-dir=/cheruby-purecap/src/output/rootfs-riscv64-purecap/research/ruby-3.4.1/build/yjit/target/release/' ../yjit/src/lib.rs
clang version 15.0.0 (https://github.com/CTSRD-CHERI/llvm-project.git 578ea4f7ef67d589f0ca7d10ec9e383333567421)
Target: x86_64-unknown-linux-gnu
Thread model: posix
InstalledDir: /cheruby-purecap/src/output/sdk/bin
../revision.h unchanged
generating riscv64-freebsd-fake.rb
riscv64-freebsd-fake.rb updated
making dummy probes.h
/bin/sh ../tool/ifchange "--timestamp=.rbconfig.time" rbconfig.rb rbconfig.tmp
rbconfig.rb updated
generating encdb.h
encdb.h updated
generating enc.mk
making srcs under enc
make[1]: Entering directory '/cheruby-purecap/src/output/rootfs-riscv64-purecap/research/ruby-3.4.1/build'
make[1]: Nothing to be done for 'srcs'.
make[1]: Leaving directory '/cheruby-purecap/src/output/rootfs-riscv64-purecap/research/ruby-3.4.1/build'
generating transdb.h
transdb.h updated
compiling ../dln.c
compiling ../localeinit.c
creating verconf.h
verconf.h updated
compiling ../loadpath.c
compiling ../array.c
../array.c:3078:22: warning: format specifies type 'long' but the argument has type 'VALUE' (aka 'unsigned __intcap') [-Wformat]
                     rb_obj_class(elt), i);
                     ^~~~~~~~~~~~~~~~~
../array.c:3561:22: warning: format specifies type 'long' but the argument has type 'VALUE' (aka 'unsigned __intcap') [-Wformat]
                     rb_obj_class(v));
                     ^~~~~~~~~~~~~~~
../array.c:4459:18: warning: format specifies type 'long' but the argument has type 'VALUE' (aka 'unsigned __intcap') [-Wformat]
                 rb_obj_class(obj));
                 ^~~~~~~~~~~~~~~~~
3 warnings generated.
compiling ../ast.c
compiling ../bignum.c
../bignum.c:3765:72: warning: format specifies type 'long' but the argument has type 'VALUE' (aka 'unsigned __intcap') [-Wformat]
    rb_raise(rb_eArgError, "invalid value for Integer(): %+"PRIsVALUE, s);
                                                         ~~~~~~~~~~~~  ^
1 warning generated.
compiling ../class.c
../class.c:348:18: warning: format specifies type 'long' but the argument has type 'VALUE' (aka 'unsigned __intcap') [-Wformat]
                 rb_obj_class(super));
                 ^~~~~~~~~~~~~~~~~~~
../class.c:992:28: warning: format specifies type 'long' but the argument has type 'VALUE' (aka 'unsigned __intcap') [-Wformat]
                     name, rb_obj_class(klass));
                           ^~~~~~~~~~~~~~~~~~~
../class.c:1029:22: warning: format specifies type 'long' but the argument has type 'VALUE' (aka 'unsigned __intcap') [-Wformat]
                     outer, rb_id2str(id), rb_obj_class(klass));
                     ^~~~~
../class.c:1029:29: warning: format specifies type 'long' but the argument has type 'VALUE' (aka 'unsigned __intcap') [-Wformat]
                     outer, rb_id2str(id), rb_obj_class(klass));
                            ^~~~~~~~~~~~~
../class.c:1029:44: warning: format specifies type 'long' but the argument has type 'VALUE' (aka 'unsigned __intcap') [-Wformat]
                     outer, rb_id2str(id), rb_obj_class(klass));
                                           ^~~~~~~~~~~~~~~~~~~
../class.c:1035:22: warning: format specifies type 'long' but the argument has type 'VALUE' (aka 'unsigned __intcap') [-Wformat]
                     outer, rb_id2str(id), RCLASS_SUPER(klass), super);
                     ^~~~~
../class.c:1035:29: warning: format specifies type 'long' but the argument has type 'VALUE' (aka 'unsigned __intcap') [-Wformat]
                     outer, rb_id2str(id), RCLASS_SUPER(klass), super);
                            ^~~~~~~~~~~~~
../class.c:1035:44: warning: format specifies type 'long' but the argument has type 'VALUE' (aka 'unsigned __intcap') [-Wformat]
                     outer, rb_id2str(id), RCLASS_SUPER(klass), super);
                                           ^~~~~~~~~~~~~~~~~~~
../class.c:1035:65: warning: format specifies type 'long' but the argument has type 'VALUE' (aka 'unsigned __intcap') [-Wformat]
                     outer, rb_id2str(id), RCLASS_SUPER(klass), super);
                                                                ^~~~~
../class.c:1042:18: warning: format specifies type 'long' but the argument has type 'VALUE' (aka 'unsigned __intcap') [-Wformat]
                 rb_class_path(outer), rb_id2str(id));
                 ^~~~~~~~~~~~~~~~~~~~
../class.c:1042:40: warning: format specifies type 'long' but the argument has type 'VALUE' (aka 'unsigned __intcap') [-Wformat]
                 rb_class_path(outer), rb_id2str(id));
                                       ^~~~~~~~~~~~~
../class.c:1107:28: warning: format specifies type 'long' but the argument has type 'VALUE' (aka 'unsigned __intcap') [-Wformat]
                     name, rb_obj_class(module));
                           ^~~~~~~~~~~~~~~~~~~~
../class.c:1136:22: warning: format specifies type 'long' but the argument has type 'VALUE' (aka 'unsigned __intcap') [-Wformat]
                     outer, rb_id2str(id), rb_obj_class(module));
                     ^~~~~
../class.c:1136:29: warning: format specifies type 'long' but the argument has type 'VALUE' (aka 'unsigned __intcap') [-Wformat]
                     outer, rb_id2str(id), rb_obj_class(module));
                            ^~~~~~~~~~~~~
../class.c:1136:44: warning: format specifies type 'long' but the argument has type 'VALUE' (aka 'unsigned __intcap') [-Wformat]
                     outer, rb_id2str(id), rb_obj_class(module));
                                           ^~~~~~~~~~~~~~~~~~~~
../class.c:1720:76: warning: format specifies type 'long' but the argument has type 'VALUE' (aka 'unsigned __intcap') [-Wformat]
        rb_raise(rb_eTypeError, "'%"PRIsVALUE"' is not a singleton class", klass);
                                  ~~~~~~~~~~~                              ^~~~~
16 warnings generated.
compiling ../compar.c
../compar.c:39:14: warning: format specifies type 'long' but the argument has type 'VALUE' (aka 'unsigned __intcap') [-Wformat]
             rb_obj_class(x), classname);
             ^~~~~~~~~~~~~~~
../compar.c:39:31: warning: format specifies type 'long' but the argument has type 'VALUE' (aka 'unsigned __intcap') [-Wformat]
             rb_obj_class(x), classname);
                              ^~~~~~~~~
2 warnings generated.
compiling ../compile.c
In file included from ../compile.c:43:
../vm_callinfo.h:140:50: warning: binary expression on capability types 'VALUE' (aka 'unsigned __intcap') and 'unsigned __intcap'; it is not clear which should be used as the source of provenance; currently provenance is inherited from the left-hand side [-Wcheri-provenance]
        return (((VALUE)ci) >> CI_EMBED_ID_SHFT) & CI_EMBED_ID_MASK;
               ~~~~~~~~~~~~~~~~~~~~~~~~~~~~~~~~~ ^ ~~~~~~~~~~~~~~~~
../vm_callinfo.h:151:67: warning: binary expression on capability types 'VALUE' (aka 'unsigned __intcap') and 'unsigned __intcap'; it is not clear which should be used as the source of provenance; currently provenance is inherited from the left-hand side [-Wcheri-provenance]
        return (unsigned int)((((VALUE)ci) >> CI_EMBED_FLAG_SHFT) & CI_EMBED_FLAG_MASK);
                              ~~~~~~~~~~~~~~~~~~~~~~~~~~~~~~~~~~~ ^ ~~~~~~~~~~~~~~~~~~
../vm_callinfo.h:162:67: warning: binary expression on capability types 'VALUE' (aka 'unsigned __intcap') and 'unsigned __intcap'; it is not clear which should be used as the source of provenance; currently provenance is inherited from the left-hand side [-Wcheri-provenance]
        return (unsigned int)((((VALUE)ci) >> CI_EMBED_ARGC_SHFT) & CI_EMBED_ARGC_MASK);
                              ~~~~~~~~~~~~~~~~~~~~~~~~~~~~~~~~~~~ ^ ~~~~~~~~~~~~~~~~~~
../vm_callinfo.h:216:25: warning: binary expression on capability types 'ID' (aka 'unsigned __intcap') and 'unsigned __intcap'; it is not clear which should be used as the source of provenance; currently provenance is inherited from the left-hand side [-Wcheri-provenance]
    if (USE_EMBED_CI && VM_CI_EMBEDDABLE_P(mid, flag, argc, kwarg)) {
                        ^~~~~~~~~~~~~~~~~~~~~~~~~~~~~~~~~~~~~~~~~~
../vm_callinfo.h:197:14: note: expanded from macro 'VM_CI_EMBEDDABLE_P'
    (((mid ) & ~CI_EMBED_ID_MASK)   ? false :      \
      ~~~~~~ ^ ~~~~~~~~~~~~~~~~~
../compile.c:662:5: warning: overflow in expression; result is 9223372036854775807 with type 'long' [-Winteger-overflow]
    nd_set_line(&dummy, lineno);
    ^
../node.h:78:71: note: expanded from macro 'nd_set_line'
    (n)->flags=(((n)->flags&~((VALUE)(-1)<<NODE_LSHIFT))|((VALUE)((l)&NODE_LMASK)<<NODE_LSHIFT))
                                                                      ^
../node.h:74:77: note: expanded from macro 'NODE_LMASK'
#define NODE_LMASK  (((SIGNED_VALUE)1<<(sizeof(VALUE)*CHAR_BIT-NODE_LSHIFT))-1)
                                                                            ^
../compile.c:662:5: warning: shift count >= width of type [-Wshift-count-overflow]
    nd_set_line(&dummy, lineno);
    ^~~~~~~~~~~~~~~~~~~~~~~~~~~
../node.h:78:71: note: expanded from macro 'nd_set_line'
    (n)->flags=(((n)->flags&~((VALUE)(-1)<<NODE_LSHIFT))|((VALUE)((l)&NODE_LMASK)<<NODE_LSHIFT))
                                                                      ^~~~~~~~~~
../node.h:74:38: note: expanded from macro 'NODE_LMASK'
#define NODE_LMASK  (((SIGNED_VALUE)1<<(sizeof(VALUE)*CHAR_BIT-NODE_LSHIFT))-1)
                                     ^ ~~~~~~~~~~~~~~~~~~~~~~~~~~~~~~~~~~~~
../compile.c:710:27: warning: format specifies type 'long' but the argument has type 'VALUE' (aka 'unsigned __intcap') [-Wformat]
                          rb_sym2str((VALUE)name));
                          ^~~~~~~~~~~~~~~~~~~~~~~
../compile.c:3818:40: warning: binary expression on capability types 'VALUE' (aka 'unsigned __intcap') and 'unsigned __intcap'; it is not clear which should be used as the source of provenance; currently provenance is inherited from the left-hand side [-Wcheri-provenance]
            if ((OPERAND_AT(next, 0) = FIXNUM_INC(OPERAND_AT(next, 0), -1)) == INT2FIX(1)) {
                                       ^~~~~~~~~~~~~~~~~~~~~~~~~~~~~~~~~~~
../compile.c:51:30: note: expanded from macro 'FIXNUM_INC'
#define FIXNUM_INC(n, i) ((n)+(INT2FIX(i)&~FIXNUM_FLAG))
                          ~~~^~~~~~~~~~~~~~~~~~~~~~~~~~
../compile.c:4141:37: warning: binary expression on capability types 'VALUE' (aka 'unsigned __intcap') and 'unsigned __intcap'; it is not clear which should be used as the source of provenance; currently provenance is inherited from the left-hand side [-Wcheri-provenance]
                iobj->operands[0] = FIXNUM_INC(num, 1);
                                    ^~~~~~~~~~~~~~~~~~
../compile.c:51:30: note: expanded from macro 'FIXNUM_INC'
#define FIXNUM_INC(n, i) ((n)+(INT2FIX(i)&~FIXNUM_FLAG))
                          ~~~^~~~~~~~~~~~~~~~~~~~~~~~~~
../compile.c:4164:37: warning: binary expression on capability types 'VALUE' (aka 'unsigned __intcap') and 'unsigned __intcap'; it is not clear which should be used as the source of provenance; currently provenance is inherited from the left-hand side [-Wcheri-provenance]
                iobj->operands[0] = FIXNUM_INC(num, 2);
                                    ^~~~~~~~~~~~~~~~~~
../compile.c:51:30: note: expanded from macro 'FIXNUM_INC'
#define FIXNUM_INC(n, i) ((n)+(INT2FIX(i)&~FIXNUM_FLAG))
                          ~~~^~~~~~~~~~~~~~~~~~~~~~~~~~
../compile.c:4203:40: warning: binary expression on capability types 'VALUE' (aka 'unsigned __intcap') and 'unsigned __intcap'; it is not clear which should be used as the source of provenance; currently provenance is inherited from the left-hand side [-Wcheri-provenance]
                sendins->operands[0] = FIXNUM_INC(num, 1);
                                       ^~~~~~~~~~~~~~~~~~
../compile.c:51:30: note: expanded from macro 'FIXNUM_INC'
#define FIXNUM_INC(n, i) ((n)+(INT2FIX(i)&~FIXNUM_FLAG))
                          ~~~^~~~~~~~~~~~~~~~~~~~~~~~~~
../compile.c:6258:50: warning: format specifies type 'long' but the argument has type 'VALUE' (aka 'unsigned __intcap') [-Wformat]
        return rb_sprintf("block in %"PRIsVALUE, ISEQ_BODY(iseq)->location.label);
                                    ~~~~~~~~~~~  ^~~~~~~~~~~~~~~~~~~~~~~~~~~~~~~
../vm_core.h:589:25: note: expanded from macro 'ISEQ_BODY'
#define ISEQ_BODY(iseq) ((iseq)->body)
                        ^
../compile.c:6261:69: warning: format specifies type 'long' but the argument has type 'VALUE' (aka 'unsigned __intcap') [-Wformat]
        return rb_sprintf("block (%d levels) in %"PRIsVALUE, level, ISEQ_BODY(iseq)->location.label);
                                                ~~~~~~~~~~~         ^~~~~~~~~~~~~~~~~~~~~~~~~~~~~~~
../vm_core.h:589:25: note: expanded from macro 'ISEQ_BODY'
#define ISEQ_BODY(iseq) ((iseq)->body)
                        ^
../compile.c:7532:117: warning: format specifies type 'long' but the argument has type 'VALUE' (aka 'unsigned __intcap') [-Wformat]
                        ADD_INSN1(ret, line_node, putobject, rb_str_freeze(rb_sprintf("key not found: %+"PRIsVALUE, key))); // (4)
                        ~~~~~~~~~~~~~~~~~~~~~~~~~~~~~~~~~~~~~~~~~~~~~~~~~~~~~~~~~~~~~~~~~~~~~~~~~~~~~~~~~~~~~~~~~~~~^~~~~~
../compile.c:240:97: note: expanded from macro 'ADD_INSN1'
           new_insn_body(iseq, nd_line(line_node), nd_node_id(line_node), BIN(insn), 1, (VALUE)(op1)))
                                                                                                ^~~
../compile.c:7650:31: warning: format specifies type 'long' but the argument has type 'VALUE' (aka 'unsigned __intcap') [-Wformat]
                              rb_id2str(id));
                              ^~~~~~~~~~~~~
../compile.c:7669:31: warning: format specifies type 'long' but the argument has type 'VALUE' (aka 'unsigned __intcap') [-Wformat]
                              rb_id2str(id));
                              ^~~~~~~~~~~~~
../compile.c:7676:27: warning: format specifies type 'long' but the argument has type 'VALUE' (aka 'unsigned __intcap') [-Wformat]
                          rb_id2str(id));
                          ^~~~~~~~~~~~~
../compile.c:9486:43: warning: binary expression on capability types 'VALUE' (aka 'unsigned __intcap') and 'unsigned __intcap'; it is not clear which should be used as the source of provenance; currently provenance is inherited from the left-hand side [-Wcheri-provenance]
            ADD_SEND_R(ret, node, idASET, FIXNUM_INC(argc, 1), NULL, INT2FIX(flag), NULL);
            ~~~~~~~~~~~~~~~~~~~~~~~~~~~~~~^~~~~~~~~~~~~~~~~~~~~~~~~~~~~~~~~~~~~~~~~~~~~~~
../compile.c:51:30: note: expanded from macro 'FIXNUM_INC'
#define FIXNUM_INC(n, i) ((n)+(INT2FIX(i)&~FIXNUM_FLAG))
                             ^
../compile.c:285:113: note: expanded from macro 'ADD_SEND_R'
  ADD_ELEM((seq), (LINK_ELEMENT *) new_insn_send(iseq, nd_line(line_node), nd_node_id(line_node), (id), (VALUE)(argc), (block), (VALUE)(flag), (keywords)))
                                                                                                                ^~~~
../compile.c:9527:43: warning: binary expression on capability types 'VALUE' (aka 'unsigned __intcap') and 'unsigned __intcap'; it is not clear which should be used as the source of provenance; currently provenance is inherited from the left-hand side [-Wcheri-provenance]
            ADD_SEND_R(ret, node, idASET, FIXNUM_INC(argc, 1), NULL, INT2FIX(flag), NULL);
            ~~~~~~~~~~~~~~~~~~~~~~~~~~~~~~^~~~~~~~~~~~~~~~~~~~~~~~~~~~~~~~~~~~~~~~~~~~~~~
../compile.c:51:30: note: expanded from macro 'FIXNUM_INC'
#define FIXNUM_INC(n, i) ((n)+(INT2FIX(i)&~FIXNUM_FLAG))
                             ^
../compile.c:285:113: note: expanded from macro 'ADD_SEND_R'
  ADD_ELEM((seq), (LINK_ELEMENT *) new_insn_send(iseq, nd_line(line_node), nd_node_id(line_node), (id), (VALUE)(argc), (block), (VALUE)(flag), (keywords)))
                                                                                                                ^~~~
../compile.c:10226:40: warning: binary expression on capability types 'VALUE' (aka 'unsigned __intcap') and 'unsigned __intcap'; it is not clear which should be used as the source of provenance; currently provenance is inherited from the left-hand side [-Wcheri-provenance]
            ADD_INSN1(ret, node, setn, FIXNUM_INC(argc, 2));
            ~~~~~~~~~~~~~~~~~~~~~~~~~~~^~~~~~~~~~~~~~~~~~~~
../compile.c:51:30: note: expanded from macro 'FIXNUM_INC'
#define FIXNUM_INC(n, i) ((n)+(INT2FIX(i)&~FIXNUM_FLAG))
                             ^
../compile.c:240:97: note: expanded from macro 'ADD_INSN1'
           new_insn_body(iseq, nd_line(line_node), nd_node_id(line_node), BIN(insn), 1, (VALUE)(op1)))
                                                                                                ^~~
../compile.c:10230:40: warning: binary expression on capability types 'VALUE' (aka 'unsigned __intcap') and 'unsigned __intcap'; it is not clear which should be used as the source of provenance; currently provenance is inherited from the left-hand side [-Wcheri-provenance]
            ADD_INSN1(ret, node, setn, FIXNUM_INC(argc, 1));
            ~~~~~~~~~~~~~~~~~~~~~~~~~~~^~~~~~~~~~~~~~~~~~~~
../compile.c:51:30: note: expanded from macro 'FIXNUM_INC'
#define FIXNUM_INC(n, i) ((n)+(INT2FIX(i)&~FIXNUM_FLAG))
                             ^
../compile.c:240:97: note: expanded from macro 'ADD_INSN1'
           new_insn_body(iseq, nd_line(line_node), nd_node_id(line_node), BIN(insn), 1, (VALUE)(op1)))
                                                                                                ^~~
../compile.c:10763:27: warning: format specifies type 'long' but the argument has type 'VALUE' (aka 'unsigned __intcap') [-Wformat]
                          rb_id2str(id));
                          ^~~~~~~~~~~~~
../compile.c:10885:31: warning: format specifies type 'long' but the argument has type 'VALUE' (aka 'unsigned __intcap') [-Wformat]
                              rb_id2str(RNODE_DVAR(node)->nd_vid));
                              ^~~~~~~~~~~~~~~~~~~~~~~~~~~~~~~~~~~
../compile.c:11229:103: warning: format specifies type 'long' but the argument has type 'VALUE' (aka 'unsigned __intcap') [-Wformat]
                                                     rb_str_freeze(rb_sprintf("<class:%"PRIsVALUE">", rb_id2str(get_node_colon_nd_mid(RNODE_CLASS(node)->nd_cpath)))),
                                                     ~~~~~~~~~~~~~~~~~~~~~~~~~~~~~~~~~~~~~~~~~~~~~~~~~^~~~~~~~~~~~~~~~~~~~~~~~~~~~~~~~~~~~~~~~~~~~~~~~~~~~~~~~~~~~~~~~
../compile.c:215:43: note: expanded from macro 'NEW_CHILD_ISEQ'
  new_child_iseq(iseq, (node), rb_fstring(name), iseq, (type), (line_no))
                                          ^~~~
../compile.c:11246:105: warning: format specifies type 'long' but the argument has type 'VALUE' (aka 'unsigned __intcap') [-Wformat]
                                                      rb_str_freeze(rb_sprintf("<module:%"PRIsVALUE">", rb_id2str(get_node_colon_nd_mid(RNODE_MODULE(node)->nd_cpath)))),
                                                      ~~~~~~~~~~~~~~~~~~~~~~~~~~~~~~~~~~~~~~~~~~~~~~~~~~^~~~~~~~~~~~~~~~~~~~~~~~~~~~~~~~~~~~~~~~~~~~~~~~~~~~~~~~~~~~~~~~~
../compile.c:215:43: note: expanded from macro 'NEW_CHILD_ISEQ'
  new_child_iseq(iseq, (node), rb_fstring(name), iseq, (type), (line_no))
                                          ^~~~
../compile.c:11494:71: warning: format specifies type 'long' but the argument has type 'VALUE' (aka 'unsigned __intcap') [-Wformat]
                    if (vm_ci_mid(ci)) rb_str_catf(str, "%"PRIsVALUE, rb_id2str(vm_ci_mid(ci)));
                                                         ~~~~~~~~~~~  ^~~~~~~~~~~~~~~~~~~~~~~~
../compile.c:11647:72: warning: format specifies type 'long' but the argument has type 'VALUE' (aka 'unsigned __intcap') [-Wformat]
    rb_raise(rb_eSyntaxError, "invalid exception symbol: %+"PRIsVALUE, sym);
                                                         ~~~~~~~~~~~~  ^~~
../compile.c:11835:67: warning: format specifies type 'long' but the argument has type 'VALUE' (aka 'unsigned __intcap') [-Wformat]
                              "unknown instruction: %+"PRIsVALUE, insn);
                                                    ~~~~~~~~~~~~  ^~~~
../compile.c:11989:18: warning: format specifies type 'long' but the argument has type 'VALUE' (aka 'unsigned __intcap') [-Wformat]
                 sym, val);
                 ^~~
../compile.c:11989:23: warning: format specifies type 'long' but the argument has type 'VALUE' (aka 'unsigned __intcap') [-Wformat]
                 sym, val);
                      ^~~
../compile.c:12051:88: warning: format specifies type 'long' but the argument has type 'VALUE' (aka 'unsigned __intcap') [-Wformat]
            rb_raise(rb_eTypeError, "keyword default has unsupported len %+"PRIsVALUE, key);
                                                                         ~~~~~~~~~~~~  ^~~
../compile.c:12187:18: warning: format specifies type 'long' but the argument has type 'VALUE' (aka 'unsigned __intcap') [-Wformat]
                 arg_opt_labels);
                 ^~~~~~~~~~~~~~
../compile.c:12195:18: warning: format specifies type 'long' but the argument has type 'VALUE' (aka 'unsigned __intcap') [-Wformat]
                 keywords);
                 ^~~~~~~~
../compile.c:13585:30: warning: format specifies type 'unsigned long' but the argument has type 'VALUE' (aka 'unsigned __intcap') [-Wformat]
                             realpath, TYPE(realpath), path);
                             ^~~~~~~~
../compile.c:13585:56: warning: format specifies type 'long' but the argument has type 'VALUE' (aka 'unsigned __intcap') [-Wformat]
                             realpath, TYPE(realpath), path);
                                                       ^~~~
../compile.c:14067:18: warning: format specifies type 'long' but the argument has type 'VALUE' (aka 'unsigned __intcap') [-Wformat]
                 rb_class_name(CLASS_OF(obj)));
                 ^~~~~~~~~~~~~~~~~~~~~~~~~~~~
In file included from ../compile.c:14729:
../prism_compile.c:2870:96: warning: format specifies type 'long' but the argument has type 'VALUE' (aka 'unsigned __intcap') [-Wformat]
                        VALUE operand = rb_str_freeze(rb_sprintf("key not found: %+"PRIsVALUE, symbol));
                                                                                 ~~~~~~~~~~~~  ^~~~~~
../prism_compile.c:2995:110: warning: format specifies type 'long' but the argument has type 'VALUE' (aka 'unsigned __intcap') [-Wformat]
                COMPILE_ERROR(iseq, location.line, "illegal variable in alternative pattern (%"PRIsVALUE")", rb_id2str(id));
                                                                                             ~~~~~~~~~~~     ^~~~~~~~~~~~~
../prism_compile.c:8429:77: warning: format specifies type 'long' but the argument has type 'VALUE' (aka 'unsigned __intcap') [-Wformat]
        VALUE class_name = rb_str_freeze(rb_sprintf("<class:%"PRIsVALUE">", rb_id2str(class_id)));
                                                            ~~~~~~~~~~~     ^~~~~~~~~~~~~~~~~~~
../prism_compile.c:9449:79: warning: format specifies type 'long' but the argument has type 'VALUE' (aka 'unsigned __intcap') [-Wformat]
        VALUE module_name = rb_str_freeze(rb_sprintf("<module:%"PRIsVALUE">", rb_id2str(module_id)));
                                                              ~~~~~~~~~~~     ^~~~~~~~~~~~~~~~~~~~
40 warnings generated.
compiling ../complex.c
../complex.c:1310:14: warning: format specifies type 'long' but the argument has type 'VALUE' (aka 'unsigned __intcap') [-Wformat]
             rb_obj_class(other), rb_obj_class(self));
             ^~~~~~~~~~~~~~~~~~~
../complex.c:1310:35: warning: format specifies type 'long' but the argument has type 'VALUE' (aka 'unsigned __intcap') [-Wformat]
             rb_obj_class(other), rb_obj_class(self));
                                  ^~~~~~~~~~~~~~~~~~
../complex.c:1806:18: warning: format specifies type 'long' but the argument has type 'VALUE' (aka 'unsigned __intcap') [-Wformat]
                 self);
                 ^~~~
../complex.c:1830:18: warning: format specifies type 'long' but the argument has type 'VALUE' (aka 'unsigned __intcap') [-Wformat]
                 self);
                 ^~~~
../complex.c:1863:22: warning: format specifies type 'long' but the argument has type 'VALUE' (aka 'unsigned __intcap') [-Wformat]
                     self);
                     ^~~~
../complex.c:1910:17: warning: format specifies type 'long' but the argument has type 'VALUE' (aka 'unsigned __intcap') [-Wformat]
                self);
                ^~~~
../complex.c:2236:18: warning: format specifies type 'long' but the argument has type 'VALUE' (aka 'unsigned __intcap') [-Wformat]
                 self);
                 ^~~~
7 warnings generated.
compiling ../cont.c
compiling ../debug.c
In file included from ../debug.c:27:
../vm_callinfo.h:140:50: warning: binary expression on capability types 'VALUE' (aka 'unsigned __intcap') and 'unsigned __intcap'; it is not clear which should be used as the source of provenance; currently provenance is inherited from the left-hand side [-Wcheri-provenance]
        return (((VALUE)ci) >> CI_EMBED_ID_SHFT) & CI_EMBED_ID_MASK;
               ~~~~~~~~~~~~~~~~~~~~~~~~~~~~~~~~~ ^ ~~~~~~~~~~~~~~~~
../vm_callinfo.h:151:67: warning: binary expression on capability types 'VALUE' (aka 'unsigned __intcap') and 'unsigned __intcap'; it is not clear which should be used as the source of provenance; currently provenance is inherited from the left-hand side [-Wcheri-provenance]
        return (unsigned int)((((VALUE)ci) >> CI_EMBED_FLAG_SHFT) & CI_EMBED_FLAG_MASK);
                              ~~~~~~~~~~~~~~~~~~~~~~~~~~~~~~~~~~~ ^ ~~~~~~~~~~~~~~~~~~
../vm_callinfo.h:162:67: warning: binary expression on capability types 'VALUE' (aka 'unsigned __intcap') and 'unsigned __intcap'; it is not clear which should be used as the source of provenance; currently provenance is inherited from the left-hand side [-Wcheri-provenance]
        return (unsigned int)((((VALUE)ci) >> CI_EMBED_ARGC_SHFT) & CI_EMBED_ARGC_MASK);
                              ~~~~~~~~~~~~~~~~~~~~~~~~~~~~~~~~~~~ ^ ~~~~~~~~~~~~~~~~~~
../vm_callinfo.h:216:25: warning: binary expression on capability types 'ID' (aka 'unsigned __intcap') and 'unsigned __intcap'; it is not clear which should be used as the source of provenance; currently provenance is inherited from the left-hand side [-Wcheri-provenance]
    if (USE_EMBED_CI && VM_CI_EMBEDDABLE_P(mid, flag, argc, kwarg)) {
                        ^~~~~~~~~~~~~~~~~~~~~~~~~~~~~~~~~~~~~~~~~~
../vm_callinfo.h:197:14: note: expanded from macro 'VM_CI_EMBEDDABLE_P'
    (((mid ) & ~CI_EMBED_ID_MASK)   ? false :      \
      ~~~~~~ ^ ~~~~~~~~~~~~~~~~~
../debug.c:93:38: warning: shift count >= width of type [-Wshift-count-overflow]
const SIGNED_VALUE RUBY_NODE_LMASK = NODE_LMASK;
                                     ^~~~~~~~~~
../node.h:74:38: note: expanded from macro 'NODE_LMASK'
#define NODE_LMASK  (((SIGNED_VALUE)1<<(sizeof(VALUE)*CHAR_BIT-NODE_LSHIFT))-1)
                                     ^ ~~~~~~~~~~~~~~~~~~~~~~~~~~~~~~~~~~~~
../debug.c:93:38: warning: overflow in expression; result is 9223372036854775807 with type 'long' [-Winteger-overflow]
../node.h:74:77: note: expanded from macro 'NODE_LMASK'
#define NODE_LMASK  (((SIGNED_VALUE)1<<(sizeof(VALUE)*CHAR_BIT-NODE_LSHIFT))-1)
                                                                            ^
6 warnings generated.
compiling ../debug_counter.c
compiling ../dir.c
../dir.c:1179:25: warning: format specifies type 'long' but the argument has type 'VALUE' (aka 'unsigned __intcap') [-Wformat]
                        chdir_lock.path, chdir_lock.line);
                        ^~~~~~~~~~~~~~~
1 warning generated.
compiling ../dln_find.c
compiling ../encoding.c
../encoding.c:228:14: warning: format specifies type 'long' but the argument has type 'VALUE' (aka 'unsigned __intcap') [-Wformat]
             rb_obj_class(enc));
             ^~~~~~~~~~~~~~~~~
../encoding.c:311:70: warning: format specifies type 'long' but the argument has type 'VALUE' (aka 'unsigned __intcap') [-Wformat]
        rb_raise(rb_eArgError, "unknown encoding name - %"PRIsVALUE, enc);
                                                        ~~~~~~~~~~~  ^~~
../encoding.c:1284:53: warning: format specifies type 'long' but the argument has type 'VALUE' (aka 'unsigned __intcap') [-Wformat]
                          "#<%"PRIsVALUE":%s%s%s>", rb_obj_class(self),
                             ~~~~~~~~~~~            ^~~~~~~~~~~~~~~~~~
3 warnings generated.
compiling ../enum.c
../enum.c:3527:26: warning: format specifies type 'long' but the argument has type 'VALUE' (aka 'unsigned __intcap') [-Wformat]
                         rb_obj_class(argv[i]));
                         ^~~~~~~~~~~~~~~~~~~~~
1 warning generated.
compiling ../enumerator.c
../enumerator.c:1108:61: warning: format specifies type 'long' but the argument has type 'VALUE' (aka 'unsigned __intcap') [-Wformat]
        return rb_sprintf("#<%"PRIsVALUE": uninitialized>", rb_class_path(cname));
                             ~~~~~~~~~~~                    ^~~~~~~~~~~~~~~~~~~~
../enumerator.c:1112:50: warning: format specifies type 'long' but the argument has type 'VALUE' (aka 'unsigned __intcap') [-Wformat]
        str = rb_sprintf("#<%"PRIsVALUE": ...>", rb_class_path(cname));
                            ~~~~~~~~~~~          ^~~~~~~~~~~~~~~~~~~~
../enumerator.c:1125:64: warning: format specifies type 'long' but the argument has type 'VALUE' (aka 'unsigned __intcap') [-Wformat]
            str = rb_sprintf("#<%"PRIsVALUE": %+"PRIsVALUE">", rb_class_path(cname), eobj);
                                ~~~~~~~~~~~                    ^~~~~~~~~~~~~~~~~~~~
../enumerator.c:1125:86: warning: format specifies type 'long' but the argument has type 'VALUE' (aka 'unsigned __intcap') [-Wformat]
            str = rb_sprintf("#<%"PRIsVALUE": %+"PRIsVALUE">", rb_class_path(cname), eobj);
                                              ~~~~~~~~~~~~                           ^~~~
../enumerator.c:1128:60: warning: format specifies type 'long' but the argument has type 'VALUE' (aka 'unsigned __intcap') [-Wformat]
            str = rb_sprintf("#<%"PRIsVALUE": %"PRIsVALUE, cname, str);
                                ~~~~~~~~~~~                ^~~~~
../enumerator.c:1128:67: warning: format specifies type 'long' but the argument has type 'VALUE' (aka 'unsigned __intcap') [-Wformat]
            str = rb_sprintf("#<%"PRIsVALUE": %"PRIsVALUE, cname, str);
                                              ~~~~~~~~~~~         ^~~
../enumerator.c:1141:53: warning: format specifies type 'long' but the argument has type 'VALUE' (aka 'unsigned __intcap') [-Wformat]
    str = rb_sprintf("#<%"PRIsVALUE": %+"PRIsVALUE, rb_class_path(cname), eobj);
                        ~~~~~~~~~~~                 ^~~~~~~~~~~~~~~~~~~~
../enumerator.c:1141:75: warning: format specifies type 'long' but the argument has type 'VALUE' (aka 'unsigned __intcap') [-Wformat]
    str = rb_sprintf("#<%"PRIsVALUE": %+"PRIsVALUE, rb_class_path(cname), eobj);
                                      ~~~~~~~~~~~~                        ^~~~
../enumerator.c:1161:55: warning: format specifies type 'long' but the argument has type 'VALUE' (aka 'unsigned __intcap') [-Wformat]
    rb_str_catf(str, "% "PRIsVALUE": %"PRIsVALUE", ", key, val);
                      ~~~~~~~~~~~~                    ^~~
../enumerator.c:1161:60: warning: format specifies type 'long' but the argument has type 'VALUE' (aka 'unsigned __intcap') [-Wformat]
    rb_str_catf(str, "% "PRIsVALUE": %"PRIsVALUE", ", key, val);
                                     ~~~~~~~~~~~           ^~~
../enumerator.c:1499:22: warning: format specifies type 'long' but the argument has type 'VALUE' (aka 'unsigned __intcap') [-Wformat]
                     rb_obj_class(proc));
                     ^~~~~~~~~~~~~~~~~~
../enumerator.c:2437:30: warning: format specifies type 'long' but the argument has type 'VALUE' (aka 'unsigned __intcap') [-Wformat]
                             rb_obj_class(argv[i]));
                             ^~~~~~~~~~~~~~~~~~~~~
../enumerator.c:3336:61: warning: format specifies type 'long' but the argument has type 'VALUE' (aka 'unsigned __intcap') [-Wformat]
        return rb_sprintf("#<%"PRIsVALUE": uninitialized>", rb_class_path(klass));
                             ~~~~~~~~~~~                    ^~~~~~~~~~~~~~~~~~~~
../enumerator.c:3340:51: warning: format specifies type 'long' but the argument has type 'VALUE' (aka 'unsigned __intcap') [-Wformat]
        return rb_sprintf("#<%"PRIsVALUE": ...>", rb_class_path(klass));
                             ~~~~~~~~~~~          ^~~~~~~~~~~~~~~~~~~~
../enumerator.c:3343:57: warning: format specifies type 'long' but the argument has type 'VALUE' (aka 'unsigned __intcap') [-Wformat]
    return rb_sprintf("#<%"PRIsVALUE": %+"PRIsVALUE">", rb_class_path(klass), ptr->enums);
                         ~~~~~~~~~~~                    ^~~~~~~~~~~~~~~~~~~~
../enumerator.c:3343:79: warning: format specifies type 'long' but the argument has type 'VALUE' (aka 'unsigned __intcap') [-Wformat]
    return rb_sprintf("#<%"PRIsVALUE": %+"PRIsVALUE">", rb_class_path(klass), ptr->enums);
                                       ~~~~~~~~~~~~                           ^~~~~~~~~~
../enumerator.c:3692:61: warning: format specifies type 'long' but the argument has type 'VALUE' (aka 'unsigned __intcap') [-Wformat]
        return rb_sprintf("#<%"PRIsVALUE": uninitialized>", rb_class_path(klass));
                             ~~~~~~~~~~~                    ^~~~~~~~~~~~~~~~~~~~
../enumerator.c:3696:51: warning: format specifies type 'long' but the argument has type 'VALUE' (aka 'unsigned __intcap') [-Wformat]
        return rb_sprintf("#<%"PRIsVALUE": ...>", rb_class_path(klass));
                             ~~~~~~~~~~~          ^~~~~~~~~~~~~~~~~~~~
../enumerator.c:3699:57: warning: format specifies type 'long' but the argument has type 'VALUE' (aka 'unsigned __intcap') [-Wformat]
    return rb_sprintf("#<%"PRIsVALUE": %+"PRIsVALUE">", rb_class_path(klass), ptr->enums);
                         ~~~~~~~~~~~                    ^~~~~~~~~~~~~~~~~~~~
../enumerator.c:3699:79: warning: format specifies type 'long' but the argument has type 'VALUE' (aka 'unsigned __intcap') [-Wformat]
    return rb_sprintf("#<%"PRIsVALUE": %+"PRIsVALUE">", rb_class_path(klass), ptr->enums);
                                       ~~~~~~~~~~~~                           ^~~~~~~~~~
../enumerator.c:3889:60: warning: format specifies type 'long' but the argument has type 'VALUE' (aka 'unsigned __intcap') [-Wformat]
    rb_raise(rb_eRangeError, "%+"PRIsVALUE" out of range", obj);
                              ~~~~~~~~~~~~                 ^~~
../enumerator.c:4211:64: warning: format specifies type 'long' but the argument has type 'VALUE' (aka 'unsigned __intcap') [-Wformat]
    str = rb_sprintf("(%s%"PRIsVALUE"%s.", range_p ? "(" : "", eobj, range_p ? ")" : "");
                         ~~~~~~~~~~~                           ^~~~
22 warnings generated.
compiling ../error.c
../error.c:178:64: warning: format specifies type 'long' but the argument has type 'VALUE' (aka 'unsigned __intcap') [-Wformat]
        rb_raise(rb_eArgError, "unknown category: %"PRIsVALUE, category);
                                                  ~~~~~~~~~~~  ^~~~~~~~
../error.c:1323:27: warning: format specifies type 'long' but the argument has type 'VALUE' (aka 'unsigned __intcap') [-Wformat]
                          displaying_class_of(x), tname);
                          ^~~~~~~~~~~~~~~~~~~~~~
../error.c:1417:14: warning: format specifies type 'long' but the argument has type 'VALUE' (aka 'unsigned __intcap') [-Wformat]
             actual, expected);
             ^~~~~~
../error.c:1665:47: warning: format specifies type 'long' but the argument has type 'VALUE' (aka 'unsigned __intcap') [-Wformat]
                        "order: %+"PRIsVALUE, order);
                                ~~~~~~~~~~~~  ^~~~~
../error.c:1851:42: warning: format specifies type 'long' but the argument has type 'VALUE' (aka 'unsigned __intcap') [-Wformat]
        rb_str_catf(str, ":%+"PRIsVALUE, exc);
                           ~~~~~~~~~~~~  ^~~
../error.c:2787:71: warning: format specifies type 'long' but the argument has type 'VALUE' (aka 'unsigned __intcap') [-Wformat]
    rb_raise(rb_eArgError, "invalid value for %s: %+"PRIsVALUE, type, s);
                                                  ~~~~~~~~~~~~        ^
../error.c:2966:26: warning: format specifies type 'long' but the argument has type 'VALUE' (aka 'unsigned __intcap') [-Wformat]
                         old_path, (void *)old_path, (void *)path);
                         ^~~~~~~~
../error.c:2970:26: warning: format specifies type 'long' but the argument has type 'VALUE' (aka 'unsigned __intcap') [-Wformat]
                         old_path, rb_enc_name(rb_enc_get(old_path)),
                         ^~~~~~~~
../error.c:2972:26: warning: format specifies type 'long' but the argument has type 'VALUE' (aka 'unsigned __intcap') [-Wformat]
                         path, rb_enc_name(rb_enc_get(path)));
                         ^~~~
../error.c:3136:64: warning: format specifies type 'long' but the argument has type 'VALUE' (aka 'unsigned __intcap') [-Wformat]
        if (!NIL_P(func)) rb_str_catf(errmsg, " @ %"PRIsVALUE, func);
                                                  ~~~~~~~~~~~  ^~~~
../error.c:3137:46: warning: format specifies type 'long' but the argument has type 'VALUE' (aka 'unsigned __intcap') [-Wformat]
        rb_str_catf(errmsg, " - %"PRIsVALUE, str);
                                ~~~~~~~~~~~  ^~~
../error.c:3812:14: warning: format specifies type 'long' but the argument has type 'VALUE' (aka 'unsigned __intcap') [-Wformat]
             rb_id2str(rb_frame_this_func()));
             ^~~~~~~~~~~~~~~~~~~~~~~~~~~~~~~
../error.c:4134:29: warning: format specifies type 'long' but the argument has type 'VALUE' (aka 'unsigned __intcap') [-Wformat]
                            CLASS_OF(frozen_obj));
                            ^~~~~~~~~~~~~~~~~~~~
../include/ruby/internal/globals.h:203:18: note: expanded from macro 'CLASS_OF'
#define CLASS_OF rb_class_of /**< @old{rb_class_of} */
                 ^
../error.c:4143:59: warning: format specifies type 'long' but the argument has type 'VALUE' (aka 'unsigned __intcap') [-Wformat]
        rb_str_catf(mesg, ", created at %"PRIsVALUE":%d", created_path, created_line);
                                        ~~~~~~~~~~~       ^~~~~~~~~~~~
14 warnings generated.
compiling ../eval.c
In file included from ../eval.c:58:
../eval_error.c:47:49: warning: format specifies type 'long' but the argument has type 'VALUE' (aka 'unsigned __intcap') [-Wformat]
            return rb_sprintf("%"PRIsVALUE": ", sourcefile);
                               ~~~~~~~~~~~      ^~~~~~~~~~
../eval_error.c:51:31: warning: format specifies type 'long' but the argument has type 'VALUE' (aka 'unsigned __intcap') [-Wformat]
                              sourcefile, sourceline,
                              ^~~~~~~~~~
../eval_error.c:52:31: warning: format specifies type 'long' but the argument has type 'VALUE' (aka 'unsigned __intcap') [-Wformat]
                              rb_id2str(caller_name));
                              ^~~~~~~~~~~~~~~~~~~~~~
../eval_error.c:55:52: warning: format specifies type 'long' but the argument has type 'VALUE' (aka 'unsigned __intcap') [-Wformat]
            return rb_sprintf("%"PRIsVALUE":%d: ", sourcefile, sourceline);
                               ~~~~~~~~~~~         ^~~~~~~~~~
../eval_error.c:259:76: warning: format specifies type 'long' but the argument has type 'VALUE' (aka 'unsigned __intcap') [-Wformat]
                write_warn_str(str, rb_str_catf(bt, "from %"PRIsVALUE"\n", line));
                ~~~~~~~~~~~~~~~~~~~~~~~~~~~~~~~~~~~~~~~~~~~~~~~~~~~~~~~~~~~^~~~~~
../eval_error.c:24:63: note: expanded from macro 'write_warn_str'
#define write_warn_str(str,x) NIL_P(str) ? rb_write_error_str(x) : (void)rb_str_concat((str), (x))
                                                              ^
../eval_error.c:259:76: warning: format specifies type 'long' but the argument has type 'VALUE' (aka 'unsigned __intcap') [-Wformat]
                write_warn_str(str, rb_str_catf(bt, "from %"PRIsVALUE"\n", line));
                ~~~~~~~~~~~~~~~~~~~~~~~~~~~~~~~~~~~~~~~~~~~~~~~~~~~~~~~~~~~^~~~~~
../eval_error.c:24:96: note: expanded from macro 'write_warn_str'
#define write_warn_str(str,x) NIL_P(str) ? rb_write_error_str(x) : (void)rb_str_concat((str), (x))
                                                                                               ^
../eval.c:461:82: warning: format specifies type 'long' but the argument has type 'VALUE' (aka 'unsigned __intcap') [-Wformat]
        rb_frozen_error_raise(klass, "can't modify frozen %s: %"PRIsVALUE, desc, klass);
                                                              ~~~~~~~~~~~        ^~~~~
../eval.c:592:32: warning: format specifies type 'long' but the argument has type 'VALUE' (aka 'unsigned __intcap') [-Wformat]
                               rb_obj_class(mesg), file, line, e);
                               ^~~~~~~~~~~~~~~~~~
../eval.c:592:64: warning: format specifies type 'long' but the argument has type 'VALUE' (aka 'unsigned __intcap') [-Wformat]
                               rb_obj_class(mesg), file, line, e);
                                                               ^
../eval.c:596:32: warning: format specifies type 'long' but the argument has type 'VALUE' (aka 'unsigned __intcap') [-Wformat]
                               rb_obj_class(mesg), file, e);
                               ^~~~~~~~~~~~~~~~~~
../eval.c:596:58: warning: format specifies type 'long' but the argument has type 'VALUE' (aka 'unsigned __intcap') [-Wformat]
                               rb_obj_class(mesg), file, e);
                                                         ^
../eval.c:600:32: warning: format specifies type 'long' but the argument has type 'VALUE' (aka 'unsigned __intcap') [-Wformat]
                               rb_obj_class(mesg), e);
                               ^~~~~~~~~~~~~~~~~~
../eval.c:600:52: warning: format specifies type 'long' but the argument has type 'VALUE' (aka 'unsigned __intcap') [-Wformat]
                               rb_obj_class(mesg), e);
                                                   ^
../eval.c:1292:18: warning: format specifies type 'long' but the argument has type 'VALUE' (aka 'unsigned __intcap') [-Wformat]
                 rb_obj_class(obj));
                 ^~~~~~~~~~~~~~~~~
../eval.c:1706:116: warning: format specifies type 'long' but the argument has type 'VALUE' (aka 'unsigned __intcap') [-Wformat]
        rb_raise(rb_eArgError, "Can't import method which is not defined with Ruby code: %"PRIsVALUE"#%"PRIsVALUE, rb_class_path(arg->module), rb_id2str(key));
                                                                                         ~~~~~~~~~~~               ^~~~~~~~~~~~~~~~~~~~~~~~~~
../eval.c:1706:144: warning: format specifies type 'long' but the argument has type 'VALUE' (aka 'unsigned __intcap') [-Wformat]
        rb_raise(rb_eArgError, "Can't import method which is not defined with Ruby code: %"PRIsVALUE"#%"PRIsVALUE, rb_class_path(arg->module), rb_id2str(key));
                                                                                                      ~~~~~~~~~~~                              ^~~~~~~~~~~~~~
../eval.c:1728:111: warning: format specifies type 'long' but the argument has type 'VALUE' (aka 'unsigned __intcap') [-Wformat]
            rb_warn("%"PRIsVALUE" has ancestors, but Refinement#import_methods doesn't import their methods", rb_class_path(argv[i]));
                     ~~~~~~~~~~~                                                                              ^~~~~~~~~~~~~~~~~~~~~~
17 warnings generated.
compiling ../file.c
../file.c:206:36: warning: format specifies type 'long' but the argument has type 'VALUE' (aka 'unsigned __intcap') [-Wformat]
                 rb_enc_name(enc), rb_str_inspect(str));
                                   ^~~~~~~~~~~~~~~~~~~
../file.c:3709:67: warning: format specifies type 'long' but the argument has type 'VALUE' (aka 'unsigned __intcap') [-Wformat]
        rb_raise(rb_eArgError, "user %"PRIsVALUE" doesn't exist", user);
                                     ~~~~~~~~~~~                  ^~~~
../file.c:3876:47: warning: format specifies type 'long' but the argument has type 'VALUE' (aka 'unsigned __intcap') [-Wformat]
                             (int)userlen, b, fname);
                                              ^~~~~
3 warnings generated.
compiling ../gc.c
In file included from ../gc.c:126:
../vm_callinfo.h:140:50: warning: binary expression on capability types 'VALUE' (aka 'unsigned __intcap') and 'unsigned __intcap'; it is not clear which should be used as the source of provenance; currently provenance is inherited from the left-hand side [-Wcheri-provenance]
        return (((VALUE)ci) >> CI_EMBED_ID_SHFT) & CI_EMBED_ID_MASK;
               ~~~~~~~~~~~~~~~~~~~~~~~~~~~~~~~~~ ^ ~~~~~~~~~~~~~~~~
../vm_callinfo.h:151:67: warning: binary expression on capability types 'VALUE' (aka 'unsigned __intcap') and 'unsigned __intcap'; it is not clear which should be used as the source of provenance; currently provenance is inherited from the left-hand side [-Wcheri-provenance]
        return (unsigned int)((((VALUE)ci) >> CI_EMBED_FLAG_SHFT) & CI_EMBED_FLAG_MASK);
                              ~~~~~~~~~~~~~~~~~~~~~~~~~~~~~~~~~~~ ^ ~~~~~~~~~~~~~~~~~~
../vm_callinfo.h:162:67: warning: binary expression on capability types 'VALUE' (aka 'unsigned __intcap') and 'unsigned __intcap'; it is not clear which should be used as the source of provenance; currently provenance is inherited from the left-hand side [-Wcheri-provenance]
        return (unsigned int)((((VALUE)ci) >> CI_EMBED_ARGC_SHFT) & CI_EMBED_ARGC_MASK);
                              ~~~~~~~~~~~~~~~~~~~~~~~~~~~~~~~~~~~ ^ ~~~~~~~~~~~~~~~~~~
../vm_callinfo.h:216:25: warning: binary expression on capability types 'ID' (aka 'unsigned __intcap') and 'unsigned __intcap'; it is not clear which should be used as the source of provenance; currently provenance is inherited from the left-hand side [-Wcheri-provenance]
    if (USE_EMBED_CI && VM_CI_EMBEDDABLE_P(mid, flag, argc, kwarg)) {
                        ^~~~~~~~~~~~~~~~~~~~~~~~~~~~~~~~~~~~~~~~~~
../vm_callinfo.h:197:14: note: expanded from macro 'VM_CI_EMBEDDABLE_P'
    (((mid ) & ~CI_EMBED_ID_MASK)   ? false :      \
      ~~~~~~ ^ ~~~~~~~~~~~~~~~~~
../gc.c:288:59: warning: format specifies type 'long' but the argument has type 'VALUE' (aka 'unsigned __intcap') [-Wformat]
            rb_warn("Exception in finalizer %+"PRIsVALUE, failed_final);
                                            ~~~~~~~~~~~~  ^~~~~~~~~~~~
In file included from ../gc.c:618:
../gc/default/default.c:1579:67: warning: format specifies type 'long' but the argument has type 'VALUE' (aka 'unsigned __intcap') [-Wformat]
        rb_raise(rb_eRangeError, "%+"PRIsVALUE" is not id value", rb_funcall(object_id, rb_intern("to_s"), 1, INT2FIX(10)));
                                  ~~~~~~~~~~~~                    ^~~~~~~~~~~~~~~~~~~~~~~~~~~~~~~~~~~~~~~~~~~~~~~~~~~~~~~~
../gc/default/default.c:1582:70: warning: format specifies type 'long' but the argument has type 'VALUE' (aka 'unsigned __intcap') [-Wformat]
        rb_raise(rb_eRangeError, "%+"PRIsVALUE" is recycled object", rb_funcall(object_id, rb_intern("to_s"), 1, INT2FIX(10)));
                                  ~~~~~~~~~~~~                       ^~~~~~~~~~~~~~~~~~~~~~~~~~~~~~~~~~~~~~~~~~~~~~~~~~~~~~~~
../gc/default/default.c:1960:88: warning: format specifies type 'unsigned long' but the argument has type 'unsigned __intcap __attribute__((cheri_no_provenance))' [-Wformat]
            rb_bug("same heap page is allocated: %p at %"PRIuVALUE, (void *)page_body, (VALUE)mid);
                                                       ~~~~~~~~~~~                     ^~~~~~~~~~
../gc/default/default.c:4085:26: warning: binary expression on capability types 'bits_t' (aka 'unsigned __intcap') and 'bits_t'; it is not clear which should be used as the source of provenance; currently provenance is inherited from the left-hand side [-Wcheri-provenance]
    bitset = pin_bits[0] & ~mark_bits[0];
             ~~~~~~~~~~~ ^ ~~~~~~~~~~~~~
../gc/default/default.c:4093:30: warning: binary expression on capability types 'bits_t' (aka 'unsigned __intcap') and 'bits_t'; it is not clear which should be used as the source of provenance; currently provenance is inherited from the left-hand side [-Wcheri-provenance]
        bitset = pin_bits[i] & ~mark_bits[i];
                 ~~~~~~~~~~~ ^ ~~~~~~~~~~~~~
../gc/default/default.c:5345:36: warning: binary expression on capability types 'bits_t' (aka 'unsigned __intcap') and 'bits_t'; it is not clear which should be used as the source of provenance; currently provenance is inherited from the left-hand side [-Wcheri-provenance]
        bits_t bits = mark_bits[0] & wbun_bits[0];
                      ~~~~~~~~~~~~ ^ ~~~~~~~~~~~~
../gc/default/default.c:5351:40: warning: binary expression on capability types 'bits_t' (aka 'unsigned __intcap') and 'bits_t'; it is not clear which should be used as the source of provenance; currently provenance is inherited from the left-hand side [-Wcheri-provenance]
            bits_t bits = mark_bits[j] & wbun_bits[j];
                          ~~~~~~~~~~~~ ^ ~~~~~~~~~~~~
../gc/default/default.c:5630:28: warning: binary expression on capability types 'bits_t' (aka 'unsigned __intcap') and 'bits_t'; it is not clear which should be used as the source of provenance; currently provenance is inherited from the left-hand side [-Wcheri-provenance]
    bitset = (mark_bits[0] & ~pin_bits[0]);
              ~~~~~~~~~~~~ ^ ~~~~~~~~~~~~
../gc/default/default.c:5639:32: warning: binary expression on capability types 'bits_t' (aka 'unsigned __intcap') and 'bits_t'; it is not clear which should be used as the source of provenance; currently provenance is inherited from the left-hand side [-Wcheri-provenance]
        bitset = (mark_bits[j] & ~pin_bits[j]);
                  ~~~~~~~~~~~~ ^ ~~~~~~~~~~~~
../gc/default/default.c:5972:71: warning: binary expression on capability types 'bits_t' (aka 'unsigned __intcap') and 'bits_t'; it is not clear which should be used as the source of provenance; currently provenance is inherited from the left-hand side [-Wcheri-provenance]
                bits[j] = remembered_bits[j] | (uncollectible_bits[j] & wb_unprotected_bits[j]);
                                                ~~~~~~~~~~~~~~~~~~~~~ ^ ~~~~~~~~~~~~~~~~~~~~~~
../gc/default/default.c:5972:46: warning: binary expression on capability types 'bits_t' (aka 'unsigned __intcap') and 'unsigned __intcap'; it is not clear which should be used as the source of provenance; currently provenance is inherited from the left-hand side [-Wcheri-provenance]
                bits[j] = remembered_bits[j] | (uncollectible_bits[j] & wb_unprotected_bits[j]);
                          ~~~~~~~~~~~~~~~~~~ ^ ~~~~~~~~~~~~~~~~~~~~~~~~~~~~~~~~~~~~~~~~~~~~~~~~
../gc/default/default.c:6085:94: warning: format specifies type 'unsigned long' but the argument has type 'VALUE' (aka 'unsigned __intcap') [-Wformat]
        if (SPECIAL_CONST_P(a)) rb_bug("rb_gc_writebarrier: a is special const: %"PRIxVALUE, a);
                                                                                ~~~~~~~~~~~  ^
../gc/default/default.c:6086:94: warning: format specifies type 'unsigned long' but the argument has type 'VALUE' (aka 'unsigned __intcap') [-Wformat]
        if (SPECIAL_CONST_P(b)) rb_bug("rb_gc_writebarrier: b is special const: %"PRIxVALUE, b);
                                                                                ~~~~~~~~~~~  ^
../gc.c:1074:72: warning: format specifies type 'long' but the argument has type 'VALUE' (aka 'unsigned __intcap') [-Wformat]
        rb_warn("undefining the allocator of T_DATA class %"PRIsVALUE, klass);
                                                          ~~~~~~~~~~~  ^~~~~
../gc.c:1448:9: warning: format specifies type 'unsigned long' but the argument has type 'VALUE __attribute__((cheri_no_provenance))' (aka 'unsigned __intcap') [-Wformat]
        UNEXPECTED_NODE(obj_free);
        ^~~~~~~~~~~~~~~~~~~~~~~~~
../gc.c:1067:45: note: expanded from macro 'UNEXPECTED_NODE'
           BUILTIN_TYPE(obj), (void*)(obj), RBASIC(obj)->flags)
                                            ^~~~~~~~~~~~~~~~~~
../include/ruby/internal/core/rbasic.h:40:37: note: expanded from macro 'RBASIC'
#define RBASIC(obj)                 RBIMPL_CAST((struct RBasic *)(obj))
                                    ^
../include/ruby/internal/cast.h:31:28: note: expanded from macro 'RBIMPL_CAST'
# define RBIMPL_CAST(expr) (expr)
                           ^
../gc.c:1472:47: warning: format specifies type 'unsigned long' but the argument has type 'VALUE __attribute__((cheri_no_provenance))' (aka 'unsigned __intcap') [-Wformat]
               BUILTIN_TYPE(obj), (void*)obj, RBASIC(obj)->flags);
                                              ^~~~~~~~~~~~~~~~~~
../include/ruby/internal/core/rbasic.h:40:37: note: expanded from macro 'RBASIC'
#define RBASIC(obj)                 RBIMPL_CAST((struct RBasic *)(obj))
                                    ^
../include/ruby/internal/cast.h:31:28: note: expanded from macro 'RBIMPL_CAST'
# define RBIMPL_CAST(expr) (expr)
                           ^
../gc.c:1498:13: warning: format specifies type 'unsigned long' but the argument has type 'VALUE __attribute__((cheri_no_provenance))' (aka 'unsigned __intcap') [-Wformat]
            UNEXPECTED_NODE(internal_object_p);
            ^~~~~~~~~~~~~~~~~~~~~~~~~~~~~~~~~~
../gc.c:1067:45: note: expanded from macro 'UNEXPECTED_NODE'
           BUILTIN_TYPE(obj), (void*)(obj), RBASIC(obj)->flags)
                                            ^~~~~~~~~~~~~~~~~~
../include/ruby/internal/core/rbasic.h:40:37: note: expanded from macro 'RBASIC'
#define RBASIC(obj)                 RBIMPL_CAST((struct RBasic *)(obj))
                                    ^
../include/ruby/internal/cast.h:31:28: note: expanded from macro 'RBIMPL_CAST'
# define RBIMPL_CAST(expr) (expr)
                           ^
../gc.c:1634:18: warning: format specifies type 'long' but the argument has type 'VALUE' (aka 'unsigned __intcap') [-Wformat]
                 rb_obj_class(block));
                 ^~~~~~~~~~~~~~~~~~~
../gc.c:1813:71: warning: format specifies type 'long' but the argument has type 'VALUE' (aka 'unsigned __intcap') [-Wformat]
            rb_raise(rb_eRangeError, "%+"PRIsVALUE" is not id value", rb_int2str(objid, 10));
                                      ~~~~~~~~~~~~                    ^~~~~~~~~~~~~~~~~~~~~
../gc.c:1822:99: warning: format specifies type 'long' but the argument has type 'VALUE' (aka 'unsigned __intcap') [-Wformat]
        rb_raise(rb_eRangeError, "%+"PRIsVALUE" is id of the unshareable object on multi-ractor", rb_int2str(objid, 10));
                                  ~~~~~~~~~~~~                                                    ^~~~~~~~~~~~~~~~~~~~~
../gc.c:2023:9: warning: format specifies type 'unsigned long' but the argument has type 'VALUE __attribute__((cheri_no_provenance))' (aka 'unsigned __intcap') [-Wformat]
        UNEXPECTED_NODE(obj_memsize_of);
        ^~~~~~~~~~~~~~~~~~~~~~~~~~~~~~~
../gc.c:1067:45: note: expanded from macro 'UNEXPECTED_NODE'
           BUILTIN_TYPE(obj), (void*)(obj), RBASIC(obj)->flags)
                                            ^~~~~~~~~~~~~~~~~~
../include/ruby/internal/core/rbasic.h:40:37: note: expanded from macro 'RBASIC'
#define RBASIC(obj)                 RBIMPL_CAST((struct RBasic *)(obj))
                                    ^
../include/ruby/internal/cast.h:31:28: note: expanded from macro 'RBIMPL_CAST'
# define RBIMPL_CAST(expr) (expr)
                           ^
../gc.c:2693:9: warning: format specifies type 'unsigned long' but the argument has type 'VALUE __attribute__((cheri_no_provenance))' (aka 'unsigned __intcap') [-Wformat]
        UNEXPECTED_NODE(rb_gc_mark);
        ^~~~~~~~~~~~~~~~~~~~~~~~~~~
../gc.c:1067:45: note: expanded from macro 'UNEXPECTED_NODE'
           BUILTIN_TYPE(obj), (void*)(obj), RBASIC(obj)->flags)
                                            ^~~~~~~~~~~~~~~~~~
../include/ruby/internal/core/rbasic.h:40:37: note: expanded from macro 'RBASIC'
#define RBASIC(obj)                 RBIMPL_CAST((struct RBasic *)(obj))
                                    ^
../include/ruby/internal/cast.h:31:28: note: expanded from macro 'RBIMPL_CAST'
# define RBIMPL_CAST(expr) (expr)
                           ^
../gc.c:3015:17: warning: format specifies type 'long' but the argument has type 'VALUE' (aka 'unsigned __intcap') [-Wformat]
                rb_obj_class(obj));
                ^~~~~~~~~~~~~~~~~
../gc.c:3738:59: warning: format specifies type 'long' but the argument has type 'VALUE' (aka 'unsigned __intcap') [-Wformat]
        rb_raise(rb_eArgError, "unknown key: %"PRIsVALUE, rb_sym2str(key));
                                             ~~~~~~~~~~~  ^~~~~~~~~~~~~~~
../gc.c:3759:59: warning: format specifies type 'long' but the argument has type 'VALUE' (aka 'unsigned __intcap') [-Wformat]
        rb_raise(rb_eArgError, "unknown key: %"PRIsVALUE, rb_sym2str(arg));
                                             ~~~~~~~~~~~  ^~~~~~~~~~~~~~~
../gc.c:3777:59: warning: format specifies type 'long' but the argument has type 'VALUE' (aka 'unsigned __intcap') [-Wformat]
        rb_raise(rb_eArgError, "unknown key: %"PRIsVALUE, rb_sym2str(arg));
                                             ~~~~~~~~~~~  ^~~~~~~~~~~~~~~
../gc.c:3814:59: warning: format specifies type 'long' but the argument has type 'VALUE' (aka 'unsigned __intcap') [-Wformat]
        rb_raise(rb_eArgError, "unknown key: %"PRIsVALUE, rb_sym2str(arg));
                                             ~~~~~~~~~~~  ^~~~~~~~~~~~~~~
../gc.c:4154:13: warning: format specifies type 'unsigned long' but the argument has type 'VALUE __attribute__((cheri_no_provenance))' (aka 'unsigned __intcap') [-Wformat]
            UNEXPECTED_NODE(rb_raw_obj_info);
            ^~~~~~~~~~~~~~~~~~~~~~~~~~~~~~~~
../gc.c:1067:45: note: expanded from macro 'UNEXPECTED_NODE'
           BUILTIN_TYPE(obj), (void*)(obj), RBASIC(obj)->flags)
                                            ^~~~~~~~~~~~~~~~~~
../include/ruby/internal/core/rbasic.h:40:37: note: expanded from macro 'RBASIC'
#define RBASIC(obj)                 RBIMPL_CAST((struct RBasic *)(obj))
                                    ^
../include/ruby/internal/cast.h:31:28: note: expanded from macro 'RBIMPL_CAST'
# define RBIMPL_CAST(expr) (expr)
                           ^
33 warnings generated.
compiling ../hash.c
../hash.c:326:1: warning: non-void function does not return a value [-Wreturn-type]
}
^
../hash.c:1484:54: warning: binary expression on capability types 'unsigned __intcap' and 'VALUE' (aka 'unsigned __intcap'); it is not clear which should be used as the source of provenance; currently provenance is inherited from the left-hand side [-Wcheri-provenance]
    NEWOBJ_OF(hash, struct RHash, klass, T_HASH | wb | flags, size, 0);
    ~~~~~~~~~~~~~~~~~~~~~~~~~~~~~~~~~~~~~~~~~~~~~~~~~^~~~~~~~~~~~~~~~~
../internal/gc.h:126:24: note: expanded from macro 'NEWOBJ_OF'
    T *(var) = (T *)(((f) & FL_WB_PROTECTED) ? \
                       ^
../hash.c:1484:54: warning: binary expression on capability types 'unsigned __intcap' and 'VALUE' (aka 'unsigned __intcap'); it is not clear which should be used as the source of provenance; currently provenance is inherited from the left-hand side [-Wcheri-provenance]
    NEWOBJ_OF(hash, struct RHash, klass, T_HASH | wb | flags, size, 0);
    ~~~~~~~~~~~~~~~~~~~~~~~~~~~~~~~~~~~~~~~~~~~~~~~~~^~~~~~~~~~~~~~~~~
../internal/gc.h:127:67: note: expanded from macro 'NEWOBJ_OF'
            rb_wb_protected_newobj_of((ec ? ec : GET_EC()), (c), (f) & ~FL_WB_PROTECTED, s) : \
                                                                  ^
../hash.c:1484:54: warning: binary expression on capability types 'unsigned __intcap' and 'VALUE' (aka 'unsigned __intcap'); it is not clear which should be used as the source of provenance; currently provenance is inherited from the left-hand side [-Wcheri-provenance]
    NEWOBJ_OF(hash, struct RHash, klass, T_HASH | wb | flags, size, 0);
    ~~~~~~~~~~~~~~~~~~~~~~~~~~~~~~~~~~~~~~~~~~~~~~~~~^~~~~~~~~~~~~~~~~
../internal/gc.h:128:47: note: expanded from macro 'NEWOBJ_OF'
            rb_wb_unprotected_newobj_of((c), (f), s))
                                              ^
../hash.c:2187:70: warning: format specifies type 'long' but the argument has type 'VALUE' (aka 'unsigned __intcap') [-Wformat]
            rb_key_err_raise(rb_sprintf("key not found: %"PRIsVALUE, desc), hash, key);
                                                        ~~~~~~~~~~~  ^~~~
../hash.c:5064:76: warning: format specifies type 'long' but the argument has type 'VALUE' (aka 'unsigned __intcap') [-Wformat]
            rb_key_err_raise(rb_sprintf("key not found: \"%"PRIsVALUE"\"", key), envtbl, key);
                                                          ~~~~~~~~~~~      ^~~
6 warnings generated.
compiling ../inits.c
compiling ../imemo.c
In file included from ../imemo.c:6:
../vm_callinfo.h:140:50: warning: binary expression on capability types 'VALUE' (aka 'unsigned __intcap') and 'unsigned __intcap'; it is not clear which should be used as the source of provenance; currently provenance is inherited from the left-hand side [-Wcheri-provenance]
        return (((VALUE)ci) >> CI_EMBED_ID_SHFT) & CI_EMBED_ID_MASK;
               ~~~~~~~~~~~~~~~~~~~~~~~~~~~~~~~~~ ^ ~~~~~~~~~~~~~~~~
../vm_callinfo.h:151:67: warning: binary expression on capability types 'VALUE' (aka 'unsigned __intcap') and 'unsigned __intcap'; it is not clear which should be used as the source of provenance; currently provenance is inherited from the left-hand side [-Wcheri-provenance]
        return (unsigned int)((((VALUE)ci) >> CI_EMBED_FLAG_SHFT) & CI_EMBED_FLAG_MASK);
                              ~~~~~~~~~~~~~~~~~~~~~~~~~~~~~~~~~~~ ^ ~~~~~~~~~~~~~~~~~~
../vm_callinfo.h:162:67: warning: binary expression on capability types 'VALUE' (aka 'unsigned __intcap') and 'unsigned __intcap'; it is not clear which should be used as the source of provenance; currently provenance is inherited from the left-hand side [-Wcheri-provenance]
        return (unsigned int)((((VALUE)ci) >> CI_EMBED_ARGC_SHFT) & CI_EMBED_ARGC_MASK);
                              ~~~~~~~~~~~~~~~~~~~~~~~~~~~~~~~~~~~ ^ ~~~~~~~~~~~~~~~~~~
../vm_callinfo.h:216:25: warning: binary expression on capability types 'ID' (aka 'unsigned __intcap') and 'unsigned __intcap'; it is not clear which should be used as the source of provenance; currently provenance is inherited from the left-hand side [-Wcheri-provenance]
    if (USE_EMBED_CI && VM_CI_EMBEDDABLE_P(mid, flag, argc, kwarg)) {
                        ^~~~~~~~~~~~~~~~~~~~~~~~~~~~~~~~~~~~~~~~~~
../vm_callinfo.h:197:14: note: expanded from macro 'VM_CI_EMBEDDABLE_P'
    (((mid ) & ~CI_EMBED_ID_MASK)   ? false :      \
      ~~~~~~ ^ ~~~~~~~~~~~~~~~~~
4 warnings generated.
compiling ../io.c
../io.c:569:43: warning: binary expression on capability types 'unsigned __intcap' and 'unsigned __intcap'; it is not clear which should be used as the source of provenance; currently provenance is inherited from the left-hand side [-Wcheri-provenance]
            INT2FIX(SIGPIPE) - INT2FIX(0) +
            ~~~~~~~~~~~~~~~~~~~~~~~~~~~~~ ^
../io.c:2311:17: warning: format specifies type 'long' but the argument has type 'VALUE' (aka 'unsigned __intcap') [-Wformat]
                klass, sep
                ^~~~~
../io.c:2906:75: warning: format specifies type 'long' but the argument has type 'VALUE' (aka 'unsigned __intcap') [-Wformat]
    rb_raise(rb_eTypeError, "expected IO or #fileno, %"PRIsVALUE" given", rb_obj_class(io));
                                                     ~~~~~~~~~~~          ^~~~~~~~~~~~~~~~
../io.c:6767:21: warning: format specifies type 'long' but the argument has type 'VALUE' (aka 'unsigned __intcap') [-Wformat]
                    encoding, UNDEF_P(extenc) ? "internal" : "external");
                    ^~~~~~~~
../io.c:8520:67: warning: format specifies type 'long' but the argument has type 'VALUE' (aka 'unsigned __intcap') [-Wformat]
            rb_warn("setvbuf() can't be honoured for %"PRIsVALUE, fptr->pathv);
                                                     ~~~~~~~~~~~  ^~~~~~~~~~~
../io.c:8524:71: warning: format specifies type 'long' but the argument has type 'VALUE' (aka 'unsigned __intcap') [-Wformat]
                rb_warn("setvbuf() can't be honoured for %"PRIsVALUE, fptr->pathv);
                                                         ~~~~~~~~~~~  ^~~~~~~~~~~
../io.c:8528:71: warning: format specifies type 'long' but the argument has type 'VALUE' (aka 'unsigned __intcap') [-Wformat]
                rb_warn("setvbuf() can't be honoured for %"PRIsVALUE, fptr->pathv);
                                                         ~~~~~~~~~~~  ^~~~~~~~~~~
../io.c:9197:18: warning: format specifies type 'long' but the argument has type 'VALUE' (aka 'unsigned __intcap') [-Wformat]
                 rb_id2str(id), rb_id2str(mid),
                 ^~~~~~~~~~~~~
../io.c:9197:33: warning: format specifies type 'long' but the argument has type 'VALUE' (aka 'unsigned __intcap') [-Wformat]
                 rb_id2str(id), rb_id2str(mid),
                                ^~~~~~~~~~~~~~
../io.c:9198:18: warning: format specifies type 'long' but the argument has type 'VALUE' (aka 'unsigned __intcap') [-Wformat]
                 rb_obj_class(val));
                 ^~~~~~~~~~~~~~~~~
../io.c:9677:17: warning: format specifies type 'long' but the argument has type 'VALUE' (aka 'unsigned __intcap') [-Wformat]
                cname, cname);
                ^~~~~
../io.c:9677:24: warning: format specifies type 'long' but the argument has type 'VALUE' (aka 'unsigned __intcap') [-Wformat]
                cname, cname);
                       ^~~~~
../io.c:9870:60: warning: format specifies type 'long' but the argument has type 'VALUE' (aka 'unsigned __intcap') [-Wformat]
    rb_raise(rb_eArgError, "unsupported mode: %"PRIsVALUE, mode);
                                              ~~~~~~~~~~~  ^~~~
../io.c:10183:37: warning: format specifies type 'long' but the argument has type 'VALUE' (aka 'unsigned __intcap') [-Wformat]
                                    filename, str, strerror(errno));
                                    ^~~~~~~~
../io.c:10183:47: warning: format specifies type 'long' but the argument has type 'VALUE' (aka 'unsigned __intcap') [-Wformat]
                                    filename, str, strerror(errno));
                                              ^~~
../io.c:10195:37: warning: format specifies type 'long' but the argument has type 'VALUE' (aka 'unsigned __intcap') [-Wformat]
                                    filename, strerror(errno));
                                    ^~~~~~~~
../io.c:10219:37: warning: format specifies type 'long' but the argument has type 'VALUE' (aka 'unsigned __intcap') [-Wformat]
                                    filename, str, strerror(errno));
                                    ^~~~~~~~
../io.c:10219:47: warning: format specifies type 'long' but the argument has type 'VALUE' (aka 'unsigned __intcap') [-Wformat]
                                    filename, str, strerror(errno));
                                              ^~~
../io.c:10878:36: warning: format specifies type 'long' but the argument has type 'VALUE' (aka 'unsigned __intcap') [-Wformat]
                                   fptr->pathv, offset, len, advice);
                                   ^~~~~~~~~~~
../io.c:10878:62: warning: format specifies type 'long' but the argument has type 'VALUE' (aka 'unsigned __intcap') [-Wformat]
                                   fptr->pathv, offset, len, advice);
                                                             ^~~~~~
../io.c:10899:70: warning: format specifies type 'long' but the argument has type 'VALUE' (aka 'unsigned __intcap') [-Wformat]
        rb_raise(rb_eNotImpError, "Unsupported advice: %+"PRIsVALUE, advice);
                                                       ~~~~~~~~~~~~  ^~~~~~
../io.c:11691:68: warning: format specifies type 'long' but the argument has type 'VALUE' (aka 'unsigned __intcap') [-Wformat]
    if (!enc) rb_warn("Unsupported encoding %"PRIsVALUE" ignored", v);
                                            ~~~~~~~~~~~            ^
22 warnings generated.
compiling ../io_buffer.c
compiling ../iseq.c
In file included from ../iseq.c:41:
../vm_callinfo.h:140:50: warning: binary expression on capability types 'VALUE' (aka 'unsigned __intcap') and 'unsigned __intcap'; it is not clear which should be used as the source of provenance; currently provenance is inherited from the left-hand side [-Wcheri-provenance]
        return (((VALUE)ci) >> CI_EMBED_ID_SHFT) & CI_EMBED_ID_MASK;
               ~~~~~~~~~~~~~~~~~~~~~~~~~~~~~~~~~ ^ ~~~~~~~~~~~~~~~~
../vm_callinfo.h:151:67: warning: binary expression on capability types 'VALUE' (aka 'unsigned __intcap') and 'unsigned __intcap'; it is not clear which should be used as the source of provenance; currently provenance is inherited from the left-hand side [-Wcheri-provenance]
        return (unsigned int)((((VALUE)ci) >> CI_EMBED_FLAG_SHFT) & CI_EMBED_FLAG_MASK);
                              ~~~~~~~~~~~~~~~~~~~~~~~~~~~~~~~~~~~ ^ ~~~~~~~~~~~~~~~~~~
../vm_callinfo.h:162:67: warning: binary expression on capability types 'VALUE' (aka 'unsigned __intcap') and 'unsigned __intcap'; it is not clear which should be used as the source of provenance; currently provenance is inherited from the left-hand side [-Wcheri-provenance]
        return (unsigned int)((((VALUE)ci) >> CI_EMBED_ARGC_SHFT) & CI_EMBED_ARGC_MASK);
                              ~~~~~~~~~~~~~~~~~~~~~~~~~~~~~~~~~~~ ^ ~~~~~~~~~~~~~~~~~~
../vm_callinfo.h:216:25: warning: binary expression on capability types 'ID' (aka 'unsigned __intcap') and 'unsigned __intcap'; it is not clear which should be used as the source of provenance; currently provenance is inherited from the left-hand side [-Wcheri-provenance]
    if (USE_EMBED_CI && VM_CI_EMBEDDABLE_P(mid, flag, argc, kwarg)) {
                        ^~~~~~~~~~~~~~~~~~~~~~~~~~~~~~~~~~~~~~~~~~
../vm_callinfo.h:197:14: note: expanded from macro 'VM_CI_EMBEDDABLE_P'
    (((mid ) & ~CI_EMBED_ID_MASK)   ? false :      \
      ~~~~~~ ^ ~~~~~~~~~~~~~~~~~
../iseq.c:1197:66: warning: format specifies type 'long' but the argument has type 'VALUE' (aka 'unsigned __intcap') [-Wformat]
        rb_raise(rb_eTypeError, "unsupported type: :%"PRIsVALUE, rb_sym2str(type));
                                                    ~~~~~~~~~~~  ^~~~~~~~~~~~~~~~
../iseq.c:1501:22: warning: format specifies type 'long' but the argument has type 'VALUE' (aka 'unsigned __intcap') [-Wformat]
                     iseq->wrapper, (void *)iseq);
                     ^~~~~~~~~~~~~
../iseq.c:1934:61: warning: format specifies type 'long' but the argument has type 'VALUE' (aka 'unsigned __intcap') [-Wformat]
        return rb_sprintf("#<%"PRIsVALUE": uninitialized>", klass);
                             ~~~~~~~~~~~                    ^~~~~
../iseq.c:1938:27: warning: format specifies type 'long' but the argument has type 'VALUE' (aka 'unsigned __intcap') [-Wformat]
                          klass,
                          ^~~~~
../iseq.c:1939:27: warning: format specifies type 'long' but the argument has type 'VALUE' (aka 'unsigned __intcap') [-Wformat]
                          body->location.label, rb_iseq_path(iseq),
                          ^~~~~~~~~~~~~~~~~~~~
../iseq.c:1939:49: warning: format specifies type 'long' but the argument has type 'VALUE' (aka 'unsigned __intcap') [-Wformat]
                          body->location.label, rb_iseq_path(iseq),
                                                ^~~~~~~~~~~~~~~~~~
../iseq.c:2407:40: warning: format specifies type 'long' but the argument has type 'VALUE' (aka 'unsigned __intcap') [-Wformat]
        ret = rb_sprintf("%"PRIdVALUE, (VALUE)(pos + len + op));
                          ~~~~~~~~~~~  ^~~~~~~~~~~~~~~~~~~~~~~
../iseq.c:2435:40: warning: format specifies type 'unsigned long' but the argument has type 'VALUE' (aka 'unsigned __intcap') [-Wformat]
        ret = rb_sprintf("%"PRIuVALUE, op);
                          ~~~~~~~~~~~  ^~
../iseq.c:2518:63: warning: format specifies type 'long' but the argument has type 'VALUE' (aka 'unsigned __intcap') [-Wformat]
                rb_ary_push(ary, rb_sprintf("mid:%"PRIsVALUE, rb_id2str(mid)));
                                                 ~~~~~~~~~~~  ^~~~~~~~~~~~~~
../iseq.c:2526:66: warning: format specifies type 'long' but the argument has type 'VALUE' (aka 'unsigned __intcap') [-Wformat]
                rb_ary_push(ary, rb_sprintf("kw:[%"PRIsVALUE"]", rb_ary_join(kw_ary, rb_str_new2(","))));
                                                 ~~~~~~~~~~~     ^~~~~~~~~~~~~~~~~~~~~~~~~~~~~~~~~~~~~
../iseq.c:2549:57: warning: format specifies type 'long' but the argument has type 'VALUE' (aka 'unsigned __intcap') [-Wformat]
            ret = rb_sprintf("<calldata!%"PRIsVALUE">", rb_ary_join(ary, rb_str_new2(", ")));
                                        ~~~~~~~~~~~     ^~~~~~~~~~~~~~~~~~~~~~~~~~~~~~~~~~~
../iseq.c:2701:27: warning: format specifies type 'long' but the argument has type 'VALUE' (aka 'unsigned __intcap') [-Wformat]
                          body->location.label, rb_iseq_path(iseq),
                          ^~~~~~~~~~~~~~~~~~~~
../iseq.c:2701:49: warning: format specifies type 'long' but the argument has type 'VALUE' (aka 'unsigned __intcap') [-Wformat]
                          body->location.label, rb_iseq_path(iseq),
                                                ^~~~~~~~~~~~~~~~~~
../iseq.c:2823:30: warning: format specifies type 'long' but the argument has type 'VALUE' (aka 'unsigned __intcap') [-Wformat]
                             body->param.opt_table[li - argc]);
                             ^~~~~~~~~~~~~~~~~~~~~~~~~~~~~~~~
18 warnings generated.
compiling ../load.c
../load.c:949:34: warning: format specifies type 'long' but the argument has type 'VALUE' (aka 'unsigned __intcap') [-Wformat]
        rb_warning("%"PRIsVALUE, warning);
                    ~~~~~~~~~~~  ^~~~~~~
../load.c:1613:23: warning: cast from provenance-free integer type to pointer type will give pointer that can not be dereferenced [-Wcheri-capability-misuse]
    return dln_symbol((void *)NUM2SVALUE(handle), symbol);
                      ^
2 warnings generated.
compiling ../marshal.c
../marshal.c:186:18: warning: format specifies type 'long' but the argument has type 'VALUE' (aka 'unsigned __intcap') [-Wformat]
                 klass, name);
                 ^~~~~
../marshal.c:242:24: warning: format specifies type 'long' but the argument has type 'VALUE' (aka 'unsigned __intcap') [-Wformat]
                 type, path);
                       ^~~~
../marshal.c:246:24: warning: format specifies type 'long' but the argument has type 'VALUE' (aka 'unsigned __intcap') [-Wformat]
                 type, path);
                       ^~~~
../marshal.c:258:71: warning: format specifies type 'long' but the argument has type 'VALUE' (aka 'unsigned __intcap') [-Wformat]
        rb_raise(rb_eTypeError, "% "PRIsVALUE" can't be referred to", path);
                                 ~~~~~~~~~~~~                         ^~~~
../marshal.c:471:75: warning: format specifies type 'long' but the argument has type 'VALUE' (aka 'unsigned __intcap') [-Wformat]
            rb_raise(rb_eTypeError, "can't dump anonymous ID %"PRIdVALUE, sym);
                                                             ~~~~~~~~~~~  ^~~
../marshal.c:604:21: warning: format specifies type 'long' but the argument has type 'VALUE' (aka 'unsigned __intcap') [-Wformat]
                    CLASS_OF(arg->obj));
                    ^~~~~~~~~~~~~~~~~~
../include/ruby/internal/globals.h:203:18: note: expanded from macro 'CLASS_OF'
#define CLASS_OF rb_class_of /**< @old{rb_class_of} */
                 ^
../marshal.c:608:21: warning: format specifies type 'long' but the argument has type 'VALUE' (aka 'unsigned __intcap') [-Wformat]
                    CLASS_OF(arg->obj));
                    ^~~~~~~~~~~~~~~~~~
../include/ruby/internal/globals.h:203:18: note: expanded from macro 'CLASS_OF'
#define CLASS_OF rb_class_of /**< @old{rb_class_of} */
                 ^
../marshal.c:720:21: warning: format specifies type 'long' but the argument has type 'VALUE' (aka 'unsigned __intcap') [-Wformat]
                    CLASS_OF(arg->obj));
                    ^~~~~~~~~~~~~~~~~~
../include/ruby/internal/globals.h:203:18: note: expanded from macro 'CLASS_OF'
#define CLASS_OF rb_class_of /**< @old{rb_class_of} */
                 ^
../marshal.c:724:21: warning: format specifies type 'long' but the argument has type 'VALUE' (aka 'unsigned __intcap') [-Wformat]
                    CLASS_OF(arg->obj));
                    ^~~~~~~~~~~~~~~~~~
../include/ruby/internal/globals.h:203:18: note: expanded from macro 'CLASS_OF'
#define CLASS_OF rb_class_of /**< @old{rb_class_of} */
                 ^
../marshal.c:1076:30: warning: format specifies type 'long' but the argument has type 'VALUE' (aka 'unsigned __intcap') [-Wformat]
                             rb_obj_class(obj));
                             ^~~~~~~~~~~~~~~~~
../marshal.c:1086:22: warning: format specifies type 'long' but the argument has type 'VALUE' (aka 'unsigned __intcap') [-Wformat]
                     rb_obj_class(obj));
                     ^~~~~~~~~~~~~~~~~
../marshal.c:1561:59: warning: format specifies type 'long' but the argument has type 'VALUE' (aka 'unsigned __intcap') [-Wformat]
                     rb_enc_name(rb_enc_from_index(idx)), s);
                                                          ^
../marshal.c:1695:13: warning: format specifies type 'long' but the argument has type 'VALUE' (aka 'unsigned __intcap') [-Wformat]
            override_ivar_error("module", rb_mod_name(obj));
            ^~~~~~~~~~~~~~~~~~~~~~~~~~~~~~~~~~~~~~~~~~~~~~~
../marshal.c:1685:18: note: expanded from macro 'override_ivar_error'
                 (str))
                 ^~~~~
../marshal.c:1698:13: warning: format specifies type 'long' but the argument has type 'VALUE' (aka 'unsigned __intcap') [-Wformat]
            override_ivar_error("class", rb_class_name(obj));
            ^~~~~~~~~~~~~~~~~~~~~~~~~~~~~~~~~~~~~~~~~~~~~~~~
../marshal.c:1685:18: note: expanded from macro 'override_ivar_error'
                 (str))
                 ^~~~~
../marshal.c:1709:79: warning: format specifies type 'long' but the argument has type 'VALUE' (aka 'unsigned __intcap') [-Wformat]
                    rb_raise(rb_eArgError, "%"PRIsVALUE" is not enc_capable", obj);
                                            ~~~~~~~~~~~                       ^~~
../marshal.c:1718:107: warning: format specifies type 'long' but the argument has type 'VALUE' (aka 'unsigned __intcap') [-Wformat]
                    rb_raise(rb_eArgError, "ruby2_keywords flag is given but %"PRIsVALUE" is not a Hash", obj);
                                                                             ~~~~~~~~~~~                  ^~~
../marshal.c:1734:72: warning: format specifies type 'long' but the argument has type 'VALUE' (aka 'unsigned __intcap') [-Wformat]
        rb_raise(rb_eArgError, "%"PRIsVALUE" does not refer to class", path);
                                ~~~~~~~~~~~                            ^~~~
../marshal.c:1745:73: warning: format specifies type 'long' but the argument has type 'VALUE' (aka 'unsigned __intcap') [-Wformat]
        rb_raise(rb_eArgError, "%"PRIsVALUE" does not refer to module", path);
                                ~~~~~~~~~~~                             ^~~~
../marshal.c:1847:30: warning: format specifies type 'long' but the argument has type 'VALUE' (aka 'unsigned __intcap') [-Wformat]
                             path, rb_class_name(c));
                             ^~~~
../marshal.c:1847:36: warning: format specifies type 'long' but the argument has type 'VALUE' (aka 'unsigned __intcap') [-Wformat]
                             path, rb_class_name(c));
                                   ^~~~~~~~~~~~~~~~
../marshal.c:2078:76: warning: format specifies type 'long' but the argument has type 'VALUE' (aka 'unsigned __intcap') [-Wformat]
                rb_raise(rb_eTypeError, "class %"PRIsVALUE" not a struct", rb_class_name(klass));
                                               ~~~~~~~~~~~                 ^~~~~~~~~~~~~~~~~~~~
../marshal.c:2083:26: warning: format specifies type 'long' but the argument has type 'VALUE' (aka 'unsigned __intcap') [-Wformat]
                         rb_class_name(klass));
                         ^~~~~~~~~~~~~~~~~~~~
../marshal.c:2102:34: warning: format specifies type 'long' but the argument has type 'VALUE' (aka 'unsigned __intcap') [-Wformat]
                                 rb_class_name(klass),
                                 ^~~~~~~~~~~~~~~~~~~~
../marshal.c:2103:34: warning: format specifies type 'long' but the argument has type 'VALUE' (aka 'unsigned __intcap') [-Wformat]
                                 slot, n);
                                 ^~~~
../marshal.c:2103:40: warning: format specifies type 'long' but the argument has type 'VALUE' (aka 'unsigned __intcap') [-Wformat]
                                 slot, n);
                                       ^
../marshal.c:2129:26: warning: format specifies type 'long' but the argument has type 'VALUE' (aka 'unsigned __intcap') [-Wformat]
                         name);
                         ^~~~
../marshal.c:2165:26: warning: format specifies type 'long' but the argument has type 'VALUE' (aka 'unsigned __intcap') [-Wformat]
                         name);
                         ^~~~
../marshal.c:2211:26: warning: format specifies type 'long' but the argument has type 'VALUE' (aka 'unsigned __intcap') [-Wformat]
                         name);
                         ^~~~
../marshal.c:2224:13: warning: format specifies type 'long' but the argument has type 'VALUE' (aka 'unsigned __intcap') [-Wformat]
            prohibit_ivar("class/module", str);
            ^~~~~~~~~~~~~~~~~~~~~~~~~~~~~~~~~~
../marshal.c:1792:9: note: expanded from macro 'prohibit_ivar'
        override_ivar_error(type, str); \
        ^~~~~~~~~~~~~~~~~~~~~~~~~~~~~~
../marshal.c:1685:18: note: expanded from macro 'override_ivar_error'
                 (str))
                 ^~~~~
../marshal.c:2235:13: warning: format specifies type 'long' but the argument has type 'VALUE' (aka 'unsigned __intcap') [-Wformat]
            prohibit_ivar("class", str);
            ^~~~~~~~~~~~~~~~~~~~~~~~~~~
../marshal.c:1792:9: note: expanded from macro 'prohibit_ivar'
        override_ivar_error(type, str); \
        ^~~~~~~~~~~~~~~~~~~~~~~~~~~~~~
../marshal.c:1685:18: note: expanded from macro 'override_ivar_error'
                 (str))
                 ^~~~~
../marshal.c:2246:13: warning: format specifies type 'long' but the argument has type 'VALUE' (aka 'unsigned __intcap') [-Wformat]
            prohibit_ivar("module", str);
            ^~~~~~~~~~~~~~~~~~~~~~~~~~~~
../marshal.c:1792:9: note: expanded from macro 'prohibit_ivar'
        override_ivar_error(type, str); \
        ^~~~~~~~~~~~~~~~~~~~~~~~~~~~~~
../marshal.c:1685:18: note: expanded from macro 'override_ivar_error'
                 (str))
                 ^~~~~
31 warnings generated.
compiling ../math.c
compiling ../memory_view.c
../memory_view.c:137:76: warning: format specifies type 'long' but the argument has type 'VALUE' (aka 'unsigned __intcap') [-Wformat]
        rb_warning("Duplicated registration of memory view to %"PRIsVALUE, klass);
                                                              ~~~~~~~~~~~  ^~~~~
1 warning generated.
compiling ../rjit.c
compiling ../rjit_c.c
compiling ../node.c
../node.c:80:5: warning: binary expression on capability types 'unsigned __intcap' and 'unsigned __intcap'; it is not clear which should be used as the source of provenance; currently provenance is inherited from the left-hand side [-Wcheri-provenance]
    nd_init_type(RNODE(n), type);
    ^~~~~~~~~~~~~~~~~~~~~~~~~~~~
../rubyparser.h:1139:44: note: expanded from macro 'nd_init_type'
    (n)->flags=(((n)->flags&~NODE_TYPEMASK)|((((unsigned long)(t))<<NODE_TYPESHIFT)&NODE_TYPEMASK))
                ~~~~~~~~~~~~~~~~~~~~~~~~~~~^~~~~~~~~~~~~~~~~~~~~~~~~~~~~~~~~~~~~~~~~~~~~~~~~~~~~~~
../node.c:439:12: warning: binary expression on capability types 'unsigned __intcap' and 'unsigned __intcap'; it is not clear which should be used as the source of provenance; currently provenance is inherited from the left-hand side [-Wcheri-provenance]
    return nd_init_type(n, t);
           ^~~~~~~~~~~~~~~~~~
../rubyparser.h:1139:44: note: expanded from macro 'nd_init_type'
    (n)->flags=(((n)->flags&~NODE_TYPEMASK)|((((unsigned long)(t))<<NODE_TYPESHIFT)&NODE_TYPEMASK))
                ~~~~~~~~~~~~~~~~~~~~~~~~~~~^~~~~~~~~~~~~~~~~~~~~~~~~~~~~~~~~~~~~~~~~~~~~~~~~~~~~~~
2 warnings generated.
compiling ../node_dump.c
../node_dump.c:119:52: warning: format specifies type 'long' but the argument has type 'VALUE' (aka 'unsigned __intcap') [-Wformat]
                str = rb_sprintf("<%"PRIsVALUE">", str);
                                   ~~~~~~~~~~~     ^~~
../node_dump.c:147:69: warning: format specifies type 'long' but the argument has type 'ID' (aka 'unsigned __intcap') [-Wformat]
            rb_str_catf(buf, "(internal variable: 0x%"PRIsVALUE")", id);
                                                    ~~~~~~~~~~~     ^~
2 warnings generated.
compiling ../numeric.c
../numeric.c:249:70: warning: format specifies type 'long' but the argument has type 'VALUE' (aka 'unsigned __intcap') [-Wformat]
        rb_raise(rb_eArgError, "invalid rounding mode: % "PRIsVALUE, rounding);
                                                       ~~~~~~~~~~~~  ^~~~~~~~
../numeric.c:339:27: warning: format specifies type 'long' but the argument has type 'VALUE' (aka 'unsigned __intcap') [-Wformat]
                          x, ID2SYM(func));
                          ^
../numeric.c:339:30: warning: format specifies type 'long' but the argument has type 'VALUE' (aka 'unsigned __intcap') [-Wformat]
                          x, ID2SYM(func));
                             ^~~~~~~~~~~~
../include/ruby/internal/symbol.h:44:24: note: expanded from macro 'ID2SYM'
#define ID2SYM         RB_ID2SYM           /**< @old{RB_ID2SYM} */
                       ^
../include/ruby/internal/symbol.h:42:24: note: expanded from macro 'RB_ID2SYM'
#define RB_ID2SYM      rb_id2sym           /**< @alias{rb_id2sym} */
                       ^
../numeric.c:343:36: warning: format specifies type 'long' but the argument has type 'VALUE' (aka 'unsigned __intcap') [-Wformat]
                          name[0], x);
                                   ^
../numeric.c:347:27: warning: format specifies type 'long' but the argument has type 'VALUE' (aka 'unsigned __intcap') [-Wformat]
                          ID2SYM(func), x);
                          ^~~~~~~~~~~~
../include/ruby/internal/symbol.h:44:24: note: expanded from macro 'ID2SYM'
#define ID2SYM         RB_ID2SYM           /**< @old{RB_ID2SYM} */
                       ^
../include/ruby/internal/symbol.h:42:24: note: expanded from macro 'RB_ID2SYM'
#define RB_ID2SYM      rb_id2sym           /**< @alias{rb_id2sym} */
                       ^
../numeric.c:347:41: warning: format specifies type 'long' but the argument has type 'VALUE' (aka 'unsigned __intcap') [-Wformat]
                          ID2SYM(func), x);
                                        ^
../numeric.c:367:23: warning: format specifies type 'long' but the argument has type 'VALUE' (aka 'unsigned __intcap') [-Wformat]
                      x, ID2SYM(func), y);
                      ^
../numeric.c:367:26: warning: format specifies type 'long' but the argument has type 'VALUE' (aka 'unsigned __intcap') [-Wformat]
                      x, ID2SYM(func), y);
                         ^~~~~~~~~~~~
../include/ruby/internal/symbol.h:44:24: note: expanded from macro 'ID2SYM'
#define ID2SYM         RB_ID2SYM           /**< @old{RB_ID2SYM} */
                       ^
../include/ruby/internal/symbol.h:42:24: note: expanded from macro 'RB_ID2SYM'
#define RB_ID2SYM      rb_id2sym           /**< @alias{rb_id2sym} */
                       ^
../numeric.c:367:40: warning: format specifies type 'long' but the argument has type 'VALUE' (aka 'unsigned __intcap') [-Wformat]
                      x, ID2SYM(func), y);
                                       ^
../numeric.c:371:23: warning: format specifies type 'long' but the argument has type 'VALUE' (aka 'unsigned __intcap') [-Wformat]
                      x, ID2SYM(func), y);
                      ^
../numeric.c:371:26: warning: format specifies type 'long' but the argument has type 'VALUE' (aka 'unsigned __intcap') [-Wformat]
                      x, ID2SYM(func), y);
                         ^~~~~~~~~~~~
../include/ruby/internal/symbol.h:44:24: note: expanded from macro 'ID2SYM'
#define ID2SYM         RB_ID2SYM           /**< @old{RB_ID2SYM} */
                       ^
../include/ruby/internal/symbol.h:42:24: note: expanded from macro 'RB_ID2SYM'
#define RB_ID2SYM      rb_id2sym           /**< @alias{rb_id2sym} */
                       ^
../numeric.c:371:40: warning: format specifies type 'long' but the argument has type 'VALUE' (aka 'unsigned __intcap') [-Wformat]
                      x, ID2SYM(func), y);
                                       ^
../numeric.c:451:14: warning: format specifies type 'long' but the argument has type 'VALUE' (aka 'unsigned __intcap') [-Wformat]
             y, rb_obj_class(x));
             ^
../numeric.c:451:17: warning: format specifies type 'long' but the argument has type 'VALUE' (aka 'unsigned __intcap') [-Wformat]
             y, rb_obj_class(x));
                ^~~~~~~~~~~~~~~
../numeric.c:528:14: warning: format specifies type 'long' but the argument has type 'VALUE' (aka 'unsigned __intcap') [-Wformat]
             rb_id2str(mid),
             ^~~~~~~~~~~~~~
../numeric.c:529:14: warning: format specifies type 'long' but the argument has type 'VALUE' (aka 'unsigned __intcap') [-Wformat]
             rb_obj_class(x));
             ^~~~~~~~~~~~~~~
../numeric.c:4420:53: warning: binary expression on capability types 'VALUE' (aka 'unsigned __intcap') and 'VALUE'; it is not clear which should be used as the source of provenance; currently provenance is inherited from the left-hand side [-Wcheri-provenance]
            if (z != INT2FIX(0) && (SIGNED_VALUE)(x ^ y) < 0)
                                                  ~ ^ ~
17 warnings generated.
compiling ../object.c
../object.c:155:32: warning: binary expression on capability types 'VALUE' (aka 'unsigned __intcap') and 'VALUE'; it is not clear which should be used as the source of provenance; currently provenance is inherited from the left-hand side [-Wcheri-provenance]
    RBASIC(obj)->flags = (type & ~ignored_flags) | (RBASIC(obj)->flags & ignored_flags);
                          ~~~~ ^ ~~~~~~~~~~~~~~
../object.c:155:50: warning: binary expression on capability types 'unsigned __intcap' and 'unsigned __intcap'; it is not clear which should be used as the source of provenance; currently provenance is inherited from the left-hand side [-Wcheri-provenance]
    RBASIC(obj)->flags = (type & ~ignored_flags) | (RBASIC(obj)->flags & ignored_flags);
                         ~~~~~~~~~~~~~~~~~~~~~~~ ^ ~~~~~~~~~~~~~~~~~~~~~~~~~~~~~~~~~~~~
../object.c:435:75: warning: format specifies type 'long' but the argument has type 'VALUE' (aka 'unsigned __intcap') [-Wformat]
        rb_raise(rb_eArgError, "unexpected value for freeze: %"PRIsVALUE, rb_obj_class(freeze));
                                                             ~~~~~~~~~~~  ^~~~~~~~~~~~~~~~~~~~
../object.c:482:18: warning: format specifies type 'long' but the argument has type 'VALUE' (aka 'unsigned __intcap') [-Wformat]
                 rb_obj_class(obj));
                 ^~~~~~~~~~~~~~~~~
../object.c:733:44: warning: format specifies type 'long' but the argument has type 'VALUE' (aka 'unsigned __intcap') [-Wformat]
    str = rb_sprintf("#<%"PRIsVALUE":%p>", cname, (void*)obj);
                        ~~~~~~~~~~~        ^~~~~
../object.c:770:39: warning: format specifies type 'long' but the argument has type 'VALUE' (aka 'unsigned __intcap') [-Wformat]
    rb_str_catf(str, "%"PRIsVALUE"=", rb_id2str(id));
                      ~~~~~~~~~~~     ^~~~~~~~~~~~~
../object.c:825:47: warning: format specifies type 'long' but the argument has type 'VALUE' (aka 'unsigned __intcap') [-Wformat]
        str = rb_sprintf("-<%"PRIsVALUE":%p", c, (void*)obj);
                            ~~~~~~~~~~~       ^
../object.c:2076:14: warning: format specifies type 'long' but the argument has type 'VALUE' (aka 'unsigned __intcap') [-Wformat]
             klass);
             ^~~~~
../object.c:2110:18: warning: format specifies type 'long' but the argument has type 'VALUE' (aka 'unsigned __intcap') [-Wformat]
                 klass);
                 ^~~~~
../object.c:2519:22: warning: format specifies type 'long' but the argument has type 'VALUE' (aka 'unsigned __intcap') [-Wformat]
                     QUOTE(name));
                     ^~~~~~~~~~~
../object.c:2732:22: warning: format specifies type 'long' but the argument has type 'VALUE' (aka 'unsigned __intcap') [-Wformat]
                     QUOTE(name));
                     ^~~~~~~~~~~
../object.c:2874:26: warning: format specifies type 'long' but the argument has type 'VALUE' (aka 'unsigned __intcap') [-Wformat]
                         QUOTE(name));
                         ^~~~~~~~~~~
../object.c:3151:22: warning: format specifies type 'long' but the argument has type 'VALUE' (aka 'unsigned __intcap') [-Wformat]
                     rb_obj_class(val),
                     ^~~~~~~~~~~~~~~~~
../object.c:3176:14: warning: format specifies type 'long' but the argument has type 'VALUE' (aka 'unsigned __intcap') [-Wformat]
             cname, tname, cname, method, rb_obj_class(result));
             ^~~~~
../object.c:3176:28: warning: format specifies type 'long' but the argument has type 'VALUE' (aka 'unsigned __intcap') [-Wformat]
             cname, tname, cname, method, rb_obj_class(result));
                           ^~~~~
../object.c:3176:43: warning: format specifies type 'long' but the argument has type 'VALUE' (aka 'unsigned __intcap') [-Wformat]
             cname, tname, cname, method, rb_obj_class(result));
                                          ^~~~~~~~~~~~~~~~~~~~
../object.c:3377:55: warning: format specifies type 'long' but the argument has type 'VALUE' (aka 'unsigned __intcap') [-Wformat]
            rb_raise(rb_eArgError, message, flagname, obj);
                                   ~~~~~~~            ^~~
../object.c:3375:70: note: format string is defined here
        static const char message[] = "expected true or false as %s: %+"PRIsVALUE;
                                                                     ^~~~~~~~~~~~
../object.c:3379:39: warning: format specifies type 'long' but the argument has type 'VALUE' (aka 'unsigned __intcap') [-Wformat]
        rb_warning(message, flagname, obj);
                   ~~~~~~~            ^~~
../object.c:3375:70: note: format string is defined here
        static const char message[] = "expected true or false as %s: %+"PRIsVALUE;
                                                                     ^~~~~~~~~~~~
../object.c:3517:74: warning: format specifies type 'long' but the argument has type 'VALUE' (aka 'unsigned __intcap') [-Wformat]
        rb_raise(rb_eArgError, "invalid value for Float(): %+"PRIsVALUE, s);
                                                           ~~~~~~~~~~~~  ^
../object.c:3710:18: warning: format specifies type 'long' but the argument has type 'VALUE' (aka 'unsigned __intcap') [-Wformat]
                 rb_obj_class(val));
                 ^~~~~~~~~~~~~~~~~
../object.c:3951:18: warning: format specifies type 'long' but the argument has type 'VALUE' (aka 'unsigned __intcap') [-Wformat]
                 CLASS_OF(data));
                 ^~~~~~~~~~~~~~
../include/ruby/internal/globals.h:203:18: note: expanded from macro 'CLASS_OF'
#define CLASS_OF rb_class_of /**< @old{rb_class_of} */
                 ^
21 warnings generated.
compiling ../pack.c
../pack.c:173:28: warning: format specifies type 'long' but the argument has type 'VALUE' (aka 'unsigned __intcap') [-Wformat]
            mode, unknown, fmt);
                           ^~~
1 warning generated.
compiling ../parse.c
parse.y:1354:9: warning: overflow in expression; result is 9223372036854775807 with type 'long' [-Winteger-overflow]
        nd_set_line(body, line);
        ^
../node.h:78:71: note: expanded from macro 'nd_set_line'
    (n)->flags=(((n)->flags&~((VALUE)(-1)<<NODE_LSHIFT))|((VALUE)((l)&NODE_LMASK)<<NODE_LSHIFT))
                                                                      ^
../node.h:74:77: note: expanded from macro 'NODE_LMASK'
#define NODE_LMASK  (((SIGNED_VALUE)1<<(sizeof(VALUE)*CHAR_BIT-NODE_LSHIFT))-1)
                                                                            ^
parse.y:1354:9: warning: shift count >= width of type [-Wshift-count-overflow]
        nd_set_line(body, line);
        ^~~~~~~~~~~~~~~~~~~~~~~
../node.h:78:71: note: expanded from macro 'nd_set_line'
    (n)->flags=(((n)->flags&~((VALUE)(-1)<<NODE_LSHIFT))|((VALUE)((l)&NODE_LMASK)<<NODE_LSHIFT))
                                                                      ^~~~~~~~~~
../node.h:74:38: note: expanded from macro 'NODE_LMASK'
#define NODE_LMASK  (((SIGNED_VALUE)1<<(sizeof(VALUE)*CHAR_BIT-NODE_LSHIFT))-1)
                                     ^ ~~~~~~~~~~~~~~~~~~~~~~~~~~~~~~~~~~~~
parse.y:1362:5: warning: overflow in expression; result is 9223372036854775807 with type 'long' [-Winteger-overflow]
    nd_set_line(node, beg->end_pos.lineno);
    ^
../node.h:78:71: note: expanded from macro 'nd_set_line'
    (n)->flags=(((n)->flags&~((VALUE)(-1)<<NODE_LSHIFT))|((VALUE)((l)&NODE_LMASK)<<NODE_LSHIFT))
                                                                      ^
../node.h:74:77: note: expanded from macro 'NODE_LMASK'
#define NODE_LMASK  (((SIGNED_VALUE)1<<(sizeof(VALUE)*CHAR_BIT-NODE_LSHIFT))-1)
                                                                            ^
parse.y:1362:5: warning: shift count >= width of type [-Wshift-count-overflow]
    nd_set_line(node, beg->end_pos.lineno);
    ^~~~~~~~~~~~~~~~~~~~~~~~~~~~~~~~~~~~~~
../node.h:78:71: note: expanded from macro 'nd_set_line'
    (n)->flags=(((n)->flags&~((VALUE)(-1)<<NODE_LSHIFT))|((VALUE)((l)&NODE_LMASK)<<NODE_LSHIFT))
                                                                      ^~~~~~~~~~
../node.h:74:38: note: expanded from macro 'NODE_LMASK'
#define NODE_LMASK  (((SIGNED_VALUE)1<<(sizeof(VALUE)*CHAR_BIT-NODE_LSHIFT))-1)
                                     ^ ~~~~~~~~~~~~~~~~~~~~~~~~~~~~~~~~~~~~
parse.y:1636:5: warning: overflow in expression; result is 9223372036854775807 with type 'long' [-Winteger-overflow]
    nd_set_line(n, loc->end_pos.lineno);
    ^
../node.h:78:71: note: expanded from macro 'nd_set_line'
    (n)->flags=(((n)->flags&~((VALUE)(-1)<<NODE_LSHIFT))|((VALUE)((l)&NODE_LMASK)<<NODE_LSHIFT))
                                                                      ^
../node.h:74:77: note: expanded from macro 'NODE_LMASK'
#define NODE_LMASK  (((SIGNED_VALUE)1<<(sizeof(VALUE)*CHAR_BIT-NODE_LSHIFT))-1)
                                                                            ^
parse.y:1636:5: warning: shift count >= width of type [-Wshift-count-overflow]
    nd_set_line(n, loc->end_pos.lineno);
    ^~~~~~~~~~~~~~~~~~~~~~~~~~~~~~~~~~~
../node.h:78:71: note: expanded from macro 'nd_set_line'
    (n)->flags=(((n)->flags&~((VALUE)(-1)<<NODE_LSHIFT))|((VALUE)((l)&NODE_LMASK)<<NODE_LSHIFT))
                                                                      ^~~~~~~~~~
../node.h:74:38: note: expanded from macro 'NODE_LMASK'
#define NODE_LMASK  (((SIGNED_VALUE)1<<(sizeof(VALUE)*CHAR_BIT-NODE_LSHIFT))-1)
                                     ^ ~~~~~~~~~~~~~~~~~~~~~~~~~~~~~~~~~~~~
parse.y:1973:29: warning: binary expression on capability types 'st_index_t' (aka 'unsigned __intcap') and 'st_index_t'; it is not clear which should be used as the source of provenance; currently provenance is inherited from the left-hand side [-Wcheri-provenance]
        hash = ((hash << 5) + hash) + str[i];
                ~~~~~~~~~~~ ^ ~~~~
parse.y:2621:39: warning: format specifies type 'long' but the argument has type 'VALUE' (aka 'unsigned __intcap') [-Wformat]
    rb_parser_printf(p, "%"PRIsVALUE, rb_id2str(((*yyvaluep).id)));
                         ~~~~~~~~~~~  ^~~~~~~~~~~~~~~~~~~~~~~~~~~
parse.y:2621:39: warning: format specifies type 'long' but the argument has type 'VALUE' (aka 'unsigned __intcap') [-Wformat]
    rb_parser_printf(p, "%"PRIsVALUE, rb_id2str(((*yyvaluep).id)));
                         ~~~~~~~~~~~  ^~~~~~~~~~~~~~~~~~~~~~~~~~~
parse.y:2621:39: warning: format specifies type 'long' but the argument has type 'VALUE' (aka 'unsigned __intcap') [-Wformat]
    rb_parser_printf(p, "%"PRIsVALUE, rb_id2str(((*yyvaluep).id)));
                         ~~~~~~~~~~~  ^~~~~~~~~~~~~~~~~~~~~~~~~~~
parse.y:2621:39: warning: format specifies type 'long' but the argument has type 'VALUE' (aka 'unsigned __intcap') [-Wformat]
    rb_parser_printf(p, "%"PRIsVALUE, rb_id2str(((*yyvaluep).id)));
                         ~~~~~~~~~~~  ^~~~~~~~~~~~~~~~~~~~~~~~~~~
parse.y:2621:39: warning: format specifies type 'long' but the argument has type 'VALUE' (aka 'unsigned __intcap') [-Wformat]
    rb_parser_printf(p, "%"PRIsVALUE, rb_id2str(((*yyvaluep).id)));
                         ~~~~~~~~~~~  ^~~~~~~~~~~~~~~~~~~~~~~~~~~
parse.y:2621:39: warning: format specifies type 'long' but the argument has type 'VALUE' (aka 'unsigned __intcap') [-Wformat]
    rb_parser_printf(p, "%"PRIsVALUE, rb_id2str(((*yyvaluep).id)));
                         ~~~~~~~~~~~  ^~~~~~~~~~~~~~~~~~~~~~~~~~~
parse.y:2621:39: warning: format specifies type 'long' but the argument has type 'VALUE' (aka 'unsigned __intcap') [-Wformat]
    rb_parser_printf(p, "%"PRIsVALUE, rb_id2str(((*yyvaluep).id)));
                         ~~~~~~~~~~~  ^~~~~~~~~~~~~~~~~~~~~~~~~~~
parse.y:2621:39: warning: format specifies type 'long' but the argument has type 'VALUE' (aka 'unsigned __intcap') [-Wformat]
    rb_parser_printf(p, "%"PRIsVALUE, rb_id2str(((*yyvaluep).id)));
                         ~~~~~~~~~~~  ^~~~~~~~~~~~~~~~~~~~~~~~~~~
parse.y:2621:39: warning: format specifies type 'long' but the argument has type 'VALUE' (aka 'unsigned __intcap') [-Wformat]
    rb_parser_printf(p, "%"PRIsVALUE, rb_id2str(((*yyvaluep).id)));
                         ~~~~~~~~~~~  ^~~~~~~~~~~~~~~~~~~~~~~~~~~
parse.y:2621:39: warning: format specifies type 'long' but the argument has type 'VALUE' (aka 'unsigned __intcap') [-Wformat]
    rb_parser_printf(p, "%"PRIsVALUE, rb_id2str(((*yyvaluep).id)));
                         ~~~~~~~~~~~  ^~~~~~~~~~~~~~~~~~~~~~~~~~~
parse.y:2621:39: warning: format specifies type 'long' but the argument has type 'VALUE' (aka 'unsigned __intcap') [-Wformat]
    rb_parser_printf(p, "%"PRIsVALUE, rb_id2str(((*yyvaluep).id)));
                         ~~~~~~~~~~~  ^~~~~~~~~~~~~~~~~~~~~~~~~~~
parse.y:2621:39: warning: format specifies type 'long' but the argument has type 'VALUE' (aka 'unsigned __intcap') [-Wformat]
    rb_parser_printf(p, "%"PRIsVALUE, rb_id2str(((*yyvaluep).id)));
                         ~~~~~~~~~~~  ^~~~~~~~~~~~~~~~~~~~~~~~~~~
parse.y:2621:39: warning: format specifies type 'long' but the argument has type 'VALUE' (aka 'unsigned __intcap') [-Wformat]
    rb_parser_printf(p, "%"PRIsVALUE, rb_id2str(((*yyvaluep).id)));
                         ~~~~~~~~~~~  ^~~~~~~~~~~~~~~~~~~~~~~~~~~
parse.y:2621:39: warning: format specifies type 'long' but the argument has type 'VALUE' (aka 'unsigned __intcap') [-Wformat]
    rb_parser_printf(p, "%"PRIsVALUE, rb_id2str(((*yyvaluep).id)));
                         ~~~~~~~~~~~  ^~~~~~~~~~~~~~~~~~~~~~~~~~~
parse.y:2621:39: warning: format specifies type 'long' but the argument has type 'VALUE' (aka 'unsigned __intcap') [-Wformat]
    rb_parser_printf(p, "%"PRIsVALUE, rb_id2str(((*yyvaluep).id)));
                         ~~~~~~~~~~~  ^~~~~~~~~~~~~~~~~~~~~~~~~~~
parse.y:2621:39: warning: format specifies type 'long' but the argument has type 'VALUE' (aka 'unsigned __intcap') [-Wformat]
    rb_parser_printf(p, "%"PRIsVALUE, rb_id2str(((*yyvaluep).id)));
                         ~~~~~~~~~~~  ^~~~~~~~~~~~~~~~~~~~~~~~~~~
parse.y:2621:39: warning: format specifies type 'long' but the argument has type 'VALUE' (aka 'unsigned __intcap') [-Wformat]
    rb_parser_printf(p, "%"PRIsVALUE, rb_id2str(((*yyvaluep).id)));
                         ~~~~~~~~~~~  ^~~~~~~~~~~~~~~~~~~~~~~~~~~
parse.y:2621:39: warning: format specifies type 'long' but the argument has type 'VALUE' (aka 'unsigned __intcap') [-Wformat]
    rb_parser_printf(p, "%"PRIsVALUE, rb_id2str(((*yyvaluep).id)));
                         ~~~~~~~~~~~  ^~~~~~~~~~~~~~~~~~~~~~~~~~~
parse.y:2621:39: warning: format specifies type 'long' but the argument has type 'VALUE' (aka 'unsigned __intcap') [-Wformat]
    rb_parser_printf(p, "%"PRIsVALUE, rb_id2str(((*yyvaluep).id)));
                         ~~~~~~~~~~~  ^~~~~~~~~~~~~~~~~~~~~~~~~~~
parse.y:2621:39: warning: format specifies type 'long' but the argument has type 'VALUE' (aka 'unsigned __intcap') [-Wformat]
    rb_parser_printf(p, "%"PRIsVALUE, rb_id2str(((*yyvaluep).id)));
                         ~~~~~~~~~~~  ^~~~~~~~~~~~~~~~~~~~~~~~~~~
parse.y:2621:39: warning: format specifies type 'long' but the argument has type 'VALUE' (aka 'unsigned __intcap') [-Wformat]
    rb_parser_printf(p, "%"PRIsVALUE, rb_id2str(((*yyvaluep).id)));
                         ~~~~~~~~~~~  ^~~~~~~~~~~~~~~~~~~~~~~~~~~
parse.y:2621:39: warning: format specifies type 'long' but the argument has type 'VALUE' (aka 'unsigned __intcap') [-Wformat]
    rb_parser_printf(p, "%"PRIsVALUE, rb_id2str(((*yyvaluep).id)));
                         ~~~~~~~~~~~  ^~~~~~~~~~~~~~~~~~~~~~~~~~~
parse.y:2621:39: warning: format specifies type 'long' but the argument has type 'VALUE' (aka 'unsigned __intcap') [-Wformat]
    rb_parser_printf(p, "%"PRIsVALUE, rb_id2str(((*yyvaluep).id)));
                         ~~~~~~~~~~~  ^~~~~~~~~~~~~~~~~~~~~~~~~~~
parse.y:2621:39: warning: format specifies type 'long' but the argument has type 'VALUE' (aka 'unsigned __intcap') [-Wformat]
    rb_parser_printf(p, "%"PRIsVALUE, rb_id2str(((*yyvaluep).id)));
                         ~~~~~~~~~~~  ^~~~~~~~~~~~~~~~~~~~~~~~~~~
parse.y:2621:39: warning: format specifies type 'long' but the argument has type 'VALUE' (aka 'unsigned __intcap') [-Wformat]
    rb_parser_printf(p, "%"PRIsVALUE, rb_id2str(((*yyvaluep).id)));
                         ~~~~~~~~~~~  ^~~~~~~~~~~~~~~~~~~~~~~~~~~
parse.y:2621:39: warning: format specifies type 'long' but the argument has type 'VALUE' (aka 'unsigned __intcap') [-Wformat]
    rb_parser_printf(p, "%"PRIsVALUE, rb_id2str(((*yyvaluep).id)));
                         ~~~~~~~~~~~  ^~~~~~~~~~~~~~~~~~~~~~~~~~~
parse.y:2621:39: warning: format specifies type 'long' but the argument has type 'VALUE' (aka 'unsigned __intcap') [-Wformat]
    rb_parser_printf(p, "%"PRIsVALUE, rb_id2str(((*yyvaluep).id)));
                         ~~~~~~~~~~~  ^~~~~~~~~~~~~~~~~~~~~~~~~~~
parse.y:2621:39: warning: format specifies type 'long' but the argument has type 'VALUE' (aka 'unsigned __intcap') [-Wformat]
    rb_parser_printf(p, "%"PRIsVALUE, rb_id2str(((*yyvaluep).id)));
                         ~~~~~~~~~~~  ^~~~~~~~~~~~~~~~~~~~~~~~~~~
parse.y:2621:39: warning: format specifies type 'long' but the argument has type 'VALUE' (aka 'unsigned __intcap') [-Wformat]
    rb_parser_printf(p, "%"PRIsVALUE, rb_id2str(((*yyvaluep).id)));
                         ~~~~~~~~~~~  ^~~~~~~~~~~~~~~~~~~~~~~~~~~
parse.y:2621:39: warning: format specifies type 'long' but the argument has type 'VALUE' (aka 'unsigned __intcap') [-Wformat]
    rb_parser_printf(p, "%"PRIsVALUE, rb_id2str(((*yyvaluep).id)));
                         ~~~~~~~~~~~  ^~~~~~~~~~~~~~~~~~~~~~~~~~~
parse.y:2621:39: warning: format specifies type 'long' but the argument has type 'VALUE' (aka 'unsigned __intcap') [-Wformat]
    rb_parser_printf(p, "%"PRIsVALUE, rb_id2str(((*yyvaluep).id)));
                         ~~~~~~~~~~~  ^~~~~~~~~~~~~~~~~~~~~~~~~~~
parse.y:2621:39: warning: format specifies type 'long' but the argument has type 'VALUE' (aka 'unsigned __intcap') [-Wformat]
    rb_parser_printf(p, "%"PRIsVALUE, rb_id2str(((*yyvaluep).id)));
                         ~~~~~~~~~~~  ^~~~~~~~~~~~~~~~~~~~~~~~~~~
parse.y:2621:39: warning: format specifies type 'long' but the argument has type 'VALUE' (aka 'unsigned __intcap') [-Wformat]
    rb_parser_printf(p, "%"PRIsVALUE, rb_id2str(((*yyvaluep).id)));
                         ~~~~~~~~~~~  ^~~~~~~~~~~~~~~~~~~~~~~~~~~
parse.y:2621:39: warning: format specifies type 'long' but the argument has type 'VALUE' (aka 'unsigned __intcap') [-Wformat]
    rb_parser_printf(p, "%"PRIsVALUE, rb_id2str(((*yyvaluep).id)));
                         ~~~~~~~~~~~  ^~~~~~~~~~~~~~~~~~~~~~~~~~~
parse.y:2621:39: warning: format specifies type 'long' but the argument has type 'VALUE' (aka 'unsigned __intcap') [-Wformat]
    rb_parser_printf(p, "%"PRIsVALUE, rb_id2str(((*yyvaluep).id)));
                         ~~~~~~~~~~~  ^~~~~~~~~~~~~~~~~~~~~~~~~~~
parse.y:2621:39: warning: format specifies type 'long' but the argument has type 'VALUE' (aka 'unsigned __intcap') [-Wformat]
    rb_parser_printf(p, "%"PRIsVALUE, rb_id2str(((*yyvaluep).id)));
                         ~~~~~~~~~~~  ^~~~~~~~~~~~~~~~~~~~~~~~~~~
parse.y:2621:39: warning: format specifies type 'long' but the argument has type 'VALUE' (aka 'unsigned __intcap') [-Wformat]
    rb_parser_printf(p, "%"PRIsVALUE, rb_id2str(((*yyvaluep).id)));
                         ~~~~~~~~~~~  ^~~~~~~~~~~~~~~~~~~~~~~~~~~
parse.y:2621:39: warning: format specifies type 'long' but the argument has type 'VALUE' (aka 'unsigned __intcap') [-Wformat]
    rb_parser_printf(p, "%"PRIsVALUE, rb_id2str(((*yyvaluep).id)));
                         ~~~~~~~~~~~  ^~~~~~~~~~~~~~~~~~~~~~~~~~~
parse.y:2621:39: warning: format specifies type 'long' but the argument has type 'VALUE' (aka 'unsigned __intcap') [-Wformat]
    rb_parser_printf(p, "%"PRIsVALUE, rb_id2str(((*yyvaluep).id)));
                         ~~~~~~~~~~~  ^~~~~~~~~~~~~~~~~~~~~~~~~~~
parse.y:2621:39: warning: format specifies type 'long' but the argument has type 'VALUE' (aka 'unsigned __intcap') [-Wformat]
    rb_parser_printf(p, "%"PRIsVALUE, rb_id2str(((*yyvaluep).id)));
                         ~~~~~~~~~~~  ^~~~~~~~~~~~~~~~~~~~~~~~~~~
parse.y:2621:39: warning: format specifies type 'long' but the argument has type 'VALUE' (aka 'unsigned __intcap') [-Wformat]
    rb_parser_printf(p, "%"PRIsVALUE, rb_id2str(((*yyvaluep).id)));
                         ~~~~~~~~~~~  ^~~~~~~~~~~~~~~~~~~~~~~~~~~
parse.y:2621:39: warning: format specifies type 'long' but the argument has type 'VALUE' (aka 'unsigned __intcap') [-Wformat]
    rb_parser_printf(p, "%"PRIsVALUE, rb_id2str(((*yyvaluep).id)));
                         ~~~~~~~~~~~  ^~~~~~~~~~~~~~~~~~~~~~~~~~~
parse.y:2621:39: warning: format specifies type 'long' but the argument has type 'VALUE' (aka 'unsigned __intcap') [-Wformat]
    rb_parser_printf(p, "%"PRIsVALUE, rb_id2str(((*yyvaluep).id)));
                         ~~~~~~~~~~~  ^~~~~~~~~~~~~~~~~~~~~~~~~~~
parse.y:2621:39: warning: format specifies type 'long' but the argument has type 'VALUE' (aka 'unsigned __intcap') [-Wformat]
    rb_parser_printf(p, "%"PRIsVALUE, rb_id2str(((*yyvaluep).id)));
                         ~~~~~~~~~~~  ^~~~~~~~~~~~~~~~~~~~~~~~~~~
parse.y:2621:39: warning: format specifies type 'long' but the argument has type 'VALUE' (aka 'unsigned __intcap') [-Wformat]
    rb_parser_printf(p, "%"PRIsVALUE, rb_id2str(((*yyvaluep).id)));
                         ~~~~~~~~~~~  ^~~~~~~~~~~~~~~~~~~~~~~~~~~
parse.y:2621:39: warning: format specifies type 'long' but the argument has type 'VALUE' (aka 'unsigned __intcap') [-Wformat]
    rb_parser_printf(p, "%"PRIsVALUE, rb_id2str(((*yyvaluep).id)));
                         ~~~~~~~~~~~  ^~~~~~~~~~~~~~~~~~~~~~~~~~~
parse.y:2621:39: warning: format specifies type 'long' but the argument has type 'VALUE' (aka 'unsigned __intcap') [-Wformat]
    rb_parser_printf(p, "%"PRIsVALUE, rb_id2str(((*yyvaluep).id)));
                         ~~~~~~~~~~~  ^~~~~~~~~~~~~~~~~~~~~~~~~~~
parse.y:2621:39: warning: format specifies type 'long' but the argument has type 'VALUE' (aka 'unsigned __intcap') [-Wformat]
    rb_parser_printf(p, "%"PRIsVALUE, rb_id2str(((*yyvaluep).id)));
                         ~~~~~~~~~~~  ^~~~~~~~~~~~~~~~~~~~~~~~~~~
parse.y:2621:39: warning: format specifies type 'long' but the argument has type 'VALUE' (aka 'unsigned __intcap') [-Wformat]
    rb_parser_printf(p, "%"PRIsVALUE, rb_id2str(((*yyvaluep).id)));
                         ~~~~~~~~~~~  ^~~~~~~~~~~~~~~~~~~~~~~~~~~
parse.y:2621:39: warning: format specifies type 'long' but the argument has type 'VALUE' (aka 'unsigned __intcap') [-Wformat]
    rb_parser_printf(p, "%"PRIsVALUE, rb_id2str(((*yyvaluep).id)));
                         ~~~~~~~~~~~  ^~~~~~~~~~~~~~~~~~~~~~~~~~~
parse.y:2621:39: warning: format specifies type 'long' but the argument has type 'VALUE' (aka 'unsigned __intcap') [-Wformat]
    rb_parser_printf(p, "%"PRIsVALUE, rb_id2str(((*yyvaluep).id)));
                         ~~~~~~~~~~~  ^~~~~~~~~~~~~~~~~~~~~~~~~~~
parse.y:2621:39: warning: format specifies type 'long' but the argument has type 'VALUE' (aka 'unsigned __intcap') [-Wformat]
    rb_parser_printf(p, "%"PRIsVALUE, rb_id2str(((*yyvaluep).id)));
                         ~~~~~~~~~~~  ^~~~~~~~~~~~~~~~~~~~~~~~~~~
parse.y:2621:39: warning: format specifies type 'long' but the argument has type 'VALUE' (aka 'unsigned __intcap') [-Wformat]
    rb_parser_printf(p, "%"PRIsVALUE, rb_id2str(((*yyvaluep).id)));
                         ~~~~~~~~~~~  ^~~~~~~~~~~~~~~~~~~~~~~~~~~
parse.y:2621:39: warning: format specifies type 'long' but the argument has type 'VALUE' (aka 'unsigned __intcap') [-Wformat]
    rb_parser_printf(p, "%"PRIsVALUE, rb_id2str(((*yyvaluep).id)));
                         ~~~~~~~~~~~  ^~~~~~~~~~~~~~~~~~~~~~~~~~~
parse.y:2621:39: warning: format specifies type 'long' but the argument has type 'VALUE' (aka 'unsigned __intcap') [-Wformat]
    rb_parser_printf(p, "%"PRIsVALUE, rb_id2str(((*yyvaluep).id)));
                         ~~~~~~~~~~~  ^~~~~~~~~~~~~~~~~~~~~~~~~~~
parse.y:2621:39: warning: format specifies type 'long' but the argument has type 'VALUE' (aka 'unsigned __intcap') [-Wformat]
    rb_parser_printf(p, "%"PRIsVALUE, rb_id2str(((*yyvaluep).id)));
                         ~~~~~~~~~~~  ^~~~~~~~~~~~~~~~~~~~~~~~~~~
parse.y:2626:44: warning: format specifies type 'long' but the argument has type 'VALUE' (aka 'unsigned __intcap') [-Wformat]
        rb_parser_printf(p, "%+"PRIsVALUE, rb_node_integer_literal_val(((*yyvaluep).node)));
                             ~~~~~~~~~~~~  ^~~~~~~~~~~~~~~~~~~~~~~~~~~~~~~~~~~~~~~~~~~~~~~
parse.y:2629:44: warning: format specifies type 'long' but the argument has type 'VALUE' (aka 'unsigned __intcap') [-Wformat]
        rb_parser_printf(p, "%+"PRIsVALUE, rb_node_float_literal_val(((*yyvaluep).node)));
                             ~~~~~~~~~~~~  ^~~~~~~~~~~~~~~~~~~~~~~~~~~~~~~~~~~~~~~~~~~~~
parse.y:2632:44: warning: format specifies type 'long' but the argument has type 'VALUE' (aka 'unsigned __intcap') [-Wformat]
        rb_parser_printf(p, "%+"PRIsVALUE, rb_node_rational_literal_val(((*yyvaluep).node)));
                             ~~~~~~~~~~~~  ^~~~~~~~~~~~~~~~~~~~~~~~~~~~~~~~~~~~~~~~~~~~~~~~
parse.y:2635:44: warning: format specifies type 'long' but the argument has type 'VALUE' (aka 'unsigned __intcap') [-Wformat]
        rb_parser_printf(p, "%+"PRIsVALUE, rb_node_imaginary_literal_val(((*yyvaluep).node)));
                             ~~~~~~~~~~~~  ^~~~~~~~~~~~~~~~~~~~~~~~~~~~~~~~~~~~~~~~~~~~~~~~~
parse.y:2626:44: warning: format specifies type 'long' but the argument has type 'VALUE' (aka 'unsigned __intcap') [-Wformat]
        rb_parser_printf(p, "%+"PRIsVALUE, rb_node_integer_literal_val(((*yyvaluep).node)));
                             ~~~~~~~~~~~~  ^~~~~~~~~~~~~~~~~~~~~~~~~~~~~~~~~~~~~~~~~~~~~~~
parse.y:2629:44: warning: format specifies type 'long' but the argument has type 'VALUE' (aka 'unsigned __intcap') [-Wformat]
        rb_parser_printf(p, "%+"PRIsVALUE, rb_node_float_literal_val(((*yyvaluep).node)));
                             ~~~~~~~~~~~~  ^~~~~~~~~~~~~~~~~~~~~~~~~~~~~~~~~~~~~~~~~~~~~
parse.y:2632:44: warning: format specifies type 'long' but the argument has type 'VALUE' (aka 'unsigned __intcap') [-Wformat]
        rb_parser_printf(p, "%+"PRIsVALUE, rb_node_rational_literal_val(((*yyvaluep).node)));
                             ~~~~~~~~~~~~  ^~~~~~~~~~~~~~~~~~~~~~~~~~~~~~~~~~~~~~~~~~~~~~~~
parse.y:2635:44: warning: format specifies type 'long' but the argument has type 'VALUE' (aka 'unsigned __intcap') [-Wformat]
        rb_parser_printf(p, "%+"PRIsVALUE, rb_node_imaginary_literal_val(((*yyvaluep).node)));
                             ~~~~~~~~~~~~  ^~~~~~~~~~~~~~~~~~~~~~~~~~~~~~~~~~~~~~~~~~~~~~~~~
parse.y:2626:44: warning: format specifies type 'long' but the argument has type 'VALUE' (aka 'unsigned __intcap') [-Wformat]
        rb_parser_printf(p, "%+"PRIsVALUE, rb_node_integer_literal_val(((*yyvaluep).node)));
                             ~~~~~~~~~~~~  ^~~~~~~~~~~~~~~~~~~~~~~~~~~~~~~~~~~~~~~~~~~~~~~
parse.y:2629:44: warning: format specifies type 'long' but the argument has type 'VALUE' (aka 'unsigned __intcap') [-Wformat]
        rb_parser_printf(p, "%+"PRIsVALUE, rb_node_float_literal_val(((*yyvaluep).node)));
                             ~~~~~~~~~~~~  ^~~~~~~~~~~~~~~~~~~~~~~~~~~~~~~~~~~~~~~~~~~~~
parse.y:2632:44: warning: format specifies type 'long' but the argument has type 'VALUE' (aka 'unsigned __intcap') [-Wformat]
        rb_parser_printf(p, "%+"PRIsVALUE, rb_node_rational_literal_val(((*yyvaluep).node)));
                             ~~~~~~~~~~~~  ^~~~~~~~~~~~~~~~~~~~~~~~~~~~~~~~~~~~~~~~~~~~~~~~
parse.y:2635:44: warning: format specifies type 'long' but the argument has type 'VALUE' (aka 'unsigned __intcap') [-Wformat]
        rb_parser_printf(p, "%+"PRIsVALUE, rb_node_imaginary_literal_val(((*yyvaluep).node)));
                             ~~~~~~~~~~~~  ^~~~~~~~~~~~~~~~~~~~~~~~~~~~~~~~~~~~~~~~~~~~~~~~~
parse.y:2626:44: warning: format specifies type 'long' but the argument has type 'VALUE' (aka 'unsigned __intcap') [-Wformat]
        rb_parser_printf(p, "%+"PRIsVALUE, rb_node_integer_literal_val(((*yyvaluep).node)));
                             ~~~~~~~~~~~~  ^~~~~~~~~~~~~~~~~~~~~~~~~~~~~~~~~~~~~~~~~~~~~~~
parse.y:2629:44: warning: format specifies type 'long' but the argument has type 'VALUE' (aka 'unsigned __intcap') [-Wformat]
        rb_parser_printf(p, "%+"PRIsVALUE, rb_node_float_literal_val(((*yyvaluep).node)));
                             ~~~~~~~~~~~~  ^~~~~~~~~~~~~~~~~~~~~~~~~~~~~~~~~~~~~~~~~~~~~
parse.y:2632:44: warning: format specifies type 'long' but the argument has type 'VALUE' (aka 'unsigned __intcap') [-Wformat]
        rb_parser_printf(p, "%+"PRIsVALUE, rb_node_rational_literal_val(((*yyvaluep).node)));
                             ~~~~~~~~~~~~  ^~~~~~~~~~~~~~~~~~~~~~~~~~~~~~~~~~~~~~~~~~~~~~~~
parse.y:2635:44: warning: format specifies type 'long' but the argument has type 'VALUE' (aka 'unsigned __intcap') [-Wformat]
        rb_parser_printf(p, "%+"PRIsVALUE, rb_node_imaginary_literal_val(((*yyvaluep).node)));
                             ~~~~~~~~~~~~  ^~~~~~~~~~~~~~~~~~~~~~~~~~~~~~~~~~~~~~~~~~~~~~~~~
parse.y:2626:44: warning: format specifies type 'long' but the argument has type 'VALUE' (aka 'unsigned __intcap') [-Wformat]
        rb_parser_printf(p, "%+"PRIsVALUE, rb_node_integer_literal_val(((*yyvaluep).node)));
                             ~~~~~~~~~~~~  ^~~~~~~~~~~~~~~~~~~~~~~~~~~~~~~~~~~~~~~~~~~~~~~
parse.y:2629:44: warning: format specifies type 'long' but the argument has type 'VALUE' (aka 'unsigned __intcap') [-Wformat]
        rb_parser_printf(p, "%+"PRIsVALUE, rb_node_float_literal_val(((*yyvaluep).node)));
                             ~~~~~~~~~~~~  ^~~~~~~~~~~~~~~~~~~~~~~~~~~~~~~~~~~~~~~~~~~~~
parse.y:2632:44: warning: format specifies type 'long' but the argument has type 'VALUE' (aka 'unsigned __intcap') [-Wformat]
        rb_parser_printf(p, "%+"PRIsVALUE, rb_node_rational_literal_val(((*yyvaluep).node)));
                             ~~~~~~~~~~~~  ^~~~~~~~~~~~~~~~~~~~~~~~~~~~~~~~~~~~~~~~~~~~~~~~
parse.y:2635:44: warning: format specifies type 'long' but the argument has type 'VALUE' (aka 'unsigned __intcap') [-Wformat]
        rb_parser_printf(p, "%+"PRIsVALUE, rb_node_imaginary_literal_val(((*yyvaluep).node)));
                             ~~~~~~~~~~~~  ^~~~~~~~~~~~~~~~~~~~~~~~~~~~~~~~~~~~~~~~~~~~~~~~~
parse.y:2626:44: warning: format specifies type 'long' but the argument has type 'VALUE' (aka 'unsigned __intcap') [-Wformat]
        rb_parser_printf(p, "%+"PRIsVALUE, rb_node_integer_literal_val(((*yyvaluep).node)));
                             ~~~~~~~~~~~~  ^~~~~~~~~~~~~~~~~~~~~~~~~~~~~~~~~~~~~~~~~~~~~~~
parse.y:2629:44: warning: format specifies type 'long' but the argument has type 'VALUE' (aka 'unsigned __intcap') [-Wformat]
        rb_parser_printf(p, "%+"PRIsVALUE, rb_node_float_literal_val(((*yyvaluep).node)));
                             ~~~~~~~~~~~~  ^~~~~~~~~~~~~~~~~~~~~~~~~~~~~~~~~~~~~~~~~~~~~
parse.y:2632:44: warning: format specifies type 'long' but the argument has type 'VALUE' (aka 'unsigned __intcap') [-Wformat]
        rb_parser_printf(p, "%+"PRIsVALUE, rb_node_rational_literal_val(((*yyvaluep).node)));
                             ~~~~~~~~~~~~  ^~~~~~~~~~~~~~~~~~~~~~~~~~~~~~~~~~~~~~~~~~~~~~~~
parse.y:2635:44: warning: format specifies type 'long' but the argument has type 'VALUE' (aka 'unsigned __intcap') [-Wformat]
        rb_parser_printf(p, "%+"PRIsVALUE, rb_node_imaginary_literal_val(((*yyvaluep).node)));
                             ~~~~~~~~~~~~  ^~~~~~~~~~~~~~~~~~~~~~~~~~~~~~~~~~~~~~~~~~~~~~~~~
parse.y:2621:39: warning: format specifies type 'long' but the argument has type 'VALUE' (aka 'unsigned __intcap') [-Wformat]
    rb_parser_printf(p, "%"PRIsVALUE, rb_id2str(((*yyvaluep).id)));
                         ~~~~~~~~~~~  ^~~~~~~~~~~~~~~~~~~~~~~~~~~
parse.y:2621:39: warning: format specifies type 'long' but the argument has type 'VALUE' (aka 'unsigned __intcap') [-Wformat]
    rb_parser_printf(p, "%"PRIsVALUE, rb_id2str(((*yyvaluep).id)));
                         ~~~~~~~~~~~  ^~~~~~~~~~~~~~~~~~~~~~~~~~~
parse.y:2621:39: warning: format specifies type 'long' but the argument has type 'VALUE' (aka 'unsigned __intcap') [-Wformat]
    rb_parser_printf(p, "%"PRIsVALUE, rb_id2str(((*yyvaluep).id)));
                         ~~~~~~~~~~~  ^~~~~~~~~~~~~~~~~~~~~~~~~~~
parse.y:2621:39: warning: format specifies type 'long' but the argument has type 'VALUE' (aka 'unsigned __intcap') [-Wformat]
    rb_parser_printf(p, "%"PRIsVALUE, rb_id2str(((*yyvaluep).id)));
                         ~~~~~~~~~~~  ^~~~~~~~~~~~~~~~~~~~~~~~~~~
parse.y:2621:39: warning: format specifies type 'long' but the argument has type 'VALUE' (aka 'unsigned __intcap') [-Wformat]
    rb_parser_printf(p, "%"PRIsVALUE, rb_id2str(((*yyvaluep).id)));
                         ~~~~~~~~~~~  ^~~~~~~~~~~~~~~~~~~~~~~~~~~
parse.y:2621:39: warning: format specifies type 'long' but the argument has type 'VALUE' (aka 'unsigned __intcap') [-Wformat]
    rb_parser_printf(p, "%"PRIsVALUE, rb_id2str(((*yyvaluep).id)));
                         ~~~~~~~~~~~  ^~~~~~~~~~~~~~~~~~~~~~~~~~~
parse.y:2621:39: warning: format specifies type 'long' but the argument has type 'VALUE' (aka 'unsigned __intcap') [-Wformat]
    rb_parser_printf(p, "%"PRIsVALUE, rb_id2str(((*yyvaluep).id)));
                         ~~~~~~~~~~~  ^~~~~~~~~~~~~~~~~~~~~~~~~~~
parse.y:2621:39: warning: format specifies type 'long' but the argument has type 'VALUE' (aka 'unsigned __intcap') [-Wformat]
    rb_parser_printf(p, "%"PRIsVALUE, rb_id2str(((*yyvaluep).id)));
                         ~~~~~~~~~~~  ^~~~~~~~~~~~~~~~~~~~~~~~~~~
parse.y:2621:39: warning: format specifies type 'long' but the argument has type 'VALUE' (aka 'unsigned __intcap') [-Wformat]
    rb_parser_printf(p, "%"PRIsVALUE, rb_id2str(((*yyvaluep).id)));
                         ~~~~~~~~~~~  ^~~~~~~~~~~~~~~~~~~~~~~~~~~
parse.y:2621:39: warning: format specifies type 'long' but the argument has type 'VALUE' (aka 'unsigned __intcap') [-Wformat]
    rb_parser_printf(p, "%"PRIsVALUE, rb_id2str(((*yyvaluep).id)));
                         ~~~~~~~~~~~  ^~~~~~~~~~~~~~~~~~~~~~~~~~~
parse.y:2621:39: warning: format specifies type 'long' but the argument has type 'VALUE' (aka 'unsigned __intcap') [-Wformat]
    rb_parser_printf(p, "%"PRIsVALUE, rb_id2str(((*yyvaluep).id)));
                         ~~~~~~~~~~~  ^~~~~~~~~~~~~~~~~~~~~~~~~~~
parse.y:2621:39: warning: format specifies type 'long' but the argument has type 'VALUE' (aka 'unsigned __intcap') [-Wformat]
    rb_parser_printf(p, "%"PRIsVALUE, rb_id2str(((*yyvaluep).id)));
                         ~~~~~~~~~~~  ^~~~~~~~~~~~~~~~~~~~~~~~~~~
parse.y:2621:39: warning: format specifies type 'long' but the argument has type 'VALUE' (aka 'unsigned __intcap') [-Wformat]
    rb_parser_printf(p, "%"PRIsVALUE, rb_id2str(((*yyvaluep).id)));
                         ~~~~~~~~~~~  ^~~~~~~~~~~~~~~~~~~~~~~~~~~
parse.y:2621:39: warning: format specifies type 'long' but the argument has type 'VALUE' (aka 'unsigned __intcap') [-Wformat]
    rb_parser_printf(p, "%"PRIsVALUE, rb_id2str(((*yyvaluep).id)));
                         ~~~~~~~~~~~  ^~~~~~~~~~~~~~~~~~~~~~~~~~~
parse.y:2621:39: warning: format specifies type 'long' but the argument has type 'VALUE' (aka 'unsigned __intcap') [-Wformat]
    rb_parser_printf(p, "%"PRIsVALUE, rb_id2str(((*yyvaluep).id)));
                         ~~~~~~~~~~~  ^~~~~~~~~~~~~~~~~~~~~~~~~~~
parse.y:2621:39: warning: format specifies type 'long' but the argument has type 'VALUE' (aka 'unsigned __intcap') [-Wformat]
    rb_parser_printf(p, "%"PRIsVALUE, rb_id2str(((*yyvaluep).id)));
                         ~~~~~~~~~~~  ^~~~~~~~~~~~~~~~~~~~~~~~~~~
parse.y:2621:39: warning: format specifies type 'long' but the argument has type 'VALUE' (aka 'unsigned __intcap') [-Wformat]
    rb_parser_printf(p, "%"PRIsVALUE, rb_id2str(((*yyvaluep).id)));
                         ~~~~~~~~~~~  ^~~~~~~~~~~~~~~~~~~~~~~~~~~
parse.y:2621:39: warning: format specifies type 'long' but the argument has type 'VALUE' (aka 'unsigned __intcap') [-Wformat]
    rb_parser_printf(p, "%"PRIsVALUE, rb_id2str(((*yyvaluep).id)));
                         ~~~~~~~~~~~  ^~~~~~~~~~~~~~~~~~~~~~~~~~~
parse.y:2621:39: warning: format specifies type 'long' but the argument has type 'VALUE' (aka 'unsigned __intcap') [-Wformat]
    rb_parser_printf(p, "%"PRIsVALUE, rb_id2str(((*yyvaluep).id)));
                         ~~~~~~~~~~~  ^~~~~~~~~~~~~~~~~~~~~~~~~~~
parse.y:2621:39: warning: format specifies type 'long' but the argument has type 'VALUE' (aka 'unsigned __intcap') [-Wformat]
    rb_parser_printf(p, "%"PRIsVALUE, rb_id2str(((*yyvaluep).id)));
                         ~~~~~~~~~~~  ^~~~~~~~~~~~~~~~~~~~~~~~~~~
parse.y:2621:39: warning: format specifies type 'long' but the argument has type 'VALUE' (aka 'unsigned __intcap') [-Wformat]
    rb_parser_printf(p, "%"PRIsVALUE, rb_id2str(((*yyvaluep).id)));
                         ~~~~~~~~~~~  ^~~~~~~~~~~~~~~~~~~~~~~~~~~
parse.y:2621:39: warning: format specifies type 'long' but the argument has type 'VALUE' (aka 'unsigned __intcap') [-Wformat]
    rb_parser_printf(p, "%"PRIsVALUE, rb_id2str(((*yyvaluep).id)));
                         ~~~~~~~~~~~  ^~~~~~~~~~~~~~~~~~~~~~~~~~~
parse.y:2621:39: warning: format specifies type 'long' but the argument has type 'VALUE' (aka 'unsigned __intcap') [-Wformat]
    rb_parser_printf(p, "%"PRIsVALUE, rb_id2str(((*yyvaluep).id)));
                         ~~~~~~~~~~~  ^~~~~~~~~~~~~~~~~~~~~~~~~~~
parse.y:2621:39: warning: format specifies type 'long' but the argument has type 'VALUE' (aka 'unsigned __intcap') [-Wformat]
    rb_parser_printf(p, "%"PRIsVALUE, rb_id2str(((*yyvaluep).id)));
                         ~~~~~~~~~~~  ^~~~~~~~~~~~~~~~~~~~~~~~~~~
parse.y:2621:39: warning: format specifies type 'long' but the argument has type 'VALUE' (aka 'unsigned __intcap') [-Wformat]
    rb_parser_printf(p, "%"PRIsVALUE, rb_id2str(((*yyvaluep).id)));
                         ~~~~~~~~~~~  ^~~~~~~~~~~~~~~~~~~~~~~~~~~
parse.y:2621:39: warning: format specifies type 'long' but the argument has type 'VALUE' (aka 'unsigned __intcap') [-Wformat]
    rb_parser_printf(p, "%"PRIsVALUE, rb_id2str(((*yyvaluep).id)));
                         ~~~~~~~~~~~  ^~~~~~~~~~~~~~~~~~~~~~~~~~~
parse.y:2621:39: warning: format specifies type 'long' but the argument has type 'VALUE' (aka 'unsigned __intcap') [-Wformat]
    rb_parser_printf(p, "%"PRIsVALUE, rb_id2str(((*yyvaluep).id)));
                         ~~~~~~~~~~~  ^~~~~~~~~~~~~~~~~~~~~~~~~~~
parse.y:2621:39: warning: format specifies type 'long' but the argument has type 'VALUE' (aka 'unsigned __intcap') [-Wformat]
    rb_parser_printf(p, "%"PRIsVALUE, rb_id2str(((*yyvaluep).id)));
                         ~~~~~~~~~~~  ^~~~~~~~~~~~~~~~~~~~~~~~~~~
parse.y:2621:39: warning: format specifies type 'long' but the argument has type 'VALUE' (aka 'unsigned __intcap') [-Wformat]
    rb_parser_printf(p, "%"PRIsVALUE, rb_id2str(((*yyvaluep).id)));
                         ~~~~~~~~~~~  ^~~~~~~~~~~~~~~~~~~~~~~~~~~
parse.y:2621:39: warning: format specifies type 'long' but the argument has type 'VALUE' (aka 'unsigned __intcap') [-Wformat]
    rb_parser_printf(p, "%"PRIsVALUE, rb_id2str(((*yyvaluep).id)));
                         ~~~~~~~~~~~  ^~~~~~~~~~~~~~~~~~~~~~~~~~~
parse.y:2621:39: warning: format specifies type 'long' but the argument has type 'VALUE' (aka 'unsigned __intcap') [-Wformat]
    rb_parser_printf(p, "%"PRIsVALUE, rb_id2str(((*yyvaluep).id)));
                         ~~~~~~~~~~~  ^~~~~~~~~~~~~~~~~~~~~~~~~~~
parse.y:2621:39: warning: format specifies type 'long' but the argument has type 'VALUE' (aka 'unsigned __intcap') [-Wformat]
    rb_parser_printf(p, "%"PRIsVALUE, rb_id2str(((*yyvaluep).id)));
                         ~~~~~~~~~~~  ^~~~~~~~~~~~~~~~~~~~~~~~~~~
parse.y:2621:39: warning: format specifies type 'long' but the argument has type 'VALUE' (aka 'unsigned __intcap') [-Wformat]
    rb_parser_printf(p, "%"PRIsVALUE, rb_id2str(((*yyvaluep).id)));
                         ~~~~~~~~~~~  ^~~~~~~~~~~~~~~~~~~~~~~~~~~
parse.y:2621:39: warning: format specifies type 'long' but the argument has type 'VALUE' (aka 'unsigned __intcap') [-Wformat]
    rb_parser_printf(p, "%"PRIsVALUE, rb_id2str(((*yyvaluep).id)));
                         ~~~~~~~~~~~  ^~~~~~~~~~~~~~~~~~~~~~~~~~~
parse.y:2621:39: warning: format specifies type 'long' but the argument has type 'VALUE' (aka 'unsigned __intcap') [-Wformat]
    rb_parser_printf(p, "%"PRIsVALUE, rb_id2str(((*yyvaluep).id)));
                         ~~~~~~~~~~~  ^~~~~~~~~~~~~~~~~~~~~~~~~~~
parse.y:2621:39: warning: format specifies type 'long' but the argument has type 'VALUE' (aka 'unsigned __intcap') [-Wformat]
    rb_parser_printf(p, "%"PRIsVALUE, rb_id2str(((*yyvaluep).id)));
                         ~~~~~~~~~~~  ^~~~~~~~~~~~~~~~~~~~~~~~~~~
parse.y:2621:39: warning: format specifies type 'long' but the argument has type 'VALUE' (aka 'unsigned __intcap') [-Wformat]
    rb_parser_printf(p, "%"PRIsVALUE, rb_id2str(((*yyvaluep).id)));
                         ~~~~~~~~~~~  ^~~~~~~~~~~~~~~~~~~~~~~~~~~
parse.y:2621:39: warning: format specifies type 'long' but the argument has type 'VALUE' (aka 'unsigned __intcap') [-Wformat]
    rb_parser_printf(p, "%"PRIsVALUE, rb_id2str(((*yyvaluep).id)));
                         ~~~~~~~~~~~  ^~~~~~~~~~~~~~~~~~~~~~~~~~~
parse.y:2621:39: warning: format specifies type 'long' but the argument has type 'VALUE' (aka 'unsigned __intcap') [-Wformat]
    rb_parser_printf(p, "%"PRIsVALUE, rb_id2str(((*yyvaluep).id)));
                         ~~~~~~~~~~~  ^~~~~~~~~~~~~~~~~~~~~~~~~~~
parse.y:2621:39: warning: format specifies type 'long' but the argument has type 'VALUE' (aka 'unsigned __intcap') [-Wformat]
    rb_parser_printf(p, "%"PRIsVALUE, rb_id2str(((*yyvaluep).id)));
                         ~~~~~~~~~~~  ^~~~~~~~~~~~~~~~~~~~~~~~~~~
parse.y:2621:39: warning: format specifies type 'long' but the argument has type 'VALUE' (aka 'unsigned __intcap') [-Wformat]
    rb_parser_printf(p, "%"PRIsVALUE, rb_id2str(((*yyvaluep).id)));
                         ~~~~~~~~~~~  ^~~~~~~~~~~~~~~~~~~~~~~~~~~
parse.y:2621:39: warning: format specifies type 'long' but the argument has type 'VALUE' (aka 'unsigned __intcap') [-Wformat]
    rb_parser_printf(p, "%"PRIsVALUE, rb_id2str(((*yyvaluep).id)));
                         ~~~~~~~~~~~  ^~~~~~~~~~~~~~~~~~~~~~~~~~~
parse.y:2621:39: warning: format specifies type 'long' but the argument has type 'VALUE' (aka 'unsigned __intcap') [-Wformat]
    rb_parser_printf(p, "%"PRIsVALUE, rb_id2str(((*yyvaluep).id)));
                         ~~~~~~~~~~~  ^~~~~~~~~~~~~~~~~~~~~~~~~~~
parse.y:2621:39: warning: format specifies type 'long' but the argument has type 'VALUE' (aka 'unsigned __intcap') [-Wformat]
    rb_parser_printf(p, "%"PRIsVALUE, rb_id2str(((*yyvaluep).id)));
                         ~~~~~~~~~~~  ^~~~~~~~~~~~~~~~~~~~~~~~~~~
parse.y:2621:39: warning: format specifies type 'long' but the argument has type 'VALUE' (aka 'unsigned __intcap') [-Wformat]
    rb_parser_printf(p, "%"PRIsVALUE, rb_id2str(((*yyvaluep).id)));
                         ~~~~~~~~~~~  ^~~~~~~~~~~~~~~~~~~~~~~~~~~
parse.y:4402:25: warning: overflow in expression; result is 9223372036854775807 with type 'long' [-Winteger-overflow]
                        nd_set_line((yyval.node), (yylsp[-3]).end_pos.lineno);
                        ^
../node.h:78:71: note: expanded from macro 'nd_set_line'
    (n)->flags=(((n)->flags&~((VALUE)(-1)<<NODE_LSHIFT))|((VALUE)((l)&NODE_LMASK)<<NODE_LSHIFT))
                                                                      ^
../node.h:74:77: note: expanded from macro 'NODE_LMASK'
#define NODE_LMASK  (((SIGNED_VALUE)1<<(sizeof(VALUE)*CHAR_BIT-NODE_LSHIFT))-1)
                                                                            ^
parse.y:4607:25: warning: overflow in expression; result is 9223372036854775807 with type 'long' [-Winteger-overflow]
                        nd_set_line(RNODE_CLASS((yyval.node))->nd_body, (yylsp[0]).end_pos.lineno);
                        ^
../node.h:78:71: note: expanded from macro 'nd_set_line'
    (n)->flags=(((n)->flags&~((VALUE)(-1)<<NODE_LSHIFT))|((VALUE)((l)&NODE_LMASK)<<NODE_LSHIFT))
                                                                      ^
../node.h:74:77: note: expanded from macro 'NODE_LMASK'
#define NODE_LMASK  (((SIGNED_VALUE)1<<(sizeof(VALUE)*CHAR_BIT-NODE_LSHIFT))-1)
                                                                            ^
parse.y:4609:25: warning: overflow in expression; result is 9223372036854775807 with type 'long' [-Winteger-overflow]
                        nd_set_line((yyval.node), (yylsp[-3]).end_pos.lineno);
                        ^
../node.h:78:71: note: expanded from macro 'nd_set_line'
    (n)->flags=(((n)->flags&~((VALUE)(-1)<<NODE_LSHIFT))|((VALUE)((l)&NODE_LMASK)<<NODE_LSHIFT))
                                                                      ^
../node.h:74:77: note: expanded from macro 'NODE_LMASK'
#define NODE_LMASK  (((SIGNED_VALUE)1<<(sizeof(VALUE)*CHAR_BIT-NODE_LSHIFT))-1)
                                                                            ^
parse.y:4625:25: warning: overflow in expression; result is 9223372036854775807 with type 'long' [-Winteger-overflow]
                        nd_set_line(RNODE_SCLASS((yyval.node))->nd_body, (yylsp[0]).end_pos.lineno);
                        ^
../node.h:78:71: note: expanded from macro 'nd_set_line'
    (n)->flags=(((n)->flags&~((VALUE)(-1)<<NODE_LSHIFT))|((VALUE)((l)&NODE_LMASK)<<NODE_LSHIFT))
                                                                      ^
../node.h:74:77: note: expanded from macro 'NODE_LMASK'
#define NODE_LMASK  (((SIGNED_VALUE)1<<(sizeof(VALUE)*CHAR_BIT-NODE_LSHIFT))-1)
                                                                            ^
parse.y:4643:25: warning: overflow in expression; result is 9223372036854775807 with type 'long' [-Winteger-overflow]
                        nd_set_line(RNODE_MODULE((yyval.node))->nd_body, (yylsp[0]).end_pos.lineno);
                        ^
../node.h:78:71: note: expanded from macro 'nd_set_line'
    (n)->flags=(((n)->flags&~((VALUE)(-1)<<NODE_LSHIFT))|((VALUE)((l)&NODE_LMASK)<<NODE_LSHIFT))
                                                                      ^
../node.h:74:77: note: expanded from macro 'NODE_LMASK'
#define NODE_LMASK  (((SIGNED_VALUE)1<<(sizeof(VALUE)*CHAR_BIT-NODE_LSHIFT))-1)
                                                                            ^
parse.y:4645:25: warning: overflow in expression; result is 9223372036854775807 with type 'long' [-Winteger-overflow]
                        nd_set_line((yyval.node), (yylsp[-3]).end_pos.lineno);
                        ^
../node.h:78:71: note: expanded from macro 'nd_set_line'
    (n)->flags=(((n)->flags&~((VALUE)(-1)<<NODE_LSHIFT))|((VALUE)((l)&NODE_LMASK)<<NODE_LSHIFT))
                                                                      ^
../node.h:74:77: note: expanded from macro 'NODE_LMASK'
#define NODE_LMASK  (((SIGNED_VALUE)1<<(sizeof(VALUE)*CHAR_BIT-NODE_LSHIFT))-1)
                                                                            ^
parse.y:5197:29: warning: overflow in expression; result is 9223372036854775807 with type 'long' [-Winteger-overflow]
                            nd_set_line(RNODE_LAMBDA((yyval.node))->nd_body, (yylsp[0]).end_pos.lineno);
                            ^
../node.h:78:71: note: expanded from macro 'nd_set_line'
    (n)->flags=(((n)->flags&~((VALUE)(-1)<<NODE_LSHIFT))|((VALUE)((l)&NODE_LMASK)<<NODE_LSHIFT))
                                                                      ^
../node.h:74:77: note: expanded from macro 'NODE_LMASK'
#define NODE_LMASK  (((SIGNED_VALUE)1<<(sizeof(VALUE)*CHAR_BIT-NODE_LSHIFT))-1)
                                                                            ^
parse.y:5198:29: warning: overflow in expression; result is 9223372036854775807 with type 'long' [-Winteger-overflow]
                            nd_set_line((yyval.node), (yylsp[-2]).end_pos.lineno);
                            ^
../node.h:78:71: note: expanded from macro 'nd_set_line'
    (n)->flags=(((n)->flags&~((VALUE)(-1)<<NODE_LSHIFT))|((VALUE)((l)&NODE_LMASK)<<NODE_LSHIFT))
                                                                      ^
../node.h:74:77: note: expanded from macro 'NODE_LMASK'
#define NODE_LMASK  (((SIGNED_VALUE)1<<(sizeof(VALUE)*CHAR_BIT-NODE_LSHIFT))-1)
                                                                            ^
parse.y:5298:25: warning: overflow in expression; result is 9223372036854775807 with type 'long' [-Winteger-overflow]
                        nd_set_line((yyval.node), (yylsp[-1]).end_pos.lineno);
                        ^
../node.h:78:71: note: expanded from macro 'nd_set_line'
    (n)->flags=(((n)->flags&~((VALUE)(-1)<<NODE_LSHIFT))|((VALUE)((l)&NODE_LMASK)<<NODE_LSHIFT))
                                                                      ^
../node.h:74:77: note: expanded from macro 'NODE_LMASK'
#define NODE_LMASK  (((SIGNED_VALUE)1<<(sizeof(VALUE)*CHAR_BIT-NODE_LSHIFT))-1)
                                                                            ^
parse.y:5307:25: warning: overflow in expression; result is 9223372036854775807 with type 'long' [-Winteger-overflow]
                        nd_set_line((yyval.node), (yylsp[-1]).end_pos.lineno);
                        ^
../node.h:78:71: note: expanded from macro 'nd_set_line'
    (n)->flags=(((n)->flags&~((VALUE)(-1)<<NODE_LSHIFT))|((VALUE)((l)&NODE_LMASK)<<NODE_LSHIFT))
                                                                      ^
../node.h:74:77: note: expanded from macro 'NODE_LMASK'
#define NODE_LMASK  (((SIGNED_VALUE)1<<(sizeof(VALUE)*CHAR_BIT-NODE_LSHIFT))-1)
                                                                            ^
parse.y:5318:25: warning: overflow in expression; result is 9223372036854775807 with type 'long' [-Winteger-overflow]
                        nd_set_line((yyval.node), (yylsp[-1]).end_pos.lineno);
                        ^
../node.h:78:71: note: expanded from macro 'nd_set_line'
    (n)->flags=(((n)->flags&~((VALUE)(-1)<<NODE_LSHIFT))|((VALUE)((l)&NODE_LMASK)<<NODE_LSHIFT))
                                                                      ^
../node.h:74:77: note: expanded from macro 'NODE_LMASK'
#define NODE_LMASK  (((SIGNED_VALUE)1<<(sizeof(VALUE)*CHAR_BIT-NODE_LSHIFT))-1)
                                                                            ^
parse.y:5324:25: warning: overflow in expression; result is 9223372036854775807 with type 'long' [-Winteger-overflow]
                        nd_set_line((yyval.node), (yylsp[-1]).end_pos.lineno);
                        ^
../node.h:78:71: note: expanded from macro 'nd_set_line'
    (n)->flags=(((n)->flags&~((VALUE)(-1)<<NODE_LSHIFT))|((VALUE)((l)&NODE_LMASK)<<NODE_LSHIFT))
                                                                      ^
../node.h:74:77: note: expanded from macro 'NODE_LMASK'
#define NODE_LMASK  (((SIGNED_VALUE)1<<(sizeof(VALUE)*CHAR_BIT-NODE_LSHIFT))-1)
                                                                            ^
parse.y:5890:86: warning: format specifies type 'long' but the argument has type 'VALUE' (aka 'unsigned __intcap') [-Wformat]
                            compile_error(p, "%"PRIsVALUE": no such local variable", rb_id2str((yyvsp[0].id)));
                            ~~~~~~~~~~~~~~~~~~~~~~~~~~~~~~~~~~~~~~~~~~~~~~~~~~~~~~~~~^~~~~~~~~~~~~~~~~~~~~~~~~
parse.y:1776:62: note: expanded from macro 'compile_error'
# define compile_error(p, ...) parser_compile_error(p, NULL, __VA_ARGS__)
                                                             ^~~~~~~~~~~
parse.y:6176:25: warning: overflow in expression; result is 9223372036854775807 with type 'long' [-Winteger-overflow]
                        nd_set_line((yyval.node), (yylsp[0]).end_pos.lineno);
                        ^
../node.h:78:71: note: expanded from macro 'nd_set_line'
    (n)->flags=(((n)->flags&~((VALUE)(-1)<<NODE_LSHIFT))|((VALUE)((l)&NODE_LMASK)<<NODE_LSHIFT))
                                                                      ^
../node.h:74:77: note: expanded from macro 'NODE_LMASK'
#define NODE_LMASK  (((SIGNED_VALUE)1<<(sizeof(VALUE)*CHAR_BIT-NODE_LSHIFT))-1)
                                                                            ^
parse.y:4402:25: warning: shift count >= width of type [-Wshift-count-overflow]
                        nd_set_line((yyval.node), (yylsp[-3]).end_pos.lineno);
                        ^~~~~~~~~~~~~~~~~~~~~~~~~~~~~~~~~~~~~~~~~~~~~~~~~~~~~
../node.h:78:71: note: expanded from macro 'nd_set_line'
    (n)->flags=(((n)->flags&~((VALUE)(-1)<<NODE_LSHIFT))|((VALUE)((l)&NODE_LMASK)<<NODE_LSHIFT))
                                                                      ^~~~~~~~~~
../node.h:74:38: note: expanded from macro 'NODE_LMASK'
#define NODE_LMASK  (((SIGNED_VALUE)1<<(sizeof(VALUE)*CHAR_BIT-NODE_LSHIFT))-1)
                                     ^ ~~~~~~~~~~~~~~~~~~~~~~~~~~~~~~~~~~~~
parse.y:4607:25: warning: shift count >= width of type [-Wshift-count-overflow]
                        nd_set_line(RNODE_CLASS((yyval.node))->nd_body, (yylsp[0]).end_pos.lineno);
                        ^~~~~~~~~~~~~~~~~~~~~~~~~~~~~~~~~~~~~~~~~~~~~~~~~~~~~~~~~~~~~~~~~~~~~~~~~~
../node.h:78:71: note: expanded from macro 'nd_set_line'
    (n)->flags=(((n)->flags&~((VALUE)(-1)<<NODE_LSHIFT))|((VALUE)((l)&NODE_LMASK)<<NODE_LSHIFT))
                                                                      ^~~~~~~~~~
../node.h:74:38: note: expanded from macro 'NODE_LMASK'
#define NODE_LMASK  (((SIGNED_VALUE)1<<(sizeof(VALUE)*CHAR_BIT-NODE_LSHIFT))-1)
                                     ^ ~~~~~~~~~~~~~~~~~~~~~~~~~~~~~~~~~~~~
parse.y:4609:25: warning: shift count >= width of type [-Wshift-count-overflow]
                        nd_set_line((yyval.node), (yylsp[-3]).end_pos.lineno);
                        ^~~~~~~~~~~~~~~~~~~~~~~~~~~~~~~~~~~~~~~~~~~~~~~~~~~~~
../node.h:78:71: note: expanded from macro 'nd_set_line'
    (n)->flags=(((n)->flags&~((VALUE)(-1)<<NODE_LSHIFT))|((VALUE)((l)&NODE_LMASK)<<NODE_LSHIFT))
                                                                      ^~~~~~~~~~
../node.h:74:38: note: expanded from macro 'NODE_LMASK'
#define NODE_LMASK  (((SIGNED_VALUE)1<<(sizeof(VALUE)*CHAR_BIT-NODE_LSHIFT))-1)
                                     ^ ~~~~~~~~~~~~~~~~~~~~~~~~~~~~~~~~~~~~
parse.y:4625:25: warning: shift count >= width of type [-Wshift-count-overflow]
                        nd_set_line(RNODE_SCLASS((yyval.node))->nd_body, (yylsp[0]).end_pos.lineno);
                        ^~~~~~~~~~~~~~~~~~~~~~~~~~~~~~~~~~~~~~~~~~~~~~~~~~~~~~~~~~~~~~~~~~~~~~~~~~~
../node.h:78:71: note: expanded from macro 'nd_set_line'
    (n)->flags=(((n)->flags&~((VALUE)(-1)<<NODE_LSHIFT))|((VALUE)((l)&NODE_LMASK)<<NODE_LSHIFT))
                                                                      ^~~~~~~~~~
../node.h:74:38: note: expanded from macro 'NODE_LMASK'
#define NODE_LMASK  (((SIGNED_VALUE)1<<(sizeof(VALUE)*CHAR_BIT-NODE_LSHIFT))-1)
                                     ^ ~~~~~~~~~~~~~~~~~~~~~~~~~~~~~~~~~~~~
parse.y:4643:25: warning: shift count >= width of type [-Wshift-count-overflow]
                        nd_set_line(RNODE_MODULE((yyval.node))->nd_body, (yylsp[0]).end_pos.lineno);
                        ^~~~~~~~~~~~~~~~~~~~~~~~~~~~~~~~~~~~~~~~~~~~~~~~~~~~~~~~~~~~~~~~~~~~~~~~~~~
../node.h:78:71: note: expanded from macro 'nd_set_line'
    (n)->flags=(((n)->flags&~((VALUE)(-1)<<NODE_LSHIFT))|((VALUE)((l)&NODE_LMASK)<<NODE_LSHIFT))
                                                                      ^~~~~~~~~~
../node.h:74:38: note: expanded from macro 'NODE_LMASK'
#define NODE_LMASK  (((SIGNED_VALUE)1<<(sizeof(VALUE)*CHAR_BIT-NODE_LSHIFT))-1)
                                     ^ ~~~~~~~~~~~~~~~~~~~~~~~~~~~~~~~~~~~~
parse.y:4645:25: warning: shift count >= width of type [-Wshift-count-overflow]
                        nd_set_line((yyval.node), (yylsp[-3]).end_pos.lineno);
                        ^~~~~~~~~~~~~~~~~~~~~~~~~~~~~~~~~~~~~~~~~~~~~~~~~~~~~
../node.h:78:71: note: expanded from macro 'nd_set_line'
    (n)->flags=(((n)->flags&~((VALUE)(-1)<<NODE_LSHIFT))|((VALUE)((l)&NODE_LMASK)<<NODE_LSHIFT))
                                                                      ^~~~~~~~~~
../node.h:74:38: note: expanded from macro 'NODE_LMASK'
#define NODE_LMASK  (((SIGNED_VALUE)1<<(sizeof(VALUE)*CHAR_BIT-NODE_LSHIFT))-1)
                                     ^ ~~~~~~~~~~~~~~~~~~~~~~~~~~~~~~~~~~~~
parse.y:5197:29: warning: shift count >= width of type [-Wshift-count-overflow]
                            nd_set_line(RNODE_LAMBDA((yyval.node))->nd_body, (yylsp[0]).end_pos.lineno);
                            ^~~~~~~~~~~~~~~~~~~~~~~~~~~~~~~~~~~~~~~~~~~~~~~~~~~~~~~~~~~~~~~~~~~~~~~~~~~
../node.h:78:71: note: expanded from macro 'nd_set_line'
    (n)->flags=(((n)->flags&~((VALUE)(-1)<<NODE_LSHIFT))|((VALUE)((l)&NODE_LMASK)<<NODE_LSHIFT))
                                                                      ^~~~~~~~~~
../node.h:74:38: note: expanded from macro 'NODE_LMASK'
#define NODE_LMASK  (((SIGNED_VALUE)1<<(sizeof(VALUE)*CHAR_BIT-NODE_LSHIFT))-1)
                                     ^ ~~~~~~~~~~~~~~~~~~~~~~~~~~~~~~~~~~~~
parse.y:5198:29: warning: shift count >= width of type [-Wshift-count-overflow]
                            nd_set_line((yyval.node), (yylsp[-2]).end_pos.lineno);
                            ^~~~~~~~~~~~~~~~~~~~~~~~~~~~~~~~~~~~~~~~~~~~~~~~~~~~~
../node.h:78:71: note: expanded from macro 'nd_set_line'
    (n)->flags=(((n)->flags&~((VALUE)(-1)<<NODE_LSHIFT))|((VALUE)((l)&NODE_LMASK)<<NODE_LSHIFT))
                                                                      ^~~~~~~~~~
../node.h:74:38: note: expanded from macro 'NODE_LMASK'
#define NODE_LMASK  (((SIGNED_VALUE)1<<(sizeof(VALUE)*CHAR_BIT-NODE_LSHIFT))-1)
                                     ^ ~~~~~~~~~~~~~~~~~~~~~~~~~~~~~~~~~~~~
parse.y:5298:25: warning: shift count >= width of type [-Wshift-count-overflow]
                        nd_set_line((yyval.node), (yylsp[-1]).end_pos.lineno);
                        ^~~~~~~~~~~~~~~~~~~~~~~~~~~~~~~~~~~~~~~~~~~~~~~~~~~~~
../node.h:78:71: note: expanded from macro 'nd_set_line'
    (n)->flags=(((n)->flags&~((VALUE)(-1)<<NODE_LSHIFT))|((VALUE)((l)&NODE_LMASK)<<NODE_LSHIFT))
                                                                      ^~~~~~~~~~
../node.h:74:38: note: expanded from macro 'NODE_LMASK'
#define NODE_LMASK  (((SIGNED_VALUE)1<<(sizeof(VALUE)*CHAR_BIT-NODE_LSHIFT))-1)
                                     ^ ~~~~~~~~~~~~~~~~~~~~~~~~~~~~~~~~~~~~
parse.y:5307:25: warning: shift count >= width of type [-Wshift-count-overflow]
                        nd_set_line((yyval.node), (yylsp[-1]).end_pos.lineno);
                        ^~~~~~~~~~~~~~~~~~~~~~~~~~~~~~~~~~~~~~~~~~~~~~~~~~~~~
../node.h:78:71: note: expanded from macro 'nd_set_line'
    (n)->flags=(((n)->flags&~((VALUE)(-1)<<NODE_LSHIFT))|((VALUE)((l)&NODE_LMASK)<<NODE_LSHIFT))
                                                                      ^~~~~~~~~~
../node.h:74:38: note: expanded from macro 'NODE_LMASK'
#define NODE_LMASK  (((SIGNED_VALUE)1<<(sizeof(VALUE)*CHAR_BIT-NODE_LSHIFT))-1)
                                     ^ ~~~~~~~~~~~~~~~~~~~~~~~~~~~~~~~~~~~~
parse.y:5318:25: warning: shift count >= width of type [-Wshift-count-overflow]
                        nd_set_line((yyval.node), (yylsp[-1]).end_pos.lineno);
                        ^~~~~~~~~~~~~~~~~~~~~~~~~~~~~~~~~~~~~~~~~~~~~~~~~~~~~
../node.h:78:71: note: expanded from macro 'nd_set_line'
    (n)->flags=(((n)->flags&~((VALUE)(-1)<<NODE_LSHIFT))|((VALUE)((l)&NODE_LMASK)<<NODE_LSHIFT))
                                                                      ^~~~~~~~~~
../node.h:74:38: note: expanded from macro 'NODE_LMASK'
#define NODE_LMASK  (((SIGNED_VALUE)1<<(sizeof(VALUE)*CHAR_BIT-NODE_LSHIFT))-1)
                                     ^ ~~~~~~~~~~~~~~~~~~~~~~~~~~~~~~~~~~~~
parse.y:5324:25: warning: shift count >= width of type [-Wshift-count-overflow]
                        nd_set_line((yyval.node), (yylsp[-1]).end_pos.lineno);
                        ^~~~~~~~~~~~~~~~~~~~~~~~~~~~~~~~~~~~~~~~~~~~~~~~~~~~~
../node.h:78:71: note: expanded from macro 'nd_set_line'
    (n)->flags=(((n)->flags&~((VALUE)(-1)<<NODE_LSHIFT))|((VALUE)((l)&NODE_LMASK)<<NODE_LSHIFT))
                                                                      ^~~~~~~~~~
../node.h:74:38: note: expanded from macro 'NODE_LMASK'
#define NODE_LMASK  (((SIGNED_VALUE)1<<(sizeof(VALUE)*CHAR_BIT-NODE_LSHIFT))-1)
                                     ^ ~~~~~~~~~~~~~~~~~~~~~~~~~~~~~~~~~~~~
parse.y:6176:25: warning: shift count >= width of type [-Wshift-count-overflow]
                        nd_set_line((yyval.node), (yylsp[0]).end_pos.lineno);
                        ^~~~~~~~~~~~~~~~~~~~~~~~~~~~~~~~~~~~~~~~~~~~~~~~~~~~
../node.h:78:71: note: expanded from macro 'nd_set_line'
    (n)->flags=(((n)->flags&~((VALUE)(-1)<<NODE_LSHIFT))|((VALUE)((l)&NODE_LMASK)<<NODE_LSHIFT))
                                                                      ^~~~~~~~~~
../node.h:74:38: note: expanded from macro 'NODE_LMASK'
#define NODE_LMASK  (((SIGNED_VALUE)1<<(sizeof(VALUE)*CHAR_BIT-NODE_LSHIFT))-1)
                                     ^ ~~~~~~~~~~~~~~~~~~~~~~~~~~~~~~~~~~~~
parse.y:9403:66: warning: format specifies type 'long' but the argument has type 'VALUE' (aka 'unsigned __intcap') [-Wformat]
        rb_ary_unshift(excargs[2], rb_sprintf("%"PRIsVALUE":%d", p->ruby_sourcefile_string, p->ruby_sourceline));
                                               ~~~~~~~~~~~       ^~~~~~~~~~~~~~~~~~~~~~~~~
parse.y:11331:5: warning: overflow in expression; result is 9223372036854775807 with type 'long' [-Winteger-overflow]
    nd_set_line(nd, loc->beg_pos.lineno);
    ^
../node.h:78:71: note: expanded from macro 'nd_set_line'
    (n)->flags=(((n)->flags&~((VALUE)(-1)<<NODE_LSHIFT))|((VALUE)((l)&NODE_LMASK)<<NODE_LSHIFT))
                                                                      ^
../node.h:74:77: note: expanded from macro 'NODE_LMASK'
#define NODE_LMASK  (((SIGNED_VALUE)1<<(sizeof(VALUE)*CHAR_BIT-NODE_LSHIFT))-1)
                                                                            ^
parse.y:11331:5: warning: shift count >= width of type [-Wshift-count-overflow]
    nd_set_line(nd, loc->beg_pos.lineno);
    ^~~~~~~~~~~~~~~~~~~~~~~~~~~~~~~~~~~~
../node.h:78:71: note: expanded from macro 'nd_set_line'
    (n)->flags=(((n)->flags&~((VALUE)(-1)<<NODE_LSHIFT))|((VALUE)((l)&NODE_LMASK)<<NODE_LSHIFT))
                                                                      ^~~~~~~~~~
../node.h:74:38: note: expanded from macro 'NODE_LMASK'
#define NODE_LMASK  (((SIGNED_VALUE)1<<(sizeof(VALUE)*CHAR_BIT-NODE_LSHIFT))-1)
                                     ^ ~~~~~~~~~~~~~~~~~~~~~~~~~~~~~~~~~~~~
parse.y:12549:5: warning: overflow in expression; result is 9223372036854775807 with type 'long' [-Winteger-overflow]
    nd_set_line(node, nd_line(orig));
    ^
../node.h:78:71: note: expanded from macro 'nd_set_line'
    (n)->flags=(((n)->flags&~((VALUE)(-1)<<NODE_LSHIFT))|((VALUE)((l)&NODE_LMASK)<<NODE_LSHIFT))
                                                                      ^
../node.h:74:77: note: expanded from macro 'NODE_LMASK'
#define NODE_LMASK  (((SIGNED_VALUE)1<<(sizeof(VALUE)*CHAR_BIT-NODE_LSHIFT))-1)
                                                                            ^
parse.y:12549:5: warning: shift count >= width of type [-Wshift-count-overflow]
    nd_set_line(node, nd_line(orig));
    ^~~~~~~~~~~~~~~~~~~~~~~~~~~~~~~~
../node.h:78:71: note: expanded from macro 'nd_set_line'
    (n)->flags=(((n)->flags&~((VALUE)(-1)<<NODE_LSHIFT))|((VALUE)((l)&NODE_LMASK)<<NODE_LSHIFT))
                                                                      ^~~~~~~~~~
../node.h:74:38: note: expanded from macro 'NODE_LMASK'
#define NODE_LMASK  (((SIGNED_VALUE)1<<(sizeof(VALUE)*CHAR_BIT-NODE_LSHIFT))-1)
                                     ^ ~~~~~~~~~~~~~~~~~~~~~~~~~~~~~~~~~~~~
parse.y:12782:5: warning: overflow in expression; result is 9223372036854775807 with type 'long' [-Winteger-overflow]
    nd_set_line(new_node, nd_line(old_node));
    ^
../node.h:78:71: note: expanded from macro 'nd_set_line'
    (n)->flags=(((n)->flags&~((VALUE)(-1)<<NODE_LSHIFT))|((VALUE)((l)&NODE_LMASK)<<NODE_LSHIFT))
                                                                      ^
../node.h:74:77: note: expanded from macro 'NODE_LMASK'
#define NODE_LMASK  (((SIGNED_VALUE)1<<(sizeof(VALUE)*CHAR_BIT-NODE_LSHIFT))-1)
                                                                            ^
parse.y:12782:5: warning: shift count >= width of type [-Wshift-count-overflow]
    nd_set_line(new_node, nd_line(old_node));
    ^~~~~~~~~~~~~~~~~~~~~~~~~~~~~~~~~~~~~~~~
../node.h:78:71: note: expanded from macro 'nd_set_line'
    (n)->flags=(((n)->flags&~((VALUE)(-1)<<NODE_LSHIFT))|((VALUE)((l)&NODE_LMASK)<<NODE_LSHIFT))
                                                                      ^~~~~~~~~~
../node.h:74:38: note: expanded from macro 'NODE_LMASK'
#define NODE_LMASK  (((SIGNED_VALUE)1<<(sizeof(VALUE)*CHAR_BIT-NODE_LSHIFT))-1)
                                     ^ ~~~~~~~~~~~~~~~~~~~~~~~~~~~~~~~~~~~~
parse.y:12854:5: warning: overflow in expression; result is 9223372036854775807 with type 'long' [-Winteger-overflow]
    nd_set_line(expr, op_loc->beg_pos.lineno);
    ^
../node.h:78:71: note: expanded from macro 'nd_set_line'
    (n)->flags=(((n)->flags&~((VALUE)(-1)<<NODE_LSHIFT))|((VALUE)((l)&NODE_LMASK)<<NODE_LSHIFT))
                                                                      ^
../node.h:74:77: note: expanded from macro 'NODE_LMASK'
#define NODE_LMASK  (((SIGNED_VALUE)1<<(sizeof(VALUE)*CHAR_BIT-NODE_LSHIFT))-1)
                                                                            ^
parse.y:12854:5: warning: shift count >= width of type [-Wshift-count-overflow]
    nd_set_line(expr, op_loc->beg_pos.lineno);
    ^~~~~~~~~~~~~~~~~~~~~~~~~~~~~~~~~~~~~~~~~
../node.h:78:71: note: expanded from macro 'nd_set_line'
    (n)->flags=(((n)->flags&~((VALUE)(-1)<<NODE_LSHIFT))|((VALUE)((l)&NODE_LMASK)<<NODE_LSHIFT))
                                                                      ^~~~~~~~~~
../node.h:74:38: note: expanded from macro 'NODE_LMASK'
#define NODE_LMASK  (((SIGNED_VALUE)1<<(sizeof(VALUE)*CHAR_BIT-NODE_LSHIFT))-1)
                                     ^ ~~~~~~~~~~~~~~~~~~~~~~~~~~~~~~~~~~~~
parse.y:12864:5: warning: overflow in expression; result is 9223372036854775807 with type 'long' [-Winteger-overflow]
    nd_set_line(opcall, op_loc->beg_pos.lineno);
    ^
../node.h:78:71: note: expanded from macro 'nd_set_line'
    (n)->flags=(((n)->flags&~((VALUE)(-1)<<NODE_LSHIFT))|((VALUE)((l)&NODE_LMASK)<<NODE_LSHIFT))
                                                                      ^
../node.h:74:77: note: expanded from macro 'NODE_LMASK'
#define NODE_LMASK  (((SIGNED_VALUE)1<<(sizeof(VALUE)*CHAR_BIT-NODE_LSHIFT))-1)
                                                                            ^
parse.y:12864:5: warning: shift count >= width of type [-Wshift-count-overflow]
    nd_set_line(opcall, op_loc->beg_pos.lineno);
    ^~~~~~~~~~~~~~~~~~~~~~~~~~~~~~~~~~~~~~~~~~~
../node.h:78:71: note: expanded from macro 'nd_set_line'
    (n)->flags=(((n)->flags&~((VALUE)(-1)<<NODE_LSHIFT))|((VALUE)((l)&NODE_LMASK)<<NODE_LSHIFT))
                                                                      ^~~~~~~~~~
../node.h:74:38: note: expanded from macro 'NODE_LMASK'
#define NODE_LMASK  (((SIGNED_VALUE)1<<(sizeof(VALUE)*CHAR_BIT-NODE_LSHIFT))-1)
                                     ^ ~~~~~~~~~~~~~~~~~~~~~~~~~~~~~~~~~~~~
parse.y:12872:5: warning: overflow in expression; result is 9223372036854775807 with type 'long' [-Winteger-overflow]
    nd_set_line(qcall, op_loc->beg_pos.lineno);
    ^
../node.h:78:71: note: expanded from macro 'nd_set_line'
    (n)->flags=(((n)->flags&~((VALUE)(-1)<<NODE_LSHIFT))|((VALUE)((l)&NODE_LMASK)<<NODE_LSHIFT))
                                                                      ^
../node.h:74:77: note: expanded from macro 'NODE_LMASK'
#define NODE_LMASK  (((SIGNED_VALUE)1<<(sizeof(VALUE)*CHAR_BIT-NODE_LSHIFT))-1)
                                                                            ^
parse.y:12872:5: warning: shift count >= width of type [-Wshift-count-overflow]
    nd_set_line(qcall, op_loc->beg_pos.lineno);
    ^~~~~~~~~~~~~~~~~~~~~~~~~~~~~~~~~~~~~~~~~~
../node.h:78:71: note: expanded from macro 'nd_set_line'
    (n)->flags=(((n)->flags&~((VALUE)(-1)<<NODE_LSHIFT))|((VALUE)((l)&NODE_LMASK)<<NODE_LSHIFT))
                                                                      ^~~~~~~~~~
../node.h:74:38: note: expanded from macro 'NODE_LMASK'
#define NODE_LMASK  (((SIGNED_VALUE)1<<(sizeof(VALUE)*CHAR_BIT-NODE_LSHIFT))-1)
                                     ^ ~~~~~~~~~~~~~~~~~~~~~~~~~~~~~~~~~~~~
parse.y:12910:17: warning: overflow in expression; result is 9223372036854775807 with type 'long' [-Winteger-overflow]
                nd_set_line(match, line);
                ^
../node.h:78:71: note: expanded from macro 'nd_set_line'
    (n)->flags=(((n)->flags&~((VALUE)(-1)<<NODE_LSHIFT))|((VALUE)((l)&NODE_LMASK)<<NODE_LSHIFT))
                                                                      ^
../node.h:74:77: note: expanded from macro 'NODE_LMASK'
#define NODE_LMASK  (((SIGNED_VALUE)1<<(sizeof(VALUE)*CHAR_BIT-NODE_LSHIFT))-1)
                                                                            ^
parse.y:12920:21: warning: overflow in expression; result is 9223372036854775807 with type 'long' [-Winteger-overflow]
                    nd_set_line(match, line);
                    ^
../node.h:78:71: note: expanded from macro 'nd_set_line'
    (n)->flags=(((n)->flags&~((VALUE)(-1)<<NODE_LSHIFT))|((VALUE)((l)&NODE_LMASK)<<NODE_LSHIFT))
                                                                      ^
../node.h:74:77: note: expanded from macro 'NODE_LMASK'
#define NODE_LMASK  (((SIGNED_VALUE)1<<(sizeof(VALUE)*CHAR_BIT-NODE_LSHIFT))-1)
                                                                            ^
parse.y:12938:5: warning: overflow in expression; result is 9223372036854775807 with type 'long' [-Winteger-overflow]
    nd_set_line(n, line);
    ^
../node.h:78:71: note: expanded from macro 'nd_set_line'
    (n)->flags=(((n)->flags&~((VALUE)(-1)<<NODE_LSHIFT))|((VALUE)((l)&NODE_LMASK)<<NODE_LSHIFT))
                                                                      ^
../node.h:74:77: note: expanded from macro 'NODE_LMASK'
#define NODE_LMASK  (((SIGNED_VALUE)1<<(sizeof(VALUE)*CHAR_BIT-NODE_LSHIFT))-1)
                                                                            ^
parse.y:12910:17: warning: shift count >= width of type [-Wshift-count-overflow]
                nd_set_line(match, line);
                ^~~~~~~~~~~~~~~~~~~~~~~~
../node.h:78:71: note: expanded from macro 'nd_set_line'
    (n)->flags=(((n)->flags&~((VALUE)(-1)<<NODE_LSHIFT))|((VALUE)((l)&NODE_LMASK)<<NODE_LSHIFT))
                                                                      ^~~~~~~~~~
../node.h:74:38: note: expanded from macro 'NODE_LMASK'
#define NODE_LMASK  (((SIGNED_VALUE)1<<(sizeof(VALUE)*CHAR_BIT-NODE_LSHIFT))-1)
                                     ^ ~~~~~~~~~~~~~~~~~~~~~~~~~~~~~~~~~~~~
parse.y:12920:21: warning: shift count >= width of type [-Wshift-count-overflow]
                    nd_set_line(match, line);
                    ^~~~~~~~~~~~~~~~~~~~~~~~
../node.h:78:71: note: expanded from macro 'nd_set_line'
    (n)->flags=(((n)->flags&~((VALUE)(-1)<<NODE_LSHIFT))|((VALUE)((l)&NODE_LMASK)<<NODE_LSHIFT))
                                                                      ^~~~~~~~~~
../node.h:74:38: note: expanded from macro 'NODE_LMASK'
#define NODE_LMASK  (((SIGNED_VALUE)1<<(sizeof(VALUE)*CHAR_BIT-NODE_LSHIFT))-1)
                                     ^ ~~~~~~~~~~~~~~~~~~~~~~~~~~~~~~~~~~~~
parse.y:12938:5: warning: shift count >= width of type [-Wshift-count-overflow]
    nd_set_line(n, line);
    ^~~~~~~~~~~~~~~~~~~~
../node.h:78:71: note: expanded from macro 'nd_set_line'
    (n)->flags=(((n)->flags&~((VALUE)(-1)<<NODE_LSHIFT))|((VALUE)((l)&NODE_LMASK)<<NODE_LSHIFT))
                                                                      ^~~~~~~~~~
../node.h:74:38: note: expanded from macro 'NODE_LMASK'
#define NODE_LMASK  (((SIGNED_VALUE)1<<(sizeof(VALUE)*CHAR_BIT-NODE_LSHIFT))-1)
                                     ^ ~~~~~~~~~~~~~~~~~~~~~~~~~~~~~~~~~~~~
parse.y:13080:69: warning: format specifies type 'long' but the argument has type 'VALUE' (aka 'unsigned __intcap') [-Wformat]
    compile_error(p, "identifier %"PRIsVALUE" is not valid to get", rb_id2str(id));
    ~~~~~~~~~~~~~~~~~~~~~~~~~~~~~~~~~~~~~~~~~~~~~~~~~~~~~~~~~~~~~~~~^~~~~~~~~~~~~~
parse.y:1776:62: note: expanded from macro 'compile_error'
# define compile_error(p, ...) parser_compile_error(p, NULL, __VA_ARGS__)
                                                             ^~~~~~~~~~~
parse.y:13387:32: warning: binary expression on capability types 'stack_type' (aka 'unsigned __intcap') and 'stack_type'; it is not clear which should be used as the source of provenance; currently provenance is inherited from the left-hand side [-Wcheri-provenance]
        for (; mask && !(stack & mask); mask >>= 1) continue;
                         ~~~~~ ^ ~~~~
parse.y:13388:57: warning: binary expression on capability types 'stack_type' (aka 'unsigned __intcap') and 'stack_type'; it is not clear which should be used as the source of provenance; currently provenance is inherited from the left-hand side [-Wcheri-provenance]
        for (; mask; mask >>= 1) rb_str_cat(mesg, stack & mask ? "1" : "0", 1);
                                                  ~~~~~ ^ ~~~~
parse.y:13416:47: warning: format specifies type 'long' but the argument has type 'VALUE' (aka 'unsigned __intcap') [-Wformat]
    compile_error(p, "lex.state: %"PRIsVALUE, mesg);
    ~~~~~~~~~~~~~~~~~~~~~~~~~~~~~~~~~~~~~~~~~~^~~~~
parse.y:1776:62: note: expanded from macro 'compile_error'
# define compile_error(p, ...) parser_compile_error(p, NULL, __VA_ARGS__)
                                                             ^~~~~~~~~~~
parse.y:13419:48: warning: format specifies type 'long' but the argument has type 'VALUE' (aka 'unsigned __intcap') [-Wformat]
    compile_error(p, "cond_stack: %"PRIsVALUE, mesg);
    ~~~~~~~~~~~~~~~~~~~~~~~~~~~~~~~~~~~~~~~~~~~^~~~~
parse.y:1776:62: note: expanded from macro 'compile_error'
# define compile_error(p, ...) parser_compile_error(p, NULL, __VA_ARGS__)
                                                             ^~~~~~~~~~~
parse.y:13422:50: warning: format specifies type 'long' but the argument has type 'VALUE' (aka 'unsigned __intcap') [-Wformat]
    compile_error(p, "cmdarg_stack: %"PRIsVALUE, mesg);
    ~~~~~~~~~~~~~~~~~~~~~~~~~~~~~~~~~~~~~~~~~~~~~^~~~~
parse.y:1776:62: note: expanded from macro 'compile_error'
# define compile_error(p, ...) parser_compile_error(p, NULL, __VA_ARGS__)
                                                             ^~~~~~~~~~~
parse.y:13550:73: warning: format specifies type 'long' but the argument has type 'VALUE' (aka 'unsigned __intcap') [-Wformat]
        compile_error(p, "identifier %"PRIsVALUE" is not valid to set", rb_id2str(id));
        ~~~~~~~~~~~~~~~~~~~~~~~~~~~~~~~~~~~~~~~~~~~~~~~~~~~~~~~~~~~~~~~~^~~~~~~~~~~~~~
parse.y:1776:62: note: expanded from macro 'compile_error'
# define compile_error(p, ...) parser_compile_error(p, NULL, __VA_ARGS__)
                                                             ^~~~~~~~~~~
parse.y:13626:23: warning: format specifies type 'long' but the argument has type 'VALUE' (aka 'unsigned __intcap') [-Wformat]
                      rb_id2str(name));
                      ^~~~~~~~~~~~~~~~
parse.y:1776:62: note: expanded from macro 'compile_error'
# define compile_error(p, ...) parser_compile_error(p, NULL, __VA_ARGS__)
                                                             ^~~~~~~~~~~
parse.y:14366:9: warning: overflow in expression; result is 9223372036854775807 with type 'long' [-Winteger-overflow]
        nd_set_line(RNODE_AND(node)->nd_2nd, op_loc->beg_pos.lineno);
        ^
../node.h:78:71: note: expanded from macro 'nd_set_line'
    (n)->flags=(((n)->flags&~((VALUE)(-1)<<NODE_LSHIFT))|((VALUE)((l)&NODE_LMASK)<<NODE_LSHIFT))
                                                                      ^
../node.h:74:77: note: expanded from macro 'NODE_LMASK'
#define NODE_LMASK  (((SIGNED_VALUE)1<<(sizeof(VALUE)*CHAR_BIT-NODE_LSHIFT))-1)
                                                                            ^
parse.y:14371:5: warning: overflow in expression; result is 9223372036854775807 with type 'long' [-Winteger-overflow]
    nd_set_line(op, op_loc->beg_pos.lineno);
    ^
../node.h:78:71: note: expanded from macro 'nd_set_line'
    (n)->flags=(((n)->flags&~((VALUE)(-1)<<NODE_LSHIFT))|((VALUE)((l)&NODE_LMASK)<<NODE_LSHIFT))
                                                                      ^
../node.h:74:77: note: expanded from macro 'NODE_LMASK'
#define NODE_LMASK  (((SIGNED_VALUE)1<<(sizeof(VALUE)*CHAR_BIT-NODE_LSHIFT))-1)
                                                                            ^
parse.y:14366:9: warning: shift count >= width of type [-Wshift-count-overflow]
        nd_set_line(RNODE_AND(node)->nd_2nd, op_loc->beg_pos.lineno);
        ^~~~~~~~~~~~~~~~~~~~~~~~~~~~~~~~~~~~~~~~~~~~~~~~~~~~~~~~~~~~
../node.h:78:71: note: expanded from macro 'nd_set_line'
    (n)->flags=(((n)->flags&~((VALUE)(-1)<<NODE_LSHIFT))|((VALUE)((l)&NODE_LMASK)<<NODE_LSHIFT))
                                                                      ^~~~~~~~~~
../node.h:74:38: note: expanded from macro 'NODE_LMASK'
#define NODE_LMASK  (((SIGNED_VALUE)1<<(sizeof(VALUE)*CHAR_BIT-NODE_LSHIFT))-1)
                                     ^ ~~~~~~~~~~~~~~~~~~~~~~~~~~~~~~~~~~~~
parse.y:14371:5: warning: shift count >= width of type [-Wshift-count-overflow]
    nd_set_line(op, op_loc->beg_pos.lineno);
    ^~~~~~~~~~~~~~~~~~~~~~~~~~~~~~~~~~~~~~~
../node.h:78:71: note: expanded from macro 'nd_set_line'
    (n)->flags=(((n)->flags&~((VALUE)(-1)<<NODE_LSHIFT))|((VALUE)((l)&NODE_LMASK)<<NODE_LSHIFT))
                                                                      ^~~~~~~~~~
../node.h:74:38: note: expanded from macro 'NODE_LMASK'
#define NODE_LMASK  (((SIGNED_VALUE)1<<(sizeof(VALUE)*CHAR_BIT-NODE_LSHIFT))-1)
                                     ^ ~~~~~~~~~~~~~~~~~~~~~~~~~~~~~~~~~~~~
parse.y:14726:17: warning: format specifies type 'long' but the argument has type 'VALUE' (aka 'unsigned __intcap') [-Wformat]
                rb_warn2L(nd_line((NODE *)data),
                ^~~~~~~~~~~~~~~~~~~~~~~~~~~~~~~~
parse.y:1732:69: note: expanded from macro 'rb_warn2L'
# define rb_warn2L(l,fmt,a,b)     WARN_CALL(WARN_ARGS_L(l, fmt, 3), (a), (b))
                                            ~~~~~~~~~~~~~~~~~~~~~~  ^~~
parse.y:14882:9: warning: overflow in expression; result is 9223372036854775807 with type 'long' [-Winteger-overflow]
        nd_set_line(result, rescue->nd_loc.beg_pos.lineno);
        ^
../node.h:78:71: note: expanded from macro 'nd_set_line'
    (n)->flags=(((n)->flags&~((VALUE)(-1)<<NODE_LSHIFT))|((VALUE)((l)&NODE_LMASK)<<NODE_LSHIFT))
                                                                      ^
../node.h:74:77: note: expanded from macro 'NODE_LMASK'
#define NODE_LMASK  (((SIGNED_VALUE)1<<(sizeof(VALUE)*CHAR_BIT-NODE_LSHIFT))-1)
                                                                            ^
parse.y:14882:9: warning: shift count >= width of type [-Wshift-count-overflow]
        nd_set_line(result, rescue->nd_loc.beg_pos.lineno);
        ^~~~~~~~~~~~~~~~~~~~~~~~~~~~~~~~~~~~~~~~~~~~~~~~~~
../node.h:78:71: note: expanded from macro 'nd_set_line'
    (n)->flags=(((n)->flags&~((VALUE)(-1)<<NODE_LSHIFT))|((VALUE)((l)&NODE_LMASK)<<NODE_LSHIFT))
                                                                      ^~~~~~~~~~
../node.h:74:38: note: expanded from macro 'NODE_LMASK'
#define NODE_LMASK  (((SIGNED_VALUE)1<<(sizeof(VALUE)*CHAR_BIT-NODE_LSHIFT))-1)
                                     ^ ~~~~~~~~~~~~~~~~~~~~~~~~~~~~~~~~~~~~
parse.y:14907:9: warning: format specifies type 'long' but the argument has type 'VALUE' (aka 'unsigned __intcap') [-Wformat]
        rb_warn1L((int)u[i], "assigned but unused variable - %"PRIsWARN, rb_id2str(v[i]));
        ^~~~~~~~~~~~~~~~~~~~~~~~~~~~~~~~~~~~~~~~~~~~~~~~~~~~~~~~~~~~~~~~~~~~~~~~~~~~~~~~~
parse.y:1731:69: note: expanded from macro 'rb_warn1L'
# define rb_warn1L(l,fmt,a)       WARN_CALL(WARN_ARGS_L(l, fmt, 2), (a))
                                            ~~~~~~~~~~~~~~~~~~~~~~  ^~~
parse.y:15392:40: warning: format specifies type 'long' but the argument has type 'VALUE' (aka 'unsigned __intcap') [-Wformat]
        compile_error(p, "%"PRIsVALUE, err);
        ~~~~~~~~~~~~~~~~~~~~~~~~~~~~~~~^~~~
parse.y:1776:62: note: expanded from macro 'compile_error'
# define compile_error(p, ...) parser_compile_error(p, NULL, __VA_ARGS__)
                                                             ^~~~~~~~~~~
parse.y:15497:40: warning: format specifies type 'long' but the argument has type 'VALUE' (aka 'unsigned __intcap') [-Wformat]
        compile_error(p, "%"PRIsVALUE, m);
        ~~~~~~~~~~~~~~~~~~~~~~~~~~~~~~~^~
parse.y:1776:62: note: expanded from macro 'compile_error'
# define compile_error(p, ...) parser_compile_error(p, NULL, __VA_ARGS__)
                                                             ^~~~~~~~~~~
196 warnings generated.
compiling ../parser_st.c
In file included from ../parser_st.c:2:
../parser_bits.h:536:27: warning: binary expression on capability types 'VALUE' (aka 'unsigned __intcap') and 'VALUE'; it is not clear which should be used as the source of provenance; currently provenance is inherited from the left-hand side [-Wcheri-provenance]
    return (v << (n & m)) | (v >> (-n & m));
           ~~~~~~~~~~~~~~ ^ ~~~~~~~~~~~~~~~
../parser_bits.h:560:28: warning: binary expression on capability types 'VALUE' (aka 'unsigned __intcap') and 'VALUE'; it is not clear which should be used as the source of provenance; currently provenance is inherited from the left-hand side [-Wcheri-provenance]
    return (v << (-n & m)) | (v >> (n & m));
           ~~~~~~~~~~~~~~~ ^ ~~~~~~~~~~~~~~
In file included from ../parser_st.c:165:
../st.c:1632:31: warning: cast from provenance-free integer type to pointer type will give pointer that can not be dereferenced [-Wcheri-capability-misuse]
    const struct functor *f = (void *)d;
                              ^
../st.c:1774:10: warning: shift count >= width of type [-Wshift-count-overflow]
    h ^= ROTL(k, r1);
         ^~~~~~~~~~~
../st.c:1750:32: note: expanded from macro 'ROTL'
#define ROTL(x,n) ((x)<<(n)|(x)>>(SIZEOF_ST_INDEX_T*CHAR_BIT-(n)))
                               ^ ~~~~~~~~~~~~~~~~~~~~~~~~~~~~~~~~
../st.c:1776:9: warning: shift count >= width of type [-Wshift-count-overflow]
    h = ROTL(h, r2);
        ^~~~~~~~~~~
../st.c:1750:32: note: expanded from macro 'ROTL'
#define ROTL(x,n) ((x)<<(n)|(x)>>(SIZEOF_ST_INDEX_T*CHAR_BIT-(n)))
                               ^ ~~~~~~~~~~~~~~~~~~~~~~~~~~~~~~~~
../st.c:1800:12: warning: shift count >= width of type [-Wshift-count-overflow]
    h ^= h >> 64;
           ^  ~~
../st.c:1802:12: warning: shift count >= width of type [-Wshift-count-overflow]
    h ^= h >> 65;
           ^  ~~
../st.c:1831:9: warning: 'UNALIGNED_ADD_ALL' macro redefined [-Wmacro-redefined]
#define UNALIGNED_ADD_ALL UNALIGNED_ADD_8
        ^
../st.c:1829:9: note: previous definition is here
#define UNALIGNED_ADD_ALL UNALIGNED_ADD_16
        ^
../st.c:1951:22: warning: shift count >= width of type [-Wshift-count-overflow]
        h ^= t; h -= ROTL(t, 7);
                     ^~~~~~~~~~
../st.c:1750:32: note: expanded from macro 'ROTL'
#define ROTL(x,n) ((x)<<(n)|(x)>>(SIZEOF_ST_INDEX_T*CHAR_BIT-(n)))
                               ^ ~~~~~~~~~~~~~~~~~~~~~~~~~~~~~~~~
../st.c:1974:26: warning: shift count >= width of type [-Wshift-count-overflow]
    h = murmur_step(h, i >> 8*8);
                         ^  ~~~
../st.c:1997:35: warning: cast from provenance-free integer type to pointer type will give pointer that can not be dereferenced [-Wcheri-capability-misuse]
    register const char *string = (const char *)arg;
                                  ^
../st.c:2054:22: warning: cast from provenance-free integer type to pointer type will give pointer that can not be dereferenced [-Wcheri-capability-misuse]
    const char *s1 = (char *)lhs;
                     ^
../st.c:2055:22: warning: cast from provenance-free integer type to pointer type will give pointer that can not be dereferenced [-Wcheri-capability-misuse]
    const char *s2 = (char *)rhs;
                     ^
../st.c:2062:22: warning: cast from provenance-free integer type to pointer type will give pointer that can not be dereferenced [-Wcheri-capability-misuse]
    const char *s1 = (char *)lhs;
                     ^
../st.c:2063:22: warning: cast from provenance-free integer type to pointer type will give pointer that can not be dereferenced [-Wcheri-capability-misuse]
    const char *s2 = (char *)rhs;
                     ^
../st.c:2071:35: warning: cast from provenance-free integer type to pointer type will give pointer that can not be dereferenced [-Wcheri-capability-misuse]
    register const char *string = (const char *)arg;
                                  ^
16 warnings generated.
compiling ../proc.c
../proc.c:1565:47: warning: format specifies type 'long' but the argument has type 'VALUE' (aka 'unsigned __intcap') [-Wformat]
    VALUE str = rb_sprintf("#<%"PRIsVALUE":", cname);
                              ~~~~~~~~~~~     ^~~~~
../proc.c:1576:25: warning: format specifies type 'long' but the argument has type 'VALUE' (aka 'unsigned __intcap') [-Wformat]
                        rb_iseq_path(iseq),
                        ^~~~~~~~~~~~~~~~~~
../proc.c:1581:62: warning: format specifies type 'long' but the argument has type 'VALUE' (aka 'unsigned __intcap') [-Wformat]
        rb_str_catf(str, "%p(&%+"PRIsVALUE")", (void *)self, block->as.symbol);
                              ~~~~~~~~~~~~                   ^~~~~~~~~~~~~~~~
../proc.c:2282:26: warning: format specifies type 'long' but the argument has type 'VALUE' (aka 'unsigned __intcap') [-Wformat]
                         method->me->owner);
                         ^~~~~~~~~~~~~~~~~
../proc.c:2638:22: warning: format specifies type 'long' but the argument has type 'VALUE' (aka 'unsigned __intcap') [-Wformat]
                     methclass);
                     ^~~~~~~~~
../proc.c:3175:43: warning: format specifies type 'long' but the argument has type 'VALUE' (aka 'unsigned __intcap') [-Wformat]
    str = rb_sprintf("#<% "PRIsVALUE": ", rb_obj_class(method));
                        ~~~~~~~~~~~~      ^~~~~~~~~~~~~~~~~~~~
../proc.c:3233:49: warning: format specifies type 'long' but the argument has type 'VALUE' (aka 'unsigned __intcap') [-Wformat]
            rb_str_catf(str, "(% "PRIsVALUE")", defined_class);
                               ~~~~~~~~~~~~     ^~~~~~~~~~~~~
../proc.c:3240:21: warning: format specifies type 'long' but the argument has type 'VALUE' (aka 'unsigned __intcap') [-Wformat]
                    rb_id2str(data->me->def->original_id));
                    ^~~~~~~~~~~~~~~~~~~~~~~~~~~~~~~~~~~~~
../proc.c:3294:48: warning: format specifies type 'long' but the argument has type 'VALUE' (aka 'unsigned __intcap') [-Wformat]
                rb_str_catf(str, "%"PRIsVALUE, name);
                                  ~~~~~~~~~~~  ^~~~
../proc.c:3297:54: warning: format specifies type 'long' but the argument has type 'VALUE' (aka 'unsigned __intcap') [-Wformat]
                rb_str_catf(str, "%"PRIsVALUE"=...", name);
                                  ~~~~~~~~~~~        ^~~~
../proc.c:3300:51: warning: format specifies type 'long' but the argument has type 'VALUE' (aka 'unsigned __intcap') [-Wformat]
                rb_str_catf(str, "%"PRIsVALUE":", name);
                                  ~~~~~~~~~~~     ^~~~
../proc.c:3303:55: warning: format specifies type 'long' but the argument has type 'VALUE' (aka 'unsigned __intcap') [-Wformat]
                rb_str_catf(str, "%"PRIsVALUE": ...", name);
                                  ~~~~~~~~~~~         ^~~~
../proc.c:3310:53: warning: format specifies type 'long' but the argument has type 'VALUE' (aka 'unsigned __intcap') [-Wformat]
                    rb_str_catf(str, "*%"PRIsVALUE, name);
                                       ~~~~~~~~~~~  ^~~~
../proc.c:3315:54: warning: format specifies type 'long' but the argument has type 'VALUE' (aka 'unsigned __intcap') [-Wformat]
                    rb_str_catf(str, "**%"PRIsVALUE, name);
                                        ~~~~~~~~~~~  ^~~~
../proc.c:3334:53: warning: format specifies type 'long' but the argument has type 'VALUE' (aka 'unsigned __intcap') [-Wformat]
                    rb_str_catf(str, "&%"PRIsVALUE, name);
                                       ~~~~~~~~~~~  ^~~~
../proc.c:3352:25: warning: format specifies type 'long' but the argument has type 'VALUE' (aka 'unsigned __intcap') [-Wformat]
                        RARRAY_AREF(loc, 0), RARRAY_AREF(loc, 1));
                        ^~~~~~~~~~~~~~~~~~~
../proc.c:3352:46: warning: format specifies type 'long' but the argument has type 'VALUE' (aka 'unsigned __intcap') [-Wformat]
                        RARRAY_AREF(loc, 0), RARRAY_AREF(loc, 1));
                                             ^~~~~~~~~~~~~~~~~~~
17 warnings generated.
compiling ../process.c
../process.c:2043:36: warning: format specifies type 'long' but the argument has type 'VALUE' (aka 'unsigned __intcap') [-Wformat]
                                   val);
                                   ^~~
../process.c:2309:22: warning: format specifies type 'long' but the argument has type 'VALUE' (aka 'unsigned __intcap') [-Wformat]
                     key);
                     ^~~
../process.c:2444:82: warning: format specifies type 'long' but the argument has type 'VALUE' (aka 'unsigned __intcap') [-Wformat]
        rb_raise(rb_eArgError, "environment name contains a equal : %"PRIsVALUE, key);
                                                                    ~~~~~~~~~~~  ^~~
../process.c:5539:66: warning: format specifies type 'long' but the argument has type 'VALUE' (aka 'unsigned __intcap') [-Wformat]
    rb_raise(rb_eArgError, "invalid resource name: % "PRIsVALUE, rtype);
                                                   ~~~~~~~~~~~~  ^~~~~
../process.c:5580:66: warning: format specifies type 'long' but the argument has type 'VALUE' (aka 'unsigned __intcap') [-Wformat]
    rb_raise(rb_eArgError, "invalid resource value: %"PRIsVALUE, rval);
                                                    ~~~~~~~~~~~  ^~~~
../process.c:6073:70: warning: format specifies type 'long' but the argument has type 'VALUE' (aka 'unsigned __intcap') [-Wformat]
            rb_raise(rb_eArgError, "can't find user for %"PRIsVALUE, id);
                                                        ~~~~~~~~~~~  ^~
../process.c:6174:71: warning: format specifies type 'long' but the argument has type 'VALUE' (aka 'unsigned __intcap') [-Wformat]
            rb_raise(rb_eArgError, "can't find group for %"PRIsVALUE, id);
                                                         ~~~~~~~~~~~  ^~
../process.c:8159:63: warning: format specifies type 'long' but the argument has type 'VALUE' (aka 'unsigned __intcap') [-Wformat]
        rb_raise(rb_eArgError, "unexpected unit: %"PRIsVALUE, unit);
                                                 ~~~~~~~~~~~  ^~~~
../process.c:8535:13: warning: format specifies type 'long' but the argument has type 'VALUE' (aka 'unsigned __intcap') [-Wformat]
            clock_failed("gettime", errno, clk_id);
            ^~~~~~~~~~~~~~~~~~~~~~~~~~~~~~~~~~~~~~
../process.c:8193:85: note: expanded from macro 'clock_failed'
        rb_syserr_fail_str(clock_error, rb_sprintf("clock_" name "(%+"PRIsVALUE")", (arg))); \
                                                                   ~~~~~~~~~~~~     ^~~~~
../process.c:8545:5: warning: format specifies type 'long' but the argument has type 'VALUE' (aka 'unsigned __intcap') [-Wformat]
    clock_failed("gettime", EINVAL, clk_id);
    ^~~~~~~~~~~~~~~~~~~~~~~~~~~~~~~~~~~~~~~
../process.c:8193:85: note: expanded from macro 'clock_failed'
        rb_syserr_fail_str(clock_error, rb_sprintf("clock_" name "(%+"PRIsVALUE")", (arg))); \
                                                                   ~~~~~~~~~~~~     ^~~~~
../process.c:8706:13: warning: format specifies type 'long' but the argument has type 'VALUE' (aka 'unsigned __intcap') [-Wformat]
            clock_failed("getres", errno, clk_id);
            ^~~~~~~~~~~~~~~~~~~~~~~~~~~~~~~~~~~~~
../process.c:8193:85: note: expanded from macro 'clock_failed'
        rb_syserr_fail_str(clock_error, rb_sprintf("clock_" name "(%+"PRIsVALUE")", (arg))); \
                                                                   ~~~~~~~~~~~~     ^~~~~
../process.c:8716:5: warning: format specifies type 'long' but the argument has type 'VALUE' (aka 'unsigned __intcap') [-Wformat]
    clock_failed("getres", EINVAL, clk_id);
    ^~~~~~~~~~~~~~~~~~~~~~~~~~~~~~~~~~~~~~
../process.c:8193:85: note: expanded from macro 'clock_failed'
        rb_syserr_fail_str(clock_error, rb_sprintf("clock_" name "(%+"PRIsVALUE")", (arg))); \
                                                                   ~~~~~~~~~~~~     ^~~~~
12 warnings generated.
compiling ../ractor.c
../ractor.c:3088:87: warning: format specifies type 'long' but the argument has type 'VALUE' (aka 'unsigned __intcap') [-Wformat]
            rb_raise(rb_eRactorError, "can not make shareable object for %"PRIsVALUE, obj);
                                                                         ~~~~~~~~~~~  ^~~
../ractor.c:3135:36: warning: format specifies type 'long' but the argument has type 'VALUE' (aka 'unsigned __intcap') [-Wformat]
                                   name);
                                   ^~~~
../ractor.c:3506:52: warning: format specifies type 'long' but the argument has type 'VALUE' (aka 'unsigned __intcap') [-Wformat]
                     data->move ? "move" : "copy", rb_class_of(obj));
                                                   ^~~~~~~~~~~~~~~~
../ractor.c:3580:27: warning: binary expression on capability types 'VALUE' (aka 'unsigned __intcap') and 'VALUE'; it is not clear which should be used as the source of provenance; currently provenance is inherited from the left-hand side [-Wcheri-provenance]
    rv->flags = rv->flags & ~fl_users;
                ~~~~~~~~~ ^ ~~~~~~~~~
../ractor.c:3611:30: warning: binary expression on capability types 'VALUE' (aka 'unsigned __intcap') and 'VALUE'; it is not clear which should be used as the source of provenance; currently provenance is inherited from the left-hand side [-Wcheri-provenance]
    dst->flags = (dst->flags & ~fl_users) | (src->flags & fl_users);
                  ~~~~~~~~~~ ^ ~~~~~~~~~
../ractor.c:3611:57: warning: binary expression on capability types 'VALUE' (aka 'unsigned __intcap') and 'VALUE'; it is not clear which should be used as the source of provenance; currently provenance is inherited from the left-hand side [-Wcheri-provenance]
    dst->flags = (dst->flags & ~fl_users) | (src->flags & fl_users);
                                             ~~~~~~~~~~ ^ ~~~~~~~~
../ractor.c:3611:43: warning: binary expression on capability types 'unsigned __intcap' and 'unsigned __intcap'; it is not clear which should be used as the source of provenance; currently provenance is inherited from the left-hand side [-Wcheri-provenance]
    dst->flags = (dst->flags & ~fl_users) | (src->flags & fl_users);
                 ~~~~~~~~~~~~~~~~~~~~~~~~ ^ ~~~~~~~~~~~~~~~~~~~~~~~
7 warnings generated.
compiling ../random.c
../random.c:1410:61: warning: format specifies type 'long' but the argument has type 'VALUE' (aka 'unsigned __intcap') [-Wformat]
    rb_raise(rb_eArgError, "invalid argument - %"PRIsVALUE, arg0);
                                               ~~~~~~~~~~~  ^~~~
../random.c:1748:45: warning: binary expression on capability types 'st_index_t' (aka 'unsigned __intcap') and 'st_index_t'; it is not clear which should be used as the source of provenance; currently provenance is inherited from the left-hand side [-Wcheri-provenance]
    return st_hash_start(hash_salt.key.hash + h);
                         ~~~~~~~~~~~~~~~~~~ ^ ~
../include/ruby/st.h:186:40: note: expanded from macro 'st_hash_start'
#define st_hash_start(h) ((st_index_t)(h))
                                       ^
2 warnings generated.
compiling ../range.c
../range.c:764:9: warning: format specifies type 'long' but the argument has type 'VALUE' (aka 'unsigned __intcap') [-Wformat]
        BSEARCH_CHECK(mid);
        ^~~~~~~~~~~~~~~~~~
../range.c:742:22: note: expanded from macro 'BSEARCH_CHECK'
                     rb_obj_class(v)); \
                     ^~~~~~~~~~~~~~~
../range.c:842:9: warning: format specifies type 'long' but the argument has type 'VALUE' (aka 'unsigned __intcap') [-Wformat]
        BSEARCH_FIXNUM(beg, end, EXCL(range));
        ^~~~~~~~~~~~~~~~~~~~~~~~~~~~~~~~~~~~~
../range.c:835:9: note: expanded from macro 'BSEARCH_FIXNUM'
        BSEARCH(INT2FIX, (excl)); \
        ^~~~~~~~~~~~~~~~~~~~~~~~
../range.c:819:13: note: expanded from macro 'BSEARCH'
            BSEARCH_CHECK(conv(mid)); \
            ^~~~~~~~~~~~~~~~~~~~~~~~
../range.c:742:22: note: expanded from macro 'BSEARCH_CHECK'
                     rb_obj_class(v)); \
                     ^~~~~~~~~~~~~~~
../range.c:849:9: warning: format specifies type 'long' but the argument has type 'VALUE' (aka 'unsigned __intcap') [-Wformat]
        BSEARCH(int64_as_double_to_num, EXCL(range));
        ^~~~~~~~~~~~~~~~~~~~~~~~~~~~~~~~~~~~~~~~~~~~
../range.c:819:13: note: expanded from macro 'BSEARCH'
            BSEARCH_CHECK(conv(mid)); \
            ^~~~~~~~~~~~~~~~~~~~~~~~
../range.c:742:22: note: expanded from macro 'BSEARCH_CHECK'
                     rb_obj_class(v)); \
                     ^~~~~~~~~~~~~~~
../range.c:861:13: warning: format specifies type 'long' but the argument has type 'VALUE' (aka 'unsigned __intcap') [-Wformat]
            BSEARCH_CHECK(mid);
            ^~~~~~~~~~~~~~~~~~
../range.c:742:22: note: expanded from macro 'BSEARCH_CHECK'
                     rb_obj_class(v)); \
                     ^~~~~~~~~~~~~~~
../range.c:864:21: warning: format specifies type 'long' but the argument has type 'VALUE' (aka 'unsigned __intcap') [-Wformat]
                    BSEARCH_FIXNUM(beg, mid, false);
                    ^~~~~~~~~~~~~~~~~~~~~~~~~~~~~~~
../range.c:835:9: note: expanded from macro 'BSEARCH_FIXNUM'
        BSEARCH(INT2FIX, (excl)); \
        ^~~~~~~~~~~~~~~~~~~~~~~~
../range.c:819:13: note: expanded from macro 'BSEARCH'
            BSEARCH_CHECK(conv(mid)); \
            ^~~~~~~~~~~~~~~~~~~~~~~~
../range.c:742:22: note: expanded from macro 'BSEARCH_CHECK'
                     rb_obj_class(v)); \
                     ^~~~~~~~~~~~~~~
../range.c:879:13: warning: format specifies type 'long' but the argument has type 'VALUE' (aka 'unsigned __intcap') [-Wformat]
            BSEARCH_CHECK(mid);
            ^~~~~~~~~~~~~~~~~~
../range.c:742:22: note: expanded from macro 'BSEARCH_CHECK'
                     rb_obj_class(v)); \
                     ^~~~~~~~~~~~~~~
../range.c:882:21: warning: format specifies type 'long' but the argument has type 'VALUE' (aka 'unsigned __intcap') [-Wformat]
                    BSEARCH_FIXNUM(mid, end, false);
                    ^~~~~~~~~~~~~~~~~~~~~~~~~~~~~~~
../range.c:835:9: note: expanded from macro 'BSEARCH_FIXNUM'
        BSEARCH(INT2FIX, (excl)); \
        ^~~~~~~~~~~~~~~~~~~~~~~~
../range.c:819:13: note: expanded from macro 'BSEARCH'
            BSEARCH_CHECK(conv(mid)); \
            ^~~~~~~~~~~~~~~~~~~~~~~~
../range.c:742:22: note: expanded from macro 'BSEARCH_CHECK'
                     rb_obj_class(v)); \
                     ^~~~~~~~~~~~~~~
../range.c:1897:64: warning: format specifies type 'long' but the argument has type 'VALUE' (aka 'unsigned __intcap') [-Wformat]
        rb_raise(rb_eRangeError, "%+"PRIsVALUE" out of range", range);
                                  ~~~~~~~~~~~~                 ^~~~~
../range.c:2506:18: warning: format specifies type 'long' but the argument has type 'VALUE' (aka 'unsigned __intcap') [-Wformat]
                 rb_class_name(rb_obj_class(other)));
                 ^~~~~~~~~~~~~~~~~~~~~~~~~~~~~~~~~~
9 warnings generated.
compiling ../rational.c
../rational.c:2491:18: warning: format specifies type 'long' but the argument has type 'VALUE' (aka 'unsigned __intcap') [-Wformat]
                 self);
                 ^~~~
1 warning generated.
compiling ../re.c
../re.c:687:54: warning: format specifies type 'long' but the argument has type 'VALUE' (aka 'unsigned __intcap') [-Wformat]
    rb_raise(rb_eRegexpError, "%s: %"PRIsVALUE, err, desc);
                                   ~~~~~~~~~~~       ^~~~
../re.c:1197:14: warning: format specifies type 'long' but the argument has type 'VALUE' (aka 'unsigned __intcap') [-Wformat]
             name);
             ^~~~
../re.c:2602:49: warning: format specifies type 'long' but the argument has type 'VALUE' (aka 'unsigned __intcap') [-Wformat]
        return rb_sprintf("#<%"PRIsVALUE":%p>", cname, (void*)match);
                             ~~~~~~~~~~~        ^~~~~
../re.c:2606:27: warning: format specifies type 'long' but the argument has type 'VALUE' (aka 'unsigned __intcap') [-Wformat]
                          cname, rb_reg_nth_match(0, match));
                          ^~~~~
../re.c:2606:34: warning: format specifies type 'long' but the argument has type 'VALUE' (aka 'unsigned __intcap') [-Wformat]
                          cname, rb_reg_nth_match(0, match));
                                 ^~~~~~~~~~~~~~~~~~~~~~~~~~
../re.c:3902:73: warning: format specifies type 'long' but the argument has type 'VALUE' (aka 'unsigned __intcap') [-Wformat]
            rb_raise(rb_eArgError, "unknown regexp option: %"PRIsVALUE, str);
                                                           ~~~~~~~~~~~  ^~~
../re.c:3914:63: warning: format specifies type 'long' but the argument has type 'VALUE' (aka 'unsigned __intcap') [-Wformat]
        rb_raise(rb_eArgError, "invalid timeout: %"PRIsVALUE, timeout);
                                                 ~~~~~~~~~~~  ^~~~~~~
7 warnings generated.
compiling ../regcomp.c
compiling ../regenc.c
compiling ../regerror.c
compiling ../regexec.c
compiling ../regparse.c
../regparse.c:412:14: warning: binary expression on capability types 'st_index_t' (aka 'unsigned __intcap') and 'st_index_t'; it is not clear which should be used as the source of provenance; currently provenance is inherited from the left-hand side [-Wcheri-provenance]
  return val + (val >> 5);
         ~~~ ^ ~~~~~~~~~~
1 warning generated.
compiling ../regsyntax.c
compiling ../ruby.c
../ruby.c:1169:56: warning: format specifies type 'long' but the argument has type 'VALUE' (aka 'unsigned __intcap') [-Wformat]
                 "%s already set to %"PRIsVALUE, type, *name);
                                    ~~~~~~~~~~~        ^~~~~
1 warning generated.
compiling ../ruby_parser.c
compiling ../scheduler.c
compiling ../shape.c
../shape.c:741:25: warning: format specifies type 'long' but the argument has type 'VALUE' (aka 'unsigned __intcap') [-Wformat]
                        rb_class_path(klass),
                        ^~~~~~~~~~~~~~~~~~~~
1 warning generated.
compiling ../signal.c
../signal.c:237:73: warning: format specifies type 'long' but the argument has type 'VALUE' (aka 'unsigned __intcap') [-Wformat]
            rb_raise(rb_eArgError, "negative signal name: % "PRIsVALUE, vsig);
                                                          ~~~~~~~~~~~~  ^~~~
../signal.c:278:38: warning: format specifies type 'long' but the argument has type 'VALUE' (aka 'unsigned __intcap') [-Wformat]
             prefix, signame_prefix, vsig);
                                     ^~~~
2 warnings generated.
compiling ../sprintf.c
../sprintf.c:376:46: warning: format specifies type 'long' but the argument has type 'VALUE' (aka 'unsigned __intcap') [-Wformat]
                                 len, start, rb_sym2str(sym));
                                             ^~~~~~~~~~~~~~~
1 warning generated.
compiling ../st.c
../st.c:449:23: warning: binary expression on capability types 'st_hash_t' (aka 'unsigned __intcap') and 'st_index_t' (aka 'unsigned __intcap'); it is not clear which should be used as the source of provenance; currently provenance is inherited from the left-hand side [-Wcheri-provenance]
    return hash_value & bins_mask(tab);
           ~~~~~~~~~~ ^ ~~~~~~~~~~~~~~
../st.c:672:12: warning: binary expression on capability types 'unsigned __intcap' and 'unsigned __intcap'; it is not clear which should be used as the source of provenance; currently provenance is inherited from the left-hand side [-Wcheri-provenance]
           + get_allocated_entries(tab) * sizeof(st_table_entry));
           ^ ~~~~~~~~~~~~~~~~~~~~~~~~~~~~~~~~~~~~~~~~~~~~~~~~~~~
../st.c:826:22: warning: binary expression on capability types 'st_index_t' (aka 'unsigned __intcap') and 'st_index_t'; it is not clear which should be used as the source of provenance; currently provenance is inherited from the left-hand side [-Wcheri-provenance]
    ind = (ind << 2) + ind + *perturb + 1;
          ~~~~~~~~~~ ^ ~~~
../st.c:826:28: warning: binary expression on capability types 'unsigned __intcap' and 'st_index_t' (aka 'unsigned __intcap'); it is not clear which should be used as the source of provenance; currently provenance is inherited from the left-hand side [-Wcheri-provenance]
    ind = (ind << 2) + ind + *perturb + 1;
          ~~~~~~~~~~~~~~~~ ^ ~~~~~~~~
../st.c:1774:10: warning: binary expression on capability types 'st_index_t' (aka 'unsigned __intcap') and 'st_index_t'; it is not clear which should be used as the source of provenance; currently provenance is inherited from the left-hand side [-Wcheri-provenance]
    h ^= ROTL(k, r1);
         ^~~~~~~~~~~
../st.c:1750:28: note: expanded from macro 'ROTL'
#define ROTL(x,n) ((x)<<(n)|(x)>>(SIZEOF_ST_INDEX_T*CHAR_BIT-(n)))
                   ~~~~~~~~^~~~~~~~~~~~~~~~~~~~~~~~~~~~~~~~~~~~~~
../st.c:1776:9: warning: binary expression on capability types 'st_index_t' (aka 'unsigned __intcap') and 'st_index_t'; it is not clear which should be used as the source of provenance; currently provenance is inherited from the left-hand side [-Wcheri-provenance]
    h = ROTL(h, r2);
        ^~~~~~~~~~~
../st.c:1750:28: note: expanded from macro 'ROTL'
#define ROTL(x,n) ((x)<<(n)|(x)>>(SIZEOF_ST_INDEX_T*CHAR_BIT-(n)))
                   ~~~~~~~~^~~~~~~~~~~~~~~~~~~~~~~~~~~~~~~~~~~~~~
../st.c:1831:9: warning: 'UNALIGNED_ADD_ALL' macro redefined [-Wmacro-redefined]
#define UNALIGNED_ADD_ALL UNALIGNED_ADD_8
        ^
../st.c:1829:9: note: previous definition is here
#define UNALIGNED_ADD_ALL UNALIGNED_ADD_16
        ^
../st.c:1872:31: warning: binary expression on capability types 'st_index_t' (aka 'unsigned __intcap') and 'st_index_t'; it is not clear which should be used as the source of provenance; currently provenance is inherited from the left-hand side [-Wcheri-provenance]
                t = (t >> sr) | (d << sl);
                    ~~~~~~~~~ ^ ~~~~~~~~~
../st.c:1896:27: warning: binary expression on capability types 'st_index_t' (aka 'unsigned __intcap') and 'st_index_t'; it is not clear which should be used as the source of provenance; currently provenance is inherited from the left-hand side [-Wcheri-provenance]
            t = (t >> sr) | (d << sl);
                ~~~~~~~~~ ^ ~~~~~~~~~
../st.c:1951:22: warning: binary expression on capability types 'st_index_t' (aka 'unsigned __intcap') and 'st_index_t'; it is not clear which should be used as the source of provenance; currently provenance is inherited from the left-hand side [-Wcheri-provenance]
        h ^= t; h -= ROTL(t, 7);
                     ^~~~~~~~~~
../st.c:1750:28: note: expanded from macro 'ROTL'
#define ROTL(x,n) ((x)<<(n)|(x)>>(SIZEOF_ST_INDEX_T*CHAR_BIT-(n)))
                   ~~~~~~~~^~~~~~~~~~~~~~~~~~~~~~~~~~~~~~~~~~~~~~
../st.c:2098:31: warning: binary expression on capability types 'st_data_t' (aka 'unsigned __intcap') and 'st_data_t'; it is not clear which should be used as the source of provenance; currently provenance is inherited from the left-hand side [-Wcheri-provenance]
    return (st_index_t)((n>>s1|(n<<s2)) ^ (n>>s2));
                         ~~~~~^~~~~~~~
../st.c:2098:41: warning: binary expression on capability types 'unsigned __intcap' and 'st_data_t' (aka 'unsigned __intcap'); it is not clear which should be used as the source of provenance; currently provenance is inherited from the left-hand side [-Wcheri-provenance]
    return (st_index_t)((n>>s1|(n<<s2)) ^ (n>>s2));
                        ~~~~~~~~~~~~~~~ ^ ~~~~~~~
../st.c:2300:28: warning: binary expression on capability types 'st_index_t' (aka 'unsigned __intcap') and 'st_index_t'; it is not clear which should be used as the source of provenance; currently provenance is inherited from the left-hand side [-Wcheri-provenance]
    n = tab->entries_bound + size;
        ~~~~~~~~~~~~~~~~~~ ^ ~~~~
13 warnings generated.
compiling ../strftime.c
compiling ../string.c
../string.c:2158:16: warning: binary expression on capability types 'uintptr_t' (aka 'unsigned __intcap') and 'uintptr_t'; it is not clear which should be used as the source of provenance; currently provenance is inherited from the left-hand side [-Wcheri-provenance]
    d = (d>>6) | (~d>>7);
        ~~~~~~ ^ ~~~~~~~
../string.c:2192:61: warning: binary expression on capability types 'uintptr_t' (aka 'unsigned __intcap') and 'uintptr_t'; it is not clear which should be used as the source of provenance; currently provenance is inherited from the left-hand side [-Wcheri-provenance]
            s = (const uintptr_t*)(~lowbits & ((uintptr_t)p + lowbits));
                                               ~~~~~~~~~~~~ ^ ~~~~~~~
../string.c:2192:45: warning: binary expression on capability types 'uintptr_t' (aka 'unsigned __intcap') and 'unsigned __intcap'; it is not clear which should be used as the source of provenance; currently provenance is inherited from the left-hand side [-Wcheri-provenance]
            s = (const uintptr_t*)(~lowbits & ((uintptr_t)p + lowbits));
                                   ~~~~~~~~ ^ ~~~~~~~~~~~~~~~~~~~~~~~~
../string.c:2193:45: warning: binary expression on capability types 'uintptr_t' (aka 'unsigned __intcap') and 'uintptr_t'; it is not clear which should be used as the source of provenance; currently provenance is inherited from the left-hand side [-Wcheri-provenance]
            t = (const uintptr_t*)(~lowbits & (uintptr_t)e);
                                   ~~~~~~~~ ^ ~~~~~~~~~~~~
../string.c:2968:57: warning: binary expression on capability types 'uintptr_t' (aka 'unsigned __intcap') and 'uintptr_t'; it is not clear which should be used as the source of provenance; currently provenance is inherited from the left-hand side [-Wcheri-provenance]
        s = (const uintptr_t*)(~lowbits & ((uintptr_t)p + lowbits));
                                           ~~~~~~~~~~~~ ^ ~~~~~~~
../string.c:2968:41: warning: binary expression on capability types 'uintptr_t' (aka 'unsigned __intcap') and 'unsigned __intcap'; it is not clear which should be used as the source of provenance; currently provenance is inherited from the left-hand side [-Wcheri-provenance]
        s = (const uintptr_t*)(~lowbits & ((uintptr_t)p + lowbits));
                               ~~~~~~~~ ^ ~~~~~~~~~~~~~~~~~~~~~~~~
../string.c:2969:41: warning: binary expression on capability types 'uintptr_t' (aka 'unsigned __intcap') and 'uintptr_t'; it is not clear which should be used as the source of provenance; currently provenance is inherited from the left-hand side [-Wcheri-provenance]
        t = (const uintptr_t*)(~lowbits & (uintptr_t)e);
                               ~~~~~~~~ ^ ~~~~~~~~~~~~
../string.c:3793:17: warning: format specifies type 'long' but the argument has type 'VALUE' (aka 'unsigned __intcap') [-Wformat]
                rb_obj_class(obj)
                ^~~~~~~~~~~~~~~~~
../string.c:11314:73: warning: format specifies type 'long' but the argument has type 'VALUE' (aka 'unsigned __intcap') [-Wformat]
        rb_raise(rb_eTypeError, "value of %"PRIsVALUE" must be String", rb_id2str(id));
                                          ~~~~~~~~~~~                   ^~~~~~~~~~~~~
../string.c:11326:18: warning: format specifies type 'long' but the argument has type 'VALUE' (aka 'unsigned __intcap') [-Wformat]
                 rb_id2str(id));
                 ^~~~~~~~~~~~~
../string.c:11492:91: warning: format specifies type 'long' but the argument has type 'VALUE' (aka 'unsigned __intcap') [-Wformat]
        rb_raise(rb_eArgError, "replacement must be valid byte sequence '%+"PRIsVALUE"'", str);
                                                                         ~~~~~~~~~~~~     ^~~
../string.c:12456:22: warning: format specifies type 'long' but the argument has type 'VALUE' (aka 'unsigned __intcap') [-Wformat]
                     name);
                     ^~~~
12 warnings generated.
compiling ../struct.c
../struct.c:273:65: warning: format specifies type 'long' but the argument has type 'VALUE' (aka 'unsigned __intcap') [-Wformat]
        rb_warn("redefining constant %"PRIsVALUE"::%"PRIsVALUE, super, name);
                                     ~~~~~~~~~~~                ^~~~~
../struct.c:273:72: warning: format specifies type 'long' but the argument has type 'VALUE' (aka 'unsigned __intcap') [-Wformat]
        rb_warn("redefining constant %"PRIsVALUE"::%"PRIsVALUE, super, name);
                                                   ~~~~~~~~~~~         ^~~~
../struct.c:676:73: warning: format specifies type 'long' but the argument has type 'VALUE' (aka 'unsigned __intcap') [-Wformat]
            rb_raise(rb_eArgError, "invalid struct member: %"PRIsVALUE, mem);
                                                           ~~~~~~~~~~~  ^~~
../struct.c:679:68: warning: format specifies type 'long' but the argument has type 'VALUE' (aka 'unsigned __intcap') [-Wformat]
            rb_raise(rb_eArgError, "duplicate member: %"PRIsVALUE, mem);
                                                      ~~~~~~~~~~~  ^~~
../struct.c:1102:18: warning: format specifies type 'long' but the argument has type 'VALUE' (aka 'unsigned __intcap') [-Wformat]
                 rb_obj_class(keys));
                 ^~~~~~~~~~~~~~~~~~
../struct.c:1679:71: warning: format specifies type 'long' but the argument has type 'VALUE' (aka 'unsigned __intcap') [-Wformat]
            rb_raise(rb_eArgError, "invalid data member: %"PRIsVALUE, mem);
                                                         ~~~~~~~~~~~  ^~~
../struct.c:1682:68: warning: format specifies type 'long' but the argument has type 'VALUE' (aka 'unsigned __intcap') [-Wformat]
            rb_raise(rb_eArgError, "duplicate member: %"PRIsVALUE, mem);
                                                      ~~~~~~~~~~~  ^~~
7 warnings generated.
compiling ../symbol.c
../symbol.c:132:23: warning: format specifies type 'long' but the argument has type 'VALUE' (aka 'unsigned __intcap') [-Wformat]
                      rb_id2str(id));
                      ^~~~~~~~~~~~~
../symbol.c:146:42: warning: format specifies type 'long' but the argument has type 'VALUE' (aka 'unsigned __intcap') [-Wformat]
                                  scope, str);
                                         ^~~
../symbol.c:150:46: warning: format specifies type 'unsigned long' but the argument has type 'VALUE' (aka 'unsigned __intcap') [-Wformat]
                                      scope, (VALUE)id);
                                             ^~~~~~~~~
../symbol.c:169:66: warning: format specifies type 'unsigned long' but the argument has type 'VALUE' (aka 'unsigned __intcap') [-Wformat]
                      (int)sizeof(id_types[0]), id_types[scope], (VALUE)id);
                                                                 ^~~~~~~~~
../symbol.c:530:18: warning: format specifies type 'long' but the argument has type 'VALUE' (aka 'unsigned __intcap') [-Wformat]
                 (VALUE)*key, (VALUE)*value);
                 ^~~~~~~~~~~
../symbol.c:530:31: warning: format specifies type 'unsigned long' but the argument has type 'VALUE' (aka 'unsigned __intcap') [-Wformat]
                 (VALUE)*key, (VALUE)*value);
                              ^~~~~~~~~~~~~
../symbol.c:609:48: warning: format specifies type 'long' but the argument has type 'VALUE' (aka 'unsigned __intcap') [-Wformat]
                 rb_enc_name(rb_enc_get(str)), str);
                                               ^~~
../symbol.c:709:48: warning: format specifies type 'unsigned long' but the argument has type 'VALUE' (aka 'unsigned __intcap') [-Wformat]
                   rb_builtin_class_name(sym), sym, str);
                                               ^~~
../symbol.c:709:53: warning: format specifies type 'long' but the argument has type 'VALUE' (aka 'unsigned __intcap') [-Wformat]
                   rb_builtin_class_name(sym), sym, str);
                                                    ^~~
../symbol.c:808:18: warning: format specifies type 'long' but the argument has type 'VALUE' (aka 'unsigned __intcap') [-Wformat]
                 str);
                 ^~~
../symbol.c:1138:22: warning: format specifies type 'long' but the argument has type 'VALUE' (aka 'unsigned __intcap') [-Wformat]
                     name);
                     ^~~~
../symbol.c:1199:22: warning: format specifies type 'long' but the argument has type 'VALUE' (aka 'unsigned __intcap') [-Wformat]
                     name);
                     ^~~~
12 warnings generated.
compiling ../thread.c
In file included from ../thread.c:271:
../thread_pthread.c:2821:16: warning: cast from provenance-free integer type to pointer type will give pointer that can not be dereferenced [-Wcheri-capability-misuse]
        return (rb_thread_t *)((size_t)w - offsetof(rb_thread_t, sched.waiting_reason));
               ^
In file included from ../thread.c:286:
../thread_sync.c:828:66: warning: format specifies type 'long' but the argument has type 'VALUE' (aka 'unsigned __intcap') [-Wformat]
        rb_raise(rb_eTypeError, "%+"PRIsVALUE" not initialized", obj);
                                 ~~~~~~~~~~~~                    ^~~
../thread_sync.c:1179:61: warning: format specifies type 'long' but the argument has type 'VALUE' (aka 'unsigned __intcap') [-Wformat]
    rb_raise(rb_eTypeError, "cannot freeze " "%+"PRIsVALUE, self);
                                              ~~~~~~~~~~~~  ^~~~
../thread_sync.c:1590:54: warning: format specifies type 'long' but the argument has type 'VALUE' (aka 'unsigned __intcap') [-Wformat]
    rb_raise(rb_eTypeError, "can't dump %"PRIsVALUE, rb_obj_class(obj));
                                        ~~~~~~~~~~~  ^~~~~~~~~~~~~~~~~
../thread.c:766:28: warning: format specifies type 'unsigned long' but the argument has type 'VALUE' (aka 'unsigned __intcap') [-Wformat]
               (void *)th, th->locking_mutex);
                           ^~~~~~~~~~~~~~~~~
../thread.c:920:18: warning: format specifies type 'long' but the argument has type 'VALUE' (aka 'unsigned __intcap') [-Wformat]
                 klass);
                 ^~~~~
../thread.c:971:22: warning: format specifies type 'long' but the argument has type 'VALUE' (aka 'unsigned __intcap') [-Wformat]
                     RARRAY_AREF(loc, 0), RARRAY_AREF(loc, 1));
                     ^~~~~~~~~~~~~~~~~~~
../thread.c:971:43: warning: format specifies type 'long' but the argument has type 'VALUE' (aka 'unsigned __intcap') [-Wformat]
                     RARRAY_AREF(loc, 0), RARRAY_AREF(loc, 1));
                                          ^~~~~~~~~~~~~~~~~~~
../thread.c:3538:43: warning: format specifies type 'long' but the argument has type 'VALUE' (aka 'unsigned __intcap') [-Wformat]
    str = rb_sprintf("#<%"PRIsVALUE":%p", cname, (void *)thread);
                        ~~~~~~~~~~~       ^~~~~
../thread.c:3540:41: warning: format specifies type 'long' but the argument has type 'VALUE' (aka 'unsigned __intcap') [-Wformat]
        rb_str_catf(str, "@%"PRIsVALUE, target_th->name);
                           ~~~~~~~~~~~  ^~~~~~~~~~~~~~~
../thread.c:3544:21: warning: format specifies type 'long' but the argument has type 'VALUE' (aka 'unsigned __intcap') [-Wformat]
                    RARRAY_AREF(loc, 0), RARRAY_AREF(loc, 1));
                    ^~~~~~~~~~~~~~~~~~~
../thread.c:3544:42: warning: format specifies type 'long' but the argument has type 'VALUE' (aka 'unsigned __intcap') [-Wformat]
                    RARRAY_AREF(loc, 0), RARRAY_AREF(loc, 1));
                                         ^~~~~~~~~~~~~~~~~~~
../thread.c:3689:67: warning: format specifies type 'long' but the argument has type 'VALUE' (aka 'unsigned __intcap') [-Wformat]
        rb_key_err_raise(rb_sprintf("key not found: %+"PRIsVALUE, key), self, key);
                                                    ~~~~~~~~~~~~  ^~~
../thread.c:5323:14: warning: format specifies type 'long' but the argument has type 'VALUE' (aka 'unsigned __intcap') [-Wformat]
             sym, rb_thread_current());
             ^~~
../thread.c:5323:19: warning: format specifies type 'long' but the argument has type 'VALUE' (aka 'unsigned __intcap') [-Wformat]
             sym, rb_thread_current());
                  ^~~~~~~~~~~~~~~~~~~
../thread.c:5583:21: warning: format specifies type 'long' but the argument has type 'VALUE' (aka 'unsigned __intcap') [-Wformat]
                    th->self, (void *)th, th->nt ? thread_id_str(th) : "N/A", th->ec->interrupt_flag);
                    ^~~~~~~~
16 warnings generated.
compiling ../time.c
../time.c:202:18: warning: format specifies type 'long' but the argument has type 'VALUE' (aka 'unsigned __intcap') [-Wformat]
                 rb_obj_class(tmp));
                 ^~~~~~~~~~~~~~~~~
../time.c:563:14: warning: format specifies type 'long' but the argument has type 'VALUE' (aka 'unsigned __intcap') [-Wformat]
             rb_obj_class(v));
             ^~~~~~~~~~~~~~~
../time.c:1882:61: warning: format specifies type 'long' but the argument has type 'VALUE' (aka 'unsigned __intcap') [-Wformat]
        rb_raise(rb_eTypeError, "uninitialized %"PRIsVALUE, rb_obj_class(obj));
                                               ~~~~~~~~~~~  ^~~~~~~~~~~~~~~~~
../time.c:1893:67: warning: format specifies type 'long' but the argument has type 'VALUE' (aka 'unsigned __intcap') [-Wformat]
        rb_raise(rb_eTypeError, "already initialized %"PRIsVALUE, rb_obj_class(obj));
                                                     ~~~~~~~~~~~  ^~~~~~~~~~~~~~~~~
../time.c:2155:14: warning: format specifies type 'long' but the argument has type 'VALUE' (aka 'unsigned __intcap') [-Wformat]
             zone);
             ^~~~
../time.c:2578:60: warning: format specifies type 'long' but the argument has type 'VALUE' (aka 'unsigned __intcap') [-Wformat]
        rb_raise(rb_eArgError, "can't parse: %+"PRIsVALUE, str);
                                             ~~~~~~~~~~~~  ^~~
../time.c:2582:60: warning: format specifies type 'long' but the argument has type 'VALUE' (aka 'unsigned __intcap') [-Wformat]
        rb_raise(rb_eArgError, "can't parse: %+"PRIsVALUE, str);
                                             ~~~~~~~~~~~~  ^~~
../time.c:2871:22: warning: format specifies type 'long' but the argument has type 'VALUE' (aka 'unsigned __intcap') [-Wformat]
                     rb_obj_class(num), tstr);
                     ^~~~~~~~~~~~~~~~~
../time.c:2947:63: warning: format specifies type 'long' but the argument has type 'VALUE' (aka 'unsigned __intcap') [-Wformat]
        rb_raise(rb_eArgError, "unexpected unit: %"PRIsVALUE, unit);
                                                 ~~~~~~~~~~~  ^~~~
../time.c:5125:18: warning: format specifies type 'long' but the argument has type 'VALUE' (aka 'unsigned __intcap') [-Wformat]
                 rb_obj_class(keys));
                 ^~~~~~~~~~~~~~~~~~
../time.c:5218:72: warning: format specifies type 'long' but the argument has type 'VALUE' (aka 'unsigned __intcap') [-Wformat]
        if (!str) rb_raise(rb_eArgError, "invalid format: %"PRIsVALUE, format);
                                                          ~~~~~~~~~~~  ^~~~~~
../time.c:5442:56: warning: format specifies type 'long' but the argument has type 'VALUE' (aka 'unsigned __intcap') [-Wformat]
                     (year == 1900 ? "small" : "big"), vtm.year);
                                                       ^~~~~~~~
12 warnings generated.
compiling ../transcode.c
../transcode.c:2528:83: warning: format specifies type 'long' but the argument has type 'VALUE' (aka 'unsigned __intcap') [-Wformat]
            rb_raise(rb_eArgError, "unexpected value for xml option: %"PRIsVALUE, rb_sym2str(v));
                                                                     ~~~~~~~~~~~  ^~~~~~~~~~~~~
../transcode.c:2554:22: warning: format specifies type 'long' but the argument has type 'VALUE' (aka 'unsigned __intcap') [-Wformat]
                     rb_sym2str(v));
                     ^~~~~~~~~~~~~
2 warnings generated.
compiling ../util.c
compiling ../variable.c
../variable.c:260:49: warning: format specifies type 'long' but the argument has type 'VALUE' (aka 'unsigned __intcap') [-Wformat]
        path = rb_sprintf("#<%"PRIsVALUE":%p>", klass, (void*)obj);
                             ~~~~~~~~~~~        ^~~~~
../variable.c:375:18: warning: format specifies type 'long' but the argument has type 'VALUE' (aka 'unsigned __intcap') [-Wformat]
                 QUOTE(pathname));
                 ^~~~~~~~~~~~~~~
../variable.c:392:22: warning: format specifies type 'long' but the argument has type 'VALUE' (aka 'unsigned __intcap') [-Wformat]
                     pathname);
                     ^~~~~~~~
../variable.c:401:14: warning: format specifies type 'long' but the argument has type 'VALUE' (aka 'unsigned __intcap') [-Wformat]
             rb_str_subseq(pathname, 0, p-path));
             ^~~~~~~~~~~~~~~~~~~~~~~~~~~~~~~~~~
../variable.c:556:66: warning: format specifies type 'long' but the argument has type 'VALUE' (aka 'unsigned __intcap') [-Wformat]
    rb_warning("global variable '%"PRIsVALUE"' not initialized", QUOTE_ID(id));
                                 ~~~~~~~~~~~                     ^~~~~~~~~~~~
../variable.c:635:63: warning: format specifies type 'long' but the argument has type 'VALUE' (aka 'unsigned __intcap') [-Wformat]
    rb_name_error(id, "%"PRIsVALUE" is a read-only variable", QUOTE_ID(id));
                       ~~~~~~~~~~~                            ^~~~~~~~~~~~
../variable.c:823:74: warning: format specifies type 'long' but the argument has type 'VALUE' (aka 'unsigned __intcap') [-Wformat]
        rb_name_error_str(var, "undefined global variable %"PRIsVALUE"", QUOTE(var));
                                                          ~~~~~~~~~~~    ^~~~~~~~~~
../variable.c:826:69: warning: format specifies type 'long' but the argument has type 'VALUE' (aka 'unsigned __intcap') [-Wformat]
        rb_name_error(id, "undefined global variable %"PRIsVALUE"", QUOTE_ID(id));
                                                     ~~~~~~~~~~~    ^~~~~~~~~~~~
../variable.c:2667:81: warning: format specifies type 'long' but the argument has type 'VALUE' (aka 'unsigned __intcap') [-Wformat]
        rb_raise(rb_eNameError, "autoload must be constant name: %"PRIsVALUE"", QUOTE_ID(name));
                                                                 ~~~~~~~~~~~    ^~~~~~~~~~~~~~
../variable.c:2976:17: warning: format specifies type 'long' but the argument has type 'VALUE' (aka 'unsigned __intcap') [-Wformat]
                arguments->autoload_data->feature,
                ^~~~~~~~~~~~~~~~~~~~~~~~~~~~~~~~~
../variable.c:2977:17: warning: format specifies type 'long' but the argument has type 'unsigned __intcap' [-Wformat]
                ID2SYM(arguments->name)
                ^~~~~~~~~~~~~~~~~~~~~~~
../include/ruby/internal/symbol.h:44:24: note: expanded from macro 'ID2SYM'
#define ID2SYM         RB_ID2SYM           /**< @old{RB_ID2SYM} */
                       ^
../include/ruby/internal/symbol.h:42:24: note: expanded from macro 'RB_ID2SYM'
#define RB_ID2SYM      rb_id2sym           /**< @alias{rb_id2sym} */
                       ^
../symbol.h:22:5: note: expanded from macro 'rb_id2sym'
    RB_GNUC_EXTENSION_BLOCK(__builtin_constant_p(id) && !DYNAMIC_ID_P(id) ? \
    ^~~~~~~~~~~~~~~~~~~~~~~~~~~~~~~~~~~~~~~~~~~~~~~~~~~~~~~~~~~~~~~~~~~~~~~~~
../include/ruby/defines.h:91:37: note: expanded from macro 'RB_GNUC_EXTENSION_BLOCK'
# define RB_GNUC_EXTENSION_BLOCK(x) __extension__ ({ x; })
                                    ^~~~~~~~~~~~~~~~~~~~~~
../variable.c:2983:17: warning: format specifies type 'long' but the argument has type 'VALUE' (aka 'unsigned __intcap') [-Wformat]
                arguments->autoload_data->feature,
                ^~~~~~~~~~~~~~~~~~~~~~~~~~~~~~~~~
../variable.c:2984:17: warning: format specifies type 'long' but the argument has type 'VALUE' (aka 'unsigned __intcap') [-Wformat]
                arguments->module,
                ^~~~~~~~~~~~~~~~~
../variable.c:2985:17: warning: format specifies type 'long' but the argument has type 'unsigned __intcap' [-Wformat]
                ID2SYM(arguments->name)
                ^~~~~~~~~~~~~~~~~~~~~~~
../include/ruby/internal/symbol.h:44:24: note: expanded from macro 'ID2SYM'
#define ID2SYM         RB_ID2SYM           /**< @old{RB_ID2SYM} */
                       ^
../include/ruby/internal/symbol.h:42:24: note: expanded from macro 'RB_ID2SYM'
#define RB_ID2SYM      rb_id2sym           /**< @alias{rb_id2sym} */
                       ^
../symbol.h:22:5: note: expanded from macro 'rb_id2sym'
    RB_GNUC_EXTENSION_BLOCK(__builtin_constant_p(id) && !DYNAMIC_ID_P(id) ? \
    ^~~~~~~~~~~~~~~~~~~~~~~~~~~~~~~~~~~~~~~~~~~~~~~~~~~~~~~~~~~~~~~~~~~~~~~~~
../include/ruby/defines.h:91:37: note: expanded from macro 'RB_GNUC_EXTENSION_BLOCK'
# define RB_GNUC_EXTENSION_BLOCK(x) __extension__ ({ x; })
                                    ^~~~~~~~~~~~~~~~~~~~~~
../variable.c:3063:100: warning: format specifies type 'long' but the argument has type 'VALUE' (aka 'unsigned __intcap') [-Wformat]
            rb_category_warn(RB_WARN_CATEGORY_DEPRECATED, "constant ::%"PRIsVALUE" is deprecated", QUOTE_ID(id));
                                                                      ~~~~~~~~~~~                  ^~~~~~~~~~~~
../variable.c:3067:21: warning: format specifies type 'long' but the argument has type 'VALUE' (aka 'unsigned __intcap') [-Wformat]
                    rb_class_name(klass), QUOTE_ID(id));
                    ^~~~~~~~~~~~~~~~~~~~
../variable.c:3067:43: warning: format specifies type 'long' but the argument has type 'VALUE' (aka 'unsigned __intcap') [-Wformat]
                    rb_class_name(klass), QUOTE_ID(id));
                                          ^~~~~~~~~~~~
../variable.c:3079:141: warning: format specifies type 'long' but the argument has type 'VALUE' (aka 'unsigned __intcap') [-Wformat]
                rb_raise(rb_eRactorIsolationError, "can not access non-shareable objects in constant %"PRIsVALUE"::%s by non-main Ractor.", rb_class_path(klass), rb_id2name(id));
                                                                                                     ~~~~~~~~~~~                            ^~~~~~~~~~~~~~~~~~~~
../variable.c:3571:18: warning: format specifies type 'long' but the argument has type 'VALUE' (aka 'unsigned __intcap') [-Wformat]
                 QUOTE_ID(id));
                 ^~~~~~~~~~~~
../variable.c:3698:70: warning: format specifies type 'long' but the argument has type 'VALUE' (aka 'unsigned __intcap') [-Wformat]
                rb_warn("already initialized constant %"PRIsVALUE"", name);
                                                      ~~~~~~~~~~~    ^~~~
../variable.c:3701:25: warning: format specifies type 'long' but the argument has type 'VALUE' (aka 'unsigned __intcap') [-Wformat]
                        rb_class_name(klass), name);
                        ^~~~~~~~~~~~~~~~~~~~
../variable.c:3701:47: warning: format specifies type 'long' but the argument has type 'VALUE' (aka 'unsigned __intcap') [-Wformat]
                        rb_class_name(klass), name);
                                              ^~~~
../variable.c:3704:81: warning: format specifies type 'long' but the argument has type 'VALUE' (aka 'unsigned __intcap') [-Wformat]
                                "previous definition of %"PRIsVALUE" was here", name);
                                                        ~~~~~~~~~~~             ^~~~
../variable.c:3759:20: warning: format specifies type 'long' but the argument has type 'VALUE' (aka 'unsigned __intcap') [-Wformat]
                   QUOTE_ID(rb_frame_callee()));
                   ^~~~~~~~~~~~~~~~~~~~~~~~~~~
../variable.c:3908:24: warning: format specifies type 'long' but the argument has type 'unsigned __intcap' [-Wformat]
                       ID2SYM(id), rb_class_name(original_module(front)),
                       ^~~~~~~~~~
../include/ruby/internal/symbol.h:44:24: note: expanded from macro 'ID2SYM'
#define ID2SYM         RB_ID2SYM           /**< @old{RB_ID2SYM} */
                       ^
../include/ruby/internal/symbol.h:42:24: note: expanded from macro 'RB_ID2SYM'
#define RB_ID2SYM      rb_id2sym           /**< @alias{rb_id2sym} */
                       ^
../symbol.h:22:5: note: expanded from macro 'rb_id2sym'
    RB_GNUC_EXTENSION_BLOCK(__builtin_constant_p(id) && !DYNAMIC_ID_P(id) ? \
    ^~~~~~~~~~~~~~~~~~~~~~~~~~~~~~~~~~~~~~~~~~~~~~~~~~~~~~~~~~~~~~~~~~~~~~~~~
../include/ruby/defines.h:91:37: note: expanded from macro 'RB_GNUC_EXTENSION_BLOCK'
# define RB_GNUC_EXTENSION_BLOCK(x) __extension__ ({ x; })
                                    ^~~~~~~~~~~~~~~~~~~~~~
../variable.c:3908:36: warning: format specifies type 'long' but the argument has type 'VALUE' (aka 'unsigned __intcap') [-Wformat]
                       ID2SYM(id), rb_class_name(original_module(front)),
                                   ^~~~~~~~~~~~~~~~~~~~~~~~~~~~~~~~~~~~~
../variable.c:3909:24: warning: format specifies type 'long' but the argument has type 'VALUE' (aka 'unsigned __intcap') [-Wformat]
                       rb_class_name(original_module(target)));
                       ^~~~~~~~~~~~~~~~~~~~~~~~~~~~~~~~~~~~~~
27 warnings generated.
compiling ../version.c
compiling ../vm.c
In file included from ../vm.c:41:
../vm_callinfo.h:140:50: warning: binary expression on capability types 'VALUE' (aka 'unsigned __intcap') and 'unsigned __intcap'; it is not clear which should be used as the source of provenance; currently provenance is inherited from the left-hand side [-Wcheri-provenance]
        return (((VALUE)ci) >> CI_EMBED_ID_SHFT) & CI_EMBED_ID_MASK;
               ~~~~~~~~~~~~~~~~~~~~~~~~~~~~~~~~~ ^ ~~~~~~~~~~~~~~~~
../vm_callinfo.h:151:67: warning: binary expression on capability types 'VALUE' (aka 'unsigned __intcap') and 'unsigned __intcap'; it is not clear which should be used as the source of provenance; currently provenance is inherited from the left-hand side [-Wcheri-provenance]
        return (unsigned int)((((VALUE)ci) >> CI_EMBED_FLAG_SHFT) & CI_EMBED_FLAG_MASK);
                              ~~~~~~~~~~~~~~~~~~~~~~~~~~~~~~~~~~~ ^ ~~~~~~~~~~~~~~~~~~
../vm_callinfo.h:162:67: warning: binary expression on capability types 'VALUE' (aka 'unsigned __intcap') and 'unsigned __intcap'; it is not clear which should be used as the source of provenance; currently provenance is inherited from the left-hand side [-Wcheri-provenance]
        return (unsigned int)((((VALUE)ci) >> CI_EMBED_ARGC_SHFT) & CI_EMBED_ARGC_MASK);
                              ~~~~~~~~~~~~~~~~~~~~~~~~~~~~~~~~~~~ ^ ~~~~~~~~~~~~~~~~~~
../vm_callinfo.h:216:25: warning: binary expression on capability types 'ID' (aka 'unsigned __intcap') and 'unsigned __intcap'; it is not clear which should be used as the source of provenance; currently provenance is inherited from the left-hand side [-Wcheri-provenance]
    if (USE_EMBED_CI && VM_CI_EMBEDDABLE_P(mid, flag, argc, kwarg)) {
                        ^~~~~~~~~~~~~~~~~~~~~~~~~~~~~~~~~~~~~~~~~~
../vm_callinfo.h:197:14: note: expanded from macro 'VM_CI_EMBEDDABLE_P'
    (((mid ) & ~CI_EMBED_ID_MASK)   ? false :      \
      ~~~~~~ ^ ~~~~~~~~~~~~~~~~~
In file included from ../vm.c:534:
../vm_insnhelper.c:1046:72: warning: format specifies type 'long' but the argument has type 'VALUE' (aka 'unsigned __intcap') [-Wformat]
        rb_raise(rb_eTypeError, "%+"PRIsVALUE" is not a class/module", klass);
                                 ~~~~~~~~~~~~                          ^~~~~
../vm_insnhelper.c:1112:135: warning: format specifies type 'long' but the argument has type 'VALUE' (aka 'unsigned __intcap') [-Wformat]
                                             "can not access non-shareable objects in constant %"PRIsVALUE"::%s by non-main ractor.", rb_class_path(klass), rb_id2name(id));
                                                                                               ~~~~~~~~~~~                            ^~~~~~~~~~~~~~~~~~~~
../vm_insnhelper.c:3088:21: warning: format specifies type 'long' but the argument has type 'VALUE' (aka 'unsigned __intcap') [-Wformat]
                    name, RARRAY_AREF(m_loc, 0), RARRAY_AREF(m_loc, 1));
                    ^~~~
../vm_insnhelper.c:3088:27: warning: format specifies type 'long' but the argument has type 'VALUE' (aka 'unsigned __intcap') [-Wformat]
                    name, RARRAY_AREF(m_loc, 0), RARRAY_AREF(m_loc, 1));
                          ^~~~~~~~~~~~~~~~~~~~~
../vm_insnhelper.c:3088:50: warning: format specifies type 'long' but the argument has type 'VALUE' (aka 'unsigned __intcap') [-Wformat]
                    name, RARRAY_AREF(m_loc, 0), RARRAY_AREF(m_loc, 1));
                                                 ^~~~~~~~~~~~~~~~~~~~~
../vm_insnhelper.c:3091:93: warning: format specifies type 'long' but the argument has type 'VALUE' (aka 'unsigned __intcap') [-Wformat]
            rb_warn("the block may be ignored because '%"PRIsVALUE"' does not use a block", name);
                                                       ~~~~~~~~~~~                          ^~~~
../vm_insnhelper.c:5026:22: warning: format specifies type 'long' but the argument has type 'VALUE' (aka 'unsigned __intcap') [-Wformat]
                     rb_obj_class(recv), m);
                     ^~~~~~~~~~~~~~~~~~
../vm_insnhelper.c:5026:42: warning: format specifies type 'long' but the argument has type 'VALUE' (aka 'unsigned __intcap') [-Wformat]
                     rb_obj_class(recv), m);
                                         ^
../vm_insnhelper.c:5732:22: warning: format specifies type 'long' but the argument has type 'VALUE' (aka 'unsigned __intcap') [-Wformat]
                     rb_id2str(id));
                     ^~~~~~~~~~~~~
../vm_insnhelper.c:5786:32: warning: format specifies type 'long' but the argument has type 'VALUE' (aka 'unsigned __intcap') [-Wformat]
                               name, type);
                               ^~~~
../vm_insnhelper.c:5791:21: warning: format specifies type 'long' but the argument has type 'VALUE' (aka 'unsigned __intcap') [-Wformat]
                    rb_ary_entry(location, 0), rb_ary_entry(location, 1), name);
                    ^~~~~~~~~~~~~~~~~~~~~~~~~
../vm_insnhelper.c:5791:48: warning: format specifies type 'long' but the argument has type 'VALUE' (aka 'unsigned __intcap') [-Wformat]
                    rb_ary_entry(location, 0), rb_ary_entry(location, 1), name);
                                               ^~~~~~~~~~~~~~~~~~~~~~~~~
../vm_insnhelper.c:5791:75: warning: format specifies type 'long' but the argument has type 'VALUE' (aka 'unsigned __intcap') [-Wformat]
                    rb_ary_entry(location, 0), rb_ary_entry(location, 1), name);
                                                                          ^~~~
../vm_insnhelper.c:5804:18: warning: format specifies type 'long' but the argument has type 'VALUE' (aka 'unsigned __intcap') [-Wformat]
                 rb_obj_class(super));
                 ^~~~~~~~~~~~~~~~~~~
../vm_insnhelper.c:6826:21: warning: binary expression on capability types 'VALUE' (aka 'unsigned __intcap') and 'VALUE'; it is not clear which should be used as the source of provenance; currently provenance is inherited from the left-hand side [-Wcheri-provenance]
        return recv | obj;
               ~~~~ ^ ~~~
In file included from ../vm.c:536:
../vm_exec.c:105:5: warning: format specifies type 'long' but the argument has type 'VALUE' (aka 'unsigned __intcap') [-Wformat]
    END_INSNS_DISPATCH();
    ^~~~~~~~~~~~~~~~~~~~
../vm_exec.h:121:42: note: expanded from macro 'END_INSNS_DISPATCH'
      rb_bug("unknown insn: %"PRIdVALUE, GET_CURRENT_INSN());   \
                            ~~~~~~~~~~~  ^~~~~~~~~~~~~~~~~~
../vm_insnhelper.h:97:28: note: expanded from macro 'GET_CURRENT_INSN'
#define GET_CURRENT_INSN() (*GET_PC())
                           ^~~~~~~~~~~
In file included from ../vm.c:538:
../vm_method.c:1043:21: warning: format specifies type 'long' but the argument has type 'VALUE' (aka 'unsigned __intcap') [-Wformat]
                    rb_id2str(mid),
                    ^~~~~~~~~~~~~~
../vm_method.c:1046:21: warning: format specifies type 'long' but the argument has type 'VALUE' (aka 'unsigned __intcap') [-Wformat]
                    rb_id2str(old_def->original_id)
                    ^~~~~~~~~~~~~~~~~~~~~~~~~~~~~~~
../vm_method.c:1050:75: warning: format specifies type 'long' but the argument has type 'VALUE' (aka 'unsigned __intcap') [-Wformat]
                rb_warning("method redefined; discarding old %"PRIsVALUE, rb_id2str(mid));
                                                             ~~~~~~~~~~~  ^~~~~~~~~~~~~~
../vm_method.c:1896:54: warning: format specifies type 'long' but the argument has type 'VALUE' (aka 'unsigned __intcap') [-Wformat]
    attriv = rb_intern_str(rb_sprintf("@%"PRIsVALUE, rb_id2str(id)));
                                        ~~~~~~~~~~~  ^~~~~~~~~~~~~
../vm_method.c:2407:20: warning: format specifies type 'long' but the argument has type 'VALUE' (aka 'unsigned __intcap') [-Wformat]
                   QUOTE_ID(rb_frame_callee()));
                   ^~~~~~~~~~~~~~~~~~~~~~~~~~~
../vm_method.c:2608:152: warning: format specifies type 'long' but the argument has type 'VALUE' (aka 'unsigned __intcap') [-Wformat]
                    rb_warn("Skipping set of ruby2_keywords flag for %"PRIsVALUE" (method accepts keywords or method does not accept argument splat)", QUOTE_ID(name));
                                                                     ~~~~~~~~~~~                                                                       ^~~~~~~~~~~~~~
../vm_method.c:2627:156: warning: format specifies type 'long' but the argument has type 'VALUE' (aka 'unsigned __intcap') [-Wformat]
                        rb_warn("Skipping set of ruby2_keywords flag for %"PRIsVALUE" (method accepts keywords or method does not accept argument splat)", QUOTE_ID(name));
                                                                         ~~~~~~~~~~~                                                                       ^~~~~~~~~~~~~~
../vm_method.c:2634:110: warning: format specifies type 'long' but the argument has type 'VALUE' (aka 'unsigned __intcap') [-Wformat]
                rb_warn("Skipping set of ruby2_keywords flag for %"PRIsVALUE" (method not defined in Ruby)", QUOTE_ID(name));
                                                                 ~~~~~~~~~~~                                 ^~~~~~~~~~~~~~
../vm_method.c:2639:118: warning: format specifies type 'long' but the argument has type 'VALUE' (aka 'unsigned __intcap') [-Wformat]
            rb_warn("Skipping set of ruby2_keywords flag for %"PRIsVALUE" (can only set in method defining module)", QUOTE_ID(name));
                                                             ~~~~~~~~~~~                                             ^~~~~~~~~~~~~~
../vm_method.c:2924:25: warning: format specifies type 'long' but the argument has type 'unsigned __intcap' [-Wformat]
                        (RCLASS_SINGLETON_P(klass) ? obj : klass),
                        ^~~~~~~~~~~~~~~~~~~~~~~~~~~~~~~~~~~~~~~~~
../vm_method.c:2926:25: warning: format specifies type 'long' but the argument has type 'VALUE' (aka 'unsigned __intcap') [-Wformat]
                        QUOTE_ID(id));
                        ^~~~~~~~~~~~
In file included from ../vm.c:539:
../vm_eval.c:405:25: warning: binary expression on capability types 'VALUE' (aka 'unsigned __intcap') and 'VALUE'; it is not clear which should be used as the source of provenance; currently provenance is inherited from the left-hand side [-Wcheri-provenance]
    return (klass >> 3) ^ (VALUE)mid;
           ~~~~~~~~~~~~ ^ ~~~~~~~~~~
../vm_eval.c:778:18: warning: format specifies type 'long' but the argument has type 'VALUE' (aka 'unsigned __intcap') [-Wformat]
                 mname, (void *)recv);
                 ^~~~~
../vm_eval.c:783:18: warning: format specifies type 'long' but the argument has type 'VALUE' (aka 'unsigned __intcap') [-Wformat]
                 mname, (void *)recv);
                 ^~~~~
../vm_eval.c:789:18: warning: format specifies type 'long' but the argument has type 'VALUE' (aka 'unsigned __intcap') [-Wformat]
                 mname, type, (void *)recv, flags);
                 ^~~~~
../vm_eval.c:789:45: warning: format specifies type 'unsigned long' but the argument has type 'VALUE' (aka 'unsigned __intcap') [-Wformat]
                 mname, type, (void *)recv, flags);
                                            ^~~~~
../vm_eval.c:795:18: warning: format specifies type 'long' but the argument has type 'VALUE' (aka 'unsigned __intcap') [-Wformat]
                 mname, typestr, (void *)recv, flags);
                 ^~~~~
../vm_eval.c:795:48: warning: format specifies type 'unsigned long' but the argument has type 'VALUE' (aka 'unsigned __intcap') [-Wformat]
                 mname, typestr, (void *)recv, flags);
                                               ^~~~~
../vm_eval.c:801:18: warning: format specifies type 'long' but the argument has type 'VALUE' (aka 'unsigned __intcap') [-Wformat]
                 mname, typestr, (void *)recv, flags);
                 ^~~~~
../vm_eval.c:801:48: warning: format specifies type 'unsigned long' but the argument has type 'VALUE' (aka 'unsigned __intcap') [-Wformat]
                 mname, typestr, (void *)recv, flags);
                                               ^~~~~
../vm_eval.c:957:18: warning: format specifies type 'long' but the argument has type 'VALUE' (aka 'unsigned __intcap') [-Wformat]
                 rb_obj_class(argv[0]));
                 ^~~~~~~~~~~~~~~~~~~~~
../vm_eval.c:1644:38: warning: format specifies type 'long' but the argument has type 'VALUE' (aka 'unsigned __intcap') [-Wformat]
                                     location_path, location_lineno));
                                     ^~~~~~~~~~~~~
../vm.c:749:59: warning: format specifies type 'long' but the argument has type 'VALUE' (aka 'unsigned __intcap') [-Wformat]
        rb_raise(rb_eArgError, "unknown key: %"PRIsVALUE, rb_sym2str(key));
                                             ~~~~~~~~~~~  ^~~~~~~~~~~~~~~
../vm.c:1291:93: warning: format specifies type 'long' but the argument has type 'VALUE' (aka 'unsigned __intcap') [-Wformat]
                                               " unshareable object %+" PRIsVALUE " from ", v);
                                                                    ~~~~~~~~~~~~~           ^
../vm.c:1293:75: warning: format specifies type 'long' but the argument has type 'VALUE' (aka 'unsigned __intcap') [-Wformat]
                            rb_str_catf(msg, "variable '%" PRIsVALUE "'", name);
                                                        ~~~~~~~~~~~~      ^~~~
../vm.c:1403:22: warning: format specifies type 'long' but the argument has type 'VALUE' (aka 'unsigned __intcap') [-Wformat]
                     self);
                     ^~~~
46 warnings generated.
compiling ../vm_backtrace.c
../vm_backtrace.c:214:66: warning: format specifies type 'long' but the argument has type 'VALUE' (aka 'unsigned __intcap') [-Wformat]
                    return rb_sprintf("%"PRIsVALUE".%"PRIsVALUE, v, name);
                                       ~~~~~~~~~~~               ^
../vm_backtrace.c:214:69: warning: format specifies type 'long' but the argument has type 'VALUE' (aka 'unsigned __intcap') [-Wformat]
                    return rb_sprintf("%"PRIsVALUE".%"PRIsVALUE, v, name);
                                                    ~~~~~~~~~~~     ^~~~
../vm_backtrace.c:221:62: warning: format specifies type 'long' but the argument has type 'VALUE' (aka 'unsigned __intcap') [-Wformat]
                return rb_sprintf("%"PRIsVALUE"#%"PRIsVALUE, owner, name);
                                   ~~~~~~~~~~~               ^~~~~
../vm_backtrace.c:221:69: warning: format specifies type 'long' but the argument has type 'VALUE' (aka 'unsigned __intcap') [-Wformat]
                return rb_sprintf("%"PRIsVALUE"#%"PRIsVALUE, owner, name);
                                                ~~~~~~~~~~~         ^~~~
../vm_backtrace.c:252:54: warning: format specifies type 'long' but the argument has type 'VALUE' (aka 'unsigned __intcap') [-Wformat]
            return rb_sprintf("block in %"PRIsVALUE, calculate_iseq_label(owner, iseq));
                                        ~~~~~~~~~~~  ^~~~~~~~~~~~~~~~~~~~~~~~~~~~~~~~~
../vm_backtrace.c:255:73: warning: format specifies type 'long' but the argument has type 'VALUE' (aka 'unsigned __intcap') [-Wformat]
            return rb_sprintf("block (%d levels) in %"PRIsVALUE, level, calculate_iseq_label(owner, iseq));
                                                    ~~~~~~~~~~~         ^~~~~~~~~~~~~~~~~~~~~~~~~~~~~~~~~
../vm_backtrace.c:1163:58: warning: format specifies type 'long' but the argument has type 'VALUE' (aka 'unsigned __intcap') [-Wformat]
    VALUE str = rb_sprintf("\tfrom %"PRIsVALUE":%d:in ", file, lineno);
                                   ~~~~~~~~~~~           ^~~~
../vm_backtrace.c:1169:47: warning: format specifies type 'long' but the argument has type 'VALUE' (aka 'unsigned __intcap') [-Wformat]
        rb_str_catf(str, " '%"PRIsVALUE"'\n", name);
                            ~~~~~~~~~~~       ^~~~
../vm_backtrace.c:1955:31: warning: format specifies type 'long' but the argument has type 'VALUE' (aka 'unsigned __intcap') [-Wformat]
                              classpath, singleton_p == Qtrue ? "." : "#", method_name);
                              ^~~~~~~~~
../vm_backtrace.c:1955:76: warning: format specifies type 'long' but the argument has type 'VALUE' (aka 'unsigned __intcap') [-Wformat]
                              classpath, singleton_p == Qtrue ? "." : "#", method_name);
                                                                           ^~~~~~~~~~~
../vm_backtrace.c:1996:77: warning: format specifies type 'long' but the argument has type 'VALUE' (aka 'unsigned __intcap') [-Wformat]
        return rb_sprintf("%.*s%"PRIsVALUE, prefix_len, RSTRING_PTR(label), qualified_method_name);
                               ~~~~~~~~~~~                                  ^~~~~~~~~~~~~~~~~~~~~
11 warnings generated.
compiling ../vm_dump.c
../vm_dump.c:262:53: warning: format specifies type 'unsigned long' but the argument has type 'VALUE' (aka 'unsigned __intcap') [-Wformat]
            kprintf("%04d: %08"PRIxVALUE" (%p)", i, env->env[i], (void *)&env->env[i]);
            ~~~~~~~~~~~~~~~~~~~~~~~~~~~~~~~~~~~~~~~~^~~~~~~~~~~~~~~~~~~~~~~~~~~~~~~~~~
../vm_dump.c:50:42: note: expanded from macro 'kprintf'
#define kprintf(...) if (fprintf(errout, __VA_ARGS__) < 0) goto error
                                         ^~~~~~~~~~~
1 warning generated.
compiling ../vm_sync.c
compiling ../vm_trace.c
../vm_trace.c:834:57: warning: format specifies type 'long' but the argument has type 'VALUE' (aka 'unsigned __intcap') [-Wformat]
    rb_raise(rb_eArgError, "unknown event: %"PRIsVALUE, rb_sym2str(sym));
                                           ~~~~~~~~~~~  ^~~~~~~~~~~~~~~
../vm_trace.c:1534:35: warning: format specifies type 'long' but the argument has type 'VALUE' (aka 'unsigned __intcap') [-Wformat]
                                  rb_tracearg_event(trace_arg),
                                  ^~~~~~~~~~~~~~~~~~~~~~~~~~~~
../vm_trace.c:1535:35: warning: format specifies type 'long' but the argument has type 'VALUE' (aka 'unsigned __intcap') [-Wformat]
                                  rb_tracearg_path(trace_arg),
                                  ^~~~~~~~~~~~~~~~~~~~~~~~~~~
../vm_trace.c:1537:35: warning: format specifies type 'long' but the argument has type 'VALUE' (aka 'unsigned __intcap') [-Wformat]
                                  sym);
                                  ^~~
../vm_trace.c:1544:31: warning: format specifies type 'long' but the argument has type 'VALUE' (aka 'unsigned __intcap') [-Wformat]
                              rb_tracearg_event(trace_arg),
                              ^~~~~~~~~~~~~~~~~~~~~~~~~~~~
../vm_trace.c:1545:31: warning: format specifies type 'long' but the argument has type 'VALUE' (aka 'unsigned __intcap') [-Wformat]
                              rb_tracearg_method_id(trace_arg),
                              ^~~~~~~~~~~~~~~~~~~~~~~~~~~~~~~~
../vm_trace.c:1546:31: warning: format specifies type 'long' but the argument has type 'VALUE' (aka 'unsigned __intcap') [-Wformat]
                              rb_tracearg_path(trace_arg),
                              ^~~~~~~~~~~~~~~~~~~~~~~~~~~
../vm_trace.c:1551:31: warning: format specifies type 'long' but the argument has type 'VALUE' (aka 'unsigned __intcap') [-Wformat]
                              rb_tracearg_event(trace_arg),
                              ^~~~~~~~~~~~~~~~~~~~~~~~~~~~
../vm_trace.c:1552:31: warning: format specifies type 'long' but the argument has type 'VALUE' (aka 'unsigned __intcap') [-Wformat]
                              rb_tracearg_self(trace_arg));
                              ^~~~~~~~~~~~~~~~~~~~~~~~~~~
../vm_trace.c:1557:27: warning: format specifies type 'long' but the argument has type 'VALUE' (aka 'unsigned __intcap') [-Wformat]
                          rb_tracearg_event(trace_arg),
                          ^~~~~~~~~~~~~~~~~~~~~~~~~~~~
../vm_trace.c:1558:27: warning: format specifies type 'long' but the argument has type 'VALUE' (aka 'unsigned __intcap') [-Wformat]
                          rb_tracearg_path(trace_arg),
                          ^~~~~~~~~~~~~~~~~~~~~~~~~~~
11 warnings generated.
compiling ../weakmap.c
../weakmap.c:293:49: warning: format specifies type 'long' but the argument has type 'VALUE' (aka 'unsigned __intcap') [-Wformat]
    VALUE str = rb_sprintf("-<%"PRIsVALUE":%p", c, (void *)self);
                              ~~~~~~~~~~~       ^
1 warning generated.
compiling ../prism/api_node.c
compiling ../prism/api_pack.c
compiling ../prism/diagnostic.c
compiling ../prism/encoding.c
compiling ../prism/extension.c
../prism/extension.c:53:89: warning: format specifies type 'long' but the argument has type 'VALUE' (aka 'unsigned __intcap') [-Wformat]
        rb_raise(rb_eTypeError, "wrong argument type %" PRIsVALUE " (expected String)", rb_obj_class(value));
                                                     ~~~~~~~~~~~~                       ^~~~~~~~~~~~~~~~~~~
../prism/extension.c:67:89: warning: format specifies type 'long' but the argument has type 'VALUE' (aka 'unsigned __intcap') [-Wformat]
        rb_raise(rb_eTypeError, "wrong argument type %" PRIsVALUE " (expected String)", rb_obj_class(string));
                                                     ~~~~~~~~~~~~                       ^~~~~~~~~~~~~~~~~~~~
../prism/extension.c:84:86: warning: format specifies type 'long' but the argument has type 'VALUE' (aka 'unsigned __intcap') [-Wformat]
        rb_raise(rb_eTypeError, "wrong argument type %"PRIsVALUE" (expected Array)", rb_obj_class(scopes));
                                                     ~~~~~~~~~~~                     ^~~~~~~~~~~~~~~~~~~~
../prism/extension.c:100:90: warning: format specifies type 'long' but the argument has type 'VALUE' (aka 'unsigned __intcap') [-Wformat]
            rb_raise(rb_eTypeError, "wrong argument type %"PRIsVALUE" (expected Array)", rb_obj_class(scope));
                                                         ~~~~~~~~~~~                     ^~~~~~~~~~~~~~~~~~~
../prism/extension.c:117:95: warning: format specifies type 'long' but the argument has type 'VALUE' (aka 'unsigned __intcap') [-Wformat]
                rb_raise(rb_eTypeError, "wrong argument type %"PRIsVALUE" (expected Symbol)", rb_obj_class(local));
                                                             ~~~~~~~~~~~                      ^~~~~~~~~~~~~~~~~~~
../prism/extension.c:155:72: warning: format specifies type 'long' but the argument has type 'VALUE' (aka 'unsigned __intcap') [-Wformat]
                rb_raise(rb_eArgError, "invalid version: %" PRIsVALUE, value);
                                                         ~~~~~~~~~~~~  ^~~~~
../prism/extension.c:184:64: warning: format specifies type 'long' but the argument has type 'VALUE' (aka 'unsigned __intcap') [-Wformat]
        rb_raise(rb_eArgError, "unknown keyword: %" PRIsVALUE, key);
                                                 ~~~~~~~~~~~~  ^~~
../prism/extension.c:234:91: warning: format specifies type 'long' but the argument has type 'VALUE' (aka 'unsigned __intcap') [-Wformat]
            rb_raise(rb_eTypeError, "wrong argument type %"PRIsVALUE" (expected String)", rb_obj_class(filepath));
                                                         ~~~~~~~~~~~                      ^~~~~~~~~~~~~~~~~~~~~~
8 warnings generated.
compiling ../prism/node.c
compiling ../prism/options.c
compiling ../prism/pack.c
compiling ../prism/prettyprint.c
compiling ../prism/regexp.c
compiling ../prism/serialize.c
compiling ../prism/static_literals.c
compiling ../prism/token_type.c
compiling ../prism/util/pm_buffer.c
compiling ../prism/util/pm_char.c
compiling ../prism/util/pm_constant_pool.c
compiling ../prism/util/pm_integer.c
compiling ../prism/util/pm_list.c
compiling ../prism/util/pm_memchr.c
compiling ../prism/util/pm_newline_list.c
compiling ../prism/util/pm_string.c
compiling ../prism/util/pm_strncasecmp.c
compiling ../prism/util/pm_strpbrk.c
compiling ../prism/prism.c
compiling ../prism_init.c
compiling ../coroutine/ucontext/Context.c
compiling ../enc/ascii.c
compiling ../enc/us_ascii.c
compiling ../enc/unicode.c
compiling ../enc/utf_8.c
compiling ../enc/trans/newline.c
compiling ../missing/memcmp.c
compiling ../missing/close.c
compiling ../addr2line.c
../addr2line.c:1946:62: warning: binary expression on capability types 'unsigned __intcap' and 'uintptr_t' (aka 'unsigned __intcap'); it is not clear which should be used as the source of provenance; currently provenance is inherited from the left-hand side [-Wcheri-provenance]
            uintptr_t offset = addr - reader->obj->base_addr + reader->obj->vmaddr;
                               ~~~~~~~~~~~~~~~~~~~~~~~~~~~~~ ^ ~~~~~~~~~~~~~~~~~~~
../addr2line.c:1963:40: warning: binary expression on capability types 'uintptr_t' (aka 'unsigned __intcap') and 'uintptr_t'; it is not clear which should be used as the source of provenance; currently provenance is inherited from the left-hand side [-Wcheri-provenance]
                lines[i].saddr = saddr + reader->obj->base_addr - reader->obj->vmaddr;
                                 ~~~~~ ^ ~~~~~~~~~~~~~~~~~~~~~~
2 warnings generated.
compiling ../builtin.c
compiling ../main.c
compiling ../dmyext.c
compiling ../dmyenc.c
linking static-library libruby-static.a
generating makefiles ext/configure-ext.mk
ext/configure-ext.mk unchanged
make[1]: Entering directory '/cheruby-purecap/src/output/rootfs-riscv64-purecap/research/ruby-3.4.1/build'
configuring -test-/RUBY_ALIGNOF
configuring -test-/abi
configuring -test-/arith_seq/beg_len_step
configuring -test-/arith_seq/extract
configuring -test-/array/concat
configuring -test-/array/resize
configuring -test-/asan
configuring -test-/bignum
configuring -test-/bug-14834
configuring -test-/bug-3571
configuring -test-/bug-5832
configuring -test-/bug_reporter
configuring -test-/class
configuring -test-/cxxanyargs
configuring -test-/debug
configuring -test-/dln/empty
configuring -test-/econv
configuring -test-/ensure_and_callcc
configuring -test-/enumerator_kw
configuring -test-/eval
configuring -test-/exception
configuring -test-/fatal
configuring -test-/file
configuring -test-/float
configuring -test-/funcall
configuring -test-/gvl/call_without_gvl
configuring -test-/hash
configuring -test-/integer
configuring -test-/iseq_load
configuring -test-/iter
configuring -test-/load/dot.dot
configuring -test-/load/protect
configuring -test-/load/resolve_symbol_resolver
configuring -test-/load/resolve_symbol_target
configuring -test-/load/stringify_symbols
configuring -test-/load/stringify_target
configuring -test-/marshal/compat
configuring -test-/marshal/internal_ivar
configuring -test-/marshal/usr
configuring -test-/memory_status
configuring -test-/memory_view
configuring -test-/method
configuring -test-/notimplement
configuring -test-/num2int
configuring -test-/path_to_class
configuring -test-/popen_deadlock
configuring -test-/postponed_job
configuring -test-/printf
configuring -test-/proc
configuring -test-/public_header_warnings
configuring -test-/random
configuring -test-/rational
configuring -test-/rb_call_super_kw
configuring -test-/recursion
configuring -test-/regexp
configuring -test-/scan_args
configuring -test-/st/foreach
configuring -test-/st/numhash
configuring -test-/st/update
configuring -test-/string
configuring -test-/struct
configuring -test-/symbol
configuring -test-/thread/id
configuring -test-/thread/instrumentation
configuring -test-/thread/lock_native_thread
configuring -test-/thread_fd
configuring -test-/time
configuring -test-/tracepoint
configuring -test-/typeddata
configuring -test-/vm
configuring -test-/wait
configuring cgi/escape
configuring continuation
configuring coverage
configuring date
configuring digest
configuring digest/bubblebabble
configuring digest/md5
configuring digest/rmd160
configuring digest/sha1
configuring digest/sha2
configuring erb/escape
configuring etc
configuring fcntl
configuring fiddle
configuring io/console
configuring io/nonblock
configuring io/wait
configuring json
configuring json/generator
configuring json/parser
configuring monitor
configuring objspace
configuring openssl
configuring pathname
configuring psych
yaml.h not found
configuring pty
configuring rbconfig/sizeof
configuring ripper
configuring rubyvm
configuring socket
configuring stringio
configuring strscan
configuring zlib
configuring bigdecimal-3.1.8/ext/bigdecimal
configuring debug-1.10.0/ext/debug
configuring nkf-0.2.0/ext/nkf
configuring racc-1.8.1/ext/racc/cparse
configuring rbs-3.8.0/ext/rbs_extension
configuring syslog-0.2.0/ext/syslog
make[1]: Leaving directory '/cheruby-purecap/src/output/rootfs-riscv64-purecap/research/ruby-3.4.1/build'
generating makefile exts.mk
exts.mk unchanged
make[1]: Entering directory '/cheruby-purecap/src/output/rootfs-riscv64-purecap/research/ruby-3.4.1/build'
make[2]: Entering directory '/cheruby-purecap/src/output/rootfs-riscv64-purecap/research/ruby-3.4.1/build/ext/-test-/RUBY_ALIGNOF'
compiling ../../../../ext/-test-/RUBY_ALIGNOF/c.c
compiling ../../../../ext/-test-/RUBY_ALIGNOF/cpp.cpp
linking shared-object -test-/RUBY_ALIGNOF.so
make[2]: Leaving directory '/cheruby-purecap/src/output/rootfs-riscv64-purecap/research/ruby-3.4.1/build/ext/-test-/RUBY_ALIGNOF'
make[2]: Entering directory '/cheruby-purecap/src/output/rootfs-riscv64-purecap/research/ruby-3.4.1/build/ext/-test-/arith_seq/beg_len_step'
compiling ../../../../../ext/-test-/arith_seq/beg_len_step/beg_len_step.c
linking shared-object -test-/arith_seq/beg_len_step.so
make[2]: Leaving directory '/cheruby-purecap/src/output/rootfs-riscv64-purecap/research/ruby-3.4.1/build/ext/-test-/arith_seq/beg_len_step'
make[2]: Entering directory '/cheruby-purecap/src/output/rootfs-riscv64-purecap/research/ruby-3.4.1/build/ext/-test-/arith_seq/extract'
compiling ../../../../../ext/-test-/arith_seq/extract/extract.c
linking shared-object -test-/arith_seq/extract.so
make[2]: Leaving directory '/cheruby-purecap/src/output/rootfs-riscv64-purecap/research/ruby-3.4.1/build/ext/-test-/arith_seq/extract'
make[2]: Entering directory '/cheruby-purecap/src/output/rootfs-riscv64-purecap/research/ruby-3.4.1/build/ext/-test-/array/concat'
compiling ../../../../../ext/-test-/array/concat/to_ary_concat.c
linking shared-object -test-/array/to_ary_concat.so
make[2]: Leaving directory '/cheruby-purecap/src/output/rootfs-riscv64-purecap/research/ruby-3.4.1/build/ext/-test-/array/concat'
make[2]: Entering directory '/cheruby-purecap/src/output/rootfs-riscv64-purecap/research/ruby-3.4.1/build/ext/-test-/array/resize'
compiling ../../../../../ext/-test-/array/resize/resize.c
linking shared-object -test-/array/resize.so
make[2]: Leaving directory '/cheruby-purecap/src/output/rootfs-riscv64-purecap/research/ruby-3.4.1/build/ext/-test-/array/resize'
make[2]: Entering directory '/cheruby-purecap/src/output/rootfs-riscv64-purecap/research/ruby-3.4.1/build/ext/-test-/asan'
compiling ../../../../ext/-test-/asan/asan.c
linking shared-object -test-/asan.so
make[2]: Leaving directory '/cheruby-purecap/src/output/rootfs-riscv64-purecap/research/ruby-3.4.1/build/ext/-test-/asan'
make[2]: Entering directory '/cheruby-purecap/src/output/rootfs-riscv64-purecap/research/ruby-3.4.1/build/ext/-test-/bignum'
compiling ../../../../ext/-test-/bignum/big2str.c
compiling ../../../../ext/-test-/bignum/bigzero.c
compiling ../../../../ext/-test-/bignum/div.c
compiling ../../../../ext/-test-/bignum/init.c
compiling ../../../../ext/-test-/bignum/intpack.c
compiling ../../../../ext/-test-/bignum/mul.c
compiling ../../../../ext/-test-/bignum/str2big.c
linking shared-object -test-/bignum.so
make[2]: Leaving directory '/cheruby-purecap/src/output/rootfs-riscv64-purecap/research/ruby-3.4.1/build/ext/-test-/bignum'
make[2]: Entering directory '/cheruby-purecap/src/output/rootfs-riscv64-purecap/research/ruby-3.4.1/build/ext/-test-/bug-14834'
compiling ../../../../ext/-test-/bug-14834/bug-14834.c
linking shared-object -test-/bug_14834.so
make[2]: Leaving directory '/cheruby-purecap/src/output/rootfs-riscv64-purecap/research/ruby-3.4.1/build/ext/-test-/bug-14834'
make[2]: Entering directory '/cheruby-purecap/src/output/rootfs-riscv64-purecap/research/ruby-3.4.1/build/ext/-test-/bug-3571'
compiling ../../../../ext/-test-/bug-3571/bug.c
linking shared-object -test-/bug_3571.so
make[2]: Leaving directory '/cheruby-purecap/src/output/rootfs-riscv64-purecap/research/ruby-3.4.1/build/ext/-test-/bug-3571'
make[2]: Entering directory '/cheruby-purecap/src/output/rootfs-riscv64-purecap/research/ruby-3.4.1/build/ext/-test-/bug-5832'
compiling ../../../../ext/-test-/bug-5832/bug.c
linking shared-object -test-/bug_5832.so
make[2]: Leaving directory '/cheruby-purecap/src/output/rootfs-riscv64-purecap/research/ruby-3.4.1/build/ext/-test-/bug-5832'
make[2]: Entering directory '/cheruby-purecap/src/output/rootfs-riscv64-purecap/research/ruby-3.4.1/build/ext/-test-/bug_reporter'
compiling ../../../../ext/-test-/bug_reporter/bug_reporter.c
linking shared-object -test-/bug_reporter.so
make[2]: Leaving directory '/cheruby-purecap/src/output/rootfs-riscv64-purecap/research/ruby-3.4.1/build/ext/-test-/bug_reporter'
make[2]: Entering directory '/cheruby-purecap/src/output/rootfs-riscv64-purecap/research/ruby-3.4.1/build/ext/-test-/class'
compiling ../../../../ext/-test-/class/class2name.c
compiling ../../../../ext/-test-/class/init.c
linking shared-object -test-/class.so
make[2]: Leaving directory '/cheruby-purecap/src/output/rootfs-riscv64-purecap/research/ruby-3.4.1/build/ext/-test-/class'
make[2]: Entering directory '/cheruby-purecap/src/output/rootfs-riscv64-purecap/research/ruby-3.4.1/build/ext/-test-/cxxanyargs'
compiling ../../../../ext/-test-/cxxanyargs/cxxanyargs.cpp
linking shared-object -test-/cxxanyargs.so
make[2]: Leaving directory '/cheruby-purecap/src/output/rootfs-riscv64-purecap/research/ruby-3.4.1/build/ext/-test-/cxxanyargs'
make[2]: Entering directory '/cheruby-purecap/src/output/rootfs-riscv64-purecap/research/ruby-3.4.1/build/ext/-test-/debug'
compiling ../../../../ext/-test-/debug/init.c
compiling ../../../../ext/-test-/debug/inspector.c
compiling ../../../../ext/-test-/debug/profile_frames.c
linking shared-object -test-/debug.so
make[2]: Leaving directory '/cheruby-purecap/src/output/rootfs-riscv64-purecap/research/ruby-3.4.1/build/ext/-test-/debug'
make[2]: Entering directory '/cheruby-purecap/src/output/rootfs-riscv64-purecap/research/ruby-3.4.1/build/ext/-test-/dln/empty'
compiling ../../../../../ext/-test-/dln/empty/empty.c
linking shared-object -test-/dln/empty.so
make[2]: Leaving directory '/cheruby-purecap/src/output/rootfs-riscv64-purecap/research/ruby-3.4.1/build/ext/-test-/dln/empty'
make[2]: Entering directory '/cheruby-purecap/src/output/rootfs-riscv64-purecap/research/ruby-3.4.1/build/ext/-test-/econv'
compiling ../../../../ext/-test-/econv/append.c
compiling ../../../../ext/-test-/econv/init.c
linking shared-object -test-/econv.so
make[2]: Leaving directory '/cheruby-purecap/src/output/rootfs-riscv64-purecap/research/ruby-3.4.1/build/ext/-test-/econv'
make[2]: Entering directory '/cheruby-purecap/src/output/rootfs-riscv64-purecap/research/ruby-3.4.1/build/ext/-test-/ensure_and_callcc'
compiling ../../../../ext/-test-/ensure_and_callcc/ensure_and_callcc.c
linking shared-object -test-/ensure_and_callcc.so
make[2]: Leaving directory '/cheruby-purecap/src/output/rootfs-riscv64-purecap/research/ruby-3.4.1/build/ext/-test-/ensure_and_callcc'
make[2]: Entering directory '/cheruby-purecap/src/output/rootfs-riscv64-purecap/research/ruby-3.4.1/build/ext/-test-/enumerator_kw'
compiling ../../../../ext/-test-/enumerator_kw/enumerator_kw.c
linking shared-object -test-/enumerator_kw.so
make[2]: Leaving directory '/cheruby-purecap/src/output/rootfs-riscv64-purecap/research/ruby-3.4.1/build/ext/-test-/enumerator_kw'
make[2]: Entering directory '/cheruby-purecap/src/output/rootfs-riscv64-purecap/research/ruby-3.4.1/build/ext/-test-/eval'
compiling ../../../../ext/-test-/eval/eval.c
linking shared-object -test-/eval.so
make[2]: Leaving directory '/cheruby-purecap/src/output/rootfs-riscv64-purecap/research/ruby-3.4.1/build/ext/-test-/eval'
make[2]: Entering directory '/cheruby-purecap/src/output/rootfs-riscv64-purecap/research/ruby-3.4.1/build/ext/-test-/exception'
compiling ../../../../ext/-test-/exception/dataerror.c
compiling ../../../../ext/-test-/exception/enc_raise.c
compiling ../../../../ext/-test-/exception/ensured.c
compiling ../../../../ext/-test-/exception/init.c
linking shared-object -test-/exception.so
make[2]: Leaving directory '/cheruby-purecap/src/output/rootfs-riscv64-purecap/research/ruby-3.4.1/build/ext/-test-/exception'
make[2]: Entering directory '/cheruby-purecap/src/output/rootfs-riscv64-purecap/research/ruby-3.4.1/build/ext/-test-/fatal'
compiling ../../../../ext/-test-/fatal/init.c
compiling ../../../../ext/-test-/fatal/invalid.c
../../../../ext/-test-/fatal/invalid.c:14:14: warning: cast from provenance-free integer type to pointer type will give pointer that can not be dereferenced [-Wcheri-capability-misuse]
    return (*(func_type)NUM2PTR(address))(obj);
             ^
../../../../ext/-test-/fatal/invalid.c:20:13: warning: cast from provenance-free integer type to pointer type will give pointer that can not be dereferenced [-Wcheri-capability-misuse]
    return *(VALUE *)NUM2PTR(address) == obj ? Qtrue : Qfalse;
            ^
2 warnings generated.
compiling ../../../../ext/-test-/fatal/rb_fatal.c
linking shared-object -test-/fatal.so
make[2]: Leaving directory '/cheruby-purecap/src/output/rootfs-riscv64-purecap/research/ruby-3.4.1/build/ext/-test-/fatal'
make[2]: Entering directory '/cheruby-purecap/src/output/rootfs-riscv64-purecap/research/ruby-3.4.1/build/ext/-test-/file'
compiling ../../../../ext/-test-/file/fs.c
compiling ../../../../ext/-test-/file/init.c
compiling ../../../../ext/-test-/file/newline_conv.c
compiling ../../../../ext/-test-/file/stat.c
linking shared-object -test-/file.so
make[2]: Leaving directory '/cheruby-purecap/src/output/rootfs-riscv64-purecap/research/ruby-3.4.1/build/ext/-test-/file'
make[2]: Entering directory '/cheruby-purecap/src/output/rootfs-riscv64-purecap/research/ruby-3.4.1/build/ext/-test-/float'
compiling ../../../../ext/-test-/float/init.c
compiling ../../../../ext/-test-/float/nextafter.c
linking shared-object -test-/float.so
make[2]: Leaving directory '/cheruby-purecap/src/output/rootfs-riscv64-purecap/research/ruby-3.4.1/build/ext/-test-/float'
make[2]: Entering directory '/cheruby-purecap/src/output/rootfs-riscv64-purecap/research/ruby-3.4.1/build/ext/-test-/funcall'
compiling ../../../../ext/-test-/funcall/funcall.c
linking shared-object -test-/funcall.so
make[2]: Leaving directory '/cheruby-purecap/src/output/rootfs-riscv64-purecap/research/ruby-3.4.1/build/ext/-test-/funcall'
make[2]: Entering directory '/cheruby-purecap/src/output/rootfs-riscv64-purecap/research/ruby-3.4.1/build/ext/-test-/gvl/call_without_gvl'
compiling ../../../../../ext/-test-/gvl/call_without_gvl/call_without_gvl.c
linking shared-object -test-/gvl/call_without_gvl.so
make[2]: Leaving directory '/cheruby-purecap/src/output/rootfs-riscv64-purecap/research/ruby-3.4.1/build/ext/-test-/gvl/call_without_gvl'
make[2]: Entering directory '/cheruby-purecap/src/output/rootfs-riscv64-purecap/research/ruby-3.4.1/build/ext/-test-/hash'
compiling ../../../../ext/-test-/hash/delete.c
compiling ../../../../ext/-test-/hash/init.c
linking shared-object -test-/hash.so
make[2]: Leaving directory '/cheruby-purecap/src/output/rootfs-riscv64-purecap/research/ruby-3.4.1/build/ext/-test-/hash'
make[2]: Entering directory '/cheruby-purecap/src/output/rootfs-riscv64-purecap/research/ruby-3.4.1/build/ext/-test-/integer'
compiling ../../../../ext/-test-/integer/core_ext.c
compiling ../../../../ext/-test-/integer/init.c
compiling ../../../../ext/-test-/integer/my_integer.c
linking shared-object -test-/integer.so
make[2]: Leaving directory '/cheruby-purecap/src/output/rootfs-riscv64-purecap/research/ruby-3.4.1/build/ext/-test-/integer'
make[2]: Entering directory '/cheruby-purecap/src/output/rootfs-riscv64-purecap/research/ruby-3.4.1/build/ext/-test-/iseq_load'
compiling ../../../../ext/-test-/iseq_load/iseq_load.c
linking shared-object -test-/iseq_load.so
make[2]: Leaving directory '/cheruby-purecap/src/output/rootfs-riscv64-purecap/research/ruby-3.4.1/build/ext/-test-/iseq_load'
make[2]: Entering directory '/cheruby-purecap/src/output/rootfs-riscv64-purecap/research/ruby-3.4.1/build/ext/-test-/iter'
compiling ../../../../ext/-test-/iter/break.c
compiling ../../../../ext/-test-/iter/init.c
compiling ../../../../ext/-test-/iter/yield.c
linking shared-object -test-/iter.so
make[2]: Leaving directory '/cheruby-purecap/src/output/rootfs-riscv64-purecap/research/ruby-3.4.1/build/ext/-test-/iter'
make[2]: Entering directory '/cheruby-purecap/src/output/rootfs-riscv64-purecap/research/ruby-3.4.1/build/ext/-test-/load/dot.dot'
compiling ../../../../../ext/-test-/load/dot.dot/dot.dot.c
linking shared-object -test-/load/dot.dot.so
make[2]: Leaving directory '/cheruby-purecap/src/output/rootfs-riscv64-purecap/research/ruby-3.4.1/build/ext/-test-/load/dot.dot'
make[2]: Entering directory '/cheruby-purecap/src/output/rootfs-riscv64-purecap/research/ruby-3.4.1/build/ext/-test-/load/protect'
compiling ../../../../../ext/-test-/load/protect/protect.c
linking shared-object -test-/load/protect.so
make[2]: Leaving directory '/cheruby-purecap/src/output/rootfs-riscv64-purecap/research/ruby-3.4.1/build/ext/-test-/load/protect'
make[2]: Entering directory '/cheruby-purecap/src/output/rootfs-riscv64-purecap/research/ruby-3.4.1/build/ext/-test-/load/resolve_symbol_resolver'
compiling ../../../../../ext/-test-/load/resolve_symbol_resolver/resolve_symbol_resolver.c
linking shared-object -test-/load/resolve_symbol_resolver.so
make[2]: Leaving directory '/cheruby-purecap/src/output/rootfs-riscv64-purecap/research/ruby-3.4.1/build/ext/-test-/load/resolve_symbol_resolver'
make[2]: Entering directory '/cheruby-purecap/src/output/rootfs-riscv64-purecap/research/ruby-3.4.1/build/ext/-test-/load/resolve_symbol_target'
compiling ../../../../../ext/-test-/load/resolve_symbol_target/resolve_symbol_target.c
linking shared-object -test-/load/resolve_symbol_target.so
make[2]: Leaving directory '/cheruby-purecap/src/output/rootfs-riscv64-purecap/research/ruby-3.4.1/build/ext/-test-/load/resolve_symbol_target'
make[2]: Entering directory '/cheruby-purecap/src/output/rootfs-riscv64-purecap/research/ruby-3.4.1/build/ext/-test-/load/stringify_symbols'
compiling ../../../../../ext/-test-/load/stringify_symbols/stringify_symbols.c
linking shared-object -test-/load/stringify_symbols.so
make[2]: Leaving directory '/cheruby-purecap/src/output/rootfs-riscv64-purecap/research/ruby-3.4.1/build/ext/-test-/load/stringify_symbols'
make[2]: Entering directory '/cheruby-purecap/src/output/rootfs-riscv64-purecap/research/ruby-3.4.1/build/ext/-test-/load/stringify_target'
compiling ../../../../../ext/-test-/load/stringify_target/stringify_target.c
linking shared-object -test-/load/stringify_target.so
make[2]: Leaving directory '/cheruby-purecap/src/output/rootfs-riscv64-purecap/research/ruby-3.4.1/build/ext/-test-/load/stringify_target'
make[2]: Entering directory '/cheruby-purecap/src/output/rootfs-riscv64-purecap/research/ruby-3.4.1/build/ext/-test-/marshal/compat'
compiling ../../../../../ext/-test-/marshal/compat/usrcompat.c
linking shared-object -test-/marshal/compat.so
make[2]: Leaving directory '/cheruby-purecap/src/output/rootfs-riscv64-purecap/research/ruby-3.4.1/build/ext/-test-/marshal/compat'
make[2]: Entering directory '/cheruby-purecap/src/output/rootfs-riscv64-purecap/research/ruby-3.4.1/build/ext/-test-/marshal/internal_ivar'
compiling ../../../../../ext/-test-/marshal/internal_ivar/internal_ivar.c
linking shared-object -test-/marshal/internal_ivar.so
make[2]: Leaving directory '/cheruby-purecap/src/output/rootfs-riscv64-purecap/research/ruby-3.4.1/build/ext/-test-/marshal/internal_ivar'
make[2]: Entering directory '/cheruby-purecap/src/output/rootfs-riscv64-purecap/research/ruby-3.4.1/build/ext/-test-/marshal/usr'
compiling ../../../../../ext/-test-/marshal/usr/usrmarshal.c
linking shared-object -test-/marshal/usr.so
make[2]: Leaving directory '/cheruby-purecap/src/output/rootfs-riscv64-purecap/research/ruby-3.4.1/build/ext/-test-/marshal/usr'
make[2]: Entering directory '/cheruby-purecap/src/output/rootfs-riscv64-purecap/research/ruby-3.4.1/build/ext/-test-/memory_view'
compiling ../../../../ext/-test-/memory_view/memory_view.c
linking shared-object -test-/memory_view.so
make[2]: Leaving directory '/cheruby-purecap/src/output/rootfs-riscv64-purecap/research/ruby-3.4.1/build/ext/-test-/memory_view'
make[2]: Entering directory '/cheruby-purecap/src/output/rootfs-riscv64-purecap/research/ruby-3.4.1/build/ext/-test-/method'
compiling ../../../../ext/-test-/method/arity.c
compiling ../../../../ext/-test-/method/init.c
linking shared-object -test-/method.so
make[2]: Leaving directory '/cheruby-purecap/src/output/rootfs-riscv64-purecap/research/ruby-3.4.1/build/ext/-test-/method'
make[2]: Entering directory '/cheruby-purecap/src/output/rootfs-riscv64-purecap/research/ruby-3.4.1/build/ext/-test-/notimplement'
compiling ../../../../ext/-test-/notimplement/bug.c
linking shared-object -test-/notimplement.so
make[2]: Leaving directory '/cheruby-purecap/src/output/rootfs-riscv64-purecap/research/ruby-3.4.1/build/ext/-test-/notimplement'
make[2]: Entering directory '/cheruby-purecap/src/output/rootfs-riscv64-purecap/research/ruby-3.4.1/build/ext/-test-/num2int'
compiling ../../../../ext/-test-/num2int/num2int.c
linking shared-object -test-/num2int.so
make[2]: Leaving directory '/cheruby-purecap/src/output/rootfs-riscv64-purecap/research/ruby-3.4.1/build/ext/-test-/num2int'
make[2]: Entering directory '/cheruby-purecap/src/output/rootfs-riscv64-purecap/research/ruby-3.4.1/build/ext/-test-/path_to_class'
compiling ../../../../ext/-test-/path_to_class/path_to_class.c
linking shared-object -test-/path_to_class.so
make[2]: Leaving directory '/cheruby-purecap/src/output/rootfs-riscv64-purecap/research/ruby-3.4.1/build/ext/-test-/path_to_class'
make[2]: Entering directory '/cheruby-purecap/src/output/rootfs-riscv64-purecap/research/ruby-3.4.1/build/ext/-test-/postponed_job'
compiling ../../../../ext/-test-/postponed_job/postponed_job.c
linking shared-object -test-/postponed_job.so
make[2]: Leaving directory '/cheruby-purecap/src/output/rootfs-riscv64-purecap/research/ruby-3.4.1/build/ext/-test-/postponed_job'
make[2]: Entering directory '/cheruby-purecap/src/output/rootfs-riscv64-purecap/research/ruby-3.4.1/build/ext/-test-/printf'
compiling ../../../../ext/-test-/printf/printf.c
../../../../ext/-test-/printf/printf.c:7:68: warning: format specifies type 'long' but the argument has type 'VALUE' (aka 'unsigned __intcap') [-Wformat]
    return rb_enc_sprintf(rb_usascii_encoding(), "<%"PRIsVALUE">", obj);
                                                   ~~~~~~~~~~~     ^~~
../../../../ext/-test-/printf/printf.c:13:69: warning: format specifies type 'long' but the argument has type 'VALUE' (aka 'unsigned __intcap') [-Wformat]
    return rb_enc_sprintf(rb_usascii_encoding(), "{%+"PRIsVALUE"}", obj);
                                                   ~~~~~~~~~~~~     ^~~
../../../../ext/-test-/printf/printf.c:19:69: warning: format specifies type 'long' but the argument has type 'VALUE' (aka 'unsigned __intcap') [-Wformat]
    return rb_enc_sprintf(rb_usascii_encoding(), "[% "PRIsVALUE"]", obj);
                                                   ~~~~~~~~~~~~     ^~~
3 warnings generated.
linking shared-object -test-/printf.so
make[2]: Leaving directory '/cheruby-purecap/src/output/rootfs-riscv64-purecap/research/ruby-3.4.1/build/ext/-test-/printf'
make[2]: Entering directory '/cheruby-purecap/src/output/rootfs-riscv64-purecap/research/ruby-3.4.1/build/ext/-test-/proc'
compiling ../../../../ext/-test-/proc/init.c
compiling ../../../../ext/-test-/proc/receiver.c
compiling ../../../../ext/-test-/proc/super.c
linking shared-object -test-/proc.so
make[2]: Leaving directory '/cheruby-purecap/src/output/rootfs-riscv64-purecap/research/ruby-3.4.1/build/ext/-test-/proc'
make[2]: Entering directory '/cheruby-purecap/src/output/rootfs-riscv64-purecap/research/ruby-3.4.1/build/ext/-test-/random'
compiling ../../../../ext/-test-/random/bad_version.c
compiling ../../../../ext/-test-/random/init.c
compiling ../../../../ext/-test-/random/loop.c
linking shared-object -test-/random.so
make[2]: Leaving directory '/cheruby-purecap/src/output/rootfs-riscv64-purecap/research/ruby-3.4.1/build/ext/-test-/random'
make[2]: Entering directory '/cheruby-purecap/src/output/rootfs-riscv64-purecap/research/ruby-3.4.1/build/ext/-test-/rational'
compiling ../../../../ext/-test-/rational/rat.c
linking shared-object -test-/rational.so
make[2]: Leaving directory '/cheruby-purecap/src/output/rootfs-riscv64-purecap/research/ruby-3.4.1/build/ext/-test-/rational'
make[2]: Entering directory '/cheruby-purecap/src/output/rootfs-riscv64-purecap/research/ruby-3.4.1/build/ext/-test-/rb_call_super_kw'
compiling ../../../../ext/-test-/rb_call_super_kw/rb_call_super_kw.c
linking shared-object -test-/rb_call_super_kw.so
make[2]: Leaving directory '/cheruby-purecap/src/output/rootfs-riscv64-purecap/research/ruby-3.4.1/build/ext/-test-/rb_call_super_kw'
make[2]: Entering directory '/cheruby-purecap/src/output/rootfs-riscv64-purecap/research/ruby-3.4.1/build/ext/-test-/recursion'
compiling ../../../../ext/-test-/recursion/recursion.c
linking shared-object -test-/recursion.so
make[2]: Leaving directory '/cheruby-purecap/src/output/rootfs-riscv64-purecap/research/ruby-3.4.1/build/ext/-test-/recursion'
make[2]: Entering directory '/cheruby-purecap/src/output/rootfs-riscv64-purecap/research/ruby-3.4.1/build/ext/-test-/regexp'
compiling ../../../../ext/-test-/regexp/init.c
compiling ../../../../ext/-test-/regexp/parse_depth_limit.c
linking shared-object -test-/regexp.so
make[2]: Leaving directory '/cheruby-purecap/src/output/rootfs-riscv64-purecap/research/ruby-3.4.1/build/ext/-test-/regexp'
make[2]: Entering directory '/cheruby-purecap/src/output/rootfs-riscv64-purecap/research/ruby-3.4.1/build/ext/-test-/scan_args'
compiling ../../../../ext/-test-/scan_args/scan_args.c
linking shared-object -test-/scan_args.so
make[2]: Leaving directory '/cheruby-purecap/src/output/rootfs-riscv64-purecap/research/ruby-3.4.1/build/ext/-test-/scan_args'
make[2]: Entering directory '/cheruby-purecap/src/output/rootfs-riscv64-purecap/research/ruby-3.4.1/build/ext/-test-/st/foreach'
compiling ../../../../../ext/-test-/st/foreach/foreach.c
../../../../../ext/-test-/st/foreach/foreach.c:27:72: warning: format specifies type 'unsigned long' but the argument has type 'VALUE' (aka 'unsigned __intcap') [-Wformat]
        rb_bug("unexpected key: %"PRIuVALUE" (expected %"PRIuVALUE")", (VALUE)key, (VALUE)c->nr);
                                ~~~~~~~~~~~                            ^~~~~~~~~~
../../../../../ext/-test-/st/foreach/foreach.c:27:84: warning: format specifies type 'unsigned long' but the argument has type 'VALUE' (aka 'unsigned __intcap') [-Wformat]
        rb_bug("unexpected key: %"PRIuVALUE" (expected %"PRIuVALUE")", (VALUE)key, (VALUE)c->nr);
                                                       ~~~~~~~~~~~                 ^~~~~~~~~~~~
../../../../../ext/-test-/st/foreach/foreach.c:30:72: warning: format specifies type 'unsigned long' but the argument has type 'VALUE' (aka 'unsigned __intcap') [-Wformat]
        rb_bug("unexpected val: %"PRIuVALUE" (expected %"PRIuVALUE")", (VALUE)val, (VALUE)c->nr);
                                ~~~~~~~~~~~                            ^~~~~~~~~~
../../../../../ext/-test-/st/foreach/foreach.c:30:84: warning: format specifies type 'unsigned long' but the argument has type 'VALUE' (aka 'unsigned __intcap') [-Wformat]
        rb_bug("unexpected val: %"PRIuVALUE" (expected %"PRIuVALUE")", (VALUE)val, (VALUE)c->nr);
                                                       ~~~~~~~~~~~                 ^~~~~~~~~~~~
../../../../../ext/-test-/st/foreach/foreach.c:66:79: warning: format specifies type 'unsigned long' but the argument has type 'VALUE' (aka 'unsigned __intcap') [-Wformat]
                rb_bug("unexpected value deleted: %"PRIuVALUE" (expected 0)", (VALUE)v);
                                                  ~~~~~~~~~~~                 ^~~~~~~~
../../../../../ext/-test-/st/foreach/foreach.c:72:59: warning: format specifies type 'long' but the argument has type 'VALUE' (aka 'unsigned __intcap') [-Wformat]
    rb_raise(rb_eArgError, "unexpected arg: %+"PRIsVALUE, c->test);
                                            ~~~~~~~~~~~~  ^~~~~~~
../../../../../ext/-test-/st/foreach/foreach.c:93:71: warning: format specifies type 'unsigned long' but the argument has type 'VALUE' (aka 'unsigned __intcap') [-Wformat]
            rb_bug("mismatched iteration: %"PRIuVALUE" (expected 1)", (VALUE)c.nr);
                                          ~~~~~~~~~~~                 ^~~~~~~~~~~
../../../../../ext/-test-/st/foreach/foreach.c:98:17: warning: format specifies type 'unsigned long' but the argument has type 'VALUE' (aka 'unsigned __intcap') [-Wformat]
                (VALUE)c.nr, (VALUE)expect_size);
                ^~~~~~~~~~~
../../../../../ext/-test-/st/foreach/foreach.c:98:30: warning: format specifies type 'unsigned long' but the argument has type 'VALUE' (aka 'unsigned __intcap') [-Wformat]
                (VALUE)c.nr, (VALUE)expect_size);
                             ^~~~~~~~~~~~~~~~~~
../../../../../ext/-test-/st/foreach/foreach.c:126:79: warning: format specifies type 'unsigned long' but the argument has type 'VALUE' (aka 'unsigned __intcap') [-Wformat]
                rb_bug("unexpected value deleted: %"PRIuVALUE" (expected 0)", (VALUE)v);
                                                  ~~~~~~~~~~~                 ^~~~~~~~
../../../../../ext/-test-/st/foreach/foreach.c:133:59: warning: format specifies type 'long' but the argument has type 'VALUE' (aka 'unsigned __intcap') [-Wformat]
    rb_raise(rb_eArgError, "unexpected arg: %+"PRIsVALUE, c->test);
                                            ~~~~~~~~~~~~  ^~~~~~~
../../../../../ext/-test-/st/foreach/foreach.c:154:71: warning: format specifies type 'unsigned long' but the argument has type 'VALUE' (aka 'unsigned __intcap') [-Wformat]
            rb_bug("mismatched iteration: %"PRIuVALUE" (expected 1)", (VALUE)c.nr);
                                          ~~~~~~~~~~~                 ^~~~~~~~~~~
../../../../../ext/-test-/st/foreach/foreach.c:159:17: warning: format specifies type 'unsigned long' but the argument has type 'VALUE' (aka 'unsigned __intcap') [-Wformat]
                (VALUE)c.nr, (VALUE)expect_size);
                ^~~~~~~~~~~
../../../../../ext/-test-/st/foreach/foreach.c:159:30: warning: format specifies type 'unsigned long' but the argument has type 'VALUE' (aka 'unsigned __intcap') [-Wformat]
                (VALUE)c.nr, (VALUE)expect_size);
                             ^~~~~~~~~~~~~~~~~~
14 warnings generated.
linking shared-object -test-/st/foreach.so
make[2]: Leaving directory '/cheruby-purecap/src/output/rootfs-riscv64-purecap/research/ruby-3.4.1/build/ext/-test-/st/foreach'
make[2]: Entering directory '/cheruby-purecap/src/output/rootfs-riscv64-purecap/research/ruby-3.4.1/build/ext/-test-/st/numhash'
compiling ../../../../../ext/-test-/st/numhash/numhash.c
linking shared-object -test-/st/numhash.so
make[2]: Leaving directory '/cheruby-purecap/src/output/rootfs-riscv64-purecap/research/ruby-3.4.1/build/ext/-test-/st/numhash'
make[2]: Entering directory '/cheruby-purecap/src/output/rootfs-riscv64-purecap/research/ruby-3.4.1/build/ext/-test-/st/update'
compiling ../../../../../ext/-test-/st/update/update.c
linking shared-object -test-/st/update.so
make[2]: Leaving directory '/cheruby-purecap/src/output/rootfs-riscv64-purecap/research/ruby-3.4.1/build/ext/-test-/st/update'
make[2]: Entering directory '/cheruby-purecap/src/output/rootfs-riscv64-purecap/research/ruby-3.4.1/build/ext/-test-/string'
compiling ../../../../ext/-test-/string/capacity.c
compiling ../../../../ext/-test-/string/coderange.c
compiling ../../../../ext/-test-/string/cstr.c
compiling ../../../../ext/-test-/string/ellipsize.c
compiling ../../../../ext/-test-/string/enc_associate.c
compiling ../../../../ext/-test-/string/enc_dummy.c
compiling ../../../../ext/-test-/string/enc_str_buf_cat.c
compiling ../../../../ext/-test-/string/fstring.c
compiling ../../../../ext/-test-/string/init.c
compiling ../../../../ext/-test-/string/modify.c
compiling ../../../../ext/-test-/string/new.c
compiling ../../../../ext/-test-/string/nofree.c
compiling ../../../../ext/-test-/string/normalize.c
compiling ../../../../ext/-test-/string/qsort.c
compiling ../../../../ext/-test-/string/rb_interned_str.c
compiling ../../../../ext/-test-/string/rb_str_dup.c
compiling ../../../../ext/-test-/string/set_len.c
linking shared-object -test-/string.so
make[2]: Leaving directory '/cheruby-purecap/src/output/rootfs-riscv64-purecap/research/ruby-3.4.1/build/ext/-test-/string'
make[2]: Entering directory '/cheruby-purecap/src/output/rootfs-riscv64-purecap/research/ruby-3.4.1/build/ext/-test-/struct'
compiling ../../../../ext/-test-/struct/data.c
compiling ../../../../ext/-test-/struct/duplicate.c
compiling ../../../../ext/-test-/struct/init.c
compiling ../../../../ext/-test-/struct/len.c
compiling ../../../../ext/-test-/struct/member.c
../../../../ext/-test-/struct/member.c:9:74: warning: format specifies type 'long' but the argument has type 'VALUE' (aka 'unsigned __intcap') [-Wformat]
        rb_name_error_str(name, "'%"PRIsVALUE"' is not a struct member", name);
                                  ~~~~~~~~~~~                            ^~~~
1 warning generated.
linking shared-object -test-/struct.so
make[2]: Leaving directory '/cheruby-purecap/src/output/rootfs-riscv64-purecap/research/ruby-3.4.1/build/ext/-test-/struct'
make[2]: Entering directory '/cheruby-purecap/src/output/rootfs-riscv64-purecap/research/ruby-3.4.1/build/ext/-test-/symbol'
compiling ../../../../ext/-test-/symbol/init.c
compiling ../../../../ext/-test-/symbol/type.c
linking shared-object -test-/symbol.so
make[2]: Leaving directory '/cheruby-purecap/src/output/rootfs-riscv64-purecap/research/ruby-3.4.1/build/ext/-test-/symbol'
make[2]: Entering directory '/cheruby-purecap/src/output/rootfs-riscv64-purecap/research/ruby-3.4.1/build/ext/-test-/thread/instrumentation'
compiling ../../../../../ext/-test-/thread/instrumentation/instrumentation.c
../../../../../ext/-test-/thread/instrumentation/instrumentation.c:144:9: warning: cast from provenance-free integer type to pointer type will give pointer that can not be dereferenced [-Wcheri-capability-misuse]
        (void *)RTEST(strict)
        ^
1 warning generated.
linking shared-object -test-/thread/instrumentation.so
make[2]: Leaving directory '/cheruby-purecap/src/output/rootfs-riscv64-purecap/research/ruby-3.4.1/build/ext/-test-/thread/instrumentation'
make[2]: Entering directory '/cheruby-purecap/src/output/rootfs-riscv64-purecap/research/ruby-3.4.1/build/ext/-test-/thread/lock_native_thread'
compiling ../../../../../ext/-test-/thread/lock_native_thread/lock_native_thread.c
linking shared-object -test-/thread/lock_native_thread.so
make[2]: Leaving directory '/cheruby-purecap/src/output/rootfs-riscv64-purecap/research/ruby-3.4.1/build/ext/-test-/thread/lock_native_thread'
make[2]: Entering directory '/cheruby-purecap/src/output/rootfs-riscv64-purecap/research/ruby-3.4.1/build/ext/-test-/thread_fd'
compiling ../../../../ext/-test-/thread_fd/thread_fd.c
linking shared-object -test-/thread_fd.so
make[2]: Leaving directory '/cheruby-purecap/src/output/rootfs-riscv64-purecap/research/ruby-3.4.1/build/ext/-test-/thread_fd'
make[2]: Entering directory '/cheruby-purecap/src/output/rootfs-riscv64-purecap/research/ruby-3.4.1/build/ext/-test-/time'
compiling ../../../../ext/-test-/time/init.c
compiling ../../../../ext/-test-/time/leap_second.c
compiling ../../../../ext/-test-/time/new.c
linking shared-object -test-/time.so
make[2]: Leaving directory '/cheruby-purecap/src/output/rootfs-riscv64-purecap/research/ruby-3.4.1/build/ext/-test-/time'
make[2]: Entering directory '/cheruby-purecap/src/output/rootfs-riscv64-purecap/research/ruby-3.4.1/build/ext/-test-/tracepoint'
compiling ../../../../ext/-test-/tracepoint/gc_hook.c
compiling ../../../../ext/-test-/tracepoint/tracepoint.c
linking shared-object -test-/tracepoint.so
make[2]: Leaving directory '/cheruby-purecap/src/output/rootfs-riscv64-purecap/research/ruby-3.4.1/build/ext/-test-/tracepoint'
make[2]: Entering directory '/cheruby-purecap/src/output/rootfs-riscv64-purecap/research/ruby-3.4.1/build/ext/-test-/typeddata'
compiling ../../../../ext/-test-/typeddata/typeddata.c
linking shared-object -test-/typeddata.so
make[2]: Leaving directory '/cheruby-purecap/src/output/rootfs-riscv64-purecap/research/ruby-3.4.1/build/ext/-test-/typeddata'
make[2]: Entering directory '/cheruby-purecap/src/output/rootfs-riscv64-purecap/research/ruby-3.4.1/build/ext/-test-/vm'
compiling ../../../../ext/-test-/vm/at_exit.c
linking shared-object -test-/vm/at_exit.so
make[2]: Leaving directory '/cheruby-purecap/src/output/rootfs-riscv64-purecap/research/ruby-3.4.1/build/ext/-test-/vm'
make[2]: Entering directory '/cheruby-purecap/src/output/rootfs-riscv64-purecap/research/ruby-3.4.1/build/ext/-test-/wait'
compiling ../../../../ext/-test-/wait/wait.c
linking shared-object -test-/wait.so
make[2]: Leaving directory '/cheruby-purecap/src/output/rootfs-riscv64-purecap/research/ruby-3.4.1/build/ext/-test-/wait'
make[2]: Entering directory '/cheruby-purecap/src/output/rootfs-riscv64-purecap/research/ruby-3.4.1/build/ext/cgi/escape'
compiling ../../../../ext/cgi/escape/escape.c
linking shared-object cgi/escape.so
make[2]: Leaving directory '/cheruby-purecap/src/output/rootfs-riscv64-purecap/research/ruby-3.4.1/build/ext/cgi/escape'
make[2]: Entering directory '/cheruby-purecap/src/output/rootfs-riscv64-purecap/research/ruby-3.4.1/build/ext/continuation'
compiling ../../../ext/continuation/continuation.c
linking shared-object continuation.so
make[2]: Leaving directory '/cheruby-purecap/src/output/rootfs-riscv64-purecap/research/ruby-3.4.1/build/ext/continuation'
make[2]: Entering directory '/cheruby-purecap/src/output/rootfs-riscv64-purecap/research/ruby-3.4.1/build/ext/coverage'
compiling ../../../ext/coverage/coverage.c
linking shared-object coverage.so
installing default coverage libraries
make[2]: Leaving directory '/cheruby-purecap/src/output/rootfs-riscv64-purecap/research/ruby-3.4.1/build/ext/coverage'
make[2]: Entering directory '/cheruby-purecap/src/output/rootfs-riscv64-purecap/research/ruby-3.4.1/build/ext/date'
compiling ../../../ext/date/date_core.c
../../../ext/date/date_core.c:7038:6: warning: format specifies type 'long' but the argument has type 'VALUE' (aka 'unsigned __intcap') [-Wformat]
                          klass, to_s,
                          ^~~~~
../../../ext/date/date_core.c:7038:13: warning: format specifies type 'long' but the argument has type 'VALUE' (aka 'unsigned __intcap') [-Wformat]
                          klass, to_s,
                                 ^~~~
../../../ext/date/date_core.c:7039:6: warning: format specifies type 'long' but the argument has type 'VALUE' (aka 'unsigned __intcap') [-Wformat]
                          m_real_jd(x), m_df(x), m_sf(x),
                          ^~~~~~~~~~~~
../../../ext/date/date_core.c:7039:29: warning: format specifies type 'long' but the argument has type 'VALUE' (aka 'unsigned __intcap') [-Wformat]
                          m_real_jd(x), m_df(x), m_sf(x),
                                                 ^~~~~~~
../../../ext/date/date_core.c:7443:18: warning: format specifies type 'long' but the argument has type 'VALUE' (aka 'unsigned __intcap') [-Wformat]
                 rb_obj_class(keys));
                 ^~~~~~~~~~~~~~~~~~
5 warnings generated.
compiling ../../../ext/date/date_parse.c
compiling ../../../ext/date/date_strftime.c
compiling ../../../ext/date/date_strptime.c
linking shared-object date_core.so
installing default date_core libraries
make[2]: Leaving directory '/cheruby-purecap/src/output/rootfs-riscv64-purecap/research/ruby-3.4.1/build/ext/date'
make[2]: Entering directory '/cheruby-purecap/src/output/rootfs-riscv64-purecap/research/ruby-3.4.1/build/ext/digest'
compiling ../../../ext/digest/digest.c
../../../ext/digest/digest.c:591:22: warning: format specifies type 'long' but the argument has type 'VALUE' (aka 'unsigned __intcap') [-Wformat]
                     klass);
                     ^~~~~
../../../ext/digest/digest.c:594:22: warning: format specifies type 'long' but the argument has type 'VALUE' (aka 'unsigned __intcap') [-Wformat]
                     klass, p);
                     ^~~~~
../../../ext/digest/digest.c:594:29: warning: format specifies type 'long' but the argument has type 'VALUE' (aka 'unsigned __intcap') [-Wformat]
                     klass, p);
                            ^
3 warnings generated.
linking shared-object digest.so
installing digest libraries
installing default digest libraries
make[2]: Leaving directory '/cheruby-purecap/src/output/rootfs-riscv64-purecap/research/ruby-3.4.1/build/ext/digest'
make[2]: Entering directory '/cheruby-purecap/src/output/rootfs-riscv64-purecap/research/ruby-3.4.1/build/ext/digest/bubblebabble'
compiling ../../../../ext/digest/bubblebabble/bubblebabble.c
linking shared-object digest/bubblebabble.so
make[2]: Leaving directory '/cheruby-purecap/src/output/rootfs-riscv64-purecap/research/ruby-3.4.1/build/ext/digest/bubblebabble'
make[2]: Entering directory '/cheruby-purecap/src/output/rootfs-riscv64-purecap/research/ruby-3.4.1/build/ext/digest/md5'
compiling ../../../../ext/digest/md5/md5init.c
compiling ../../../../ext/digest/md5/md5.c
linking shared-object digest/md5.so
make[2]: Leaving directory '/cheruby-purecap/src/output/rootfs-riscv64-purecap/research/ruby-3.4.1/build/ext/digest/md5'
make[2]: Entering directory '/cheruby-purecap/src/output/rootfs-riscv64-purecap/research/ruby-3.4.1/build/ext/digest/rmd160'
compiling ../../../../ext/digest/rmd160/rmd160init.c
compiling ../../../../ext/digest/rmd160/rmd160.c
linking shared-object digest/rmd160.so
make[2]: Leaving directory '/cheruby-purecap/src/output/rootfs-riscv64-purecap/research/ruby-3.4.1/build/ext/digest/rmd160'
make[2]: Entering directory '/cheruby-purecap/src/output/rootfs-riscv64-purecap/research/ruby-3.4.1/build/ext/digest/sha1'
compiling ../../../../ext/digest/sha1/sha1init.c
compiling ../../../../ext/digest/sha1/sha1.c
linking shared-object digest/sha1.so
make[2]: Leaving directory '/cheruby-purecap/src/output/rootfs-riscv64-purecap/research/ruby-3.4.1/build/ext/digest/sha1'
make[2]: Entering directory '/cheruby-purecap/src/output/rootfs-riscv64-purecap/research/ruby-3.4.1/build/ext/digest/sha2'
compiling ../../../../ext/digest/sha2/sha2init.c
compiling ../../../../ext/digest/sha2/sha2.c
linking shared-object digest/sha2.so
installing default sha2 libraries
make[2]: Leaving directory '/cheruby-purecap/src/output/rootfs-riscv64-purecap/research/ruby-3.4.1/build/ext/digest/sha2'
make[2]: Entering directory '/cheruby-purecap/src/output/rootfs-riscv64-purecap/research/ruby-3.4.1/build/ext/erb/escape'
compiling ../../../../ext/erb/escape/escape.c
linking shared-object erb/escape.so
make[2]: Leaving directory '/cheruby-purecap/src/output/rootfs-riscv64-purecap/research/ruby-3.4.1/build/ext/erb/escape'
make[2]: Entering directory '/cheruby-purecap/src/output/rootfs-riscv64-purecap/research/ruby-3.4.1/build/ext/etc'
compiling ../../../ext/etc/etc.c
../../../ext/etc/etc.c:270:76: warning: format specifies type 'long' but the argument has type 'VALUE' (aka 'unsigned __intcap') [-Wformat]
    if (pwd == 0) rb_raise(rb_eArgError, "can't find user for %"PRIsVALUE, nam);
                                                              ~~~~~~~~~~~  ^~~
../../../ext/etc/etc.c:524:77: warning: format specifies type 'long' but the argument has type 'VALUE' (aka 'unsigned __intcap') [-Wformat]
    if (grp == 0) rb_raise(rb_eArgError, "can't find group for %"PRIsVALUE, nam);
                                                               ~~~~~~~~~~~  ^~~
2 warnings generated.
linking shared-object etc.so
make[2]: Leaving directory '/cheruby-purecap/src/output/rootfs-riscv64-purecap/research/ruby-3.4.1/build/ext/etc'
make[2]: Entering directory '/cheruby-purecap/src/output/rootfs-riscv64-purecap/research/ruby-3.4.1/build/ext/fcntl'
compiling ../../../ext/fcntl/fcntl.c
linking shared-object fcntl.so
make[2]: Leaving directory '/cheruby-purecap/src/output/rootfs-riscv64-purecap/research/ruby-3.4.1/build/ext/fcntl'
make[2]: Entering directory '/cheruby-purecap/src/output/rootfs-riscv64-purecap/research/ruby-3.4.1/build/ext/io/console'
compiling ../../../../ext/io/console/console.c
../../../../ext/io/console/console.c:240:8: warning: format specifies type 'long' but the argument has type 'VALUE' (aka 'unsigned __intcap') [-Wformat]
                     intr);
                     ^~~~
../../../../ext/io/console/console.c:1040:64: warning: format specifies type 'long' but the argument has type 'VALUE' (aka 'unsigned __intcap') [-Wformat]
        rb_raise(rb_eArgError, "wrong %s mode: %"PRIsVALUE, modename, val);
                                               ~~~~~~~~~~~            ^~~
2 warnings generated.
linking shared-object io/console.so
installing default console libraries
make[2]: Leaving directory '/cheruby-purecap/src/output/rootfs-riscv64-purecap/research/ruby-3.4.1/build/ext/io/console'
make[2]: Entering directory '/cheruby-purecap/src/output/rootfs-riscv64-purecap/research/ruby-3.4.1/build/ext/io/nonblock'
compiling ../../../../ext/io/nonblock/nonblock.c
linking shared-object io/nonblock.so
make[2]: Leaving directory '/cheruby-purecap/src/output/rootfs-riscv64-purecap/research/ruby-3.4.1/build/ext/io/nonblock'
make[2]: Entering directory '/cheruby-purecap/src/output/rootfs-riscv64-purecap/research/ruby-3.4.1/build/ext/io/wait'
compiling ../../../../ext/io/wait/wait.c
linking shared-object io/wait.so
make[2]: Leaving directory '/cheruby-purecap/src/output/rootfs-riscv64-purecap/research/ruby-3.4.1/build/ext/io/wait'
make[2]: Entering directory '/cheruby-purecap/src/output/rootfs-riscv64-purecap/research/ruby-3.4.1/build/ext/json'
installing default libraries
make[2]: Leaving directory '/cheruby-purecap/src/output/rootfs-riscv64-purecap/research/ruby-3.4.1/build/ext/json'
make[2]: Entering directory '/cheruby-purecap/src/output/rootfs-riscv64-purecap/research/ruby-3.4.1/build/ext/json/generator'
compiling ../../../../ext/json/generator/generator.c
../../../../ext/json/generator/generator.c:997:76: warning: format specifies type 'long' but the argument has type 'VALUE' (aka 'unsigned __intcap') [-Wformat]
            raise_generator_error(obj, "%"PRIsVALUE" not allowed in JSON", tmp);
                                        ~~~~~~~~~~~                        ^~~
../../../../ext/json/generator/generator.c:1045:84: warning: format specifies type 'long' but the argument has type 'VALUE' (aka 'unsigned __intcap') [-Wformat]
                    raise_generator_error(obj, "%"PRIsVALUE" not allowed in JSON", CLASS_OF(obj));
                                                ~~~~~~~~~~~                        ^~~~~~~~~~~~~
../../../../include/ruby/internal/globals.h:203:18: note: expanded from macro 'CLASS_OF'
#define CLASS_OF rb_class_of /**< @old{rb_class_of} */
                 ^
2 warnings generated.
linking shared-object json/ext/generator.so
make[2]: Leaving directory '/cheruby-purecap/src/output/rootfs-riscv64-purecap/research/ruby-3.4.1/build/ext/json/generator'
make[2]: Entering directory '/cheruby-purecap/src/output/rootfs-riscv64-purecap/research/ruby-3.4.1/build/ext/json/parser'
compiling ../../../../ext/json/parser/parser.c
linking shared-object json/ext/parser.so
make[2]: Leaving directory '/cheruby-purecap/src/output/rootfs-riscv64-purecap/research/ruby-3.4.1/build/ext/json/parser'
make[2]: Entering directory '/cheruby-purecap/src/output/rootfs-riscv64-purecap/research/ruby-3.4.1/build/ext/monitor'
compiling ../../../ext/monitor/monitor.c
linking shared-object monitor.so
installing default monitor libraries
make[2]: Leaving directory '/cheruby-purecap/src/output/rootfs-riscv64-purecap/research/ruby-3.4.1/build/ext/monitor'
make[2]: Entering directory '/cheruby-purecap/src/output/rootfs-riscv64-purecap/research/ruby-3.4.1/build/ext/objspace'
compiling ../../../ext/objspace/object_tracing.c
compiling ../../../ext/objspace/objspace.c
../../../ext/objspace/objspace.c:557:73: warning: format specifies type 'long' but the argument has type 'VALUE' (aka 'unsigned __intcap') [-Wformat]
    return rb_sprintf("#<InternalObject:%p %"PRIsVALUE">", (void *)obj, rb_sym2str(type));
                                           ~~~~~~~~~~~                  ^~~~~~~~~~~~~~~~
1 warning generated.
compiling ../../../ext/objspace/objspace_dump.c
In file included from ../../../ext/objspace/objspace_dump.c:31:
../../../vm_callinfo.h:140:50: warning: binary expression on capability types 'VALUE' (aka 'unsigned __intcap') and 'unsigned __intcap'; it is not clear which should be used as the source of provenance; currently provenance is inherited from the left-hand side [-Wcheri-provenance]
        return (((VALUE)ci) >> CI_EMBED_ID_SHFT) & CI_EMBED_ID_MASK;
               ~~~~~~~~~~~~~~~~~~~~~~~~~~~~~~~~~ ^ ~~~~~~~~~~~~~~~~
../../../vm_callinfo.h:151:67: warning: binary expression on capability types 'VALUE' (aka 'unsigned __intcap') and 'unsigned __intcap'; it is not clear which should be used as the source of provenance; currently provenance is inherited from the left-hand side [-Wcheri-provenance]
        return (unsigned int)((((VALUE)ci) >> CI_EMBED_FLAG_SHFT) & CI_EMBED_FLAG_MASK);
                              ~~~~~~~~~~~~~~~~~~~~~~~~~~~~~~~~~~~ ^ ~~~~~~~~~~~~~~~~~~
../../../vm_callinfo.h:162:67: warning: binary expression on capability types 'VALUE' (aka 'unsigned __intcap') and 'unsigned __intcap'; it is not clear which should be used as the source of provenance; currently provenance is inherited from the left-hand side [-Wcheri-provenance]
        return (unsigned int)((((VALUE)ci) >> CI_EMBED_ARGC_SHFT) & CI_EMBED_ARGC_MASK);
                              ~~~~~~~~~~~~~~~~~~~~~~~~~~~~~~~~~~~ ^ ~~~~~~~~~~~~~~~~~~
../../../vm_callinfo.h:216:25: warning: binary expression on capability types 'ID' (aka 'unsigned __intcap') and 'unsigned __intcap'; it is not clear which should be used as the source of provenance; currently provenance is inherited from the left-hand side [-Wcheri-provenance]
    if (USE_EMBED_CI && VM_CI_EMBEDDABLE_P(mid, flag, argc, kwarg)) {
                        ^~~~~~~~~~~~~~~~~~~~~~~~~~~~~~~~~~~~~~~~~~
../../../vm_callinfo.h:197:14: note: expanded from macro 'VM_CI_EMBEDDABLE_P'
    (((mid ) & ~CI_EMBED_ID_MASK)   ? false :      \
      ~~~~~~ ^ ~~~~~~~~~~~~~~~~~
4 warnings generated.
linking shared-object objspace.so
installing default objspace libraries
make[2]: Leaving directory '/cheruby-purecap/src/output/rootfs-riscv64-purecap/research/ruby-3.4.1/build/ext/objspace'
make[2]: Entering directory '/cheruby-purecap/src/output/rootfs-riscv64-purecap/research/ruby-3.4.1/build/ext/openssl'
compiling ../../../ext/openssl/openssl_missing.c
compiling ../../../ext/openssl/ossl.c
compiling ../../../ext/openssl/ossl_asn1.c
../../../ext/openssl/ossl_asn1.c:258:71: warning: format specifies type 'long' but the argument has type 'VALUE' (aka 'unsigned __intcap') [-Wformat]
    if(!a1obj) ossl_raise(eASN1Error, "invalid OBJECT ID %"PRIsVALUE, obj);
                                                         ~~~~~~~~~~~  ^~~
1 warning generated.
compiling ../../../ext/openssl/ossl_bio.c
compiling ../../../ext/openssl/ossl_bn.c
compiling ../../../ext/openssl/ossl_cipher.c
../../../ext/openssl/ossl_cipher.c:68:54: warning: format specifies type 'long' but the argument has type 'VALUE' (aka 'unsigned __intcap') [-Wformat]
                       "unsupported cipher algorithm: %"PRIsVALUE, obj);
                                                      ~~~~~~~~~~~  ^~~
../../../ext/openssl/ossl_cipher.c:125:78: warning: format specifies type 'long' but the argument has type 'VALUE' (aka 'unsigned __intcap') [-Wformat]
        ossl_raise(rb_eRuntimeError, "unsupported cipher algorithm (%"PRIsVALUE")", str);
                                                                    ~~~~~~~~~~~     ^~~
../../../ext/openssl/ossl_cipher.c:216:17: warning: format specifies type 'long' but the argument has type 'VALUE' (aka 'unsigned __intcap') [-Wformat]
                cname, cname, cname);
                ^~~~~
../../../ext/openssl/ossl_cipher.c:216:24: warning: format specifies type 'long' but the argument has type 'VALUE' (aka 'unsigned __intcap') [-Wformat]
                cname, cname, cname);
                       ^~~~~
../../../ext/openssl/ossl_cipher.c:216:31: warning: format specifies type 'long' but the argument has type 'VALUE' (aka 'unsigned __intcap') [-Wformat]
                cname, cname, cname);
                              ^~~~~
5 warnings generated.
compiling ../../../ext/openssl/ossl_config.c
compiling ../../../ext/openssl/ossl_digest.c
../../../ext/openssl/ossl_digest.c:60:90: warning: format specifies type 'long' but the argument has type 'VALUE' (aka 'unsigned __intcap') [-Wformat]
            ossl_raise(rb_eRuntimeError, "Unsupported digest algorithm (%"PRIsVALUE").", obj);
                                                                        ~~~~~~~~~~~      ^~~
1 warning generated.
compiling ../../../ext/openssl/ossl_engine.c
compiling ../../../ext/openssl/ossl_hmac.c
compiling ../../../ext/openssl/ossl_kdf.c
compiling ../../../ext/openssl/ossl_ns_spki.c
compiling ../../../ext/openssl/ossl_ocsp.c
../../../ext/openssl/ossl_ocsp.c:836:6: warning: format specifies type 'long' but the argument has type 'VALUE' (aka 'unsigned __intcap') [-Wformat]
            OSSL_Check_Kind(RARRAY_AREF(ext, i), cX509Ext);
            ^~~~~~~~~~~~~~~~~~~~~~~~~~~~~~~~~~~~~~~~~~~~~~
../../../ext/openssl/ossl.h:92:16: note: expanded from macro 'OSSL_Check_Kind'
               rb_obj_class(obj), (klass));\
               ^~~~~~~~~~~~~~~~~
../../../ext/openssl/ossl_ocsp.c:836:6: warning: format specifies type 'long' but the argument has type 'VALUE' (aka 'unsigned __intcap') [-Wformat]
            OSSL_Check_Kind(RARRAY_AREF(ext, i), cX509Ext);
            ^~~~~~~~~~~~~~~~~~~~~~~~~~~~~~~~~~~~~~~~~~~~~~
../../../ext/openssl/ossl.h:92:35: note: expanded from macro 'OSSL_Check_Kind'
               rb_obj_class(obj), (klass));\
                                  ^~~~~~~
2 warnings generated.
compiling ../../../ext/openssl/ossl_pkcs12.c
../../../ext/openssl/ossl_pkcs12.c:124:67: warning: format specifies type 'long' but the argument has type 'VALUE' (aka 'unsigned __intcap') [-Wformat]
            ossl_raise(rb_eArgError, "Unknown PBE algorithm %"PRIsVALUE, key_nid);
                                                            ~~~~~~~~~~~  ^~~~~~~
../../../ext/openssl/ossl_pkcs12.c:128:67: warning: format specifies type 'long' but the argument has type 'VALUE' (aka 'unsigned __intcap') [-Wformat]
            ossl_raise(rb_eArgError, "Unknown PBE algorithm %"PRIsVALUE, cert_nid);
                                                            ~~~~~~~~~~~  ^~~~~~~~
../../../ext/openssl/ossl_pkcs12.c:138:71: warning: format specifies type 'long' but the argument has type 'VALUE' (aka 'unsigned __intcap') [-Wformat]
        ossl_raise(rb_eArgError, "Unknown key usage type %"PRIsVALUE, INT2NUM(ktype));
                                                         ~~~~~~~~~~~  ^~~~~~~~~~~~~~
../../../include/ruby/internal/arithmetic/int.h:43:20: note: expanded from macro 'INT2NUM'
#define INT2NUM    RB_INT2NUM          /**< @old{RB_INT2NUM} */
                   ^
../../../include/ruby/internal/arithmetic/int.h:37:21: note: expanded from macro 'RB_INT2NUM'
#define RB_INT2NUM  rb_int2num_inline  /**< @alias{rb_int2num_inline} */
                    ^
3 warnings generated.
compiling ../../../ext/openssl/ossl_pkcs7.c
../../../ext/openssl/ossl_pkcs7.c:441:63: warning: format specifies type 'long' but the argument has type 'VALUE' (aka 'unsigned __intcap') [-Wformat]
            ossl_raise(ePKCS7Error, "unknown type \"%"PRIsVALUE"\"", sym);
                                                    ~~~~~~~~~~~      ^~~
1 warning generated.
compiling ../../../ext/openssl/ossl_pkey.c
../../../ext/openssl/ossl_pkey.c:257:20: warning: format specifies type 'long' but the argument has type 'VALUE' (aka 'unsigned __intcap') [-Wformat]
                   key, value);
                   ^~~
../../../ext/openssl/ossl_pkey.c:257:25: warning: format specifies type 'long' but the argument has type 'VALUE' (aka 'unsigned __intcap') [-Wformat]
                   key, value);
                        ^~~~~
../../../ext/openssl/ossl_pkey.c:658:68: warning: format specifies type 'long' but the argument has type 'VALUE' (aka 'unsigned __intcap') [-Wformat]
        ossl_raise(ePKeyError, "algorithm %"PRIsVALUE" not found", type);
                                          ~~~~~~~~~~~              ^~~~
../../../ext/openssl/ossl_pkey.c:691:68: warning: format specifies type 'long' but the argument has type 'VALUE' (aka 'unsigned __intcap') [-Wformat]
        ossl_raise(ePKeyError, "algorithm %"PRIsVALUE" not found", type);
                                          ~~~~~~~~~~~              ^~~~
../../../ext/openssl/ossl_pkey.c:736:23: warning: format specifies type 'long' but the argument has type 'VALUE' (aka 'unsigned __intcap') [-Wformat]
                      rb_class_name(CLASS_OF(self)), (void *)self,
                      ^~~~~~~~~~~~~~~~~~~~~~~~~~~~~
5 warnings generated.
compiling ../../../ext/openssl/ossl_pkey_dh.c
compiling ../../../ext/openssl/ossl_pkey_dsa.c
compiling ../../../ext/openssl/ossl_pkey_ec.c
../../../ext/openssl/ossl_pkey_ec.c:659:80: warning: format specifies type 'long' but the argument has type 'VALUE' (aka 'unsigned __intcap') [-Wformat]
                    ossl_raise(eEC_GROUP, "unknown curve name (%"PRIsVALUE")", arg1);
                                                               ~~~~~~~~~~~     ^~~~
../../../ext/openssl/ossl_pkey_ec.c:663:84: warning: format specifies type 'long' but the argument has type 'VALUE' (aka 'unsigned __intcap') [-Wformat]
                    ossl_raise(eEC_GROUP, "unable to create curve (%"PRIsVALUE")", arg1);
                                                                   ~~~~~~~~~~~     ^~~~
../../../ext/openssl/ossl_pkey_ec.c:986:60: warning: format specifies type 'long' but the argument has type 'VALUE' (aka 'unsigned __intcap') [-Wformat]
                   " (expected :compressed, :uncompressed, or :hybrid)", sym);
                                                                         ^~~
3 warnings generated.
compiling ../../../ext/openssl/ossl_pkey_rsa.c
compiling ../../../ext/openssl/ossl_provider.c
../../../ext/openssl/ossl_provider.c:179:64: warning: format specifies type 'long' but the argument has type 'VALUE' (aka 'unsigned __intcap') [-Wformat]
        return rb_sprintf("#<%"PRIsVALUE" unloaded provider>", rb_obj_class(self));
                             ~~~~~~~~~~~                       ^~~~~~~~~~~~~~~~~~
../../../ext/openssl/ossl_provider.c:184:23: warning: format specifies type 'long' but the argument has type 'VALUE' (aka 'unsigned __intcap') [-Wformat]
                      rb_obj_class(self), OSSL_PROVIDER_get0_name(prov));
                      ^~~~~~~~~~~~~~~~~~
2 warnings generated.
compiling ../../../ext/openssl/ossl_rand.c
compiling ../../../ext/openssl/ossl_ssl.c
../../../ext/openssl/ossl_ssl.c:150:64: warning: format specifies type 'long' but the argument has type 'VALUE' (aka 'unsigned __intcap') [-Wformat]
    rb_raise(rb_eArgError, "unrecognized version %+"PRIsVALUE, str);
                                                 ~~~~~~~~~~~~  ^~~
../../../ext/openssl/ossl_ssl.c:1823:26: warning: format specifies type 'long' but the argument has type 'VALUE' (aka 'unsigned __intcap') [-Wformat]
                         peeraddr_ip_str(self),
                         ^~~~~~~~~~~~~~~~~~~~~
../../../ext/openssl/ossl_ssl.c:1825:26: warning: format specifies type 'long' but the argument has type 'VALUE' (aka 'unsigned __intcap') [-Wformat]
                         error_append);
                         ^~~~~~~~~~~~
3 warnings generated.
compiling ../../../ext/openssl/ossl_ssl_session.c
compiling ../../../ext/openssl/ossl_ts.c
compiling ../../../ext/openssl/ossl_x509.c
compiling ../../../ext/openssl/ossl_x509attr.c
../../../ext/openssl/ossl_x509attr.c:206:5: warning: format specifies type 'long' but the argument has type 'VALUE' (aka 'unsigned __intcap') [-Wformat]
    OSSL_Check_Kind(value, cASN1Data);
    ^~~~~~~~~~~~~~~~~~~~~~~~~~~~~~~~~
../../../ext/openssl/ossl.h:92:16: note: expanded from macro 'OSSL_Check_Kind'
               rb_obj_class(obj), (klass));\
               ^~~~~~~~~~~~~~~~~
../../../ext/openssl/ossl_x509attr.c:206:5: warning: format specifies type 'long' but the argument has type 'VALUE' (aka 'unsigned __intcap') [-Wformat]
    OSSL_Check_Kind(value, cASN1Data);
    ^~~~~~~~~~~~~~~~~~~~~~~~~~~~~~~~~
../../../ext/openssl/ossl.h:92:35: note: expanded from macro 'OSSL_Check_Kind'
               rb_obj_class(obj), (klass));\
                                  ^~~~~~~
2 warnings generated.
compiling ../../../ext/openssl/ossl_x509cert.c
../../../ext/openssl/ossl_x509cert.c:646:2: warning: format specifies type 'long' but the argument has type 'VALUE' (aka 'unsigned __intcap') [-Wformat]
        OSSL_Check_Kind(RARRAY_AREF(ary, i), cX509Ext);
        ^~~~~~~~~~~~~~~~~~~~~~~~~~~~~~~~~~~~~~~~~~~~~~
../../../ext/openssl/ossl.h:92:16: note: expanded from macro 'OSSL_Check_Kind'
               rb_obj_class(obj), (klass));\
               ^~~~~~~~~~~~~~~~~
../../../ext/openssl/ossl_x509cert.c:646:2: warning: format specifies type 'long' but the argument has type 'VALUE' (aka 'unsigned __intcap') [-Wformat]
        OSSL_Check_Kind(RARRAY_AREF(ary, i), cX509Ext);
        ^~~~~~~~~~~~~~~~~~~~~~~~~~~~~~~~~~~~~~~~~~~~~~
../../../ext/openssl/ossl.h:92:35: note: expanded from macro 'OSSL_Check_Kind'
               rb_obj_class(obj), (klass));\
                                  ^~~~~~~
../../../ext/openssl/ossl_x509cert.c:686:9: warning: format specifies type 'long' but the argument has type 'VALUE' (aka 'unsigned __intcap') [-Wformat]
                      rb_obj_class(self),
                      ^~~~~~~~~~~~~~~~~~
../../../ext/openssl/ossl_x509cert.c:687:9: warning: format specifies type 'long' but the argument has type 'VALUE' (aka 'unsigned __intcap') [-Wformat]
                      ossl_x509_get_subject(self),
                      ^~~~~~~~~~~~~~~~~~~~~~~~~~~
../../../ext/openssl/ossl_x509cert.c:688:9: warning: format specifies type 'long' but the argument has type 'VALUE' (aka 'unsigned __intcap') [-Wformat]
                      ossl_x509_get_issuer(self),
                      ^~~~~~~~~~~~~~~~~~~~~~~~~~
../../../ext/openssl/ossl_x509cert.c:689:9: warning: format specifies type 'long' but the argument has type 'VALUE' (aka 'unsigned __intcap') [-Wformat]
                      ossl_x509_get_serial(self),
                      ^~~~~~~~~~~~~~~~~~~~~~~~~~
../../../ext/openssl/ossl_x509cert.c:690:9: warning: format specifies type 'long' but the argument has type 'VALUE' (aka 'unsigned __intcap') [-Wformat]
                      ossl_x509_get_not_before(self),
                      ^~~~~~~~~~~~~~~~~~~~~~~~~~~~~~
../../../ext/openssl/ossl_x509cert.c:691:9: warning: format specifies type 'long' but the argument has type 'VALUE' (aka 'unsigned __intcap') [-Wformat]
                      ossl_x509_get_not_after(self));
                      ^~~~~~~~~~~~~~~~~~~~~~~~~~~~~
8 warnings generated.
compiling ../../../ext/openssl/ossl_x509crl.c
../../../ext/openssl/ossl_x509crl.c:308:2: warning: format specifies type 'long' but the argument has type 'VALUE' (aka 'unsigned __intcap') [-Wformat]
        OSSL_Check_Kind(RARRAY_AREF(ary, i), cX509Rev);
        ^~~~~~~~~~~~~~~~~~~~~~~~~~~~~~~~~~~~~~~~~~~~~~
../../../ext/openssl/ossl.h:92:16: note: expanded from macro 'OSSL_Check_Kind'
               rb_obj_class(obj), (klass));\
               ^~~~~~~~~~~~~~~~~
../../../ext/openssl/ossl_x509crl.c:308:2: warning: format specifies type 'long' but the argument has type 'VALUE' (aka 'unsigned __intcap') [-Wformat]
        OSSL_Check_Kind(RARRAY_AREF(ary, i), cX509Rev);
        ^~~~~~~~~~~~~~~~~~~~~~~~~~~~~~~~~~~~~~~~~~~~~~
../../../ext/openssl/ossl.h:92:35: note: expanded from macro 'OSSL_Check_Kind'
               rb_obj_class(obj), (klass));\
                                  ^~~~~~~
../../../ext/openssl/ossl_x509crl.c:478:2: warning: format specifies type 'long' but the argument has type 'VALUE' (aka 'unsigned __intcap') [-Wformat]
        OSSL_Check_Kind(RARRAY_AREF(ary, i), cX509Ext);
        ^~~~~~~~~~~~~~~~~~~~~~~~~~~~~~~~~~~~~~~~~~~~~~
../../../ext/openssl/ossl.h:92:16: note: expanded from macro 'OSSL_Check_Kind'
               rb_obj_class(obj), (klass));\
               ^~~~~~~~~~~~~~~~~
../../../ext/openssl/ossl_x509crl.c:478:2: warning: format specifies type 'long' but the argument has type 'VALUE' (aka 'unsigned __intcap') [-Wformat]
        OSSL_Check_Kind(RARRAY_AREF(ary, i), cX509Ext);
        ^~~~~~~~~~~~~~~~~~~~~~~~~~~~~~~~~~~~~~~~~~~~~~
../../../ext/openssl/ossl.h:92:35: note: expanded from macro 'OSSL_Check_Kind'
               rb_obj_class(obj), (klass));\
                                  ^~~~~~~
4 warnings generated.
compiling ../../../ext/openssl/ossl_x509ext.c
../../../ext/openssl/ossl_x509ext.c:240:57: warning: format specifies type 'long' but the argument has type 'VALUE' (aka 'unsigned __intcap') [-Wformat]
        ossl_raise(eX509ExtError, "%"PRIsVALUE" = %"PRIsVALUE, oid, valstr);
                                   ~~~~~~~~~~~                 ^~~
../../../ext/openssl/ossl_x509ext.c:240:62: warning: format specifies type 'long' but the argument has type 'VALUE' (aka 'unsigned __intcap') [-Wformat]
        ossl_raise(eX509ExtError, "%"PRIsVALUE" = %"PRIsVALUE, oid, valstr);
                                                  ~~~~~~~~~~~       ^~~~~~
2 warnings generated.
compiling ../../../ext/openssl/ossl_x509name.c
../../../ext/openssl/ossl_x509name.c:334:6: warning: format specifies type 'long' but the argument has type 'VALUE' (aka 'unsigned __intcap') [-Wformat]
                          rb_obj_class(self), ossl_x509name_to_utf8(self));
                          ^~~~~~~~~~~~~~~~~~
../../../ext/openssl/ossl_x509name.c:334:26: warning: format specifies type 'long' but the argument has type 'VALUE' (aka 'unsigned __intcap') [-Wformat]
                          rb_obj_class(self), ossl_x509name_to_utf8(self));
                                              ^~~~~~~~~~~~~~~~~~~~~~~~~~~
2 warnings generated.
compiling ../../../ext/openssl/ossl_x509req.c
../../../ext/openssl/ossl_x509req.c:384:2: warning: format specifies type 'long' but the argument has type 'VALUE' (aka 'unsigned __intcap') [-Wformat]
        OSSL_Check_Kind(RARRAY_AREF(ary, i), cX509Attr);
        ^~~~~~~~~~~~~~~~~~~~~~~~~~~~~~~~~~~~~~~~~~~~~~~
../../../ext/openssl/ossl.h:92:16: note: expanded from macro 'OSSL_Check_Kind'
               rb_obj_class(obj), (klass));\
               ^~~~~~~~~~~~~~~~~
../../../ext/openssl/ossl_x509req.c:384:2: warning: format specifies type 'long' but the argument has type 'VALUE' (aka 'unsigned __intcap') [-Wformat]
        OSSL_Check_Kind(RARRAY_AREF(ary, i), cX509Attr);
        ^~~~~~~~~~~~~~~~~~~~~~~~~~~~~~~~~~~~~~~~~~~~~~~
../../../ext/openssl/ossl.h:92:35: note: expanded from macro 'OSSL_Check_Kind'
               rb_obj_class(obj), (klass));\
                                  ^~~~~~~
2 warnings generated.
compiling ../../../ext/openssl/ossl_x509revoked.c
../../../ext/openssl/ossl_x509revoked.c:223:2: warning: format specifies type 'long' but the argument has type 'VALUE' (aka 'unsigned __intcap') [-Wformat]
        OSSL_Check_Kind(RARRAY_AREF(ary, i), cX509Ext);
        ^~~~~~~~~~~~~~~~~~~~~~~~~~~~~~~~~~~~~~~~~~~~~~
../../../ext/openssl/ossl.h:92:16: note: expanded from macro 'OSSL_Check_Kind'
               rb_obj_class(obj), (klass));\
               ^~~~~~~~~~~~~~~~~
../../../ext/openssl/ossl_x509revoked.c:223:2: warning: format specifies type 'long' but the argument has type 'VALUE' (aka 'unsigned __intcap') [-Wformat]
        OSSL_Check_Kind(RARRAY_AREF(ary, i), cX509Ext);
        ^~~~~~~~~~~~~~~~~~~~~~~~~~~~~~~~~~~~~~~~~~~~~~
../../../ext/openssl/ossl.h:92:35: note: expanded from macro 'OSSL_Check_Kind'
               rb_obj_class(obj), (klass));\
                                  ^~~~~~~
2 warnings generated.
compiling ../../../ext/openssl/ossl_x509store.c
linking shared-object openssl.so
installing default openssl libraries
make[2]: Leaving directory '/cheruby-purecap/src/output/rootfs-riscv64-purecap/research/ruby-3.4.1/build/ext/openssl'
make[2]: Entering directory '/cheruby-purecap/src/output/rootfs-riscv64-purecap/research/ruby-3.4.1/build/ext/pathname'
compiling ../../../ext/pathname/pathname.c
../../../ext/pathname/pathname.c:226:48: warning: format specifies type 'long' but the argument has type 'VALUE' (aka 'unsigned __intcap') [-Wformat]
    return rb_sprintf("#<%s:%"PRIsVALUE">", c, str);
                            ~~~~~~~~~~~        ^~~
1 warning generated.
linking shared-object pathname.so
installing default pathname libraries
make[2]: Leaving directory '/cheruby-purecap/src/output/rootfs-riscv64-purecap/research/ruby-3.4.1/build/ext/pathname'
make[2]: Entering directory '/cheruby-purecap/src/output/rootfs-riscv64-purecap/research/ruby-3.4.1/build/ext/pty'
compiling ../../../ext/pty/pty.c
linking shared-object pty.so
installing default pty libraries
make[2]: Leaving directory '/cheruby-purecap/src/output/rootfs-riscv64-purecap/research/ruby-3.4.1/build/ext/pty'
make[2]: Entering directory '/cheruby-purecap/src/output/rootfs-riscv64-purecap/research/ruby-3.4.1/build/ext/rbconfig/sizeof'
compiling ../../../../ext/rbconfig/sizeof/sizes.c
compiling ../../../../ext/rbconfig/sizeof/limits.c
linking shared-object rbconfig/sizeof.so
make[2]: Leaving directory '/cheruby-purecap/src/output/rootfs-riscv64-purecap/research/ruby-3.4.1/build/ext/rbconfig/sizeof'
make[2]: Entering directory '/cheruby-purecap/src/output/rootfs-riscv64-purecap/research/ruby-3.4.1/build/ext/ripper'
compiling ../../../ext/ripper/eventids1.c
compiling ../../../ext/ripper/eventids2.c
compiling ../../../ext/ripper/ripper.c
ripper.y:623:61: warning: format specifies type 'long' but the argument has type 'VALUE' (aka 'unsigned __intcap') [-Wformat]
        rb_parser_printf(p, "after-shift: %+"PRIsVALUE"\n", p->s_value);
                                          ~~~~~~~~~~~~      ^~~~~~~~~~
ripper.y:642:70: warning: format specifies type 'long' but the argument has type 'VALUE' (aka 'unsigned __intcap') [-Wformat]
            rb_parser_printf(p, "after-reduce pop: %+"PRIsVALUE"\n", tos);
                                                   ~~~~~~~~~~~~      ^~~
ripper.y:646:67: warning: format specifies type 'long' but the argument has type 'VALUE' (aka 'unsigned __intcap') [-Wformat]
        rb_parser_printf(p, "after-reduce push: %+"PRIsVALUE"\n", p->s_lvalue);
                                                ~~~~~~~~~~~~      ^~~~~~~~~~~
ripper.y:667:73: warning: format specifies type 'long' but the argument has type 'VALUE' (aka 'unsigned __intcap') [-Wformat]
            rb_parser_printf(p, "after-pop-stack pop: %+"PRIsVALUE"\n", tos);
                                                      ~~~~~~~~~~~~      ^~~
ripper.y:1354:9: warning: overflow in expression; result is 9223372036854775807 with type 'long' [-Winteger-overflow]
        nd_set_line(body, line);
        ^
../../../node.h:78:71: note: expanded from macro 'nd_set_line'
    (n)->flags=(((n)->flags&~((VALUE)(-1)<<NODE_LSHIFT))|((VALUE)((l)&NODE_LMASK)<<NODE_LSHIFT))
                                                                      ^
../../../node.h:74:77: note: expanded from macro 'NODE_LMASK'
#define NODE_LMASK  (((SIGNED_VALUE)1<<(sizeof(VALUE)*CHAR_BIT-NODE_LSHIFT))-1)
                                                                            ^
ripper.y:1354:9: warning: shift count >= width of type [-Wshift-count-overflow]
        nd_set_line(body, line);
        ^~~~~~~~~~~~~~~~~~~~~~~
../../../node.h:78:71: note: expanded from macro 'nd_set_line'
    (n)->flags=(((n)->flags&~((VALUE)(-1)<<NODE_LSHIFT))|((VALUE)((l)&NODE_LMASK)<<NODE_LSHIFT))
                                                                      ^~~~~~~~~~
../../../node.h:74:38: note: expanded from macro 'NODE_LMASK'
#define NODE_LMASK  (((SIGNED_VALUE)1<<(sizeof(VALUE)*CHAR_BIT-NODE_LSHIFT))-1)
                                     ^ ~~~~~~~~~~~~~~~~~~~~~~~~~~~~~~~~~~~~
ripper.y:1362:5: warning: overflow in expression; result is 9223372036854775807 with type 'long' [-Winteger-overflow]
    nd_set_line(node, beg->end_pos.lineno);
    ^
../../../node.h:78:71: note: expanded from macro 'nd_set_line'
    (n)->flags=(((n)->flags&~((VALUE)(-1)<<NODE_LSHIFT))|((VALUE)((l)&NODE_LMASK)<<NODE_LSHIFT))
                                                                      ^
../../../node.h:74:77: note: expanded from macro 'NODE_LMASK'
#define NODE_LMASK  (((SIGNED_VALUE)1<<(sizeof(VALUE)*CHAR_BIT-NODE_LSHIFT))-1)
                                                                            ^
ripper.y:1362:5: warning: shift count >= width of type [-Wshift-count-overflow]
    nd_set_line(node, beg->end_pos.lineno);
    ^~~~~~~~~~~~~~~~~~~~~~~~~~~~~~~~~~~~~~
../../../node.h:78:71: note: expanded from macro 'nd_set_line'
    (n)->flags=(((n)->flags&~((VALUE)(-1)<<NODE_LSHIFT))|((VALUE)((l)&NODE_LMASK)<<NODE_LSHIFT))
                                                                      ^~~~~~~~~~
../../../node.h:74:38: note: expanded from macro 'NODE_LMASK'
#define NODE_LMASK  (((SIGNED_VALUE)1<<(sizeof(VALUE)*CHAR_BIT-NODE_LSHIFT))-1)
                                     ^ ~~~~~~~~~~~~~~~~~~~~~~~~~~~~~~~~~~~~
ripper.y:1636:5: warning: overflow in expression; result is 9223372036854775807 with type 'long' [-Winteger-overflow]
    nd_set_line(n, loc->end_pos.lineno);
    ^
../../../node.h:78:71: note: expanded from macro 'nd_set_line'
    (n)->flags=(((n)->flags&~((VALUE)(-1)<<NODE_LSHIFT))|((VALUE)((l)&NODE_LMASK)<<NODE_LSHIFT))
                                                                      ^
../../../node.h:74:77: note: expanded from macro 'NODE_LMASK'
#define NODE_LMASK  (((SIGNED_VALUE)1<<(sizeof(VALUE)*CHAR_BIT-NODE_LSHIFT))-1)
                                                                            ^
ripper.y:1636:5: warning: shift count >= width of type [-Wshift-count-overflow]
    nd_set_line(n, loc->end_pos.lineno);
    ^~~~~~~~~~~~~~~~~~~~~~~~~~~~~~~~~~~
../../../node.h:78:71: note: expanded from macro 'nd_set_line'
    (n)->flags=(((n)->flags&~((VALUE)(-1)<<NODE_LSHIFT))|((VALUE)((l)&NODE_LMASK)<<NODE_LSHIFT))
                                                                      ^~~~~~~~~~
../../../node.h:74:38: note: expanded from macro 'NODE_LMASK'
#define NODE_LMASK  (((SIGNED_VALUE)1<<(sizeof(VALUE)*CHAR_BIT-NODE_LSHIFT))-1)
                                     ^ ~~~~~~~~~~~~~~~~~~~~~~~~~~~~~~~~~~~~
ripper.y:1973:29: warning: binary expression on capability types 'st_index_t' (aka 'unsigned __intcap') and 'st_index_t'; it is not clear which should be used as the source of provenance; currently provenance is inherited from the left-hand side [-Wcheri-provenance]
        hash = ((hash << 5) + hash) + str[i];
                ~~~~~~~~~~~ ^ ~~~~
ripper.y:2621:39: warning: format specifies type 'long' but the argument has type 'VALUE' (aka 'unsigned __intcap') [-Wformat]
    rb_parser_printf(p, "%"PRIsVALUE, rb_id2str(((*yyvaluep).id)));
                         ~~~~~~~~~~~  ^~~~~~~~~~~~~~~~~~~~~~~~~~~
ripper.y:2621:39: warning: format specifies type 'long' but the argument has type 'VALUE' (aka 'unsigned __intcap') [-Wformat]
    rb_parser_printf(p, "%"PRIsVALUE, rb_id2str(((*yyvaluep).id)));
                         ~~~~~~~~~~~  ^~~~~~~~~~~~~~~~~~~~~~~~~~~
ripper.y:2621:39: warning: format specifies type 'long' but the argument has type 'VALUE' (aka 'unsigned __intcap') [-Wformat]
    rb_parser_printf(p, "%"PRIsVALUE, rb_id2str(((*yyvaluep).id)));
                         ~~~~~~~~~~~  ^~~~~~~~~~~~~~~~~~~~~~~~~~~
ripper.y:2621:39: warning: format specifies type 'long' but the argument has type 'VALUE' (aka 'unsigned __intcap') [-Wformat]
    rb_parser_printf(p, "%"PRIsVALUE, rb_id2str(((*yyvaluep).id)));
                         ~~~~~~~~~~~  ^~~~~~~~~~~~~~~~~~~~~~~~~~~
ripper.y:2621:39: warning: format specifies type 'long' but the argument has type 'VALUE' (aka 'unsigned __intcap') [-Wformat]
    rb_parser_printf(p, "%"PRIsVALUE, rb_id2str(((*yyvaluep).id)));
                         ~~~~~~~~~~~  ^~~~~~~~~~~~~~~~~~~~~~~~~~~
ripper.y:2621:39: warning: format specifies type 'long' but the argument has type 'VALUE' (aka 'unsigned __intcap') [-Wformat]
    rb_parser_printf(p, "%"PRIsVALUE, rb_id2str(((*yyvaluep).id)));
                         ~~~~~~~~~~~  ^~~~~~~~~~~~~~~~~~~~~~~~~~~
ripper.y:2621:39: warning: format specifies type 'long' but the argument has type 'VALUE' (aka 'unsigned __intcap') [-Wformat]
    rb_parser_printf(p, "%"PRIsVALUE, rb_id2str(((*yyvaluep).id)));
                         ~~~~~~~~~~~  ^~~~~~~~~~~~~~~~~~~~~~~~~~~
ripper.y:2621:39: warning: format specifies type 'long' but the argument has type 'VALUE' (aka 'unsigned __intcap') [-Wformat]
    rb_parser_printf(p, "%"PRIsVALUE, rb_id2str(((*yyvaluep).id)));
                         ~~~~~~~~~~~  ^~~~~~~~~~~~~~~~~~~~~~~~~~~
ripper.y:2621:39: warning: format specifies type 'long' but the argument has type 'VALUE' (aka 'unsigned __intcap') [-Wformat]
    rb_parser_printf(p, "%"PRIsVALUE, rb_id2str(((*yyvaluep).id)));
                         ~~~~~~~~~~~  ^~~~~~~~~~~~~~~~~~~~~~~~~~~
ripper.y:2621:39: warning: format specifies type 'long' but the argument has type 'VALUE' (aka 'unsigned __intcap') [-Wformat]
    rb_parser_printf(p, "%"PRIsVALUE, rb_id2str(((*yyvaluep).id)));
                         ~~~~~~~~~~~  ^~~~~~~~~~~~~~~~~~~~~~~~~~~
ripper.y:2621:39: warning: format specifies type 'long' but the argument has type 'VALUE' (aka 'unsigned __intcap') [-Wformat]
    rb_parser_printf(p, "%"PRIsVALUE, rb_id2str(((*yyvaluep).id)));
                         ~~~~~~~~~~~  ^~~~~~~~~~~~~~~~~~~~~~~~~~~
ripper.y:2621:39: warning: format specifies type 'long' but the argument has type 'VALUE' (aka 'unsigned __intcap') [-Wformat]
    rb_parser_printf(p, "%"PRIsVALUE, rb_id2str(((*yyvaluep).id)));
                         ~~~~~~~~~~~  ^~~~~~~~~~~~~~~~~~~~~~~~~~~
ripper.y:2621:39: warning: format specifies type 'long' but the argument has type 'VALUE' (aka 'unsigned __intcap') [-Wformat]
    rb_parser_printf(p, "%"PRIsVALUE, rb_id2str(((*yyvaluep).id)));
                         ~~~~~~~~~~~  ^~~~~~~~~~~~~~~~~~~~~~~~~~~
ripper.y:2621:39: warning: format specifies type 'long' but the argument has type 'VALUE' (aka 'unsigned __intcap') [-Wformat]
    rb_parser_printf(p, "%"PRIsVALUE, rb_id2str(((*yyvaluep).id)));
                         ~~~~~~~~~~~  ^~~~~~~~~~~~~~~~~~~~~~~~~~~
ripper.y:2621:39: warning: format specifies type 'long' but the argument has type 'VALUE' (aka 'unsigned __intcap') [-Wformat]
    rb_parser_printf(p, "%"PRIsVALUE, rb_id2str(((*yyvaluep).id)));
                         ~~~~~~~~~~~  ^~~~~~~~~~~~~~~~~~~~~~~~~~~
ripper.y:2621:39: warning: format specifies type 'long' but the argument has type 'VALUE' (aka 'unsigned __intcap') [-Wformat]
    rb_parser_printf(p, "%"PRIsVALUE, rb_id2str(((*yyvaluep).id)));
                         ~~~~~~~~~~~  ^~~~~~~~~~~~~~~~~~~~~~~~~~~
ripper.y:2621:39: warning: format specifies type 'long' but the argument has type 'VALUE' (aka 'unsigned __intcap') [-Wformat]
    rb_parser_printf(p, "%"PRIsVALUE, rb_id2str(((*yyvaluep).id)));
                         ~~~~~~~~~~~  ^~~~~~~~~~~~~~~~~~~~~~~~~~~
ripper.y:2621:39: warning: format specifies type 'long' but the argument has type 'VALUE' (aka 'unsigned __intcap') [-Wformat]
    rb_parser_printf(p, "%"PRIsVALUE, rb_id2str(((*yyvaluep).id)));
                         ~~~~~~~~~~~  ^~~~~~~~~~~~~~~~~~~~~~~~~~~
ripper.y:2621:39: warning: format specifies type 'long' but the argument has type 'VALUE' (aka 'unsigned __intcap') [-Wformat]
    rb_parser_printf(p, "%"PRIsVALUE, rb_id2str(((*yyvaluep).id)));
                         ~~~~~~~~~~~  ^~~~~~~~~~~~~~~~~~~~~~~~~~~
ripper.y:2621:39: warning: format specifies type 'long' but the argument has type 'VALUE' (aka 'unsigned __intcap') [-Wformat]
    rb_parser_printf(p, "%"PRIsVALUE, rb_id2str(((*yyvaluep).id)));
                         ~~~~~~~~~~~  ^~~~~~~~~~~~~~~~~~~~~~~~~~~
ripper.y:2621:39: warning: format specifies type 'long' but the argument has type 'VALUE' (aka 'unsigned __intcap') [-Wformat]
    rb_parser_printf(p, "%"PRIsVALUE, rb_id2str(((*yyvaluep).id)));
                         ~~~~~~~~~~~  ^~~~~~~~~~~~~~~~~~~~~~~~~~~
ripper.y:2621:39: warning: format specifies type 'long' but the argument has type 'VALUE' (aka 'unsigned __intcap') [-Wformat]
    rb_parser_printf(p, "%"PRIsVALUE, rb_id2str(((*yyvaluep).id)));
                         ~~~~~~~~~~~  ^~~~~~~~~~~~~~~~~~~~~~~~~~~
ripper.y:2621:39: warning: format specifies type 'long' but the argument has type 'VALUE' (aka 'unsigned __intcap') [-Wformat]
    rb_parser_printf(p, "%"PRIsVALUE, rb_id2str(((*yyvaluep).id)));
                         ~~~~~~~~~~~  ^~~~~~~~~~~~~~~~~~~~~~~~~~~
ripper.y:2621:39: warning: format specifies type 'long' but the argument has type 'VALUE' (aka 'unsigned __intcap') [-Wformat]
    rb_parser_printf(p, "%"PRIsVALUE, rb_id2str(((*yyvaluep).id)));
                         ~~~~~~~~~~~  ^~~~~~~~~~~~~~~~~~~~~~~~~~~
ripper.y:2621:39: warning: format specifies type 'long' but the argument has type 'VALUE' (aka 'unsigned __intcap') [-Wformat]
    rb_parser_printf(p, "%"PRIsVALUE, rb_id2str(((*yyvaluep).id)));
                         ~~~~~~~~~~~  ^~~~~~~~~~~~~~~~~~~~~~~~~~~
ripper.y:2621:39: warning: format specifies type 'long' but the argument has type 'VALUE' (aka 'unsigned __intcap') [-Wformat]
    rb_parser_printf(p, "%"PRIsVALUE, rb_id2str(((*yyvaluep).id)));
                         ~~~~~~~~~~~  ^~~~~~~~~~~~~~~~~~~~~~~~~~~
ripper.y:2621:39: warning: format specifies type 'long' but the argument has type 'VALUE' (aka 'unsigned __intcap') [-Wformat]
    rb_parser_printf(p, "%"PRIsVALUE, rb_id2str(((*yyvaluep).id)));
                         ~~~~~~~~~~~  ^~~~~~~~~~~~~~~~~~~~~~~~~~~
ripper.y:2621:39: warning: format specifies type 'long' but the argument has type 'VALUE' (aka 'unsigned __intcap') [-Wformat]
    rb_parser_printf(p, "%"PRIsVALUE, rb_id2str(((*yyvaluep).id)));
                         ~~~~~~~~~~~  ^~~~~~~~~~~~~~~~~~~~~~~~~~~
ripper.y:2621:39: warning: format specifies type 'long' but the argument has type 'VALUE' (aka 'unsigned __intcap') [-Wformat]
    rb_parser_printf(p, "%"PRIsVALUE, rb_id2str(((*yyvaluep).id)));
                         ~~~~~~~~~~~  ^~~~~~~~~~~~~~~~~~~~~~~~~~~
ripper.y:2621:39: warning: format specifies type 'long' but the argument has type 'VALUE' (aka 'unsigned __intcap') [-Wformat]
    rb_parser_printf(p, "%"PRIsVALUE, rb_id2str(((*yyvaluep).id)));
                         ~~~~~~~~~~~  ^~~~~~~~~~~~~~~~~~~~~~~~~~~
ripper.y:2621:39: warning: format specifies type 'long' but the argument has type 'VALUE' (aka 'unsigned __intcap') [-Wformat]
    rb_parser_printf(p, "%"PRIsVALUE, rb_id2str(((*yyvaluep).id)));
                         ~~~~~~~~~~~  ^~~~~~~~~~~~~~~~~~~~~~~~~~~
ripper.y:2621:39: warning: format specifies type 'long' but the argument has type 'VALUE' (aka 'unsigned __intcap') [-Wformat]
    rb_parser_printf(p, "%"PRIsVALUE, rb_id2str(((*yyvaluep).id)));
                         ~~~~~~~~~~~  ^~~~~~~~~~~~~~~~~~~~~~~~~~~
ripper.y:2621:39: warning: format specifies type 'long' but the argument has type 'VALUE' (aka 'unsigned __intcap') [-Wformat]
    rb_parser_printf(p, "%"PRIsVALUE, rb_id2str(((*yyvaluep).id)));
                         ~~~~~~~~~~~  ^~~~~~~~~~~~~~~~~~~~~~~~~~~
ripper.y:2621:39: warning: format specifies type 'long' but the argument has type 'VALUE' (aka 'unsigned __intcap') [-Wformat]
    rb_parser_printf(p, "%"PRIsVALUE, rb_id2str(((*yyvaluep).id)));
                         ~~~~~~~~~~~  ^~~~~~~~~~~~~~~~~~~~~~~~~~~
ripper.y:2621:39: warning: format specifies type 'long' but the argument has type 'VALUE' (aka 'unsigned __intcap') [-Wformat]
    rb_parser_printf(p, "%"PRIsVALUE, rb_id2str(((*yyvaluep).id)));
                         ~~~~~~~~~~~  ^~~~~~~~~~~~~~~~~~~~~~~~~~~
ripper.y:2621:39: warning: format specifies type 'long' but the argument has type 'VALUE' (aka 'unsigned __intcap') [-Wformat]
    rb_parser_printf(p, "%"PRIsVALUE, rb_id2str(((*yyvaluep).id)));
                         ~~~~~~~~~~~  ^~~~~~~~~~~~~~~~~~~~~~~~~~~
ripper.y:2621:39: warning: format specifies type 'long' but the argument has type 'VALUE' (aka 'unsigned __intcap') [-Wformat]
    rb_parser_printf(p, "%"PRIsVALUE, rb_id2str(((*yyvaluep).id)));
                         ~~~~~~~~~~~  ^~~~~~~~~~~~~~~~~~~~~~~~~~~
ripper.y:2621:39: warning: format specifies type 'long' but the argument has type 'VALUE' (aka 'unsigned __intcap') [-Wformat]
    rb_parser_printf(p, "%"PRIsVALUE, rb_id2str(((*yyvaluep).id)));
                         ~~~~~~~~~~~  ^~~~~~~~~~~~~~~~~~~~~~~~~~~
ripper.y:2621:39: warning: format specifies type 'long' but the argument has type 'VALUE' (aka 'unsigned __intcap') [-Wformat]
    rb_parser_printf(p, "%"PRIsVALUE, rb_id2str(((*yyvaluep).id)));
                         ~~~~~~~~~~~  ^~~~~~~~~~~~~~~~~~~~~~~~~~~
ripper.y:2621:39: warning: format specifies type 'long' but the argument has type 'VALUE' (aka 'unsigned __intcap') [-Wformat]
    rb_parser_printf(p, "%"PRIsVALUE, rb_id2str(((*yyvaluep).id)));
                         ~~~~~~~~~~~  ^~~~~~~~~~~~~~~~~~~~~~~~~~~
ripper.y:2621:39: warning: format specifies type 'long' but the argument has type 'VALUE' (aka 'unsigned __intcap') [-Wformat]
    rb_parser_printf(p, "%"PRIsVALUE, rb_id2str(((*yyvaluep).id)));
                         ~~~~~~~~~~~  ^~~~~~~~~~~~~~~~~~~~~~~~~~~
ripper.y:2621:39: warning: format specifies type 'long' but the argument has type 'VALUE' (aka 'unsigned __intcap') [-Wformat]
    rb_parser_printf(p, "%"PRIsVALUE, rb_id2str(((*yyvaluep).id)));
                         ~~~~~~~~~~~  ^~~~~~~~~~~~~~~~~~~~~~~~~~~
ripper.y:2621:39: warning: format specifies type 'long' but the argument has type 'VALUE' (aka 'unsigned __intcap') [-Wformat]
    rb_parser_printf(p, "%"PRIsVALUE, rb_id2str(((*yyvaluep).id)));
                         ~~~~~~~~~~~  ^~~~~~~~~~~~~~~~~~~~~~~~~~~
ripper.y:2621:39: warning: format specifies type 'long' but the argument has type 'VALUE' (aka 'unsigned __intcap') [-Wformat]
    rb_parser_printf(p, "%"PRIsVALUE, rb_id2str(((*yyvaluep).id)));
                         ~~~~~~~~~~~  ^~~~~~~~~~~~~~~~~~~~~~~~~~~
ripper.y:2621:39: warning: format specifies type 'long' but the argument has type 'VALUE' (aka 'unsigned __intcap') [-Wformat]
    rb_parser_printf(p, "%"PRIsVALUE, rb_id2str(((*yyvaluep).id)));
                         ~~~~~~~~~~~  ^~~~~~~~~~~~~~~~~~~~~~~~~~~
ripper.y:2621:39: warning: format specifies type 'long' but the argument has type 'VALUE' (aka 'unsigned __intcap') [-Wformat]
    rb_parser_printf(p, "%"PRIsVALUE, rb_id2str(((*yyvaluep).id)));
                         ~~~~~~~~~~~  ^~~~~~~~~~~~~~~~~~~~~~~~~~~
ripper.y:2621:39: warning: format specifies type 'long' but the argument has type 'VALUE' (aka 'unsigned __intcap') [-Wformat]
    rb_parser_printf(p, "%"PRIsVALUE, rb_id2str(((*yyvaluep).id)));
                         ~~~~~~~~~~~  ^~~~~~~~~~~~~~~~~~~~~~~~~~~
ripper.y:2621:39: warning: format specifies type 'long' but the argument has type 'VALUE' (aka 'unsigned __intcap') [-Wformat]
    rb_parser_printf(p, "%"PRIsVALUE, rb_id2str(((*yyvaluep).id)));
                         ~~~~~~~~~~~  ^~~~~~~~~~~~~~~~~~~~~~~~~~~
ripper.y:2621:39: warning: format specifies type 'long' but the argument has type 'VALUE' (aka 'unsigned __intcap') [-Wformat]
    rb_parser_printf(p, "%"PRIsVALUE, rb_id2str(((*yyvaluep).id)));
                         ~~~~~~~~~~~  ^~~~~~~~~~~~~~~~~~~~~~~~~~~
ripper.y:2621:39: warning: format specifies type 'long' but the argument has type 'VALUE' (aka 'unsigned __intcap') [-Wformat]
    rb_parser_printf(p, "%"PRIsVALUE, rb_id2str(((*yyvaluep).id)));
                         ~~~~~~~~~~~  ^~~~~~~~~~~~~~~~~~~~~~~~~~~
ripper.y:2621:39: warning: format specifies type 'long' but the argument has type 'VALUE' (aka 'unsigned __intcap') [-Wformat]
    rb_parser_printf(p, "%"PRIsVALUE, rb_id2str(((*yyvaluep).id)));
                         ~~~~~~~~~~~  ^~~~~~~~~~~~~~~~~~~~~~~~~~~
ripper.y:2621:39: warning: format specifies type 'long' but the argument has type 'VALUE' (aka 'unsigned __intcap') [-Wformat]
    rb_parser_printf(p, "%"PRIsVALUE, rb_id2str(((*yyvaluep).id)));
                         ~~~~~~~~~~~  ^~~~~~~~~~~~~~~~~~~~~~~~~~~
ripper.y:2621:39: warning: format specifies type 'long' but the argument has type 'VALUE' (aka 'unsigned __intcap') [-Wformat]
    rb_parser_printf(p, "%"PRIsVALUE, rb_id2str(((*yyvaluep).id)));
                         ~~~~~~~~~~~  ^~~~~~~~~~~~~~~~~~~~~~~~~~~
ripper.y:2621:39: warning: format specifies type 'long' but the argument has type 'VALUE' (aka 'unsigned __intcap') [-Wformat]
    rb_parser_printf(p, "%"PRIsVALUE, rb_id2str(((*yyvaluep).id)));
                         ~~~~~~~~~~~  ^~~~~~~~~~~~~~~~~~~~~~~~~~~
ripper.y:2621:39: warning: format specifies type 'long' but the argument has type 'VALUE' (aka 'unsigned __intcap') [-Wformat]
    rb_parser_printf(p, "%"PRIsVALUE, rb_id2str(((*yyvaluep).id)));
                         ~~~~~~~~~~~  ^~~~~~~~~~~~~~~~~~~~~~~~~~~
ripper.y:2621:39: warning: format specifies type 'long' but the argument has type 'VALUE' (aka 'unsigned __intcap') [-Wformat]
    rb_parser_printf(p, "%"PRIsVALUE, rb_id2str(((*yyvaluep).id)));
                         ~~~~~~~~~~~  ^~~~~~~~~~~~~~~~~~~~~~~~~~~
ripper.y:2626:44: warning: format specifies type 'long' but the argument has type 'VALUE' (aka 'unsigned __intcap') [-Wformat]
        rb_parser_printf(p, "%+"PRIsVALUE, rb_node_integer_literal_val(((*yyvaluep).node)));
                             ~~~~~~~~~~~~  ^~~~~~~~~~~~~~~~~~~~~~~~~~~~~~~~~~~~~~~~~~~~~~~
ripper.y:2629:44: warning: format specifies type 'long' but the argument has type 'VALUE' (aka 'unsigned __intcap') [-Wformat]
        rb_parser_printf(p, "%+"PRIsVALUE, rb_node_float_literal_val(((*yyvaluep).node)));
                             ~~~~~~~~~~~~  ^~~~~~~~~~~~~~~~~~~~~~~~~~~~~~~~~~~~~~~~~~~~~
ripper.y:2632:44: warning: format specifies type 'long' but the argument has type 'VALUE' (aka 'unsigned __intcap') [-Wformat]
        rb_parser_printf(p, "%+"PRIsVALUE, rb_node_rational_literal_val(((*yyvaluep).node)));
                             ~~~~~~~~~~~~  ^~~~~~~~~~~~~~~~~~~~~~~~~~~~~~~~~~~~~~~~~~~~~~~~
ripper.y:2635:44: warning: format specifies type 'long' but the argument has type 'VALUE' (aka 'unsigned __intcap') [-Wformat]
        rb_parser_printf(p, "%+"PRIsVALUE, rb_node_imaginary_literal_val(((*yyvaluep).node)));
                             ~~~~~~~~~~~~  ^~~~~~~~~~~~~~~~~~~~~~~~~~~~~~~~~~~~~~~~~~~~~~~~~
ripper.y:2626:44: warning: format specifies type 'long' but the argument has type 'VALUE' (aka 'unsigned __intcap') [-Wformat]
        rb_parser_printf(p, "%+"PRIsVALUE, rb_node_integer_literal_val(((*yyvaluep).node)));
                             ~~~~~~~~~~~~  ^~~~~~~~~~~~~~~~~~~~~~~~~~~~~~~~~~~~~~~~~~~~~~~
ripper.y:2629:44: warning: format specifies type 'long' but the argument has type 'VALUE' (aka 'unsigned __intcap') [-Wformat]
        rb_parser_printf(p, "%+"PRIsVALUE, rb_node_float_literal_val(((*yyvaluep).node)));
                             ~~~~~~~~~~~~  ^~~~~~~~~~~~~~~~~~~~~~~~~~~~~~~~~~~~~~~~~~~~~
ripper.y:2632:44: warning: format specifies type 'long' but the argument has type 'VALUE' (aka 'unsigned __intcap') [-Wformat]
        rb_parser_printf(p, "%+"PRIsVALUE, rb_node_rational_literal_val(((*yyvaluep).node)));
                             ~~~~~~~~~~~~  ^~~~~~~~~~~~~~~~~~~~~~~~~~~~~~~~~~~~~~~~~~~~~~~~
ripper.y:2635:44: warning: format specifies type 'long' but the argument has type 'VALUE' (aka 'unsigned __intcap') [-Wformat]
        rb_parser_printf(p, "%+"PRIsVALUE, rb_node_imaginary_literal_val(((*yyvaluep).node)));
                             ~~~~~~~~~~~~  ^~~~~~~~~~~~~~~~~~~~~~~~~~~~~~~~~~~~~~~~~~~~~~~~~
ripper.y:2626:44: warning: format specifies type 'long' but the argument has type 'VALUE' (aka 'unsigned __intcap') [-Wformat]
        rb_parser_printf(p, "%+"PRIsVALUE, rb_node_integer_literal_val(((*yyvaluep).node)));
                             ~~~~~~~~~~~~  ^~~~~~~~~~~~~~~~~~~~~~~~~~~~~~~~~~~~~~~~~~~~~~~
ripper.y:2629:44: warning: format specifies type 'long' but the argument has type 'VALUE' (aka 'unsigned __intcap') [-Wformat]
        rb_parser_printf(p, "%+"PRIsVALUE, rb_node_float_literal_val(((*yyvaluep).node)));
                             ~~~~~~~~~~~~  ^~~~~~~~~~~~~~~~~~~~~~~~~~~~~~~~~~~~~~~~~~~~~
ripper.y:2632:44: warning: format specifies type 'long' but the argument has type 'VALUE' (aka 'unsigned __intcap') [-Wformat]
        rb_parser_printf(p, "%+"PRIsVALUE, rb_node_rational_literal_val(((*yyvaluep).node)));
                             ~~~~~~~~~~~~  ^~~~~~~~~~~~~~~~~~~~~~~~~~~~~~~~~~~~~~~~~~~~~~~~
ripper.y:2635:44: warning: format specifies type 'long' but the argument has type 'VALUE' (aka 'unsigned __intcap') [-Wformat]
        rb_parser_printf(p, "%+"PRIsVALUE, rb_node_imaginary_literal_val(((*yyvaluep).node)));
                             ~~~~~~~~~~~~  ^~~~~~~~~~~~~~~~~~~~~~~~~~~~~~~~~~~~~~~~~~~~~~~~~
ripper.y:2626:44: warning: format specifies type 'long' but the argument has type 'VALUE' (aka 'unsigned __intcap') [-Wformat]
        rb_parser_printf(p, "%+"PRIsVALUE, rb_node_integer_literal_val(((*yyvaluep).node)));
                             ~~~~~~~~~~~~  ^~~~~~~~~~~~~~~~~~~~~~~~~~~~~~~~~~~~~~~~~~~~~~~
ripper.y:2629:44: warning: format specifies type 'long' but the argument has type 'VALUE' (aka 'unsigned __intcap') [-Wformat]
        rb_parser_printf(p, "%+"PRIsVALUE, rb_node_float_literal_val(((*yyvaluep).node)));
                             ~~~~~~~~~~~~  ^~~~~~~~~~~~~~~~~~~~~~~~~~~~~~~~~~~~~~~~~~~~~
ripper.y:2632:44: warning: format specifies type 'long' but the argument has type 'VALUE' (aka 'unsigned __intcap') [-Wformat]
        rb_parser_printf(p, "%+"PRIsVALUE, rb_node_rational_literal_val(((*yyvaluep).node)));
                             ~~~~~~~~~~~~  ^~~~~~~~~~~~~~~~~~~~~~~~~~~~~~~~~~~~~~~~~~~~~~~~
ripper.y:2635:44: warning: format specifies type 'long' but the argument has type 'VALUE' (aka 'unsigned __intcap') [-Wformat]
        rb_parser_printf(p, "%+"PRIsVALUE, rb_node_imaginary_literal_val(((*yyvaluep).node)));
                             ~~~~~~~~~~~~  ^~~~~~~~~~~~~~~~~~~~~~~~~~~~~~~~~~~~~~~~~~~~~~~~~
ripper.y:2626:44: warning: format specifies type 'long' but the argument has type 'VALUE' (aka 'unsigned __intcap') [-Wformat]
        rb_parser_printf(p, "%+"PRIsVALUE, rb_node_integer_literal_val(((*yyvaluep).node)));
                             ~~~~~~~~~~~~  ^~~~~~~~~~~~~~~~~~~~~~~~~~~~~~~~~~~~~~~~~~~~~~~
ripper.y:2629:44: warning: format specifies type 'long' but the argument has type 'VALUE' (aka 'unsigned __intcap') [-Wformat]
        rb_parser_printf(p, "%+"PRIsVALUE, rb_node_float_literal_val(((*yyvaluep).node)));
                             ~~~~~~~~~~~~  ^~~~~~~~~~~~~~~~~~~~~~~~~~~~~~~~~~~~~~~~~~~~~
ripper.y:2632:44: warning: format specifies type 'long' but the argument has type 'VALUE' (aka 'unsigned __intcap') [-Wformat]
        rb_parser_printf(p, "%+"PRIsVALUE, rb_node_rational_literal_val(((*yyvaluep).node)));
                             ~~~~~~~~~~~~  ^~~~~~~~~~~~~~~~~~~~~~~~~~~~~~~~~~~~~~~~~~~~~~~~
ripper.y:2635:44: warning: format specifies type 'long' but the argument has type 'VALUE' (aka 'unsigned __intcap') [-Wformat]
        rb_parser_printf(p, "%+"PRIsVALUE, rb_node_imaginary_literal_val(((*yyvaluep).node)));
                             ~~~~~~~~~~~~  ^~~~~~~~~~~~~~~~~~~~~~~~~~~~~~~~~~~~~~~~~~~~~~~~~
ripper.y:2626:44: warning: format specifies type 'long' but the argument has type 'VALUE' (aka 'unsigned __intcap') [-Wformat]
        rb_parser_printf(p, "%+"PRIsVALUE, rb_node_integer_literal_val(((*yyvaluep).node)));
                             ~~~~~~~~~~~~  ^~~~~~~~~~~~~~~~~~~~~~~~~~~~~~~~~~~~~~~~~~~~~~~
ripper.y:2629:44: warning: format specifies type 'long' but the argument has type 'VALUE' (aka 'unsigned __intcap') [-Wformat]
        rb_parser_printf(p, "%+"PRIsVALUE, rb_node_float_literal_val(((*yyvaluep).node)));
                             ~~~~~~~~~~~~  ^~~~~~~~~~~~~~~~~~~~~~~~~~~~~~~~~~~~~~~~~~~~~
ripper.y:2632:44: warning: format specifies type 'long' but the argument has type 'VALUE' (aka 'unsigned __intcap') [-Wformat]
        rb_parser_printf(p, "%+"PRIsVALUE, rb_node_rational_literal_val(((*yyvaluep).node)));
                             ~~~~~~~~~~~~  ^~~~~~~~~~~~~~~~~~~~~~~~~~~~~~~~~~~~~~~~~~~~~~~~
ripper.y:2635:44: warning: format specifies type 'long' but the argument has type 'VALUE' (aka 'unsigned __intcap') [-Wformat]
        rb_parser_printf(p, "%+"PRIsVALUE, rb_node_imaginary_literal_val(((*yyvaluep).node)));
                             ~~~~~~~~~~~~  ^~~~~~~~~~~~~~~~~~~~~~~~~~~~~~~~~~~~~~~~~~~~~~~~~
ripper.y:2621:39: warning: format specifies type 'long' but the argument has type 'VALUE' (aka 'unsigned __intcap') [-Wformat]
    rb_parser_printf(p, "%"PRIsVALUE, rb_id2str(((*yyvaluep).id)));
                         ~~~~~~~~~~~  ^~~~~~~~~~~~~~~~~~~~~~~~~~~
ripper.y:2621:39: warning: format specifies type 'long' but the argument has type 'VALUE' (aka 'unsigned __intcap') [-Wformat]
    rb_parser_printf(p, "%"PRIsVALUE, rb_id2str(((*yyvaluep).id)));
                         ~~~~~~~~~~~  ^~~~~~~~~~~~~~~~~~~~~~~~~~~
ripper.y:2621:39: warning: format specifies type 'long' but the argument has type 'VALUE' (aka 'unsigned __intcap') [-Wformat]
    rb_parser_printf(p, "%"PRIsVALUE, rb_id2str(((*yyvaluep).id)));
                         ~~~~~~~~~~~  ^~~~~~~~~~~~~~~~~~~~~~~~~~~
ripper.y:2621:39: warning: format specifies type 'long' but the argument has type 'VALUE' (aka 'unsigned __intcap') [-Wformat]
    rb_parser_printf(p, "%"PRIsVALUE, rb_id2str(((*yyvaluep).id)));
                         ~~~~~~~~~~~  ^~~~~~~~~~~~~~~~~~~~~~~~~~~
ripper.y:2621:39: warning: format specifies type 'long' but the argument has type 'VALUE' (aka 'unsigned __intcap') [-Wformat]
    rb_parser_printf(p, "%"PRIsVALUE, rb_id2str(((*yyvaluep).id)));
                         ~~~~~~~~~~~  ^~~~~~~~~~~~~~~~~~~~~~~~~~~
ripper.y:2621:39: warning: format specifies type 'long' but the argument has type 'VALUE' (aka 'unsigned __intcap') [-Wformat]
    rb_parser_printf(p, "%"PRIsVALUE, rb_id2str(((*yyvaluep).id)));
                         ~~~~~~~~~~~  ^~~~~~~~~~~~~~~~~~~~~~~~~~~
ripper.y:2621:39: warning: format specifies type 'long' but the argument has type 'VALUE' (aka 'unsigned __intcap') [-Wformat]
    rb_parser_printf(p, "%"PRIsVALUE, rb_id2str(((*yyvaluep).id)));
                         ~~~~~~~~~~~  ^~~~~~~~~~~~~~~~~~~~~~~~~~~
ripper.y:2621:39: warning: format specifies type 'long' but the argument has type 'VALUE' (aka 'unsigned __intcap') [-Wformat]
    rb_parser_printf(p, "%"PRIsVALUE, rb_id2str(((*yyvaluep).id)));
                         ~~~~~~~~~~~  ^~~~~~~~~~~~~~~~~~~~~~~~~~~
ripper.y:2621:39: warning: format specifies type 'long' but the argument has type 'VALUE' (aka 'unsigned __intcap') [-Wformat]
    rb_parser_printf(p, "%"PRIsVALUE, rb_id2str(((*yyvaluep).id)));
                         ~~~~~~~~~~~  ^~~~~~~~~~~~~~~~~~~~~~~~~~~
ripper.y:2621:39: warning: format specifies type 'long' but the argument has type 'VALUE' (aka 'unsigned __intcap') [-Wformat]
    rb_parser_printf(p, "%"PRIsVALUE, rb_id2str(((*yyvaluep).id)));
                         ~~~~~~~~~~~  ^~~~~~~~~~~~~~~~~~~~~~~~~~~
ripper.y:2621:39: warning: format specifies type 'long' but the argument has type 'VALUE' (aka 'unsigned __intcap') [-Wformat]
    rb_parser_printf(p, "%"PRIsVALUE, rb_id2str(((*yyvaluep).id)));
                         ~~~~~~~~~~~  ^~~~~~~~~~~~~~~~~~~~~~~~~~~
ripper.y:2621:39: warning: format specifies type 'long' but the argument has type 'VALUE' (aka 'unsigned __intcap') [-Wformat]
    rb_parser_printf(p, "%"PRIsVALUE, rb_id2str(((*yyvaluep).id)));
                         ~~~~~~~~~~~  ^~~~~~~~~~~~~~~~~~~~~~~~~~~
ripper.y:2621:39: warning: format specifies type 'long' but the argument has type 'VALUE' (aka 'unsigned __intcap') [-Wformat]
    rb_parser_printf(p, "%"PRIsVALUE, rb_id2str(((*yyvaluep).id)));
                         ~~~~~~~~~~~  ^~~~~~~~~~~~~~~~~~~~~~~~~~~
ripper.y:2621:39: warning: format specifies type 'long' but the argument has type 'VALUE' (aka 'unsigned __intcap') [-Wformat]
    rb_parser_printf(p, "%"PRIsVALUE, rb_id2str(((*yyvaluep).id)));
                         ~~~~~~~~~~~  ^~~~~~~~~~~~~~~~~~~~~~~~~~~
ripper.y:2621:39: warning: format specifies type 'long' but the argument has type 'VALUE' (aka 'unsigned __intcap') [-Wformat]
    rb_parser_printf(p, "%"PRIsVALUE, rb_id2str(((*yyvaluep).id)));
                         ~~~~~~~~~~~  ^~~~~~~~~~~~~~~~~~~~~~~~~~~
ripper.y:2621:39: warning: format specifies type 'long' but the argument has type 'VALUE' (aka 'unsigned __intcap') [-Wformat]
    rb_parser_printf(p, "%"PRIsVALUE, rb_id2str(((*yyvaluep).id)));
                         ~~~~~~~~~~~  ^~~~~~~~~~~~~~~~~~~~~~~~~~~
ripper.y:2621:39: warning: format specifies type 'long' but the argument has type 'VALUE' (aka 'unsigned __intcap') [-Wformat]
    rb_parser_printf(p, "%"PRIsVALUE, rb_id2str(((*yyvaluep).id)));
                         ~~~~~~~~~~~  ^~~~~~~~~~~~~~~~~~~~~~~~~~~
ripper.y:2621:39: warning: format specifies type 'long' but the argument has type 'VALUE' (aka 'unsigned __intcap') [-Wformat]
    rb_parser_printf(p, "%"PRIsVALUE, rb_id2str(((*yyvaluep).id)));
                         ~~~~~~~~~~~  ^~~~~~~~~~~~~~~~~~~~~~~~~~~
ripper.y:2621:39: warning: format specifies type 'long' but the argument has type 'VALUE' (aka 'unsigned __intcap') [-Wformat]
    rb_parser_printf(p, "%"PRIsVALUE, rb_id2str(((*yyvaluep).id)));
                         ~~~~~~~~~~~  ^~~~~~~~~~~~~~~~~~~~~~~~~~~
ripper.y:2621:39: warning: format specifies type 'long' but the argument has type 'VALUE' (aka 'unsigned __intcap') [-Wformat]
    rb_parser_printf(p, "%"PRIsVALUE, rb_id2str(((*yyvaluep).id)));
                         ~~~~~~~~~~~  ^~~~~~~~~~~~~~~~~~~~~~~~~~~
ripper.y:2621:39: warning: format specifies type 'long' but the argument has type 'VALUE' (aka 'unsigned __intcap') [-Wformat]
    rb_parser_printf(p, "%"PRIsVALUE, rb_id2str(((*yyvaluep).id)));
                         ~~~~~~~~~~~  ^~~~~~~~~~~~~~~~~~~~~~~~~~~
ripper.y:2621:39: warning: format specifies type 'long' but the argument has type 'VALUE' (aka 'unsigned __intcap') [-Wformat]
    rb_parser_printf(p, "%"PRIsVALUE, rb_id2str(((*yyvaluep).id)));
                         ~~~~~~~~~~~  ^~~~~~~~~~~~~~~~~~~~~~~~~~~
ripper.y:2621:39: warning: format specifies type 'long' but the argument has type 'VALUE' (aka 'unsigned __intcap') [-Wformat]
    rb_parser_printf(p, "%"PRIsVALUE, rb_id2str(((*yyvaluep).id)));
                         ~~~~~~~~~~~  ^~~~~~~~~~~~~~~~~~~~~~~~~~~
ripper.y:2621:39: warning: format specifies type 'long' but the argument has type 'VALUE' (aka 'unsigned __intcap') [-Wformat]
    rb_parser_printf(p, "%"PRIsVALUE, rb_id2str(((*yyvaluep).id)));
                         ~~~~~~~~~~~  ^~~~~~~~~~~~~~~~~~~~~~~~~~~
ripper.y:2621:39: warning: format specifies type 'long' but the argument has type 'VALUE' (aka 'unsigned __intcap') [-Wformat]
    rb_parser_printf(p, "%"PRIsVALUE, rb_id2str(((*yyvaluep).id)));
                         ~~~~~~~~~~~  ^~~~~~~~~~~~~~~~~~~~~~~~~~~
ripper.y:2621:39: warning: format specifies type 'long' but the argument has type 'VALUE' (aka 'unsigned __intcap') [-Wformat]
    rb_parser_printf(p, "%"PRIsVALUE, rb_id2str(((*yyvaluep).id)));
                         ~~~~~~~~~~~  ^~~~~~~~~~~~~~~~~~~~~~~~~~~
ripper.y:2621:39: warning: format specifies type 'long' but the argument has type 'VALUE' (aka 'unsigned __intcap') [-Wformat]
    rb_parser_printf(p, "%"PRIsVALUE, rb_id2str(((*yyvaluep).id)));
                         ~~~~~~~~~~~  ^~~~~~~~~~~~~~~~~~~~~~~~~~~
ripper.y:2621:39: warning: format specifies type 'long' but the argument has type 'VALUE' (aka 'unsigned __intcap') [-Wformat]
    rb_parser_printf(p, "%"PRIsVALUE, rb_id2str(((*yyvaluep).id)));
                         ~~~~~~~~~~~  ^~~~~~~~~~~~~~~~~~~~~~~~~~~
ripper.y:2621:39: warning: format specifies type 'long' but the argument has type 'VALUE' (aka 'unsigned __intcap') [-Wformat]
    rb_parser_printf(p, "%"PRIsVALUE, rb_id2str(((*yyvaluep).id)));
                         ~~~~~~~~~~~  ^~~~~~~~~~~~~~~~~~~~~~~~~~~
ripper.y:2621:39: warning: format specifies type 'long' but the argument has type 'VALUE' (aka 'unsigned __intcap') [-Wformat]
    rb_parser_printf(p, "%"PRIsVALUE, rb_id2str(((*yyvaluep).id)));
                         ~~~~~~~~~~~  ^~~~~~~~~~~~~~~~~~~~~~~~~~~
ripper.y:2621:39: warning: format specifies type 'long' but the argument has type 'VALUE' (aka 'unsigned __intcap') [-Wformat]
    rb_parser_printf(p, "%"PRIsVALUE, rb_id2str(((*yyvaluep).id)));
                         ~~~~~~~~~~~  ^~~~~~~~~~~~~~~~~~~~~~~~~~~
ripper.y:2621:39: warning: format specifies type 'long' but the argument has type 'VALUE' (aka 'unsigned __intcap') [-Wformat]
    rb_parser_printf(p, "%"PRIsVALUE, rb_id2str(((*yyvaluep).id)));
                         ~~~~~~~~~~~  ^~~~~~~~~~~~~~~~~~~~~~~~~~~
ripper.y:2621:39: warning: format specifies type 'long' but the argument has type 'VALUE' (aka 'unsigned __intcap') [-Wformat]
    rb_parser_printf(p, "%"PRIsVALUE, rb_id2str(((*yyvaluep).id)));
                         ~~~~~~~~~~~  ^~~~~~~~~~~~~~~~~~~~~~~~~~~
ripper.y:2621:39: warning: format specifies type 'long' but the argument has type 'VALUE' (aka 'unsigned __intcap') [-Wformat]
    rb_parser_printf(p, "%"PRIsVALUE, rb_id2str(((*yyvaluep).id)));
                         ~~~~~~~~~~~  ^~~~~~~~~~~~~~~~~~~~~~~~~~~
ripper.y:2621:39: warning: format specifies type 'long' but the argument has type 'VALUE' (aka 'unsigned __intcap') [-Wformat]
    rb_parser_printf(p, "%"PRIsVALUE, rb_id2str(((*yyvaluep).id)));
                         ~~~~~~~~~~~  ^~~~~~~~~~~~~~~~~~~~~~~~~~~
ripper.y:2621:39: warning: format specifies type 'long' but the argument has type 'VALUE' (aka 'unsigned __intcap') [-Wformat]
    rb_parser_printf(p, "%"PRIsVALUE, rb_id2str(((*yyvaluep).id)));
                         ~~~~~~~~~~~  ^~~~~~~~~~~~~~~~~~~~~~~~~~~
ripper.y:2621:39: warning: format specifies type 'long' but the argument has type 'VALUE' (aka 'unsigned __intcap') [-Wformat]
    rb_parser_printf(p, "%"PRIsVALUE, rb_id2str(((*yyvaluep).id)));
                         ~~~~~~~~~~~  ^~~~~~~~~~~~~~~~~~~~~~~~~~~
ripper.y:2621:39: warning: format specifies type 'long' but the argument has type 'VALUE' (aka 'unsigned __intcap') [-Wformat]
    rb_parser_printf(p, "%"PRIsVALUE, rb_id2str(((*yyvaluep).id)));
                         ~~~~~~~~~~~  ^~~~~~~~~~~~~~~~~~~~~~~~~~~
ripper.y:2621:39: warning: format specifies type 'long' but the argument has type 'VALUE' (aka 'unsigned __intcap') [-Wformat]
    rb_parser_printf(p, "%"PRIsVALUE, rb_id2str(((*yyvaluep).id)));
                         ~~~~~~~~~~~  ^~~~~~~~~~~~~~~~~~~~~~~~~~~
ripper.y:2621:39: warning: format specifies type 'long' but the argument has type 'VALUE' (aka 'unsigned __intcap') [-Wformat]
    rb_parser_printf(p, "%"PRIsVALUE, rb_id2str(((*yyvaluep).id)));
                         ~~~~~~~~~~~  ^~~~~~~~~~~~~~~~~~~~~~~~~~~
ripper.y:2621:39: warning: format specifies type 'long' but the argument has type 'VALUE' (aka 'unsigned __intcap') [-Wformat]
    rb_parser_printf(p, "%"PRIsVALUE, rb_id2str(((*yyvaluep).id)));
                         ~~~~~~~~~~~  ^~~~~~~~~~~~~~~~~~~~~~~~~~~
ripper.y:2621:39: warning: format specifies type 'long' but the argument has type 'VALUE' (aka 'unsigned __intcap') [-Wformat]
    rb_parser_printf(p, "%"PRIsVALUE, rb_id2str(((*yyvaluep).id)));
                         ~~~~~~~~~~~  ^~~~~~~~~~~~~~~~~~~~~~~~~~~
ripper.y:2621:39: warning: format specifies type 'long' but the argument has type 'VALUE' (aka 'unsigned __intcap') [-Wformat]
    rb_parser_printf(p, "%"PRIsVALUE, rb_id2str(((*yyvaluep).id)));
                         ~~~~~~~~~~~  ^~~~~~~~~~~~~~~~~~~~~~~~~~~
ripper.y:2621:39: warning: format specifies type 'long' but the argument has type 'VALUE' (aka 'unsigned __intcap') [-Wformat]
    rb_parser_printf(p, "%"PRIsVALUE, rb_id2str(((*yyvaluep).id)));
                         ~~~~~~~~~~~  ^~~~~~~~~~~~~~~~~~~~~~~~~~~
ripper.y:2621:39: warning: format specifies type 'long' but the argument has type 'VALUE' (aka 'unsigned __intcap') [-Wformat]
    rb_parser_printf(p, "%"PRIsVALUE, rb_id2str(((*yyvaluep).id)));
                         ~~~~~~~~~~~  ^~~~~~~~~~~~~~~~~~~~~~~~~~~
ripper.y:4402:25: warning: overflow in expression; result is 9223372036854775807 with type 'long' [-Winteger-overflow]
                        nd_set_line((yyval.node), (yylsp[-3]).end_pos.lineno);
                        ^
../../../node.h:78:71: note: expanded from macro 'nd_set_line'
    (n)->flags=(((n)->flags&~((VALUE)(-1)<<NODE_LSHIFT))|((VALUE)((l)&NODE_LMASK)<<NODE_LSHIFT))
                                                                      ^
../../../node.h:74:77: note: expanded from macro 'NODE_LMASK'
#define NODE_LMASK  (((SIGNED_VALUE)1<<(sizeof(VALUE)*CHAR_BIT-NODE_LSHIFT))-1)
                                                                            ^
ripper.y:4607:25: warning: overflow in expression; result is 9223372036854775807 with type 'long' [-Winteger-overflow]
                        nd_set_line(RNODE_CLASS((yyval.node))->nd_body, (yylsp[0]).end_pos.lineno);
                        ^
../../../node.h:78:71: note: expanded from macro 'nd_set_line'
    (n)->flags=(((n)->flags&~((VALUE)(-1)<<NODE_LSHIFT))|((VALUE)((l)&NODE_LMASK)<<NODE_LSHIFT))
                                                                      ^
../../../node.h:74:77: note: expanded from macro 'NODE_LMASK'
#define NODE_LMASK  (((SIGNED_VALUE)1<<(sizeof(VALUE)*CHAR_BIT-NODE_LSHIFT))-1)
                                                                            ^
ripper.y:4609:25: warning: overflow in expression; result is 9223372036854775807 with type 'long' [-Winteger-overflow]
                        nd_set_line((yyval.node), (yylsp[-3]).end_pos.lineno);
                        ^
../../../node.h:78:71: note: expanded from macro 'nd_set_line'
    (n)->flags=(((n)->flags&~((VALUE)(-1)<<NODE_LSHIFT))|((VALUE)((l)&NODE_LMASK)<<NODE_LSHIFT))
                                                                      ^
../../../node.h:74:77: note: expanded from macro 'NODE_LMASK'
#define NODE_LMASK  (((SIGNED_VALUE)1<<(sizeof(VALUE)*CHAR_BIT-NODE_LSHIFT))-1)
                                                                            ^
ripper.y:4625:25: warning: overflow in expression; result is 9223372036854775807 with type 'long' [-Winteger-overflow]
                        nd_set_line(RNODE_SCLASS((yyval.node))->nd_body, (yylsp[0]).end_pos.lineno);
                        ^
../../../node.h:78:71: note: expanded from macro 'nd_set_line'
    (n)->flags=(((n)->flags&~((VALUE)(-1)<<NODE_LSHIFT))|((VALUE)((l)&NODE_LMASK)<<NODE_LSHIFT))
                                                                      ^
../../../node.h:74:77: note: expanded from macro 'NODE_LMASK'
#define NODE_LMASK  (((SIGNED_VALUE)1<<(sizeof(VALUE)*CHAR_BIT-NODE_LSHIFT))-1)
                                                                            ^
ripper.y:4643:25: warning: overflow in expression; result is 9223372036854775807 with type 'long' [-Winteger-overflow]
                        nd_set_line(RNODE_MODULE((yyval.node))->nd_body, (yylsp[0]).end_pos.lineno);
                        ^
../../../node.h:78:71: note: expanded from macro 'nd_set_line'
    (n)->flags=(((n)->flags&~((VALUE)(-1)<<NODE_LSHIFT))|((VALUE)((l)&NODE_LMASK)<<NODE_LSHIFT))
                                                                      ^
../../../node.h:74:77: note: expanded from macro 'NODE_LMASK'
#define NODE_LMASK  (((SIGNED_VALUE)1<<(sizeof(VALUE)*CHAR_BIT-NODE_LSHIFT))-1)
                                                                            ^
ripper.y:4645:25: warning: overflow in expression; result is 9223372036854775807 with type 'long' [-Winteger-overflow]
                        nd_set_line((yyval.node), (yylsp[-3]).end_pos.lineno);
                        ^
../../../node.h:78:71: note: expanded from macro 'nd_set_line'
    (n)->flags=(((n)->flags&~((VALUE)(-1)<<NODE_LSHIFT))|((VALUE)((l)&NODE_LMASK)<<NODE_LSHIFT))
                                                                      ^
../../../node.h:74:77: note: expanded from macro 'NODE_LMASK'
#define NODE_LMASK  (((SIGNED_VALUE)1<<(sizeof(VALUE)*CHAR_BIT-NODE_LSHIFT))-1)
                                                                            ^
ripper.y:5197:29: warning: overflow in expression; result is 9223372036854775807 with type 'long' [-Winteger-overflow]
                            nd_set_line(RNODE_LAMBDA((yyval.node))->nd_body, (yylsp[0]).end_pos.lineno);
                            ^
../../../node.h:78:71: note: expanded from macro 'nd_set_line'
    (n)->flags=(((n)->flags&~((VALUE)(-1)<<NODE_LSHIFT))|((VALUE)((l)&NODE_LMASK)<<NODE_LSHIFT))
                                                                      ^
../../../node.h:74:77: note: expanded from macro 'NODE_LMASK'
#define NODE_LMASK  (((SIGNED_VALUE)1<<(sizeof(VALUE)*CHAR_BIT-NODE_LSHIFT))-1)
                                                                            ^
ripper.y:5198:29: warning: overflow in expression; result is 9223372036854775807 with type 'long' [-Winteger-overflow]
                            nd_set_line((yyval.node), (yylsp[-2]).end_pos.lineno);
                            ^
../../../node.h:78:71: note: expanded from macro 'nd_set_line'
    (n)->flags=(((n)->flags&~((VALUE)(-1)<<NODE_LSHIFT))|((VALUE)((l)&NODE_LMASK)<<NODE_LSHIFT))
                                                                      ^
../../../node.h:74:77: note: expanded from macro 'NODE_LMASK'
#define NODE_LMASK  (((SIGNED_VALUE)1<<(sizeof(VALUE)*CHAR_BIT-NODE_LSHIFT))-1)
                                                                            ^
ripper.y:5298:25: warning: overflow in expression; result is 9223372036854775807 with type 'long' [-Winteger-overflow]
                        nd_set_line((yyval.node), (yylsp[-1]).end_pos.lineno);
                        ^
../../../node.h:78:71: note: expanded from macro 'nd_set_line'
    (n)->flags=(((n)->flags&~((VALUE)(-1)<<NODE_LSHIFT))|((VALUE)((l)&NODE_LMASK)<<NODE_LSHIFT))
                                                                      ^
../../../node.h:74:77: note: expanded from macro 'NODE_LMASK'
#define NODE_LMASK  (((SIGNED_VALUE)1<<(sizeof(VALUE)*CHAR_BIT-NODE_LSHIFT))-1)
                                                                            ^
ripper.y:5307:25: warning: overflow in expression; result is 9223372036854775807 with type 'long' [-Winteger-overflow]
                        nd_set_line((yyval.node), (yylsp[-1]).end_pos.lineno);
                        ^
../../../node.h:78:71: note: expanded from macro 'nd_set_line'
    (n)->flags=(((n)->flags&~((VALUE)(-1)<<NODE_LSHIFT))|((VALUE)((l)&NODE_LMASK)<<NODE_LSHIFT))
                                                                      ^
../../../node.h:74:77: note: expanded from macro 'NODE_LMASK'
#define NODE_LMASK  (((SIGNED_VALUE)1<<(sizeof(VALUE)*CHAR_BIT-NODE_LSHIFT))-1)
                                                                            ^
ripper.y:5318:25: warning: overflow in expression; result is 9223372036854775807 with type 'long' [-Winteger-overflow]
                        nd_set_line((yyval.node), (yylsp[-1]).end_pos.lineno);
                        ^
../../../node.h:78:71: note: expanded from macro 'nd_set_line'
    (n)->flags=(((n)->flags&~((VALUE)(-1)<<NODE_LSHIFT))|((VALUE)((l)&NODE_LMASK)<<NODE_LSHIFT))
                                                                      ^
../../../node.h:74:77: note: expanded from macro 'NODE_LMASK'
#define NODE_LMASK  (((SIGNED_VALUE)1<<(sizeof(VALUE)*CHAR_BIT-NODE_LSHIFT))-1)
                                                                            ^
ripper.y:5324:25: warning: overflow in expression; result is 9223372036854775807 with type 'long' [-Winteger-overflow]
                        nd_set_line((yyval.node), (yylsp[-1]).end_pos.lineno);
                        ^
../../../node.h:78:71: note: expanded from macro 'nd_set_line'
    (n)->flags=(((n)->flags&~((VALUE)(-1)<<NODE_LSHIFT))|((VALUE)((l)&NODE_LMASK)<<NODE_LSHIFT))
                                                                      ^
../../../node.h:74:77: note: expanded from macro 'NODE_LMASK'
#define NODE_LMASK  (((SIGNED_VALUE)1<<(sizeof(VALUE)*CHAR_BIT-NODE_LSHIFT))-1)
                                                                            ^
ripper.y:5890:86: warning: format specifies type 'long' but the argument has type 'VALUE' (aka 'unsigned __intcap') [-Wformat]
                            compile_error(p, "%"PRIsVALUE": no such local variable", rb_id2str((yyvsp[0].id)));
                                              ~~~~~~~~~~~                            ^~~~~~~~~~~~~~~~~~~~~~~~
ripper.y:6176:25: warning: overflow in expression; result is 9223372036854775807 with type 'long' [-Winteger-overflow]
                        nd_set_line((yyval.node), (yylsp[0]).end_pos.lineno);
                        ^
../../../node.h:78:71: note: expanded from macro 'nd_set_line'
    (n)->flags=(((n)->flags&~((VALUE)(-1)<<NODE_LSHIFT))|((VALUE)((l)&NODE_LMASK)<<NODE_LSHIFT))
                                                                      ^
../../../node.h:74:77: note: expanded from macro 'NODE_LMASK'
#define NODE_LMASK  (((SIGNED_VALUE)1<<(sizeof(VALUE)*CHAR_BIT-NODE_LSHIFT))-1)
                                                                            ^
ripper.y:4402:25: warning: shift count >= width of type [-Wshift-count-overflow]
                        nd_set_line((yyval.node), (yylsp[-3]).end_pos.lineno);
                        ^~~~~~~~~~~~~~~~~~~~~~~~~~~~~~~~~~~~~~~~~~~~~~~~~~~~~
../../../node.h:78:71: note: expanded from macro 'nd_set_line'
    (n)->flags=(((n)->flags&~((VALUE)(-1)<<NODE_LSHIFT))|((VALUE)((l)&NODE_LMASK)<<NODE_LSHIFT))
                                                                      ^~~~~~~~~~
../../../node.h:74:38: note: expanded from macro 'NODE_LMASK'
#define NODE_LMASK  (((SIGNED_VALUE)1<<(sizeof(VALUE)*CHAR_BIT-NODE_LSHIFT))-1)
                                     ^ ~~~~~~~~~~~~~~~~~~~~~~~~~~~~~~~~~~~~
ripper.y:4607:25: warning: shift count >= width of type [-Wshift-count-overflow]
                        nd_set_line(RNODE_CLASS((yyval.node))->nd_body, (yylsp[0]).end_pos.lineno);
                        ^~~~~~~~~~~~~~~~~~~~~~~~~~~~~~~~~~~~~~~~~~~~~~~~~~~~~~~~~~~~~~~~~~~~~~~~~~
../../../node.h:78:71: note: expanded from macro 'nd_set_line'
    (n)->flags=(((n)->flags&~((VALUE)(-1)<<NODE_LSHIFT))|((VALUE)((l)&NODE_LMASK)<<NODE_LSHIFT))
                                                                      ^~~~~~~~~~
../../../node.h:74:38: note: expanded from macro 'NODE_LMASK'
#define NODE_LMASK  (((SIGNED_VALUE)1<<(sizeof(VALUE)*CHAR_BIT-NODE_LSHIFT))-1)
                                     ^ ~~~~~~~~~~~~~~~~~~~~~~~~~~~~~~~~~~~~
ripper.y:4609:25: warning: shift count >= width of type [-Wshift-count-overflow]
                        nd_set_line((yyval.node), (yylsp[-3]).end_pos.lineno);
                        ^~~~~~~~~~~~~~~~~~~~~~~~~~~~~~~~~~~~~~~~~~~~~~~~~~~~~
../../../node.h:78:71: note: expanded from macro 'nd_set_line'
    (n)->flags=(((n)->flags&~((VALUE)(-1)<<NODE_LSHIFT))|((VALUE)((l)&NODE_LMASK)<<NODE_LSHIFT))
                                                                      ^~~~~~~~~~
../../../node.h:74:38: note: expanded from macro 'NODE_LMASK'
#define NODE_LMASK  (((SIGNED_VALUE)1<<(sizeof(VALUE)*CHAR_BIT-NODE_LSHIFT))-1)
                                     ^ ~~~~~~~~~~~~~~~~~~~~~~~~~~~~~~~~~~~~
ripper.y:4625:25: warning: shift count >= width of type [-Wshift-count-overflow]
                        nd_set_line(RNODE_SCLASS((yyval.node))->nd_body, (yylsp[0]).end_pos.lineno);
                        ^~~~~~~~~~~~~~~~~~~~~~~~~~~~~~~~~~~~~~~~~~~~~~~~~~~~~~~~~~~~~~~~~~~~~~~~~~~
../../../node.h:78:71: note: expanded from macro 'nd_set_line'
    (n)->flags=(((n)->flags&~((VALUE)(-1)<<NODE_LSHIFT))|((VALUE)((l)&NODE_LMASK)<<NODE_LSHIFT))
                                                                      ^~~~~~~~~~
../../../node.h:74:38: note: expanded from macro 'NODE_LMASK'
#define NODE_LMASK  (((SIGNED_VALUE)1<<(sizeof(VALUE)*CHAR_BIT-NODE_LSHIFT))-1)
                                     ^ ~~~~~~~~~~~~~~~~~~~~~~~~~~~~~~~~~~~~
ripper.y:4643:25: warning: shift count >= width of type [-Wshift-count-overflow]
                        nd_set_line(RNODE_MODULE((yyval.node))->nd_body, (yylsp[0]).end_pos.lineno);
                        ^~~~~~~~~~~~~~~~~~~~~~~~~~~~~~~~~~~~~~~~~~~~~~~~~~~~~~~~~~~~~~~~~~~~~~~~~~~
../../../node.h:78:71: note: expanded from macro 'nd_set_line'
    (n)->flags=(((n)->flags&~((VALUE)(-1)<<NODE_LSHIFT))|((VALUE)((l)&NODE_LMASK)<<NODE_LSHIFT))
                                                                      ^~~~~~~~~~
../../../node.h:74:38: note: expanded from macro 'NODE_LMASK'
#define NODE_LMASK  (((SIGNED_VALUE)1<<(sizeof(VALUE)*CHAR_BIT-NODE_LSHIFT))-1)
                                     ^ ~~~~~~~~~~~~~~~~~~~~~~~~~~~~~~~~~~~~
ripper.y:4645:25: warning: shift count >= width of type [-Wshift-count-overflow]
                        nd_set_line((yyval.node), (yylsp[-3]).end_pos.lineno);
                        ^~~~~~~~~~~~~~~~~~~~~~~~~~~~~~~~~~~~~~~~~~~~~~~~~~~~~
../../../node.h:78:71: note: expanded from macro 'nd_set_line'
    (n)->flags=(((n)->flags&~((VALUE)(-1)<<NODE_LSHIFT))|((VALUE)((l)&NODE_LMASK)<<NODE_LSHIFT))
                                                                      ^~~~~~~~~~
../../../node.h:74:38: note: expanded from macro 'NODE_LMASK'
#define NODE_LMASK  (((SIGNED_VALUE)1<<(sizeof(VALUE)*CHAR_BIT-NODE_LSHIFT))-1)
                                     ^ ~~~~~~~~~~~~~~~~~~~~~~~~~~~~~~~~~~~~
ripper.y:5197:29: warning: shift count >= width of type [-Wshift-count-overflow]
                            nd_set_line(RNODE_LAMBDA((yyval.node))->nd_body, (yylsp[0]).end_pos.lineno);
                            ^~~~~~~~~~~~~~~~~~~~~~~~~~~~~~~~~~~~~~~~~~~~~~~~~~~~~~~~~~~~~~~~~~~~~~~~~~~
../../../node.h:78:71: note: expanded from macro 'nd_set_line'
    (n)->flags=(((n)->flags&~((VALUE)(-1)<<NODE_LSHIFT))|((VALUE)((l)&NODE_LMASK)<<NODE_LSHIFT))
                                                                      ^~~~~~~~~~
../../../node.h:74:38: note: expanded from macro 'NODE_LMASK'
#define NODE_LMASK  (((SIGNED_VALUE)1<<(sizeof(VALUE)*CHAR_BIT-NODE_LSHIFT))-1)
                                     ^ ~~~~~~~~~~~~~~~~~~~~~~~~~~~~~~~~~~~~
ripper.y:5198:29: warning: shift count >= width of type [-Wshift-count-overflow]
                            nd_set_line((yyval.node), (yylsp[-2]).end_pos.lineno);
                            ^~~~~~~~~~~~~~~~~~~~~~~~~~~~~~~~~~~~~~~~~~~~~~~~~~~~~
../../../node.h:78:71: note: expanded from macro 'nd_set_line'
    (n)->flags=(((n)->flags&~((VALUE)(-1)<<NODE_LSHIFT))|((VALUE)((l)&NODE_LMASK)<<NODE_LSHIFT))
                                                                      ^~~~~~~~~~
../../../node.h:74:38: note: expanded from macro 'NODE_LMASK'
#define NODE_LMASK  (((SIGNED_VALUE)1<<(sizeof(VALUE)*CHAR_BIT-NODE_LSHIFT))-1)
                                     ^ ~~~~~~~~~~~~~~~~~~~~~~~~~~~~~~~~~~~~
ripper.y:5298:25: warning: shift count >= width of type [-Wshift-count-overflow]
                        nd_set_line((yyval.node), (yylsp[-1]).end_pos.lineno);
                        ^~~~~~~~~~~~~~~~~~~~~~~~~~~~~~~~~~~~~~~~~~~~~~~~~~~~~
../../../node.h:78:71: note: expanded from macro 'nd_set_line'
    (n)->flags=(((n)->flags&~((VALUE)(-1)<<NODE_LSHIFT))|((VALUE)((l)&NODE_LMASK)<<NODE_LSHIFT))
                                                                      ^~~~~~~~~~
../../../node.h:74:38: note: expanded from macro 'NODE_LMASK'
#define NODE_LMASK  (((SIGNED_VALUE)1<<(sizeof(VALUE)*CHAR_BIT-NODE_LSHIFT))-1)
                                     ^ ~~~~~~~~~~~~~~~~~~~~~~~~~~~~~~~~~~~~
ripper.y:5307:25: warning: shift count >= width of type [-Wshift-count-overflow]
                        nd_set_line((yyval.node), (yylsp[-1]).end_pos.lineno);
                        ^~~~~~~~~~~~~~~~~~~~~~~~~~~~~~~~~~~~~~~~~~~~~~~~~~~~~
../../../node.h:78:71: note: expanded from macro 'nd_set_line'
    (n)->flags=(((n)->flags&~((VALUE)(-1)<<NODE_LSHIFT))|((VALUE)((l)&NODE_LMASK)<<NODE_LSHIFT))
                                                                      ^~~~~~~~~~
../../../node.h:74:38: note: expanded from macro 'NODE_LMASK'
#define NODE_LMASK  (((SIGNED_VALUE)1<<(sizeof(VALUE)*CHAR_BIT-NODE_LSHIFT))-1)
                                     ^ ~~~~~~~~~~~~~~~~~~~~~~~~~~~~~~~~~~~~
ripper.y:5318:25: warning: shift count >= width of type [-Wshift-count-overflow]
                        nd_set_line((yyval.node), (yylsp[-1]).end_pos.lineno);
                        ^~~~~~~~~~~~~~~~~~~~~~~~~~~~~~~~~~~~~~~~~~~~~~~~~~~~~
../../../node.h:78:71: note: expanded from macro 'nd_set_line'
    (n)->flags=(((n)->flags&~((VALUE)(-1)<<NODE_LSHIFT))|((VALUE)((l)&NODE_LMASK)<<NODE_LSHIFT))
                                                                      ^~~~~~~~~~
../../../node.h:74:38: note: expanded from macro 'NODE_LMASK'
#define NODE_LMASK  (((SIGNED_VALUE)1<<(sizeof(VALUE)*CHAR_BIT-NODE_LSHIFT))-1)
                                     ^ ~~~~~~~~~~~~~~~~~~~~~~~~~~~~~~~~~~~~
ripper.y:5324:25: warning: shift count >= width of type [-Wshift-count-overflow]
                        nd_set_line((yyval.node), (yylsp[-1]).end_pos.lineno);
                        ^~~~~~~~~~~~~~~~~~~~~~~~~~~~~~~~~~~~~~~~~~~~~~~~~~~~~
../../../node.h:78:71: note: expanded from macro 'nd_set_line'
    (n)->flags=(((n)->flags&~((VALUE)(-1)<<NODE_LSHIFT))|((VALUE)((l)&NODE_LMASK)<<NODE_LSHIFT))
                                                                      ^~~~~~~~~~
../../../node.h:74:38: note: expanded from macro 'NODE_LMASK'
#define NODE_LMASK  (((SIGNED_VALUE)1<<(sizeof(VALUE)*CHAR_BIT-NODE_LSHIFT))-1)
                                     ^ ~~~~~~~~~~~~~~~~~~~~~~~~~~~~~~~~~~~~
ripper.y:6176:25: warning: shift count >= width of type [-Wshift-count-overflow]
                        nd_set_line((yyval.node), (yylsp[0]).end_pos.lineno);
                        ^~~~~~~~~~~~~~~~~~~~~~~~~~~~~~~~~~~~~~~~~~~~~~~~~~~~
../../../node.h:78:71: note: expanded from macro 'nd_set_line'
    (n)->flags=(((n)->flags&~((VALUE)(-1)<<NODE_LSHIFT))|((VALUE)((l)&NODE_LMASK)<<NODE_LSHIFT))
                                                                      ^~~~~~~~~~
../../../node.h:74:38: note: expanded from macro 'NODE_LMASK'
#define NODE_LMASK  (((SIGNED_VALUE)1<<(sizeof(VALUE)*CHAR_BIT-NODE_LSHIFT))-1)
                                     ^ ~~~~~~~~~~~~~~~~~~~~~~~~~~~~~~~~~~~~
ripper.y:9403:66: warning: format specifies type 'long' but the argument has type 'VALUE' (aka 'unsigned __intcap') [-Wformat]
        rb_ary_unshift(excargs[2], rb_sprintf("%"PRIsVALUE":%d", p->ruby_sourcefile_string, p->ruby_sourceline));
                                               ~~~~~~~~~~~       ^~~~~~~~~~~~~~~~~~~~~~~~~
ripper.y:11331:5: warning: overflow in expression; result is 9223372036854775807 with type 'long' [-Winteger-overflow]
    nd_set_line(nd, loc->beg_pos.lineno);
    ^
../../../node.h:78:71: note: expanded from macro 'nd_set_line'
    (n)->flags=(((n)->flags&~((VALUE)(-1)<<NODE_LSHIFT))|((VALUE)((l)&NODE_LMASK)<<NODE_LSHIFT))
                                                                      ^
../../../node.h:74:77: note: expanded from macro 'NODE_LMASK'
#define NODE_LMASK  (((SIGNED_VALUE)1<<(sizeof(VALUE)*CHAR_BIT-NODE_LSHIFT))-1)
                                                                            ^
ripper.y:11331:5: warning: shift count >= width of type [-Wshift-count-overflow]
    nd_set_line(nd, loc->beg_pos.lineno);
    ^~~~~~~~~~~~~~~~~~~~~~~~~~~~~~~~~~~~
../../../node.h:78:71: note: expanded from macro 'nd_set_line'
    (n)->flags=(((n)->flags&~((VALUE)(-1)<<NODE_LSHIFT))|((VALUE)((l)&NODE_LMASK)<<NODE_LSHIFT))
                                                                      ^~~~~~~~~~
../../../node.h:74:38: note: expanded from macro 'NODE_LMASK'
#define NODE_LMASK  (((SIGNED_VALUE)1<<(sizeof(VALUE)*CHAR_BIT-NODE_LSHIFT))-1)
                                     ^ ~~~~~~~~~~~~~~~~~~~~~~~~~~~~~~~~~~~~
ripper.y:12549:5: warning: overflow in expression; result is 9223372036854775807 with type 'long' [-Winteger-overflow]
    nd_set_line(node, nd_line(orig));
    ^
../../../node.h:78:71: note: expanded from macro 'nd_set_line'
    (n)->flags=(((n)->flags&~((VALUE)(-1)<<NODE_LSHIFT))|((VALUE)((l)&NODE_LMASK)<<NODE_LSHIFT))
                                                                      ^
../../../node.h:74:77: note: expanded from macro 'NODE_LMASK'
#define NODE_LMASK  (((SIGNED_VALUE)1<<(sizeof(VALUE)*CHAR_BIT-NODE_LSHIFT))-1)
                                                                            ^
ripper.y:12549:5: warning: shift count >= width of type [-Wshift-count-overflow]
    nd_set_line(node, nd_line(orig));
    ^~~~~~~~~~~~~~~~~~~~~~~~~~~~~~~~
../../../node.h:78:71: note: expanded from macro 'nd_set_line'
    (n)->flags=(((n)->flags&~((VALUE)(-1)<<NODE_LSHIFT))|((VALUE)((l)&NODE_LMASK)<<NODE_LSHIFT))
                                                                      ^~~~~~~~~~
../../../node.h:74:38: note: expanded from macro 'NODE_LMASK'
#define NODE_LMASK  (((SIGNED_VALUE)1<<(sizeof(VALUE)*CHAR_BIT-NODE_LSHIFT))-1)
                                     ^ ~~~~~~~~~~~~~~~~~~~~~~~~~~~~~~~~~~~~
ripper.y:12782:5: warning: overflow in expression; result is 9223372036854775807 with type 'long' [-Winteger-overflow]
    nd_set_line(new_node, nd_line(old_node));
    ^
../../../node.h:78:71: note: expanded from macro 'nd_set_line'
    (n)->flags=(((n)->flags&~((VALUE)(-1)<<NODE_LSHIFT))|((VALUE)((l)&NODE_LMASK)<<NODE_LSHIFT))
                                                                      ^
../../../node.h:74:77: note: expanded from macro 'NODE_LMASK'
#define NODE_LMASK  (((SIGNED_VALUE)1<<(sizeof(VALUE)*CHAR_BIT-NODE_LSHIFT))-1)
                                                                            ^
ripper.y:12782:5: warning: shift count >= width of type [-Wshift-count-overflow]
    nd_set_line(new_node, nd_line(old_node));
    ^~~~~~~~~~~~~~~~~~~~~~~~~~~~~~~~~~~~~~~~
../../../node.h:78:71: note: expanded from macro 'nd_set_line'
    (n)->flags=(((n)->flags&~((VALUE)(-1)<<NODE_LSHIFT))|((VALUE)((l)&NODE_LMASK)<<NODE_LSHIFT))
                                                                      ^~~~~~~~~~
../../../node.h:74:38: note: expanded from macro 'NODE_LMASK'
#define NODE_LMASK  (((SIGNED_VALUE)1<<(sizeof(VALUE)*CHAR_BIT-NODE_LSHIFT))-1)
                                     ^ ~~~~~~~~~~~~~~~~~~~~~~~~~~~~~~~~~~~~
ripper.y:12854:5: warning: overflow in expression; result is 9223372036854775807 with type 'long' [-Winteger-overflow]
    nd_set_line(expr, op_loc->beg_pos.lineno);
    ^
../../../node.h:78:71: note: expanded from macro 'nd_set_line'
    (n)->flags=(((n)->flags&~((VALUE)(-1)<<NODE_LSHIFT))|((VALUE)((l)&NODE_LMASK)<<NODE_LSHIFT))
                                                                      ^
../../../node.h:74:77: note: expanded from macro 'NODE_LMASK'
#define NODE_LMASK  (((SIGNED_VALUE)1<<(sizeof(VALUE)*CHAR_BIT-NODE_LSHIFT))-1)
                                                                            ^
ripper.y:12854:5: warning: shift count >= width of type [-Wshift-count-overflow]
    nd_set_line(expr, op_loc->beg_pos.lineno);
    ^~~~~~~~~~~~~~~~~~~~~~~~~~~~~~~~~~~~~~~~~
../../../node.h:78:71: note: expanded from macro 'nd_set_line'
    (n)->flags=(((n)->flags&~((VALUE)(-1)<<NODE_LSHIFT))|((VALUE)((l)&NODE_LMASK)<<NODE_LSHIFT))
                                                                      ^~~~~~~~~~
../../../node.h:74:38: note: expanded from macro 'NODE_LMASK'
#define NODE_LMASK  (((SIGNED_VALUE)1<<(sizeof(VALUE)*CHAR_BIT-NODE_LSHIFT))-1)
                                     ^ ~~~~~~~~~~~~~~~~~~~~~~~~~~~~~~~~~~~~
ripper.y:12864:5: warning: overflow in expression; result is 9223372036854775807 with type 'long' [-Winteger-overflow]
    nd_set_line(opcall, op_loc->beg_pos.lineno);
    ^
../../../node.h:78:71: note: expanded from macro 'nd_set_line'
    (n)->flags=(((n)->flags&~((VALUE)(-1)<<NODE_LSHIFT))|((VALUE)((l)&NODE_LMASK)<<NODE_LSHIFT))
                                                                      ^
../../../node.h:74:77: note: expanded from macro 'NODE_LMASK'
#define NODE_LMASK  (((SIGNED_VALUE)1<<(sizeof(VALUE)*CHAR_BIT-NODE_LSHIFT))-1)
                                                                            ^
ripper.y:12864:5: warning: shift count >= width of type [-Wshift-count-overflow]
    nd_set_line(opcall, op_loc->beg_pos.lineno);
    ^~~~~~~~~~~~~~~~~~~~~~~~~~~~~~~~~~~~~~~~~~~
../../../node.h:78:71: note: expanded from macro 'nd_set_line'
    (n)->flags=(((n)->flags&~((VALUE)(-1)<<NODE_LSHIFT))|((VALUE)((l)&NODE_LMASK)<<NODE_LSHIFT))
                                                                      ^~~~~~~~~~
../../../node.h:74:38: note: expanded from macro 'NODE_LMASK'
#define NODE_LMASK  (((SIGNED_VALUE)1<<(sizeof(VALUE)*CHAR_BIT-NODE_LSHIFT))-1)
                                     ^ ~~~~~~~~~~~~~~~~~~~~~~~~~~~~~~~~~~~~
ripper.y:12872:5: warning: overflow in expression; result is 9223372036854775807 with type 'long' [-Winteger-overflow]
    nd_set_line(qcall, op_loc->beg_pos.lineno);
    ^
../../../node.h:78:71: note: expanded from macro 'nd_set_line'
    (n)->flags=(((n)->flags&~((VALUE)(-1)<<NODE_LSHIFT))|((VALUE)((l)&NODE_LMASK)<<NODE_LSHIFT))
                                                                      ^
../../../node.h:74:77: note: expanded from macro 'NODE_LMASK'
#define NODE_LMASK  (((SIGNED_VALUE)1<<(sizeof(VALUE)*CHAR_BIT-NODE_LSHIFT))-1)
                                                                            ^
ripper.y:12872:5: warning: shift count >= width of type [-Wshift-count-overflow]
    nd_set_line(qcall, op_loc->beg_pos.lineno);
    ^~~~~~~~~~~~~~~~~~~~~~~~~~~~~~~~~~~~~~~~~~
../../../node.h:78:71: note: expanded from macro 'nd_set_line'
    (n)->flags=(((n)->flags&~((VALUE)(-1)<<NODE_LSHIFT))|((VALUE)((l)&NODE_LMASK)<<NODE_LSHIFT))
                                                                      ^~~~~~~~~~
../../../node.h:74:38: note: expanded from macro 'NODE_LMASK'
#define NODE_LMASK  (((SIGNED_VALUE)1<<(sizeof(VALUE)*CHAR_BIT-NODE_LSHIFT))-1)
                                     ^ ~~~~~~~~~~~~~~~~~~~~~~~~~~~~~~~~~~~~
ripper.y:12910:17: warning: overflow in expression; result is 9223372036854775807 with type 'long' [-Winteger-overflow]
                nd_set_line(match, line);
                ^
../../../node.h:78:71: note: expanded from macro 'nd_set_line'
    (n)->flags=(((n)->flags&~((VALUE)(-1)<<NODE_LSHIFT))|((VALUE)((l)&NODE_LMASK)<<NODE_LSHIFT))
                                                                      ^
../../../node.h:74:77: note: expanded from macro 'NODE_LMASK'
#define NODE_LMASK  (((SIGNED_VALUE)1<<(sizeof(VALUE)*CHAR_BIT-NODE_LSHIFT))-1)
                                                                            ^
ripper.y:12920:21: warning: overflow in expression; result is 9223372036854775807 with type 'long' [-Winteger-overflow]
                    nd_set_line(match, line);
                    ^
../../../node.h:78:71: note: expanded from macro 'nd_set_line'
    (n)->flags=(((n)->flags&~((VALUE)(-1)<<NODE_LSHIFT))|((VALUE)((l)&NODE_LMASK)<<NODE_LSHIFT))
                                                                      ^
../../../node.h:74:77: note: expanded from macro 'NODE_LMASK'
#define NODE_LMASK  (((SIGNED_VALUE)1<<(sizeof(VALUE)*CHAR_BIT-NODE_LSHIFT))-1)
                                                                            ^
ripper.y:12938:5: warning: overflow in expression; result is 9223372036854775807 with type 'long' [-Winteger-overflow]
    nd_set_line(n, line);
    ^
../../../node.h:78:71: note: expanded from macro 'nd_set_line'
    (n)->flags=(((n)->flags&~((VALUE)(-1)<<NODE_LSHIFT))|((VALUE)((l)&NODE_LMASK)<<NODE_LSHIFT))
                                                                      ^
../../../node.h:74:77: note: expanded from macro 'NODE_LMASK'
#define NODE_LMASK  (((SIGNED_VALUE)1<<(sizeof(VALUE)*CHAR_BIT-NODE_LSHIFT))-1)
                                                                            ^
ripper.y:12910:17: warning: shift count >= width of type [-Wshift-count-overflow]
                nd_set_line(match, line);
                ^~~~~~~~~~~~~~~~~~~~~~~~
../../../node.h:78:71: note: expanded from macro 'nd_set_line'
    (n)->flags=(((n)->flags&~((VALUE)(-1)<<NODE_LSHIFT))|((VALUE)((l)&NODE_LMASK)<<NODE_LSHIFT))
                                                                      ^~~~~~~~~~
../../../node.h:74:38: note: expanded from macro 'NODE_LMASK'
#define NODE_LMASK  (((SIGNED_VALUE)1<<(sizeof(VALUE)*CHAR_BIT-NODE_LSHIFT))-1)
                                     ^ ~~~~~~~~~~~~~~~~~~~~~~~~~~~~~~~~~~~~
ripper.y:12920:21: warning: shift count >= width of type [-Wshift-count-overflow]
                    nd_set_line(match, line);
                    ^~~~~~~~~~~~~~~~~~~~~~~~
../../../node.h:78:71: note: expanded from macro 'nd_set_line'
    (n)->flags=(((n)->flags&~((VALUE)(-1)<<NODE_LSHIFT))|((VALUE)((l)&NODE_LMASK)<<NODE_LSHIFT))
                                                                      ^~~~~~~~~~
../../../node.h:74:38: note: expanded from macro 'NODE_LMASK'
#define NODE_LMASK  (((SIGNED_VALUE)1<<(sizeof(VALUE)*CHAR_BIT-NODE_LSHIFT))-1)
                                     ^ ~~~~~~~~~~~~~~~~~~~~~~~~~~~~~~~~~~~~
ripper.y:12938:5: warning: shift count >= width of type [-Wshift-count-overflow]
    nd_set_line(n, line);
    ^~~~~~~~~~~~~~~~~~~~
../../../node.h:78:71: note: expanded from macro 'nd_set_line'
    (n)->flags=(((n)->flags&~((VALUE)(-1)<<NODE_LSHIFT))|((VALUE)((l)&NODE_LMASK)<<NODE_LSHIFT))
                                                                      ^~~~~~~~~~
../../../node.h:74:38: note: expanded from macro 'NODE_LMASK'
#define NODE_LMASK  (((SIGNED_VALUE)1<<(sizeof(VALUE)*CHAR_BIT-NODE_LSHIFT))-1)
                                     ^ ~~~~~~~~~~~~~~~~~~~~~~~~~~~~~~~~~~~~
ripper.y:13080:69: warning: format specifies type 'long' but the argument has type 'VALUE' (aka 'unsigned __intcap') [-Wformat]
    compile_error(p, "identifier %"PRIsVALUE" is not valid to get", rb_id2str(id));
                                 ~~~~~~~~~~~                        ^~~~~~~~~~~~~
ripper.y:13302:69: warning: format specifies type 'long' but the argument has type 'VALUE' (aka 'unsigned __intcap') [-Wformat]
    compile_error(p, "identifier %"PRIsVALUE" is not valid to get", rb_id2str(id));
                                 ~~~~~~~~~~~                        ^~~~~~~~~~~~~
ripper.y:13550:73: warning: format specifies type 'long' but the argument has type 'VALUE' (aka 'unsigned __intcap') [-Wformat]
        compile_error(p, "identifier %"PRIsVALUE" is not valid to set", rb_id2str(id));
                                     ~~~~~~~~~~~                        ^~~~~~~~~~~~~
ripper.y:13626:23: warning: format specifies type 'long' but the argument has type 'VALUE' (aka 'unsigned __intcap') [-Wformat]
                      rb_id2str(name));
                      ^~~~~~~~~~~~~~~
ripper.y:14366:9: warning: overflow in expression; result is 9223372036854775807 with type 'long' [-Winteger-overflow]
        nd_set_line(RNODE_AND(node)->nd_2nd, op_loc->beg_pos.lineno);
        ^
../../../node.h:78:71: note: expanded from macro 'nd_set_line'
    (n)->flags=(((n)->flags&~((VALUE)(-1)<<NODE_LSHIFT))|((VALUE)((l)&NODE_LMASK)<<NODE_LSHIFT))
                                                                      ^
../../../node.h:74:77: note: expanded from macro 'NODE_LMASK'
#define NODE_LMASK  (((SIGNED_VALUE)1<<(sizeof(VALUE)*CHAR_BIT-NODE_LSHIFT))-1)
                                                                            ^
ripper.y:14371:5: warning: overflow in expression; result is 9223372036854775807 with type 'long' [-Winteger-overflow]
    nd_set_line(op, op_loc->beg_pos.lineno);
    ^
../../../node.h:78:71: note: expanded from macro 'nd_set_line'
    (n)->flags=(((n)->flags&~((VALUE)(-1)<<NODE_LSHIFT))|((VALUE)((l)&NODE_LMASK)<<NODE_LSHIFT))
                                                                      ^
../../../node.h:74:77: note: expanded from macro 'NODE_LMASK'
#define NODE_LMASK  (((SIGNED_VALUE)1<<(sizeof(VALUE)*CHAR_BIT-NODE_LSHIFT))-1)
                                                                            ^
ripper.y:14366:9: warning: shift count >= width of type [-Wshift-count-overflow]
        nd_set_line(RNODE_AND(node)->nd_2nd, op_loc->beg_pos.lineno);
        ^~~~~~~~~~~~~~~~~~~~~~~~~~~~~~~~~~~~~~~~~~~~~~~~~~~~~~~~~~~~
../../../node.h:78:71: note: expanded from macro 'nd_set_line'
    (n)->flags=(((n)->flags&~((VALUE)(-1)<<NODE_LSHIFT))|((VALUE)((l)&NODE_LMASK)<<NODE_LSHIFT))
                                                                      ^~~~~~~~~~
../../../node.h:74:38: note: expanded from macro 'NODE_LMASK'
#define NODE_LMASK  (((SIGNED_VALUE)1<<(sizeof(VALUE)*CHAR_BIT-NODE_LSHIFT))-1)
                                     ^ ~~~~~~~~~~~~~~~~~~~~~~~~~~~~~~~~~~~~
ripper.y:14371:5: warning: shift count >= width of type [-Wshift-count-overflow]
    nd_set_line(op, op_loc->beg_pos.lineno);
    ^~~~~~~~~~~~~~~~~~~~~~~~~~~~~~~~~~~~~~~
../../../node.h:78:71: note: expanded from macro 'nd_set_line'
    (n)->flags=(((n)->flags&~((VALUE)(-1)<<NODE_LSHIFT))|((VALUE)((l)&NODE_LMASK)<<NODE_LSHIFT))
                                                                      ^~~~~~~~~~
../../../node.h:74:38: note: expanded from macro 'NODE_LMASK'
#define NODE_LMASK  (((SIGNED_VALUE)1<<(sizeof(VALUE)*CHAR_BIT-NODE_LSHIFT))-1)
                                     ^ ~~~~~~~~~~~~~~~~~~~~~~~~~~~~~~~~~~~~
ripper.y:14882:9: warning: overflow in expression; result is 9223372036854775807 with type 'long' [-Winteger-overflow]
        nd_set_line(result, rescue->nd_loc.beg_pos.lineno);
        ^
../../../node.h:78:71: note: expanded from macro 'nd_set_line'
    (n)->flags=(((n)->flags&~((VALUE)(-1)<<NODE_LSHIFT))|((VALUE)((l)&NODE_LMASK)<<NODE_LSHIFT))
                                                                      ^
../../../node.h:74:77: note: expanded from macro 'NODE_LMASK'
#define NODE_LMASK  (((SIGNED_VALUE)1<<(sizeof(VALUE)*CHAR_BIT-NODE_LSHIFT))-1)
                                                                            ^
ripper.y:14882:9: warning: shift count >= width of type [-Wshift-count-overflow]
        nd_set_line(result, rescue->nd_loc.beg_pos.lineno);
        ^~~~~~~~~~~~~~~~~~~~~~~~~~~~~~~~~~~~~~~~~~~~~~~~~~
../../../node.h:78:71: note: expanded from macro 'nd_set_line'
    (n)->flags=(((n)->flags&~((VALUE)(-1)<<NODE_LSHIFT))|((VALUE)((l)&NODE_LMASK)<<NODE_LSHIFT))
                                                                      ^~~~~~~~~~
../../../node.h:74:38: note: expanded from macro 'NODE_LMASK'
#define NODE_LMASK  (((SIGNED_VALUE)1<<(sizeof(VALUE)*CHAR_BIT-NODE_LSHIFT))-1)
                                     ^ ~~~~~~~~~~~~~~~~~~~~~~~~~~~~~~~~~~~~
ripper.y:15497:40: warning: format specifies type 'long' but the argument has type 'VALUE' (aka 'unsigned __intcap') [-Wformat]
        compile_error(p, "%"PRIsVALUE, m);
                          ~~~~~~~~~~~  ^
193 warnings generated.
compiling ../../../ext/ripper/ripper_init.c
../../../ext/ripper/ripper_init.c:89:18: warning: format specifies type 'long' but the argument has type 'VALUE' (aka 'unsigned __intcap') [-Wformat]
                 rb_obj_class(line));
                 ^~~~~~~~~~~~~~~~~~
1 warning generated.
linking shared-object ripper.so
installing default ripper libraries
checking ../../../parse.y and ../../../ext/ripper/eventids2.c
make[2]: Leaving directory '/cheruby-purecap/src/output/rootfs-riscv64-purecap/research/ruby-3.4.1/build/ext/ripper'
make[2]: Entering directory '/cheruby-purecap/src/output/rootfs-riscv64-purecap/research/ruby-3.4.1/build/ext/rubyvm'
installing default libraries
make[2]: Leaving directory '/cheruby-purecap/src/output/rootfs-riscv64-purecap/research/ruby-3.4.1/build/ext/rubyvm'
make[2]: Entering directory '/cheruby-purecap/src/output/rootfs-riscv64-purecap/research/ruby-3.4.1/build/ext/socket'
compiling ../../../ext/socket/init.c
compiling ../../../ext/socket/constants.c
compiling ../../../ext/socket/basicsocket.c
compiling ../../../ext/socket/socket.c
../../../ext/socket/socket.c:31:32: warning: format specifies type 'long' but the argument has type 'VALUE' (aka 'unsigned __intcap') [-Wformat]
                         mesg, host, port);
                               ^~~~
../../../ext/socket/socket.c:31:38: warning: format specifies type 'long' but the argument has type 'VALUE' (aka 'unsigned __intcap') [-Wformat]
                         mesg, host, port);
                                     ^~~~
../../../ext/socket/socket.c:52:60: warning: format specifies type 'long' but the argument has type 'VALUE' (aka 'unsigned __intcap') [-Wformat]
        message = rb_sprintf("%s for % "PRIsVALUE"", mesg, path);
                                     ~~~~~~~~~~~~          ^~~~
../../../ext/socket/socket.c:88:55: warning: format specifies type 'long' but the argument has type 'VALUE' (aka 'unsigned __intcap') [-Wformat]
    message = rb_sprintf("%s for %"PRIsVALUE"", mesg, str);
                                 ~~~~~~~~~~~          ^~~
4 warnings generated.
compiling ../../../ext/socket/ipsocket.c
compiling ../../../ext/socket/tcpsocket.c
compiling ../../../ext/socket/tcpserver.c
compiling ../../../ext/socket/sockssocket.c
compiling ../../../ext/socket/udpsocket.c
compiling ../../../ext/socket/unixsocket.c
compiling ../../../ext/socket/unixserver.c
compiling ../../../ext/socket/option.c
../../../ext/socket/option.c:1252:45: warning: format specifies type 'long' but the argument has type 'VALUE' (aka 'unsigned __intcap') [-Wformat]
            rb_str_catf(ret, " %"PRIsVALUE, rb_sym2str(v));
                               ~~~~~~~~~~~  ^~~~~~~~~~~~~
1 warning generated.
compiling ../../../ext/socket/ancdata.c
../../../ext/socket/ancdata.c:1000:45: warning: format specifies type 'long' but the argument has type 'VALUE' (aka 'unsigned __intcap') [-Wformat]
            rb_str_catf(ret, " %"PRIsVALUE, rb_sym2str(vtype));
                               ~~~~~~~~~~~  ^~~~~~~~~~~~~~~~~
../../../ext/socket/ancdata.c:1359:12: warning: cast from provenance-free integer type to pointer type will give pointer that can not be dereferenced [-Wcheri-capability-misuse]
    return (void *)rsock_recvmsg(args->fd, args->msg, flags);
           ^
2 warnings generated.
compiling ../../../ext/socket/raddrinfo.c
compiling ../../../ext/socket/ifaddr.c
linking shared-object socket.so
installing default socket libraries
make[2]: Leaving directory '/cheruby-purecap/src/output/rootfs-riscv64-purecap/research/ruby-3.4.1/build/ext/socket'
make[2]: Entering directory '/cheruby-purecap/src/output/rootfs-riscv64-purecap/research/ruby-3.4.1/build/ext/stringio'
compiling ../../../ext/stringio/stringio.c
../../../ext/stringio/stringio.c:376:3: warning: format specifies type 'long' but the argument has type 'VALUE' (aka 'unsigned __intcap') [-Wformat]
                cname, cname);
                ^~~~~
../../../ext/stringio/stringio.c:376:10: warning: format specifies type 'long' but the argument has type 'VALUE' (aka 'unsigned __intcap') [-Wformat]
                cname, cname);
                       ^~~~~
../../../ext/stringio/stringio.c:1650:80: warning: format specifies type 'long' but the argument has type 'VALUE' (aka 'unsigned __intcap') [-Wformat]
        rb_raise(rb_eArgError, "negative string size (or size too big): %" PRIsVALUE, rb_len);
                                                                        ~~~~~~~~~~~~  ^~~~~~
../../../ext/stringio/stringio.c:1661:87: warning: format specifies type 'long' but the argument has type 'VALUE' (aka 'unsigned __intcap') [-Wformat]
        rb_syserr_fail_str(EINVAL, rb_sprintf("pread: Invalid offset argument: %" PRIsVALUE, rb_offset));
                                                                               ~~~~~~~~~~~~  ^~~~~~~~~
4 warnings generated.
linking shared-object stringio.so
make[2]: Leaving directory '/cheruby-purecap/src/output/rootfs-riscv64-purecap/research/ruby-3.4.1/build/ext/stringio'
make[2]: Entering directory '/cheruby-purecap/src/output/rootfs-riscv64-purecap/research/ruby-3.4.1/build/ext/strscan'
compiling ../../../ext/strscan/strscan.c
../../../ext/strscan/strscan.c:2113:52: warning: format specifies type 'long' but the argument has type 'VALUE' (aka 'unsigned __intcap') [-Wformat]
        a = rb_sprintf("#<%"PRIsVALUE" (uninitialized)>", rb_obj_class(self));
                          ~~~~~~~~~~~                     ^~~~~~~~~~~~~~~~~~
../../../ext/strscan/strscan.c:2117:40: warning: format specifies type 'long' but the argument has type 'VALUE' (aka 'unsigned __intcap') [-Wformat]
        a = rb_sprintf("#<%"PRIsVALUE" fin>", rb_obj_class(self));
                          ~~~~~~~~~~~         ^~~~~~~~~~~~~~~~~~
../../../ext/strscan/strscan.c:2123:10: warning: format specifies type 'long' but the argument has type 'VALUE' (aka 'unsigned __intcap') [-Wformat]
                       rb_obj_class(self),
                       ^~~~~~~~~~~~~~~~~~
../../../ext/strscan/strscan.c:2125:10: warning: format specifies type 'long' but the argument has type 'VALUE' (aka 'unsigned __intcap') [-Wformat]
                       b);
                       ^
../../../ext/strscan/strscan.c:2131:6: warning: format specifies type 'long' but the argument has type 'VALUE' (aka 'unsigned __intcap') [-Wformat]
                   rb_obj_class(self),
                   ^~~~~~~~~~~~~~~~~~
../../../ext/strscan/strscan.c:2133:6: warning: format specifies type 'long' but the argument has type 'VALUE' (aka 'unsigned __intcap') [-Wformat]
                   a, b);
                   ^
../../../ext/strscan/strscan.c:2133:9: warning: format specifies type 'long' but the argument has type 'VALUE' (aka 'unsigned __intcap') [-Wformat]
                   a, b);
                      ^
7 warnings generated.
linking shared-object strscan.so
installing default strscan libraries
make[2]: Leaving directory '/cheruby-purecap/src/output/rootfs-riscv64-purecap/research/ruby-3.4.1/build/ext/strscan'
make[2]: Entering directory '/cheruby-purecap/src/output/rootfs-riscv64-purecap/research/ruby-3.4.1/build/ext/zlib'
compiling ../../../ext/zlib/zlib.c
linking shared-object zlib.so
make[2]: Leaving directory '/cheruby-purecap/src/output/rootfs-riscv64-purecap/research/ruby-3.4.1/build/ext/zlib'
make[2]: Entering directory '/cheruby-purecap/src/output/rootfs-riscv64-purecap/research/ruby-3.4.1/build/.bundle/gems/bigdecimal-3.1.8/ext/bigdecimal'
compiling ../../../../../../.bundle/gems/bigdecimal-3.1.8/ext/bigdecimal/bigdecimal.c
../../../../../../.bundle/gems/bigdecimal-3.1.8/ext/bigdecimal/bigdecimal.c:872:68: warning: format specifies type 'long' but the argument has type 'VALUE' (aka 'unsigned __intcap') [-Wformat]
    rb_raise(rb_eArgError, "invalid rounding mode (%"PRIsVALUE")", mode);
                                                   ~~~~~~~~~~~     ^~~~
../../../../../../.bundle/gems/bigdecimal-3.1.8/ext/bigdecimal/bigdecimal.c:891:72: warning: format specifies type 'long' but the argument has type 'VALUE' (aka 'unsigned __intcap') [-Wformat]
        rb_raise(rb_eArgError, "invalid rounding mode (%"PRIsVALUE")", v);
                                                       ~~~~~~~~~~~     ^
../../../../../../.bundle/gems/bigdecimal-3.1.8/ext/bigdecimal/bigdecimal.c:896:76: warning: format specifies type 'long' but the argument has type 'VALUE' (aka 'unsigned __intcap') [-Wformat]
            rb_raise(rb_eArgError, "invalid rounding mode (%"PRIsVALUE")", v);
                                                           ~~~~~~~~~~~     ^
../../../../../../.bundle/gems/bigdecimal-3.1.8/ext/bigdecimal/bigdecimal.c:3091:4: warning: format specifies type 'long' but the argument has type 'VALUE' (aka 'unsigned __intcap') [-Wformat]
                 RB_OBJ_CLASSNAME(vexp));
                 ^~~~~~~~~~~~~~~~~~~~~~
../../../../../../.bundle/gems/bigdecimal-3.1.8/ext/bigdecimal/bigdecimal.c:104:32: note: expanded from macro 'RB_OBJ_CLASSNAME'
# define RB_OBJ_CLASSNAME(obj) rb_obj_class(obj)
                               ^~~~~~~~~~~~~~~~~
../../../../../../.bundle/gems/bigdecimal-3.1.8/ext/bigdecimal/bigdecimal.c:3464:18: warning: format specifies type 'long' but the argument has type 'VALUE' (aka 'unsigned __intcap') [-Wformat]
                 CLASS_OF(val));
                 ^~~~~~~~~~~~~
../../../../../../include/ruby/internal/globals.h:203:18: note: expanded from macro 'CLASS_OF'
#define CLASS_OF rb_class_of /**< @old{rb_class_of} */
                 ^
../../../../../../.bundle/gems/bigdecimal-3.1.8/ext/bigdecimal/bigdecimal.c:3599:18: warning: format specifies type 'long' but the argument has type 'VALUE' (aka 'unsigned __intcap') [-Wformat]
                 CLASS_OF(val));
                 ^~~~~~~~~~~~~
../../../../../../include/ruby/internal/globals.h:203:18: note: expanded from macro 'CLASS_OF'
#define CLASS_OF rb_class_of /**< @old{rb_class_of} */
                 ^
../../../../../../.bundle/gems/bigdecimal-3.1.8/ext/bigdecimal/bigdecimal.c:3689:68: warning: format specifies type 'long' but the argument has type 'VALUE' (aka 'unsigned __intcap') [-Wformat]
                     "can't convert %"PRIsVALUE" into BigDecimal", rb_obj_class(val));
                                    ~~~~~~~~~~~                    ^~~~~~~~~~~~~~~~~
../../../../../../.bundle/gems/bigdecimal-3.1.8/ext/bigdecimal/bigdecimal.c:5470:84: warning: format specifies type 'long' but the argument has type 'VALUE' (aka 'unsigned __intcap') [-Wformat]
        rb_raise(rb_eArgError, "invalid value for BigDecimal(): \"%"PRIsVALUE"\"", str);
                                                                  ~~~~~~~~~~~      ^~~
8 warnings generated.
compiling ../../../../../../.bundle/gems/bigdecimal-3.1.8/ext/bigdecimal/missing.c
linking shared-object bigdecimal.so
ln -sfT ../../../../.bundle/gems/bigdecimal-3.1.8/lib ../../../../../.bundle/gems/bigdecimal-3.1.8/lib
make[2]: Leaving directory '/cheruby-purecap/src/output/rootfs-riscv64-purecap/research/ruby-3.4.1/build/.bundle/gems/bigdecimal-3.1.8/ext/bigdecimal'
make[2]: Entering directory '/cheruby-purecap/src/output/rootfs-riscv64-purecap/research/ruby-3.4.1/build/.bundle/gems/debug-1.10.0/ext/debug'
compiling ../../../../../../.bundle/gems/debug-1.10.0/ext/debug/debug.c
compiling ../../../../../../.bundle/gems/debug-1.10.0/ext/debug/iseq_collector.c
linking shared-object debug/debug.so
ln -sfT ../../../../.bundle/gems/debug-1.10.0/lib ../../../../../.bundle/gems/debug-1.10.0/lib
make[2]: Leaving directory '/cheruby-purecap/src/output/rootfs-riscv64-purecap/research/ruby-3.4.1/build/.bundle/gems/debug-1.10.0/ext/debug'
make[2]: Entering directory '/cheruby-purecap/src/output/rootfs-riscv64-purecap/research/ruby-3.4.1/build/.bundle/gems/nkf-0.2.0/ext/nkf'
compiling ../../../../../../.bundle/gems/nkf-0.2.0/ext/nkf/nkf.c
linking shared-object nkf.so
ln -sfT ../../../../.bundle/gems/nkf-0.2.0/lib ../../../../../.bundle/gems/nkf-0.2.0/lib
make[2]: Leaving directory '/cheruby-purecap/src/output/rootfs-riscv64-purecap/research/ruby-3.4.1/build/.bundle/gems/nkf-0.2.0/ext/nkf'
make[2]: Entering directory '/cheruby-purecap/src/output/rootfs-riscv64-purecap/research/ruby-3.4.1/build/.bundle/gems/racc-1.8.1/ext/racc/cparse'
compiling ../../../../../../../.bundle/gems/racc-1.8.1/ext/racc/cparse/cparse.c
../../../../../../../.bundle/gems/racc-1.8.1/ext/racc/cparse/cparse.c:427:18: warning: format specifies type 'long' but the argument has type 'VALUE' (aka 'unsigned __intcap') [-Wformat]
                 rb_obj_class(block_args));
                 ^~~~~~~~~~~~~~~~~~~~~~~~
1 warning generated.
linking shared-object racc/cparse.so
ln -sfT ../../../../.bundle/gems/racc-1.8.1/lib ../../../../../../.bundle/gems/racc-1.8.1/lib
make[2]: Leaving directory '/cheruby-purecap/src/output/rootfs-riscv64-purecap/research/ruby-3.4.1/build/.bundle/gems/racc-1.8.1/ext/racc/cparse'
make[2]: Entering directory '/cheruby-purecap/src/output/rootfs-riscv64-purecap/research/ruby-3.4.1/build/.bundle/gems/rbs-3.8.0/ext/rbs_extension'
compiling ../../../../../../.bundle/gems/rbs-3.8.0/ext/rbs_extension/../../src/constants.c
compiling ../../../../../../.bundle/gems/rbs-3.8.0/ext/rbs_extension/../../src/ruby_objs.c
compiling ../../../../../../.bundle/gems/rbs-3.8.0/ext/rbs_extension/lexer.c
compiling ../../../../../../.bundle/gems/rbs-3.8.0/ext/rbs_extension/lexstate.c
compiling ../../../../../../.bundle/gems/rbs-3.8.0/ext/rbs_extension/location.c
compiling ../../../../../../.bundle/gems/rbs-3.8.0/ext/rbs_extension/main.c
compiling ../../../../../../.bundle/gems/rbs-3.8.0/ext/rbs_extension/parser.c
../../../../../../.bundle/gems/rbs-3.8.0/ext/rbs_extension/parser.c:214:7: warning: format specifies type 'long' but the argument has type 'VALUE' (aka 'unsigned __intcap') [-Wformat]
      string
      ^~~~~~
1 warning generated.
compiling ../../../../../../.bundle/gems/rbs-3.8.0/ext/rbs_extension/parserstate.c
../../../../../../.bundle/gems/rbs-3.8.0/ext/rbs_extension/parserstate.c:345:16: warning: format specifies type 'long' but the argument has type 'VALUE' (aka 'unsigned __intcap') [-Wformat]
               rb_obj_class(variables));
               ^~~~~~~~~~~~~~~~~~~~~~~
1 warning generated.
compiling ../../../../../../.bundle/gems/rbs-3.8.0/ext/rbs_extension/unescape.c
linking shared-object rbs_extension.so
ln -sfT ../../../../.bundle/gems/rbs-3.8.0/lib ../../../../../.bundle/gems/rbs-3.8.0/lib
make[2]: Leaving directory '/cheruby-purecap/src/output/rootfs-riscv64-purecap/research/ruby-3.4.1/build/.bundle/gems/rbs-3.8.0/ext/rbs_extension'
make[2]: Entering directory '/cheruby-purecap/src/output/rootfs-riscv64-purecap/research/ruby-3.4.1/build/.bundle/gems/syslog-0.2.0/ext/syslog'
compiling ../../../../../../.bundle/gems/syslog-0.2.0/ext/syslog/syslog.c
../../../../../../.bundle/gems/syslog-0.2.0/ext/syslog/syslog.c:312:70: warning: format specifies type 'long' but the argument has type 'VALUE' (aka 'unsigned __intcap') [-Wformat]
        rb_raise(rb_eTypeError, "type mismatch: %"PRIsVALUE" given", rb_obj_class(pri));
                                                ~~~~~~~~~~~          ^~~~~~~~~~~~~~~~~
../../../../../../.bundle/gems/syslog-0.2.0/ext/syslog/syslog.c:327:60: warning: format specifies type 'long' but the argument has type 'VALUE' (aka 'unsigned __intcap') [-Wformat]
        return rb_sprintf("<#%"PRIsVALUE": opened=false>", self);
                             ~~~~~~~~~~~                   ^~~~
../../../../../../.bundle/gems/syslog-0.2.0/ext/syslog/syslog.c:330:23: warning: format specifies type 'long' but the argument has type 'VALUE' (aka 'unsigned __intcap') [-Wformat]
                      self,
                      ^~~~
3 warnings generated.
linking shared-object syslog_ext.so
ln -sfT ../../../../.bundle/gems/syslog-0.2.0/lib ../../../../../.bundle/gems/syslog-0.2.0/lib
make[2]: Leaving directory '/cheruby-purecap/src/output/rootfs-riscv64-purecap/research/ruby-3.4.1/build/.bundle/gems/syslog-0.2.0/ext/syslog'
make[2]: Entering directory '/cheruby-purecap/src/output/rootfs-riscv64-purecap/research/ruby-3.4.1/build'
file2lastrev.rb: does not seem to be under a vcs: .
../revision.h unchanged
generating riscv64-freebsd-fake.rb
riscv64-freebsd-fake.rb updated
linking ruby
make[2]: Leaving directory '/cheruby-purecap/src/output/rootfs-riscv64-purecap/research/ruby-3.4.1/build'
make[1]: Leaving directory '/cheruby-purecap/src/output/rootfs-riscv64-purecap/research/ruby-3.4.1/build'
make[1]: Entering directory '/cheruby-purecap/src/output/rootfs-riscv64-purecap/research/ruby-3.4.1/build'
*** Following extensions are not compiled:
fiddle:
	Could not be configured. It will not be installed.
	/cheruby-purecap/src/output/rootfs-riscv64-purecap/research/ruby-3.4.1/ext/fiddle/extconf.rb:86: missing libffi. Please install libffi or use --with-libffi-source-dir with libffi source location.
	Check ext/fiddle/mkmf.log for more details.
psych:
	Could not be configured. It will not be installed.
	Check ext/psych/mkmf.log for more details.
*** Fix the problems, then remove these directories and try again if you want.
make[1]: Leaving directory '/cheruby-purecap/src/output/rootfs-riscv64-purecap/research/ruby-3.4.1/build'
making enc
make[1]: Entering directory '/cheruby-purecap/src/output/rootfs-riscv64-purecap/research/ruby-3.4.1/build'
compiling ../enc/encdb.c
linking encoding encdb.so
compiling ../enc/big5.c
linking encoding big5.so
compiling ../enc/cesu_8.c
linking encoding cesu_8.so
compiling ../enc/cp949.c
linking encoding cp949.so
compiling ../enc/emacs_mule.c
linking encoding emacs_mule.so
compiling ../enc/euc_jp.c
linking encoding euc_jp.so
compiling ../enc/euc_kr.c
linking encoding euc_kr.so
compiling ../enc/euc_tw.c
linking encoding euc_tw.so
compiling ../enc/gb2312.c
linking encoding gb2312.so
compiling ../enc/gb18030.c
linking encoding gb18030.so
compiling ../enc/gbk.c
linking encoding gbk.so
compiling ../enc/iso_8859_1.c
linking encoding iso_8859_1.so
compiling ../enc/iso_8859_2.c
linking encoding iso_8859_2.so
compiling ../enc/iso_8859_3.c
linking encoding iso_8859_3.so
compiling ../enc/iso_8859_4.c
linking encoding iso_8859_4.so
compiling ../enc/iso_8859_5.c
linking encoding iso_8859_5.so
compiling ../enc/iso_8859_6.c
linking encoding iso_8859_6.so
compiling ../enc/iso_8859_7.c
linking encoding iso_8859_7.so
compiling ../enc/iso_8859_8.c
linking encoding iso_8859_8.so
compiling ../enc/iso_8859_9.c
linking encoding iso_8859_9.so
compiling ../enc/iso_8859_10.c
linking encoding iso_8859_10.so
compiling ../enc/iso_8859_11.c
linking encoding iso_8859_11.so
compiling ../enc/iso_8859_13.c
linking encoding iso_8859_13.so
compiling ../enc/iso_8859_14.c
linking encoding iso_8859_14.so
compiling ../enc/iso_8859_15.c
linking encoding iso_8859_15.so
compiling ../enc/iso_8859_16.c
linking encoding iso_8859_16.so
compiling ../enc/koi8_r.c
linking encoding koi8_r.so
compiling ../enc/koi8_u.c
linking encoding koi8_u.so
compiling ../enc/shift_jis.c
linking encoding shift_jis.so
compiling ../enc/utf_16be.c
linking encoding utf_16be.so
compiling ../enc/utf_16le.c
linking encoding utf_16le.so
compiling ../enc/utf_32be.c
linking encoding utf_32be.so
compiling ../enc/utf_32le.c
linking encoding utf_32le.so
compiling ../enc/windows_31j.c
linking encoding windows_31j.so
compiling ../enc/windows_1250.c
linking encoding windows_1250.so
compiling ../enc/windows_1251.c
linking encoding windows_1251.so
compiling ../enc/windows_1252.c
linking encoding windows_1252.so
compiling ../enc/windows_1253.c
linking encoding windows_1253.so
compiling ../enc/windows_1254.c
linking encoding windows_1254.so
compiling ../enc/windows_1257.c
linking encoding windows_1257.so
make[1]: Leaving directory '/cheruby-purecap/src/output/rootfs-riscv64-purecap/research/ruby-3.4.1/build'
making trans
make[1]: Entering directory '/cheruby-purecap/src/output/rootfs-riscv64-purecap/research/ruby-3.4.1/build'
compiling ../enc/trans/transdb.c
linking transcoder transdb.so
compiling ../enc/trans/big5.c
linking transcoder big5.so
compiling ../enc/trans/cesu_8.c
linking transcoder cesu_8.so
compiling ../enc/trans/chinese.c
linking transcoder chinese.so
compiling ../enc/trans/ebcdic.c
linking transcoder ebcdic.so
compiling ../enc/trans/emoji.c
linking transcoder emoji.so
compiling ../enc/trans/emoji_iso2022_kddi.c
linking transcoder emoji_iso2022_kddi.so
compiling ../enc/trans/emoji_sjis_docomo.c
linking transcoder emoji_sjis_docomo.so
compiling ../enc/trans/emoji_sjis_kddi.c
linking transcoder emoji_sjis_kddi.so
compiling ../enc/trans/emoji_sjis_softbank.c
linking transcoder emoji_sjis_softbank.so
compiling ../enc/trans/escape.c
linking transcoder escape.so
compiling ../enc/trans/gb18030.c
linking transcoder gb18030.so
compiling ../enc/trans/gbk.c
linking transcoder gbk.so
compiling ../enc/trans/iso2022.c
linking transcoder iso2022.so
compiling ../enc/trans/japanese.c
linking transcoder japanese.so
compiling ../enc/trans/japanese_euc.c
linking transcoder japanese_euc.so
compiling ../enc/trans/japanese_sjis.c
linking transcoder japanese_sjis.so
compiling ../enc/trans/korean.c
linking transcoder korean.so
compiling ../enc/trans/single_byte.c
linking transcoder single_byte.so
compiling ../enc/trans/utf8_mac.c
linking transcoder utf8_mac.so
compiling ../enc/trans/utf_16_32.c
linking transcoder utf_16_32.so
make[1]: Leaving directory '/cheruby-purecap/src/output/rootfs-riscv64-purecap/research/ruby-3.4.1/build'
making encs
make[1]: Entering directory '/cheruby-purecap/src/output/rootfs-riscv64-purecap/research/ruby-3.4.1/build'
make[1]: Nothing to be done for 'encs'.
make[1]: Leaving directory '/cheruby-purecap/src/output/rootfs-riscv64-purecap/research/ruby-3.4.1/build'
